0.000000e+00 0.000000e+00 0.000000e+00 5.000000e+00 0.000000e+00 5.000000e+00 0.000000e+00 5.000000e+00 
1.000000e-05 1.000000e-05 1.000000e-05 5.000000e+00 1.000000e-05 5.000000e+00 1.000000e-05 5.000000e+00 
2.000000e-05 2.000000e-05 2.000000e-05 5.000000e+00 2.000000e-05 5.000000e+00 2.000000e-05 5.000000e+00 
4.000000e-05 4.000000e-05 4.000000e-05 5.000000e+00 4.000000e-05 5.000000e+00 4.000000e-05 5.000000e+00 
8.000000e-05 8.000000e-05 8.000000e-05 5.000000e+00 8.000000e-05 5.000000e+00 8.000000e-05 5.000000e+00 
1.600000e-04 1.600000e-04 1.600000e-04 5.000000e+00 1.600000e-04 5.000000e+00 1.600000e-04 5.000000e+00 
3.200000e-04 3.200000e-04 3.200000e-04 5.000000e+00 3.200000e-04 5.000000e+00 3.200000e-04 5.000000e+00 
6.400000e-04 6.400000e-04 6.400000e-04 5.000000e+00 6.400000e-04 5.000000e+00 6.400000e-04 5.000000e+00 
1.280000e-03 1.280000e-03 1.280000e-03 5.000000e+00 1.280000e-03 5.000000e+00 1.280000e-03 5.000000e+00 
2.280000e-03 2.280000e-03 2.280000e-03 5.000000e+00 2.280000e-03 5.000000e+00 2.280000e-03 5.000000e+00 
3.280000e-03 3.280000e-03 3.280000e-03 5.000000e+00 3.280000e-03 5.000000e+00 3.280000e-03 5.000000e+00 
4.280000e-03 4.280000e-03 4.280000e-03 5.000000e+00 4.280000e-03 5.000000e+00 4.280000e-03 5.000000e+00 
5.280000e-03 5.280000e-03 5.280000e-03 5.000000e+00 5.280000e-03 5.000000e+00 5.280000e-03 5.000000e+00 
6.280000e-03 6.280000e-03 6.280000e-03 5.000000e+00 6.280000e-03 5.000000e+00 6.280000e-03 5.000000e+00 
7.280000e-03 7.280000e-03 7.280000e-03 5.000000e+00 7.280000e-03 5.000000e+00 7.280000e-03 5.000000e+00 
8.280000e-03 8.280000e-03 8.280000e-03 5.000000e+00 8.280000e-03 5.000000e+00 8.280000e-03 5.000000e+00 
9.280000e-03 9.280000e-03 9.280000e-03 5.000000e+00 9.280000e-03 5.000000e+00 9.280000e-03 5.000000e+00 
1.028000e-02 1.028000e-02 1.028000e-02 5.000000e+00 1.028000e-02 5.000000e+00 1.028000e-02 5.000000e+00 
1.128000e-02 1.128000e-02 1.128000e-02 5.000000e+00 1.128000e-02 5.000000e+00 1.128000e-02 5.000000e+00 
1.228000e-02 1.228000e-02 1.228000e-02 5.000000e+00 1.228000e-02 5.000000e+00 1.228000e-02 5.000000e+00 
1.328000e-02 1.328000e-02 1.328000e-02 5.000000e+00 1.328000e-02 5.000000e+00 1.328000e-02 5.000000e+00 
1.428000e-02 1.428000e-02 1.428000e-02 5.000000e+00 1.428000e-02 5.000000e+00 1.428000e-02 5.000000e+00 
1.528000e-02 1.528000e-02 1.528000e-02 5.000000e+00 1.528000e-02 5.000000e+00 1.528000e-02 5.000000e+00 
1.628000e-02 1.628000e-02 1.628000e-02 5.000000e+00 1.628000e-02 5.000000e+00 1.628000e-02 5.000000e+00 
1.728000e-02 1.728000e-02 1.728000e-02 5.000000e+00 1.728000e-02 5.000000e+00 1.728000e-02 5.000000e+00 
1.828000e-02 1.828000e-02 1.828000e-02 5.000000e+00 1.828000e-02 5.000000e+00 1.828000e-02 5.000000e+00 
1.928000e-02 1.928000e-02 1.928000e-02 5.000000e+00 1.928000e-02 5.000000e+00 1.928000e-02 5.000000e+00 
2.028000e-02 2.028000e-02 2.028000e-02 5.000000e+00 2.028000e-02 5.000000e+00 2.028000e-02 5.000000e+00 
2.128000e-02 2.128000e-02 2.128000e-02 5.000000e+00 2.128000e-02 5.000000e+00 2.128000e-02 5.000000e+00 
2.228000e-02 2.228000e-02 2.228000e-02 5.000000e+00 2.228000e-02 5.000000e+00 2.228000e-02 5.000000e+00 
2.328000e-02 2.328000e-02 2.328000e-02 5.000000e+00 2.328000e-02 5.000000e+00 2.328000e-02 5.000000e+00 
2.428000e-02 2.428000e-02 2.428000e-02 5.000000e+00 2.428000e-02 5.000000e+00 2.428000e-02 5.000000e+00 
2.528000e-02 2.528000e-02 2.528000e-02 5.000000e+00 2.528000e-02 5.000000e+00 2.528000e-02 5.000000e+00 
2.628000e-02 2.628000e-02 2.628000e-02 5.000000e+00 2.628000e-02 5.000000e+00 2.628000e-02 5.000000e+00 
2.728000e-02 2.728000e-02 2.728000e-02 5.000000e+00 2.728000e-02 5.000000e+00 2.728000e-02 5.000000e+00 
2.828000e-02 2.828000e-02 2.828000e-02 5.000000e+00 2.828000e-02 5.000000e+00 2.828000e-02 5.000000e+00 
2.928000e-02 2.928000e-02 2.928000e-02 5.000000e+00 2.928000e-02 5.000000e+00 2.928000e-02 5.000000e+00 
3.028000e-02 3.028000e-02 3.028000e-02 5.000000e+00 3.028000e-02 5.000000e+00 3.028000e-02 5.000000e+00 
3.128000e-02 3.128000e-02 3.128000e-02 5.000000e+00 3.128000e-02 5.000000e+00 3.128000e-02 5.000000e+00 
3.228000e-02 3.228000e-02 3.228000e-02 5.000000e+00 3.228000e-02 5.000000e+00 3.228000e-02 5.000000e+00 
3.328000e-02 3.328000e-02 3.328000e-02 5.000000e+00 3.328000e-02 5.000000e+00 3.328000e-02 5.000000e+00 
3.428000e-02 3.428000e-02 3.428000e-02 5.000000e+00 3.428000e-02 5.000000e+00 3.428000e-02 5.000000e+00 
3.528000e-02 3.528000e-02 3.528000e-02 5.000000e+00 3.528000e-02 5.000000e+00 3.528000e-02 5.000000e+00 
3.628000e-02 3.628000e-02 3.628000e-02 5.000000e+00 3.628000e-02 5.000000e+00 3.628000e-02 5.000000e+00 
3.728000e-02 3.728000e-02 3.728000e-02 5.000000e+00 3.728000e-02 5.000000e+00 3.728000e-02 5.000000e+00 
3.828000e-02 3.828000e-02 3.828000e-02 5.000000e+00 3.828000e-02 5.000000e+00 3.828000e-02 5.000000e+00 
3.928000e-02 3.928000e-02 3.928000e-02 5.000000e+00 3.928000e-02 5.000000e+00 3.928000e-02 5.000000e+00 
4.028000e-02 4.028000e-02 4.028000e-02 5.000000e+00 4.028000e-02 5.000000e+00 4.028000e-02 5.000000e+00 
4.128000e-02 4.128000e-02 4.128000e-02 5.000000e+00 4.128000e-02 5.000000e+00 4.128000e-02 5.000000e+00 
4.228000e-02 4.228000e-02 4.228000e-02 5.000000e+00 4.228000e-02 5.000000e+00 4.228000e-02 5.000000e+00 
4.328000e-02 4.328000e-02 4.328000e-02 5.000000e+00 4.328000e-02 5.000000e+00 4.328000e-02 5.000000e+00 
4.428000e-02 4.428000e-02 4.428000e-02 5.000000e+00 4.428000e-02 5.000000e+00 4.428000e-02 5.000000e+00 
4.528000e-02 4.528000e-02 4.528000e-02 5.000000e+00 4.528000e-02 5.000000e+00 4.528000e-02 5.000000e+00 
4.628000e-02 4.628000e-02 4.628000e-02 5.000000e+00 4.628000e-02 5.000000e+00 4.628000e-02 5.000000e+00 
4.728000e-02 4.728000e-02 4.728000e-02 5.000000e+00 4.728000e-02 5.000000e+00 4.728000e-02 5.000000e+00 
4.828000e-02 4.828000e-02 4.828000e-02 5.000000e+00 4.828000e-02 5.000000e+00 4.828000e-02 5.000000e+00 
4.928000e-02 4.928000e-02 4.928000e-02 5.000000e+00 4.928000e-02 5.000000e+00 4.928000e-02 5.000000e+00 
5.028000e-02 5.028000e-02 5.028000e-02 5.000000e+00 5.028000e-02 5.000000e+00 5.028000e-02 5.000000e+00 
5.128000e-02 5.128000e-02 5.128000e-02 5.000000e+00 5.128000e-02 5.000000e+00 5.128000e-02 5.000000e+00 
5.228000e-02 5.228000e-02 5.228000e-02 5.000000e+00 5.228000e-02 5.000000e+00 5.228000e-02 5.000000e+00 
5.328000e-02 5.328000e-02 5.328000e-02 5.000000e+00 5.328000e-02 5.000000e+00 5.328000e-02 5.000000e+00 
5.428000e-02 5.428000e-02 5.428000e-02 5.000000e+00 5.428000e-02 5.000000e+00 5.428000e-02 5.000000e+00 
5.528000e-02 5.528000e-02 5.528000e-02 5.000000e+00 5.528000e-02 5.000000e+00 5.528000e-02 5.000000e+00 
5.628000e-02 5.628000e-02 5.628000e-02 5.000000e+00 5.628000e-02 5.000000e+00 5.628000e-02 5.000000e+00 
5.728000e-02 5.728000e-02 5.728000e-02 5.000000e+00 5.728000e-02 5.000000e+00 5.728000e-02 5.000000e+00 
5.828000e-02 5.828000e-02 5.828000e-02 5.000000e+00 5.828000e-02 5.000000e+00 5.828000e-02 5.000000e+00 
5.928000e-02 5.928000e-02 5.928000e-02 5.000000e+00 5.928000e-02 5.000000e+00 5.928000e-02 5.000000e+00 
6.028000e-02 6.028000e-02 6.028000e-02 5.000000e+00 6.028000e-02 5.000000e+00 6.028000e-02 5.000000e+00 
6.128000e-02 6.128000e-02 6.128000e-02 5.000000e+00 6.128000e-02 5.000000e+00 6.128000e-02 5.000000e+00 
6.228000e-02 6.228000e-02 6.228000e-02 5.000000e+00 6.228000e-02 5.000000e+00 6.228000e-02 5.000000e+00 
6.328000e-02 6.328000e-02 6.328000e-02 5.000000e+00 6.328000e-02 5.000000e+00 6.328000e-02 5.000000e+00 
6.428000e-02 6.428000e-02 6.428000e-02 5.000000e+00 6.428000e-02 5.000000e+00 6.428000e-02 5.000000e+00 
6.528000e-02 6.528000e-02 6.528000e-02 5.000000e+00 6.528000e-02 5.000000e+00 6.528000e-02 5.000000e+00 
6.628000e-02 6.628000e-02 6.628000e-02 5.000000e+00 6.628000e-02 5.000000e+00 6.628000e-02 5.000000e+00 
6.728000e-02 6.728000e-02 6.728000e-02 5.000000e+00 6.728000e-02 5.000000e+00 6.728000e-02 5.000000e+00 
6.828000e-02 6.828000e-02 6.828000e-02 5.000000e+00 6.828000e-02 5.000000e+00 6.828000e-02 5.000000e+00 
6.928000e-02 6.928000e-02 6.928000e-02 5.000000e+00 6.928000e-02 5.000000e+00 6.928000e-02 5.000000e+00 
7.028000e-02 7.028000e-02 7.028000e-02 5.000000e+00 7.028000e-02 5.000000e+00 7.028000e-02 5.000000e+00 
7.128000e-02 7.128000e-02 7.128000e-02 5.000000e+00 7.128000e-02 5.000000e+00 7.128000e-02 5.000000e+00 
7.228000e-02 7.228000e-02 7.228000e-02 5.000000e+00 7.228000e-02 5.000000e+00 7.228000e-02 5.000000e+00 
7.328000e-02 7.328000e-02 7.328000e-02 5.000000e+00 7.328000e-02 5.000000e+00 7.328000e-02 5.000000e+00 
7.428000e-02 7.428000e-02 7.428000e-02 5.000000e+00 7.428000e-02 5.000000e+00 7.428000e-02 5.000000e+00 
7.528000e-02 7.528000e-02 7.528000e-02 5.000000e+00 7.528000e-02 5.000000e+00 7.528000e-02 5.000000e+00 
7.628000e-02 7.628000e-02 7.628000e-02 5.000000e+00 7.628000e-02 5.000000e+00 7.628000e-02 5.000000e+00 
7.728000e-02 7.728000e-02 7.728000e-02 5.000000e+00 7.728000e-02 5.000000e+00 7.728000e-02 5.000000e+00 
7.828000e-02 7.828000e-02 7.828000e-02 5.000000e+00 7.828000e-02 5.000000e+00 7.828000e-02 5.000000e+00 
7.928000e-02 7.928000e-02 7.928000e-02 5.000000e+00 7.928000e-02 5.000000e+00 7.928000e-02 5.000000e+00 
8.028000e-02 8.028000e-02 8.028000e-02 5.000000e+00 8.028000e-02 5.000000e+00 8.028000e-02 5.000000e+00 
8.128000e-02 8.128000e-02 8.128000e-02 5.000000e+00 8.128000e-02 5.000000e+00 8.128000e-02 5.000000e+00 
8.228000e-02 8.228000e-02 8.228000e-02 5.000000e+00 8.228000e-02 5.000000e+00 8.228000e-02 5.000000e+00 
8.328000e-02 8.328000e-02 8.328000e-02 5.000000e+00 8.328000e-02 5.000000e+00 8.328000e-02 5.000000e+00 
8.428000e-02 8.428000e-02 8.428000e-02 5.000000e+00 8.428000e-02 5.000000e+00 8.428000e-02 5.000000e+00 
8.528000e-02 8.528000e-02 8.528000e-02 5.000000e+00 8.528000e-02 5.000000e+00 8.528000e-02 5.000000e+00 
8.628000e-02 8.628000e-02 8.628000e-02 5.000000e+00 8.628000e-02 5.000000e+00 8.628000e-02 5.000000e+00 
8.728000e-02 8.728000e-02 8.728000e-02 5.000000e+00 8.728000e-02 5.000000e+00 8.728000e-02 5.000000e+00 
8.828000e-02 8.828000e-02 8.828000e-02 5.000000e+00 8.828000e-02 5.000000e+00 8.828000e-02 5.000000e+00 
8.928000e-02 8.928000e-02 8.928000e-02 5.000000e+00 8.928000e-02 5.000000e+00 8.928000e-02 5.000000e+00 
9.028000e-02 9.028000e-02 9.028000e-02 5.000000e+00 9.028000e-02 5.000000e+00 9.028000e-02 5.000000e+00 
9.128000e-02 9.128000e-02 9.128000e-02 5.000000e+00 9.128000e-02 5.000000e+00 9.128000e-02 5.000000e+00 
9.228000e-02 9.228000e-02 9.228000e-02 5.000000e+00 9.228000e-02 5.000000e+00 9.228000e-02 5.000000e+00 
9.328000e-02 9.328000e-02 9.328000e-02 5.000000e+00 9.328000e-02 5.000000e+00 9.328000e-02 5.000000e+00 
9.428000e-02 9.428000e-02 9.428000e-02 5.000000e+00 9.428000e-02 5.000000e+00 9.428000e-02 5.000000e+00 
9.528000e-02 9.528000e-02 9.528000e-02 5.000000e+00 9.528000e-02 5.000000e+00 9.528000e-02 5.000000e+00 
9.628000e-02 9.628000e-02 9.628000e-02 5.000000e+00 9.628000e-02 5.000000e+00 9.628000e-02 5.000000e+00 
9.728000e-02 9.728000e-02 9.728000e-02 5.000000e+00 9.728000e-02 5.000000e+00 9.728000e-02 5.000000e+00 
9.828000e-02 9.828000e-02 9.828000e-02 5.000000e+00 9.828000e-02 5.000000e+00 9.828000e-02 5.000000e+00 
9.928000e-02 9.928000e-02 9.928000e-02 5.000000e+00 9.928000e-02 5.000000e+00 9.928000e-02 5.000000e+00 
1.002800e-01 1.002800e-01 1.002800e-01 5.000000e+00 1.002800e-01 5.000000e+00 1.002800e-01 5.000000e+00 
1.012800e-01 1.012800e-01 1.012800e-01 5.000000e+00 1.012800e-01 5.000000e+00 1.012800e-01 5.000000e+00 
1.022800e-01 1.022800e-01 1.022800e-01 5.000000e+00 1.022800e-01 5.000000e+00 1.022800e-01 5.000000e+00 
1.032800e-01 1.032800e-01 1.032800e-01 5.000000e+00 1.032800e-01 5.000000e+00 1.032800e-01 5.000000e+00 
1.042800e-01 1.042800e-01 1.042800e-01 5.000000e+00 1.042800e-01 5.000000e+00 1.042800e-01 5.000000e+00 
1.052800e-01 1.052800e-01 1.052800e-01 5.000000e+00 1.052800e-01 5.000000e+00 1.052800e-01 5.000000e+00 
1.062800e-01 1.062800e-01 1.062800e-01 5.000000e+00 1.062800e-01 5.000000e+00 1.062800e-01 5.000000e+00 
1.072800e-01 1.072800e-01 1.072800e-01 5.000000e+00 1.072800e-01 5.000000e+00 1.072800e-01 5.000000e+00 
1.082800e-01 1.082800e-01 1.082800e-01 5.000000e+00 1.082800e-01 5.000000e+00 1.082800e-01 5.000000e+00 
1.092800e-01 1.092800e-01 1.092800e-01 5.000000e+00 1.092800e-01 5.000000e+00 1.092800e-01 5.000000e+00 
1.102800e-01 1.102800e-01 1.102800e-01 5.000000e+00 1.102800e-01 5.000000e+00 1.102800e-01 5.000000e+00 
1.112800e-01 1.112800e-01 1.112800e-01 5.000000e+00 1.112800e-01 5.000000e+00 1.112800e-01 5.000000e+00 
1.122800e-01 1.122800e-01 1.122800e-01 5.000000e+00 1.122800e-01 5.000000e+00 1.122800e-01 5.000000e+00 
1.132800e-01 1.132800e-01 1.132800e-01 5.000000e+00 1.132800e-01 5.000000e+00 1.132800e-01 5.000000e+00 
1.142800e-01 1.142800e-01 1.142800e-01 5.000000e+00 1.142800e-01 5.000000e+00 1.142800e-01 5.000000e+00 
1.152800e-01 1.152800e-01 1.152800e-01 5.000000e+00 1.152800e-01 5.000000e+00 1.152800e-01 5.000000e+00 
1.162800e-01 1.162800e-01 1.162800e-01 5.000000e+00 1.162800e-01 5.000000e+00 1.162800e-01 5.000000e+00 
1.172800e-01 1.172800e-01 1.172800e-01 5.000000e+00 1.172800e-01 5.000000e+00 1.172800e-01 5.000000e+00 
1.182800e-01 1.182800e-01 1.182800e-01 5.000000e+00 1.182800e-01 5.000000e+00 1.182800e-01 5.000000e+00 
1.192800e-01 1.192800e-01 1.192800e-01 5.000000e+00 1.192800e-01 5.000000e+00 1.192800e-01 5.000000e+00 
1.202800e-01 1.202800e-01 1.202800e-01 5.000000e+00 1.202800e-01 5.000000e+00 1.202800e-01 5.000000e+00 
1.212800e-01 1.212800e-01 1.212800e-01 5.000000e+00 1.212800e-01 5.000000e+00 1.212800e-01 5.000000e+00 
1.222800e-01 1.222800e-01 1.222800e-01 5.000000e+00 1.222800e-01 5.000000e+00 1.222800e-01 5.000000e+00 
1.232800e-01 1.232800e-01 1.232800e-01 5.000000e+00 1.232800e-01 5.000000e+00 1.232800e-01 5.000000e+00 
1.242800e-01 1.242800e-01 1.242800e-01 5.000000e+00 1.242800e-01 5.000000e+00 1.242800e-01 5.000000e+00 
1.252800e-01 1.252800e-01 1.252800e-01 5.000000e+00 1.252800e-01 5.000000e+00 1.252800e-01 5.000000e+00 
1.262800e-01 1.262800e-01 1.262800e-01 5.000000e+00 1.262800e-01 5.000000e+00 1.262800e-01 5.000000e+00 
1.272800e-01 1.272800e-01 1.272800e-01 5.000000e+00 1.272800e-01 5.000000e+00 1.272800e-01 5.000000e+00 
1.282800e-01 1.282800e-01 1.282800e-01 5.000000e+00 1.282800e-01 5.000000e+00 1.282800e-01 5.000000e+00 
1.292800e-01 1.292800e-01 1.292800e-01 5.000000e+00 1.292800e-01 5.000000e+00 1.292800e-01 5.000000e+00 
1.302800e-01 1.302800e-01 1.302800e-01 5.000000e+00 1.302800e-01 5.000000e+00 1.302800e-01 5.000000e+00 
1.312800e-01 1.312800e-01 1.312800e-01 5.000000e+00 1.312800e-01 5.000000e+00 1.312800e-01 5.000000e+00 
1.322800e-01 1.322800e-01 1.322800e-01 5.000000e+00 1.322800e-01 5.000000e+00 1.322800e-01 5.000000e+00 
1.332800e-01 1.332800e-01 1.332800e-01 5.000000e+00 1.332800e-01 5.000000e+00 1.332800e-01 5.000000e+00 
1.342800e-01 1.342800e-01 1.342800e-01 5.000000e+00 1.342800e-01 5.000000e+00 1.342800e-01 5.000000e+00 
1.352800e-01 1.352800e-01 1.352800e-01 5.000000e+00 1.352800e-01 5.000000e+00 1.352800e-01 5.000000e+00 
1.362800e-01 1.362800e-01 1.362800e-01 5.000000e+00 1.362800e-01 5.000000e+00 1.362800e-01 5.000000e+00 
1.372800e-01 1.372800e-01 1.372800e-01 5.000000e+00 1.372800e-01 5.000000e+00 1.372800e-01 5.000000e+00 
1.382800e-01 1.382800e-01 1.382800e-01 5.000000e+00 1.382800e-01 5.000000e+00 1.382800e-01 5.000000e+00 
1.392800e-01 1.392800e-01 1.392800e-01 5.000000e+00 1.392800e-01 5.000000e+00 1.392800e-01 5.000000e+00 
1.402800e-01 1.402800e-01 1.402800e-01 5.000000e+00 1.402800e-01 5.000000e+00 1.402800e-01 5.000000e+00 
1.412800e-01 1.412800e-01 1.412800e-01 5.000000e+00 1.412800e-01 5.000000e+00 1.412800e-01 5.000000e+00 
1.422800e-01 1.422800e-01 1.422800e-01 5.000000e+00 1.422800e-01 5.000000e+00 1.422800e-01 5.000000e+00 
1.432800e-01 1.432800e-01 1.432800e-01 5.000000e+00 1.432800e-01 5.000000e+00 1.432800e-01 5.000000e+00 
1.442800e-01 1.442800e-01 1.442800e-01 5.000000e+00 1.442800e-01 5.000000e+00 1.442800e-01 5.000000e+00 
1.452800e-01 1.452800e-01 1.452800e-01 5.000000e+00 1.452800e-01 5.000000e+00 1.452800e-01 5.000000e+00 
1.462800e-01 1.462800e-01 1.462800e-01 5.000000e+00 1.462800e-01 5.000000e+00 1.462800e-01 5.000000e+00 
1.472800e-01 1.472800e-01 1.472800e-01 5.000000e+00 1.472800e-01 5.000000e+00 1.472800e-01 5.000000e+00 
1.482800e-01 1.482800e-01 1.482800e-01 5.000000e+00 1.482800e-01 5.000000e+00 1.482800e-01 5.000000e+00 
1.492800e-01 1.492800e-01 1.492800e-01 5.000000e+00 1.492800e-01 5.000000e+00 1.492800e-01 5.000000e+00 
1.502800e-01 1.502800e-01 1.502800e-01 5.000000e+00 1.502800e-01 5.000000e+00 1.502800e-01 5.000000e+00 
1.512800e-01 1.512800e-01 1.512800e-01 5.000000e+00 1.512800e-01 5.000000e+00 1.512800e-01 5.000000e+00 
1.522800e-01 1.522800e-01 1.522800e-01 5.000000e+00 1.522800e-01 5.000000e+00 1.522800e-01 5.000000e+00 
1.532800e-01 1.532800e-01 1.532800e-01 5.000000e+00 1.532800e-01 5.000000e+00 1.532800e-01 5.000000e+00 
1.542800e-01 1.542800e-01 1.542800e-01 5.000000e+00 1.542800e-01 5.000000e+00 1.542800e-01 5.000000e+00 
1.552800e-01 1.552800e-01 1.552800e-01 5.000000e+00 1.552800e-01 5.000000e+00 1.552800e-01 5.000000e+00 
1.562800e-01 1.562800e-01 1.562800e-01 5.000000e+00 1.562800e-01 5.000000e+00 1.562800e-01 5.000000e+00 
1.572800e-01 1.572800e-01 1.572800e-01 5.000000e+00 1.572800e-01 5.000000e+00 1.572800e-01 5.000000e+00 
1.582800e-01 1.582800e-01 1.582800e-01 5.000000e+00 1.582800e-01 5.000000e+00 1.582800e-01 5.000000e+00 
1.592800e-01 1.592800e-01 1.592800e-01 5.000000e+00 1.592800e-01 5.000000e+00 1.592800e-01 5.000000e+00 
1.602800e-01 1.602800e-01 1.602800e-01 5.000000e+00 1.602800e-01 5.000000e+00 1.602800e-01 5.000000e+00 
1.612800e-01 1.612800e-01 1.612800e-01 5.000000e+00 1.612800e-01 5.000000e+00 1.612800e-01 5.000000e+00 
1.622800e-01 1.622800e-01 1.622800e-01 5.000000e+00 1.622800e-01 5.000000e+00 1.622800e-01 5.000000e+00 
1.632800e-01 1.632800e-01 1.632800e-01 5.000000e+00 1.632800e-01 5.000000e+00 1.632800e-01 5.000000e+00 
1.642800e-01 1.642800e-01 1.642800e-01 5.000000e+00 1.642800e-01 5.000000e+00 1.642800e-01 5.000000e+00 
1.652800e-01 1.652800e-01 1.652800e-01 5.000000e+00 1.652800e-01 5.000000e+00 1.652800e-01 5.000000e+00 
1.662800e-01 1.662800e-01 1.662800e-01 5.000000e+00 1.662800e-01 5.000000e+00 1.662800e-01 5.000000e+00 
1.672800e-01 1.672800e-01 1.672800e-01 5.000000e+00 1.672800e-01 5.000000e+00 1.672800e-01 5.000000e+00 
1.682800e-01 1.682800e-01 1.682800e-01 5.000000e+00 1.682800e-01 5.000000e+00 1.682800e-01 5.000000e+00 
1.692800e-01 1.692800e-01 1.692800e-01 5.000000e+00 1.692800e-01 5.000000e+00 1.692800e-01 5.000000e+00 
1.702800e-01 1.702800e-01 1.702800e-01 5.000000e+00 1.702800e-01 5.000000e+00 1.702800e-01 5.000000e+00 
1.712800e-01 1.712800e-01 1.712800e-01 5.000000e+00 1.712800e-01 5.000000e+00 1.712800e-01 5.000000e+00 
1.722800e-01 1.722800e-01 1.722800e-01 5.000000e+00 1.722800e-01 5.000000e+00 1.722800e-01 5.000000e+00 
1.732800e-01 1.732800e-01 1.732800e-01 5.000000e+00 1.732800e-01 5.000000e+00 1.732800e-01 5.000000e+00 
1.742800e-01 1.742800e-01 1.742800e-01 5.000000e+00 1.742800e-01 5.000000e+00 1.742800e-01 5.000000e+00 
1.752800e-01 1.752800e-01 1.752800e-01 5.000000e+00 1.752800e-01 5.000000e+00 1.752800e-01 5.000000e+00 
1.762800e-01 1.762800e-01 1.762800e-01 5.000000e+00 1.762800e-01 5.000000e+00 1.762800e-01 5.000000e+00 
1.772800e-01 1.772800e-01 1.772800e-01 5.000000e+00 1.772800e-01 5.000000e+00 1.772800e-01 5.000000e+00 
1.782800e-01 1.782800e-01 1.782800e-01 5.000000e+00 1.782800e-01 5.000000e+00 1.782800e-01 5.000000e+00 
1.792800e-01 1.792800e-01 1.792800e-01 5.000000e+00 1.792800e-01 5.000000e+00 1.792800e-01 5.000000e+00 
1.802800e-01 1.802800e-01 1.802800e-01 5.000000e+00 1.802800e-01 5.000000e+00 1.802800e-01 5.000000e+00 
1.812800e-01 1.812800e-01 1.812800e-01 5.000000e+00 1.812800e-01 5.000000e+00 1.812800e-01 5.000000e+00 
1.822800e-01 1.822800e-01 1.822800e-01 5.000000e+00 1.822800e-01 5.000000e+00 1.822800e-01 5.000000e+00 
1.832800e-01 1.832800e-01 1.832800e-01 5.000000e+00 1.832800e-01 5.000000e+00 1.832800e-01 5.000000e+00 
1.842800e-01 1.842800e-01 1.842800e-01 5.000000e+00 1.842800e-01 5.000000e+00 1.842800e-01 5.000000e+00 
1.852800e-01 1.852800e-01 1.852800e-01 5.000000e+00 1.852800e-01 5.000000e+00 1.852800e-01 5.000000e+00 
1.862800e-01 1.862800e-01 1.862800e-01 5.000000e+00 1.862800e-01 5.000000e+00 1.862800e-01 5.000000e+00 
1.872800e-01 1.872800e-01 1.872800e-01 5.000000e+00 1.872800e-01 5.000000e+00 1.872800e-01 5.000000e+00 
1.882800e-01 1.882800e-01 1.882800e-01 5.000000e+00 1.882800e-01 5.000000e+00 1.882800e-01 5.000000e+00 
1.892800e-01 1.892800e-01 1.892800e-01 5.000000e+00 1.892800e-01 5.000000e+00 1.892800e-01 5.000000e+00 
1.902800e-01 1.902800e-01 1.902800e-01 5.000000e+00 1.902800e-01 5.000000e+00 1.902800e-01 5.000000e+00 
1.912800e-01 1.912800e-01 1.912800e-01 5.000000e+00 1.912800e-01 5.000000e+00 1.912800e-01 5.000000e+00 
1.922800e-01 1.922800e-01 1.922800e-01 5.000000e+00 1.922800e-01 5.000000e+00 1.922800e-01 5.000000e+00 
1.932800e-01 1.932800e-01 1.932800e-01 5.000000e+00 1.932800e-01 5.000000e+00 1.932800e-01 5.000000e+00 
1.942800e-01 1.942800e-01 1.942800e-01 5.000000e+00 1.942800e-01 5.000000e+00 1.942800e-01 5.000000e+00 
1.952800e-01 1.952800e-01 1.952800e-01 5.000000e+00 1.952800e-01 5.000000e+00 1.952800e-01 5.000000e+00 
1.962800e-01 1.962800e-01 1.962800e-01 5.000000e+00 1.962800e-01 5.000000e+00 1.962800e-01 5.000000e+00 
1.972800e-01 1.972800e-01 1.972800e-01 5.000000e+00 1.972800e-01 5.000000e+00 1.972800e-01 5.000000e+00 
1.982800e-01 1.982800e-01 1.982800e-01 5.000000e+00 1.982800e-01 5.000000e+00 1.982800e-01 5.000000e+00 
1.992800e-01 1.992800e-01 1.992800e-01 5.000000e+00 1.992800e-01 5.000000e+00 1.992800e-01 5.000000e+00 
2.002800e-01 2.002800e-01 2.002800e-01 5.000000e+00 2.002800e-01 5.000000e+00 2.002800e-01 5.000000e+00 
2.012800e-01 2.012800e-01 2.012800e-01 5.000000e+00 2.012800e-01 5.000000e+00 2.012800e-01 5.000000e+00 
2.022800e-01 2.022800e-01 2.022800e-01 5.000000e+00 2.022800e-01 5.000000e+00 2.022800e-01 5.000000e+00 
2.032800e-01 2.032800e-01 2.032800e-01 5.000000e+00 2.032800e-01 5.000000e+00 2.032800e-01 5.000000e+00 
2.042800e-01 2.042800e-01 2.042800e-01 5.000000e+00 2.042800e-01 5.000000e+00 2.042800e-01 5.000000e+00 
2.052800e-01 2.052800e-01 2.052800e-01 5.000000e+00 2.052800e-01 5.000000e+00 2.052800e-01 5.000000e+00 
2.062800e-01 2.062800e-01 2.062800e-01 5.000000e+00 2.062800e-01 5.000000e+00 2.062800e-01 5.000000e+00 
2.072800e-01 2.072800e-01 2.072800e-01 5.000000e+00 2.072800e-01 5.000000e+00 2.072800e-01 5.000000e+00 
2.082800e-01 2.082800e-01 2.082800e-01 5.000000e+00 2.082800e-01 5.000000e+00 2.082800e-01 5.000000e+00 
2.092800e-01 2.092800e-01 2.092800e-01 5.000000e+00 2.092800e-01 5.000000e+00 2.092800e-01 5.000000e+00 
2.102800e-01 2.102800e-01 2.102800e-01 5.000000e+00 2.102800e-01 5.000000e+00 2.102800e-01 5.000000e+00 
2.112800e-01 2.112800e-01 2.112800e-01 5.000000e+00 2.112800e-01 5.000000e+00 2.112800e-01 5.000000e+00 
2.122800e-01 2.122800e-01 2.122800e-01 5.000000e+00 2.122800e-01 5.000000e+00 2.122800e-01 5.000000e+00 
2.132800e-01 2.132800e-01 2.132800e-01 5.000000e+00 2.132800e-01 5.000000e+00 2.132800e-01 5.000000e+00 
2.142800e-01 2.142800e-01 2.142800e-01 5.000000e+00 2.142800e-01 5.000000e+00 2.142800e-01 5.000000e+00 
2.152800e-01 2.152800e-01 2.152800e-01 5.000000e+00 2.152800e-01 5.000000e+00 2.152800e-01 5.000000e+00 
2.162800e-01 2.162800e-01 2.162800e-01 5.000000e+00 2.162800e-01 5.000000e+00 2.162800e-01 5.000000e+00 
2.172800e-01 2.172800e-01 2.172800e-01 5.000000e+00 2.172800e-01 5.000000e+00 2.172800e-01 5.000000e+00 
2.182800e-01 2.182800e-01 2.182800e-01 5.000000e+00 2.182800e-01 5.000000e+00 2.182800e-01 5.000000e+00 
2.192800e-01 2.192800e-01 2.192800e-01 5.000000e+00 2.192800e-01 5.000000e+00 2.192800e-01 5.000000e+00 
2.202800e-01 2.202800e-01 2.202800e-01 5.000000e+00 2.202800e-01 5.000000e+00 2.202800e-01 5.000000e+00 
2.212800e-01 2.212800e-01 2.212800e-01 5.000000e+00 2.212800e-01 5.000000e+00 2.212800e-01 5.000000e+00 
2.222800e-01 2.222800e-01 2.222800e-01 5.000000e+00 2.222800e-01 5.000000e+00 2.222800e-01 5.000000e+00 
2.232800e-01 2.232800e-01 2.232800e-01 5.000000e+00 2.232800e-01 5.000000e+00 2.232800e-01 5.000000e+00 
2.242800e-01 2.242800e-01 2.242800e-01 5.000000e+00 2.242800e-01 5.000000e+00 2.242800e-01 5.000000e+00 
2.252800e-01 2.252800e-01 2.252800e-01 5.000000e+00 2.252800e-01 5.000000e+00 2.252800e-01 5.000000e+00 
2.262800e-01 2.262800e-01 2.262800e-01 5.000000e+00 2.262800e-01 5.000000e+00 2.262800e-01 5.000000e+00 
2.272800e-01 2.272800e-01 2.272800e-01 5.000000e+00 2.272800e-01 5.000000e+00 2.272800e-01 5.000000e+00 
2.282800e-01 2.282800e-01 2.282800e-01 5.000000e+00 2.282800e-01 5.000000e+00 2.282800e-01 5.000000e+00 
2.292800e-01 2.292800e-01 2.292800e-01 5.000000e+00 2.292800e-01 5.000000e+00 2.292800e-01 5.000000e+00 
2.302800e-01 2.302800e-01 2.302800e-01 5.000000e+00 2.302800e-01 5.000000e+00 2.302800e-01 5.000000e+00 
2.312800e-01 2.312800e-01 2.312800e-01 5.000000e+00 2.312800e-01 5.000000e+00 2.312800e-01 5.000000e+00 
2.322800e-01 2.322800e-01 2.322800e-01 5.000000e+00 2.322800e-01 5.000000e+00 2.322800e-01 5.000000e+00 
2.332800e-01 2.332800e-01 2.332800e-01 5.000000e+00 2.332800e-01 5.000000e+00 2.332800e-01 5.000000e+00 
2.342800e-01 2.342800e-01 2.342800e-01 5.000000e+00 2.342800e-01 5.000000e+00 2.342800e-01 5.000000e+00 
2.352800e-01 2.352800e-01 2.352800e-01 5.000000e+00 2.352800e-01 5.000000e+00 2.352800e-01 5.000000e+00 
2.362800e-01 2.362800e-01 2.362800e-01 5.000000e+00 2.362800e-01 5.000000e+00 2.362800e-01 5.000000e+00 
2.372800e-01 2.372800e-01 2.372800e-01 5.000000e+00 2.372800e-01 5.000000e+00 2.372800e-01 5.000000e+00 
2.382800e-01 2.382800e-01 2.382800e-01 5.000000e+00 2.382800e-01 5.000000e+00 2.382800e-01 5.000000e+00 
2.392800e-01 2.392800e-01 2.392800e-01 5.000000e+00 2.392800e-01 5.000000e+00 2.392800e-01 5.000000e+00 
2.402800e-01 2.402800e-01 2.402800e-01 5.000000e+00 2.402800e-01 5.000000e+00 2.402800e-01 5.000000e+00 
2.412800e-01 2.412800e-01 2.412800e-01 5.000000e+00 2.412800e-01 5.000000e+00 2.412800e-01 5.000000e+00 
2.422800e-01 2.422800e-01 2.422800e-01 5.000000e+00 2.422800e-01 5.000000e+00 2.422800e-01 5.000000e+00 
2.432800e-01 2.432800e-01 2.432800e-01 5.000000e+00 2.432800e-01 5.000000e+00 2.432800e-01 5.000000e+00 
2.442800e-01 2.442800e-01 2.442800e-01 5.000000e+00 2.442800e-01 5.000000e+00 2.442800e-01 5.000000e+00 
2.452800e-01 2.452800e-01 2.452800e-01 5.000000e+00 2.452800e-01 5.000000e+00 2.452800e-01 5.000000e+00 
2.462800e-01 2.462800e-01 2.462800e-01 5.000000e+00 2.462800e-01 5.000000e+00 2.462800e-01 5.000000e+00 
2.472800e-01 2.472800e-01 2.472800e-01 5.000000e+00 2.472800e-01 5.000000e+00 2.472800e-01 5.000000e+00 
2.482800e-01 2.482800e-01 2.482800e-01 5.000000e+00 2.482800e-01 5.000000e+00 2.482800e-01 5.000000e+00 
2.492800e-01 2.492800e-01 2.492800e-01 5.000000e+00 2.492800e-01 5.000000e+00 2.492800e-01 5.000000e+00 
2.502800e-01 2.502800e-01 2.502800e-01 5.000000e+00 2.502800e-01 5.000000e+00 2.502800e-01 5.000000e+00 
2.512800e-01 2.512800e-01 2.512800e-01 5.000000e+00 2.512800e-01 5.000000e+00 2.512800e-01 5.000000e+00 
2.522800e-01 2.522800e-01 2.522800e-01 5.000000e+00 2.522800e-01 5.000000e+00 2.522800e-01 5.000000e+00 
2.532800e-01 2.532800e-01 2.532800e-01 5.000000e+00 2.532800e-01 5.000000e+00 2.532800e-01 5.000000e+00 
2.542800e-01 2.542800e-01 2.542800e-01 5.000000e+00 2.542800e-01 5.000000e+00 2.542800e-01 5.000000e+00 
2.552800e-01 2.552800e-01 2.552800e-01 5.000000e+00 2.552800e-01 5.000000e+00 2.552800e-01 5.000000e+00 
2.562800e-01 2.562800e-01 2.562800e-01 5.000000e+00 2.562800e-01 5.000000e+00 2.562800e-01 5.000000e+00 
2.572800e-01 2.572800e-01 2.572800e-01 5.000000e+00 2.572800e-01 5.000000e+00 2.572800e-01 5.000000e+00 
2.582800e-01 2.582800e-01 2.582800e-01 5.000000e+00 2.582800e-01 5.000000e+00 2.582800e-01 5.000000e+00 
2.592800e-01 2.592800e-01 2.592800e-01 5.000000e+00 2.592800e-01 5.000000e+00 2.592800e-01 5.000000e+00 
2.602800e-01 2.602800e-01 2.602800e-01 5.000000e+00 2.602800e-01 5.000000e+00 2.602800e-01 5.000000e+00 
2.612800e-01 2.612800e-01 2.612800e-01 5.000000e+00 2.612800e-01 5.000000e+00 2.612800e-01 5.000000e+00 
2.622800e-01 2.622800e-01 2.622800e-01 5.000000e+00 2.622800e-01 5.000000e+00 2.622800e-01 5.000000e+00 
2.632800e-01 2.632800e-01 2.632800e-01 5.000000e+00 2.632800e-01 5.000000e+00 2.632800e-01 5.000000e+00 
2.642800e-01 2.642800e-01 2.642800e-01 5.000000e+00 2.642800e-01 5.000000e+00 2.642800e-01 5.000000e+00 
2.652800e-01 2.652800e-01 2.652800e-01 5.000000e+00 2.652800e-01 5.000000e+00 2.652800e-01 5.000000e+00 
2.662800e-01 2.662800e-01 2.662800e-01 5.000000e+00 2.662800e-01 5.000000e+00 2.662800e-01 5.000000e+00 
2.672800e-01 2.672800e-01 2.672800e-01 5.000000e+00 2.672800e-01 5.000000e+00 2.672800e-01 5.000000e+00 
2.682800e-01 2.682800e-01 2.682800e-01 5.000000e+00 2.682800e-01 5.000000e+00 2.682800e-01 5.000000e+00 
2.692800e-01 2.692800e-01 2.692800e-01 5.000000e+00 2.692800e-01 5.000000e+00 2.692800e-01 5.000000e+00 
2.702800e-01 2.702800e-01 2.702800e-01 5.000000e+00 2.702800e-01 5.000000e+00 2.702800e-01 5.000000e+00 
2.712800e-01 2.712800e-01 2.712800e-01 5.000000e+00 2.712800e-01 5.000000e+00 2.712800e-01 5.000000e+00 
2.722800e-01 2.722800e-01 2.722800e-01 5.000000e+00 2.722800e-01 5.000000e+00 2.722800e-01 5.000000e+00 
2.732800e-01 2.732800e-01 2.732800e-01 5.000000e+00 2.732800e-01 5.000000e+00 2.732800e-01 5.000000e+00 
2.742800e-01 2.742800e-01 2.742800e-01 5.000000e+00 2.742800e-01 5.000000e+00 2.742800e-01 5.000000e+00 
2.752800e-01 2.752800e-01 2.752800e-01 5.000000e+00 2.752800e-01 5.000000e+00 2.752800e-01 5.000000e+00 
2.762800e-01 2.762800e-01 2.762800e-01 5.000000e+00 2.762800e-01 5.000000e+00 2.762800e-01 5.000000e+00 
2.772800e-01 2.772800e-01 2.772800e-01 5.000000e+00 2.772800e-01 5.000000e+00 2.772800e-01 5.000000e+00 
2.782800e-01 2.782800e-01 2.782800e-01 5.000000e+00 2.782800e-01 5.000000e+00 2.782800e-01 5.000000e+00 
2.792800e-01 2.792800e-01 2.792800e-01 5.000000e+00 2.792800e-01 5.000000e+00 2.792800e-01 5.000000e+00 
2.802800e-01 2.802800e-01 2.802800e-01 5.000000e+00 2.802800e-01 5.000000e+00 2.802800e-01 5.000000e+00 
2.812800e-01 2.812800e-01 2.812800e-01 5.000000e+00 2.812800e-01 5.000000e+00 2.812800e-01 5.000000e+00 
2.822800e-01 2.822800e-01 2.822800e-01 5.000000e+00 2.822800e-01 5.000000e+00 2.822800e-01 5.000000e+00 
2.832800e-01 2.832800e-01 2.832800e-01 5.000000e+00 2.832800e-01 5.000000e+00 2.832800e-01 5.000000e+00 
2.842800e-01 2.842800e-01 2.842800e-01 5.000000e+00 2.842800e-01 5.000000e+00 2.842800e-01 5.000000e+00 
2.852800e-01 2.852800e-01 2.852800e-01 5.000000e+00 2.852800e-01 5.000000e+00 2.852800e-01 5.000000e+00 
2.862800e-01 2.862800e-01 2.862800e-01 5.000000e+00 2.862800e-01 5.000000e+00 2.862800e-01 5.000000e+00 
2.872800e-01 2.872800e-01 2.872800e-01 5.000000e+00 2.872800e-01 5.000000e+00 2.872800e-01 5.000000e+00 
2.882800e-01 2.882800e-01 2.882800e-01 5.000000e+00 2.882800e-01 5.000000e+00 2.882800e-01 5.000000e+00 
2.892800e-01 2.892800e-01 2.892800e-01 5.000000e+00 2.892800e-01 5.000000e+00 2.892800e-01 5.000000e+00 
2.902800e-01 2.902800e-01 2.902800e-01 5.000000e+00 2.902800e-01 5.000000e+00 2.902800e-01 5.000000e+00 
2.912800e-01 2.912800e-01 2.912800e-01 5.000000e+00 2.912800e-01 5.000000e+00 2.912800e-01 5.000000e+00 
2.922800e-01 2.922800e-01 2.922800e-01 5.000000e+00 2.922800e-01 5.000000e+00 2.922800e-01 5.000000e+00 
2.932800e-01 2.932800e-01 2.932800e-01 5.000000e+00 2.932800e-01 5.000000e+00 2.932800e-01 5.000000e+00 
2.942800e-01 2.942800e-01 2.942800e-01 5.000000e+00 2.942800e-01 5.000000e+00 2.942800e-01 5.000000e+00 
2.952800e-01 2.952800e-01 2.952800e-01 5.000000e+00 2.952800e-01 5.000000e+00 2.952800e-01 5.000000e+00 
2.962800e-01 2.962800e-01 2.962800e-01 5.000000e+00 2.962800e-01 5.000000e+00 2.962800e-01 5.000000e+00 
2.972800e-01 2.972800e-01 2.972800e-01 5.000000e+00 2.972800e-01 5.000000e+00 2.972800e-01 5.000000e+00 
2.982800e-01 2.982800e-01 2.982800e-01 5.000000e+00 2.982800e-01 5.000000e+00 2.982800e-01 5.000000e+00 
2.992800e-01 2.992800e-01 2.992800e-01 5.000000e+00 2.992800e-01 5.000000e+00 2.992800e-01 5.000000e+00 
3.002800e-01 3.002800e-01 3.002800e-01 5.000000e+00 3.002800e-01 5.000000e+00 3.002800e-01 5.000000e+00 
3.012800e-01 3.012800e-01 3.012800e-01 5.000000e+00 3.012800e-01 5.000000e+00 3.012800e-01 5.000000e+00 
3.022800e-01 3.022800e-01 3.022800e-01 5.000000e+00 3.022800e-01 5.000000e+00 3.022800e-01 5.000000e+00 
3.032800e-01 3.032800e-01 3.032800e-01 5.000000e+00 3.032800e-01 5.000000e+00 3.032800e-01 5.000000e+00 
3.042800e-01 3.042800e-01 3.042800e-01 5.000000e+00 3.042800e-01 5.000000e+00 3.042800e-01 5.000000e+00 
3.052800e-01 3.052800e-01 3.052800e-01 5.000000e+00 3.052800e-01 5.000000e+00 3.052800e-01 5.000000e+00 
3.062800e-01 3.062800e-01 3.062800e-01 5.000000e+00 3.062800e-01 5.000000e+00 3.062800e-01 5.000000e+00 
3.072800e-01 3.072800e-01 3.072800e-01 5.000000e+00 3.072800e-01 5.000000e+00 3.072800e-01 5.000000e+00 
3.082800e-01 3.082800e-01 3.082800e-01 5.000000e+00 3.082800e-01 5.000000e+00 3.082800e-01 5.000000e+00 
3.092800e-01 3.092800e-01 3.092800e-01 5.000000e+00 3.092800e-01 5.000000e+00 3.092800e-01 5.000000e+00 
3.102800e-01 3.102800e-01 3.102800e-01 5.000000e+00 3.102800e-01 5.000000e+00 3.102800e-01 5.000000e+00 
3.112800e-01 3.112800e-01 3.112800e-01 5.000000e+00 3.112800e-01 5.000000e+00 3.112800e-01 5.000000e+00 
3.122800e-01 3.122800e-01 3.122800e-01 5.000000e+00 3.122800e-01 5.000000e+00 3.122800e-01 5.000000e+00 
3.132800e-01 3.132800e-01 3.132800e-01 5.000000e+00 3.132800e-01 5.000000e+00 3.132800e-01 5.000000e+00 
3.142800e-01 3.142800e-01 3.142800e-01 5.000000e+00 3.142800e-01 5.000000e+00 3.142800e-01 5.000000e+00 
3.152800e-01 3.152800e-01 3.152800e-01 5.000000e+00 3.152800e-01 5.000000e+00 3.152800e-01 5.000000e+00 
3.162800e-01 3.162800e-01 3.162800e-01 5.000000e+00 3.162800e-01 5.000000e+00 3.162800e-01 5.000000e+00 
3.172800e-01 3.172800e-01 3.172800e-01 5.000000e+00 3.172800e-01 5.000000e+00 3.172800e-01 5.000000e+00 
3.182800e-01 3.182800e-01 3.182800e-01 5.000000e+00 3.182800e-01 5.000000e+00 3.182800e-01 5.000000e+00 
3.192800e-01 3.192800e-01 3.192800e-01 5.000000e+00 3.192800e-01 5.000000e+00 3.192800e-01 5.000000e+00 
3.202800e-01 3.202800e-01 3.202800e-01 5.000000e+00 3.202800e-01 5.000000e+00 3.202800e-01 5.000000e+00 
3.212800e-01 3.212800e-01 3.212800e-01 5.000000e+00 3.212800e-01 5.000000e+00 3.212800e-01 5.000000e+00 
3.222800e-01 3.222800e-01 3.222800e-01 5.000000e+00 3.222800e-01 5.000000e+00 3.222800e-01 5.000000e+00 
3.232800e-01 3.232800e-01 3.232800e-01 5.000000e+00 3.232800e-01 5.000000e+00 3.232800e-01 5.000000e+00 
3.242800e-01 3.242800e-01 3.242800e-01 5.000000e+00 3.242800e-01 5.000000e+00 3.242800e-01 5.000000e+00 
3.252800e-01 3.252800e-01 3.252800e-01 5.000000e+00 3.252800e-01 5.000000e+00 3.252800e-01 5.000000e+00 
3.262800e-01 3.262800e-01 3.262800e-01 5.000000e+00 3.262800e-01 5.000000e+00 3.262800e-01 5.000000e+00 
3.272800e-01 3.272800e-01 3.272800e-01 5.000000e+00 3.272800e-01 5.000000e+00 3.272800e-01 5.000000e+00 
3.282800e-01 3.282800e-01 3.282800e-01 5.000000e+00 3.282800e-01 5.000000e+00 3.282800e-01 5.000000e+00 
3.292800e-01 3.292800e-01 3.292800e-01 5.000000e+00 3.292800e-01 5.000000e+00 3.292800e-01 5.000000e+00 
3.302800e-01 3.302800e-01 3.302800e-01 5.000000e+00 3.302800e-01 5.000000e+00 3.302800e-01 5.000000e+00 
3.312800e-01 3.312800e-01 3.312800e-01 5.000000e+00 3.312800e-01 5.000000e+00 3.312800e-01 5.000000e+00 
3.322800e-01 3.322800e-01 3.322800e-01 5.000000e+00 3.322800e-01 5.000000e+00 3.322800e-01 5.000000e+00 
3.332800e-01 3.332800e-01 3.332800e-01 5.000000e+00 3.332800e-01 5.000000e+00 3.332800e-01 5.000000e+00 
3.342800e-01 3.342800e-01 3.342800e-01 5.000000e+00 3.342800e-01 5.000000e+00 3.342800e-01 5.000000e+00 
3.352800e-01 3.352800e-01 3.352800e-01 5.000000e+00 3.352800e-01 5.000000e+00 3.352800e-01 5.000000e+00 
3.362800e-01 3.362800e-01 3.362800e-01 5.000000e+00 3.362800e-01 5.000000e+00 3.362800e-01 5.000000e+00 
3.372800e-01 3.372800e-01 3.372800e-01 5.000000e+00 3.372800e-01 5.000000e+00 3.372800e-01 5.000000e+00 
3.382800e-01 3.382800e-01 3.382800e-01 5.000000e+00 3.382800e-01 5.000000e+00 3.382800e-01 5.000000e+00 
3.392800e-01 3.392800e-01 3.392800e-01 5.000000e+00 3.392800e-01 5.000000e+00 3.392800e-01 5.000000e+00 
3.402800e-01 3.402800e-01 3.402800e-01 5.000000e+00 3.402800e-01 5.000000e+00 3.402800e-01 5.000000e+00 
3.412800e-01 3.412800e-01 3.412800e-01 5.000000e+00 3.412800e-01 5.000000e+00 3.412800e-01 5.000000e+00 
3.422800e-01 3.422800e-01 3.422800e-01 5.000000e+00 3.422800e-01 5.000000e+00 3.422800e-01 5.000000e+00 
3.432800e-01 3.432800e-01 3.432800e-01 5.000000e+00 3.432800e-01 5.000000e+00 3.432800e-01 5.000000e+00 
3.442800e-01 3.442800e-01 3.442800e-01 5.000000e+00 3.442800e-01 5.000000e+00 3.442800e-01 5.000000e+00 
3.452800e-01 3.452800e-01 3.452800e-01 5.000000e+00 3.452800e-01 5.000000e+00 3.452800e-01 5.000000e+00 
3.462800e-01 3.462800e-01 3.462800e-01 5.000000e+00 3.462800e-01 5.000000e+00 3.462800e-01 5.000000e+00 
3.472800e-01 3.472800e-01 3.472800e-01 5.000000e+00 3.472800e-01 5.000000e+00 3.472800e-01 5.000000e+00 
3.482800e-01 3.482800e-01 3.482800e-01 5.000000e+00 3.482800e-01 5.000000e+00 3.482800e-01 5.000000e+00 
3.492800e-01 3.492800e-01 3.492800e-01 5.000000e+00 3.492800e-01 5.000000e+00 3.492800e-01 5.000000e+00 
3.502800e-01 3.502800e-01 3.502800e-01 5.000000e+00 3.502800e-01 5.000000e+00 3.502800e-01 5.000000e+00 
3.512800e-01 3.512800e-01 3.512800e-01 5.000000e+00 3.512800e-01 5.000000e+00 3.512800e-01 5.000000e+00 
3.522800e-01 3.522800e-01 3.522800e-01 5.000000e+00 3.522800e-01 5.000000e+00 3.522800e-01 5.000000e+00 
3.532800e-01 3.532800e-01 3.532800e-01 5.000000e+00 3.532800e-01 5.000000e+00 3.532800e-01 5.000000e+00 
3.542800e-01 3.542800e-01 3.542800e-01 5.000000e+00 3.542800e-01 5.000000e+00 3.542800e-01 5.000000e+00 
3.552800e-01 3.552800e-01 3.552800e-01 5.000000e+00 3.552800e-01 5.000000e+00 3.552800e-01 5.000000e+00 
3.562800e-01 3.562800e-01 3.562800e-01 5.000000e+00 3.562800e-01 5.000000e+00 3.562800e-01 5.000000e+00 
3.572800e-01 3.572800e-01 3.572800e-01 5.000000e+00 3.572800e-01 5.000000e+00 3.572800e-01 5.000000e+00 
3.582800e-01 3.582800e-01 3.582800e-01 5.000000e+00 3.582800e-01 5.000000e+00 3.582800e-01 5.000000e+00 
3.592800e-01 3.592800e-01 3.592800e-01 5.000000e+00 3.592800e-01 5.000000e+00 3.592800e-01 5.000000e+00 
3.602800e-01 3.602800e-01 3.602800e-01 5.000000e+00 3.602800e-01 5.000000e+00 3.602800e-01 5.000000e+00 
3.612800e-01 3.612800e-01 3.612800e-01 5.000000e+00 3.612800e-01 5.000000e+00 3.612800e-01 5.000000e+00 
3.622800e-01 3.622800e-01 3.622800e-01 5.000000e+00 3.622800e-01 5.000000e+00 3.622800e-01 5.000000e+00 
3.632800e-01 3.632800e-01 3.632800e-01 5.000000e+00 3.632800e-01 5.000000e+00 3.632800e-01 5.000000e+00 
3.642800e-01 3.642800e-01 3.642800e-01 5.000000e+00 3.642800e-01 5.000000e+00 3.642800e-01 5.000000e+00 
3.652800e-01 3.652800e-01 3.652800e-01 5.000000e+00 3.652800e-01 5.000000e+00 3.652800e-01 5.000000e+00 
3.662800e-01 3.662800e-01 3.662800e-01 5.000000e+00 3.662800e-01 5.000000e+00 3.662800e-01 5.000000e+00 
3.672800e-01 3.672800e-01 3.672800e-01 5.000000e+00 3.672800e-01 5.000000e+00 3.672800e-01 5.000000e+00 
3.682800e-01 3.682800e-01 3.682800e-01 5.000000e+00 3.682800e-01 5.000000e+00 3.682800e-01 5.000000e+00 
3.692800e-01 3.692800e-01 3.692800e-01 5.000000e+00 3.692800e-01 5.000000e+00 3.692800e-01 5.000000e+00 
3.702800e-01 3.702800e-01 3.702800e-01 5.000000e+00 3.702800e-01 5.000000e+00 3.702800e-01 5.000000e+00 
3.712800e-01 3.712800e-01 3.712800e-01 5.000000e+00 3.712800e-01 5.000000e+00 3.712800e-01 5.000000e+00 
3.722800e-01 3.722800e-01 3.722800e-01 5.000000e+00 3.722800e-01 5.000000e+00 3.722800e-01 5.000000e+00 
3.732800e-01 3.732800e-01 3.732800e-01 5.000000e+00 3.732800e-01 5.000000e+00 3.732800e-01 5.000000e+00 
3.742800e-01 3.742800e-01 3.742800e-01 5.000000e+00 3.742800e-01 5.000000e+00 3.742800e-01 5.000000e+00 
3.752800e-01 3.752800e-01 3.752800e-01 5.000000e+00 3.752800e-01 5.000000e+00 3.752800e-01 5.000000e+00 
3.762800e-01 3.762800e-01 3.762800e-01 5.000000e+00 3.762800e-01 5.000000e+00 3.762800e-01 5.000000e+00 
3.772800e-01 3.772800e-01 3.772800e-01 5.000000e+00 3.772800e-01 5.000000e+00 3.772800e-01 5.000000e+00 
3.782800e-01 3.782800e-01 3.782800e-01 5.000000e+00 3.782800e-01 5.000000e+00 3.782800e-01 5.000000e+00 
3.792800e-01 3.792800e-01 3.792800e-01 5.000000e+00 3.792800e-01 5.000000e+00 3.792800e-01 5.000000e+00 
3.802800e-01 3.802800e-01 3.802800e-01 5.000000e+00 3.802800e-01 5.000000e+00 3.802800e-01 5.000000e+00 
3.812800e-01 3.812800e-01 3.812800e-01 5.000000e+00 3.812800e-01 5.000000e+00 3.812800e-01 5.000000e+00 
3.822800e-01 3.822800e-01 3.822800e-01 5.000000e+00 3.822800e-01 5.000000e+00 3.822800e-01 5.000000e+00 
3.832800e-01 3.832800e-01 3.832800e-01 5.000000e+00 3.832800e-01 5.000000e+00 3.832800e-01 5.000000e+00 
3.842800e-01 3.842800e-01 3.842800e-01 5.000000e+00 3.842800e-01 5.000000e+00 3.842800e-01 5.000000e+00 
3.852800e-01 3.852800e-01 3.852800e-01 5.000000e+00 3.852800e-01 5.000000e+00 3.852800e-01 5.000000e+00 
3.862800e-01 3.862800e-01 3.862800e-01 5.000000e+00 3.862800e-01 5.000000e+00 3.862800e-01 5.000000e+00 
3.872800e-01 3.872800e-01 3.872800e-01 5.000000e+00 3.872800e-01 5.000000e+00 3.872800e-01 5.000000e+00 
3.882800e-01 3.882800e-01 3.882800e-01 5.000000e+00 3.882800e-01 5.000000e+00 3.882800e-01 5.000000e+00 
3.892800e-01 3.892800e-01 3.892800e-01 5.000000e+00 3.892800e-01 5.000000e+00 3.892800e-01 5.000000e+00 
3.902800e-01 3.902800e-01 3.902800e-01 5.000000e+00 3.902800e-01 5.000000e+00 3.902800e-01 5.000000e+00 
3.912800e-01 3.912800e-01 3.912800e-01 5.000000e+00 3.912800e-01 5.000000e+00 3.912800e-01 5.000000e+00 
3.922800e-01 3.922800e-01 3.922800e-01 5.000000e+00 3.922800e-01 5.000000e+00 3.922800e-01 5.000000e+00 
3.932800e-01 3.932800e-01 3.932800e-01 5.000000e+00 3.932800e-01 5.000000e+00 3.932800e-01 5.000000e+00 
3.942800e-01 3.942800e-01 3.942800e-01 5.000000e+00 3.942800e-01 5.000000e+00 3.942800e-01 5.000000e+00 
3.952800e-01 3.952800e-01 3.952800e-01 5.000000e+00 3.952800e-01 5.000000e+00 3.952800e-01 5.000000e+00 
3.962800e-01 3.962800e-01 3.962800e-01 5.000000e+00 3.962800e-01 5.000000e+00 3.962800e-01 5.000000e+00 
3.972800e-01 3.972800e-01 3.972800e-01 5.000000e+00 3.972800e-01 5.000000e+00 3.972800e-01 5.000000e+00 
3.982800e-01 3.982800e-01 3.982800e-01 5.000000e+00 3.982800e-01 5.000000e+00 3.982800e-01 5.000000e+00 
3.992800e-01 3.992800e-01 3.992800e-01 5.000000e+00 3.992800e-01 5.000000e+00 3.992800e-01 5.000000e+00 
4.002800e-01 4.002800e-01 4.002800e-01 5.000000e+00 4.002800e-01 5.000000e+00 4.002800e-01 5.000000e+00 
4.012800e-01 4.012800e-01 4.012800e-01 5.000000e+00 4.012800e-01 5.000000e+00 4.012800e-01 5.000000e+00 
4.022800e-01 4.022800e-01 4.022800e-01 5.000000e+00 4.022800e-01 5.000000e+00 4.022800e-01 5.000000e+00 
4.032800e-01 4.032800e-01 4.032800e-01 5.000000e+00 4.032800e-01 5.000000e+00 4.032800e-01 5.000000e+00 
4.042800e-01 4.042800e-01 4.042800e-01 5.000000e+00 4.042800e-01 5.000000e+00 4.042800e-01 5.000000e+00 
4.052800e-01 4.052800e-01 4.052800e-01 5.000000e+00 4.052800e-01 5.000000e+00 4.052800e-01 5.000000e+00 
4.062800e-01 4.062800e-01 4.062800e-01 5.000000e+00 4.062800e-01 5.000000e+00 4.062800e-01 5.000000e+00 
4.072800e-01 4.072800e-01 4.072800e-01 5.000000e+00 4.072800e-01 5.000000e+00 4.072800e-01 5.000000e+00 
4.082800e-01 4.082800e-01 4.082800e-01 5.000000e+00 4.082800e-01 5.000000e+00 4.082800e-01 5.000000e+00 
4.092800e-01 4.092800e-01 4.092800e-01 5.000000e+00 4.092800e-01 5.000000e+00 4.092800e-01 5.000000e+00 
4.102800e-01 4.102800e-01 4.102800e-01 5.000000e+00 4.102800e-01 5.000000e+00 4.102800e-01 5.000000e+00 
4.112800e-01 4.112800e-01 4.112800e-01 5.000000e+00 4.112800e-01 5.000000e+00 4.112800e-01 5.000000e+00 
4.122800e-01 4.122800e-01 4.122800e-01 5.000000e+00 4.122800e-01 5.000000e+00 4.122800e-01 5.000000e+00 
4.132800e-01 4.132800e-01 4.132800e-01 5.000000e+00 4.132800e-01 5.000000e+00 4.132800e-01 5.000000e+00 
4.142800e-01 4.142800e-01 4.142800e-01 5.000000e+00 4.142800e-01 5.000000e+00 4.142800e-01 5.000000e+00 
4.152800e-01 4.152800e-01 4.152800e-01 5.000000e+00 4.152800e-01 5.000000e+00 4.152800e-01 5.000000e+00 
4.162800e-01 4.162800e-01 4.162800e-01 5.000000e+00 4.162800e-01 5.000000e+00 4.162800e-01 5.000000e+00 
4.172800e-01 4.172800e-01 4.172800e-01 5.000000e+00 4.172800e-01 5.000000e+00 4.172800e-01 5.000000e+00 
4.182800e-01 4.182800e-01 4.182800e-01 5.000000e+00 4.182800e-01 5.000000e+00 4.182800e-01 5.000000e+00 
4.192800e-01 4.192800e-01 4.192800e-01 5.000000e+00 4.192800e-01 5.000000e+00 4.192800e-01 5.000000e+00 
4.202800e-01 4.202800e-01 4.202800e-01 5.000000e+00 4.202800e-01 5.000000e+00 4.202800e-01 5.000000e+00 
4.212800e-01 4.212800e-01 4.212800e-01 5.000000e+00 4.212800e-01 5.000000e+00 4.212800e-01 5.000000e+00 
4.222800e-01 4.222800e-01 4.222800e-01 5.000000e+00 4.222800e-01 5.000000e+00 4.222800e-01 5.000000e+00 
4.232800e-01 4.232800e-01 4.232800e-01 5.000000e+00 4.232800e-01 5.000000e+00 4.232800e-01 5.000000e+00 
4.242800e-01 4.242800e-01 4.242800e-01 5.000000e+00 4.242800e-01 5.000000e+00 4.242800e-01 5.000000e+00 
4.252800e-01 4.252800e-01 4.252800e-01 5.000000e+00 4.252800e-01 5.000000e+00 4.252800e-01 5.000000e+00 
4.262800e-01 4.262800e-01 4.262800e-01 5.000000e+00 4.262800e-01 5.000000e+00 4.262800e-01 5.000000e+00 
4.272800e-01 4.272800e-01 4.272800e-01 5.000000e+00 4.272800e-01 5.000000e+00 4.272800e-01 5.000000e+00 
4.282800e-01 4.282800e-01 4.282800e-01 5.000000e+00 4.282800e-01 5.000000e+00 4.282800e-01 5.000000e+00 
4.292800e-01 4.292800e-01 4.292800e-01 5.000000e+00 4.292800e-01 5.000000e+00 4.292800e-01 5.000000e+00 
4.302800e-01 4.302800e-01 4.302800e-01 5.000000e+00 4.302800e-01 5.000000e+00 4.302800e-01 5.000000e+00 
4.312800e-01 4.312800e-01 4.312800e-01 5.000000e+00 4.312800e-01 5.000000e+00 4.312800e-01 5.000000e+00 
4.322800e-01 4.322800e-01 4.322800e-01 5.000000e+00 4.322800e-01 5.000000e+00 4.322800e-01 5.000000e+00 
4.332800e-01 4.332800e-01 4.332800e-01 5.000000e+00 4.332800e-01 5.000000e+00 4.332800e-01 5.000000e+00 
4.342800e-01 4.342800e-01 4.342800e-01 5.000000e+00 4.342800e-01 5.000000e+00 4.342800e-01 5.000000e+00 
4.352800e-01 4.352800e-01 4.352800e-01 5.000000e+00 4.352800e-01 5.000000e+00 4.352800e-01 5.000000e+00 
4.362800e-01 4.362800e-01 4.362800e-01 5.000000e+00 4.362800e-01 5.000000e+00 4.362800e-01 5.000000e+00 
4.372800e-01 4.372800e-01 4.372800e-01 5.000000e+00 4.372800e-01 5.000000e+00 4.372800e-01 5.000000e+00 
4.382800e-01 4.382800e-01 4.382800e-01 5.000000e+00 4.382800e-01 5.000000e+00 4.382800e-01 5.000000e+00 
4.392800e-01 4.392800e-01 4.392800e-01 5.000000e+00 4.392800e-01 5.000000e+00 4.392800e-01 5.000000e+00 
4.402800e-01 4.402800e-01 4.402800e-01 5.000000e+00 4.402800e-01 5.000000e+00 4.402800e-01 5.000000e+00 
4.412800e-01 4.412800e-01 4.412800e-01 5.000000e+00 4.412800e-01 5.000000e+00 4.412800e-01 5.000000e+00 
4.422800e-01 4.422800e-01 4.422800e-01 5.000000e+00 4.422800e-01 5.000000e+00 4.422800e-01 5.000000e+00 
4.432800e-01 4.432800e-01 4.432800e-01 5.000000e+00 4.432800e-01 5.000000e+00 4.432800e-01 5.000000e+00 
4.442800e-01 4.442800e-01 4.442800e-01 5.000000e+00 4.442800e-01 5.000000e+00 4.442800e-01 5.000000e+00 
4.452800e-01 4.452800e-01 4.452800e-01 5.000000e+00 4.452800e-01 5.000000e+00 4.452800e-01 5.000000e+00 
4.462800e-01 4.462800e-01 4.462800e-01 5.000000e+00 4.462800e-01 5.000000e+00 4.462800e-01 5.000000e+00 
4.472800e-01 4.472800e-01 4.472800e-01 5.000000e+00 4.472800e-01 5.000000e+00 4.472800e-01 5.000000e+00 
4.482800e-01 4.482800e-01 4.482800e-01 5.000000e+00 4.482800e-01 5.000000e+00 4.482800e-01 5.000000e+00 
4.492800e-01 4.492800e-01 4.492800e-01 5.000000e+00 4.492800e-01 5.000000e+00 4.492800e-01 5.000000e+00 
4.502800e-01 4.502800e-01 4.502800e-01 5.000000e+00 4.502800e-01 5.000000e+00 4.502800e-01 5.000000e+00 
4.512800e-01 4.512800e-01 4.512800e-01 5.000000e+00 4.512800e-01 5.000000e+00 4.512800e-01 5.000000e+00 
4.522800e-01 4.522800e-01 4.522800e-01 5.000000e+00 4.522800e-01 5.000000e+00 4.522800e-01 5.000000e+00 
4.532800e-01 4.532800e-01 4.532800e-01 5.000000e+00 4.532800e-01 5.000000e+00 4.532800e-01 5.000000e+00 
4.542800e-01 4.542800e-01 4.542800e-01 5.000000e+00 4.542800e-01 5.000000e+00 4.542800e-01 5.000000e+00 
4.552800e-01 4.552800e-01 4.552800e-01 5.000000e+00 4.552800e-01 5.000000e+00 4.552800e-01 5.000000e+00 
4.562800e-01 4.562800e-01 4.562800e-01 5.000000e+00 4.562800e-01 5.000000e+00 4.562800e-01 5.000000e+00 
4.572800e-01 4.572800e-01 4.572800e-01 5.000000e+00 4.572800e-01 5.000000e+00 4.572800e-01 5.000000e+00 
4.582800e-01 4.582800e-01 4.582800e-01 5.000000e+00 4.582800e-01 5.000000e+00 4.582800e-01 5.000000e+00 
4.592800e-01 4.592800e-01 4.592800e-01 5.000000e+00 4.592800e-01 5.000000e+00 4.592800e-01 5.000000e+00 
4.602800e-01 4.602800e-01 4.602800e-01 5.000000e+00 4.602800e-01 5.000000e+00 4.602800e-01 5.000000e+00 
4.612800e-01 4.612800e-01 4.612800e-01 5.000000e+00 4.612800e-01 5.000000e+00 4.612800e-01 5.000000e+00 
4.622800e-01 4.622800e-01 4.622800e-01 5.000000e+00 4.622800e-01 5.000000e+00 4.622800e-01 5.000000e+00 
4.632800e-01 4.632800e-01 4.632800e-01 5.000000e+00 4.632800e-01 5.000000e+00 4.632800e-01 5.000000e+00 
4.642800e-01 4.642800e-01 4.642800e-01 5.000000e+00 4.642800e-01 5.000000e+00 4.642800e-01 5.000000e+00 
4.652800e-01 4.652800e-01 4.652800e-01 5.000000e+00 4.652800e-01 5.000000e+00 4.652800e-01 5.000000e+00 
4.662800e-01 4.662800e-01 4.662800e-01 5.000000e+00 4.662800e-01 5.000000e+00 4.662800e-01 5.000000e+00 
4.672800e-01 4.672800e-01 4.672800e-01 5.000000e+00 4.672800e-01 5.000000e+00 4.672800e-01 5.000000e+00 
4.682800e-01 4.682800e-01 4.682800e-01 5.000000e+00 4.682800e-01 5.000000e+00 4.682800e-01 5.000000e+00 
4.692800e-01 4.692800e-01 4.692800e-01 5.000000e+00 4.692800e-01 5.000000e+00 4.692800e-01 5.000000e+00 
4.702800e-01 4.702800e-01 4.702800e-01 5.000000e+00 4.702800e-01 5.000000e+00 4.702800e-01 5.000000e+00 
4.712800e-01 4.712800e-01 4.712800e-01 5.000000e+00 4.712800e-01 5.000000e+00 4.712800e-01 5.000000e+00 
4.722800e-01 4.722800e-01 4.722800e-01 5.000000e+00 4.722800e-01 5.000000e+00 4.722800e-01 5.000000e+00 
4.732800e-01 4.732800e-01 4.732800e-01 5.000000e+00 4.732800e-01 5.000000e+00 4.732800e-01 5.000000e+00 
4.742800e-01 4.742800e-01 4.742800e-01 5.000000e+00 4.742800e-01 5.000000e+00 4.742800e-01 5.000000e+00 
4.752800e-01 4.752800e-01 4.752800e-01 5.000000e+00 4.752800e-01 5.000000e+00 4.752800e-01 5.000000e+00 
4.762800e-01 4.762800e-01 4.762800e-01 5.000000e+00 4.762800e-01 5.000000e+00 4.762800e-01 5.000000e+00 
4.772800e-01 4.772800e-01 4.772800e-01 5.000000e+00 4.772800e-01 5.000000e+00 4.772800e-01 5.000000e+00 
4.782800e-01 4.782800e-01 4.782800e-01 5.000000e+00 4.782800e-01 5.000000e+00 4.782800e-01 5.000000e+00 
4.792800e-01 4.792800e-01 4.792800e-01 5.000000e+00 4.792800e-01 5.000000e+00 4.792800e-01 5.000000e+00 
4.802800e-01 4.802800e-01 4.802800e-01 5.000000e+00 4.802800e-01 5.000000e+00 4.802800e-01 5.000000e+00 
4.812800e-01 4.812800e-01 4.812800e-01 5.000000e+00 4.812800e-01 5.000000e+00 4.812800e-01 5.000000e+00 
4.822800e-01 4.822800e-01 4.822800e-01 5.000000e+00 4.822800e-01 5.000000e+00 4.822800e-01 5.000000e+00 
4.832800e-01 4.832800e-01 4.832800e-01 5.000000e+00 4.832800e-01 5.000000e+00 4.832800e-01 5.000000e+00 
4.842800e-01 4.842800e-01 4.842800e-01 5.000000e+00 4.842800e-01 5.000000e+00 4.842800e-01 5.000000e+00 
4.852800e-01 4.852800e-01 4.852800e-01 5.000000e+00 4.852800e-01 5.000000e+00 4.852800e-01 5.000000e+00 
4.862800e-01 4.862800e-01 4.862800e-01 5.000000e+00 4.862800e-01 5.000000e+00 4.862800e-01 5.000000e+00 
4.872800e-01 4.872800e-01 4.872800e-01 5.000000e+00 4.872800e-01 5.000000e+00 4.872800e-01 5.000000e+00 
4.882800e-01 4.882800e-01 4.882800e-01 5.000000e+00 4.882800e-01 5.000000e+00 4.882800e-01 5.000000e+00 
4.892800e-01 4.892800e-01 4.892800e-01 5.000000e+00 4.892800e-01 5.000000e+00 4.892800e-01 5.000000e+00 
4.902800e-01 4.902800e-01 4.902800e-01 5.000000e+00 4.902800e-01 5.000000e+00 4.902800e-01 5.000000e+00 
4.912800e-01 4.912800e-01 4.912800e-01 5.000000e+00 4.912800e-01 5.000000e+00 4.912800e-01 5.000000e+00 
4.922800e-01 4.922800e-01 4.922800e-01 5.000000e+00 4.922800e-01 5.000000e+00 4.922800e-01 5.000000e+00 
4.932800e-01 4.932800e-01 4.932800e-01 5.000000e+00 4.932800e-01 5.000000e+00 4.932800e-01 5.000000e+00 
4.942800e-01 4.942800e-01 4.942800e-01 5.000000e+00 4.942800e-01 5.000000e+00 4.942800e-01 5.000000e+00 
4.952800e-01 4.952800e-01 4.952800e-01 5.000000e+00 4.952800e-01 5.000000e+00 4.952800e-01 5.000000e+00 
4.962800e-01 4.962800e-01 4.962800e-01 5.000000e+00 4.962800e-01 5.000000e+00 4.962800e-01 5.000000e+00 
4.972800e-01 4.972800e-01 4.972800e-01 5.000000e+00 4.972800e-01 5.000000e+00 4.972800e-01 5.000000e+00 
4.982800e-01 4.982800e-01 4.982800e-01 5.000000e+00 4.982800e-01 5.000000e+00 4.982800e-01 5.000000e+00 
4.992800e-01 4.992800e-01 4.992800e-01 5.000000e+00 4.992800e-01 5.000000e+00 4.992800e-01 5.000000e+00 
4.998295e-01 4.998295e-01 4.998295e-01 5.000000e+00 4.998295e-01 5.000000e+00 4.998295e-01 5.000000e+00 
5.000390e-01 5.000390e-01 5.000390e-01 5.000000e+00 5.000390e-01 5.000000e+00 5.000390e-01 5.000000e+00 
5.000390e-01 5.000390e-01 5.000390e-01 5.000000e+00 5.000390e-01 5.000000e+00 5.000390e-01 5.000000e+00 
5.000390e-01 5.000390e-01 5.000390e-01 5.000000e+00 5.000390e-01 5.000000e+00 5.000390e-01 5.000000e+00 
5.000390e-01 5.000390e-01 5.000390e-01 5.000000e+00 5.000390e-01 5.000000e+00 5.000390e-01 5.000000e+00 
5.000390e-01 5.000390e-01 5.000390e-01 5.000000e+00 5.000390e-01 5.000000e+00 5.000390e-01 5.000000e+00 
5.000390e-01 5.000390e-01 5.000390e-01 5.000000e+00 5.000390e-01 5.000000e+00 5.000390e-01 5.000000e+00 
5.000390e-01 5.000390e-01 5.000390e-01 0.000000e+00 5.000390e-01 5.000000e+00 5.000390e-01 5.000000e+00 
5.000390e-01 5.000390e-01 5.000390e-01 0.000000e+00 5.000390e-01 5.000000e+00 5.000390e-01 5.000000e+00 
5.000390e-01 5.000390e-01 5.000390e-01 0.000000e+00 5.000390e-01 5.000000e+00 5.000390e-01 5.000000e+00 
5.000390e-01 5.000390e-01 5.000390e-01 0.000000e+00 5.000390e-01 5.000000e+00 5.000390e-01 5.000000e+00 
5.000390e-01 5.000390e-01 5.000390e-01 0.000000e+00 5.000390e-01 5.000000e+00 5.000390e-01 5.000000e+00 
5.000391e-01 5.000391e-01 5.000391e-01 0.000000e+00 5.000391e-01 5.000000e+00 5.000391e-01 5.000000e+00 
5.000391e-01 5.000391e-01 5.000391e-01 0.000000e+00 5.000391e-01 5.000000e+00 5.000391e-01 5.000000e+00 
5.000393e-01 5.000393e-01 5.000393e-01 0.000000e+00 5.000393e-01 5.000000e+00 5.000393e-01 5.000000e+00 
5.000395e-01 5.000395e-01 5.000395e-01 0.000000e+00 5.000395e-01 5.000000e+00 5.000395e-01 5.000000e+00 
5.000401e-01 5.000401e-01 5.000401e-01 0.000000e+00 5.000401e-01 5.000000e+00 5.000401e-01 5.000000e+00 
5.000411e-01 5.000411e-01 5.000411e-01 0.000000e+00 5.000411e-01 5.000000e+00 5.000411e-01 5.000000e+00 
5.000425e-01 5.000425e-01 5.000425e-01 0.000000e+00 5.000425e-01 5.000000e+00 5.000425e-01 5.000000e+00 
5.000447e-01 5.000447e-01 5.000447e-01 0.000000e+00 5.000447e-01 5.000000e+00 5.000447e-01 5.000000e+00 
5.000485e-01 5.000485e-01 5.000485e-01 0.000000e+00 5.000485e-01 5.000000e+00 5.000485e-01 5.000000e+00 
5.000562e-01 5.000562e-01 5.000562e-01 0.000000e+00 5.000562e-01 5.000000e+00 5.000562e-01 5.000000e+00 
5.000717e-01 5.000717e-01 5.000717e-01 0.000000e+00 5.000717e-01 5.000000e+00 5.000717e-01 5.000000e+00 
5.001025e-01 5.001025e-01 5.001025e-01 0.000000e+00 5.001025e-01 5.000000e+00 5.001025e-01 5.000000e+00 
5.001642e-01 5.001642e-01 5.001642e-01 0.000000e+00 5.001642e-01 5.000000e+00 5.001642e-01 5.000000e+00 
5.002581e-01 5.002581e-01 5.002581e-01 0.000000e+00 5.002581e-01 5.000000e+00 5.002581e-01 5.000000e+00 
5.004193e-01 5.004193e-01 5.004193e-01 0.000000e+00 5.004193e-01 5.000000e+00 5.004193e-01 5.000000e+00 
5.007417e-01 5.007417e-01 5.007417e-01 0.000000e+00 5.007417e-01 5.000000e+00 5.007417e-01 5.000000e+00 
5.013865e-01 5.013865e-01 5.013865e-01 0.000000e+00 5.013865e-01 5.000000e+00 5.013865e-01 5.000000e+00 
5.023865e-01 5.023865e-01 5.023865e-01 0.000000e+00 5.023865e-01 5.000000e+00 5.023865e-01 5.000000e+00 
5.033865e-01 5.033865e-01 5.033865e-01 0.000000e+00 5.033865e-01 5.000000e+00 5.033865e-01 5.000000e+00 
5.043865e-01 5.043865e-01 5.043865e-01 0.000000e+00 5.043865e-01 5.000000e+00 5.043865e-01 5.000000e+00 
5.053865e-01 5.053865e-01 5.053865e-01 0.000000e+00 5.053865e-01 5.000000e+00 5.053865e-01 5.000000e+00 
5.063865e-01 5.063865e-01 5.063865e-01 0.000000e+00 5.063865e-01 5.000000e+00 5.063865e-01 5.000000e+00 
5.073865e-01 5.073865e-01 5.073865e-01 0.000000e+00 5.073865e-01 5.000000e+00 5.073865e-01 5.000000e+00 
5.083865e-01 5.083865e-01 5.083865e-01 0.000000e+00 5.083865e-01 5.000000e+00 5.083865e-01 5.000000e+00 
5.093865e-01 5.093865e-01 5.093865e-01 0.000000e+00 5.093865e-01 5.000000e+00 5.093865e-01 5.000000e+00 
5.103865e-01 5.103865e-01 5.103865e-01 0.000000e+00 5.103865e-01 5.000000e+00 5.103865e-01 5.000000e+00 
5.113865e-01 5.113865e-01 5.113865e-01 0.000000e+00 5.113865e-01 5.000000e+00 5.113865e-01 5.000000e+00 
5.123865e-01 5.123865e-01 5.123865e-01 0.000000e+00 5.123865e-01 5.000000e+00 5.123865e-01 5.000000e+00 
5.133865e-01 5.133865e-01 5.133865e-01 0.000000e+00 5.133865e-01 5.000000e+00 5.133865e-01 5.000000e+00 
5.143865e-01 5.143865e-01 5.143865e-01 0.000000e+00 5.143865e-01 5.000000e+00 5.143865e-01 5.000000e+00 
5.153865e-01 5.153865e-01 5.153865e-01 0.000000e+00 5.153865e-01 5.000000e+00 5.153865e-01 5.000000e+00 
5.163865e-01 5.163865e-01 5.163865e-01 0.000000e+00 5.163865e-01 5.000000e+00 5.163865e-01 5.000000e+00 
5.173865e-01 5.173865e-01 5.173865e-01 0.000000e+00 5.173865e-01 5.000000e+00 5.173865e-01 5.000000e+00 
5.183865e-01 5.183865e-01 5.183865e-01 0.000000e+00 5.183865e-01 5.000000e+00 5.183865e-01 5.000000e+00 
5.193865e-01 5.193865e-01 5.193865e-01 0.000000e+00 5.193865e-01 5.000000e+00 5.193865e-01 5.000000e+00 
5.203865e-01 5.203865e-01 5.203865e-01 0.000000e+00 5.203865e-01 5.000000e+00 5.203865e-01 5.000000e+00 
5.213865e-01 5.213865e-01 5.213865e-01 0.000000e+00 5.213865e-01 5.000000e+00 5.213865e-01 5.000000e+00 
5.223865e-01 5.223865e-01 5.223865e-01 0.000000e+00 5.223865e-01 5.000000e+00 5.223865e-01 5.000000e+00 
5.233865e-01 5.233865e-01 5.233865e-01 0.000000e+00 5.233865e-01 5.000000e+00 5.233865e-01 5.000000e+00 
5.243865e-01 5.243865e-01 5.243865e-01 0.000000e+00 5.243865e-01 5.000000e+00 5.243865e-01 5.000000e+00 
5.253865e-01 5.253865e-01 5.253865e-01 0.000000e+00 5.253865e-01 5.000000e+00 5.253865e-01 5.000000e+00 
5.263865e-01 5.263865e-01 5.263865e-01 0.000000e+00 5.263865e-01 5.000000e+00 5.263865e-01 5.000000e+00 
5.273865e-01 5.273865e-01 5.273865e-01 0.000000e+00 5.273865e-01 5.000000e+00 5.273865e-01 5.000000e+00 
5.283865e-01 5.283865e-01 5.283865e-01 0.000000e+00 5.283865e-01 5.000000e+00 5.283865e-01 5.000000e+00 
5.293865e-01 5.293865e-01 5.293865e-01 0.000000e+00 5.293865e-01 5.000000e+00 5.293865e-01 5.000000e+00 
5.303865e-01 5.303865e-01 5.303865e-01 0.000000e+00 5.303865e-01 5.000000e+00 5.303865e-01 5.000000e+00 
5.313865e-01 5.313865e-01 5.313865e-01 0.000000e+00 5.313865e-01 5.000000e+00 5.313865e-01 5.000000e+00 
5.323865e-01 5.323865e-01 5.323865e-01 0.000000e+00 5.323865e-01 5.000000e+00 5.323865e-01 5.000000e+00 
5.333865e-01 5.333865e-01 5.333865e-01 0.000000e+00 5.333865e-01 5.000000e+00 5.333865e-01 5.000000e+00 
5.343865e-01 5.343865e-01 5.343865e-01 0.000000e+00 5.343865e-01 5.000000e+00 5.343865e-01 5.000000e+00 
5.353865e-01 5.353865e-01 5.353865e-01 0.000000e+00 5.353865e-01 5.000000e+00 5.353865e-01 5.000000e+00 
5.363865e-01 5.363865e-01 5.363865e-01 0.000000e+00 5.363865e-01 5.000000e+00 5.363865e-01 5.000000e+00 
5.373865e-01 5.373865e-01 5.373865e-01 0.000000e+00 5.373865e-01 5.000000e+00 5.373865e-01 5.000000e+00 
5.383865e-01 5.383865e-01 5.383865e-01 0.000000e+00 5.383865e-01 5.000000e+00 5.383865e-01 5.000000e+00 
5.393865e-01 5.393865e-01 5.393865e-01 0.000000e+00 5.393865e-01 5.000000e+00 5.393865e-01 5.000000e+00 
5.403865e-01 5.403865e-01 5.403865e-01 0.000000e+00 5.403865e-01 5.000000e+00 5.403865e-01 5.000000e+00 
5.413865e-01 5.413865e-01 5.413865e-01 0.000000e+00 5.413865e-01 5.000000e+00 5.413865e-01 5.000000e+00 
5.423865e-01 5.423865e-01 5.423865e-01 0.000000e+00 5.423865e-01 5.000000e+00 5.423865e-01 5.000000e+00 
5.433865e-01 5.433865e-01 5.433865e-01 0.000000e+00 5.433865e-01 5.000000e+00 5.433865e-01 5.000000e+00 
5.443865e-01 5.443865e-01 5.443865e-01 0.000000e+00 5.443865e-01 5.000000e+00 5.443865e-01 5.000000e+00 
5.453865e-01 5.453865e-01 5.453865e-01 0.000000e+00 5.453865e-01 5.000000e+00 5.453865e-01 5.000000e+00 
5.463865e-01 5.463865e-01 5.463865e-01 0.000000e+00 5.463865e-01 5.000000e+00 5.463865e-01 5.000000e+00 
5.473865e-01 5.473865e-01 5.473865e-01 0.000000e+00 5.473865e-01 5.000000e+00 5.473865e-01 5.000000e+00 
5.483865e-01 5.483865e-01 5.483865e-01 0.000000e+00 5.483865e-01 5.000000e+00 5.483865e-01 5.000000e+00 
5.493865e-01 5.493865e-01 5.493865e-01 0.000000e+00 5.493865e-01 5.000000e+00 5.493865e-01 5.000000e+00 
5.503865e-01 5.503865e-01 5.503865e-01 0.000000e+00 5.503865e-01 5.000000e+00 5.503865e-01 5.000000e+00 
5.513865e-01 5.513865e-01 5.513865e-01 0.000000e+00 5.513865e-01 5.000000e+00 5.513865e-01 5.000000e+00 
5.523865e-01 5.523865e-01 5.523865e-01 0.000000e+00 5.523865e-01 5.000000e+00 5.523865e-01 5.000000e+00 
5.533865e-01 5.533865e-01 5.533865e-01 0.000000e+00 5.533865e-01 5.000000e+00 5.533865e-01 5.000000e+00 
5.543865e-01 5.543865e-01 5.543865e-01 0.000000e+00 5.543865e-01 5.000000e+00 5.543865e-01 5.000000e+00 
5.553865e-01 5.553865e-01 5.553865e-01 0.000000e+00 5.553865e-01 5.000000e+00 5.553865e-01 5.000000e+00 
5.563865e-01 5.563865e-01 5.563865e-01 0.000000e+00 5.563865e-01 5.000000e+00 5.563865e-01 5.000000e+00 
5.573865e-01 5.573865e-01 5.573865e-01 0.000000e+00 5.573865e-01 5.000000e+00 5.573865e-01 5.000000e+00 
5.583865e-01 5.583865e-01 5.583865e-01 0.000000e+00 5.583865e-01 5.000000e+00 5.583865e-01 5.000000e+00 
5.593865e-01 5.593865e-01 5.593865e-01 0.000000e+00 5.593865e-01 5.000000e+00 5.593865e-01 5.000000e+00 
5.603865e-01 5.603865e-01 5.603865e-01 0.000000e+00 5.603865e-01 5.000000e+00 5.603865e-01 5.000000e+00 
5.613865e-01 5.613865e-01 5.613865e-01 0.000000e+00 5.613865e-01 5.000000e+00 5.613865e-01 5.000000e+00 
5.623865e-01 5.623865e-01 5.623865e-01 0.000000e+00 5.623865e-01 5.000000e+00 5.623865e-01 5.000000e+00 
5.633865e-01 5.633865e-01 5.633865e-01 0.000000e+00 5.633865e-01 5.000000e+00 5.633865e-01 5.000000e+00 
5.643865e-01 5.643865e-01 5.643865e-01 0.000000e+00 5.643865e-01 5.000000e+00 5.643865e-01 5.000000e+00 
5.653865e-01 5.653865e-01 5.653865e-01 0.000000e+00 5.653865e-01 5.000000e+00 5.653865e-01 5.000000e+00 
5.663865e-01 5.663865e-01 5.663865e-01 0.000000e+00 5.663865e-01 5.000000e+00 5.663865e-01 5.000000e+00 
5.673865e-01 5.673865e-01 5.673865e-01 0.000000e+00 5.673865e-01 5.000000e+00 5.673865e-01 5.000000e+00 
5.683865e-01 5.683865e-01 5.683865e-01 0.000000e+00 5.683865e-01 5.000000e+00 5.683865e-01 5.000000e+00 
5.693865e-01 5.693865e-01 5.693865e-01 0.000000e+00 5.693865e-01 5.000000e+00 5.693865e-01 5.000000e+00 
5.703865e-01 5.703865e-01 5.703865e-01 0.000000e+00 5.703865e-01 5.000000e+00 5.703865e-01 5.000000e+00 
5.713865e-01 5.713865e-01 5.713865e-01 0.000000e+00 5.713865e-01 5.000000e+00 5.713865e-01 5.000000e+00 
5.723865e-01 5.723865e-01 5.723865e-01 0.000000e+00 5.723865e-01 5.000000e+00 5.723865e-01 5.000000e+00 
5.733865e-01 5.733865e-01 5.733865e-01 0.000000e+00 5.733865e-01 5.000000e+00 5.733865e-01 5.000000e+00 
5.743865e-01 5.743865e-01 5.743865e-01 0.000000e+00 5.743865e-01 5.000000e+00 5.743865e-01 5.000000e+00 
5.753865e-01 5.753865e-01 5.753865e-01 0.000000e+00 5.753865e-01 5.000000e+00 5.753865e-01 5.000000e+00 
5.763865e-01 5.763865e-01 5.763865e-01 0.000000e+00 5.763865e-01 5.000000e+00 5.763865e-01 5.000000e+00 
5.773865e-01 5.773865e-01 5.773865e-01 0.000000e+00 5.773865e-01 5.000000e+00 5.773865e-01 5.000000e+00 
5.783865e-01 5.783865e-01 5.783865e-01 0.000000e+00 5.783865e-01 5.000000e+00 5.783865e-01 5.000000e+00 
5.793865e-01 5.793865e-01 5.793865e-01 0.000000e+00 5.793865e-01 5.000000e+00 5.793865e-01 5.000000e+00 
5.803865e-01 5.803865e-01 5.803865e-01 0.000000e+00 5.803865e-01 5.000000e+00 5.803865e-01 5.000000e+00 
5.813865e-01 5.813865e-01 5.813865e-01 0.000000e+00 5.813865e-01 5.000000e+00 5.813865e-01 5.000000e+00 
5.823865e-01 5.823865e-01 5.823865e-01 0.000000e+00 5.823865e-01 5.000000e+00 5.823865e-01 5.000000e+00 
5.833865e-01 5.833865e-01 5.833865e-01 0.000000e+00 5.833865e-01 5.000000e+00 5.833865e-01 5.000000e+00 
5.843865e-01 5.843865e-01 5.843865e-01 0.000000e+00 5.843865e-01 5.000000e+00 5.843865e-01 5.000000e+00 
5.853865e-01 5.853865e-01 5.853865e-01 0.000000e+00 5.853865e-01 5.000000e+00 5.853865e-01 5.000000e+00 
5.863865e-01 5.863865e-01 5.863865e-01 0.000000e+00 5.863865e-01 5.000000e+00 5.863865e-01 5.000000e+00 
5.873865e-01 5.873865e-01 5.873865e-01 0.000000e+00 5.873865e-01 5.000000e+00 5.873865e-01 5.000000e+00 
5.883865e-01 5.883865e-01 5.883865e-01 0.000000e+00 5.883865e-01 5.000000e+00 5.883865e-01 5.000000e+00 
5.893865e-01 5.893865e-01 5.893865e-01 0.000000e+00 5.893865e-01 5.000000e+00 5.893865e-01 5.000000e+00 
5.903865e-01 5.903865e-01 5.903865e-01 0.000000e+00 5.903865e-01 5.000000e+00 5.903865e-01 5.000000e+00 
5.913865e-01 5.913865e-01 5.913865e-01 0.000000e+00 5.913865e-01 5.000000e+00 5.913865e-01 5.000000e+00 
5.923865e-01 5.923865e-01 5.923865e-01 0.000000e+00 5.923865e-01 5.000000e+00 5.923865e-01 5.000000e+00 
5.933865e-01 5.933865e-01 5.933865e-01 0.000000e+00 5.933865e-01 5.000000e+00 5.933865e-01 5.000000e+00 
5.943865e-01 5.943865e-01 5.943865e-01 0.000000e+00 5.943865e-01 5.000000e+00 5.943865e-01 5.000000e+00 
5.953865e-01 5.953865e-01 5.953865e-01 0.000000e+00 5.953865e-01 5.000000e+00 5.953865e-01 5.000000e+00 
5.963865e-01 5.963865e-01 5.963865e-01 0.000000e+00 5.963865e-01 5.000000e+00 5.963865e-01 5.000000e+00 
5.973865e-01 5.973865e-01 5.973865e-01 0.000000e+00 5.973865e-01 5.000000e+00 5.973865e-01 5.000000e+00 
5.983865e-01 5.983865e-01 5.983865e-01 0.000000e+00 5.983865e-01 5.000000e+00 5.983865e-01 5.000000e+00 
5.993865e-01 5.993865e-01 5.993865e-01 0.000000e+00 5.993865e-01 5.000000e+00 5.993865e-01 5.000000e+00 
6.003865e-01 6.003865e-01 6.003865e-01 0.000000e+00 6.003865e-01 5.000000e+00 6.003865e-01 5.000000e+00 
6.013865e-01 6.013865e-01 6.013865e-01 0.000000e+00 6.013865e-01 5.000000e+00 6.013865e-01 5.000000e+00 
6.023865e-01 6.023865e-01 6.023865e-01 0.000000e+00 6.023865e-01 5.000000e+00 6.023865e-01 5.000000e+00 
6.033865e-01 6.033865e-01 6.033865e-01 0.000000e+00 6.033865e-01 5.000000e+00 6.033865e-01 5.000000e+00 
6.043865e-01 6.043865e-01 6.043865e-01 0.000000e+00 6.043865e-01 5.000000e+00 6.043865e-01 5.000000e+00 
6.053865e-01 6.053865e-01 6.053865e-01 0.000000e+00 6.053865e-01 5.000000e+00 6.053865e-01 5.000000e+00 
6.063865e-01 6.063865e-01 6.063865e-01 0.000000e+00 6.063865e-01 5.000000e+00 6.063865e-01 5.000000e+00 
6.073865e-01 6.073865e-01 6.073865e-01 0.000000e+00 6.073865e-01 5.000000e+00 6.073865e-01 5.000000e+00 
6.083865e-01 6.083865e-01 6.083865e-01 0.000000e+00 6.083865e-01 5.000000e+00 6.083865e-01 5.000000e+00 
6.093865e-01 6.093865e-01 6.093865e-01 0.000000e+00 6.093865e-01 5.000000e+00 6.093865e-01 5.000000e+00 
6.103865e-01 6.103865e-01 6.103865e-01 0.000000e+00 6.103865e-01 5.000000e+00 6.103865e-01 5.000000e+00 
6.113865e-01 6.113865e-01 6.113865e-01 0.000000e+00 6.113865e-01 5.000000e+00 6.113865e-01 5.000000e+00 
6.123865e-01 6.123865e-01 6.123865e-01 0.000000e+00 6.123865e-01 5.000000e+00 6.123865e-01 5.000000e+00 
6.133865e-01 6.133865e-01 6.133865e-01 0.000000e+00 6.133865e-01 5.000000e+00 6.133865e-01 5.000000e+00 
6.143865e-01 6.143865e-01 6.143865e-01 0.000000e+00 6.143865e-01 5.000000e+00 6.143865e-01 5.000000e+00 
6.153865e-01 6.153865e-01 6.153865e-01 0.000000e+00 6.153865e-01 5.000000e+00 6.153865e-01 5.000000e+00 
6.163865e-01 6.163865e-01 6.163865e-01 0.000000e+00 6.163865e-01 5.000000e+00 6.163865e-01 5.000000e+00 
6.173865e-01 6.173865e-01 6.173865e-01 0.000000e+00 6.173865e-01 5.000000e+00 6.173865e-01 5.000000e+00 
6.183865e-01 6.183865e-01 6.183865e-01 0.000000e+00 6.183865e-01 5.000000e+00 6.183865e-01 5.000000e+00 
6.193865e-01 6.193865e-01 6.193865e-01 0.000000e+00 6.193865e-01 5.000000e+00 6.193865e-01 5.000000e+00 
6.203865e-01 6.203865e-01 6.203865e-01 0.000000e+00 6.203865e-01 5.000000e+00 6.203865e-01 5.000000e+00 
6.213865e-01 6.213865e-01 6.213865e-01 0.000000e+00 6.213865e-01 5.000000e+00 6.213865e-01 5.000000e+00 
6.223865e-01 6.223865e-01 6.223865e-01 0.000000e+00 6.223865e-01 5.000000e+00 6.223865e-01 5.000000e+00 
6.233865e-01 6.233865e-01 6.233865e-01 0.000000e+00 6.233865e-01 5.000000e+00 6.233865e-01 5.000000e+00 
6.243865e-01 6.243865e-01 6.243865e-01 0.000000e+00 6.243865e-01 5.000000e+00 6.243865e-01 5.000000e+00 
6.253865e-01 6.253865e-01 6.253865e-01 0.000000e+00 6.253865e-01 5.000000e+00 6.253865e-01 5.000000e+00 
6.263865e-01 6.263865e-01 6.263865e-01 0.000000e+00 6.263865e-01 5.000000e+00 6.263865e-01 5.000000e+00 
6.273865e-01 6.273865e-01 6.273865e-01 0.000000e+00 6.273865e-01 5.000000e+00 6.273865e-01 5.000000e+00 
6.283865e-01 6.283865e-01 6.283865e-01 0.000000e+00 6.283865e-01 5.000000e+00 6.283865e-01 5.000000e+00 
6.293865e-01 6.293865e-01 6.293865e-01 0.000000e+00 6.293865e-01 5.000000e+00 6.293865e-01 5.000000e+00 
6.303865e-01 6.303865e-01 6.303865e-01 0.000000e+00 6.303865e-01 5.000000e+00 6.303865e-01 5.000000e+00 
6.313865e-01 6.313865e-01 6.313865e-01 0.000000e+00 6.313865e-01 5.000000e+00 6.313865e-01 5.000000e+00 
6.323865e-01 6.323865e-01 6.323865e-01 0.000000e+00 6.323865e-01 5.000000e+00 6.323865e-01 5.000000e+00 
6.333865e-01 6.333865e-01 6.333865e-01 0.000000e+00 6.333865e-01 5.000000e+00 6.333865e-01 5.000000e+00 
6.343865e-01 6.343865e-01 6.343865e-01 0.000000e+00 6.343865e-01 5.000000e+00 6.343865e-01 5.000000e+00 
6.353865e-01 6.353865e-01 6.353865e-01 0.000000e+00 6.353865e-01 5.000000e+00 6.353865e-01 5.000000e+00 
6.363865e-01 6.363865e-01 6.363865e-01 0.000000e+00 6.363865e-01 5.000000e+00 6.363865e-01 5.000000e+00 
6.373865e-01 6.373865e-01 6.373865e-01 0.000000e+00 6.373865e-01 5.000000e+00 6.373865e-01 5.000000e+00 
6.383865e-01 6.383865e-01 6.383865e-01 0.000000e+00 6.383865e-01 5.000000e+00 6.383865e-01 5.000000e+00 
6.393865e-01 6.393865e-01 6.393865e-01 0.000000e+00 6.393865e-01 5.000000e+00 6.393865e-01 5.000000e+00 
6.403865e-01 6.403865e-01 6.403865e-01 0.000000e+00 6.403865e-01 5.000000e+00 6.403865e-01 5.000000e+00 
6.413865e-01 6.413865e-01 6.413865e-01 0.000000e+00 6.413865e-01 5.000000e+00 6.413865e-01 5.000000e+00 
6.423865e-01 6.423865e-01 6.423865e-01 0.000000e+00 6.423865e-01 5.000000e+00 6.423865e-01 5.000000e+00 
6.433865e-01 6.433865e-01 6.433865e-01 0.000000e+00 6.433865e-01 5.000000e+00 6.433865e-01 5.000000e+00 
6.443865e-01 6.443865e-01 6.443865e-01 0.000000e+00 6.443865e-01 5.000000e+00 6.443865e-01 5.000000e+00 
6.453865e-01 6.453865e-01 6.453865e-01 0.000000e+00 6.453865e-01 5.000000e+00 6.453865e-01 5.000000e+00 
6.463865e-01 6.463865e-01 6.463865e-01 0.000000e+00 6.463865e-01 5.000000e+00 6.463865e-01 5.000000e+00 
6.473865e-01 6.473865e-01 6.473865e-01 0.000000e+00 6.473865e-01 5.000000e+00 6.473865e-01 5.000000e+00 
6.483865e-01 6.483865e-01 6.483865e-01 0.000000e+00 6.483865e-01 5.000000e+00 6.483865e-01 5.000000e+00 
6.493865e-01 6.493865e-01 6.493865e-01 0.000000e+00 6.493865e-01 5.000000e+00 6.493865e-01 5.000000e+00 
6.503865e-01 6.503865e-01 6.503865e-01 0.000000e+00 6.503865e-01 5.000000e+00 6.503865e-01 5.000000e+00 
6.513865e-01 6.513865e-01 6.513865e-01 0.000000e+00 6.513865e-01 5.000000e+00 6.513865e-01 5.000000e+00 
6.523865e-01 6.523865e-01 6.523865e-01 0.000000e+00 6.523865e-01 5.000000e+00 6.523865e-01 5.000000e+00 
6.533865e-01 6.533865e-01 6.533865e-01 0.000000e+00 6.533865e-01 5.000000e+00 6.533865e-01 5.000000e+00 
6.543865e-01 6.543865e-01 6.543865e-01 0.000000e+00 6.543865e-01 5.000000e+00 6.543865e-01 5.000000e+00 
6.553865e-01 6.553865e-01 6.553865e-01 0.000000e+00 6.553865e-01 5.000000e+00 6.553865e-01 5.000000e+00 
6.563865e-01 6.563865e-01 6.563865e-01 0.000000e+00 6.563865e-01 5.000000e+00 6.563865e-01 5.000000e+00 
6.573865e-01 6.573865e-01 6.573865e-01 0.000000e+00 6.573865e-01 5.000000e+00 6.573865e-01 5.000000e+00 
6.583865e-01 6.583865e-01 6.583865e-01 0.000000e+00 6.583865e-01 5.000000e+00 6.583865e-01 5.000000e+00 
6.593865e-01 6.593865e-01 6.593865e-01 0.000000e+00 6.593865e-01 5.000000e+00 6.593865e-01 5.000000e+00 
6.603865e-01 6.603865e-01 6.603865e-01 0.000000e+00 6.603865e-01 5.000000e+00 6.603865e-01 5.000000e+00 
6.613865e-01 6.613865e-01 6.613865e-01 0.000000e+00 6.613865e-01 5.000000e+00 6.613865e-01 5.000000e+00 
6.623865e-01 6.623865e-01 6.623865e-01 0.000000e+00 6.623865e-01 5.000000e+00 6.623865e-01 5.000000e+00 
6.633865e-01 6.633865e-01 6.633865e-01 0.000000e+00 6.633865e-01 5.000000e+00 6.633865e-01 5.000000e+00 
6.643865e-01 6.643865e-01 6.643865e-01 0.000000e+00 6.643865e-01 5.000000e+00 6.643865e-01 5.000000e+00 
6.653865e-01 6.653865e-01 6.653865e-01 0.000000e+00 6.653865e-01 5.000000e+00 6.653865e-01 5.000000e+00 
6.663865e-01 6.663865e-01 6.663865e-01 0.000000e+00 6.663865e-01 5.000000e+00 6.663865e-01 5.000000e+00 
6.673865e-01 6.673865e-01 6.673865e-01 0.000000e+00 6.673865e-01 5.000000e+00 6.673865e-01 5.000000e+00 
6.683865e-01 6.683865e-01 6.683865e-01 0.000000e+00 6.683865e-01 5.000000e+00 6.683865e-01 5.000000e+00 
6.693865e-01 6.693865e-01 6.693865e-01 0.000000e+00 6.693865e-01 5.000000e+00 6.693865e-01 5.000000e+00 
6.703865e-01 6.703865e-01 6.703865e-01 0.000000e+00 6.703865e-01 5.000000e+00 6.703865e-01 5.000000e+00 
6.713865e-01 6.713865e-01 6.713865e-01 0.000000e+00 6.713865e-01 5.000000e+00 6.713865e-01 5.000000e+00 
6.723865e-01 6.723865e-01 6.723865e-01 0.000000e+00 6.723865e-01 5.000000e+00 6.723865e-01 5.000000e+00 
6.733865e-01 6.733865e-01 6.733865e-01 0.000000e+00 6.733865e-01 5.000000e+00 6.733865e-01 5.000000e+00 
6.743865e-01 6.743865e-01 6.743865e-01 0.000000e+00 6.743865e-01 5.000000e+00 6.743865e-01 5.000000e+00 
6.753865e-01 6.753865e-01 6.753865e-01 0.000000e+00 6.753865e-01 5.000000e+00 6.753865e-01 5.000000e+00 
6.763865e-01 6.763865e-01 6.763865e-01 0.000000e+00 6.763865e-01 5.000000e+00 6.763865e-01 5.000000e+00 
6.773865e-01 6.773865e-01 6.773865e-01 0.000000e+00 6.773865e-01 5.000000e+00 6.773865e-01 5.000000e+00 
6.783865e-01 6.783865e-01 6.783865e-01 0.000000e+00 6.783865e-01 5.000000e+00 6.783865e-01 5.000000e+00 
6.793865e-01 6.793865e-01 6.793865e-01 0.000000e+00 6.793865e-01 5.000000e+00 6.793865e-01 5.000000e+00 
6.803865e-01 6.803865e-01 6.803865e-01 0.000000e+00 6.803865e-01 5.000000e+00 6.803865e-01 5.000000e+00 
6.813865e-01 6.813865e-01 6.813865e-01 0.000000e+00 6.813865e-01 5.000000e+00 6.813865e-01 5.000000e+00 
6.823865e-01 6.823865e-01 6.823865e-01 0.000000e+00 6.823865e-01 5.000000e+00 6.823865e-01 5.000000e+00 
6.833865e-01 6.833865e-01 6.833865e-01 0.000000e+00 6.833865e-01 5.000000e+00 6.833865e-01 5.000000e+00 
6.843865e-01 6.843865e-01 6.843865e-01 0.000000e+00 6.843865e-01 5.000000e+00 6.843865e-01 5.000000e+00 
6.853865e-01 6.853865e-01 6.853865e-01 0.000000e+00 6.853865e-01 5.000000e+00 6.853865e-01 5.000000e+00 
6.863865e-01 6.863865e-01 6.863865e-01 0.000000e+00 6.863865e-01 5.000000e+00 6.863865e-01 5.000000e+00 
6.873865e-01 6.873865e-01 6.873865e-01 0.000000e+00 6.873865e-01 5.000000e+00 6.873865e-01 5.000000e+00 
6.883865e-01 6.883865e-01 6.883865e-01 0.000000e+00 6.883865e-01 5.000000e+00 6.883865e-01 5.000000e+00 
6.893865e-01 6.893865e-01 6.893865e-01 0.000000e+00 6.893865e-01 5.000000e+00 6.893865e-01 5.000000e+00 
6.903865e-01 6.903865e-01 6.903865e-01 0.000000e+00 6.903865e-01 5.000000e+00 6.903865e-01 5.000000e+00 
6.913865e-01 6.913865e-01 6.913865e-01 0.000000e+00 6.913865e-01 5.000000e+00 6.913865e-01 5.000000e+00 
6.923865e-01 6.923865e-01 6.923865e-01 0.000000e+00 6.923865e-01 5.000000e+00 6.923865e-01 5.000000e+00 
6.933865e-01 6.933865e-01 6.933865e-01 0.000000e+00 6.933865e-01 5.000000e+00 6.933865e-01 5.000000e+00 
6.943865e-01 6.943865e-01 6.943865e-01 0.000000e+00 6.943865e-01 5.000000e+00 6.943865e-01 5.000000e+00 
6.953865e-01 6.953865e-01 6.953865e-01 0.000000e+00 6.953865e-01 5.000000e+00 6.953865e-01 5.000000e+00 
6.963865e-01 6.963865e-01 6.963865e-01 0.000000e+00 6.963865e-01 5.000000e+00 6.963865e-01 5.000000e+00 
6.973865e-01 6.973865e-01 6.973865e-01 0.000000e+00 6.973865e-01 5.000000e+00 6.973865e-01 5.000000e+00 
6.983865e-01 6.983865e-01 6.983865e-01 0.000000e+00 6.983865e-01 5.000000e+00 6.983865e-01 5.000000e+00 
6.993865e-01 6.993865e-01 6.993865e-01 0.000000e+00 6.993865e-01 5.000000e+00 6.993865e-01 5.000000e+00 
7.003865e-01 7.003865e-01 7.003865e-01 0.000000e+00 7.003865e-01 5.000000e+00 7.003865e-01 5.000000e+00 
7.013865e-01 7.013865e-01 7.013865e-01 0.000000e+00 7.013865e-01 5.000000e+00 7.013865e-01 5.000000e+00 
7.023865e-01 7.023865e-01 7.023865e-01 0.000000e+00 7.023865e-01 5.000000e+00 7.023865e-01 5.000000e+00 
7.033865e-01 7.033865e-01 7.033865e-01 0.000000e+00 7.033865e-01 5.000000e+00 7.033865e-01 5.000000e+00 
7.043865e-01 7.043865e-01 7.043865e-01 0.000000e+00 7.043865e-01 5.000000e+00 7.043865e-01 5.000000e+00 
7.053865e-01 7.053865e-01 7.053865e-01 0.000000e+00 7.053865e-01 5.000000e+00 7.053865e-01 5.000000e+00 
7.063865e-01 7.063865e-01 7.063865e-01 0.000000e+00 7.063865e-01 5.000000e+00 7.063865e-01 5.000000e+00 
7.073865e-01 7.073865e-01 7.073865e-01 0.000000e+00 7.073865e-01 5.000000e+00 7.073865e-01 5.000000e+00 
7.083865e-01 7.083865e-01 7.083865e-01 0.000000e+00 7.083865e-01 5.000000e+00 7.083865e-01 5.000000e+00 
7.093865e-01 7.093865e-01 7.093865e-01 0.000000e+00 7.093865e-01 5.000000e+00 7.093865e-01 5.000000e+00 
7.103865e-01 7.103865e-01 7.103865e-01 0.000000e+00 7.103865e-01 5.000000e+00 7.103865e-01 5.000000e+00 
7.113865e-01 7.113865e-01 7.113865e-01 0.000000e+00 7.113865e-01 5.000000e+00 7.113865e-01 5.000000e+00 
7.123865e-01 7.123865e-01 7.123865e-01 0.000000e+00 7.123865e-01 5.000000e+00 7.123865e-01 5.000000e+00 
7.133865e-01 7.133865e-01 7.133865e-01 0.000000e+00 7.133865e-01 5.000000e+00 7.133865e-01 5.000000e+00 
7.143865e-01 7.143865e-01 7.143865e-01 0.000000e+00 7.143865e-01 5.000000e+00 7.143865e-01 5.000000e+00 
7.153865e-01 7.153865e-01 7.153865e-01 0.000000e+00 7.153865e-01 5.000000e+00 7.153865e-01 5.000000e+00 
7.163865e-01 7.163865e-01 7.163865e-01 0.000000e+00 7.163865e-01 5.000000e+00 7.163865e-01 5.000000e+00 
7.173865e-01 7.173865e-01 7.173865e-01 0.000000e+00 7.173865e-01 5.000000e+00 7.173865e-01 5.000000e+00 
7.183865e-01 7.183865e-01 7.183865e-01 0.000000e+00 7.183865e-01 5.000000e+00 7.183865e-01 5.000000e+00 
7.193865e-01 7.193865e-01 7.193865e-01 0.000000e+00 7.193865e-01 5.000000e+00 7.193865e-01 5.000000e+00 
7.203865e-01 7.203865e-01 7.203865e-01 0.000000e+00 7.203865e-01 5.000000e+00 7.203865e-01 5.000000e+00 
7.213865e-01 7.213865e-01 7.213865e-01 0.000000e+00 7.213865e-01 5.000000e+00 7.213865e-01 5.000000e+00 
7.223865e-01 7.223865e-01 7.223865e-01 0.000000e+00 7.223865e-01 5.000000e+00 7.223865e-01 5.000000e+00 
7.233865e-01 7.233865e-01 7.233865e-01 0.000000e+00 7.233865e-01 5.000000e+00 7.233865e-01 5.000000e+00 
7.243865e-01 7.243865e-01 7.243865e-01 0.000000e+00 7.243865e-01 5.000000e+00 7.243865e-01 5.000000e+00 
7.253865e-01 7.253865e-01 7.253865e-01 0.000000e+00 7.253865e-01 5.000000e+00 7.253865e-01 5.000000e+00 
7.263865e-01 7.263865e-01 7.263865e-01 0.000000e+00 7.263865e-01 5.000000e+00 7.263865e-01 5.000000e+00 
7.273865e-01 7.273865e-01 7.273865e-01 0.000000e+00 7.273865e-01 5.000000e+00 7.273865e-01 5.000000e+00 
7.283865e-01 7.283865e-01 7.283865e-01 0.000000e+00 7.283865e-01 5.000000e+00 7.283865e-01 5.000000e+00 
7.293865e-01 7.293865e-01 7.293865e-01 0.000000e+00 7.293865e-01 5.000000e+00 7.293865e-01 5.000000e+00 
7.303865e-01 7.303865e-01 7.303865e-01 0.000000e+00 7.303865e-01 5.000000e+00 7.303865e-01 5.000000e+00 
7.313865e-01 7.313865e-01 7.313865e-01 0.000000e+00 7.313865e-01 5.000000e+00 7.313865e-01 5.000000e+00 
7.323865e-01 7.323865e-01 7.323865e-01 0.000000e+00 7.323865e-01 5.000000e+00 7.323865e-01 5.000000e+00 
7.333865e-01 7.333865e-01 7.333865e-01 0.000000e+00 7.333865e-01 5.000000e+00 7.333865e-01 5.000000e+00 
7.343865e-01 7.343865e-01 7.343865e-01 0.000000e+00 7.343865e-01 5.000000e+00 7.343865e-01 5.000000e+00 
7.353865e-01 7.353865e-01 7.353865e-01 0.000000e+00 7.353865e-01 5.000000e+00 7.353865e-01 5.000000e+00 
7.363865e-01 7.363865e-01 7.363865e-01 0.000000e+00 7.363865e-01 5.000000e+00 7.363865e-01 5.000000e+00 
7.373865e-01 7.373865e-01 7.373865e-01 0.000000e+00 7.373865e-01 5.000000e+00 7.373865e-01 5.000000e+00 
7.383865e-01 7.383865e-01 7.383865e-01 0.000000e+00 7.383865e-01 5.000000e+00 7.383865e-01 5.000000e+00 
7.393865e-01 7.393865e-01 7.393865e-01 0.000000e+00 7.393865e-01 5.000000e+00 7.393865e-01 5.000000e+00 
7.403865e-01 7.403865e-01 7.403865e-01 0.000000e+00 7.403865e-01 5.000000e+00 7.403865e-01 5.000000e+00 
7.413865e-01 7.413865e-01 7.413865e-01 0.000000e+00 7.413865e-01 5.000000e+00 7.413865e-01 5.000000e+00 
7.423865e-01 7.423865e-01 7.423865e-01 0.000000e+00 7.423865e-01 5.000000e+00 7.423865e-01 5.000000e+00 
7.433865e-01 7.433865e-01 7.433865e-01 0.000000e+00 7.433865e-01 5.000000e+00 7.433865e-01 5.000000e+00 
7.443865e-01 7.443865e-01 7.443865e-01 0.000000e+00 7.443865e-01 5.000000e+00 7.443865e-01 5.000000e+00 
7.453865e-01 7.453865e-01 7.453865e-01 0.000000e+00 7.453865e-01 5.000000e+00 7.453865e-01 5.000000e+00 
7.463865e-01 7.463865e-01 7.463865e-01 0.000000e+00 7.463865e-01 5.000000e+00 7.463865e-01 5.000000e+00 
7.473865e-01 7.473865e-01 7.473865e-01 0.000000e+00 7.473865e-01 5.000000e+00 7.473865e-01 5.000000e+00 
7.483865e-01 7.483865e-01 7.483865e-01 0.000000e+00 7.483865e-01 5.000000e+00 7.483865e-01 5.000000e+00 
7.493865e-01 7.493865e-01 7.493865e-01 0.000000e+00 7.493865e-01 5.000000e+00 7.493865e-01 5.000000e+00 
7.503865e-01 7.503865e-01 7.503865e-01 0.000000e+00 7.503865e-01 5.000000e+00 7.503865e-01 5.000000e+00 
7.513865e-01 7.513865e-01 7.513865e-01 0.000000e+00 7.513865e-01 5.000000e+00 7.513865e-01 5.000000e+00 
7.523865e-01 7.523865e-01 7.523865e-01 0.000000e+00 7.523865e-01 5.000000e+00 7.523865e-01 5.000000e+00 
7.533865e-01 7.533865e-01 7.533865e-01 0.000000e+00 7.533865e-01 5.000000e+00 7.533865e-01 5.000000e+00 
7.543865e-01 7.543865e-01 7.543865e-01 0.000000e+00 7.543865e-01 5.000000e+00 7.543865e-01 5.000000e+00 
7.553865e-01 7.553865e-01 7.553865e-01 0.000000e+00 7.553865e-01 5.000000e+00 7.553865e-01 5.000000e+00 
7.563865e-01 7.563865e-01 7.563865e-01 0.000000e+00 7.563865e-01 5.000000e+00 7.563865e-01 5.000000e+00 
7.573865e-01 7.573865e-01 7.573865e-01 0.000000e+00 7.573865e-01 5.000000e+00 7.573865e-01 5.000000e+00 
7.583865e-01 7.583865e-01 7.583865e-01 0.000000e+00 7.583865e-01 5.000000e+00 7.583865e-01 5.000000e+00 
7.593865e-01 7.593865e-01 7.593865e-01 0.000000e+00 7.593865e-01 5.000000e+00 7.593865e-01 5.000000e+00 
7.603865e-01 7.603865e-01 7.603865e-01 0.000000e+00 7.603865e-01 5.000000e+00 7.603865e-01 5.000000e+00 
7.613865e-01 7.613865e-01 7.613865e-01 0.000000e+00 7.613865e-01 5.000000e+00 7.613865e-01 5.000000e+00 
7.623865e-01 7.623865e-01 7.623865e-01 0.000000e+00 7.623865e-01 5.000000e+00 7.623865e-01 5.000000e+00 
7.633865e-01 7.633865e-01 7.633865e-01 0.000000e+00 7.633865e-01 5.000000e+00 7.633865e-01 5.000000e+00 
7.643865e-01 7.643865e-01 7.643865e-01 0.000000e+00 7.643865e-01 5.000000e+00 7.643865e-01 5.000000e+00 
7.653865e-01 7.653865e-01 7.653865e-01 0.000000e+00 7.653865e-01 5.000000e+00 7.653865e-01 5.000000e+00 
7.663865e-01 7.663865e-01 7.663865e-01 0.000000e+00 7.663865e-01 5.000000e+00 7.663865e-01 5.000000e+00 
7.673865e-01 7.673865e-01 7.673865e-01 0.000000e+00 7.673865e-01 5.000000e+00 7.673865e-01 5.000000e+00 
7.683865e-01 7.683865e-01 7.683865e-01 0.000000e+00 7.683865e-01 5.000000e+00 7.683865e-01 5.000000e+00 
7.693865e-01 7.693865e-01 7.693865e-01 0.000000e+00 7.693865e-01 5.000000e+00 7.693865e-01 5.000000e+00 
7.703865e-01 7.703865e-01 7.703865e-01 0.000000e+00 7.703865e-01 5.000000e+00 7.703865e-01 5.000000e+00 
7.713865e-01 7.713865e-01 7.713865e-01 0.000000e+00 7.713865e-01 5.000000e+00 7.713865e-01 5.000000e+00 
7.723865e-01 7.723865e-01 7.723865e-01 0.000000e+00 7.723865e-01 5.000000e+00 7.723865e-01 5.000000e+00 
7.733865e-01 7.733865e-01 7.733865e-01 0.000000e+00 7.733865e-01 5.000000e+00 7.733865e-01 5.000000e+00 
7.743865e-01 7.743865e-01 7.743865e-01 0.000000e+00 7.743865e-01 5.000000e+00 7.743865e-01 5.000000e+00 
7.753865e-01 7.753865e-01 7.753865e-01 0.000000e+00 7.753865e-01 5.000000e+00 7.753865e-01 5.000000e+00 
7.763865e-01 7.763865e-01 7.763865e-01 0.000000e+00 7.763865e-01 5.000000e+00 7.763865e-01 5.000000e+00 
7.773865e-01 7.773865e-01 7.773865e-01 0.000000e+00 7.773865e-01 5.000000e+00 7.773865e-01 5.000000e+00 
7.783865e-01 7.783865e-01 7.783865e-01 0.000000e+00 7.783865e-01 5.000000e+00 7.783865e-01 5.000000e+00 
7.793865e-01 7.793865e-01 7.793865e-01 0.000000e+00 7.793865e-01 5.000000e+00 7.793865e-01 5.000000e+00 
7.803865e-01 7.803865e-01 7.803865e-01 0.000000e+00 7.803865e-01 5.000000e+00 7.803865e-01 5.000000e+00 
7.813865e-01 7.813865e-01 7.813865e-01 0.000000e+00 7.813865e-01 5.000000e+00 7.813865e-01 5.000000e+00 
7.823865e-01 7.823865e-01 7.823865e-01 0.000000e+00 7.823865e-01 5.000000e+00 7.823865e-01 5.000000e+00 
7.833865e-01 7.833865e-01 7.833865e-01 0.000000e+00 7.833865e-01 5.000000e+00 7.833865e-01 5.000000e+00 
7.843865e-01 7.843865e-01 7.843865e-01 0.000000e+00 7.843865e-01 5.000000e+00 7.843865e-01 5.000000e+00 
7.853865e-01 7.853865e-01 7.853865e-01 0.000000e+00 7.853865e-01 5.000000e+00 7.853865e-01 5.000000e+00 
7.863865e-01 7.863865e-01 7.863865e-01 0.000000e+00 7.863865e-01 5.000000e+00 7.863865e-01 5.000000e+00 
7.873865e-01 7.873865e-01 7.873865e-01 0.000000e+00 7.873865e-01 5.000000e+00 7.873865e-01 5.000000e+00 
7.883865e-01 7.883865e-01 7.883865e-01 0.000000e+00 7.883865e-01 5.000000e+00 7.883865e-01 5.000000e+00 
7.893865e-01 7.893865e-01 7.893865e-01 0.000000e+00 7.893865e-01 5.000000e+00 7.893865e-01 5.000000e+00 
7.903865e-01 7.903865e-01 7.903865e-01 0.000000e+00 7.903865e-01 5.000000e+00 7.903865e-01 5.000000e+00 
7.913865e-01 7.913865e-01 7.913865e-01 0.000000e+00 7.913865e-01 5.000000e+00 7.913865e-01 5.000000e+00 
7.923865e-01 7.923865e-01 7.923865e-01 0.000000e+00 7.923865e-01 5.000000e+00 7.923865e-01 5.000000e+00 
7.933865e-01 7.933865e-01 7.933865e-01 0.000000e+00 7.933865e-01 5.000000e+00 7.933865e-01 5.000000e+00 
7.943865e-01 7.943865e-01 7.943865e-01 0.000000e+00 7.943865e-01 5.000000e+00 7.943865e-01 5.000000e+00 
7.953865e-01 7.953865e-01 7.953865e-01 0.000000e+00 7.953865e-01 5.000000e+00 7.953865e-01 5.000000e+00 
7.963865e-01 7.963865e-01 7.963865e-01 0.000000e+00 7.963865e-01 5.000000e+00 7.963865e-01 5.000000e+00 
7.973865e-01 7.973865e-01 7.973865e-01 0.000000e+00 7.973865e-01 5.000000e+00 7.973865e-01 5.000000e+00 
7.983865e-01 7.983865e-01 7.983865e-01 0.000000e+00 7.983865e-01 5.000000e+00 7.983865e-01 5.000000e+00 
7.993865e-01 7.993865e-01 7.993865e-01 0.000000e+00 7.993865e-01 5.000000e+00 7.993865e-01 5.000000e+00 
8.003865e-01 8.003865e-01 8.003865e-01 0.000000e+00 8.003865e-01 5.000000e+00 8.003865e-01 5.000000e+00 
8.013865e-01 8.013865e-01 8.013865e-01 0.000000e+00 8.013865e-01 5.000000e+00 8.013865e-01 5.000000e+00 
8.023865e-01 8.023865e-01 8.023865e-01 0.000000e+00 8.023865e-01 5.000000e+00 8.023865e-01 5.000000e+00 
8.033865e-01 8.033865e-01 8.033865e-01 0.000000e+00 8.033865e-01 5.000000e+00 8.033865e-01 5.000000e+00 
8.043865e-01 8.043865e-01 8.043865e-01 0.000000e+00 8.043865e-01 5.000000e+00 8.043865e-01 5.000000e+00 
8.053865e-01 8.053865e-01 8.053865e-01 0.000000e+00 8.053865e-01 5.000000e+00 8.053865e-01 5.000000e+00 
8.063865e-01 8.063865e-01 8.063865e-01 0.000000e+00 8.063865e-01 5.000000e+00 8.063865e-01 5.000000e+00 
8.073865e-01 8.073865e-01 8.073865e-01 0.000000e+00 8.073865e-01 5.000000e+00 8.073865e-01 5.000000e+00 
8.083865e-01 8.083865e-01 8.083865e-01 0.000000e+00 8.083865e-01 5.000000e+00 8.083865e-01 5.000000e+00 
8.093865e-01 8.093865e-01 8.093865e-01 0.000000e+00 8.093865e-01 5.000000e+00 8.093865e-01 5.000000e+00 
8.103865e-01 8.103865e-01 8.103865e-01 0.000000e+00 8.103865e-01 5.000000e+00 8.103865e-01 5.000000e+00 
8.113865e-01 8.113865e-01 8.113865e-01 0.000000e+00 8.113865e-01 5.000000e+00 8.113865e-01 5.000000e+00 
8.123865e-01 8.123865e-01 8.123865e-01 0.000000e+00 8.123865e-01 5.000000e+00 8.123865e-01 5.000000e+00 
8.133865e-01 8.133865e-01 8.133865e-01 0.000000e+00 8.133865e-01 5.000000e+00 8.133865e-01 5.000000e+00 
8.143865e-01 8.143865e-01 8.143865e-01 0.000000e+00 8.143865e-01 5.000000e+00 8.143865e-01 5.000000e+00 
8.153865e-01 8.153865e-01 8.153865e-01 0.000000e+00 8.153865e-01 5.000000e+00 8.153865e-01 5.000000e+00 
8.163865e-01 8.163865e-01 8.163865e-01 0.000000e+00 8.163865e-01 5.000000e+00 8.163865e-01 5.000000e+00 
8.173865e-01 8.173865e-01 8.173865e-01 0.000000e+00 8.173865e-01 5.000000e+00 8.173865e-01 5.000000e+00 
8.183865e-01 8.183865e-01 8.183865e-01 0.000000e+00 8.183865e-01 5.000000e+00 8.183865e-01 5.000000e+00 
8.193865e-01 8.193865e-01 8.193865e-01 0.000000e+00 8.193865e-01 5.000000e+00 8.193865e-01 5.000000e+00 
8.203865e-01 8.203865e-01 8.203865e-01 0.000000e+00 8.203865e-01 5.000000e+00 8.203865e-01 5.000000e+00 
8.213865e-01 8.213865e-01 8.213865e-01 0.000000e+00 8.213865e-01 5.000000e+00 8.213865e-01 5.000000e+00 
8.223865e-01 8.223865e-01 8.223865e-01 0.000000e+00 8.223865e-01 5.000000e+00 8.223865e-01 5.000000e+00 
8.233865e-01 8.233865e-01 8.233865e-01 0.000000e+00 8.233865e-01 5.000000e+00 8.233865e-01 5.000000e+00 
8.243865e-01 8.243865e-01 8.243865e-01 0.000000e+00 8.243865e-01 5.000000e+00 8.243865e-01 5.000000e+00 
8.253865e-01 8.253865e-01 8.253865e-01 0.000000e+00 8.253865e-01 5.000000e+00 8.253865e-01 5.000000e+00 
8.263865e-01 8.263865e-01 8.263865e-01 0.000000e+00 8.263865e-01 5.000000e+00 8.263865e-01 5.000000e+00 
8.273865e-01 8.273865e-01 8.273865e-01 0.000000e+00 8.273865e-01 5.000000e+00 8.273865e-01 5.000000e+00 
8.283865e-01 8.283865e-01 8.283865e-01 0.000000e+00 8.283865e-01 5.000000e+00 8.283865e-01 5.000000e+00 
8.293865e-01 8.293865e-01 8.293865e-01 0.000000e+00 8.293865e-01 5.000000e+00 8.293865e-01 5.000000e+00 
8.303865e-01 8.303865e-01 8.303865e-01 0.000000e+00 8.303865e-01 5.000000e+00 8.303865e-01 5.000000e+00 
8.313865e-01 8.313865e-01 8.313865e-01 0.000000e+00 8.313865e-01 5.000000e+00 8.313865e-01 5.000000e+00 
8.323865e-01 8.323865e-01 8.323865e-01 0.000000e+00 8.323865e-01 5.000000e+00 8.323865e-01 5.000000e+00 
8.333865e-01 8.333865e-01 8.333865e-01 0.000000e+00 8.333865e-01 5.000000e+00 8.333865e-01 5.000000e+00 
8.343865e-01 8.343865e-01 8.343865e-01 0.000000e+00 8.343865e-01 5.000000e+00 8.343865e-01 5.000000e+00 
8.353865e-01 8.353865e-01 8.353865e-01 0.000000e+00 8.353865e-01 5.000000e+00 8.353865e-01 5.000000e+00 
8.363865e-01 8.363865e-01 8.363865e-01 0.000000e+00 8.363865e-01 5.000000e+00 8.363865e-01 5.000000e+00 
8.373865e-01 8.373865e-01 8.373865e-01 0.000000e+00 8.373865e-01 5.000000e+00 8.373865e-01 5.000000e+00 
8.383865e-01 8.383865e-01 8.383865e-01 0.000000e+00 8.383865e-01 5.000000e+00 8.383865e-01 5.000000e+00 
8.393865e-01 8.393865e-01 8.393865e-01 0.000000e+00 8.393865e-01 5.000000e+00 8.393865e-01 5.000000e+00 
8.403865e-01 8.403865e-01 8.403865e-01 0.000000e+00 8.403865e-01 5.000000e+00 8.403865e-01 5.000000e+00 
8.413865e-01 8.413865e-01 8.413865e-01 0.000000e+00 8.413865e-01 5.000000e+00 8.413865e-01 5.000000e+00 
8.423865e-01 8.423865e-01 8.423865e-01 0.000000e+00 8.423865e-01 5.000000e+00 8.423865e-01 5.000000e+00 
8.433865e-01 8.433865e-01 8.433865e-01 0.000000e+00 8.433865e-01 5.000000e+00 8.433865e-01 5.000000e+00 
8.443865e-01 8.443865e-01 8.443865e-01 0.000000e+00 8.443865e-01 5.000000e+00 8.443865e-01 5.000000e+00 
8.453865e-01 8.453865e-01 8.453865e-01 0.000000e+00 8.453865e-01 5.000000e+00 8.453865e-01 5.000000e+00 
8.463865e-01 8.463865e-01 8.463865e-01 0.000000e+00 8.463865e-01 5.000000e+00 8.463865e-01 5.000000e+00 
8.473865e-01 8.473865e-01 8.473865e-01 0.000000e+00 8.473865e-01 5.000000e+00 8.473865e-01 5.000000e+00 
8.483865e-01 8.483865e-01 8.483865e-01 0.000000e+00 8.483865e-01 5.000000e+00 8.483865e-01 5.000000e+00 
8.493865e-01 8.493865e-01 8.493865e-01 0.000000e+00 8.493865e-01 5.000000e+00 8.493865e-01 5.000000e+00 
8.503865e-01 8.503865e-01 8.503865e-01 0.000000e+00 8.503865e-01 5.000000e+00 8.503865e-01 5.000000e+00 
8.513865e-01 8.513865e-01 8.513865e-01 0.000000e+00 8.513865e-01 5.000000e+00 8.513865e-01 5.000000e+00 
8.523865e-01 8.523865e-01 8.523865e-01 0.000000e+00 8.523865e-01 5.000000e+00 8.523865e-01 5.000000e+00 
8.533865e-01 8.533865e-01 8.533865e-01 0.000000e+00 8.533865e-01 5.000000e+00 8.533865e-01 5.000000e+00 
8.543865e-01 8.543865e-01 8.543865e-01 0.000000e+00 8.543865e-01 5.000000e+00 8.543865e-01 5.000000e+00 
8.553865e-01 8.553865e-01 8.553865e-01 0.000000e+00 8.553865e-01 5.000000e+00 8.553865e-01 5.000000e+00 
8.563865e-01 8.563865e-01 8.563865e-01 0.000000e+00 8.563865e-01 5.000000e+00 8.563865e-01 5.000000e+00 
8.573865e-01 8.573865e-01 8.573865e-01 0.000000e+00 8.573865e-01 5.000000e+00 8.573865e-01 5.000000e+00 
8.583865e-01 8.583865e-01 8.583865e-01 0.000000e+00 8.583865e-01 5.000000e+00 8.583865e-01 5.000000e+00 
8.593865e-01 8.593865e-01 8.593865e-01 0.000000e+00 8.593865e-01 5.000000e+00 8.593865e-01 5.000000e+00 
8.603865e-01 8.603865e-01 8.603865e-01 0.000000e+00 8.603865e-01 5.000000e+00 8.603865e-01 5.000000e+00 
8.613865e-01 8.613865e-01 8.613865e-01 0.000000e+00 8.613865e-01 5.000000e+00 8.613865e-01 5.000000e+00 
8.623865e-01 8.623865e-01 8.623865e-01 0.000000e+00 8.623865e-01 5.000000e+00 8.623865e-01 5.000000e+00 
8.633865e-01 8.633865e-01 8.633865e-01 0.000000e+00 8.633865e-01 5.000000e+00 8.633865e-01 5.000000e+00 
8.643865e-01 8.643865e-01 8.643865e-01 0.000000e+00 8.643865e-01 5.000000e+00 8.643865e-01 5.000000e+00 
8.653865e-01 8.653865e-01 8.653865e-01 0.000000e+00 8.653865e-01 5.000000e+00 8.653865e-01 5.000000e+00 
8.663865e-01 8.663865e-01 8.663865e-01 0.000000e+00 8.663865e-01 5.000000e+00 8.663865e-01 5.000000e+00 
8.673865e-01 8.673865e-01 8.673865e-01 0.000000e+00 8.673865e-01 5.000000e+00 8.673865e-01 5.000000e+00 
8.683865e-01 8.683865e-01 8.683865e-01 0.000000e+00 8.683865e-01 5.000000e+00 8.683865e-01 5.000000e+00 
8.693865e-01 8.693865e-01 8.693865e-01 0.000000e+00 8.693865e-01 5.000000e+00 8.693865e-01 5.000000e+00 
8.703865e-01 8.703865e-01 8.703865e-01 0.000000e+00 8.703865e-01 5.000000e+00 8.703865e-01 5.000000e+00 
8.713865e-01 8.713865e-01 8.713865e-01 0.000000e+00 8.713865e-01 5.000000e+00 8.713865e-01 5.000000e+00 
8.723865e-01 8.723865e-01 8.723865e-01 0.000000e+00 8.723865e-01 5.000000e+00 8.723865e-01 5.000000e+00 
8.733865e-01 8.733865e-01 8.733865e-01 0.000000e+00 8.733865e-01 5.000000e+00 8.733865e-01 5.000000e+00 
8.743865e-01 8.743865e-01 8.743865e-01 0.000000e+00 8.743865e-01 5.000000e+00 8.743865e-01 5.000000e+00 
8.753865e-01 8.753865e-01 8.753865e-01 0.000000e+00 8.753865e-01 5.000000e+00 8.753865e-01 5.000000e+00 
8.763865e-01 8.763865e-01 8.763865e-01 0.000000e+00 8.763865e-01 5.000000e+00 8.763865e-01 5.000000e+00 
8.773865e-01 8.773865e-01 8.773865e-01 0.000000e+00 8.773865e-01 5.000000e+00 8.773865e-01 5.000000e+00 
8.783865e-01 8.783865e-01 8.783865e-01 0.000000e+00 8.783865e-01 5.000000e+00 8.783865e-01 5.000000e+00 
8.793865e-01 8.793865e-01 8.793865e-01 0.000000e+00 8.793865e-01 5.000000e+00 8.793865e-01 5.000000e+00 
8.803865e-01 8.803865e-01 8.803865e-01 0.000000e+00 8.803865e-01 5.000000e+00 8.803865e-01 5.000000e+00 
8.813865e-01 8.813865e-01 8.813865e-01 0.000000e+00 8.813865e-01 5.000000e+00 8.813865e-01 5.000000e+00 
8.823865e-01 8.823865e-01 8.823865e-01 0.000000e+00 8.823865e-01 5.000000e+00 8.823865e-01 5.000000e+00 
8.833865e-01 8.833865e-01 8.833865e-01 0.000000e+00 8.833865e-01 5.000000e+00 8.833865e-01 5.000000e+00 
8.843865e-01 8.843865e-01 8.843865e-01 0.000000e+00 8.843865e-01 5.000000e+00 8.843865e-01 5.000000e+00 
8.853865e-01 8.853865e-01 8.853865e-01 0.000000e+00 8.853865e-01 5.000000e+00 8.853865e-01 5.000000e+00 
8.863865e-01 8.863865e-01 8.863865e-01 0.000000e+00 8.863865e-01 5.000000e+00 8.863865e-01 5.000000e+00 
8.873865e-01 8.873865e-01 8.873865e-01 0.000000e+00 8.873865e-01 5.000000e+00 8.873865e-01 5.000000e+00 
8.883865e-01 8.883865e-01 8.883865e-01 0.000000e+00 8.883865e-01 5.000000e+00 8.883865e-01 5.000000e+00 
8.893865e-01 8.893865e-01 8.893865e-01 0.000000e+00 8.893865e-01 5.000000e+00 8.893865e-01 5.000000e+00 
8.903865e-01 8.903865e-01 8.903865e-01 0.000000e+00 8.903865e-01 5.000000e+00 8.903865e-01 5.000000e+00 
8.913865e-01 8.913865e-01 8.913865e-01 0.000000e+00 8.913865e-01 5.000000e+00 8.913865e-01 5.000000e+00 
8.923865e-01 8.923865e-01 8.923865e-01 0.000000e+00 8.923865e-01 5.000000e+00 8.923865e-01 5.000000e+00 
8.933865e-01 8.933865e-01 8.933865e-01 0.000000e+00 8.933865e-01 5.000000e+00 8.933865e-01 5.000000e+00 
8.943865e-01 8.943865e-01 8.943865e-01 0.000000e+00 8.943865e-01 5.000000e+00 8.943865e-01 5.000000e+00 
8.953865e-01 8.953865e-01 8.953865e-01 0.000000e+00 8.953865e-01 5.000000e+00 8.953865e-01 5.000000e+00 
8.963865e-01 8.963865e-01 8.963865e-01 0.000000e+00 8.963865e-01 5.000000e+00 8.963865e-01 5.000000e+00 
8.973865e-01 8.973865e-01 8.973865e-01 0.000000e+00 8.973865e-01 5.000000e+00 8.973865e-01 5.000000e+00 
8.983865e-01 8.983865e-01 8.983865e-01 0.000000e+00 8.983865e-01 5.000000e+00 8.983865e-01 5.000000e+00 
8.993865e-01 8.993865e-01 8.993865e-01 0.000000e+00 8.993865e-01 5.000000e+00 8.993865e-01 5.000000e+00 
9.003865e-01 9.003865e-01 9.003865e-01 0.000000e+00 9.003865e-01 5.000000e+00 9.003865e-01 5.000000e+00 
9.013865e-01 9.013865e-01 9.013865e-01 0.000000e+00 9.013865e-01 5.000000e+00 9.013865e-01 5.000000e+00 
9.023865e-01 9.023865e-01 9.023865e-01 0.000000e+00 9.023865e-01 5.000000e+00 9.023865e-01 5.000000e+00 
9.033865e-01 9.033865e-01 9.033865e-01 0.000000e+00 9.033865e-01 5.000000e+00 9.033865e-01 5.000000e+00 
9.043865e-01 9.043865e-01 9.043865e-01 0.000000e+00 9.043865e-01 5.000000e+00 9.043865e-01 5.000000e+00 
9.053865e-01 9.053865e-01 9.053865e-01 0.000000e+00 9.053865e-01 5.000000e+00 9.053865e-01 5.000000e+00 
9.063865e-01 9.063865e-01 9.063865e-01 0.000000e+00 9.063865e-01 5.000000e+00 9.063865e-01 5.000000e+00 
9.073865e-01 9.073865e-01 9.073865e-01 0.000000e+00 9.073865e-01 5.000000e+00 9.073865e-01 5.000000e+00 
9.083865e-01 9.083865e-01 9.083865e-01 0.000000e+00 9.083865e-01 5.000000e+00 9.083865e-01 5.000000e+00 
9.093865e-01 9.093865e-01 9.093865e-01 0.000000e+00 9.093865e-01 5.000000e+00 9.093865e-01 5.000000e+00 
9.103865e-01 9.103865e-01 9.103865e-01 0.000000e+00 9.103865e-01 5.000000e+00 9.103865e-01 5.000000e+00 
9.113865e-01 9.113865e-01 9.113865e-01 0.000000e+00 9.113865e-01 5.000000e+00 9.113865e-01 5.000000e+00 
9.123865e-01 9.123865e-01 9.123865e-01 0.000000e+00 9.123865e-01 5.000000e+00 9.123865e-01 5.000000e+00 
9.133865e-01 9.133865e-01 9.133865e-01 0.000000e+00 9.133865e-01 5.000000e+00 9.133865e-01 5.000000e+00 
9.143865e-01 9.143865e-01 9.143865e-01 0.000000e+00 9.143865e-01 5.000000e+00 9.143865e-01 5.000000e+00 
9.153865e-01 9.153865e-01 9.153865e-01 0.000000e+00 9.153865e-01 5.000000e+00 9.153865e-01 5.000000e+00 
9.163865e-01 9.163865e-01 9.163865e-01 0.000000e+00 9.163865e-01 5.000000e+00 9.163865e-01 5.000000e+00 
9.173865e-01 9.173865e-01 9.173865e-01 0.000000e+00 9.173865e-01 5.000000e+00 9.173865e-01 5.000000e+00 
9.183865e-01 9.183865e-01 9.183865e-01 0.000000e+00 9.183865e-01 5.000000e+00 9.183865e-01 5.000000e+00 
9.193865e-01 9.193865e-01 9.193865e-01 0.000000e+00 9.193865e-01 5.000000e+00 9.193865e-01 5.000000e+00 
9.203865e-01 9.203865e-01 9.203865e-01 0.000000e+00 9.203865e-01 5.000000e+00 9.203865e-01 5.000000e+00 
9.213865e-01 9.213865e-01 9.213865e-01 0.000000e+00 9.213865e-01 5.000000e+00 9.213865e-01 5.000000e+00 
9.223865e-01 9.223865e-01 9.223865e-01 0.000000e+00 9.223865e-01 5.000000e+00 9.223865e-01 5.000000e+00 
9.233865e-01 9.233865e-01 9.233865e-01 0.000000e+00 9.233865e-01 5.000000e+00 9.233865e-01 5.000000e+00 
9.243865e-01 9.243865e-01 9.243865e-01 0.000000e+00 9.243865e-01 5.000000e+00 9.243865e-01 5.000000e+00 
9.253865e-01 9.253865e-01 9.253865e-01 0.000000e+00 9.253865e-01 5.000000e+00 9.253865e-01 5.000000e+00 
9.263865e-01 9.263865e-01 9.263865e-01 0.000000e+00 9.263865e-01 5.000000e+00 9.263865e-01 5.000000e+00 
9.273865e-01 9.273865e-01 9.273865e-01 0.000000e+00 9.273865e-01 5.000000e+00 9.273865e-01 5.000000e+00 
9.283865e-01 9.283865e-01 9.283865e-01 0.000000e+00 9.283865e-01 5.000000e+00 9.283865e-01 5.000000e+00 
9.293865e-01 9.293865e-01 9.293865e-01 0.000000e+00 9.293865e-01 5.000000e+00 9.293865e-01 5.000000e+00 
9.303865e-01 9.303865e-01 9.303865e-01 0.000000e+00 9.303865e-01 5.000000e+00 9.303865e-01 5.000000e+00 
9.313865e-01 9.313865e-01 9.313865e-01 0.000000e+00 9.313865e-01 5.000000e+00 9.313865e-01 5.000000e+00 
9.323865e-01 9.323865e-01 9.323865e-01 0.000000e+00 9.323865e-01 5.000000e+00 9.323865e-01 5.000000e+00 
9.333865e-01 9.333865e-01 9.333865e-01 0.000000e+00 9.333865e-01 5.000000e+00 9.333865e-01 5.000000e+00 
9.343865e-01 9.343865e-01 9.343865e-01 0.000000e+00 9.343865e-01 5.000000e+00 9.343865e-01 5.000000e+00 
9.353865e-01 9.353865e-01 9.353865e-01 0.000000e+00 9.353865e-01 5.000000e+00 9.353865e-01 5.000000e+00 
9.363865e-01 9.363865e-01 9.363865e-01 0.000000e+00 9.363865e-01 5.000000e+00 9.363865e-01 5.000000e+00 
9.373865e-01 9.373865e-01 9.373865e-01 0.000000e+00 9.373865e-01 5.000000e+00 9.373865e-01 5.000000e+00 
9.383865e-01 9.383865e-01 9.383865e-01 0.000000e+00 9.383865e-01 5.000000e+00 9.383865e-01 5.000000e+00 
9.393865e-01 9.393865e-01 9.393865e-01 0.000000e+00 9.393865e-01 5.000000e+00 9.393865e-01 5.000000e+00 
9.403865e-01 9.403865e-01 9.403865e-01 0.000000e+00 9.403865e-01 5.000000e+00 9.403865e-01 5.000000e+00 
9.413865e-01 9.413865e-01 9.413865e-01 0.000000e+00 9.413865e-01 5.000000e+00 9.413865e-01 5.000000e+00 
9.423865e-01 9.423865e-01 9.423865e-01 0.000000e+00 9.423865e-01 5.000000e+00 9.423865e-01 5.000000e+00 
9.433865e-01 9.433865e-01 9.433865e-01 0.000000e+00 9.433865e-01 5.000000e+00 9.433865e-01 5.000000e+00 
9.443865e-01 9.443865e-01 9.443865e-01 0.000000e+00 9.443865e-01 5.000000e+00 9.443865e-01 5.000000e+00 
9.453865e-01 9.453865e-01 9.453865e-01 0.000000e+00 9.453865e-01 5.000000e+00 9.453865e-01 5.000000e+00 
9.463865e-01 9.463865e-01 9.463865e-01 0.000000e+00 9.463865e-01 5.000000e+00 9.463865e-01 5.000000e+00 
9.473865e-01 9.473865e-01 9.473865e-01 0.000000e+00 9.473865e-01 5.000000e+00 9.473865e-01 5.000000e+00 
9.483865e-01 9.483865e-01 9.483865e-01 0.000000e+00 9.483865e-01 5.000000e+00 9.483865e-01 5.000000e+00 
9.493865e-01 9.493865e-01 9.493865e-01 0.000000e+00 9.493865e-01 5.000000e+00 9.493865e-01 5.000000e+00 
9.503865e-01 9.503865e-01 9.503865e-01 0.000000e+00 9.503865e-01 5.000000e+00 9.503865e-01 5.000000e+00 
9.513865e-01 9.513865e-01 9.513865e-01 0.000000e+00 9.513865e-01 5.000000e+00 9.513865e-01 5.000000e+00 
9.523865e-01 9.523865e-01 9.523865e-01 0.000000e+00 9.523865e-01 5.000000e+00 9.523865e-01 5.000000e+00 
9.533865e-01 9.533865e-01 9.533865e-01 0.000000e+00 9.533865e-01 5.000000e+00 9.533865e-01 5.000000e+00 
9.543865e-01 9.543865e-01 9.543865e-01 0.000000e+00 9.543865e-01 5.000000e+00 9.543865e-01 5.000000e+00 
9.553865e-01 9.553865e-01 9.553865e-01 0.000000e+00 9.553865e-01 5.000000e+00 9.553865e-01 5.000000e+00 
9.563865e-01 9.563865e-01 9.563865e-01 0.000000e+00 9.563865e-01 5.000000e+00 9.563865e-01 5.000000e+00 
9.573865e-01 9.573865e-01 9.573865e-01 0.000000e+00 9.573865e-01 5.000000e+00 9.573865e-01 5.000000e+00 
9.583865e-01 9.583865e-01 9.583865e-01 0.000000e+00 9.583865e-01 5.000000e+00 9.583865e-01 5.000000e+00 
9.593865e-01 9.593865e-01 9.593865e-01 0.000000e+00 9.593865e-01 5.000000e+00 9.593865e-01 5.000000e+00 
9.603865e-01 9.603865e-01 9.603865e-01 0.000000e+00 9.603865e-01 5.000000e+00 9.603865e-01 5.000000e+00 
9.613865e-01 9.613865e-01 9.613865e-01 0.000000e+00 9.613865e-01 5.000000e+00 9.613865e-01 5.000000e+00 
9.623865e-01 9.623865e-01 9.623865e-01 0.000000e+00 9.623865e-01 5.000000e+00 9.623865e-01 5.000000e+00 
9.633865e-01 9.633865e-01 9.633865e-01 0.000000e+00 9.633865e-01 5.000000e+00 9.633865e-01 5.000000e+00 
9.643865e-01 9.643865e-01 9.643865e-01 0.000000e+00 9.643865e-01 5.000000e+00 9.643865e-01 5.000000e+00 
9.653865e-01 9.653865e-01 9.653865e-01 0.000000e+00 9.653865e-01 5.000000e+00 9.653865e-01 5.000000e+00 
9.663865e-01 9.663865e-01 9.663865e-01 0.000000e+00 9.663865e-01 5.000000e+00 9.663865e-01 5.000000e+00 
9.673865e-01 9.673865e-01 9.673865e-01 0.000000e+00 9.673865e-01 5.000000e+00 9.673865e-01 5.000000e+00 
9.683865e-01 9.683865e-01 9.683865e-01 0.000000e+00 9.683865e-01 5.000000e+00 9.683865e-01 5.000000e+00 
9.693865e-01 9.693865e-01 9.693865e-01 0.000000e+00 9.693865e-01 5.000000e+00 9.693865e-01 5.000000e+00 
9.703865e-01 9.703865e-01 9.703865e-01 0.000000e+00 9.703865e-01 5.000000e+00 9.703865e-01 5.000000e+00 
9.713865e-01 9.713865e-01 9.713865e-01 0.000000e+00 9.713865e-01 5.000000e+00 9.713865e-01 5.000000e+00 
9.723865e-01 9.723865e-01 9.723865e-01 0.000000e+00 9.723865e-01 5.000000e+00 9.723865e-01 5.000000e+00 
9.733865e-01 9.733865e-01 9.733865e-01 0.000000e+00 9.733865e-01 5.000000e+00 9.733865e-01 5.000000e+00 
9.743865e-01 9.743865e-01 9.743865e-01 0.000000e+00 9.743865e-01 5.000000e+00 9.743865e-01 5.000000e+00 
9.753865e-01 9.753865e-01 9.753865e-01 0.000000e+00 9.753865e-01 5.000000e+00 9.753865e-01 5.000000e+00 
9.763865e-01 9.763865e-01 9.763865e-01 0.000000e+00 9.763865e-01 5.000000e+00 9.763865e-01 5.000000e+00 
9.773865e-01 9.773865e-01 9.773865e-01 0.000000e+00 9.773865e-01 5.000000e+00 9.773865e-01 5.000000e+00 
9.783865e-01 9.783865e-01 9.783865e-01 0.000000e+00 9.783865e-01 5.000000e+00 9.783865e-01 5.000000e+00 
9.793865e-01 9.793865e-01 9.793865e-01 0.000000e+00 9.793865e-01 5.000000e+00 9.793865e-01 5.000000e+00 
9.803865e-01 9.803865e-01 9.803865e-01 0.000000e+00 9.803865e-01 5.000000e+00 9.803865e-01 5.000000e+00 
9.813865e-01 9.813865e-01 9.813865e-01 0.000000e+00 9.813865e-01 5.000000e+00 9.813865e-01 5.000000e+00 
9.823865e-01 9.823865e-01 9.823865e-01 0.000000e+00 9.823865e-01 5.000000e+00 9.823865e-01 5.000000e+00 
9.833865e-01 9.833865e-01 9.833865e-01 0.000000e+00 9.833865e-01 5.000000e+00 9.833865e-01 5.000000e+00 
9.843865e-01 9.843865e-01 9.843865e-01 0.000000e+00 9.843865e-01 5.000000e+00 9.843865e-01 5.000000e+00 
9.853865e-01 9.853865e-01 9.853865e-01 0.000000e+00 9.853865e-01 5.000000e+00 9.853865e-01 5.000000e+00 
9.863865e-01 9.863865e-01 9.863865e-01 0.000000e+00 9.863865e-01 5.000000e+00 9.863865e-01 5.000000e+00 
9.873865e-01 9.873865e-01 9.873865e-01 0.000000e+00 9.873865e-01 5.000000e+00 9.873865e-01 5.000000e+00 
9.883865e-01 9.883865e-01 9.883865e-01 0.000000e+00 9.883865e-01 5.000000e+00 9.883865e-01 5.000000e+00 
9.893865e-01 9.893865e-01 9.893865e-01 0.000000e+00 9.893865e-01 5.000000e+00 9.893865e-01 5.000000e+00 
9.903865e-01 9.903865e-01 9.903865e-01 0.000000e+00 9.903865e-01 5.000000e+00 9.903865e-01 5.000000e+00 
9.913865e-01 9.913865e-01 9.913865e-01 0.000000e+00 9.913865e-01 5.000000e+00 9.913865e-01 5.000000e+00 
9.923865e-01 9.923865e-01 9.923865e-01 0.000000e+00 9.923865e-01 5.000000e+00 9.923865e-01 5.000000e+00 
9.933865e-01 9.933865e-01 9.933865e-01 0.000000e+00 9.933865e-01 5.000000e+00 9.933865e-01 5.000000e+00 
9.943865e-01 9.943865e-01 9.943865e-01 0.000000e+00 9.943865e-01 5.000000e+00 9.943865e-01 5.000000e+00 
9.953865e-01 9.953865e-01 9.953865e-01 0.000000e+00 9.953865e-01 5.000000e+00 9.953865e-01 5.000000e+00 
9.963865e-01 9.963865e-01 9.963865e-01 0.000000e+00 9.963865e-01 5.000000e+00 9.963865e-01 5.000000e+00 
9.973865e-01 9.973865e-01 9.973865e-01 0.000000e+00 9.973865e-01 5.000000e+00 9.973865e-01 5.000000e+00 
9.983865e-01 9.983865e-01 9.983865e-01 0.000000e+00 9.983865e-01 5.000000e+00 9.983865e-01 5.000000e+00 
9.993865e-01 9.993865e-01 9.993865e-01 0.000000e+00 9.993865e-01 5.000000e+00 9.993865e-01 5.000000e+00 
1.000387e+00 1.000387e+00 1.000387e+00 0.000000e+00 1.000387e+00 5.000000e+00 1.000387e+00 5.000000e+00 
1.001387e+00 1.001387e+00 1.001387e+00 0.000000e+00 1.001387e+00 5.000000e+00 1.001387e+00 5.000000e+00 
1.002387e+00 1.002387e+00 1.002387e+00 0.000000e+00 1.002387e+00 5.000000e+00 1.002387e+00 5.000000e+00 
1.003387e+00 1.003387e+00 1.003387e+00 0.000000e+00 1.003387e+00 5.000000e+00 1.003387e+00 5.000000e+00 
1.004387e+00 1.004387e+00 1.004387e+00 0.000000e+00 1.004387e+00 5.000000e+00 1.004387e+00 5.000000e+00 
1.005387e+00 1.005387e+00 1.005387e+00 0.000000e+00 1.005387e+00 5.000000e+00 1.005387e+00 5.000000e+00 
1.006387e+00 1.006387e+00 1.006387e+00 0.000000e+00 1.006387e+00 5.000000e+00 1.006387e+00 5.000000e+00 
1.007387e+00 1.007387e+00 1.007387e+00 0.000000e+00 1.007387e+00 5.000000e+00 1.007387e+00 5.000000e+00 
1.008387e+00 1.008387e+00 1.008387e+00 0.000000e+00 1.008387e+00 5.000000e+00 1.008387e+00 5.000000e+00 
1.009387e+00 1.009387e+00 1.009387e+00 0.000000e+00 1.009387e+00 5.000000e+00 1.009387e+00 5.000000e+00 
1.010387e+00 1.010387e+00 1.010387e+00 0.000000e+00 1.010387e+00 5.000000e+00 1.010387e+00 5.000000e+00 
1.011387e+00 1.011387e+00 1.011387e+00 0.000000e+00 1.011387e+00 5.000000e+00 1.011387e+00 5.000000e+00 
1.012387e+00 1.012387e+00 1.012387e+00 0.000000e+00 1.012387e+00 5.000000e+00 1.012387e+00 5.000000e+00 
1.013387e+00 1.013387e+00 1.013387e+00 0.000000e+00 1.013387e+00 5.000000e+00 1.013387e+00 5.000000e+00 
1.014387e+00 1.014387e+00 1.014387e+00 0.000000e+00 1.014387e+00 5.000000e+00 1.014387e+00 5.000000e+00 
1.015387e+00 1.015387e+00 1.015387e+00 0.000000e+00 1.015387e+00 5.000000e+00 1.015387e+00 5.000000e+00 
1.016387e+00 1.016387e+00 1.016387e+00 0.000000e+00 1.016387e+00 5.000000e+00 1.016387e+00 5.000000e+00 
1.017387e+00 1.017387e+00 1.017387e+00 0.000000e+00 1.017387e+00 5.000000e+00 1.017387e+00 5.000000e+00 
1.018387e+00 1.018387e+00 1.018387e+00 0.000000e+00 1.018387e+00 5.000000e+00 1.018387e+00 5.000000e+00 
1.019387e+00 1.019387e+00 1.019387e+00 0.000000e+00 1.019387e+00 5.000000e+00 1.019387e+00 5.000000e+00 
1.020387e+00 1.020387e+00 1.020387e+00 0.000000e+00 1.020387e+00 5.000000e+00 1.020387e+00 5.000000e+00 
1.021387e+00 1.021387e+00 1.021387e+00 0.000000e+00 1.021387e+00 5.000000e+00 1.021387e+00 5.000000e+00 
1.022387e+00 1.022387e+00 1.022387e+00 0.000000e+00 1.022387e+00 5.000000e+00 1.022387e+00 5.000000e+00 
1.023387e+00 1.023387e+00 1.023387e+00 0.000000e+00 1.023387e+00 5.000000e+00 1.023387e+00 5.000000e+00 
1.024387e+00 1.024387e+00 1.024387e+00 0.000000e+00 1.024387e+00 5.000000e+00 1.024387e+00 5.000000e+00 
1.025387e+00 1.025387e+00 1.025387e+00 0.000000e+00 1.025387e+00 5.000000e+00 1.025387e+00 5.000000e+00 
1.026387e+00 1.026387e+00 1.026387e+00 0.000000e+00 1.026387e+00 5.000000e+00 1.026387e+00 5.000000e+00 
1.027387e+00 1.027387e+00 1.027387e+00 0.000000e+00 1.027387e+00 5.000000e+00 1.027387e+00 5.000000e+00 
1.028387e+00 1.028387e+00 1.028387e+00 0.000000e+00 1.028387e+00 5.000000e+00 1.028387e+00 5.000000e+00 
1.029387e+00 1.029387e+00 1.029387e+00 0.000000e+00 1.029387e+00 5.000000e+00 1.029387e+00 5.000000e+00 
1.030387e+00 1.030387e+00 1.030387e+00 0.000000e+00 1.030387e+00 5.000000e+00 1.030387e+00 5.000000e+00 
1.031387e+00 1.031387e+00 1.031387e+00 0.000000e+00 1.031387e+00 5.000000e+00 1.031387e+00 5.000000e+00 
1.032387e+00 1.032387e+00 1.032387e+00 0.000000e+00 1.032387e+00 5.000000e+00 1.032387e+00 5.000000e+00 
1.033387e+00 1.033387e+00 1.033387e+00 0.000000e+00 1.033387e+00 5.000000e+00 1.033387e+00 5.000000e+00 
1.034387e+00 1.034387e+00 1.034387e+00 0.000000e+00 1.034387e+00 5.000000e+00 1.034387e+00 5.000000e+00 
1.035387e+00 1.035387e+00 1.035387e+00 0.000000e+00 1.035387e+00 5.000000e+00 1.035387e+00 5.000000e+00 
1.036387e+00 1.036387e+00 1.036387e+00 0.000000e+00 1.036387e+00 5.000000e+00 1.036387e+00 5.000000e+00 
1.037387e+00 1.037387e+00 1.037387e+00 0.000000e+00 1.037387e+00 5.000000e+00 1.037387e+00 5.000000e+00 
1.038387e+00 1.038387e+00 1.038387e+00 0.000000e+00 1.038387e+00 5.000000e+00 1.038387e+00 5.000000e+00 
1.039387e+00 1.039387e+00 1.039387e+00 0.000000e+00 1.039387e+00 5.000000e+00 1.039387e+00 5.000000e+00 
1.040387e+00 1.040387e+00 1.040387e+00 0.000000e+00 1.040387e+00 5.000000e+00 1.040387e+00 5.000000e+00 
1.041387e+00 1.041387e+00 1.041387e+00 0.000000e+00 1.041387e+00 5.000000e+00 1.041387e+00 5.000000e+00 
1.042387e+00 1.042387e+00 1.042387e+00 0.000000e+00 1.042387e+00 5.000000e+00 1.042387e+00 5.000000e+00 
1.043387e+00 1.043387e+00 1.043387e+00 0.000000e+00 1.043387e+00 5.000000e+00 1.043387e+00 5.000000e+00 
1.044387e+00 1.044387e+00 1.044387e+00 0.000000e+00 1.044387e+00 5.000000e+00 1.044387e+00 5.000000e+00 
1.045387e+00 1.045387e+00 1.045387e+00 0.000000e+00 1.045387e+00 5.000000e+00 1.045387e+00 5.000000e+00 
1.046387e+00 1.046387e+00 1.046387e+00 0.000000e+00 1.046387e+00 5.000000e+00 1.046387e+00 5.000000e+00 
1.047387e+00 1.047387e+00 1.047387e+00 0.000000e+00 1.047387e+00 5.000000e+00 1.047387e+00 5.000000e+00 
1.048387e+00 1.048387e+00 1.048387e+00 0.000000e+00 1.048387e+00 5.000000e+00 1.048387e+00 5.000000e+00 
1.049387e+00 1.049387e+00 1.049387e+00 0.000000e+00 1.049387e+00 5.000000e+00 1.049387e+00 5.000000e+00 
1.050387e+00 1.050387e+00 1.050387e+00 0.000000e+00 1.050387e+00 5.000000e+00 1.050387e+00 5.000000e+00 
1.051387e+00 1.051387e+00 1.051387e+00 0.000000e+00 1.051387e+00 5.000000e+00 1.051387e+00 5.000000e+00 
1.052387e+00 1.052387e+00 1.052387e+00 0.000000e+00 1.052387e+00 5.000000e+00 1.052387e+00 5.000000e+00 
1.053387e+00 1.053387e+00 1.053387e+00 0.000000e+00 1.053387e+00 5.000000e+00 1.053387e+00 5.000000e+00 
1.054387e+00 1.054387e+00 1.054387e+00 0.000000e+00 1.054387e+00 5.000000e+00 1.054387e+00 5.000000e+00 
1.055387e+00 1.055387e+00 1.055387e+00 0.000000e+00 1.055387e+00 5.000000e+00 1.055387e+00 5.000000e+00 
1.056387e+00 1.056387e+00 1.056387e+00 0.000000e+00 1.056387e+00 5.000000e+00 1.056387e+00 5.000000e+00 
1.057387e+00 1.057387e+00 1.057387e+00 0.000000e+00 1.057387e+00 5.000000e+00 1.057387e+00 5.000000e+00 
1.058387e+00 1.058387e+00 1.058387e+00 0.000000e+00 1.058387e+00 5.000000e+00 1.058387e+00 5.000000e+00 
1.059387e+00 1.059387e+00 1.059387e+00 0.000000e+00 1.059387e+00 5.000000e+00 1.059387e+00 5.000000e+00 
1.060387e+00 1.060387e+00 1.060387e+00 0.000000e+00 1.060387e+00 5.000000e+00 1.060387e+00 5.000000e+00 
1.061387e+00 1.061387e+00 1.061387e+00 0.000000e+00 1.061387e+00 5.000000e+00 1.061387e+00 5.000000e+00 
1.062387e+00 1.062387e+00 1.062387e+00 0.000000e+00 1.062387e+00 5.000000e+00 1.062387e+00 5.000000e+00 
1.063387e+00 1.063387e+00 1.063387e+00 0.000000e+00 1.063387e+00 5.000000e+00 1.063387e+00 5.000000e+00 
1.064387e+00 1.064387e+00 1.064387e+00 0.000000e+00 1.064387e+00 5.000000e+00 1.064387e+00 5.000000e+00 
1.065387e+00 1.065387e+00 1.065387e+00 0.000000e+00 1.065387e+00 5.000000e+00 1.065387e+00 5.000000e+00 
1.066387e+00 1.066387e+00 1.066387e+00 0.000000e+00 1.066387e+00 5.000000e+00 1.066387e+00 5.000000e+00 
1.067387e+00 1.067387e+00 1.067387e+00 0.000000e+00 1.067387e+00 5.000000e+00 1.067387e+00 5.000000e+00 
1.068387e+00 1.068387e+00 1.068387e+00 0.000000e+00 1.068387e+00 5.000000e+00 1.068387e+00 5.000000e+00 
1.069387e+00 1.069387e+00 1.069387e+00 0.000000e+00 1.069387e+00 5.000000e+00 1.069387e+00 5.000000e+00 
1.070387e+00 1.070387e+00 1.070387e+00 0.000000e+00 1.070387e+00 5.000000e+00 1.070387e+00 5.000000e+00 
1.071387e+00 1.071387e+00 1.071387e+00 0.000000e+00 1.071387e+00 5.000000e+00 1.071387e+00 5.000000e+00 
1.072387e+00 1.072387e+00 1.072387e+00 0.000000e+00 1.072387e+00 5.000000e+00 1.072387e+00 5.000000e+00 
1.073387e+00 1.073387e+00 1.073387e+00 0.000000e+00 1.073387e+00 5.000000e+00 1.073387e+00 5.000000e+00 
1.074387e+00 1.074387e+00 1.074387e+00 0.000000e+00 1.074387e+00 5.000000e+00 1.074387e+00 5.000000e+00 
1.075387e+00 1.075387e+00 1.075387e+00 0.000000e+00 1.075387e+00 5.000000e+00 1.075387e+00 5.000000e+00 
1.076387e+00 1.076387e+00 1.076387e+00 0.000000e+00 1.076387e+00 5.000000e+00 1.076387e+00 5.000000e+00 
1.077387e+00 1.077387e+00 1.077387e+00 0.000000e+00 1.077387e+00 5.000000e+00 1.077387e+00 5.000000e+00 
1.078387e+00 1.078387e+00 1.078387e+00 0.000000e+00 1.078387e+00 5.000000e+00 1.078387e+00 5.000000e+00 
1.079387e+00 1.079387e+00 1.079387e+00 0.000000e+00 1.079387e+00 5.000000e+00 1.079387e+00 5.000000e+00 
1.080387e+00 1.080387e+00 1.080387e+00 0.000000e+00 1.080387e+00 5.000000e+00 1.080387e+00 5.000000e+00 
1.081387e+00 1.081387e+00 1.081387e+00 0.000000e+00 1.081387e+00 5.000000e+00 1.081387e+00 5.000000e+00 
1.082387e+00 1.082387e+00 1.082387e+00 0.000000e+00 1.082387e+00 5.000000e+00 1.082387e+00 5.000000e+00 
1.083387e+00 1.083387e+00 1.083387e+00 0.000000e+00 1.083387e+00 5.000000e+00 1.083387e+00 5.000000e+00 
1.084387e+00 1.084387e+00 1.084387e+00 0.000000e+00 1.084387e+00 5.000000e+00 1.084387e+00 5.000000e+00 
1.085387e+00 1.085387e+00 1.085387e+00 0.000000e+00 1.085387e+00 5.000000e+00 1.085387e+00 5.000000e+00 
1.086387e+00 1.086387e+00 1.086387e+00 0.000000e+00 1.086387e+00 5.000000e+00 1.086387e+00 5.000000e+00 
1.087387e+00 1.087387e+00 1.087387e+00 0.000000e+00 1.087387e+00 5.000000e+00 1.087387e+00 5.000000e+00 
1.088387e+00 1.088387e+00 1.088387e+00 0.000000e+00 1.088387e+00 5.000000e+00 1.088387e+00 5.000000e+00 
1.089387e+00 1.089387e+00 1.089387e+00 0.000000e+00 1.089387e+00 5.000000e+00 1.089387e+00 5.000000e+00 
1.090387e+00 1.090387e+00 1.090387e+00 0.000000e+00 1.090387e+00 5.000000e+00 1.090387e+00 5.000000e+00 
1.091387e+00 1.091387e+00 1.091387e+00 0.000000e+00 1.091387e+00 5.000000e+00 1.091387e+00 5.000000e+00 
1.092387e+00 1.092387e+00 1.092387e+00 0.000000e+00 1.092387e+00 5.000000e+00 1.092387e+00 5.000000e+00 
1.093387e+00 1.093387e+00 1.093387e+00 0.000000e+00 1.093387e+00 5.000000e+00 1.093387e+00 5.000000e+00 
1.094387e+00 1.094387e+00 1.094387e+00 0.000000e+00 1.094387e+00 5.000000e+00 1.094387e+00 5.000000e+00 
1.095387e+00 1.095387e+00 1.095387e+00 0.000000e+00 1.095387e+00 5.000000e+00 1.095387e+00 5.000000e+00 
1.096387e+00 1.096387e+00 1.096387e+00 0.000000e+00 1.096387e+00 5.000000e+00 1.096387e+00 5.000000e+00 
1.097387e+00 1.097387e+00 1.097387e+00 0.000000e+00 1.097387e+00 5.000000e+00 1.097387e+00 5.000000e+00 
1.098387e+00 1.098387e+00 1.098387e+00 0.000000e+00 1.098387e+00 5.000000e+00 1.098387e+00 5.000000e+00 
1.099387e+00 1.099387e+00 1.099387e+00 0.000000e+00 1.099387e+00 5.000000e+00 1.099387e+00 5.000000e+00 
1.100387e+00 1.100387e+00 1.100387e+00 0.000000e+00 1.100387e+00 5.000000e+00 1.100387e+00 5.000000e+00 
1.101387e+00 1.101387e+00 1.101387e+00 0.000000e+00 1.101387e+00 5.000000e+00 1.101387e+00 5.000000e+00 
1.102387e+00 1.102387e+00 1.102387e+00 0.000000e+00 1.102387e+00 5.000000e+00 1.102387e+00 5.000000e+00 
1.103387e+00 1.103387e+00 1.103387e+00 0.000000e+00 1.103387e+00 5.000000e+00 1.103387e+00 5.000000e+00 
1.104387e+00 1.104387e+00 1.104387e+00 0.000000e+00 1.104387e+00 5.000000e+00 1.104387e+00 5.000000e+00 
1.105387e+00 1.105387e+00 1.105387e+00 0.000000e+00 1.105387e+00 5.000000e+00 1.105387e+00 5.000000e+00 
1.106387e+00 1.106387e+00 1.106387e+00 0.000000e+00 1.106387e+00 5.000000e+00 1.106387e+00 5.000000e+00 
1.107387e+00 1.107387e+00 1.107387e+00 0.000000e+00 1.107387e+00 5.000000e+00 1.107387e+00 5.000000e+00 
1.108387e+00 1.108387e+00 1.108387e+00 0.000000e+00 1.108387e+00 5.000000e+00 1.108387e+00 5.000000e+00 
1.109387e+00 1.109387e+00 1.109387e+00 0.000000e+00 1.109387e+00 5.000000e+00 1.109387e+00 5.000000e+00 
1.110387e+00 1.110387e+00 1.110387e+00 0.000000e+00 1.110387e+00 5.000000e+00 1.110387e+00 5.000000e+00 
1.111387e+00 1.111387e+00 1.111387e+00 0.000000e+00 1.111387e+00 5.000000e+00 1.111387e+00 5.000000e+00 
1.112387e+00 1.112387e+00 1.112387e+00 0.000000e+00 1.112387e+00 5.000000e+00 1.112387e+00 5.000000e+00 
1.113387e+00 1.113387e+00 1.113387e+00 0.000000e+00 1.113387e+00 5.000000e+00 1.113387e+00 5.000000e+00 
1.114387e+00 1.114387e+00 1.114387e+00 0.000000e+00 1.114387e+00 5.000000e+00 1.114387e+00 5.000000e+00 
1.115387e+00 1.115387e+00 1.115387e+00 0.000000e+00 1.115387e+00 5.000000e+00 1.115387e+00 5.000000e+00 
1.116387e+00 1.116387e+00 1.116387e+00 0.000000e+00 1.116387e+00 5.000000e+00 1.116387e+00 5.000000e+00 
1.117387e+00 1.117387e+00 1.117387e+00 0.000000e+00 1.117387e+00 5.000000e+00 1.117387e+00 5.000000e+00 
1.118387e+00 1.118387e+00 1.118387e+00 0.000000e+00 1.118387e+00 5.000000e+00 1.118387e+00 5.000000e+00 
1.119387e+00 1.119387e+00 1.119387e+00 0.000000e+00 1.119387e+00 5.000000e+00 1.119387e+00 5.000000e+00 
1.120387e+00 1.120387e+00 1.120387e+00 0.000000e+00 1.120387e+00 5.000000e+00 1.120387e+00 5.000000e+00 
1.121387e+00 1.121387e+00 1.121387e+00 0.000000e+00 1.121387e+00 5.000000e+00 1.121387e+00 5.000000e+00 
1.122387e+00 1.122387e+00 1.122387e+00 0.000000e+00 1.122387e+00 5.000000e+00 1.122387e+00 5.000000e+00 
1.123387e+00 1.123387e+00 1.123387e+00 0.000000e+00 1.123387e+00 5.000000e+00 1.123387e+00 5.000000e+00 
1.124387e+00 1.124387e+00 1.124387e+00 0.000000e+00 1.124387e+00 5.000000e+00 1.124387e+00 5.000000e+00 
1.125387e+00 1.125387e+00 1.125387e+00 0.000000e+00 1.125387e+00 5.000000e+00 1.125387e+00 5.000000e+00 
1.126387e+00 1.126387e+00 1.126387e+00 0.000000e+00 1.126387e+00 5.000000e+00 1.126387e+00 5.000000e+00 
1.127387e+00 1.127387e+00 1.127387e+00 0.000000e+00 1.127387e+00 5.000000e+00 1.127387e+00 5.000000e+00 
1.128387e+00 1.128387e+00 1.128387e+00 0.000000e+00 1.128387e+00 5.000000e+00 1.128387e+00 5.000000e+00 
1.129387e+00 1.129387e+00 1.129387e+00 0.000000e+00 1.129387e+00 5.000000e+00 1.129387e+00 5.000000e+00 
1.130387e+00 1.130387e+00 1.130387e+00 0.000000e+00 1.130387e+00 5.000000e+00 1.130387e+00 5.000000e+00 
1.131387e+00 1.131387e+00 1.131387e+00 0.000000e+00 1.131387e+00 5.000000e+00 1.131387e+00 5.000000e+00 
1.132387e+00 1.132387e+00 1.132387e+00 0.000000e+00 1.132387e+00 5.000000e+00 1.132387e+00 5.000000e+00 
1.133387e+00 1.133387e+00 1.133387e+00 0.000000e+00 1.133387e+00 5.000000e+00 1.133387e+00 5.000000e+00 
1.134387e+00 1.134387e+00 1.134387e+00 0.000000e+00 1.134387e+00 5.000000e+00 1.134387e+00 5.000000e+00 
1.135387e+00 1.135387e+00 1.135387e+00 0.000000e+00 1.135387e+00 5.000000e+00 1.135387e+00 5.000000e+00 
1.136387e+00 1.136387e+00 1.136387e+00 0.000000e+00 1.136387e+00 5.000000e+00 1.136387e+00 5.000000e+00 
1.137387e+00 1.137387e+00 1.137387e+00 0.000000e+00 1.137387e+00 5.000000e+00 1.137387e+00 5.000000e+00 
1.138387e+00 1.138387e+00 1.138387e+00 0.000000e+00 1.138387e+00 5.000000e+00 1.138387e+00 5.000000e+00 
1.139387e+00 1.139387e+00 1.139387e+00 0.000000e+00 1.139387e+00 5.000000e+00 1.139387e+00 5.000000e+00 
1.140387e+00 1.140387e+00 1.140387e+00 0.000000e+00 1.140387e+00 5.000000e+00 1.140387e+00 5.000000e+00 
1.141387e+00 1.141387e+00 1.141387e+00 0.000000e+00 1.141387e+00 5.000000e+00 1.141387e+00 5.000000e+00 
1.142387e+00 1.142387e+00 1.142387e+00 0.000000e+00 1.142387e+00 5.000000e+00 1.142387e+00 5.000000e+00 
1.143387e+00 1.143387e+00 1.143387e+00 0.000000e+00 1.143387e+00 5.000000e+00 1.143387e+00 5.000000e+00 
1.144387e+00 1.144387e+00 1.144387e+00 0.000000e+00 1.144387e+00 5.000000e+00 1.144387e+00 5.000000e+00 
1.145387e+00 1.145387e+00 1.145387e+00 0.000000e+00 1.145387e+00 5.000000e+00 1.145387e+00 5.000000e+00 
1.146387e+00 1.146387e+00 1.146387e+00 0.000000e+00 1.146387e+00 5.000000e+00 1.146387e+00 5.000000e+00 
1.147387e+00 1.147387e+00 1.147387e+00 0.000000e+00 1.147387e+00 5.000000e+00 1.147387e+00 5.000000e+00 
1.148387e+00 1.148387e+00 1.148387e+00 0.000000e+00 1.148387e+00 5.000000e+00 1.148387e+00 5.000000e+00 
1.149387e+00 1.149387e+00 1.149387e+00 0.000000e+00 1.149387e+00 5.000000e+00 1.149387e+00 5.000000e+00 
1.150387e+00 1.150387e+00 1.150387e+00 0.000000e+00 1.150387e+00 5.000000e+00 1.150387e+00 5.000000e+00 
1.151387e+00 1.151387e+00 1.151387e+00 0.000000e+00 1.151387e+00 5.000000e+00 1.151387e+00 5.000000e+00 
1.152387e+00 1.152387e+00 1.152387e+00 0.000000e+00 1.152387e+00 5.000000e+00 1.152387e+00 5.000000e+00 
1.153387e+00 1.153387e+00 1.153387e+00 0.000000e+00 1.153387e+00 5.000000e+00 1.153387e+00 5.000000e+00 
1.154387e+00 1.154387e+00 1.154387e+00 0.000000e+00 1.154387e+00 5.000000e+00 1.154387e+00 5.000000e+00 
1.155387e+00 1.155387e+00 1.155387e+00 0.000000e+00 1.155387e+00 5.000000e+00 1.155387e+00 5.000000e+00 
1.156387e+00 1.156387e+00 1.156387e+00 0.000000e+00 1.156387e+00 5.000000e+00 1.156387e+00 5.000000e+00 
1.157387e+00 1.157387e+00 1.157387e+00 0.000000e+00 1.157387e+00 5.000000e+00 1.157387e+00 5.000000e+00 
1.158387e+00 1.158387e+00 1.158387e+00 0.000000e+00 1.158387e+00 5.000000e+00 1.158387e+00 5.000000e+00 
1.159387e+00 1.159387e+00 1.159387e+00 0.000000e+00 1.159387e+00 5.000000e+00 1.159387e+00 5.000000e+00 
1.160387e+00 1.160387e+00 1.160387e+00 0.000000e+00 1.160387e+00 5.000000e+00 1.160387e+00 5.000000e+00 
1.161387e+00 1.161387e+00 1.161387e+00 0.000000e+00 1.161387e+00 5.000000e+00 1.161387e+00 5.000000e+00 
1.162387e+00 1.162387e+00 1.162387e+00 0.000000e+00 1.162387e+00 5.000000e+00 1.162387e+00 5.000000e+00 
1.163387e+00 1.163387e+00 1.163387e+00 0.000000e+00 1.163387e+00 5.000000e+00 1.163387e+00 5.000000e+00 
1.164387e+00 1.164387e+00 1.164387e+00 0.000000e+00 1.164387e+00 5.000000e+00 1.164387e+00 5.000000e+00 
1.165387e+00 1.165387e+00 1.165387e+00 0.000000e+00 1.165387e+00 5.000000e+00 1.165387e+00 5.000000e+00 
1.166387e+00 1.166387e+00 1.166387e+00 0.000000e+00 1.166387e+00 5.000000e+00 1.166387e+00 5.000000e+00 
1.167387e+00 1.167387e+00 1.167387e+00 0.000000e+00 1.167387e+00 5.000000e+00 1.167387e+00 5.000000e+00 
1.168387e+00 1.168387e+00 1.168387e+00 0.000000e+00 1.168387e+00 5.000000e+00 1.168387e+00 5.000000e+00 
1.169387e+00 1.169387e+00 1.169387e+00 0.000000e+00 1.169387e+00 5.000000e+00 1.169387e+00 5.000000e+00 
1.170387e+00 1.170387e+00 1.170387e+00 0.000000e+00 1.170387e+00 5.000000e+00 1.170387e+00 5.000000e+00 
1.171387e+00 1.171387e+00 1.171387e+00 0.000000e+00 1.171387e+00 5.000000e+00 1.171387e+00 5.000000e+00 
1.172387e+00 1.172387e+00 1.172387e+00 0.000000e+00 1.172387e+00 5.000000e+00 1.172387e+00 5.000000e+00 
1.173387e+00 1.173387e+00 1.173387e+00 0.000000e+00 1.173387e+00 5.000000e+00 1.173387e+00 5.000000e+00 
1.174387e+00 1.174387e+00 1.174387e+00 0.000000e+00 1.174387e+00 5.000000e+00 1.174387e+00 5.000000e+00 
1.175387e+00 1.175387e+00 1.175387e+00 0.000000e+00 1.175387e+00 5.000000e+00 1.175387e+00 5.000000e+00 
1.176387e+00 1.176387e+00 1.176387e+00 0.000000e+00 1.176387e+00 5.000000e+00 1.176387e+00 5.000000e+00 
1.177387e+00 1.177387e+00 1.177387e+00 0.000000e+00 1.177387e+00 5.000000e+00 1.177387e+00 5.000000e+00 
1.178387e+00 1.178387e+00 1.178387e+00 0.000000e+00 1.178387e+00 5.000000e+00 1.178387e+00 5.000000e+00 
1.179387e+00 1.179387e+00 1.179387e+00 0.000000e+00 1.179387e+00 5.000000e+00 1.179387e+00 5.000000e+00 
1.180387e+00 1.180387e+00 1.180387e+00 0.000000e+00 1.180387e+00 5.000000e+00 1.180387e+00 5.000000e+00 
1.181387e+00 1.181387e+00 1.181387e+00 0.000000e+00 1.181387e+00 5.000000e+00 1.181387e+00 5.000000e+00 
1.182387e+00 1.182387e+00 1.182387e+00 0.000000e+00 1.182387e+00 5.000000e+00 1.182387e+00 5.000000e+00 
1.183387e+00 1.183387e+00 1.183387e+00 0.000000e+00 1.183387e+00 5.000000e+00 1.183387e+00 5.000000e+00 
1.184387e+00 1.184387e+00 1.184387e+00 0.000000e+00 1.184387e+00 5.000000e+00 1.184387e+00 5.000000e+00 
1.185387e+00 1.185387e+00 1.185387e+00 0.000000e+00 1.185387e+00 5.000000e+00 1.185387e+00 5.000000e+00 
1.186387e+00 1.186387e+00 1.186387e+00 0.000000e+00 1.186387e+00 5.000000e+00 1.186387e+00 5.000000e+00 
1.187387e+00 1.187387e+00 1.187387e+00 0.000000e+00 1.187387e+00 5.000000e+00 1.187387e+00 5.000000e+00 
1.188387e+00 1.188387e+00 1.188387e+00 0.000000e+00 1.188387e+00 5.000000e+00 1.188387e+00 5.000000e+00 
1.189387e+00 1.189387e+00 1.189387e+00 0.000000e+00 1.189387e+00 5.000000e+00 1.189387e+00 5.000000e+00 
1.190387e+00 1.190387e+00 1.190387e+00 0.000000e+00 1.190387e+00 5.000000e+00 1.190387e+00 5.000000e+00 
1.191387e+00 1.191387e+00 1.191387e+00 0.000000e+00 1.191387e+00 5.000000e+00 1.191387e+00 5.000000e+00 
1.192387e+00 1.192387e+00 1.192387e+00 0.000000e+00 1.192387e+00 5.000000e+00 1.192387e+00 5.000000e+00 
1.193387e+00 1.193387e+00 1.193387e+00 0.000000e+00 1.193387e+00 5.000000e+00 1.193387e+00 5.000000e+00 
1.194387e+00 1.194387e+00 1.194387e+00 0.000000e+00 1.194387e+00 5.000000e+00 1.194387e+00 5.000000e+00 
1.195387e+00 1.195387e+00 1.195387e+00 0.000000e+00 1.195387e+00 5.000000e+00 1.195387e+00 5.000000e+00 
1.196387e+00 1.196387e+00 1.196387e+00 0.000000e+00 1.196387e+00 5.000000e+00 1.196387e+00 5.000000e+00 
1.197387e+00 1.197387e+00 1.197387e+00 0.000000e+00 1.197387e+00 5.000000e+00 1.197387e+00 5.000000e+00 
1.198387e+00 1.198387e+00 1.198387e+00 0.000000e+00 1.198387e+00 5.000000e+00 1.198387e+00 5.000000e+00 
1.199387e+00 1.199387e+00 1.199387e+00 0.000000e+00 1.199387e+00 5.000000e+00 1.199387e+00 5.000000e+00 
1.200387e+00 1.200387e+00 1.200387e+00 0.000000e+00 1.200387e+00 5.000000e+00 1.200387e+00 5.000000e+00 
1.201387e+00 1.201387e+00 1.201387e+00 0.000000e+00 1.201387e+00 5.000000e+00 1.201387e+00 5.000000e+00 
1.202387e+00 1.202387e+00 1.202387e+00 0.000000e+00 1.202387e+00 5.000000e+00 1.202387e+00 5.000000e+00 
1.203387e+00 1.203387e+00 1.203387e+00 0.000000e+00 1.203387e+00 5.000000e+00 1.203387e+00 5.000000e+00 
1.204387e+00 1.204387e+00 1.204387e+00 0.000000e+00 1.204387e+00 5.000000e+00 1.204387e+00 5.000000e+00 
1.205387e+00 1.205387e+00 1.205387e+00 0.000000e+00 1.205387e+00 5.000000e+00 1.205387e+00 5.000000e+00 
1.206387e+00 1.206387e+00 1.206387e+00 0.000000e+00 1.206387e+00 5.000000e+00 1.206387e+00 5.000000e+00 
1.207387e+00 1.207387e+00 1.207387e+00 0.000000e+00 1.207387e+00 5.000000e+00 1.207387e+00 5.000000e+00 
1.208387e+00 1.208387e+00 1.208387e+00 0.000000e+00 1.208387e+00 5.000000e+00 1.208387e+00 5.000000e+00 
1.209387e+00 1.209387e+00 1.209387e+00 0.000000e+00 1.209387e+00 5.000000e+00 1.209387e+00 5.000000e+00 
1.210387e+00 1.210387e+00 1.210387e+00 0.000000e+00 1.210387e+00 5.000000e+00 1.210387e+00 5.000000e+00 
1.211387e+00 1.211387e+00 1.211387e+00 0.000000e+00 1.211387e+00 5.000000e+00 1.211387e+00 5.000000e+00 
1.212387e+00 1.212387e+00 1.212387e+00 0.000000e+00 1.212387e+00 5.000000e+00 1.212387e+00 5.000000e+00 
1.213387e+00 1.213387e+00 1.213387e+00 0.000000e+00 1.213387e+00 5.000000e+00 1.213387e+00 5.000000e+00 
1.214387e+00 1.214387e+00 1.214387e+00 0.000000e+00 1.214387e+00 5.000000e+00 1.214387e+00 5.000000e+00 
1.215387e+00 1.215387e+00 1.215387e+00 0.000000e+00 1.215387e+00 5.000000e+00 1.215387e+00 5.000000e+00 
1.216387e+00 1.216387e+00 1.216387e+00 0.000000e+00 1.216387e+00 5.000000e+00 1.216387e+00 5.000000e+00 
1.217387e+00 1.217387e+00 1.217387e+00 0.000000e+00 1.217387e+00 5.000000e+00 1.217387e+00 5.000000e+00 
1.218387e+00 1.218387e+00 1.218387e+00 0.000000e+00 1.218387e+00 5.000000e+00 1.218387e+00 5.000000e+00 
1.219387e+00 1.219387e+00 1.219387e+00 0.000000e+00 1.219387e+00 5.000000e+00 1.219387e+00 5.000000e+00 
1.220387e+00 1.220387e+00 1.220387e+00 0.000000e+00 1.220387e+00 5.000000e+00 1.220387e+00 5.000000e+00 
1.221387e+00 1.221387e+00 1.221387e+00 0.000000e+00 1.221387e+00 5.000000e+00 1.221387e+00 5.000000e+00 
1.222387e+00 1.222387e+00 1.222387e+00 0.000000e+00 1.222387e+00 5.000000e+00 1.222387e+00 5.000000e+00 
1.223387e+00 1.223387e+00 1.223387e+00 0.000000e+00 1.223387e+00 5.000000e+00 1.223387e+00 5.000000e+00 
1.224387e+00 1.224387e+00 1.224387e+00 0.000000e+00 1.224387e+00 5.000000e+00 1.224387e+00 5.000000e+00 
1.225387e+00 1.225387e+00 1.225387e+00 0.000000e+00 1.225387e+00 5.000000e+00 1.225387e+00 5.000000e+00 
1.226387e+00 1.226387e+00 1.226387e+00 0.000000e+00 1.226387e+00 5.000000e+00 1.226387e+00 5.000000e+00 
1.227387e+00 1.227387e+00 1.227387e+00 0.000000e+00 1.227387e+00 5.000000e+00 1.227387e+00 5.000000e+00 
1.228387e+00 1.228387e+00 1.228387e+00 0.000000e+00 1.228387e+00 5.000000e+00 1.228387e+00 5.000000e+00 
1.229387e+00 1.229387e+00 1.229387e+00 0.000000e+00 1.229387e+00 5.000000e+00 1.229387e+00 5.000000e+00 
1.230387e+00 1.230387e+00 1.230387e+00 0.000000e+00 1.230387e+00 5.000000e+00 1.230387e+00 5.000000e+00 
1.231387e+00 1.231387e+00 1.231387e+00 0.000000e+00 1.231387e+00 5.000000e+00 1.231387e+00 5.000000e+00 
1.232387e+00 1.232387e+00 1.232387e+00 0.000000e+00 1.232387e+00 5.000000e+00 1.232387e+00 5.000000e+00 
1.233387e+00 1.233387e+00 1.233387e+00 0.000000e+00 1.233387e+00 5.000000e+00 1.233387e+00 5.000000e+00 
1.234387e+00 1.234387e+00 1.234387e+00 0.000000e+00 1.234387e+00 5.000000e+00 1.234387e+00 5.000000e+00 
1.235387e+00 1.235387e+00 1.235387e+00 0.000000e+00 1.235387e+00 5.000000e+00 1.235387e+00 5.000000e+00 
1.236387e+00 1.236387e+00 1.236387e+00 0.000000e+00 1.236387e+00 5.000000e+00 1.236387e+00 5.000000e+00 
1.237387e+00 1.237387e+00 1.237387e+00 0.000000e+00 1.237387e+00 5.000000e+00 1.237387e+00 5.000000e+00 
1.238387e+00 1.238387e+00 1.238387e+00 0.000000e+00 1.238387e+00 5.000000e+00 1.238387e+00 5.000000e+00 
1.239387e+00 1.239387e+00 1.239387e+00 0.000000e+00 1.239387e+00 5.000000e+00 1.239387e+00 5.000000e+00 
1.240387e+00 1.240387e+00 1.240387e+00 0.000000e+00 1.240387e+00 5.000000e+00 1.240387e+00 5.000000e+00 
1.241387e+00 1.241387e+00 1.241387e+00 0.000000e+00 1.241387e+00 5.000000e+00 1.241387e+00 5.000000e+00 
1.242387e+00 1.242387e+00 1.242387e+00 0.000000e+00 1.242387e+00 5.000000e+00 1.242387e+00 5.000000e+00 
1.243387e+00 1.243387e+00 1.243387e+00 0.000000e+00 1.243387e+00 5.000000e+00 1.243387e+00 5.000000e+00 
1.244387e+00 1.244387e+00 1.244387e+00 0.000000e+00 1.244387e+00 5.000000e+00 1.244387e+00 5.000000e+00 
1.245387e+00 1.245387e+00 1.245387e+00 0.000000e+00 1.245387e+00 5.000000e+00 1.245387e+00 5.000000e+00 
1.246387e+00 1.246387e+00 1.246387e+00 0.000000e+00 1.246387e+00 5.000000e+00 1.246387e+00 5.000000e+00 
1.247387e+00 1.247387e+00 1.247387e+00 0.000000e+00 1.247387e+00 5.000000e+00 1.247387e+00 5.000000e+00 
1.248387e+00 1.248387e+00 1.248387e+00 0.000000e+00 1.248387e+00 5.000000e+00 1.248387e+00 5.000000e+00 
1.249387e+00 1.249387e+00 1.249387e+00 0.000000e+00 1.249387e+00 5.000000e+00 1.249387e+00 5.000000e+00 
1.250387e+00 1.250387e+00 1.250387e+00 0.000000e+00 1.250387e+00 5.000000e+00 1.250387e+00 5.000000e+00 
1.251387e+00 1.251387e+00 1.251387e+00 0.000000e+00 1.251387e+00 5.000000e+00 1.251387e+00 5.000000e+00 
1.252387e+00 1.252387e+00 1.252387e+00 0.000000e+00 1.252387e+00 5.000000e+00 1.252387e+00 5.000000e+00 
1.253387e+00 1.253387e+00 1.253387e+00 0.000000e+00 1.253387e+00 5.000000e+00 1.253387e+00 5.000000e+00 
1.254387e+00 1.254387e+00 1.254387e+00 0.000000e+00 1.254387e+00 5.000000e+00 1.254387e+00 5.000000e+00 
1.255387e+00 1.255387e+00 1.255387e+00 0.000000e+00 1.255387e+00 5.000000e+00 1.255387e+00 5.000000e+00 
1.256387e+00 1.256387e+00 1.256387e+00 0.000000e+00 1.256387e+00 5.000000e+00 1.256387e+00 5.000000e+00 
1.257387e+00 1.257387e+00 1.257387e+00 0.000000e+00 1.257387e+00 5.000000e+00 1.257387e+00 5.000000e+00 
1.258387e+00 1.258387e+00 1.258387e+00 0.000000e+00 1.258387e+00 5.000000e+00 1.258387e+00 5.000000e+00 
1.259387e+00 1.259387e+00 1.259387e+00 0.000000e+00 1.259387e+00 5.000000e+00 1.259387e+00 5.000000e+00 
1.260387e+00 1.260387e+00 1.260387e+00 0.000000e+00 1.260387e+00 5.000000e+00 1.260387e+00 5.000000e+00 
1.261387e+00 1.261387e+00 1.261387e+00 0.000000e+00 1.261387e+00 5.000000e+00 1.261387e+00 5.000000e+00 
1.262387e+00 1.262387e+00 1.262387e+00 0.000000e+00 1.262387e+00 5.000000e+00 1.262387e+00 5.000000e+00 
1.263387e+00 1.263387e+00 1.263387e+00 0.000000e+00 1.263387e+00 5.000000e+00 1.263387e+00 5.000000e+00 
1.264387e+00 1.264387e+00 1.264387e+00 0.000000e+00 1.264387e+00 5.000000e+00 1.264387e+00 5.000000e+00 
1.265387e+00 1.265387e+00 1.265387e+00 0.000000e+00 1.265387e+00 5.000000e+00 1.265387e+00 5.000000e+00 
1.266387e+00 1.266387e+00 1.266387e+00 0.000000e+00 1.266387e+00 5.000000e+00 1.266387e+00 5.000000e+00 
1.267387e+00 1.267387e+00 1.267387e+00 0.000000e+00 1.267387e+00 5.000000e+00 1.267387e+00 5.000000e+00 
1.268387e+00 1.268387e+00 1.268387e+00 0.000000e+00 1.268387e+00 5.000000e+00 1.268387e+00 5.000000e+00 
1.269387e+00 1.269387e+00 1.269387e+00 0.000000e+00 1.269387e+00 5.000000e+00 1.269387e+00 5.000000e+00 
1.270387e+00 1.270387e+00 1.270387e+00 0.000000e+00 1.270387e+00 5.000000e+00 1.270387e+00 5.000000e+00 
1.271387e+00 1.271387e+00 1.271387e+00 0.000000e+00 1.271387e+00 5.000000e+00 1.271387e+00 5.000000e+00 
1.272387e+00 1.272387e+00 1.272387e+00 0.000000e+00 1.272387e+00 5.000000e+00 1.272387e+00 5.000000e+00 
1.273387e+00 1.273387e+00 1.273387e+00 0.000000e+00 1.273387e+00 5.000000e+00 1.273387e+00 5.000000e+00 
1.274387e+00 1.274387e+00 1.274387e+00 0.000000e+00 1.274387e+00 5.000000e+00 1.274387e+00 5.000000e+00 
1.275387e+00 1.275387e+00 1.275387e+00 0.000000e+00 1.275387e+00 5.000000e+00 1.275387e+00 5.000000e+00 
1.276387e+00 1.276387e+00 1.276387e+00 0.000000e+00 1.276387e+00 5.000000e+00 1.276387e+00 5.000000e+00 
1.277387e+00 1.277387e+00 1.277387e+00 0.000000e+00 1.277387e+00 5.000000e+00 1.277387e+00 5.000000e+00 
1.278387e+00 1.278387e+00 1.278387e+00 0.000000e+00 1.278387e+00 5.000000e+00 1.278387e+00 5.000000e+00 
1.279387e+00 1.279387e+00 1.279387e+00 0.000000e+00 1.279387e+00 5.000000e+00 1.279387e+00 5.000000e+00 
1.280387e+00 1.280387e+00 1.280387e+00 0.000000e+00 1.280387e+00 5.000000e+00 1.280387e+00 5.000000e+00 
1.281387e+00 1.281387e+00 1.281387e+00 0.000000e+00 1.281387e+00 5.000000e+00 1.281387e+00 5.000000e+00 
1.282387e+00 1.282387e+00 1.282387e+00 0.000000e+00 1.282387e+00 5.000000e+00 1.282387e+00 5.000000e+00 
1.283387e+00 1.283387e+00 1.283387e+00 0.000000e+00 1.283387e+00 5.000000e+00 1.283387e+00 5.000000e+00 
1.284387e+00 1.284387e+00 1.284387e+00 0.000000e+00 1.284387e+00 5.000000e+00 1.284387e+00 5.000000e+00 
1.285387e+00 1.285387e+00 1.285387e+00 0.000000e+00 1.285387e+00 5.000000e+00 1.285387e+00 5.000000e+00 
1.286387e+00 1.286387e+00 1.286387e+00 0.000000e+00 1.286387e+00 5.000000e+00 1.286387e+00 5.000000e+00 
1.287387e+00 1.287387e+00 1.287387e+00 0.000000e+00 1.287387e+00 5.000000e+00 1.287387e+00 5.000000e+00 
1.288387e+00 1.288387e+00 1.288387e+00 0.000000e+00 1.288387e+00 5.000000e+00 1.288387e+00 5.000000e+00 
1.289387e+00 1.289387e+00 1.289387e+00 0.000000e+00 1.289387e+00 5.000000e+00 1.289387e+00 5.000000e+00 
1.290387e+00 1.290387e+00 1.290387e+00 0.000000e+00 1.290387e+00 5.000000e+00 1.290387e+00 5.000000e+00 
1.291387e+00 1.291387e+00 1.291387e+00 0.000000e+00 1.291387e+00 5.000000e+00 1.291387e+00 5.000000e+00 
1.292387e+00 1.292387e+00 1.292387e+00 0.000000e+00 1.292387e+00 5.000000e+00 1.292387e+00 5.000000e+00 
1.293387e+00 1.293387e+00 1.293387e+00 0.000000e+00 1.293387e+00 5.000000e+00 1.293387e+00 5.000000e+00 
1.294387e+00 1.294387e+00 1.294387e+00 0.000000e+00 1.294387e+00 5.000000e+00 1.294387e+00 5.000000e+00 
1.295387e+00 1.295387e+00 1.295387e+00 0.000000e+00 1.295387e+00 5.000000e+00 1.295387e+00 5.000000e+00 
1.296387e+00 1.296387e+00 1.296387e+00 0.000000e+00 1.296387e+00 5.000000e+00 1.296387e+00 5.000000e+00 
1.297387e+00 1.297387e+00 1.297387e+00 0.000000e+00 1.297387e+00 5.000000e+00 1.297387e+00 5.000000e+00 
1.298387e+00 1.298387e+00 1.298387e+00 0.000000e+00 1.298387e+00 5.000000e+00 1.298387e+00 5.000000e+00 
1.299387e+00 1.299387e+00 1.299387e+00 0.000000e+00 1.299387e+00 5.000000e+00 1.299387e+00 5.000000e+00 
1.300387e+00 1.300387e+00 1.300387e+00 0.000000e+00 1.300387e+00 5.000000e+00 1.300387e+00 5.000000e+00 
1.301387e+00 1.301387e+00 1.301387e+00 0.000000e+00 1.301387e+00 5.000000e+00 1.301387e+00 5.000000e+00 
1.302387e+00 1.302387e+00 1.302387e+00 0.000000e+00 1.302387e+00 5.000000e+00 1.302387e+00 5.000000e+00 
1.303387e+00 1.303387e+00 1.303387e+00 0.000000e+00 1.303387e+00 5.000000e+00 1.303387e+00 5.000000e+00 
1.304387e+00 1.304387e+00 1.304387e+00 0.000000e+00 1.304387e+00 5.000000e+00 1.304387e+00 5.000000e+00 
1.305387e+00 1.305387e+00 1.305387e+00 0.000000e+00 1.305387e+00 5.000000e+00 1.305387e+00 5.000000e+00 
1.306387e+00 1.306387e+00 1.306387e+00 0.000000e+00 1.306387e+00 5.000000e+00 1.306387e+00 5.000000e+00 
1.307387e+00 1.307387e+00 1.307387e+00 0.000000e+00 1.307387e+00 5.000000e+00 1.307387e+00 5.000000e+00 
1.308387e+00 1.308387e+00 1.308387e+00 0.000000e+00 1.308387e+00 5.000000e+00 1.308387e+00 5.000000e+00 
1.309387e+00 1.309387e+00 1.309387e+00 0.000000e+00 1.309387e+00 5.000000e+00 1.309387e+00 5.000000e+00 
1.310387e+00 1.310387e+00 1.310387e+00 0.000000e+00 1.310387e+00 5.000000e+00 1.310387e+00 5.000000e+00 
1.311387e+00 1.311387e+00 1.311387e+00 0.000000e+00 1.311387e+00 5.000000e+00 1.311387e+00 5.000000e+00 
1.312387e+00 1.312387e+00 1.312387e+00 0.000000e+00 1.312387e+00 5.000000e+00 1.312387e+00 5.000000e+00 
1.313387e+00 1.313387e+00 1.313387e+00 0.000000e+00 1.313387e+00 5.000000e+00 1.313387e+00 5.000000e+00 
1.314387e+00 1.314387e+00 1.314387e+00 0.000000e+00 1.314387e+00 5.000000e+00 1.314387e+00 5.000000e+00 
1.315387e+00 1.315387e+00 1.315387e+00 0.000000e+00 1.315387e+00 5.000000e+00 1.315387e+00 5.000000e+00 
1.316387e+00 1.316387e+00 1.316387e+00 0.000000e+00 1.316387e+00 5.000000e+00 1.316387e+00 5.000000e+00 
1.317387e+00 1.317387e+00 1.317387e+00 0.000000e+00 1.317387e+00 5.000000e+00 1.317387e+00 5.000000e+00 
1.318387e+00 1.318387e+00 1.318387e+00 0.000000e+00 1.318387e+00 5.000000e+00 1.318387e+00 5.000000e+00 
1.319387e+00 1.319387e+00 1.319387e+00 0.000000e+00 1.319387e+00 5.000000e+00 1.319387e+00 5.000000e+00 
1.320387e+00 1.320387e+00 1.320387e+00 0.000000e+00 1.320387e+00 5.000000e+00 1.320387e+00 5.000000e+00 
1.321387e+00 1.321387e+00 1.321387e+00 0.000000e+00 1.321387e+00 5.000000e+00 1.321387e+00 5.000000e+00 
1.322387e+00 1.322387e+00 1.322387e+00 0.000000e+00 1.322387e+00 5.000000e+00 1.322387e+00 5.000000e+00 
1.323387e+00 1.323387e+00 1.323387e+00 0.000000e+00 1.323387e+00 5.000000e+00 1.323387e+00 5.000000e+00 
1.324387e+00 1.324387e+00 1.324387e+00 0.000000e+00 1.324387e+00 5.000000e+00 1.324387e+00 5.000000e+00 
1.325387e+00 1.325387e+00 1.325387e+00 0.000000e+00 1.325387e+00 5.000000e+00 1.325387e+00 5.000000e+00 
1.326387e+00 1.326387e+00 1.326387e+00 0.000000e+00 1.326387e+00 5.000000e+00 1.326387e+00 5.000000e+00 
1.327387e+00 1.327387e+00 1.327387e+00 0.000000e+00 1.327387e+00 5.000000e+00 1.327387e+00 5.000000e+00 
1.328387e+00 1.328387e+00 1.328387e+00 0.000000e+00 1.328387e+00 5.000000e+00 1.328387e+00 5.000000e+00 
1.329387e+00 1.329387e+00 1.329387e+00 0.000000e+00 1.329387e+00 5.000000e+00 1.329387e+00 5.000000e+00 
1.330387e+00 1.330387e+00 1.330387e+00 0.000000e+00 1.330387e+00 5.000000e+00 1.330387e+00 5.000000e+00 
1.331387e+00 1.331387e+00 1.331387e+00 0.000000e+00 1.331387e+00 5.000000e+00 1.331387e+00 5.000000e+00 
1.332387e+00 1.332387e+00 1.332387e+00 0.000000e+00 1.332387e+00 5.000000e+00 1.332387e+00 5.000000e+00 
1.333387e+00 1.333387e+00 1.333387e+00 0.000000e+00 1.333387e+00 5.000000e+00 1.333387e+00 5.000000e+00 
1.334387e+00 1.334387e+00 1.334387e+00 0.000000e+00 1.334387e+00 5.000000e+00 1.334387e+00 5.000000e+00 
1.335387e+00 1.335387e+00 1.335387e+00 0.000000e+00 1.335387e+00 5.000000e+00 1.335387e+00 5.000000e+00 
1.336387e+00 1.336387e+00 1.336387e+00 0.000000e+00 1.336387e+00 5.000000e+00 1.336387e+00 5.000000e+00 
1.337387e+00 1.337387e+00 1.337387e+00 0.000000e+00 1.337387e+00 5.000000e+00 1.337387e+00 5.000000e+00 
1.338387e+00 1.338387e+00 1.338387e+00 0.000000e+00 1.338387e+00 5.000000e+00 1.338387e+00 5.000000e+00 
1.339387e+00 1.339387e+00 1.339387e+00 0.000000e+00 1.339387e+00 5.000000e+00 1.339387e+00 5.000000e+00 
1.340387e+00 1.340387e+00 1.340387e+00 0.000000e+00 1.340387e+00 5.000000e+00 1.340387e+00 5.000000e+00 
1.341387e+00 1.341387e+00 1.341387e+00 0.000000e+00 1.341387e+00 5.000000e+00 1.341387e+00 5.000000e+00 
1.342387e+00 1.342387e+00 1.342387e+00 0.000000e+00 1.342387e+00 5.000000e+00 1.342387e+00 5.000000e+00 
1.343387e+00 1.343387e+00 1.343387e+00 0.000000e+00 1.343387e+00 5.000000e+00 1.343387e+00 5.000000e+00 
1.344387e+00 1.344387e+00 1.344387e+00 0.000000e+00 1.344387e+00 5.000000e+00 1.344387e+00 5.000000e+00 
1.345387e+00 1.345387e+00 1.345387e+00 0.000000e+00 1.345387e+00 5.000000e+00 1.345387e+00 5.000000e+00 
1.346387e+00 1.346387e+00 1.346387e+00 0.000000e+00 1.346387e+00 5.000000e+00 1.346387e+00 5.000000e+00 
1.347387e+00 1.347387e+00 1.347387e+00 0.000000e+00 1.347387e+00 5.000000e+00 1.347387e+00 5.000000e+00 
1.348387e+00 1.348387e+00 1.348387e+00 0.000000e+00 1.348387e+00 5.000000e+00 1.348387e+00 5.000000e+00 
1.349387e+00 1.349387e+00 1.349387e+00 0.000000e+00 1.349387e+00 5.000000e+00 1.349387e+00 5.000000e+00 
1.350387e+00 1.350387e+00 1.350387e+00 0.000000e+00 1.350387e+00 5.000000e+00 1.350387e+00 5.000000e+00 
1.351387e+00 1.351387e+00 1.351387e+00 0.000000e+00 1.351387e+00 5.000000e+00 1.351387e+00 5.000000e+00 
1.352387e+00 1.352387e+00 1.352387e+00 0.000000e+00 1.352387e+00 5.000000e+00 1.352387e+00 5.000000e+00 
1.353387e+00 1.353387e+00 1.353387e+00 0.000000e+00 1.353387e+00 5.000000e+00 1.353387e+00 5.000000e+00 
1.354387e+00 1.354387e+00 1.354387e+00 0.000000e+00 1.354387e+00 5.000000e+00 1.354387e+00 5.000000e+00 
1.355387e+00 1.355387e+00 1.355387e+00 0.000000e+00 1.355387e+00 5.000000e+00 1.355387e+00 5.000000e+00 
1.356387e+00 1.356387e+00 1.356387e+00 0.000000e+00 1.356387e+00 5.000000e+00 1.356387e+00 5.000000e+00 
1.357387e+00 1.357387e+00 1.357387e+00 0.000000e+00 1.357387e+00 5.000000e+00 1.357387e+00 5.000000e+00 
1.358387e+00 1.358387e+00 1.358387e+00 0.000000e+00 1.358387e+00 5.000000e+00 1.358387e+00 5.000000e+00 
1.359387e+00 1.359387e+00 1.359387e+00 0.000000e+00 1.359387e+00 5.000000e+00 1.359387e+00 5.000000e+00 
1.360387e+00 1.360387e+00 1.360387e+00 0.000000e+00 1.360387e+00 5.000000e+00 1.360387e+00 5.000000e+00 
1.361387e+00 1.361387e+00 1.361387e+00 0.000000e+00 1.361387e+00 5.000000e+00 1.361387e+00 5.000000e+00 
1.362387e+00 1.362387e+00 1.362387e+00 0.000000e+00 1.362387e+00 5.000000e+00 1.362387e+00 5.000000e+00 
1.363387e+00 1.363387e+00 1.363387e+00 0.000000e+00 1.363387e+00 5.000000e+00 1.363387e+00 5.000000e+00 
1.364387e+00 1.364387e+00 1.364387e+00 0.000000e+00 1.364387e+00 5.000000e+00 1.364387e+00 5.000000e+00 
1.365387e+00 1.365387e+00 1.365387e+00 0.000000e+00 1.365387e+00 5.000000e+00 1.365387e+00 5.000000e+00 
1.366387e+00 1.366387e+00 1.366387e+00 0.000000e+00 1.366387e+00 5.000000e+00 1.366387e+00 5.000000e+00 
1.367387e+00 1.367387e+00 1.367387e+00 0.000000e+00 1.367387e+00 5.000000e+00 1.367387e+00 5.000000e+00 
1.368387e+00 1.368387e+00 1.368387e+00 0.000000e+00 1.368387e+00 5.000000e+00 1.368387e+00 5.000000e+00 
1.369387e+00 1.369387e+00 1.369387e+00 0.000000e+00 1.369387e+00 5.000000e+00 1.369387e+00 5.000000e+00 
1.370387e+00 1.370387e+00 1.370387e+00 0.000000e+00 1.370387e+00 5.000000e+00 1.370387e+00 5.000000e+00 
1.371387e+00 1.371387e+00 1.371387e+00 0.000000e+00 1.371387e+00 5.000000e+00 1.371387e+00 5.000000e+00 
1.372387e+00 1.372387e+00 1.372387e+00 0.000000e+00 1.372387e+00 5.000000e+00 1.372387e+00 5.000000e+00 
1.373387e+00 1.373387e+00 1.373387e+00 0.000000e+00 1.373387e+00 5.000000e+00 1.373387e+00 5.000000e+00 
1.374387e+00 1.374387e+00 1.374387e+00 0.000000e+00 1.374387e+00 5.000000e+00 1.374387e+00 5.000000e+00 
1.375387e+00 1.375387e+00 1.375387e+00 0.000000e+00 1.375387e+00 5.000000e+00 1.375387e+00 5.000000e+00 
1.376387e+00 1.376387e+00 1.376387e+00 0.000000e+00 1.376387e+00 5.000000e+00 1.376387e+00 5.000000e+00 
1.377387e+00 1.377387e+00 1.377387e+00 0.000000e+00 1.377387e+00 5.000000e+00 1.377387e+00 5.000000e+00 
1.378387e+00 1.378387e+00 1.378387e+00 0.000000e+00 1.378387e+00 5.000000e+00 1.378387e+00 5.000000e+00 
1.379387e+00 1.379387e+00 1.379387e+00 0.000000e+00 1.379387e+00 5.000000e+00 1.379387e+00 5.000000e+00 
1.380387e+00 1.380387e+00 1.380387e+00 0.000000e+00 1.380387e+00 5.000000e+00 1.380387e+00 5.000000e+00 
1.381387e+00 1.381387e+00 1.381387e+00 0.000000e+00 1.381387e+00 5.000000e+00 1.381387e+00 5.000000e+00 
1.382387e+00 1.382387e+00 1.382387e+00 0.000000e+00 1.382387e+00 5.000000e+00 1.382387e+00 5.000000e+00 
1.383387e+00 1.383387e+00 1.383387e+00 0.000000e+00 1.383387e+00 5.000000e+00 1.383387e+00 5.000000e+00 
1.384387e+00 1.384387e+00 1.384387e+00 0.000000e+00 1.384387e+00 5.000000e+00 1.384387e+00 5.000000e+00 
1.385387e+00 1.385387e+00 1.385387e+00 0.000000e+00 1.385387e+00 5.000000e+00 1.385387e+00 5.000000e+00 
1.386387e+00 1.386387e+00 1.386387e+00 0.000000e+00 1.386387e+00 5.000000e+00 1.386387e+00 5.000000e+00 
1.387387e+00 1.387387e+00 1.387387e+00 0.000000e+00 1.387387e+00 5.000000e+00 1.387387e+00 5.000000e+00 
1.388387e+00 1.388387e+00 1.388387e+00 0.000000e+00 1.388387e+00 5.000000e+00 1.388387e+00 5.000000e+00 
1.389387e+00 1.389387e+00 1.389387e+00 0.000000e+00 1.389387e+00 5.000000e+00 1.389387e+00 5.000000e+00 
1.390387e+00 1.390387e+00 1.390387e+00 0.000000e+00 1.390387e+00 5.000000e+00 1.390387e+00 5.000000e+00 
1.391387e+00 1.391387e+00 1.391387e+00 0.000000e+00 1.391387e+00 5.000000e+00 1.391387e+00 5.000000e+00 
1.392387e+00 1.392387e+00 1.392387e+00 0.000000e+00 1.392387e+00 5.000000e+00 1.392387e+00 5.000000e+00 
1.393387e+00 1.393387e+00 1.393387e+00 0.000000e+00 1.393387e+00 5.000000e+00 1.393387e+00 5.000000e+00 
1.394387e+00 1.394387e+00 1.394387e+00 0.000000e+00 1.394387e+00 5.000000e+00 1.394387e+00 5.000000e+00 
1.395387e+00 1.395387e+00 1.395387e+00 0.000000e+00 1.395387e+00 5.000000e+00 1.395387e+00 5.000000e+00 
1.396387e+00 1.396387e+00 1.396387e+00 0.000000e+00 1.396387e+00 5.000000e+00 1.396387e+00 5.000000e+00 
1.397387e+00 1.397387e+00 1.397387e+00 0.000000e+00 1.397387e+00 5.000000e+00 1.397387e+00 5.000000e+00 
1.398387e+00 1.398387e+00 1.398387e+00 0.000000e+00 1.398387e+00 5.000000e+00 1.398387e+00 5.000000e+00 
1.399387e+00 1.399387e+00 1.399387e+00 0.000000e+00 1.399387e+00 5.000000e+00 1.399387e+00 5.000000e+00 
1.400387e+00 1.400387e+00 1.400387e+00 0.000000e+00 1.400387e+00 5.000000e+00 1.400387e+00 5.000000e+00 
1.401387e+00 1.401387e+00 1.401387e+00 0.000000e+00 1.401387e+00 5.000000e+00 1.401387e+00 5.000000e+00 
1.402387e+00 1.402387e+00 1.402387e+00 0.000000e+00 1.402387e+00 5.000000e+00 1.402387e+00 5.000000e+00 
1.403387e+00 1.403387e+00 1.403387e+00 0.000000e+00 1.403387e+00 5.000000e+00 1.403387e+00 5.000000e+00 
1.404387e+00 1.404387e+00 1.404387e+00 0.000000e+00 1.404387e+00 5.000000e+00 1.404387e+00 5.000000e+00 
1.405387e+00 1.405387e+00 1.405387e+00 0.000000e+00 1.405387e+00 5.000000e+00 1.405387e+00 5.000000e+00 
1.406387e+00 1.406387e+00 1.406387e+00 0.000000e+00 1.406387e+00 5.000000e+00 1.406387e+00 5.000000e+00 
1.407387e+00 1.407387e+00 1.407387e+00 0.000000e+00 1.407387e+00 5.000000e+00 1.407387e+00 5.000000e+00 
1.408387e+00 1.408387e+00 1.408387e+00 0.000000e+00 1.408387e+00 5.000000e+00 1.408387e+00 5.000000e+00 
1.409387e+00 1.409387e+00 1.409387e+00 0.000000e+00 1.409387e+00 5.000000e+00 1.409387e+00 5.000000e+00 
1.410387e+00 1.410387e+00 1.410387e+00 0.000000e+00 1.410387e+00 5.000000e+00 1.410387e+00 5.000000e+00 
1.411387e+00 1.411387e+00 1.411387e+00 0.000000e+00 1.411387e+00 5.000000e+00 1.411387e+00 5.000000e+00 
1.412387e+00 1.412387e+00 1.412387e+00 0.000000e+00 1.412387e+00 5.000000e+00 1.412387e+00 5.000000e+00 
1.413387e+00 1.413387e+00 1.413387e+00 0.000000e+00 1.413387e+00 5.000000e+00 1.413387e+00 5.000000e+00 
1.414387e+00 1.414387e+00 1.414387e+00 0.000000e+00 1.414387e+00 5.000000e+00 1.414387e+00 5.000000e+00 
1.415387e+00 1.415387e+00 1.415387e+00 0.000000e+00 1.415387e+00 5.000000e+00 1.415387e+00 5.000000e+00 
1.416387e+00 1.416387e+00 1.416387e+00 0.000000e+00 1.416387e+00 5.000000e+00 1.416387e+00 5.000000e+00 
1.417387e+00 1.417387e+00 1.417387e+00 0.000000e+00 1.417387e+00 5.000000e+00 1.417387e+00 5.000000e+00 
1.418387e+00 1.418387e+00 1.418387e+00 0.000000e+00 1.418387e+00 5.000000e+00 1.418387e+00 5.000000e+00 
1.419387e+00 1.419387e+00 1.419387e+00 0.000000e+00 1.419387e+00 5.000000e+00 1.419387e+00 5.000000e+00 
1.420387e+00 1.420387e+00 1.420387e+00 0.000000e+00 1.420387e+00 5.000000e+00 1.420387e+00 5.000000e+00 
1.421387e+00 1.421387e+00 1.421387e+00 0.000000e+00 1.421387e+00 5.000000e+00 1.421387e+00 5.000000e+00 
1.422387e+00 1.422387e+00 1.422387e+00 0.000000e+00 1.422387e+00 5.000000e+00 1.422387e+00 5.000000e+00 
1.423387e+00 1.423387e+00 1.423387e+00 0.000000e+00 1.423387e+00 5.000000e+00 1.423387e+00 5.000000e+00 
1.424387e+00 1.424387e+00 1.424387e+00 0.000000e+00 1.424387e+00 5.000000e+00 1.424387e+00 5.000000e+00 
1.425387e+00 1.425387e+00 1.425387e+00 0.000000e+00 1.425387e+00 5.000000e+00 1.425387e+00 5.000000e+00 
1.426387e+00 1.426387e+00 1.426387e+00 0.000000e+00 1.426387e+00 5.000000e+00 1.426387e+00 5.000000e+00 
1.427387e+00 1.427387e+00 1.427387e+00 0.000000e+00 1.427387e+00 5.000000e+00 1.427387e+00 5.000000e+00 
1.428387e+00 1.428387e+00 1.428387e+00 0.000000e+00 1.428387e+00 5.000000e+00 1.428387e+00 5.000000e+00 
1.429387e+00 1.429387e+00 1.429387e+00 0.000000e+00 1.429387e+00 5.000000e+00 1.429387e+00 5.000000e+00 
1.430387e+00 1.430387e+00 1.430387e+00 0.000000e+00 1.430387e+00 5.000000e+00 1.430387e+00 5.000000e+00 
1.431387e+00 1.431387e+00 1.431387e+00 0.000000e+00 1.431387e+00 5.000000e+00 1.431387e+00 5.000000e+00 
1.432387e+00 1.432387e+00 1.432387e+00 0.000000e+00 1.432387e+00 5.000000e+00 1.432387e+00 5.000000e+00 
1.433387e+00 1.433387e+00 1.433387e+00 0.000000e+00 1.433387e+00 5.000000e+00 1.433387e+00 5.000000e+00 
1.434387e+00 1.434387e+00 1.434387e+00 0.000000e+00 1.434387e+00 5.000000e+00 1.434387e+00 5.000000e+00 
1.435387e+00 1.435387e+00 1.435387e+00 0.000000e+00 1.435387e+00 5.000000e+00 1.435387e+00 5.000000e+00 
1.436387e+00 1.436387e+00 1.436387e+00 0.000000e+00 1.436387e+00 5.000000e+00 1.436387e+00 5.000000e+00 
1.437387e+00 1.437387e+00 1.437387e+00 0.000000e+00 1.437387e+00 5.000000e+00 1.437387e+00 5.000000e+00 
1.438387e+00 1.438387e+00 1.438387e+00 0.000000e+00 1.438387e+00 5.000000e+00 1.438387e+00 5.000000e+00 
1.439387e+00 1.439387e+00 1.439387e+00 0.000000e+00 1.439387e+00 5.000000e+00 1.439387e+00 5.000000e+00 
1.440387e+00 1.440387e+00 1.440387e+00 0.000000e+00 1.440387e+00 5.000000e+00 1.440387e+00 5.000000e+00 
1.441387e+00 1.441387e+00 1.441387e+00 0.000000e+00 1.441387e+00 5.000000e+00 1.441387e+00 5.000000e+00 
1.442387e+00 1.442387e+00 1.442387e+00 0.000000e+00 1.442387e+00 5.000000e+00 1.442387e+00 5.000000e+00 
1.443387e+00 1.443387e+00 1.443387e+00 0.000000e+00 1.443387e+00 5.000000e+00 1.443387e+00 5.000000e+00 
1.444387e+00 1.444387e+00 1.444387e+00 0.000000e+00 1.444387e+00 5.000000e+00 1.444387e+00 5.000000e+00 
1.445387e+00 1.445387e+00 1.445387e+00 0.000000e+00 1.445387e+00 5.000000e+00 1.445387e+00 5.000000e+00 
1.446387e+00 1.446387e+00 1.446387e+00 0.000000e+00 1.446387e+00 5.000000e+00 1.446387e+00 5.000000e+00 
1.447387e+00 1.447387e+00 1.447387e+00 0.000000e+00 1.447387e+00 5.000000e+00 1.447387e+00 5.000000e+00 
1.448387e+00 1.448387e+00 1.448387e+00 0.000000e+00 1.448387e+00 5.000000e+00 1.448387e+00 5.000000e+00 
1.449387e+00 1.449387e+00 1.449387e+00 0.000000e+00 1.449387e+00 5.000000e+00 1.449387e+00 5.000000e+00 
1.450387e+00 1.450387e+00 1.450387e+00 0.000000e+00 1.450387e+00 5.000000e+00 1.450387e+00 5.000000e+00 
1.451387e+00 1.451387e+00 1.451387e+00 0.000000e+00 1.451387e+00 5.000000e+00 1.451387e+00 5.000000e+00 
1.452387e+00 1.452387e+00 1.452387e+00 0.000000e+00 1.452387e+00 5.000000e+00 1.452387e+00 5.000000e+00 
1.453387e+00 1.453387e+00 1.453387e+00 0.000000e+00 1.453387e+00 5.000000e+00 1.453387e+00 5.000000e+00 
1.454387e+00 1.454387e+00 1.454387e+00 0.000000e+00 1.454387e+00 5.000000e+00 1.454387e+00 5.000000e+00 
1.455387e+00 1.455387e+00 1.455387e+00 0.000000e+00 1.455387e+00 5.000000e+00 1.455387e+00 5.000000e+00 
1.456387e+00 1.456387e+00 1.456387e+00 0.000000e+00 1.456387e+00 5.000000e+00 1.456387e+00 5.000000e+00 
1.457387e+00 1.457387e+00 1.457387e+00 0.000000e+00 1.457387e+00 5.000000e+00 1.457387e+00 5.000000e+00 
1.458387e+00 1.458387e+00 1.458387e+00 0.000000e+00 1.458387e+00 5.000000e+00 1.458387e+00 5.000000e+00 
1.459387e+00 1.459387e+00 1.459387e+00 0.000000e+00 1.459387e+00 5.000000e+00 1.459387e+00 5.000000e+00 
1.460387e+00 1.460387e+00 1.460387e+00 0.000000e+00 1.460387e+00 5.000000e+00 1.460387e+00 5.000000e+00 
1.461387e+00 1.461387e+00 1.461387e+00 0.000000e+00 1.461387e+00 5.000000e+00 1.461387e+00 5.000000e+00 
1.462387e+00 1.462387e+00 1.462387e+00 0.000000e+00 1.462387e+00 5.000000e+00 1.462387e+00 5.000000e+00 
1.463387e+00 1.463387e+00 1.463387e+00 0.000000e+00 1.463387e+00 5.000000e+00 1.463387e+00 5.000000e+00 
1.464387e+00 1.464387e+00 1.464387e+00 0.000000e+00 1.464387e+00 5.000000e+00 1.464387e+00 5.000000e+00 
1.465387e+00 1.465387e+00 1.465387e+00 0.000000e+00 1.465387e+00 5.000000e+00 1.465387e+00 5.000000e+00 
1.466387e+00 1.466387e+00 1.466387e+00 0.000000e+00 1.466387e+00 5.000000e+00 1.466387e+00 5.000000e+00 
1.467387e+00 1.467387e+00 1.467387e+00 0.000000e+00 1.467387e+00 5.000000e+00 1.467387e+00 5.000000e+00 
1.468387e+00 1.468387e+00 1.468387e+00 0.000000e+00 1.468387e+00 5.000000e+00 1.468387e+00 5.000000e+00 
1.469387e+00 1.469387e+00 1.469387e+00 0.000000e+00 1.469387e+00 5.000000e+00 1.469387e+00 5.000000e+00 
1.470387e+00 1.470387e+00 1.470387e+00 0.000000e+00 1.470387e+00 5.000000e+00 1.470387e+00 5.000000e+00 
1.471387e+00 1.471387e+00 1.471387e+00 0.000000e+00 1.471387e+00 5.000000e+00 1.471387e+00 5.000000e+00 
1.472387e+00 1.472387e+00 1.472387e+00 0.000000e+00 1.472387e+00 5.000000e+00 1.472387e+00 5.000000e+00 
1.473387e+00 1.473387e+00 1.473387e+00 0.000000e+00 1.473387e+00 5.000000e+00 1.473387e+00 5.000000e+00 
1.474387e+00 1.474387e+00 1.474387e+00 0.000000e+00 1.474387e+00 5.000000e+00 1.474387e+00 5.000000e+00 
1.475387e+00 1.475387e+00 1.475387e+00 0.000000e+00 1.475387e+00 5.000000e+00 1.475387e+00 5.000000e+00 
1.476387e+00 1.476387e+00 1.476387e+00 0.000000e+00 1.476387e+00 5.000000e+00 1.476387e+00 5.000000e+00 
1.477387e+00 1.477387e+00 1.477387e+00 0.000000e+00 1.477387e+00 5.000000e+00 1.477387e+00 5.000000e+00 
1.478387e+00 1.478387e+00 1.478387e+00 0.000000e+00 1.478387e+00 5.000000e+00 1.478387e+00 5.000000e+00 
1.479387e+00 1.479387e+00 1.479387e+00 0.000000e+00 1.479387e+00 5.000000e+00 1.479387e+00 5.000000e+00 
1.480387e+00 1.480387e+00 1.480387e+00 0.000000e+00 1.480387e+00 5.000000e+00 1.480387e+00 5.000000e+00 
1.481387e+00 1.481387e+00 1.481387e+00 0.000000e+00 1.481387e+00 5.000000e+00 1.481387e+00 5.000000e+00 
1.482387e+00 1.482387e+00 1.482387e+00 0.000000e+00 1.482387e+00 5.000000e+00 1.482387e+00 5.000000e+00 
1.483387e+00 1.483387e+00 1.483387e+00 0.000000e+00 1.483387e+00 5.000000e+00 1.483387e+00 5.000000e+00 
1.484387e+00 1.484387e+00 1.484387e+00 0.000000e+00 1.484387e+00 5.000000e+00 1.484387e+00 5.000000e+00 
1.485387e+00 1.485387e+00 1.485387e+00 0.000000e+00 1.485387e+00 5.000000e+00 1.485387e+00 5.000000e+00 
1.486387e+00 1.486387e+00 1.486387e+00 0.000000e+00 1.486387e+00 5.000000e+00 1.486387e+00 5.000000e+00 
1.487387e+00 1.487387e+00 1.487387e+00 0.000000e+00 1.487387e+00 5.000000e+00 1.487387e+00 5.000000e+00 
1.488387e+00 1.488387e+00 1.488387e+00 0.000000e+00 1.488387e+00 5.000000e+00 1.488387e+00 5.000000e+00 
1.489387e+00 1.489387e+00 1.489387e+00 0.000000e+00 1.489387e+00 5.000000e+00 1.489387e+00 5.000000e+00 
1.490387e+00 1.490387e+00 1.490387e+00 0.000000e+00 1.490387e+00 5.000000e+00 1.490387e+00 5.000000e+00 
1.491387e+00 1.491387e+00 1.491387e+00 0.000000e+00 1.491387e+00 5.000000e+00 1.491387e+00 5.000000e+00 
1.492387e+00 1.492387e+00 1.492387e+00 0.000000e+00 1.492387e+00 5.000000e+00 1.492387e+00 5.000000e+00 
1.493387e+00 1.493387e+00 1.493387e+00 0.000000e+00 1.493387e+00 5.000000e+00 1.493387e+00 5.000000e+00 
1.494387e+00 1.494387e+00 1.494387e+00 0.000000e+00 1.494387e+00 5.000000e+00 1.494387e+00 5.000000e+00 
1.495387e+00 1.495387e+00 1.495387e+00 0.000000e+00 1.495387e+00 5.000000e+00 1.495387e+00 5.000000e+00 
1.496387e+00 1.496387e+00 1.496387e+00 0.000000e+00 1.496387e+00 5.000000e+00 1.496387e+00 5.000000e+00 
1.497387e+00 1.497387e+00 1.497387e+00 0.000000e+00 1.497387e+00 5.000000e+00 1.497387e+00 5.000000e+00 
1.498387e+00 1.498387e+00 1.498387e+00 0.000000e+00 1.498387e+00 5.000000e+00 1.498387e+00 5.000000e+00 
1.499387e+00 1.499387e+00 1.499387e+00 0.000000e+00 1.499387e+00 5.000000e+00 1.499387e+00 5.000000e+00 
1.499936e+00 1.499936e+00 1.499936e+00 0.000000e+00 1.499936e+00 5.000000e+00 1.499936e+00 5.000000e+00 
1.500145e+00 1.500145e+00 1.500145e+00 0.000000e+00 1.500145e+00 5.000000e+00 1.500145e+00 5.000000e+00 
1.500145e+00 1.500145e+00 1.500145e+00 0.000000e+00 1.500145e+00 5.000000e+00 1.500145e+00 5.000000e+00 
1.500145e+00 1.500145e+00 1.500145e+00 0.000000e+00 1.500145e+00 5.000000e+00 1.500145e+00 5.000000e+00 
1.500145e+00 1.500145e+00 1.500145e+00 0.000000e+00 1.500145e+00 5.000000e+00 1.500145e+00 5.000000e+00 
1.500145e+00 1.500145e+00 1.500145e+00 0.000000e+00 1.500145e+00 5.000000e+00 1.500145e+00 5.000000e+00 
1.500145e+00 1.500145e+00 1.500145e+00 2.400000e+00 1.500145e+00 5.000000e+00 1.500145e+00 5.000000e+00 
1.500145e+00 1.500145e+00 1.500145e+00 5.000000e+00 1.500145e+00 5.000000e+00 1.500145e+00 5.000000e+00 
1.500145e+00 1.500145e+00 1.500145e+00 5.000000e+00 1.500145e+00 5.000000e+00 1.500145e+00 5.000000e+00 
1.500145e+00 1.500145e+00 1.500145e+00 5.000000e+00 1.500145e+00 5.000000e+00 1.500145e+00 5.000000e+00 
1.500145e+00 1.500145e+00 1.500145e+00 5.000000e+00 1.500145e+00 5.000000e+00 1.500145e+00 5.000000e+00 
1.500145e+00 1.500145e+00 1.500145e+00 5.000000e+00 1.500145e+00 1.159999e+00 1.500145e+00 5.000000e+00 
1.500145e+00 1.500145e+00 1.500145e+00 5.000000e+00 1.500145e+00 0.000000e+00 1.500145e+00 5.000000e+00 
1.500145e+00 1.500145e+00 1.500145e+00 5.000000e+00 1.500145e+00 0.000000e+00 1.500145e+00 5.000000e+00 
1.500145e+00 1.500145e+00 1.500145e+00 5.000000e+00 1.500145e+00 0.000000e+00 1.500145e+00 5.000000e+00 
1.500145e+00 1.500145e+00 1.500145e+00 5.000000e+00 1.500145e+00 0.000000e+00 1.500145e+00 5.000000e+00 
1.500145e+00 1.500145e+00 1.500145e+00 5.000000e+00 1.500145e+00 0.000000e+00 1.500145e+00 5.000000e+00 
1.500145e+00 1.500145e+00 1.500145e+00 5.000000e+00 1.500145e+00 0.000000e+00 1.500145e+00 5.000000e+00 
1.500145e+00 1.500145e+00 1.500145e+00 5.000000e+00 1.500145e+00 0.000000e+00 1.500145e+00 5.000000e+00 
1.500146e+00 1.500146e+00 1.500146e+00 5.000000e+00 1.500146e+00 0.000000e+00 1.500146e+00 5.000000e+00 
1.500146e+00 1.500146e+00 1.500146e+00 5.000000e+00 1.500146e+00 0.000000e+00 1.500146e+00 5.000000e+00 
1.500147e+00 1.500147e+00 1.500147e+00 5.000000e+00 1.500147e+00 0.000000e+00 1.500147e+00 5.000000e+00 
1.500148e+00 1.500148e+00 1.500148e+00 5.000000e+00 1.500148e+00 0.000000e+00 1.500148e+00 5.000000e+00 
1.500150e+00 1.500150e+00 1.500150e+00 5.000000e+00 1.500150e+00 0.000000e+00 1.500150e+00 5.000000e+00 
1.500154e+00 1.500154e+00 1.500154e+00 5.000000e+00 1.500154e+00 0.000000e+00 1.500154e+00 5.000000e+00 
1.500161e+00 1.500161e+00 1.500161e+00 5.000000e+00 1.500161e+00 0.000000e+00 1.500161e+00 5.000000e+00 
1.500176e+00 1.500176e+00 1.500176e+00 5.000000e+00 1.500176e+00 0.000000e+00 1.500176e+00 5.000000e+00 
1.500206e+00 1.500206e+00 1.500206e+00 5.000000e+00 1.500206e+00 0.000000e+00 1.500206e+00 5.000000e+00 
1.500266e+00 1.500266e+00 1.500266e+00 5.000000e+00 1.500266e+00 0.000000e+00 1.500266e+00 5.000000e+00 
1.500386e+00 1.500386e+00 1.500386e+00 5.000000e+00 1.500386e+00 0.000000e+00 1.500386e+00 5.000000e+00 
1.500523e+00 1.500523e+00 1.500523e+00 5.000000e+00 1.500523e+00 0.000000e+00 1.500523e+00 5.000000e+00 
1.500764e+00 1.500764e+00 1.500764e+00 5.000000e+00 1.500764e+00 0.000000e+00 1.500764e+00 5.000000e+00 
1.501248e+00 1.501248e+00 1.501248e+00 5.000000e+00 1.501248e+00 0.000000e+00 1.501248e+00 5.000000e+00 
1.502216e+00 1.502216e+00 1.502216e+00 5.000000e+00 1.502216e+00 0.000000e+00 1.502216e+00 5.000000e+00 
1.503216e+00 1.503216e+00 1.503216e+00 5.000000e+00 1.503216e+00 0.000000e+00 1.503216e+00 5.000000e+00 
1.504216e+00 1.504216e+00 1.504216e+00 5.000000e+00 1.504216e+00 0.000000e+00 1.504216e+00 5.000000e+00 
1.505216e+00 1.505216e+00 1.505216e+00 5.000000e+00 1.505216e+00 0.000000e+00 1.505216e+00 5.000000e+00 
1.506216e+00 1.506216e+00 1.506216e+00 5.000000e+00 1.506216e+00 0.000000e+00 1.506216e+00 5.000000e+00 
1.507216e+00 1.507216e+00 1.507216e+00 5.000000e+00 1.507216e+00 0.000000e+00 1.507216e+00 5.000000e+00 
1.508216e+00 1.508216e+00 1.508216e+00 5.000000e+00 1.508216e+00 0.000000e+00 1.508216e+00 5.000000e+00 
1.509216e+00 1.509216e+00 1.509216e+00 5.000000e+00 1.509216e+00 0.000000e+00 1.509216e+00 5.000000e+00 
1.510216e+00 1.510216e+00 1.510216e+00 5.000000e+00 1.510216e+00 0.000000e+00 1.510216e+00 5.000000e+00 
1.511216e+00 1.511216e+00 1.511216e+00 5.000000e+00 1.511216e+00 0.000000e+00 1.511216e+00 5.000000e+00 
1.512216e+00 1.512216e+00 1.512216e+00 5.000000e+00 1.512216e+00 0.000000e+00 1.512216e+00 5.000000e+00 
1.513216e+00 1.513216e+00 1.513216e+00 5.000000e+00 1.513216e+00 0.000000e+00 1.513216e+00 5.000000e+00 
1.514216e+00 1.514216e+00 1.514216e+00 5.000000e+00 1.514216e+00 0.000000e+00 1.514216e+00 5.000000e+00 
1.515216e+00 1.515216e+00 1.515216e+00 5.000000e+00 1.515216e+00 0.000000e+00 1.515216e+00 5.000000e+00 
1.516216e+00 1.516216e+00 1.516216e+00 5.000000e+00 1.516216e+00 0.000000e+00 1.516216e+00 5.000000e+00 
1.517216e+00 1.517216e+00 1.517216e+00 5.000000e+00 1.517216e+00 0.000000e+00 1.517216e+00 5.000000e+00 
1.518216e+00 1.518216e+00 1.518216e+00 5.000000e+00 1.518216e+00 0.000000e+00 1.518216e+00 5.000000e+00 
1.519216e+00 1.519216e+00 1.519216e+00 5.000000e+00 1.519216e+00 0.000000e+00 1.519216e+00 5.000000e+00 
1.520216e+00 1.520216e+00 1.520216e+00 5.000000e+00 1.520216e+00 0.000000e+00 1.520216e+00 5.000000e+00 
1.521216e+00 1.521216e+00 1.521216e+00 5.000000e+00 1.521216e+00 0.000000e+00 1.521216e+00 5.000000e+00 
1.522216e+00 1.522216e+00 1.522216e+00 5.000000e+00 1.522216e+00 0.000000e+00 1.522216e+00 5.000000e+00 
1.523216e+00 1.523216e+00 1.523216e+00 5.000000e+00 1.523216e+00 0.000000e+00 1.523216e+00 5.000000e+00 
1.524216e+00 1.524216e+00 1.524216e+00 5.000000e+00 1.524216e+00 0.000000e+00 1.524216e+00 5.000000e+00 
1.525216e+00 1.525216e+00 1.525216e+00 5.000000e+00 1.525216e+00 0.000000e+00 1.525216e+00 5.000000e+00 
1.526216e+00 1.526216e+00 1.526216e+00 5.000000e+00 1.526216e+00 0.000000e+00 1.526216e+00 5.000000e+00 
1.527216e+00 1.527216e+00 1.527216e+00 5.000000e+00 1.527216e+00 0.000000e+00 1.527216e+00 5.000000e+00 
1.528216e+00 1.528216e+00 1.528216e+00 5.000000e+00 1.528216e+00 0.000000e+00 1.528216e+00 5.000000e+00 
1.529216e+00 1.529216e+00 1.529216e+00 5.000000e+00 1.529216e+00 0.000000e+00 1.529216e+00 5.000000e+00 
1.530216e+00 1.530216e+00 1.530216e+00 5.000000e+00 1.530216e+00 0.000000e+00 1.530216e+00 5.000000e+00 
1.531216e+00 1.531216e+00 1.531216e+00 5.000000e+00 1.531216e+00 0.000000e+00 1.531216e+00 5.000000e+00 
1.532216e+00 1.532216e+00 1.532216e+00 5.000000e+00 1.532216e+00 0.000000e+00 1.532216e+00 5.000000e+00 
1.533216e+00 1.533216e+00 1.533216e+00 5.000000e+00 1.533216e+00 0.000000e+00 1.533216e+00 5.000000e+00 
1.534216e+00 1.534216e+00 1.534216e+00 5.000000e+00 1.534216e+00 0.000000e+00 1.534216e+00 5.000000e+00 
1.535216e+00 1.535216e+00 1.535216e+00 5.000000e+00 1.535216e+00 0.000000e+00 1.535216e+00 5.000000e+00 
1.536216e+00 1.536216e+00 1.536216e+00 5.000000e+00 1.536216e+00 0.000000e+00 1.536216e+00 5.000000e+00 
1.537216e+00 1.537216e+00 1.537216e+00 5.000000e+00 1.537216e+00 0.000000e+00 1.537216e+00 5.000000e+00 
1.538216e+00 1.538216e+00 1.538216e+00 5.000000e+00 1.538216e+00 0.000000e+00 1.538216e+00 5.000000e+00 
1.539216e+00 1.539216e+00 1.539216e+00 5.000000e+00 1.539216e+00 0.000000e+00 1.539216e+00 5.000000e+00 
1.540216e+00 1.540216e+00 1.540216e+00 5.000000e+00 1.540216e+00 0.000000e+00 1.540216e+00 5.000000e+00 
1.541216e+00 1.541216e+00 1.541216e+00 5.000000e+00 1.541216e+00 0.000000e+00 1.541216e+00 5.000000e+00 
1.542216e+00 1.542216e+00 1.542216e+00 5.000000e+00 1.542216e+00 0.000000e+00 1.542216e+00 5.000000e+00 
1.543216e+00 1.543216e+00 1.543216e+00 5.000000e+00 1.543216e+00 0.000000e+00 1.543216e+00 5.000000e+00 
1.544216e+00 1.544216e+00 1.544216e+00 5.000000e+00 1.544216e+00 0.000000e+00 1.544216e+00 5.000000e+00 
1.545216e+00 1.545216e+00 1.545216e+00 5.000000e+00 1.545216e+00 0.000000e+00 1.545216e+00 5.000000e+00 
1.546216e+00 1.546216e+00 1.546216e+00 5.000000e+00 1.546216e+00 0.000000e+00 1.546216e+00 5.000000e+00 
1.547216e+00 1.547216e+00 1.547216e+00 5.000000e+00 1.547216e+00 0.000000e+00 1.547216e+00 5.000000e+00 
1.548216e+00 1.548216e+00 1.548216e+00 5.000000e+00 1.548216e+00 0.000000e+00 1.548216e+00 5.000000e+00 
1.549216e+00 1.549216e+00 1.549216e+00 5.000000e+00 1.549216e+00 0.000000e+00 1.549216e+00 5.000000e+00 
1.550216e+00 1.550216e+00 1.550216e+00 5.000000e+00 1.550216e+00 0.000000e+00 1.550216e+00 5.000000e+00 
1.551216e+00 1.551216e+00 1.551216e+00 5.000000e+00 1.551216e+00 0.000000e+00 1.551216e+00 5.000000e+00 
1.552216e+00 1.552216e+00 1.552216e+00 5.000000e+00 1.552216e+00 0.000000e+00 1.552216e+00 5.000000e+00 
1.553216e+00 1.553216e+00 1.553216e+00 5.000000e+00 1.553216e+00 0.000000e+00 1.553216e+00 5.000000e+00 
1.554216e+00 1.554216e+00 1.554216e+00 5.000000e+00 1.554216e+00 0.000000e+00 1.554216e+00 5.000000e+00 
1.555216e+00 1.555216e+00 1.555216e+00 5.000000e+00 1.555216e+00 0.000000e+00 1.555216e+00 5.000000e+00 
1.556216e+00 1.556216e+00 1.556216e+00 5.000000e+00 1.556216e+00 0.000000e+00 1.556216e+00 5.000000e+00 
1.557216e+00 1.557216e+00 1.557216e+00 5.000000e+00 1.557216e+00 0.000000e+00 1.557216e+00 5.000000e+00 
1.558216e+00 1.558216e+00 1.558216e+00 5.000000e+00 1.558216e+00 0.000000e+00 1.558216e+00 5.000000e+00 
1.559216e+00 1.559216e+00 1.559216e+00 5.000000e+00 1.559216e+00 0.000000e+00 1.559216e+00 5.000000e+00 
1.560216e+00 1.560216e+00 1.560216e+00 5.000000e+00 1.560216e+00 0.000000e+00 1.560216e+00 5.000000e+00 
1.561216e+00 1.561216e+00 1.561216e+00 5.000000e+00 1.561216e+00 0.000000e+00 1.561216e+00 5.000000e+00 
1.562216e+00 1.562216e+00 1.562216e+00 5.000000e+00 1.562216e+00 0.000000e+00 1.562216e+00 5.000000e+00 
1.563216e+00 1.563216e+00 1.563216e+00 5.000000e+00 1.563216e+00 0.000000e+00 1.563216e+00 5.000000e+00 
1.564216e+00 1.564216e+00 1.564216e+00 5.000000e+00 1.564216e+00 0.000000e+00 1.564216e+00 5.000000e+00 
1.565216e+00 1.565216e+00 1.565216e+00 5.000000e+00 1.565216e+00 0.000000e+00 1.565216e+00 5.000000e+00 
1.566216e+00 1.566216e+00 1.566216e+00 5.000000e+00 1.566216e+00 0.000000e+00 1.566216e+00 5.000000e+00 
1.567216e+00 1.567216e+00 1.567216e+00 5.000000e+00 1.567216e+00 0.000000e+00 1.567216e+00 5.000000e+00 
1.568216e+00 1.568216e+00 1.568216e+00 5.000000e+00 1.568216e+00 0.000000e+00 1.568216e+00 5.000000e+00 
1.569216e+00 1.569216e+00 1.569216e+00 5.000000e+00 1.569216e+00 0.000000e+00 1.569216e+00 5.000000e+00 
1.570216e+00 1.570216e+00 1.570216e+00 5.000000e+00 1.570216e+00 0.000000e+00 1.570216e+00 5.000000e+00 
1.571216e+00 1.571216e+00 1.571216e+00 5.000000e+00 1.571216e+00 0.000000e+00 1.571216e+00 5.000000e+00 
1.572216e+00 1.572216e+00 1.572216e+00 5.000000e+00 1.572216e+00 0.000000e+00 1.572216e+00 5.000000e+00 
1.573216e+00 1.573216e+00 1.573216e+00 5.000000e+00 1.573216e+00 0.000000e+00 1.573216e+00 5.000000e+00 
1.574216e+00 1.574216e+00 1.574216e+00 5.000000e+00 1.574216e+00 0.000000e+00 1.574216e+00 5.000000e+00 
1.575216e+00 1.575216e+00 1.575216e+00 5.000000e+00 1.575216e+00 0.000000e+00 1.575216e+00 5.000000e+00 
1.576216e+00 1.576216e+00 1.576216e+00 5.000000e+00 1.576216e+00 0.000000e+00 1.576216e+00 5.000000e+00 
1.577216e+00 1.577216e+00 1.577216e+00 5.000000e+00 1.577216e+00 0.000000e+00 1.577216e+00 5.000000e+00 
1.578216e+00 1.578216e+00 1.578216e+00 5.000000e+00 1.578216e+00 0.000000e+00 1.578216e+00 5.000000e+00 
1.579216e+00 1.579216e+00 1.579216e+00 5.000000e+00 1.579216e+00 0.000000e+00 1.579216e+00 5.000000e+00 
1.580216e+00 1.580216e+00 1.580216e+00 5.000000e+00 1.580216e+00 0.000000e+00 1.580216e+00 5.000000e+00 
1.581216e+00 1.581216e+00 1.581216e+00 5.000000e+00 1.581216e+00 0.000000e+00 1.581216e+00 5.000000e+00 
1.582216e+00 1.582216e+00 1.582216e+00 5.000000e+00 1.582216e+00 0.000000e+00 1.582216e+00 5.000000e+00 
1.583216e+00 1.583216e+00 1.583216e+00 5.000000e+00 1.583216e+00 0.000000e+00 1.583216e+00 5.000000e+00 
1.584216e+00 1.584216e+00 1.584216e+00 5.000000e+00 1.584216e+00 0.000000e+00 1.584216e+00 5.000000e+00 
1.585216e+00 1.585216e+00 1.585216e+00 5.000000e+00 1.585216e+00 0.000000e+00 1.585216e+00 5.000000e+00 
1.586216e+00 1.586216e+00 1.586216e+00 5.000000e+00 1.586216e+00 0.000000e+00 1.586216e+00 5.000000e+00 
1.587216e+00 1.587216e+00 1.587216e+00 5.000000e+00 1.587216e+00 0.000000e+00 1.587216e+00 5.000000e+00 
1.588216e+00 1.588216e+00 1.588216e+00 5.000000e+00 1.588216e+00 0.000000e+00 1.588216e+00 5.000000e+00 
1.589216e+00 1.589216e+00 1.589216e+00 5.000000e+00 1.589216e+00 0.000000e+00 1.589216e+00 5.000000e+00 
1.590216e+00 1.590216e+00 1.590216e+00 5.000000e+00 1.590216e+00 0.000000e+00 1.590216e+00 5.000000e+00 
1.591216e+00 1.591216e+00 1.591216e+00 5.000000e+00 1.591216e+00 0.000000e+00 1.591216e+00 5.000000e+00 
1.592216e+00 1.592216e+00 1.592216e+00 5.000000e+00 1.592216e+00 0.000000e+00 1.592216e+00 5.000000e+00 
1.593216e+00 1.593216e+00 1.593216e+00 5.000000e+00 1.593216e+00 0.000000e+00 1.593216e+00 5.000000e+00 
1.594216e+00 1.594216e+00 1.594216e+00 5.000000e+00 1.594216e+00 0.000000e+00 1.594216e+00 5.000000e+00 
1.595216e+00 1.595216e+00 1.595216e+00 5.000000e+00 1.595216e+00 0.000000e+00 1.595216e+00 5.000000e+00 
1.596216e+00 1.596216e+00 1.596216e+00 5.000000e+00 1.596216e+00 0.000000e+00 1.596216e+00 5.000000e+00 
1.597216e+00 1.597216e+00 1.597216e+00 5.000000e+00 1.597216e+00 0.000000e+00 1.597216e+00 5.000000e+00 
1.598216e+00 1.598216e+00 1.598216e+00 5.000000e+00 1.598216e+00 0.000000e+00 1.598216e+00 5.000000e+00 
1.599216e+00 1.599216e+00 1.599216e+00 5.000000e+00 1.599216e+00 0.000000e+00 1.599216e+00 5.000000e+00 
1.600216e+00 1.600216e+00 1.600216e+00 5.000000e+00 1.600216e+00 0.000000e+00 1.600216e+00 5.000000e+00 
1.601216e+00 1.601216e+00 1.601216e+00 5.000000e+00 1.601216e+00 0.000000e+00 1.601216e+00 5.000000e+00 
1.602216e+00 1.602216e+00 1.602216e+00 5.000000e+00 1.602216e+00 0.000000e+00 1.602216e+00 5.000000e+00 
1.603216e+00 1.603216e+00 1.603216e+00 5.000000e+00 1.603216e+00 0.000000e+00 1.603216e+00 5.000000e+00 
1.604216e+00 1.604216e+00 1.604216e+00 5.000000e+00 1.604216e+00 0.000000e+00 1.604216e+00 5.000000e+00 
1.605216e+00 1.605216e+00 1.605216e+00 5.000000e+00 1.605216e+00 0.000000e+00 1.605216e+00 5.000000e+00 
1.606216e+00 1.606216e+00 1.606216e+00 5.000000e+00 1.606216e+00 0.000000e+00 1.606216e+00 5.000000e+00 
1.607216e+00 1.607216e+00 1.607216e+00 5.000000e+00 1.607216e+00 0.000000e+00 1.607216e+00 5.000000e+00 
1.608216e+00 1.608216e+00 1.608216e+00 5.000000e+00 1.608216e+00 0.000000e+00 1.608216e+00 5.000000e+00 
1.609216e+00 1.609216e+00 1.609216e+00 5.000000e+00 1.609216e+00 0.000000e+00 1.609216e+00 5.000000e+00 
1.610216e+00 1.610216e+00 1.610216e+00 5.000000e+00 1.610216e+00 0.000000e+00 1.610216e+00 5.000000e+00 
1.611216e+00 1.611216e+00 1.611216e+00 5.000000e+00 1.611216e+00 0.000000e+00 1.611216e+00 5.000000e+00 
1.612216e+00 1.612216e+00 1.612216e+00 5.000000e+00 1.612216e+00 0.000000e+00 1.612216e+00 5.000000e+00 
1.613216e+00 1.613216e+00 1.613216e+00 5.000000e+00 1.613216e+00 0.000000e+00 1.613216e+00 5.000000e+00 
1.614216e+00 1.614216e+00 1.614216e+00 5.000000e+00 1.614216e+00 0.000000e+00 1.614216e+00 5.000000e+00 
1.615216e+00 1.615216e+00 1.615216e+00 5.000000e+00 1.615216e+00 0.000000e+00 1.615216e+00 5.000000e+00 
1.616216e+00 1.616216e+00 1.616216e+00 5.000000e+00 1.616216e+00 0.000000e+00 1.616216e+00 5.000000e+00 
1.617216e+00 1.617216e+00 1.617216e+00 5.000000e+00 1.617216e+00 0.000000e+00 1.617216e+00 5.000000e+00 
1.618216e+00 1.618216e+00 1.618216e+00 5.000000e+00 1.618216e+00 0.000000e+00 1.618216e+00 5.000000e+00 
1.619216e+00 1.619216e+00 1.619216e+00 5.000000e+00 1.619216e+00 0.000000e+00 1.619216e+00 5.000000e+00 
1.620216e+00 1.620216e+00 1.620216e+00 5.000000e+00 1.620216e+00 0.000000e+00 1.620216e+00 5.000000e+00 
1.621216e+00 1.621216e+00 1.621216e+00 5.000000e+00 1.621216e+00 0.000000e+00 1.621216e+00 5.000000e+00 
1.622216e+00 1.622216e+00 1.622216e+00 5.000000e+00 1.622216e+00 0.000000e+00 1.622216e+00 5.000000e+00 
1.623216e+00 1.623216e+00 1.623216e+00 5.000000e+00 1.623216e+00 0.000000e+00 1.623216e+00 5.000000e+00 
1.624216e+00 1.624216e+00 1.624216e+00 5.000000e+00 1.624216e+00 0.000000e+00 1.624216e+00 5.000000e+00 
1.625216e+00 1.625216e+00 1.625216e+00 5.000000e+00 1.625216e+00 0.000000e+00 1.625216e+00 5.000000e+00 
1.626216e+00 1.626216e+00 1.626216e+00 5.000000e+00 1.626216e+00 0.000000e+00 1.626216e+00 5.000000e+00 
1.627216e+00 1.627216e+00 1.627216e+00 5.000000e+00 1.627216e+00 0.000000e+00 1.627216e+00 5.000000e+00 
1.628216e+00 1.628216e+00 1.628216e+00 5.000000e+00 1.628216e+00 0.000000e+00 1.628216e+00 5.000000e+00 
1.629216e+00 1.629216e+00 1.629216e+00 5.000000e+00 1.629216e+00 0.000000e+00 1.629216e+00 5.000000e+00 
1.630216e+00 1.630216e+00 1.630216e+00 5.000000e+00 1.630216e+00 0.000000e+00 1.630216e+00 5.000000e+00 
1.631216e+00 1.631216e+00 1.631216e+00 5.000000e+00 1.631216e+00 0.000000e+00 1.631216e+00 5.000000e+00 
1.632216e+00 1.632216e+00 1.632216e+00 5.000000e+00 1.632216e+00 0.000000e+00 1.632216e+00 5.000000e+00 
1.633216e+00 1.633216e+00 1.633216e+00 5.000000e+00 1.633216e+00 0.000000e+00 1.633216e+00 5.000000e+00 
1.634216e+00 1.634216e+00 1.634216e+00 5.000000e+00 1.634216e+00 0.000000e+00 1.634216e+00 5.000000e+00 
1.635216e+00 1.635216e+00 1.635216e+00 5.000000e+00 1.635216e+00 0.000000e+00 1.635216e+00 5.000000e+00 
1.636216e+00 1.636216e+00 1.636216e+00 5.000000e+00 1.636216e+00 0.000000e+00 1.636216e+00 5.000000e+00 
1.637216e+00 1.637216e+00 1.637216e+00 5.000000e+00 1.637216e+00 0.000000e+00 1.637216e+00 5.000000e+00 
1.638216e+00 1.638216e+00 1.638216e+00 5.000000e+00 1.638216e+00 0.000000e+00 1.638216e+00 5.000000e+00 
1.639216e+00 1.639216e+00 1.639216e+00 5.000000e+00 1.639216e+00 0.000000e+00 1.639216e+00 5.000000e+00 
1.640216e+00 1.640216e+00 1.640216e+00 5.000000e+00 1.640216e+00 0.000000e+00 1.640216e+00 5.000000e+00 
1.641216e+00 1.641216e+00 1.641216e+00 5.000000e+00 1.641216e+00 0.000000e+00 1.641216e+00 5.000000e+00 
1.642216e+00 1.642216e+00 1.642216e+00 5.000000e+00 1.642216e+00 0.000000e+00 1.642216e+00 5.000000e+00 
1.643216e+00 1.643216e+00 1.643216e+00 5.000000e+00 1.643216e+00 0.000000e+00 1.643216e+00 5.000000e+00 
1.644216e+00 1.644216e+00 1.644216e+00 5.000000e+00 1.644216e+00 0.000000e+00 1.644216e+00 5.000000e+00 
1.645216e+00 1.645216e+00 1.645216e+00 5.000000e+00 1.645216e+00 0.000000e+00 1.645216e+00 5.000000e+00 
1.646216e+00 1.646216e+00 1.646216e+00 5.000000e+00 1.646216e+00 0.000000e+00 1.646216e+00 5.000000e+00 
1.647216e+00 1.647216e+00 1.647216e+00 5.000000e+00 1.647216e+00 0.000000e+00 1.647216e+00 5.000000e+00 
1.648216e+00 1.648216e+00 1.648216e+00 5.000000e+00 1.648216e+00 0.000000e+00 1.648216e+00 5.000000e+00 
1.649216e+00 1.649216e+00 1.649216e+00 5.000000e+00 1.649216e+00 0.000000e+00 1.649216e+00 5.000000e+00 
1.650216e+00 1.650216e+00 1.650216e+00 5.000000e+00 1.650216e+00 0.000000e+00 1.650216e+00 5.000000e+00 
1.651216e+00 1.651216e+00 1.651216e+00 5.000000e+00 1.651216e+00 0.000000e+00 1.651216e+00 5.000000e+00 
1.652216e+00 1.652216e+00 1.652216e+00 5.000000e+00 1.652216e+00 0.000000e+00 1.652216e+00 5.000000e+00 
1.653216e+00 1.653216e+00 1.653216e+00 5.000000e+00 1.653216e+00 0.000000e+00 1.653216e+00 5.000000e+00 
1.654216e+00 1.654216e+00 1.654216e+00 5.000000e+00 1.654216e+00 0.000000e+00 1.654216e+00 5.000000e+00 
1.655216e+00 1.655216e+00 1.655216e+00 5.000000e+00 1.655216e+00 0.000000e+00 1.655216e+00 5.000000e+00 
1.656216e+00 1.656216e+00 1.656216e+00 5.000000e+00 1.656216e+00 0.000000e+00 1.656216e+00 5.000000e+00 
1.657216e+00 1.657216e+00 1.657216e+00 5.000000e+00 1.657216e+00 0.000000e+00 1.657216e+00 5.000000e+00 
1.658216e+00 1.658216e+00 1.658216e+00 5.000000e+00 1.658216e+00 0.000000e+00 1.658216e+00 5.000000e+00 
1.659216e+00 1.659216e+00 1.659216e+00 5.000000e+00 1.659216e+00 0.000000e+00 1.659216e+00 5.000000e+00 
1.660216e+00 1.660216e+00 1.660216e+00 5.000000e+00 1.660216e+00 0.000000e+00 1.660216e+00 5.000000e+00 
1.661216e+00 1.661216e+00 1.661216e+00 5.000000e+00 1.661216e+00 0.000000e+00 1.661216e+00 5.000000e+00 
1.662216e+00 1.662216e+00 1.662216e+00 5.000000e+00 1.662216e+00 0.000000e+00 1.662216e+00 5.000000e+00 
1.663216e+00 1.663216e+00 1.663216e+00 5.000000e+00 1.663216e+00 0.000000e+00 1.663216e+00 5.000000e+00 
1.664216e+00 1.664216e+00 1.664216e+00 5.000000e+00 1.664216e+00 0.000000e+00 1.664216e+00 5.000000e+00 
1.665216e+00 1.665216e+00 1.665216e+00 5.000000e+00 1.665216e+00 0.000000e+00 1.665216e+00 5.000000e+00 
1.666216e+00 1.666216e+00 1.666216e+00 5.000000e+00 1.666216e+00 0.000000e+00 1.666216e+00 5.000000e+00 
1.667216e+00 1.667216e+00 1.667216e+00 5.000000e+00 1.667216e+00 0.000000e+00 1.667216e+00 5.000000e+00 
1.668216e+00 1.668216e+00 1.668216e+00 5.000000e+00 1.668216e+00 0.000000e+00 1.668216e+00 5.000000e+00 
1.669216e+00 1.669216e+00 1.669216e+00 5.000000e+00 1.669216e+00 0.000000e+00 1.669216e+00 5.000000e+00 
1.670216e+00 1.670216e+00 1.670216e+00 5.000000e+00 1.670216e+00 0.000000e+00 1.670216e+00 5.000000e+00 
1.671216e+00 1.671216e+00 1.671216e+00 5.000000e+00 1.671216e+00 0.000000e+00 1.671216e+00 5.000000e+00 
1.672216e+00 1.672216e+00 1.672216e+00 5.000000e+00 1.672216e+00 0.000000e+00 1.672216e+00 5.000000e+00 
1.673216e+00 1.673216e+00 1.673216e+00 5.000000e+00 1.673216e+00 0.000000e+00 1.673216e+00 5.000000e+00 
1.674216e+00 1.674216e+00 1.674216e+00 5.000000e+00 1.674216e+00 0.000000e+00 1.674216e+00 5.000000e+00 
1.675216e+00 1.675216e+00 1.675216e+00 5.000000e+00 1.675216e+00 0.000000e+00 1.675216e+00 5.000000e+00 
1.676216e+00 1.676216e+00 1.676216e+00 5.000000e+00 1.676216e+00 0.000000e+00 1.676216e+00 5.000000e+00 
1.677216e+00 1.677216e+00 1.677216e+00 5.000000e+00 1.677216e+00 0.000000e+00 1.677216e+00 5.000000e+00 
1.678216e+00 1.678216e+00 1.678216e+00 5.000000e+00 1.678216e+00 0.000000e+00 1.678216e+00 5.000000e+00 
1.679216e+00 1.679216e+00 1.679216e+00 5.000000e+00 1.679216e+00 0.000000e+00 1.679216e+00 5.000000e+00 
1.680216e+00 1.680216e+00 1.680216e+00 5.000000e+00 1.680216e+00 0.000000e+00 1.680216e+00 5.000000e+00 
1.681216e+00 1.681216e+00 1.681216e+00 5.000000e+00 1.681216e+00 0.000000e+00 1.681216e+00 5.000000e+00 
1.682216e+00 1.682216e+00 1.682216e+00 5.000000e+00 1.682216e+00 0.000000e+00 1.682216e+00 5.000000e+00 
1.683216e+00 1.683216e+00 1.683216e+00 5.000000e+00 1.683216e+00 0.000000e+00 1.683216e+00 5.000000e+00 
1.684216e+00 1.684216e+00 1.684216e+00 5.000000e+00 1.684216e+00 0.000000e+00 1.684216e+00 5.000000e+00 
1.685216e+00 1.685216e+00 1.685216e+00 5.000000e+00 1.685216e+00 0.000000e+00 1.685216e+00 5.000000e+00 
1.686216e+00 1.686216e+00 1.686216e+00 5.000000e+00 1.686216e+00 0.000000e+00 1.686216e+00 5.000000e+00 
1.687216e+00 1.687216e+00 1.687216e+00 5.000000e+00 1.687216e+00 0.000000e+00 1.687216e+00 5.000000e+00 
1.688216e+00 1.688216e+00 1.688216e+00 5.000000e+00 1.688216e+00 0.000000e+00 1.688216e+00 5.000000e+00 
1.689216e+00 1.689216e+00 1.689216e+00 5.000000e+00 1.689216e+00 0.000000e+00 1.689216e+00 5.000000e+00 
1.690216e+00 1.690216e+00 1.690216e+00 5.000000e+00 1.690216e+00 0.000000e+00 1.690216e+00 5.000000e+00 
1.691216e+00 1.691216e+00 1.691216e+00 5.000000e+00 1.691216e+00 0.000000e+00 1.691216e+00 5.000000e+00 
1.692216e+00 1.692216e+00 1.692216e+00 5.000000e+00 1.692216e+00 0.000000e+00 1.692216e+00 5.000000e+00 
1.693216e+00 1.693216e+00 1.693216e+00 5.000000e+00 1.693216e+00 0.000000e+00 1.693216e+00 5.000000e+00 
1.694216e+00 1.694216e+00 1.694216e+00 5.000000e+00 1.694216e+00 0.000000e+00 1.694216e+00 5.000000e+00 
1.695216e+00 1.695216e+00 1.695216e+00 5.000000e+00 1.695216e+00 0.000000e+00 1.695216e+00 5.000000e+00 
1.696216e+00 1.696216e+00 1.696216e+00 5.000000e+00 1.696216e+00 0.000000e+00 1.696216e+00 5.000000e+00 
1.697216e+00 1.697216e+00 1.697216e+00 5.000000e+00 1.697216e+00 0.000000e+00 1.697216e+00 5.000000e+00 
1.698216e+00 1.698216e+00 1.698216e+00 5.000000e+00 1.698216e+00 0.000000e+00 1.698216e+00 5.000000e+00 
1.699216e+00 1.699216e+00 1.699216e+00 5.000000e+00 1.699216e+00 0.000000e+00 1.699216e+00 5.000000e+00 
1.700216e+00 1.700216e+00 1.700216e+00 5.000000e+00 1.700216e+00 0.000000e+00 1.700216e+00 5.000000e+00 
1.701216e+00 1.701216e+00 1.701216e+00 5.000000e+00 1.701216e+00 0.000000e+00 1.701216e+00 5.000000e+00 
1.702216e+00 1.702216e+00 1.702216e+00 5.000000e+00 1.702216e+00 0.000000e+00 1.702216e+00 5.000000e+00 
1.703216e+00 1.703216e+00 1.703216e+00 5.000000e+00 1.703216e+00 0.000000e+00 1.703216e+00 5.000000e+00 
1.704216e+00 1.704216e+00 1.704216e+00 5.000000e+00 1.704216e+00 0.000000e+00 1.704216e+00 5.000000e+00 
1.705216e+00 1.705216e+00 1.705216e+00 5.000000e+00 1.705216e+00 0.000000e+00 1.705216e+00 5.000000e+00 
1.706216e+00 1.706216e+00 1.706216e+00 5.000000e+00 1.706216e+00 0.000000e+00 1.706216e+00 5.000000e+00 
1.707216e+00 1.707216e+00 1.707216e+00 5.000000e+00 1.707216e+00 0.000000e+00 1.707216e+00 5.000000e+00 
1.708216e+00 1.708216e+00 1.708216e+00 5.000000e+00 1.708216e+00 0.000000e+00 1.708216e+00 5.000000e+00 
1.709216e+00 1.709216e+00 1.709216e+00 5.000000e+00 1.709216e+00 0.000000e+00 1.709216e+00 5.000000e+00 
1.710216e+00 1.710216e+00 1.710216e+00 5.000000e+00 1.710216e+00 0.000000e+00 1.710216e+00 5.000000e+00 
1.711216e+00 1.711216e+00 1.711216e+00 5.000000e+00 1.711216e+00 0.000000e+00 1.711216e+00 5.000000e+00 
1.712216e+00 1.712216e+00 1.712216e+00 5.000000e+00 1.712216e+00 0.000000e+00 1.712216e+00 5.000000e+00 
1.713216e+00 1.713216e+00 1.713216e+00 5.000000e+00 1.713216e+00 0.000000e+00 1.713216e+00 5.000000e+00 
1.714216e+00 1.714216e+00 1.714216e+00 5.000000e+00 1.714216e+00 0.000000e+00 1.714216e+00 5.000000e+00 
1.715216e+00 1.715216e+00 1.715216e+00 5.000000e+00 1.715216e+00 0.000000e+00 1.715216e+00 5.000000e+00 
1.716216e+00 1.716216e+00 1.716216e+00 5.000000e+00 1.716216e+00 0.000000e+00 1.716216e+00 5.000000e+00 
1.717216e+00 1.717216e+00 1.717216e+00 5.000000e+00 1.717216e+00 0.000000e+00 1.717216e+00 5.000000e+00 
1.718216e+00 1.718216e+00 1.718216e+00 5.000000e+00 1.718216e+00 0.000000e+00 1.718216e+00 5.000000e+00 
1.719216e+00 1.719216e+00 1.719216e+00 5.000000e+00 1.719216e+00 0.000000e+00 1.719216e+00 5.000000e+00 
1.720216e+00 1.720216e+00 1.720216e+00 5.000000e+00 1.720216e+00 0.000000e+00 1.720216e+00 5.000000e+00 
1.721216e+00 1.721216e+00 1.721216e+00 5.000000e+00 1.721216e+00 0.000000e+00 1.721216e+00 5.000000e+00 
1.722216e+00 1.722216e+00 1.722216e+00 5.000000e+00 1.722216e+00 0.000000e+00 1.722216e+00 5.000000e+00 
1.723216e+00 1.723216e+00 1.723216e+00 5.000000e+00 1.723216e+00 0.000000e+00 1.723216e+00 5.000000e+00 
1.724216e+00 1.724216e+00 1.724216e+00 5.000000e+00 1.724216e+00 0.000000e+00 1.724216e+00 5.000000e+00 
1.725216e+00 1.725216e+00 1.725216e+00 5.000000e+00 1.725216e+00 0.000000e+00 1.725216e+00 5.000000e+00 
1.726216e+00 1.726216e+00 1.726216e+00 5.000000e+00 1.726216e+00 0.000000e+00 1.726216e+00 5.000000e+00 
1.727216e+00 1.727216e+00 1.727216e+00 5.000000e+00 1.727216e+00 0.000000e+00 1.727216e+00 5.000000e+00 
1.728216e+00 1.728216e+00 1.728216e+00 5.000000e+00 1.728216e+00 0.000000e+00 1.728216e+00 5.000000e+00 
1.729216e+00 1.729216e+00 1.729216e+00 5.000000e+00 1.729216e+00 0.000000e+00 1.729216e+00 5.000000e+00 
1.730216e+00 1.730216e+00 1.730216e+00 5.000000e+00 1.730216e+00 0.000000e+00 1.730216e+00 5.000000e+00 
1.731216e+00 1.731216e+00 1.731216e+00 5.000000e+00 1.731216e+00 0.000000e+00 1.731216e+00 5.000000e+00 
1.732216e+00 1.732216e+00 1.732216e+00 5.000000e+00 1.732216e+00 0.000000e+00 1.732216e+00 5.000000e+00 
1.733216e+00 1.733216e+00 1.733216e+00 5.000000e+00 1.733216e+00 0.000000e+00 1.733216e+00 5.000000e+00 
1.734216e+00 1.734216e+00 1.734216e+00 5.000000e+00 1.734216e+00 0.000000e+00 1.734216e+00 5.000000e+00 
1.735216e+00 1.735216e+00 1.735216e+00 5.000000e+00 1.735216e+00 0.000000e+00 1.735216e+00 5.000000e+00 
1.736216e+00 1.736216e+00 1.736216e+00 5.000000e+00 1.736216e+00 0.000000e+00 1.736216e+00 5.000000e+00 
1.737216e+00 1.737216e+00 1.737216e+00 5.000000e+00 1.737216e+00 0.000000e+00 1.737216e+00 5.000000e+00 
1.738216e+00 1.738216e+00 1.738216e+00 5.000000e+00 1.738216e+00 0.000000e+00 1.738216e+00 5.000000e+00 
1.739216e+00 1.739216e+00 1.739216e+00 5.000000e+00 1.739216e+00 0.000000e+00 1.739216e+00 5.000000e+00 
1.740216e+00 1.740216e+00 1.740216e+00 5.000000e+00 1.740216e+00 0.000000e+00 1.740216e+00 5.000000e+00 
1.741216e+00 1.741216e+00 1.741216e+00 5.000000e+00 1.741216e+00 0.000000e+00 1.741216e+00 5.000000e+00 
1.742216e+00 1.742216e+00 1.742216e+00 5.000000e+00 1.742216e+00 0.000000e+00 1.742216e+00 5.000000e+00 
1.743216e+00 1.743216e+00 1.743216e+00 5.000000e+00 1.743216e+00 0.000000e+00 1.743216e+00 5.000000e+00 
1.744216e+00 1.744216e+00 1.744216e+00 5.000000e+00 1.744216e+00 0.000000e+00 1.744216e+00 5.000000e+00 
1.745216e+00 1.745216e+00 1.745216e+00 5.000000e+00 1.745216e+00 0.000000e+00 1.745216e+00 5.000000e+00 
1.746216e+00 1.746216e+00 1.746216e+00 5.000000e+00 1.746216e+00 0.000000e+00 1.746216e+00 5.000000e+00 
1.747216e+00 1.747216e+00 1.747216e+00 5.000000e+00 1.747216e+00 0.000000e+00 1.747216e+00 5.000000e+00 
1.748216e+00 1.748216e+00 1.748216e+00 5.000000e+00 1.748216e+00 0.000000e+00 1.748216e+00 5.000000e+00 
1.749216e+00 1.749216e+00 1.749216e+00 5.000000e+00 1.749216e+00 0.000000e+00 1.749216e+00 5.000000e+00 
1.750216e+00 1.750216e+00 1.750216e+00 5.000000e+00 1.750216e+00 0.000000e+00 1.750216e+00 5.000000e+00 
1.751216e+00 1.751216e+00 1.751216e+00 5.000000e+00 1.751216e+00 0.000000e+00 1.751216e+00 5.000000e+00 
1.752216e+00 1.752216e+00 1.752216e+00 5.000000e+00 1.752216e+00 0.000000e+00 1.752216e+00 5.000000e+00 
1.753216e+00 1.753216e+00 1.753216e+00 5.000000e+00 1.753216e+00 0.000000e+00 1.753216e+00 5.000000e+00 
1.754216e+00 1.754216e+00 1.754216e+00 5.000000e+00 1.754216e+00 0.000000e+00 1.754216e+00 5.000000e+00 
1.755216e+00 1.755216e+00 1.755216e+00 5.000000e+00 1.755216e+00 0.000000e+00 1.755216e+00 5.000000e+00 
1.756216e+00 1.756216e+00 1.756216e+00 5.000000e+00 1.756216e+00 0.000000e+00 1.756216e+00 5.000000e+00 
1.757216e+00 1.757216e+00 1.757216e+00 5.000000e+00 1.757216e+00 0.000000e+00 1.757216e+00 5.000000e+00 
1.758216e+00 1.758216e+00 1.758216e+00 5.000000e+00 1.758216e+00 0.000000e+00 1.758216e+00 5.000000e+00 
1.759216e+00 1.759216e+00 1.759216e+00 5.000000e+00 1.759216e+00 0.000000e+00 1.759216e+00 5.000000e+00 
1.760216e+00 1.760216e+00 1.760216e+00 5.000000e+00 1.760216e+00 0.000000e+00 1.760216e+00 5.000000e+00 
1.761216e+00 1.761216e+00 1.761216e+00 5.000000e+00 1.761216e+00 0.000000e+00 1.761216e+00 5.000000e+00 
1.762216e+00 1.762216e+00 1.762216e+00 5.000000e+00 1.762216e+00 0.000000e+00 1.762216e+00 5.000000e+00 
1.763216e+00 1.763216e+00 1.763216e+00 5.000000e+00 1.763216e+00 0.000000e+00 1.763216e+00 5.000000e+00 
1.764216e+00 1.764216e+00 1.764216e+00 5.000000e+00 1.764216e+00 0.000000e+00 1.764216e+00 5.000000e+00 
1.765216e+00 1.765216e+00 1.765216e+00 5.000000e+00 1.765216e+00 0.000000e+00 1.765216e+00 5.000000e+00 
1.766216e+00 1.766216e+00 1.766216e+00 5.000000e+00 1.766216e+00 0.000000e+00 1.766216e+00 5.000000e+00 
1.767216e+00 1.767216e+00 1.767216e+00 5.000000e+00 1.767216e+00 0.000000e+00 1.767216e+00 5.000000e+00 
1.768216e+00 1.768216e+00 1.768216e+00 5.000000e+00 1.768216e+00 0.000000e+00 1.768216e+00 5.000000e+00 
1.769216e+00 1.769216e+00 1.769216e+00 5.000000e+00 1.769216e+00 0.000000e+00 1.769216e+00 5.000000e+00 
1.770216e+00 1.770216e+00 1.770216e+00 5.000000e+00 1.770216e+00 0.000000e+00 1.770216e+00 5.000000e+00 
1.771216e+00 1.771216e+00 1.771216e+00 5.000000e+00 1.771216e+00 0.000000e+00 1.771216e+00 5.000000e+00 
1.772216e+00 1.772216e+00 1.772216e+00 5.000000e+00 1.772216e+00 0.000000e+00 1.772216e+00 5.000000e+00 
1.773216e+00 1.773216e+00 1.773216e+00 5.000000e+00 1.773216e+00 0.000000e+00 1.773216e+00 5.000000e+00 
1.774216e+00 1.774216e+00 1.774216e+00 5.000000e+00 1.774216e+00 0.000000e+00 1.774216e+00 5.000000e+00 
1.775216e+00 1.775216e+00 1.775216e+00 5.000000e+00 1.775216e+00 0.000000e+00 1.775216e+00 5.000000e+00 
1.776216e+00 1.776216e+00 1.776216e+00 5.000000e+00 1.776216e+00 0.000000e+00 1.776216e+00 5.000000e+00 
1.777216e+00 1.777216e+00 1.777216e+00 5.000000e+00 1.777216e+00 0.000000e+00 1.777216e+00 5.000000e+00 
1.778216e+00 1.778216e+00 1.778216e+00 5.000000e+00 1.778216e+00 0.000000e+00 1.778216e+00 5.000000e+00 
1.779216e+00 1.779216e+00 1.779216e+00 5.000000e+00 1.779216e+00 0.000000e+00 1.779216e+00 5.000000e+00 
1.780216e+00 1.780216e+00 1.780216e+00 5.000000e+00 1.780216e+00 0.000000e+00 1.780216e+00 5.000000e+00 
1.781216e+00 1.781216e+00 1.781216e+00 5.000000e+00 1.781216e+00 0.000000e+00 1.781216e+00 5.000000e+00 
1.782216e+00 1.782216e+00 1.782216e+00 5.000000e+00 1.782216e+00 0.000000e+00 1.782216e+00 5.000000e+00 
1.783216e+00 1.783216e+00 1.783216e+00 5.000000e+00 1.783216e+00 0.000000e+00 1.783216e+00 5.000000e+00 
1.784216e+00 1.784216e+00 1.784216e+00 5.000000e+00 1.784216e+00 0.000000e+00 1.784216e+00 5.000000e+00 
1.785216e+00 1.785216e+00 1.785216e+00 5.000000e+00 1.785216e+00 0.000000e+00 1.785216e+00 5.000000e+00 
1.786216e+00 1.786216e+00 1.786216e+00 5.000000e+00 1.786216e+00 0.000000e+00 1.786216e+00 5.000000e+00 
1.787216e+00 1.787216e+00 1.787216e+00 5.000000e+00 1.787216e+00 0.000000e+00 1.787216e+00 5.000000e+00 
1.788216e+00 1.788216e+00 1.788216e+00 5.000000e+00 1.788216e+00 0.000000e+00 1.788216e+00 5.000000e+00 
1.789216e+00 1.789216e+00 1.789216e+00 5.000000e+00 1.789216e+00 0.000000e+00 1.789216e+00 5.000000e+00 
1.790216e+00 1.790216e+00 1.790216e+00 5.000000e+00 1.790216e+00 0.000000e+00 1.790216e+00 5.000000e+00 
1.791216e+00 1.791216e+00 1.791216e+00 5.000000e+00 1.791216e+00 0.000000e+00 1.791216e+00 5.000000e+00 
1.792216e+00 1.792216e+00 1.792216e+00 5.000000e+00 1.792216e+00 0.000000e+00 1.792216e+00 5.000000e+00 
1.793216e+00 1.793216e+00 1.793216e+00 5.000000e+00 1.793216e+00 0.000000e+00 1.793216e+00 5.000000e+00 
1.794216e+00 1.794216e+00 1.794216e+00 5.000000e+00 1.794216e+00 0.000000e+00 1.794216e+00 5.000000e+00 
1.795216e+00 1.795216e+00 1.795216e+00 5.000000e+00 1.795216e+00 0.000000e+00 1.795216e+00 5.000000e+00 
1.796216e+00 1.796216e+00 1.796216e+00 5.000000e+00 1.796216e+00 0.000000e+00 1.796216e+00 5.000000e+00 
1.797216e+00 1.797216e+00 1.797216e+00 5.000000e+00 1.797216e+00 0.000000e+00 1.797216e+00 5.000000e+00 
1.798216e+00 1.798216e+00 1.798216e+00 5.000000e+00 1.798216e+00 0.000000e+00 1.798216e+00 5.000000e+00 
1.799216e+00 1.799216e+00 1.799216e+00 5.000000e+00 1.799216e+00 0.000000e+00 1.799216e+00 5.000000e+00 
1.800216e+00 1.800216e+00 1.800216e+00 5.000000e+00 1.800216e+00 0.000000e+00 1.800216e+00 5.000000e+00 
1.801216e+00 1.801216e+00 1.801216e+00 5.000000e+00 1.801216e+00 0.000000e+00 1.801216e+00 5.000000e+00 
1.802216e+00 1.802216e+00 1.802216e+00 5.000000e+00 1.802216e+00 0.000000e+00 1.802216e+00 5.000000e+00 
1.803216e+00 1.803216e+00 1.803216e+00 5.000000e+00 1.803216e+00 0.000000e+00 1.803216e+00 5.000000e+00 
1.804216e+00 1.804216e+00 1.804216e+00 5.000000e+00 1.804216e+00 0.000000e+00 1.804216e+00 5.000000e+00 
1.805216e+00 1.805216e+00 1.805216e+00 5.000000e+00 1.805216e+00 0.000000e+00 1.805216e+00 5.000000e+00 
1.806216e+00 1.806216e+00 1.806216e+00 5.000000e+00 1.806216e+00 0.000000e+00 1.806216e+00 5.000000e+00 
1.807216e+00 1.807216e+00 1.807216e+00 5.000000e+00 1.807216e+00 0.000000e+00 1.807216e+00 5.000000e+00 
1.808216e+00 1.808216e+00 1.808216e+00 5.000000e+00 1.808216e+00 0.000000e+00 1.808216e+00 5.000000e+00 
1.809216e+00 1.809216e+00 1.809216e+00 5.000000e+00 1.809216e+00 0.000000e+00 1.809216e+00 5.000000e+00 
1.810216e+00 1.810216e+00 1.810216e+00 5.000000e+00 1.810216e+00 0.000000e+00 1.810216e+00 5.000000e+00 
1.811216e+00 1.811216e+00 1.811216e+00 5.000000e+00 1.811216e+00 0.000000e+00 1.811216e+00 5.000000e+00 
1.812216e+00 1.812216e+00 1.812216e+00 5.000000e+00 1.812216e+00 0.000000e+00 1.812216e+00 5.000000e+00 
1.813216e+00 1.813216e+00 1.813216e+00 5.000000e+00 1.813216e+00 0.000000e+00 1.813216e+00 5.000000e+00 
1.814216e+00 1.814216e+00 1.814216e+00 5.000000e+00 1.814216e+00 0.000000e+00 1.814216e+00 5.000000e+00 
1.815216e+00 1.815216e+00 1.815216e+00 5.000000e+00 1.815216e+00 0.000000e+00 1.815216e+00 5.000000e+00 
1.816216e+00 1.816216e+00 1.816216e+00 5.000000e+00 1.816216e+00 0.000000e+00 1.816216e+00 5.000000e+00 
1.817216e+00 1.817216e+00 1.817216e+00 5.000000e+00 1.817216e+00 0.000000e+00 1.817216e+00 5.000000e+00 
1.818216e+00 1.818216e+00 1.818216e+00 5.000000e+00 1.818216e+00 0.000000e+00 1.818216e+00 5.000000e+00 
1.819216e+00 1.819216e+00 1.819216e+00 5.000000e+00 1.819216e+00 0.000000e+00 1.819216e+00 5.000000e+00 
1.820216e+00 1.820216e+00 1.820216e+00 5.000000e+00 1.820216e+00 0.000000e+00 1.820216e+00 5.000000e+00 
1.821216e+00 1.821216e+00 1.821216e+00 5.000000e+00 1.821216e+00 0.000000e+00 1.821216e+00 5.000000e+00 
1.822216e+00 1.822216e+00 1.822216e+00 5.000000e+00 1.822216e+00 0.000000e+00 1.822216e+00 5.000000e+00 
1.823216e+00 1.823216e+00 1.823216e+00 5.000000e+00 1.823216e+00 0.000000e+00 1.823216e+00 5.000000e+00 
1.824216e+00 1.824216e+00 1.824216e+00 5.000000e+00 1.824216e+00 0.000000e+00 1.824216e+00 5.000000e+00 
1.825216e+00 1.825216e+00 1.825216e+00 5.000000e+00 1.825216e+00 0.000000e+00 1.825216e+00 5.000000e+00 
1.826216e+00 1.826216e+00 1.826216e+00 5.000000e+00 1.826216e+00 0.000000e+00 1.826216e+00 5.000000e+00 
1.827216e+00 1.827216e+00 1.827216e+00 5.000000e+00 1.827216e+00 0.000000e+00 1.827216e+00 5.000000e+00 
1.828216e+00 1.828216e+00 1.828216e+00 5.000000e+00 1.828216e+00 0.000000e+00 1.828216e+00 5.000000e+00 
1.829216e+00 1.829216e+00 1.829216e+00 5.000000e+00 1.829216e+00 0.000000e+00 1.829216e+00 5.000000e+00 
1.830216e+00 1.830216e+00 1.830216e+00 5.000000e+00 1.830216e+00 0.000000e+00 1.830216e+00 5.000000e+00 
1.831216e+00 1.831216e+00 1.831216e+00 5.000000e+00 1.831216e+00 0.000000e+00 1.831216e+00 5.000000e+00 
1.832216e+00 1.832216e+00 1.832216e+00 5.000000e+00 1.832216e+00 0.000000e+00 1.832216e+00 5.000000e+00 
1.833216e+00 1.833216e+00 1.833216e+00 5.000000e+00 1.833216e+00 0.000000e+00 1.833216e+00 5.000000e+00 
1.834216e+00 1.834216e+00 1.834216e+00 5.000000e+00 1.834216e+00 0.000000e+00 1.834216e+00 5.000000e+00 
1.835216e+00 1.835216e+00 1.835216e+00 5.000000e+00 1.835216e+00 0.000000e+00 1.835216e+00 5.000000e+00 
1.836216e+00 1.836216e+00 1.836216e+00 5.000000e+00 1.836216e+00 0.000000e+00 1.836216e+00 5.000000e+00 
1.837216e+00 1.837216e+00 1.837216e+00 5.000000e+00 1.837216e+00 0.000000e+00 1.837216e+00 5.000000e+00 
1.838216e+00 1.838216e+00 1.838216e+00 5.000000e+00 1.838216e+00 0.000000e+00 1.838216e+00 5.000000e+00 
1.839216e+00 1.839216e+00 1.839216e+00 5.000000e+00 1.839216e+00 0.000000e+00 1.839216e+00 5.000000e+00 
1.840216e+00 1.840216e+00 1.840216e+00 5.000000e+00 1.840216e+00 0.000000e+00 1.840216e+00 5.000000e+00 
1.841216e+00 1.841216e+00 1.841216e+00 5.000000e+00 1.841216e+00 0.000000e+00 1.841216e+00 5.000000e+00 
1.842216e+00 1.842216e+00 1.842216e+00 5.000000e+00 1.842216e+00 0.000000e+00 1.842216e+00 5.000000e+00 
1.843216e+00 1.843216e+00 1.843216e+00 5.000000e+00 1.843216e+00 0.000000e+00 1.843216e+00 5.000000e+00 
1.844216e+00 1.844216e+00 1.844216e+00 5.000000e+00 1.844216e+00 0.000000e+00 1.844216e+00 5.000000e+00 
1.845216e+00 1.845216e+00 1.845216e+00 5.000000e+00 1.845216e+00 0.000000e+00 1.845216e+00 5.000000e+00 
1.846216e+00 1.846216e+00 1.846216e+00 5.000000e+00 1.846216e+00 0.000000e+00 1.846216e+00 5.000000e+00 
1.847216e+00 1.847216e+00 1.847216e+00 5.000000e+00 1.847216e+00 0.000000e+00 1.847216e+00 5.000000e+00 
1.848216e+00 1.848216e+00 1.848216e+00 5.000000e+00 1.848216e+00 0.000000e+00 1.848216e+00 5.000000e+00 
1.849216e+00 1.849216e+00 1.849216e+00 5.000000e+00 1.849216e+00 0.000000e+00 1.849216e+00 5.000000e+00 
1.850216e+00 1.850216e+00 1.850216e+00 5.000000e+00 1.850216e+00 0.000000e+00 1.850216e+00 5.000000e+00 
1.851216e+00 1.851216e+00 1.851216e+00 5.000000e+00 1.851216e+00 0.000000e+00 1.851216e+00 5.000000e+00 
1.852216e+00 1.852216e+00 1.852216e+00 5.000000e+00 1.852216e+00 0.000000e+00 1.852216e+00 5.000000e+00 
1.853216e+00 1.853216e+00 1.853216e+00 5.000000e+00 1.853216e+00 0.000000e+00 1.853216e+00 5.000000e+00 
1.854216e+00 1.854216e+00 1.854216e+00 5.000000e+00 1.854216e+00 0.000000e+00 1.854216e+00 5.000000e+00 
1.855216e+00 1.855216e+00 1.855216e+00 5.000000e+00 1.855216e+00 0.000000e+00 1.855216e+00 5.000000e+00 
1.856216e+00 1.856216e+00 1.856216e+00 5.000000e+00 1.856216e+00 0.000000e+00 1.856216e+00 5.000000e+00 
1.857216e+00 1.857216e+00 1.857216e+00 5.000000e+00 1.857216e+00 0.000000e+00 1.857216e+00 5.000000e+00 
1.858216e+00 1.858216e+00 1.858216e+00 5.000000e+00 1.858216e+00 0.000000e+00 1.858216e+00 5.000000e+00 
1.859216e+00 1.859216e+00 1.859216e+00 5.000000e+00 1.859216e+00 0.000000e+00 1.859216e+00 5.000000e+00 
1.860216e+00 1.860216e+00 1.860216e+00 5.000000e+00 1.860216e+00 0.000000e+00 1.860216e+00 5.000000e+00 
1.861216e+00 1.861216e+00 1.861216e+00 5.000000e+00 1.861216e+00 0.000000e+00 1.861216e+00 5.000000e+00 
1.862216e+00 1.862216e+00 1.862216e+00 5.000000e+00 1.862216e+00 0.000000e+00 1.862216e+00 5.000000e+00 
1.863216e+00 1.863216e+00 1.863216e+00 5.000000e+00 1.863216e+00 0.000000e+00 1.863216e+00 5.000000e+00 
1.864216e+00 1.864216e+00 1.864216e+00 5.000000e+00 1.864216e+00 0.000000e+00 1.864216e+00 5.000000e+00 
1.865216e+00 1.865216e+00 1.865216e+00 5.000000e+00 1.865216e+00 0.000000e+00 1.865216e+00 5.000000e+00 
1.866216e+00 1.866216e+00 1.866216e+00 5.000000e+00 1.866216e+00 0.000000e+00 1.866216e+00 5.000000e+00 
1.867216e+00 1.867216e+00 1.867216e+00 5.000000e+00 1.867216e+00 0.000000e+00 1.867216e+00 5.000000e+00 
1.868216e+00 1.868216e+00 1.868216e+00 5.000000e+00 1.868216e+00 0.000000e+00 1.868216e+00 5.000000e+00 
1.869216e+00 1.869216e+00 1.869216e+00 5.000000e+00 1.869216e+00 0.000000e+00 1.869216e+00 5.000000e+00 
1.870216e+00 1.870216e+00 1.870216e+00 5.000000e+00 1.870216e+00 0.000000e+00 1.870216e+00 5.000000e+00 
1.871216e+00 1.871216e+00 1.871216e+00 5.000000e+00 1.871216e+00 0.000000e+00 1.871216e+00 5.000000e+00 
1.872216e+00 1.872216e+00 1.872216e+00 5.000000e+00 1.872216e+00 0.000000e+00 1.872216e+00 5.000000e+00 
1.873216e+00 1.873216e+00 1.873216e+00 5.000000e+00 1.873216e+00 0.000000e+00 1.873216e+00 5.000000e+00 
1.874216e+00 1.874216e+00 1.874216e+00 5.000000e+00 1.874216e+00 0.000000e+00 1.874216e+00 5.000000e+00 
1.875216e+00 1.875216e+00 1.875216e+00 5.000000e+00 1.875216e+00 0.000000e+00 1.875216e+00 5.000000e+00 
1.876216e+00 1.876216e+00 1.876216e+00 5.000000e+00 1.876216e+00 0.000000e+00 1.876216e+00 5.000000e+00 
1.877216e+00 1.877216e+00 1.877216e+00 5.000000e+00 1.877216e+00 0.000000e+00 1.877216e+00 5.000000e+00 
1.878216e+00 1.878216e+00 1.878216e+00 5.000000e+00 1.878216e+00 0.000000e+00 1.878216e+00 5.000000e+00 
1.879216e+00 1.879216e+00 1.879216e+00 5.000000e+00 1.879216e+00 0.000000e+00 1.879216e+00 5.000000e+00 
1.880216e+00 1.880216e+00 1.880216e+00 5.000000e+00 1.880216e+00 0.000000e+00 1.880216e+00 5.000000e+00 
1.881216e+00 1.881216e+00 1.881216e+00 5.000000e+00 1.881216e+00 0.000000e+00 1.881216e+00 5.000000e+00 
1.882216e+00 1.882216e+00 1.882216e+00 5.000000e+00 1.882216e+00 0.000000e+00 1.882216e+00 5.000000e+00 
1.883216e+00 1.883216e+00 1.883216e+00 5.000000e+00 1.883216e+00 0.000000e+00 1.883216e+00 5.000000e+00 
1.884216e+00 1.884216e+00 1.884216e+00 5.000000e+00 1.884216e+00 0.000000e+00 1.884216e+00 5.000000e+00 
1.885216e+00 1.885216e+00 1.885216e+00 5.000000e+00 1.885216e+00 0.000000e+00 1.885216e+00 5.000000e+00 
1.886216e+00 1.886216e+00 1.886216e+00 5.000000e+00 1.886216e+00 0.000000e+00 1.886216e+00 5.000000e+00 
1.887216e+00 1.887216e+00 1.887216e+00 5.000000e+00 1.887216e+00 0.000000e+00 1.887216e+00 5.000000e+00 
1.888216e+00 1.888216e+00 1.888216e+00 5.000000e+00 1.888216e+00 0.000000e+00 1.888216e+00 5.000000e+00 
1.889216e+00 1.889216e+00 1.889216e+00 5.000000e+00 1.889216e+00 0.000000e+00 1.889216e+00 5.000000e+00 
1.890216e+00 1.890216e+00 1.890216e+00 5.000000e+00 1.890216e+00 0.000000e+00 1.890216e+00 5.000000e+00 
1.891216e+00 1.891216e+00 1.891216e+00 5.000000e+00 1.891216e+00 0.000000e+00 1.891216e+00 5.000000e+00 
1.892216e+00 1.892216e+00 1.892216e+00 5.000000e+00 1.892216e+00 0.000000e+00 1.892216e+00 5.000000e+00 
1.893216e+00 1.893216e+00 1.893216e+00 5.000000e+00 1.893216e+00 0.000000e+00 1.893216e+00 5.000000e+00 
1.894216e+00 1.894216e+00 1.894216e+00 5.000000e+00 1.894216e+00 0.000000e+00 1.894216e+00 5.000000e+00 
1.895216e+00 1.895216e+00 1.895216e+00 5.000000e+00 1.895216e+00 0.000000e+00 1.895216e+00 5.000000e+00 
1.896216e+00 1.896216e+00 1.896216e+00 5.000000e+00 1.896216e+00 0.000000e+00 1.896216e+00 5.000000e+00 
1.897216e+00 1.897216e+00 1.897216e+00 5.000000e+00 1.897216e+00 0.000000e+00 1.897216e+00 5.000000e+00 
1.898216e+00 1.898216e+00 1.898216e+00 5.000000e+00 1.898216e+00 0.000000e+00 1.898216e+00 5.000000e+00 
1.899216e+00 1.899216e+00 1.899216e+00 5.000000e+00 1.899216e+00 0.000000e+00 1.899216e+00 5.000000e+00 
1.900216e+00 1.900216e+00 1.900216e+00 5.000000e+00 1.900216e+00 0.000000e+00 1.900216e+00 5.000000e+00 
1.901216e+00 1.901216e+00 1.901216e+00 5.000000e+00 1.901216e+00 0.000000e+00 1.901216e+00 5.000000e+00 
1.902216e+00 1.902216e+00 1.902216e+00 5.000000e+00 1.902216e+00 0.000000e+00 1.902216e+00 5.000000e+00 
1.903216e+00 1.903216e+00 1.903216e+00 5.000000e+00 1.903216e+00 0.000000e+00 1.903216e+00 5.000000e+00 
1.904216e+00 1.904216e+00 1.904216e+00 5.000000e+00 1.904216e+00 0.000000e+00 1.904216e+00 5.000000e+00 
1.905216e+00 1.905216e+00 1.905216e+00 5.000000e+00 1.905216e+00 0.000000e+00 1.905216e+00 5.000000e+00 
1.906216e+00 1.906216e+00 1.906216e+00 5.000000e+00 1.906216e+00 0.000000e+00 1.906216e+00 5.000000e+00 
1.907216e+00 1.907216e+00 1.907216e+00 5.000000e+00 1.907216e+00 0.000000e+00 1.907216e+00 5.000000e+00 
1.908216e+00 1.908216e+00 1.908216e+00 5.000000e+00 1.908216e+00 0.000000e+00 1.908216e+00 5.000000e+00 
1.909216e+00 1.909216e+00 1.909216e+00 5.000000e+00 1.909216e+00 0.000000e+00 1.909216e+00 5.000000e+00 
1.910216e+00 1.910216e+00 1.910216e+00 5.000000e+00 1.910216e+00 0.000000e+00 1.910216e+00 5.000000e+00 
1.911216e+00 1.911216e+00 1.911216e+00 5.000000e+00 1.911216e+00 0.000000e+00 1.911216e+00 5.000000e+00 
1.912216e+00 1.912216e+00 1.912216e+00 5.000000e+00 1.912216e+00 0.000000e+00 1.912216e+00 5.000000e+00 
1.913216e+00 1.913216e+00 1.913216e+00 5.000000e+00 1.913216e+00 0.000000e+00 1.913216e+00 5.000000e+00 
1.914216e+00 1.914216e+00 1.914216e+00 5.000000e+00 1.914216e+00 0.000000e+00 1.914216e+00 5.000000e+00 
1.915216e+00 1.915216e+00 1.915216e+00 5.000000e+00 1.915216e+00 0.000000e+00 1.915216e+00 5.000000e+00 
1.916216e+00 1.916216e+00 1.916216e+00 5.000000e+00 1.916216e+00 0.000000e+00 1.916216e+00 5.000000e+00 
1.917216e+00 1.917216e+00 1.917216e+00 5.000000e+00 1.917216e+00 0.000000e+00 1.917216e+00 5.000000e+00 
1.918216e+00 1.918216e+00 1.918216e+00 5.000000e+00 1.918216e+00 0.000000e+00 1.918216e+00 5.000000e+00 
1.919216e+00 1.919216e+00 1.919216e+00 5.000000e+00 1.919216e+00 0.000000e+00 1.919216e+00 5.000000e+00 
1.920216e+00 1.920216e+00 1.920216e+00 5.000000e+00 1.920216e+00 0.000000e+00 1.920216e+00 5.000000e+00 
1.921216e+00 1.921216e+00 1.921216e+00 5.000000e+00 1.921216e+00 0.000000e+00 1.921216e+00 5.000000e+00 
1.922216e+00 1.922216e+00 1.922216e+00 5.000000e+00 1.922216e+00 0.000000e+00 1.922216e+00 5.000000e+00 
1.923216e+00 1.923216e+00 1.923216e+00 5.000000e+00 1.923216e+00 0.000000e+00 1.923216e+00 5.000000e+00 
1.924216e+00 1.924216e+00 1.924216e+00 5.000000e+00 1.924216e+00 0.000000e+00 1.924216e+00 5.000000e+00 
1.925216e+00 1.925216e+00 1.925216e+00 5.000000e+00 1.925216e+00 0.000000e+00 1.925216e+00 5.000000e+00 
1.926216e+00 1.926216e+00 1.926216e+00 5.000000e+00 1.926216e+00 0.000000e+00 1.926216e+00 5.000000e+00 
1.927216e+00 1.927216e+00 1.927216e+00 5.000000e+00 1.927216e+00 0.000000e+00 1.927216e+00 5.000000e+00 
1.928216e+00 1.928216e+00 1.928216e+00 5.000000e+00 1.928216e+00 0.000000e+00 1.928216e+00 5.000000e+00 
1.929216e+00 1.929216e+00 1.929216e+00 5.000000e+00 1.929216e+00 0.000000e+00 1.929216e+00 5.000000e+00 
1.930216e+00 1.930216e+00 1.930216e+00 5.000000e+00 1.930216e+00 0.000000e+00 1.930216e+00 5.000000e+00 
1.931216e+00 1.931216e+00 1.931216e+00 5.000000e+00 1.931216e+00 0.000000e+00 1.931216e+00 5.000000e+00 
1.932216e+00 1.932216e+00 1.932216e+00 5.000000e+00 1.932216e+00 0.000000e+00 1.932216e+00 5.000000e+00 
1.933216e+00 1.933216e+00 1.933216e+00 5.000000e+00 1.933216e+00 0.000000e+00 1.933216e+00 5.000000e+00 
1.934216e+00 1.934216e+00 1.934216e+00 5.000000e+00 1.934216e+00 0.000000e+00 1.934216e+00 5.000000e+00 
1.935216e+00 1.935216e+00 1.935216e+00 5.000000e+00 1.935216e+00 0.000000e+00 1.935216e+00 5.000000e+00 
1.936216e+00 1.936216e+00 1.936216e+00 5.000000e+00 1.936216e+00 0.000000e+00 1.936216e+00 5.000000e+00 
1.937216e+00 1.937216e+00 1.937216e+00 5.000000e+00 1.937216e+00 0.000000e+00 1.937216e+00 5.000000e+00 
1.938216e+00 1.938216e+00 1.938216e+00 5.000000e+00 1.938216e+00 0.000000e+00 1.938216e+00 5.000000e+00 
1.939216e+00 1.939216e+00 1.939216e+00 5.000000e+00 1.939216e+00 0.000000e+00 1.939216e+00 5.000000e+00 
1.940216e+00 1.940216e+00 1.940216e+00 5.000000e+00 1.940216e+00 0.000000e+00 1.940216e+00 5.000000e+00 
1.941216e+00 1.941216e+00 1.941216e+00 5.000000e+00 1.941216e+00 0.000000e+00 1.941216e+00 5.000000e+00 
1.942216e+00 1.942216e+00 1.942216e+00 5.000000e+00 1.942216e+00 0.000000e+00 1.942216e+00 5.000000e+00 
1.943216e+00 1.943216e+00 1.943216e+00 5.000000e+00 1.943216e+00 0.000000e+00 1.943216e+00 5.000000e+00 
1.944216e+00 1.944216e+00 1.944216e+00 5.000000e+00 1.944216e+00 0.000000e+00 1.944216e+00 5.000000e+00 
1.945216e+00 1.945216e+00 1.945216e+00 5.000000e+00 1.945216e+00 0.000000e+00 1.945216e+00 5.000000e+00 
1.946216e+00 1.946216e+00 1.946216e+00 5.000000e+00 1.946216e+00 0.000000e+00 1.946216e+00 5.000000e+00 
1.947216e+00 1.947216e+00 1.947216e+00 5.000000e+00 1.947216e+00 0.000000e+00 1.947216e+00 5.000000e+00 
1.948216e+00 1.948216e+00 1.948216e+00 5.000000e+00 1.948216e+00 0.000000e+00 1.948216e+00 5.000000e+00 
1.949216e+00 1.949216e+00 1.949216e+00 5.000000e+00 1.949216e+00 0.000000e+00 1.949216e+00 5.000000e+00 
1.950216e+00 1.950216e+00 1.950216e+00 5.000000e+00 1.950216e+00 0.000000e+00 1.950216e+00 5.000000e+00 
1.951216e+00 1.951216e+00 1.951216e+00 5.000000e+00 1.951216e+00 0.000000e+00 1.951216e+00 5.000000e+00 
1.952216e+00 1.952216e+00 1.952216e+00 5.000000e+00 1.952216e+00 0.000000e+00 1.952216e+00 5.000000e+00 
1.953216e+00 1.953216e+00 1.953216e+00 5.000000e+00 1.953216e+00 0.000000e+00 1.953216e+00 5.000000e+00 
1.954216e+00 1.954216e+00 1.954216e+00 5.000000e+00 1.954216e+00 0.000000e+00 1.954216e+00 5.000000e+00 
1.955216e+00 1.955216e+00 1.955216e+00 5.000000e+00 1.955216e+00 0.000000e+00 1.955216e+00 5.000000e+00 
1.956216e+00 1.956216e+00 1.956216e+00 5.000000e+00 1.956216e+00 0.000000e+00 1.956216e+00 5.000000e+00 
1.957216e+00 1.957216e+00 1.957216e+00 5.000000e+00 1.957216e+00 0.000000e+00 1.957216e+00 5.000000e+00 
1.958216e+00 1.958216e+00 1.958216e+00 5.000000e+00 1.958216e+00 0.000000e+00 1.958216e+00 5.000000e+00 
1.959216e+00 1.959216e+00 1.959216e+00 5.000000e+00 1.959216e+00 0.000000e+00 1.959216e+00 5.000000e+00 
1.960216e+00 1.960216e+00 1.960216e+00 5.000000e+00 1.960216e+00 0.000000e+00 1.960216e+00 5.000000e+00 
1.961216e+00 1.961216e+00 1.961216e+00 5.000000e+00 1.961216e+00 0.000000e+00 1.961216e+00 5.000000e+00 
1.962216e+00 1.962216e+00 1.962216e+00 5.000000e+00 1.962216e+00 0.000000e+00 1.962216e+00 5.000000e+00 
1.963216e+00 1.963216e+00 1.963216e+00 5.000000e+00 1.963216e+00 0.000000e+00 1.963216e+00 5.000000e+00 
1.964216e+00 1.964216e+00 1.964216e+00 5.000000e+00 1.964216e+00 0.000000e+00 1.964216e+00 5.000000e+00 
1.965216e+00 1.965216e+00 1.965216e+00 5.000000e+00 1.965216e+00 0.000000e+00 1.965216e+00 5.000000e+00 
1.966216e+00 1.966216e+00 1.966216e+00 5.000000e+00 1.966216e+00 0.000000e+00 1.966216e+00 5.000000e+00 
1.967216e+00 1.967216e+00 1.967216e+00 5.000000e+00 1.967216e+00 0.000000e+00 1.967216e+00 5.000000e+00 
1.968216e+00 1.968216e+00 1.968216e+00 5.000000e+00 1.968216e+00 0.000000e+00 1.968216e+00 5.000000e+00 
1.969216e+00 1.969216e+00 1.969216e+00 5.000000e+00 1.969216e+00 0.000000e+00 1.969216e+00 5.000000e+00 
1.970216e+00 1.970216e+00 1.970216e+00 5.000000e+00 1.970216e+00 0.000000e+00 1.970216e+00 5.000000e+00 
1.971216e+00 1.971216e+00 1.971216e+00 5.000000e+00 1.971216e+00 0.000000e+00 1.971216e+00 5.000000e+00 
1.972216e+00 1.972216e+00 1.972216e+00 5.000000e+00 1.972216e+00 0.000000e+00 1.972216e+00 5.000000e+00 
1.973216e+00 1.973216e+00 1.973216e+00 5.000000e+00 1.973216e+00 0.000000e+00 1.973216e+00 5.000000e+00 
1.974216e+00 1.974216e+00 1.974216e+00 5.000000e+00 1.974216e+00 0.000000e+00 1.974216e+00 5.000000e+00 
1.975216e+00 1.975216e+00 1.975216e+00 5.000000e+00 1.975216e+00 0.000000e+00 1.975216e+00 5.000000e+00 
1.976216e+00 1.976216e+00 1.976216e+00 5.000000e+00 1.976216e+00 0.000000e+00 1.976216e+00 5.000000e+00 
1.977216e+00 1.977216e+00 1.977216e+00 5.000000e+00 1.977216e+00 0.000000e+00 1.977216e+00 5.000000e+00 
1.978216e+00 1.978216e+00 1.978216e+00 5.000000e+00 1.978216e+00 0.000000e+00 1.978216e+00 5.000000e+00 
1.979216e+00 1.979216e+00 1.979216e+00 5.000000e+00 1.979216e+00 0.000000e+00 1.979216e+00 5.000000e+00 
1.980216e+00 1.980216e+00 1.980216e+00 5.000000e+00 1.980216e+00 0.000000e+00 1.980216e+00 5.000000e+00 
1.981216e+00 1.981216e+00 1.981216e+00 5.000000e+00 1.981216e+00 0.000000e+00 1.981216e+00 5.000000e+00 
1.982216e+00 1.982216e+00 1.982216e+00 5.000000e+00 1.982216e+00 0.000000e+00 1.982216e+00 5.000000e+00 
1.983216e+00 1.983216e+00 1.983216e+00 5.000000e+00 1.983216e+00 0.000000e+00 1.983216e+00 5.000000e+00 
1.984216e+00 1.984216e+00 1.984216e+00 5.000000e+00 1.984216e+00 0.000000e+00 1.984216e+00 5.000000e+00 
1.985216e+00 1.985216e+00 1.985216e+00 5.000000e+00 1.985216e+00 0.000000e+00 1.985216e+00 5.000000e+00 
1.986216e+00 1.986216e+00 1.986216e+00 5.000000e+00 1.986216e+00 0.000000e+00 1.986216e+00 5.000000e+00 
1.987216e+00 1.987216e+00 1.987216e+00 5.000000e+00 1.987216e+00 0.000000e+00 1.987216e+00 5.000000e+00 
1.988216e+00 1.988216e+00 1.988216e+00 5.000000e+00 1.988216e+00 0.000000e+00 1.988216e+00 5.000000e+00 
1.989216e+00 1.989216e+00 1.989216e+00 5.000000e+00 1.989216e+00 0.000000e+00 1.989216e+00 5.000000e+00 
1.990216e+00 1.990216e+00 1.990216e+00 5.000000e+00 1.990216e+00 0.000000e+00 1.990216e+00 5.000000e+00 
1.991216e+00 1.991216e+00 1.991216e+00 5.000000e+00 1.991216e+00 0.000000e+00 1.991216e+00 5.000000e+00 
1.992216e+00 1.992216e+00 1.992216e+00 5.000000e+00 1.992216e+00 0.000000e+00 1.992216e+00 5.000000e+00 
1.993216e+00 1.993216e+00 1.993216e+00 5.000000e+00 1.993216e+00 0.000000e+00 1.993216e+00 5.000000e+00 
1.994216e+00 1.994216e+00 1.994216e+00 5.000000e+00 1.994216e+00 0.000000e+00 1.994216e+00 5.000000e+00 
1.995216e+00 1.995216e+00 1.995216e+00 5.000000e+00 1.995216e+00 0.000000e+00 1.995216e+00 5.000000e+00 
1.996216e+00 1.996216e+00 1.996216e+00 5.000000e+00 1.996216e+00 0.000000e+00 1.996216e+00 5.000000e+00 
1.997216e+00 1.997216e+00 1.997216e+00 5.000000e+00 1.997216e+00 0.000000e+00 1.997216e+00 5.000000e+00 
1.998216e+00 1.998216e+00 1.998216e+00 5.000000e+00 1.998216e+00 0.000000e+00 1.998216e+00 5.000000e+00 
1.999216e+00 1.999216e+00 1.999216e+00 5.000000e+00 1.999216e+00 0.000000e+00 1.999216e+00 5.000000e+00 
2.000216e+00 2.000216e+00 2.000216e+00 5.000000e+00 2.000216e+00 0.000000e+00 2.000216e+00 5.000000e+00 
2.001216e+00 2.001216e+00 2.001216e+00 5.000000e+00 2.001216e+00 0.000000e+00 2.001216e+00 5.000000e+00 
2.002216e+00 2.002216e+00 2.002216e+00 5.000000e+00 2.002216e+00 0.000000e+00 2.002216e+00 5.000000e+00 
2.003216e+00 2.003216e+00 2.003216e+00 5.000000e+00 2.003216e+00 0.000000e+00 2.003216e+00 5.000000e+00 
2.004216e+00 2.004216e+00 2.004216e+00 5.000000e+00 2.004216e+00 0.000000e+00 2.004216e+00 5.000000e+00 
2.005216e+00 2.005216e+00 2.005216e+00 5.000000e+00 2.005216e+00 0.000000e+00 2.005216e+00 5.000000e+00 
2.006216e+00 2.006216e+00 2.006216e+00 5.000000e+00 2.006216e+00 0.000000e+00 2.006216e+00 5.000000e+00 
2.007216e+00 2.007216e+00 2.007216e+00 5.000000e+00 2.007216e+00 0.000000e+00 2.007216e+00 5.000000e+00 
2.008216e+00 2.008216e+00 2.008216e+00 5.000000e+00 2.008216e+00 0.000000e+00 2.008216e+00 5.000000e+00 
2.009216e+00 2.009216e+00 2.009216e+00 5.000000e+00 2.009216e+00 0.000000e+00 2.009216e+00 5.000000e+00 
2.010216e+00 2.010216e+00 2.010216e+00 5.000000e+00 2.010216e+00 0.000000e+00 2.010216e+00 5.000000e+00 
2.011216e+00 2.011216e+00 2.011216e+00 5.000000e+00 2.011216e+00 0.000000e+00 2.011216e+00 5.000000e+00 
2.012216e+00 2.012216e+00 2.012216e+00 5.000000e+00 2.012216e+00 0.000000e+00 2.012216e+00 5.000000e+00 
2.013216e+00 2.013216e+00 2.013216e+00 5.000000e+00 2.013216e+00 0.000000e+00 2.013216e+00 5.000000e+00 
2.014216e+00 2.014216e+00 2.014216e+00 5.000000e+00 2.014216e+00 0.000000e+00 2.014216e+00 5.000000e+00 
2.015216e+00 2.015216e+00 2.015216e+00 5.000000e+00 2.015216e+00 0.000000e+00 2.015216e+00 5.000000e+00 
2.016216e+00 2.016216e+00 2.016216e+00 5.000000e+00 2.016216e+00 0.000000e+00 2.016216e+00 5.000000e+00 
2.017216e+00 2.017216e+00 2.017216e+00 5.000000e+00 2.017216e+00 0.000000e+00 2.017216e+00 5.000000e+00 
2.018216e+00 2.018216e+00 2.018216e+00 5.000000e+00 2.018216e+00 0.000000e+00 2.018216e+00 5.000000e+00 
2.019216e+00 2.019216e+00 2.019216e+00 5.000000e+00 2.019216e+00 0.000000e+00 2.019216e+00 5.000000e+00 
2.020216e+00 2.020216e+00 2.020216e+00 5.000000e+00 2.020216e+00 0.000000e+00 2.020216e+00 5.000000e+00 
2.021216e+00 2.021216e+00 2.021216e+00 5.000000e+00 2.021216e+00 0.000000e+00 2.021216e+00 5.000000e+00 
2.022216e+00 2.022216e+00 2.022216e+00 5.000000e+00 2.022216e+00 0.000000e+00 2.022216e+00 5.000000e+00 
2.023216e+00 2.023216e+00 2.023216e+00 5.000000e+00 2.023216e+00 0.000000e+00 2.023216e+00 5.000000e+00 
2.024216e+00 2.024216e+00 2.024216e+00 5.000000e+00 2.024216e+00 0.000000e+00 2.024216e+00 5.000000e+00 
2.025216e+00 2.025216e+00 2.025216e+00 5.000000e+00 2.025216e+00 0.000000e+00 2.025216e+00 5.000000e+00 
2.026216e+00 2.026216e+00 2.026216e+00 5.000000e+00 2.026216e+00 0.000000e+00 2.026216e+00 5.000000e+00 
2.027216e+00 2.027216e+00 2.027216e+00 5.000000e+00 2.027216e+00 0.000000e+00 2.027216e+00 5.000000e+00 
2.028216e+00 2.028216e+00 2.028216e+00 5.000000e+00 2.028216e+00 0.000000e+00 2.028216e+00 5.000000e+00 
2.029216e+00 2.029216e+00 2.029216e+00 5.000000e+00 2.029216e+00 0.000000e+00 2.029216e+00 5.000000e+00 
2.030216e+00 2.030216e+00 2.030216e+00 5.000000e+00 2.030216e+00 0.000000e+00 2.030216e+00 5.000000e+00 
2.031216e+00 2.031216e+00 2.031216e+00 5.000000e+00 2.031216e+00 0.000000e+00 2.031216e+00 5.000000e+00 
2.032216e+00 2.032216e+00 2.032216e+00 5.000000e+00 2.032216e+00 0.000000e+00 2.032216e+00 5.000000e+00 
2.033216e+00 2.033216e+00 2.033216e+00 5.000000e+00 2.033216e+00 0.000000e+00 2.033216e+00 5.000000e+00 
2.034216e+00 2.034216e+00 2.034216e+00 5.000000e+00 2.034216e+00 0.000000e+00 2.034216e+00 5.000000e+00 
2.035216e+00 2.035216e+00 2.035216e+00 5.000000e+00 2.035216e+00 0.000000e+00 2.035216e+00 5.000000e+00 
2.036216e+00 2.036216e+00 2.036216e+00 5.000000e+00 2.036216e+00 0.000000e+00 2.036216e+00 5.000000e+00 
2.037216e+00 2.037216e+00 2.037216e+00 5.000000e+00 2.037216e+00 0.000000e+00 2.037216e+00 5.000000e+00 
2.038216e+00 2.038216e+00 2.038216e+00 5.000000e+00 2.038216e+00 0.000000e+00 2.038216e+00 5.000000e+00 
2.039216e+00 2.039216e+00 2.039216e+00 5.000000e+00 2.039216e+00 0.000000e+00 2.039216e+00 5.000000e+00 
2.040216e+00 2.040216e+00 2.040216e+00 5.000000e+00 2.040216e+00 0.000000e+00 2.040216e+00 5.000000e+00 
2.041216e+00 2.041216e+00 2.041216e+00 5.000000e+00 2.041216e+00 0.000000e+00 2.041216e+00 5.000000e+00 
2.042216e+00 2.042216e+00 2.042216e+00 5.000000e+00 2.042216e+00 0.000000e+00 2.042216e+00 5.000000e+00 
2.043216e+00 2.043216e+00 2.043216e+00 5.000000e+00 2.043216e+00 0.000000e+00 2.043216e+00 5.000000e+00 
2.044216e+00 2.044216e+00 2.044216e+00 5.000000e+00 2.044216e+00 0.000000e+00 2.044216e+00 5.000000e+00 
2.045216e+00 2.045216e+00 2.045216e+00 5.000000e+00 2.045216e+00 0.000000e+00 2.045216e+00 5.000000e+00 
2.046216e+00 2.046216e+00 2.046216e+00 5.000000e+00 2.046216e+00 0.000000e+00 2.046216e+00 5.000000e+00 
2.047216e+00 2.047216e+00 2.047216e+00 5.000000e+00 2.047216e+00 0.000000e+00 2.047216e+00 5.000000e+00 
2.048216e+00 2.048216e+00 2.048216e+00 5.000000e+00 2.048216e+00 0.000000e+00 2.048216e+00 5.000000e+00 
2.049216e+00 2.049216e+00 2.049216e+00 5.000000e+00 2.049216e+00 0.000000e+00 2.049216e+00 5.000000e+00 
2.050216e+00 2.050216e+00 2.050216e+00 5.000000e+00 2.050216e+00 0.000000e+00 2.050216e+00 5.000000e+00 
2.051216e+00 2.051216e+00 2.051216e+00 5.000000e+00 2.051216e+00 0.000000e+00 2.051216e+00 5.000000e+00 
2.052216e+00 2.052216e+00 2.052216e+00 5.000000e+00 2.052216e+00 0.000000e+00 2.052216e+00 5.000000e+00 
2.053216e+00 2.053216e+00 2.053216e+00 5.000000e+00 2.053216e+00 0.000000e+00 2.053216e+00 5.000000e+00 
2.054216e+00 2.054216e+00 2.054216e+00 5.000000e+00 2.054216e+00 0.000000e+00 2.054216e+00 5.000000e+00 
2.055216e+00 2.055216e+00 2.055216e+00 5.000000e+00 2.055216e+00 0.000000e+00 2.055216e+00 5.000000e+00 
2.056216e+00 2.056216e+00 2.056216e+00 5.000000e+00 2.056216e+00 0.000000e+00 2.056216e+00 5.000000e+00 
2.057216e+00 2.057216e+00 2.057216e+00 5.000000e+00 2.057216e+00 0.000000e+00 2.057216e+00 5.000000e+00 
2.058216e+00 2.058216e+00 2.058216e+00 5.000000e+00 2.058216e+00 0.000000e+00 2.058216e+00 5.000000e+00 
2.059216e+00 2.059216e+00 2.059216e+00 5.000000e+00 2.059216e+00 0.000000e+00 2.059216e+00 5.000000e+00 
2.060216e+00 2.060216e+00 2.060216e+00 5.000000e+00 2.060216e+00 0.000000e+00 2.060216e+00 5.000000e+00 
2.061216e+00 2.061216e+00 2.061216e+00 5.000000e+00 2.061216e+00 0.000000e+00 2.061216e+00 5.000000e+00 
2.062216e+00 2.062216e+00 2.062216e+00 5.000000e+00 2.062216e+00 0.000000e+00 2.062216e+00 5.000000e+00 
2.063216e+00 2.063216e+00 2.063216e+00 5.000000e+00 2.063216e+00 0.000000e+00 2.063216e+00 5.000000e+00 
2.064216e+00 2.064216e+00 2.064216e+00 5.000000e+00 2.064216e+00 0.000000e+00 2.064216e+00 5.000000e+00 
2.065216e+00 2.065216e+00 2.065216e+00 5.000000e+00 2.065216e+00 0.000000e+00 2.065216e+00 5.000000e+00 
2.066216e+00 2.066216e+00 2.066216e+00 5.000000e+00 2.066216e+00 0.000000e+00 2.066216e+00 5.000000e+00 
2.067216e+00 2.067216e+00 2.067216e+00 5.000000e+00 2.067216e+00 0.000000e+00 2.067216e+00 5.000000e+00 
2.068216e+00 2.068216e+00 2.068216e+00 5.000000e+00 2.068216e+00 0.000000e+00 2.068216e+00 5.000000e+00 
2.069216e+00 2.069216e+00 2.069216e+00 5.000000e+00 2.069216e+00 0.000000e+00 2.069216e+00 5.000000e+00 
2.070216e+00 2.070216e+00 2.070216e+00 5.000000e+00 2.070216e+00 0.000000e+00 2.070216e+00 5.000000e+00 
2.071216e+00 2.071216e+00 2.071216e+00 5.000000e+00 2.071216e+00 0.000000e+00 2.071216e+00 5.000000e+00 
2.072216e+00 2.072216e+00 2.072216e+00 5.000000e+00 2.072216e+00 0.000000e+00 2.072216e+00 5.000000e+00 
2.073216e+00 2.073216e+00 2.073216e+00 5.000000e+00 2.073216e+00 0.000000e+00 2.073216e+00 5.000000e+00 
2.074216e+00 2.074216e+00 2.074216e+00 5.000000e+00 2.074216e+00 0.000000e+00 2.074216e+00 5.000000e+00 
2.075216e+00 2.075216e+00 2.075216e+00 5.000000e+00 2.075216e+00 0.000000e+00 2.075216e+00 5.000000e+00 
2.076216e+00 2.076216e+00 2.076216e+00 5.000000e+00 2.076216e+00 0.000000e+00 2.076216e+00 5.000000e+00 
2.077216e+00 2.077216e+00 2.077216e+00 5.000000e+00 2.077216e+00 0.000000e+00 2.077216e+00 5.000000e+00 
2.078216e+00 2.078216e+00 2.078216e+00 5.000000e+00 2.078216e+00 0.000000e+00 2.078216e+00 5.000000e+00 
2.079216e+00 2.079216e+00 2.079216e+00 5.000000e+00 2.079216e+00 0.000000e+00 2.079216e+00 5.000000e+00 
2.080216e+00 2.080216e+00 2.080216e+00 5.000000e+00 2.080216e+00 0.000000e+00 2.080216e+00 5.000000e+00 
2.081216e+00 2.081216e+00 2.081216e+00 5.000000e+00 2.081216e+00 0.000000e+00 2.081216e+00 5.000000e+00 
2.082216e+00 2.082216e+00 2.082216e+00 5.000000e+00 2.082216e+00 0.000000e+00 2.082216e+00 5.000000e+00 
2.083216e+00 2.083216e+00 2.083216e+00 5.000000e+00 2.083216e+00 0.000000e+00 2.083216e+00 5.000000e+00 
2.084216e+00 2.084216e+00 2.084216e+00 5.000000e+00 2.084216e+00 0.000000e+00 2.084216e+00 5.000000e+00 
2.085216e+00 2.085216e+00 2.085216e+00 5.000000e+00 2.085216e+00 0.000000e+00 2.085216e+00 5.000000e+00 
2.086216e+00 2.086216e+00 2.086216e+00 5.000000e+00 2.086216e+00 0.000000e+00 2.086216e+00 5.000000e+00 
2.087216e+00 2.087216e+00 2.087216e+00 5.000000e+00 2.087216e+00 0.000000e+00 2.087216e+00 5.000000e+00 
2.088216e+00 2.088216e+00 2.088216e+00 5.000000e+00 2.088216e+00 0.000000e+00 2.088216e+00 5.000000e+00 
2.089216e+00 2.089216e+00 2.089216e+00 5.000000e+00 2.089216e+00 0.000000e+00 2.089216e+00 5.000000e+00 
2.090216e+00 2.090216e+00 2.090216e+00 5.000000e+00 2.090216e+00 0.000000e+00 2.090216e+00 5.000000e+00 
2.091216e+00 2.091216e+00 2.091216e+00 5.000000e+00 2.091216e+00 0.000000e+00 2.091216e+00 5.000000e+00 
2.092216e+00 2.092216e+00 2.092216e+00 5.000000e+00 2.092216e+00 0.000000e+00 2.092216e+00 5.000000e+00 
2.093216e+00 2.093216e+00 2.093216e+00 5.000000e+00 2.093216e+00 0.000000e+00 2.093216e+00 5.000000e+00 
2.094216e+00 2.094216e+00 2.094216e+00 5.000000e+00 2.094216e+00 0.000000e+00 2.094216e+00 5.000000e+00 
2.095216e+00 2.095216e+00 2.095216e+00 5.000000e+00 2.095216e+00 0.000000e+00 2.095216e+00 5.000000e+00 
2.096216e+00 2.096216e+00 2.096216e+00 5.000000e+00 2.096216e+00 0.000000e+00 2.096216e+00 5.000000e+00 
2.097216e+00 2.097216e+00 2.097216e+00 5.000000e+00 2.097216e+00 0.000000e+00 2.097216e+00 5.000000e+00 
2.098216e+00 2.098216e+00 2.098216e+00 5.000000e+00 2.098216e+00 0.000000e+00 2.098216e+00 5.000000e+00 
2.099216e+00 2.099216e+00 2.099216e+00 5.000000e+00 2.099216e+00 0.000000e+00 2.099216e+00 5.000000e+00 
2.100216e+00 2.100216e+00 2.100216e+00 5.000000e+00 2.100216e+00 0.000000e+00 2.100216e+00 5.000000e+00 
2.101216e+00 2.101216e+00 2.101216e+00 5.000000e+00 2.101216e+00 0.000000e+00 2.101216e+00 5.000000e+00 
2.102216e+00 2.102216e+00 2.102216e+00 5.000000e+00 2.102216e+00 0.000000e+00 2.102216e+00 5.000000e+00 
2.103216e+00 2.103216e+00 2.103216e+00 5.000000e+00 2.103216e+00 0.000000e+00 2.103216e+00 5.000000e+00 
2.104216e+00 2.104216e+00 2.104216e+00 5.000000e+00 2.104216e+00 0.000000e+00 2.104216e+00 5.000000e+00 
2.105216e+00 2.105216e+00 2.105216e+00 5.000000e+00 2.105216e+00 0.000000e+00 2.105216e+00 5.000000e+00 
2.106216e+00 2.106216e+00 2.106216e+00 5.000000e+00 2.106216e+00 0.000000e+00 2.106216e+00 5.000000e+00 
2.107216e+00 2.107216e+00 2.107216e+00 5.000000e+00 2.107216e+00 0.000000e+00 2.107216e+00 5.000000e+00 
2.108216e+00 2.108216e+00 2.108216e+00 5.000000e+00 2.108216e+00 0.000000e+00 2.108216e+00 5.000000e+00 
2.109216e+00 2.109216e+00 2.109216e+00 5.000000e+00 2.109216e+00 0.000000e+00 2.109216e+00 5.000000e+00 
2.110216e+00 2.110216e+00 2.110216e+00 5.000000e+00 2.110216e+00 0.000000e+00 2.110216e+00 5.000000e+00 
2.111216e+00 2.111216e+00 2.111216e+00 5.000000e+00 2.111216e+00 0.000000e+00 2.111216e+00 5.000000e+00 
2.112216e+00 2.112216e+00 2.112216e+00 5.000000e+00 2.112216e+00 0.000000e+00 2.112216e+00 5.000000e+00 
2.113216e+00 2.113216e+00 2.113216e+00 5.000000e+00 2.113216e+00 0.000000e+00 2.113216e+00 5.000000e+00 
2.114216e+00 2.114216e+00 2.114216e+00 5.000000e+00 2.114216e+00 0.000000e+00 2.114216e+00 5.000000e+00 
2.115216e+00 2.115216e+00 2.115216e+00 5.000000e+00 2.115216e+00 0.000000e+00 2.115216e+00 5.000000e+00 
2.116216e+00 2.116216e+00 2.116216e+00 5.000000e+00 2.116216e+00 0.000000e+00 2.116216e+00 5.000000e+00 
2.117216e+00 2.117216e+00 2.117216e+00 5.000000e+00 2.117216e+00 0.000000e+00 2.117216e+00 5.000000e+00 
2.118216e+00 2.118216e+00 2.118216e+00 5.000000e+00 2.118216e+00 0.000000e+00 2.118216e+00 5.000000e+00 
2.119216e+00 2.119216e+00 2.119216e+00 5.000000e+00 2.119216e+00 0.000000e+00 2.119216e+00 5.000000e+00 
2.120216e+00 2.120216e+00 2.120216e+00 5.000000e+00 2.120216e+00 0.000000e+00 2.120216e+00 5.000000e+00 
2.121216e+00 2.121216e+00 2.121216e+00 5.000000e+00 2.121216e+00 0.000000e+00 2.121216e+00 5.000000e+00 
2.122216e+00 2.122216e+00 2.122216e+00 5.000000e+00 2.122216e+00 0.000000e+00 2.122216e+00 5.000000e+00 
2.123216e+00 2.123216e+00 2.123216e+00 5.000000e+00 2.123216e+00 0.000000e+00 2.123216e+00 5.000000e+00 
2.124216e+00 2.124216e+00 2.124216e+00 5.000000e+00 2.124216e+00 0.000000e+00 2.124216e+00 5.000000e+00 
2.125216e+00 2.125216e+00 2.125216e+00 5.000000e+00 2.125216e+00 0.000000e+00 2.125216e+00 5.000000e+00 
2.126216e+00 2.126216e+00 2.126216e+00 5.000000e+00 2.126216e+00 0.000000e+00 2.126216e+00 5.000000e+00 
2.127216e+00 2.127216e+00 2.127216e+00 5.000000e+00 2.127216e+00 0.000000e+00 2.127216e+00 5.000000e+00 
2.128216e+00 2.128216e+00 2.128216e+00 5.000000e+00 2.128216e+00 0.000000e+00 2.128216e+00 5.000000e+00 
2.129216e+00 2.129216e+00 2.129216e+00 5.000000e+00 2.129216e+00 0.000000e+00 2.129216e+00 5.000000e+00 
2.130216e+00 2.130216e+00 2.130216e+00 5.000000e+00 2.130216e+00 0.000000e+00 2.130216e+00 5.000000e+00 
2.131216e+00 2.131216e+00 2.131216e+00 5.000000e+00 2.131216e+00 0.000000e+00 2.131216e+00 5.000000e+00 
2.132216e+00 2.132216e+00 2.132216e+00 5.000000e+00 2.132216e+00 0.000000e+00 2.132216e+00 5.000000e+00 
2.133216e+00 2.133216e+00 2.133216e+00 5.000000e+00 2.133216e+00 0.000000e+00 2.133216e+00 5.000000e+00 
2.134216e+00 2.134216e+00 2.134216e+00 5.000000e+00 2.134216e+00 0.000000e+00 2.134216e+00 5.000000e+00 
2.135216e+00 2.135216e+00 2.135216e+00 5.000000e+00 2.135216e+00 0.000000e+00 2.135216e+00 5.000000e+00 
2.136216e+00 2.136216e+00 2.136216e+00 5.000000e+00 2.136216e+00 0.000000e+00 2.136216e+00 5.000000e+00 
2.137216e+00 2.137216e+00 2.137216e+00 5.000000e+00 2.137216e+00 0.000000e+00 2.137216e+00 5.000000e+00 
2.138216e+00 2.138216e+00 2.138216e+00 5.000000e+00 2.138216e+00 0.000000e+00 2.138216e+00 5.000000e+00 
2.139216e+00 2.139216e+00 2.139216e+00 5.000000e+00 2.139216e+00 0.000000e+00 2.139216e+00 5.000000e+00 
2.140216e+00 2.140216e+00 2.140216e+00 5.000000e+00 2.140216e+00 0.000000e+00 2.140216e+00 5.000000e+00 
2.141216e+00 2.141216e+00 2.141216e+00 5.000000e+00 2.141216e+00 0.000000e+00 2.141216e+00 5.000000e+00 
2.142216e+00 2.142216e+00 2.142216e+00 5.000000e+00 2.142216e+00 0.000000e+00 2.142216e+00 5.000000e+00 
2.143216e+00 2.143216e+00 2.143216e+00 5.000000e+00 2.143216e+00 0.000000e+00 2.143216e+00 5.000000e+00 
2.144216e+00 2.144216e+00 2.144216e+00 5.000000e+00 2.144216e+00 0.000000e+00 2.144216e+00 5.000000e+00 
2.145216e+00 2.145216e+00 2.145216e+00 5.000000e+00 2.145216e+00 0.000000e+00 2.145216e+00 5.000000e+00 
2.146216e+00 2.146216e+00 2.146216e+00 5.000000e+00 2.146216e+00 0.000000e+00 2.146216e+00 5.000000e+00 
2.147216e+00 2.147216e+00 2.147216e+00 5.000000e+00 2.147216e+00 0.000000e+00 2.147216e+00 5.000000e+00 
2.148216e+00 2.148216e+00 2.148216e+00 5.000000e+00 2.148216e+00 0.000000e+00 2.148216e+00 5.000000e+00 
2.149216e+00 2.149216e+00 2.149216e+00 5.000000e+00 2.149216e+00 0.000000e+00 2.149216e+00 5.000000e+00 
2.150216e+00 2.150216e+00 2.150216e+00 5.000000e+00 2.150216e+00 0.000000e+00 2.150216e+00 5.000000e+00 
2.151216e+00 2.151216e+00 2.151216e+00 5.000000e+00 2.151216e+00 0.000000e+00 2.151216e+00 5.000000e+00 
2.152216e+00 2.152216e+00 2.152216e+00 5.000000e+00 2.152216e+00 0.000000e+00 2.152216e+00 5.000000e+00 
2.153216e+00 2.153216e+00 2.153216e+00 5.000000e+00 2.153216e+00 0.000000e+00 2.153216e+00 5.000000e+00 
2.154216e+00 2.154216e+00 2.154216e+00 5.000000e+00 2.154216e+00 0.000000e+00 2.154216e+00 5.000000e+00 
2.155216e+00 2.155216e+00 2.155216e+00 5.000000e+00 2.155216e+00 0.000000e+00 2.155216e+00 5.000000e+00 
2.156216e+00 2.156216e+00 2.156216e+00 5.000000e+00 2.156216e+00 0.000000e+00 2.156216e+00 5.000000e+00 
2.157216e+00 2.157216e+00 2.157216e+00 5.000000e+00 2.157216e+00 0.000000e+00 2.157216e+00 5.000000e+00 
2.158216e+00 2.158216e+00 2.158216e+00 5.000000e+00 2.158216e+00 0.000000e+00 2.158216e+00 5.000000e+00 
2.159216e+00 2.159216e+00 2.159216e+00 5.000000e+00 2.159216e+00 0.000000e+00 2.159216e+00 5.000000e+00 
2.160216e+00 2.160216e+00 2.160216e+00 5.000000e+00 2.160216e+00 0.000000e+00 2.160216e+00 5.000000e+00 
2.161216e+00 2.161216e+00 2.161216e+00 5.000000e+00 2.161216e+00 0.000000e+00 2.161216e+00 5.000000e+00 
2.162216e+00 2.162216e+00 2.162216e+00 5.000000e+00 2.162216e+00 0.000000e+00 2.162216e+00 5.000000e+00 
2.163216e+00 2.163216e+00 2.163216e+00 5.000000e+00 2.163216e+00 0.000000e+00 2.163216e+00 5.000000e+00 
2.164216e+00 2.164216e+00 2.164216e+00 5.000000e+00 2.164216e+00 0.000000e+00 2.164216e+00 5.000000e+00 
2.165216e+00 2.165216e+00 2.165216e+00 5.000000e+00 2.165216e+00 0.000000e+00 2.165216e+00 5.000000e+00 
2.166216e+00 2.166216e+00 2.166216e+00 5.000000e+00 2.166216e+00 0.000000e+00 2.166216e+00 5.000000e+00 
2.167216e+00 2.167216e+00 2.167216e+00 5.000000e+00 2.167216e+00 0.000000e+00 2.167216e+00 5.000000e+00 
2.168216e+00 2.168216e+00 2.168216e+00 5.000000e+00 2.168216e+00 0.000000e+00 2.168216e+00 5.000000e+00 
2.169216e+00 2.169216e+00 2.169216e+00 5.000000e+00 2.169216e+00 0.000000e+00 2.169216e+00 5.000000e+00 
2.170216e+00 2.170216e+00 2.170216e+00 5.000000e+00 2.170216e+00 0.000000e+00 2.170216e+00 5.000000e+00 
2.171216e+00 2.171216e+00 2.171216e+00 5.000000e+00 2.171216e+00 0.000000e+00 2.171216e+00 5.000000e+00 
2.172216e+00 2.172216e+00 2.172216e+00 5.000000e+00 2.172216e+00 0.000000e+00 2.172216e+00 5.000000e+00 
2.173216e+00 2.173216e+00 2.173216e+00 5.000000e+00 2.173216e+00 0.000000e+00 2.173216e+00 5.000000e+00 
2.174216e+00 2.174216e+00 2.174216e+00 5.000000e+00 2.174216e+00 0.000000e+00 2.174216e+00 5.000000e+00 
2.175216e+00 2.175216e+00 2.175216e+00 5.000000e+00 2.175216e+00 0.000000e+00 2.175216e+00 5.000000e+00 
2.176216e+00 2.176216e+00 2.176216e+00 5.000000e+00 2.176216e+00 0.000000e+00 2.176216e+00 5.000000e+00 
2.177216e+00 2.177216e+00 2.177216e+00 5.000000e+00 2.177216e+00 0.000000e+00 2.177216e+00 5.000000e+00 
2.178216e+00 2.178216e+00 2.178216e+00 5.000000e+00 2.178216e+00 0.000000e+00 2.178216e+00 5.000000e+00 
2.179216e+00 2.179216e+00 2.179216e+00 5.000000e+00 2.179216e+00 0.000000e+00 2.179216e+00 5.000000e+00 
2.180216e+00 2.180216e+00 2.180216e+00 5.000000e+00 2.180216e+00 0.000000e+00 2.180216e+00 5.000000e+00 
2.181216e+00 2.181216e+00 2.181216e+00 5.000000e+00 2.181216e+00 0.000000e+00 2.181216e+00 5.000000e+00 
2.182216e+00 2.182216e+00 2.182216e+00 5.000000e+00 2.182216e+00 0.000000e+00 2.182216e+00 5.000000e+00 
2.183216e+00 2.183216e+00 2.183216e+00 5.000000e+00 2.183216e+00 0.000000e+00 2.183216e+00 5.000000e+00 
2.184216e+00 2.184216e+00 2.184216e+00 5.000000e+00 2.184216e+00 0.000000e+00 2.184216e+00 5.000000e+00 
2.185216e+00 2.185216e+00 2.185216e+00 5.000000e+00 2.185216e+00 0.000000e+00 2.185216e+00 5.000000e+00 
2.186216e+00 2.186216e+00 2.186216e+00 5.000000e+00 2.186216e+00 0.000000e+00 2.186216e+00 5.000000e+00 
2.187216e+00 2.187216e+00 2.187216e+00 5.000000e+00 2.187216e+00 0.000000e+00 2.187216e+00 5.000000e+00 
2.188216e+00 2.188216e+00 2.188216e+00 5.000000e+00 2.188216e+00 0.000000e+00 2.188216e+00 5.000000e+00 
2.189216e+00 2.189216e+00 2.189216e+00 5.000000e+00 2.189216e+00 0.000000e+00 2.189216e+00 5.000000e+00 
2.190216e+00 2.190216e+00 2.190216e+00 5.000000e+00 2.190216e+00 0.000000e+00 2.190216e+00 5.000000e+00 
2.191216e+00 2.191216e+00 2.191216e+00 5.000000e+00 2.191216e+00 0.000000e+00 2.191216e+00 5.000000e+00 
2.192216e+00 2.192216e+00 2.192216e+00 5.000000e+00 2.192216e+00 0.000000e+00 2.192216e+00 5.000000e+00 
2.193216e+00 2.193216e+00 2.193216e+00 5.000000e+00 2.193216e+00 0.000000e+00 2.193216e+00 5.000000e+00 
2.194216e+00 2.194216e+00 2.194216e+00 5.000000e+00 2.194216e+00 0.000000e+00 2.194216e+00 5.000000e+00 
2.195216e+00 2.195216e+00 2.195216e+00 5.000000e+00 2.195216e+00 0.000000e+00 2.195216e+00 5.000000e+00 
2.196216e+00 2.196216e+00 2.196216e+00 5.000000e+00 2.196216e+00 0.000000e+00 2.196216e+00 5.000000e+00 
2.197216e+00 2.197216e+00 2.197216e+00 5.000000e+00 2.197216e+00 0.000000e+00 2.197216e+00 5.000000e+00 
2.198216e+00 2.198216e+00 2.198216e+00 5.000000e+00 2.198216e+00 0.000000e+00 2.198216e+00 5.000000e+00 
2.199216e+00 2.199216e+00 2.199216e+00 5.000000e+00 2.199216e+00 0.000000e+00 2.199216e+00 5.000000e+00 
2.200216e+00 2.200216e+00 2.200216e+00 5.000000e+00 2.200216e+00 0.000000e+00 2.200216e+00 5.000000e+00 
2.201216e+00 2.201216e+00 2.201216e+00 5.000000e+00 2.201216e+00 0.000000e+00 2.201216e+00 5.000000e+00 
2.202216e+00 2.202216e+00 2.202216e+00 5.000000e+00 2.202216e+00 0.000000e+00 2.202216e+00 5.000000e+00 
2.203216e+00 2.203216e+00 2.203216e+00 5.000000e+00 2.203216e+00 0.000000e+00 2.203216e+00 5.000000e+00 
2.204216e+00 2.204216e+00 2.204216e+00 5.000000e+00 2.204216e+00 0.000000e+00 2.204216e+00 5.000000e+00 
2.205216e+00 2.205216e+00 2.205216e+00 5.000000e+00 2.205216e+00 0.000000e+00 2.205216e+00 5.000000e+00 
2.206216e+00 2.206216e+00 2.206216e+00 5.000000e+00 2.206216e+00 0.000000e+00 2.206216e+00 5.000000e+00 
2.207216e+00 2.207216e+00 2.207216e+00 5.000000e+00 2.207216e+00 0.000000e+00 2.207216e+00 5.000000e+00 
2.208216e+00 2.208216e+00 2.208216e+00 5.000000e+00 2.208216e+00 0.000000e+00 2.208216e+00 5.000000e+00 
2.209216e+00 2.209216e+00 2.209216e+00 5.000000e+00 2.209216e+00 0.000000e+00 2.209216e+00 5.000000e+00 
2.210216e+00 2.210216e+00 2.210216e+00 5.000000e+00 2.210216e+00 0.000000e+00 2.210216e+00 5.000000e+00 
2.211216e+00 2.211216e+00 2.211216e+00 5.000000e+00 2.211216e+00 0.000000e+00 2.211216e+00 5.000000e+00 
2.212216e+00 2.212216e+00 2.212216e+00 5.000000e+00 2.212216e+00 0.000000e+00 2.212216e+00 5.000000e+00 
2.213216e+00 2.213216e+00 2.213216e+00 5.000000e+00 2.213216e+00 0.000000e+00 2.213216e+00 5.000000e+00 
2.214216e+00 2.214216e+00 2.214216e+00 5.000000e+00 2.214216e+00 0.000000e+00 2.214216e+00 5.000000e+00 
2.215216e+00 2.215216e+00 2.215216e+00 5.000000e+00 2.215216e+00 0.000000e+00 2.215216e+00 5.000000e+00 
2.216216e+00 2.216216e+00 2.216216e+00 5.000000e+00 2.216216e+00 0.000000e+00 2.216216e+00 5.000000e+00 
2.217216e+00 2.217216e+00 2.217216e+00 5.000000e+00 2.217216e+00 0.000000e+00 2.217216e+00 5.000000e+00 
2.218216e+00 2.218216e+00 2.218216e+00 5.000000e+00 2.218216e+00 0.000000e+00 2.218216e+00 5.000000e+00 
2.219216e+00 2.219216e+00 2.219216e+00 5.000000e+00 2.219216e+00 0.000000e+00 2.219216e+00 5.000000e+00 
2.220216e+00 2.220216e+00 2.220216e+00 5.000000e+00 2.220216e+00 0.000000e+00 2.220216e+00 5.000000e+00 
2.221216e+00 2.221216e+00 2.221216e+00 5.000000e+00 2.221216e+00 0.000000e+00 2.221216e+00 5.000000e+00 
2.222216e+00 2.222216e+00 2.222216e+00 5.000000e+00 2.222216e+00 0.000000e+00 2.222216e+00 5.000000e+00 
2.223216e+00 2.223216e+00 2.223216e+00 5.000000e+00 2.223216e+00 0.000000e+00 2.223216e+00 5.000000e+00 
2.224216e+00 2.224216e+00 2.224216e+00 5.000000e+00 2.224216e+00 0.000000e+00 2.224216e+00 5.000000e+00 
2.225216e+00 2.225216e+00 2.225216e+00 5.000000e+00 2.225216e+00 0.000000e+00 2.225216e+00 5.000000e+00 
2.226216e+00 2.226216e+00 2.226216e+00 5.000000e+00 2.226216e+00 0.000000e+00 2.226216e+00 5.000000e+00 
2.227216e+00 2.227216e+00 2.227216e+00 5.000000e+00 2.227216e+00 0.000000e+00 2.227216e+00 5.000000e+00 
2.228216e+00 2.228216e+00 2.228216e+00 5.000000e+00 2.228216e+00 0.000000e+00 2.228216e+00 5.000000e+00 
2.229216e+00 2.229216e+00 2.229216e+00 5.000000e+00 2.229216e+00 0.000000e+00 2.229216e+00 5.000000e+00 
2.230216e+00 2.230216e+00 2.230216e+00 5.000000e+00 2.230216e+00 0.000000e+00 2.230216e+00 5.000000e+00 
2.231216e+00 2.231216e+00 2.231216e+00 5.000000e+00 2.231216e+00 0.000000e+00 2.231216e+00 5.000000e+00 
2.232216e+00 2.232216e+00 2.232216e+00 5.000000e+00 2.232216e+00 0.000000e+00 2.232216e+00 5.000000e+00 
2.233216e+00 2.233216e+00 2.233216e+00 5.000000e+00 2.233216e+00 0.000000e+00 2.233216e+00 5.000000e+00 
2.234216e+00 2.234216e+00 2.234216e+00 5.000000e+00 2.234216e+00 0.000000e+00 2.234216e+00 5.000000e+00 
2.235216e+00 2.235216e+00 2.235216e+00 5.000000e+00 2.235216e+00 0.000000e+00 2.235216e+00 5.000000e+00 
2.236216e+00 2.236216e+00 2.236216e+00 5.000000e+00 2.236216e+00 0.000000e+00 2.236216e+00 5.000000e+00 
2.237216e+00 2.237216e+00 2.237216e+00 5.000000e+00 2.237216e+00 0.000000e+00 2.237216e+00 5.000000e+00 
2.238216e+00 2.238216e+00 2.238216e+00 5.000000e+00 2.238216e+00 0.000000e+00 2.238216e+00 5.000000e+00 
2.239216e+00 2.239216e+00 2.239216e+00 5.000000e+00 2.239216e+00 0.000000e+00 2.239216e+00 5.000000e+00 
2.240216e+00 2.240216e+00 2.240216e+00 5.000000e+00 2.240216e+00 0.000000e+00 2.240216e+00 5.000000e+00 
2.241216e+00 2.241216e+00 2.241216e+00 5.000000e+00 2.241216e+00 0.000000e+00 2.241216e+00 5.000000e+00 
2.242216e+00 2.242216e+00 2.242216e+00 5.000000e+00 2.242216e+00 0.000000e+00 2.242216e+00 5.000000e+00 
2.243216e+00 2.243216e+00 2.243216e+00 5.000000e+00 2.243216e+00 0.000000e+00 2.243216e+00 5.000000e+00 
2.244216e+00 2.244216e+00 2.244216e+00 5.000000e+00 2.244216e+00 0.000000e+00 2.244216e+00 5.000000e+00 
2.245216e+00 2.245216e+00 2.245216e+00 5.000000e+00 2.245216e+00 0.000000e+00 2.245216e+00 5.000000e+00 
2.246216e+00 2.246216e+00 2.246216e+00 5.000000e+00 2.246216e+00 0.000000e+00 2.246216e+00 5.000000e+00 
2.247216e+00 2.247216e+00 2.247216e+00 5.000000e+00 2.247216e+00 0.000000e+00 2.247216e+00 5.000000e+00 
2.248216e+00 2.248216e+00 2.248216e+00 5.000000e+00 2.248216e+00 0.000000e+00 2.248216e+00 5.000000e+00 
2.249216e+00 2.249216e+00 2.249216e+00 5.000000e+00 2.249216e+00 0.000000e+00 2.249216e+00 5.000000e+00 
2.250216e+00 2.250216e+00 2.250216e+00 5.000000e+00 2.250216e+00 0.000000e+00 2.250216e+00 5.000000e+00 
2.251216e+00 2.251216e+00 2.251216e+00 5.000000e+00 2.251216e+00 0.000000e+00 2.251216e+00 5.000000e+00 
2.252216e+00 2.252216e+00 2.252216e+00 5.000000e+00 2.252216e+00 0.000000e+00 2.252216e+00 5.000000e+00 
2.253216e+00 2.253216e+00 2.253216e+00 5.000000e+00 2.253216e+00 0.000000e+00 2.253216e+00 5.000000e+00 
2.254216e+00 2.254216e+00 2.254216e+00 5.000000e+00 2.254216e+00 0.000000e+00 2.254216e+00 5.000000e+00 
2.255216e+00 2.255216e+00 2.255216e+00 5.000000e+00 2.255216e+00 0.000000e+00 2.255216e+00 5.000000e+00 
2.256216e+00 2.256216e+00 2.256216e+00 5.000000e+00 2.256216e+00 0.000000e+00 2.256216e+00 5.000000e+00 
2.257216e+00 2.257216e+00 2.257216e+00 5.000000e+00 2.257216e+00 0.000000e+00 2.257216e+00 5.000000e+00 
2.258216e+00 2.258216e+00 2.258216e+00 5.000000e+00 2.258216e+00 0.000000e+00 2.258216e+00 5.000000e+00 
2.259216e+00 2.259216e+00 2.259216e+00 5.000000e+00 2.259216e+00 0.000000e+00 2.259216e+00 5.000000e+00 
2.260216e+00 2.260216e+00 2.260216e+00 5.000000e+00 2.260216e+00 0.000000e+00 2.260216e+00 5.000000e+00 
2.261216e+00 2.261216e+00 2.261216e+00 5.000000e+00 2.261216e+00 0.000000e+00 2.261216e+00 5.000000e+00 
2.262216e+00 2.262216e+00 2.262216e+00 5.000000e+00 2.262216e+00 0.000000e+00 2.262216e+00 5.000000e+00 
2.263216e+00 2.263216e+00 2.263216e+00 5.000000e+00 2.263216e+00 0.000000e+00 2.263216e+00 5.000000e+00 
2.264216e+00 2.264216e+00 2.264216e+00 5.000000e+00 2.264216e+00 0.000000e+00 2.264216e+00 5.000000e+00 
2.265216e+00 2.265216e+00 2.265216e+00 5.000000e+00 2.265216e+00 0.000000e+00 2.265216e+00 5.000000e+00 
2.266216e+00 2.266216e+00 2.266216e+00 5.000000e+00 2.266216e+00 0.000000e+00 2.266216e+00 5.000000e+00 
2.267216e+00 2.267216e+00 2.267216e+00 5.000000e+00 2.267216e+00 0.000000e+00 2.267216e+00 5.000000e+00 
2.268216e+00 2.268216e+00 2.268216e+00 5.000000e+00 2.268216e+00 0.000000e+00 2.268216e+00 5.000000e+00 
2.269216e+00 2.269216e+00 2.269216e+00 5.000000e+00 2.269216e+00 0.000000e+00 2.269216e+00 5.000000e+00 
2.270216e+00 2.270216e+00 2.270216e+00 5.000000e+00 2.270216e+00 0.000000e+00 2.270216e+00 5.000000e+00 
2.271216e+00 2.271216e+00 2.271216e+00 5.000000e+00 2.271216e+00 0.000000e+00 2.271216e+00 5.000000e+00 
2.272216e+00 2.272216e+00 2.272216e+00 5.000000e+00 2.272216e+00 0.000000e+00 2.272216e+00 5.000000e+00 
2.273216e+00 2.273216e+00 2.273216e+00 5.000000e+00 2.273216e+00 0.000000e+00 2.273216e+00 5.000000e+00 
2.274216e+00 2.274216e+00 2.274216e+00 5.000000e+00 2.274216e+00 0.000000e+00 2.274216e+00 5.000000e+00 
2.275216e+00 2.275216e+00 2.275216e+00 5.000000e+00 2.275216e+00 0.000000e+00 2.275216e+00 5.000000e+00 
2.276216e+00 2.276216e+00 2.276216e+00 5.000000e+00 2.276216e+00 0.000000e+00 2.276216e+00 5.000000e+00 
2.277216e+00 2.277216e+00 2.277216e+00 5.000000e+00 2.277216e+00 0.000000e+00 2.277216e+00 5.000000e+00 
2.278216e+00 2.278216e+00 2.278216e+00 5.000000e+00 2.278216e+00 0.000000e+00 2.278216e+00 5.000000e+00 
2.279216e+00 2.279216e+00 2.279216e+00 5.000000e+00 2.279216e+00 0.000000e+00 2.279216e+00 5.000000e+00 
2.280216e+00 2.280216e+00 2.280216e+00 5.000000e+00 2.280216e+00 0.000000e+00 2.280216e+00 5.000000e+00 
2.281216e+00 2.281216e+00 2.281216e+00 5.000000e+00 2.281216e+00 0.000000e+00 2.281216e+00 5.000000e+00 
2.282216e+00 2.282216e+00 2.282216e+00 5.000000e+00 2.282216e+00 0.000000e+00 2.282216e+00 5.000000e+00 
2.283216e+00 2.283216e+00 2.283216e+00 5.000000e+00 2.283216e+00 0.000000e+00 2.283216e+00 5.000000e+00 
2.284216e+00 2.284216e+00 2.284216e+00 5.000000e+00 2.284216e+00 0.000000e+00 2.284216e+00 5.000000e+00 
2.285216e+00 2.285216e+00 2.285216e+00 5.000000e+00 2.285216e+00 0.000000e+00 2.285216e+00 5.000000e+00 
2.286216e+00 2.286216e+00 2.286216e+00 5.000000e+00 2.286216e+00 0.000000e+00 2.286216e+00 5.000000e+00 
2.287216e+00 2.287216e+00 2.287216e+00 5.000000e+00 2.287216e+00 0.000000e+00 2.287216e+00 5.000000e+00 
2.288216e+00 2.288216e+00 2.288216e+00 5.000000e+00 2.288216e+00 0.000000e+00 2.288216e+00 5.000000e+00 
2.289216e+00 2.289216e+00 2.289216e+00 5.000000e+00 2.289216e+00 0.000000e+00 2.289216e+00 5.000000e+00 
2.290216e+00 2.290216e+00 2.290216e+00 5.000000e+00 2.290216e+00 0.000000e+00 2.290216e+00 5.000000e+00 
2.291216e+00 2.291216e+00 2.291216e+00 5.000000e+00 2.291216e+00 0.000000e+00 2.291216e+00 5.000000e+00 
2.292216e+00 2.292216e+00 2.292216e+00 5.000000e+00 2.292216e+00 0.000000e+00 2.292216e+00 5.000000e+00 
2.293216e+00 2.293216e+00 2.293216e+00 5.000000e+00 2.293216e+00 0.000000e+00 2.293216e+00 5.000000e+00 
2.294216e+00 2.294216e+00 2.294216e+00 5.000000e+00 2.294216e+00 0.000000e+00 2.294216e+00 5.000000e+00 
2.295216e+00 2.295216e+00 2.295216e+00 5.000000e+00 2.295216e+00 0.000000e+00 2.295216e+00 5.000000e+00 
2.296216e+00 2.296216e+00 2.296216e+00 5.000000e+00 2.296216e+00 0.000000e+00 2.296216e+00 5.000000e+00 
2.297216e+00 2.297216e+00 2.297216e+00 5.000000e+00 2.297216e+00 0.000000e+00 2.297216e+00 5.000000e+00 
2.298216e+00 2.298216e+00 2.298216e+00 5.000000e+00 2.298216e+00 0.000000e+00 2.298216e+00 5.000000e+00 
2.299216e+00 2.299216e+00 2.299216e+00 5.000000e+00 2.299216e+00 0.000000e+00 2.299216e+00 5.000000e+00 
2.300216e+00 2.300216e+00 2.300216e+00 5.000000e+00 2.300216e+00 0.000000e+00 2.300216e+00 5.000000e+00 
2.301216e+00 2.301216e+00 2.301216e+00 5.000000e+00 2.301216e+00 0.000000e+00 2.301216e+00 5.000000e+00 
2.302216e+00 2.302216e+00 2.302216e+00 5.000000e+00 2.302216e+00 0.000000e+00 2.302216e+00 5.000000e+00 
2.303216e+00 2.303216e+00 2.303216e+00 5.000000e+00 2.303216e+00 0.000000e+00 2.303216e+00 5.000000e+00 
2.304216e+00 2.304216e+00 2.304216e+00 5.000000e+00 2.304216e+00 0.000000e+00 2.304216e+00 5.000000e+00 
2.305216e+00 2.305216e+00 2.305216e+00 5.000000e+00 2.305216e+00 0.000000e+00 2.305216e+00 5.000000e+00 
2.306216e+00 2.306216e+00 2.306216e+00 5.000000e+00 2.306216e+00 0.000000e+00 2.306216e+00 5.000000e+00 
2.307216e+00 2.307216e+00 2.307216e+00 5.000000e+00 2.307216e+00 0.000000e+00 2.307216e+00 5.000000e+00 
2.308216e+00 2.308216e+00 2.308216e+00 5.000000e+00 2.308216e+00 0.000000e+00 2.308216e+00 5.000000e+00 
2.309216e+00 2.309216e+00 2.309216e+00 5.000000e+00 2.309216e+00 0.000000e+00 2.309216e+00 5.000000e+00 
2.310216e+00 2.310216e+00 2.310216e+00 5.000000e+00 2.310216e+00 0.000000e+00 2.310216e+00 5.000000e+00 
2.311216e+00 2.311216e+00 2.311216e+00 5.000000e+00 2.311216e+00 0.000000e+00 2.311216e+00 5.000000e+00 
2.312216e+00 2.312216e+00 2.312216e+00 5.000000e+00 2.312216e+00 0.000000e+00 2.312216e+00 5.000000e+00 
2.313216e+00 2.313216e+00 2.313216e+00 5.000000e+00 2.313216e+00 0.000000e+00 2.313216e+00 5.000000e+00 
2.314216e+00 2.314216e+00 2.314216e+00 5.000000e+00 2.314216e+00 0.000000e+00 2.314216e+00 5.000000e+00 
2.315216e+00 2.315216e+00 2.315216e+00 5.000000e+00 2.315216e+00 0.000000e+00 2.315216e+00 5.000000e+00 
2.316216e+00 2.316216e+00 2.316216e+00 5.000000e+00 2.316216e+00 0.000000e+00 2.316216e+00 5.000000e+00 
2.317216e+00 2.317216e+00 2.317216e+00 5.000000e+00 2.317216e+00 0.000000e+00 2.317216e+00 5.000000e+00 
2.318216e+00 2.318216e+00 2.318216e+00 5.000000e+00 2.318216e+00 0.000000e+00 2.318216e+00 5.000000e+00 
2.319216e+00 2.319216e+00 2.319216e+00 5.000000e+00 2.319216e+00 0.000000e+00 2.319216e+00 5.000000e+00 
2.320216e+00 2.320216e+00 2.320216e+00 5.000000e+00 2.320216e+00 0.000000e+00 2.320216e+00 5.000000e+00 
2.321216e+00 2.321216e+00 2.321216e+00 5.000000e+00 2.321216e+00 0.000000e+00 2.321216e+00 5.000000e+00 
2.322216e+00 2.322216e+00 2.322216e+00 5.000000e+00 2.322216e+00 0.000000e+00 2.322216e+00 5.000000e+00 
2.323216e+00 2.323216e+00 2.323216e+00 5.000000e+00 2.323216e+00 0.000000e+00 2.323216e+00 5.000000e+00 
2.324216e+00 2.324216e+00 2.324216e+00 5.000000e+00 2.324216e+00 0.000000e+00 2.324216e+00 5.000000e+00 
2.325216e+00 2.325216e+00 2.325216e+00 5.000000e+00 2.325216e+00 0.000000e+00 2.325216e+00 5.000000e+00 
2.326216e+00 2.326216e+00 2.326216e+00 5.000000e+00 2.326216e+00 0.000000e+00 2.326216e+00 5.000000e+00 
2.327216e+00 2.327216e+00 2.327216e+00 5.000000e+00 2.327216e+00 0.000000e+00 2.327216e+00 5.000000e+00 
2.328216e+00 2.328216e+00 2.328216e+00 5.000000e+00 2.328216e+00 0.000000e+00 2.328216e+00 5.000000e+00 
2.329216e+00 2.329216e+00 2.329216e+00 5.000000e+00 2.329216e+00 0.000000e+00 2.329216e+00 5.000000e+00 
2.330216e+00 2.330216e+00 2.330216e+00 5.000000e+00 2.330216e+00 0.000000e+00 2.330216e+00 5.000000e+00 
2.331216e+00 2.331216e+00 2.331216e+00 5.000000e+00 2.331216e+00 0.000000e+00 2.331216e+00 5.000000e+00 
2.332216e+00 2.332216e+00 2.332216e+00 5.000000e+00 2.332216e+00 0.000000e+00 2.332216e+00 5.000000e+00 
2.333216e+00 2.333216e+00 2.333216e+00 5.000000e+00 2.333216e+00 0.000000e+00 2.333216e+00 5.000000e+00 
2.334216e+00 2.334216e+00 2.334216e+00 5.000000e+00 2.334216e+00 0.000000e+00 2.334216e+00 5.000000e+00 
2.335216e+00 2.335216e+00 2.335216e+00 5.000000e+00 2.335216e+00 0.000000e+00 2.335216e+00 5.000000e+00 
2.336216e+00 2.336216e+00 2.336216e+00 5.000000e+00 2.336216e+00 0.000000e+00 2.336216e+00 5.000000e+00 
2.337216e+00 2.337216e+00 2.337216e+00 5.000000e+00 2.337216e+00 0.000000e+00 2.337216e+00 5.000000e+00 
2.338216e+00 2.338216e+00 2.338216e+00 5.000000e+00 2.338216e+00 0.000000e+00 2.338216e+00 5.000000e+00 
2.339216e+00 2.339216e+00 2.339216e+00 5.000000e+00 2.339216e+00 0.000000e+00 2.339216e+00 5.000000e+00 
2.340216e+00 2.340216e+00 2.340216e+00 5.000000e+00 2.340216e+00 0.000000e+00 2.340216e+00 5.000000e+00 
2.341216e+00 2.341216e+00 2.341216e+00 5.000000e+00 2.341216e+00 0.000000e+00 2.341216e+00 5.000000e+00 
2.342216e+00 2.342216e+00 2.342216e+00 5.000000e+00 2.342216e+00 0.000000e+00 2.342216e+00 5.000000e+00 
2.343216e+00 2.343216e+00 2.343216e+00 5.000000e+00 2.343216e+00 0.000000e+00 2.343216e+00 5.000000e+00 
2.344216e+00 2.344216e+00 2.344216e+00 5.000000e+00 2.344216e+00 0.000000e+00 2.344216e+00 5.000000e+00 
2.345216e+00 2.345216e+00 2.345216e+00 5.000000e+00 2.345216e+00 0.000000e+00 2.345216e+00 5.000000e+00 
2.346216e+00 2.346216e+00 2.346216e+00 5.000000e+00 2.346216e+00 0.000000e+00 2.346216e+00 5.000000e+00 
2.347216e+00 2.347216e+00 2.347216e+00 5.000000e+00 2.347216e+00 0.000000e+00 2.347216e+00 5.000000e+00 
2.348216e+00 2.348216e+00 2.348216e+00 5.000000e+00 2.348216e+00 0.000000e+00 2.348216e+00 5.000000e+00 
2.349216e+00 2.349216e+00 2.349216e+00 5.000000e+00 2.349216e+00 0.000000e+00 2.349216e+00 5.000000e+00 
2.350216e+00 2.350216e+00 2.350216e+00 5.000000e+00 2.350216e+00 0.000000e+00 2.350216e+00 5.000000e+00 
2.351216e+00 2.351216e+00 2.351216e+00 5.000000e+00 2.351216e+00 0.000000e+00 2.351216e+00 5.000000e+00 
2.352216e+00 2.352216e+00 2.352216e+00 5.000000e+00 2.352216e+00 0.000000e+00 2.352216e+00 5.000000e+00 
2.353216e+00 2.353216e+00 2.353216e+00 5.000000e+00 2.353216e+00 0.000000e+00 2.353216e+00 5.000000e+00 
2.354216e+00 2.354216e+00 2.354216e+00 5.000000e+00 2.354216e+00 0.000000e+00 2.354216e+00 5.000000e+00 
2.355216e+00 2.355216e+00 2.355216e+00 5.000000e+00 2.355216e+00 0.000000e+00 2.355216e+00 5.000000e+00 
2.356216e+00 2.356216e+00 2.356216e+00 5.000000e+00 2.356216e+00 0.000000e+00 2.356216e+00 5.000000e+00 
2.357216e+00 2.357216e+00 2.357216e+00 5.000000e+00 2.357216e+00 0.000000e+00 2.357216e+00 5.000000e+00 
2.358216e+00 2.358216e+00 2.358216e+00 5.000000e+00 2.358216e+00 0.000000e+00 2.358216e+00 5.000000e+00 
2.359216e+00 2.359216e+00 2.359216e+00 5.000000e+00 2.359216e+00 0.000000e+00 2.359216e+00 5.000000e+00 
2.360216e+00 2.360216e+00 2.360216e+00 5.000000e+00 2.360216e+00 0.000000e+00 2.360216e+00 5.000000e+00 
2.361216e+00 2.361216e+00 2.361216e+00 5.000000e+00 2.361216e+00 0.000000e+00 2.361216e+00 5.000000e+00 
2.362216e+00 2.362216e+00 2.362216e+00 5.000000e+00 2.362216e+00 0.000000e+00 2.362216e+00 5.000000e+00 
2.363216e+00 2.363216e+00 2.363216e+00 5.000000e+00 2.363216e+00 0.000000e+00 2.363216e+00 5.000000e+00 
2.364216e+00 2.364216e+00 2.364216e+00 5.000000e+00 2.364216e+00 0.000000e+00 2.364216e+00 5.000000e+00 
2.365216e+00 2.365216e+00 2.365216e+00 5.000000e+00 2.365216e+00 0.000000e+00 2.365216e+00 5.000000e+00 
2.366216e+00 2.366216e+00 2.366216e+00 5.000000e+00 2.366216e+00 0.000000e+00 2.366216e+00 5.000000e+00 
2.367216e+00 2.367216e+00 2.367216e+00 5.000000e+00 2.367216e+00 0.000000e+00 2.367216e+00 5.000000e+00 
2.368216e+00 2.368216e+00 2.368216e+00 5.000000e+00 2.368216e+00 0.000000e+00 2.368216e+00 5.000000e+00 
2.369216e+00 2.369216e+00 2.369216e+00 5.000000e+00 2.369216e+00 0.000000e+00 2.369216e+00 5.000000e+00 
2.370216e+00 2.370216e+00 2.370216e+00 5.000000e+00 2.370216e+00 0.000000e+00 2.370216e+00 5.000000e+00 
2.371216e+00 2.371216e+00 2.371216e+00 5.000000e+00 2.371216e+00 0.000000e+00 2.371216e+00 5.000000e+00 
2.372216e+00 2.372216e+00 2.372216e+00 5.000000e+00 2.372216e+00 0.000000e+00 2.372216e+00 5.000000e+00 
2.373216e+00 2.373216e+00 2.373216e+00 5.000000e+00 2.373216e+00 0.000000e+00 2.373216e+00 5.000000e+00 
2.374216e+00 2.374216e+00 2.374216e+00 5.000000e+00 2.374216e+00 0.000000e+00 2.374216e+00 5.000000e+00 
2.375216e+00 2.375216e+00 2.375216e+00 5.000000e+00 2.375216e+00 0.000000e+00 2.375216e+00 5.000000e+00 
2.376216e+00 2.376216e+00 2.376216e+00 5.000000e+00 2.376216e+00 0.000000e+00 2.376216e+00 5.000000e+00 
2.377216e+00 2.377216e+00 2.377216e+00 5.000000e+00 2.377216e+00 0.000000e+00 2.377216e+00 5.000000e+00 
2.378216e+00 2.378216e+00 2.378216e+00 5.000000e+00 2.378216e+00 0.000000e+00 2.378216e+00 5.000000e+00 
2.379216e+00 2.379216e+00 2.379216e+00 5.000000e+00 2.379216e+00 0.000000e+00 2.379216e+00 5.000000e+00 
2.380216e+00 2.380216e+00 2.380216e+00 5.000000e+00 2.380216e+00 0.000000e+00 2.380216e+00 5.000000e+00 
2.381216e+00 2.381216e+00 2.381216e+00 5.000000e+00 2.381216e+00 0.000000e+00 2.381216e+00 5.000000e+00 
2.382216e+00 2.382216e+00 2.382216e+00 5.000000e+00 2.382216e+00 0.000000e+00 2.382216e+00 5.000000e+00 
2.383216e+00 2.383216e+00 2.383216e+00 5.000000e+00 2.383216e+00 0.000000e+00 2.383216e+00 5.000000e+00 
2.384216e+00 2.384216e+00 2.384216e+00 5.000000e+00 2.384216e+00 0.000000e+00 2.384216e+00 5.000000e+00 
2.385216e+00 2.385216e+00 2.385216e+00 5.000000e+00 2.385216e+00 0.000000e+00 2.385216e+00 5.000000e+00 
2.386216e+00 2.386216e+00 2.386216e+00 5.000000e+00 2.386216e+00 0.000000e+00 2.386216e+00 5.000000e+00 
2.387216e+00 2.387216e+00 2.387216e+00 5.000000e+00 2.387216e+00 0.000000e+00 2.387216e+00 5.000000e+00 
2.388216e+00 2.388216e+00 2.388216e+00 5.000000e+00 2.388216e+00 0.000000e+00 2.388216e+00 5.000000e+00 
2.389216e+00 2.389216e+00 2.389216e+00 5.000000e+00 2.389216e+00 0.000000e+00 2.389216e+00 5.000000e+00 
2.390216e+00 2.390216e+00 2.390216e+00 5.000000e+00 2.390216e+00 0.000000e+00 2.390216e+00 5.000000e+00 
2.391216e+00 2.391216e+00 2.391216e+00 5.000000e+00 2.391216e+00 0.000000e+00 2.391216e+00 5.000000e+00 
2.392216e+00 2.392216e+00 2.392216e+00 5.000000e+00 2.392216e+00 0.000000e+00 2.392216e+00 5.000000e+00 
2.393216e+00 2.393216e+00 2.393216e+00 5.000000e+00 2.393216e+00 0.000000e+00 2.393216e+00 5.000000e+00 
2.394216e+00 2.394216e+00 2.394216e+00 5.000000e+00 2.394216e+00 0.000000e+00 2.394216e+00 5.000000e+00 
2.395216e+00 2.395216e+00 2.395216e+00 5.000000e+00 2.395216e+00 0.000000e+00 2.395216e+00 5.000000e+00 
2.396216e+00 2.396216e+00 2.396216e+00 5.000000e+00 2.396216e+00 0.000000e+00 2.396216e+00 5.000000e+00 
2.397216e+00 2.397216e+00 2.397216e+00 5.000000e+00 2.397216e+00 0.000000e+00 2.397216e+00 5.000000e+00 
2.398216e+00 2.398216e+00 2.398216e+00 5.000000e+00 2.398216e+00 0.000000e+00 2.398216e+00 5.000000e+00 
2.399216e+00 2.399216e+00 2.399216e+00 5.000000e+00 2.399216e+00 0.000000e+00 2.399216e+00 5.000000e+00 
2.400216e+00 2.400216e+00 2.400216e+00 5.000000e+00 2.400216e+00 0.000000e+00 2.400216e+00 5.000000e+00 
2.401216e+00 2.401216e+00 2.401216e+00 5.000000e+00 2.401216e+00 0.000000e+00 2.401216e+00 5.000000e+00 
2.402216e+00 2.402216e+00 2.402216e+00 5.000000e+00 2.402216e+00 0.000000e+00 2.402216e+00 5.000000e+00 
2.403216e+00 2.403216e+00 2.403216e+00 5.000000e+00 2.403216e+00 0.000000e+00 2.403216e+00 5.000000e+00 
2.404216e+00 2.404216e+00 2.404216e+00 5.000000e+00 2.404216e+00 0.000000e+00 2.404216e+00 5.000000e+00 
2.405216e+00 2.405216e+00 2.405216e+00 5.000000e+00 2.405216e+00 0.000000e+00 2.405216e+00 5.000000e+00 
2.406216e+00 2.406216e+00 2.406216e+00 5.000000e+00 2.406216e+00 0.000000e+00 2.406216e+00 5.000000e+00 
2.407216e+00 2.407216e+00 2.407216e+00 5.000000e+00 2.407216e+00 0.000000e+00 2.407216e+00 5.000000e+00 
2.408216e+00 2.408216e+00 2.408216e+00 5.000000e+00 2.408216e+00 0.000000e+00 2.408216e+00 5.000000e+00 
2.409216e+00 2.409216e+00 2.409216e+00 5.000000e+00 2.409216e+00 0.000000e+00 2.409216e+00 5.000000e+00 
2.410216e+00 2.410216e+00 2.410216e+00 5.000000e+00 2.410216e+00 0.000000e+00 2.410216e+00 5.000000e+00 
2.411216e+00 2.411216e+00 2.411216e+00 5.000000e+00 2.411216e+00 0.000000e+00 2.411216e+00 5.000000e+00 
2.412216e+00 2.412216e+00 2.412216e+00 5.000000e+00 2.412216e+00 0.000000e+00 2.412216e+00 5.000000e+00 
2.413216e+00 2.413216e+00 2.413216e+00 5.000000e+00 2.413216e+00 0.000000e+00 2.413216e+00 5.000000e+00 
2.414216e+00 2.414216e+00 2.414216e+00 5.000000e+00 2.414216e+00 0.000000e+00 2.414216e+00 5.000000e+00 
2.415216e+00 2.415216e+00 2.415216e+00 5.000000e+00 2.415216e+00 0.000000e+00 2.415216e+00 5.000000e+00 
2.416216e+00 2.416216e+00 2.416216e+00 5.000000e+00 2.416216e+00 0.000000e+00 2.416216e+00 5.000000e+00 
2.417216e+00 2.417216e+00 2.417216e+00 5.000000e+00 2.417216e+00 0.000000e+00 2.417216e+00 5.000000e+00 
2.418216e+00 2.418216e+00 2.418216e+00 5.000000e+00 2.418216e+00 0.000000e+00 2.418216e+00 5.000000e+00 
2.419216e+00 2.419216e+00 2.419216e+00 5.000000e+00 2.419216e+00 0.000000e+00 2.419216e+00 5.000000e+00 
2.420216e+00 2.420216e+00 2.420216e+00 5.000000e+00 2.420216e+00 0.000000e+00 2.420216e+00 5.000000e+00 
2.421216e+00 2.421216e+00 2.421216e+00 5.000000e+00 2.421216e+00 0.000000e+00 2.421216e+00 5.000000e+00 
2.422216e+00 2.422216e+00 2.422216e+00 5.000000e+00 2.422216e+00 0.000000e+00 2.422216e+00 5.000000e+00 
2.423216e+00 2.423216e+00 2.423216e+00 5.000000e+00 2.423216e+00 0.000000e+00 2.423216e+00 5.000000e+00 
2.424216e+00 2.424216e+00 2.424216e+00 5.000000e+00 2.424216e+00 0.000000e+00 2.424216e+00 5.000000e+00 
2.425216e+00 2.425216e+00 2.425216e+00 5.000000e+00 2.425216e+00 0.000000e+00 2.425216e+00 5.000000e+00 
2.426216e+00 2.426216e+00 2.426216e+00 5.000000e+00 2.426216e+00 0.000000e+00 2.426216e+00 5.000000e+00 
2.427216e+00 2.427216e+00 2.427216e+00 5.000000e+00 2.427216e+00 0.000000e+00 2.427216e+00 5.000000e+00 
2.428216e+00 2.428216e+00 2.428216e+00 5.000000e+00 2.428216e+00 0.000000e+00 2.428216e+00 5.000000e+00 
2.429216e+00 2.429216e+00 2.429216e+00 5.000000e+00 2.429216e+00 0.000000e+00 2.429216e+00 5.000000e+00 
2.430216e+00 2.430216e+00 2.430216e+00 5.000000e+00 2.430216e+00 0.000000e+00 2.430216e+00 5.000000e+00 
2.431216e+00 2.431216e+00 2.431216e+00 5.000000e+00 2.431216e+00 0.000000e+00 2.431216e+00 5.000000e+00 
2.432216e+00 2.432216e+00 2.432216e+00 5.000000e+00 2.432216e+00 0.000000e+00 2.432216e+00 5.000000e+00 
2.433216e+00 2.433216e+00 2.433216e+00 5.000000e+00 2.433216e+00 0.000000e+00 2.433216e+00 5.000000e+00 
2.434216e+00 2.434216e+00 2.434216e+00 5.000000e+00 2.434216e+00 0.000000e+00 2.434216e+00 5.000000e+00 
2.435216e+00 2.435216e+00 2.435216e+00 5.000000e+00 2.435216e+00 0.000000e+00 2.435216e+00 5.000000e+00 
2.436216e+00 2.436216e+00 2.436216e+00 5.000000e+00 2.436216e+00 0.000000e+00 2.436216e+00 5.000000e+00 
2.437216e+00 2.437216e+00 2.437216e+00 5.000000e+00 2.437216e+00 0.000000e+00 2.437216e+00 5.000000e+00 
2.438216e+00 2.438216e+00 2.438216e+00 5.000000e+00 2.438216e+00 0.000000e+00 2.438216e+00 5.000000e+00 
2.439216e+00 2.439216e+00 2.439216e+00 5.000000e+00 2.439216e+00 0.000000e+00 2.439216e+00 5.000000e+00 
2.440216e+00 2.440216e+00 2.440216e+00 5.000000e+00 2.440216e+00 0.000000e+00 2.440216e+00 5.000000e+00 
2.441216e+00 2.441216e+00 2.441216e+00 5.000000e+00 2.441216e+00 0.000000e+00 2.441216e+00 5.000000e+00 
2.442216e+00 2.442216e+00 2.442216e+00 5.000000e+00 2.442216e+00 0.000000e+00 2.442216e+00 5.000000e+00 
2.443216e+00 2.443216e+00 2.443216e+00 5.000000e+00 2.443216e+00 0.000000e+00 2.443216e+00 5.000000e+00 
2.444216e+00 2.444216e+00 2.444216e+00 5.000000e+00 2.444216e+00 0.000000e+00 2.444216e+00 5.000000e+00 
2.445216e+00 2.445216e+00 2.445216e+00 5.000000e+00 2.445216e+00 0.000000e+00 2.445216e+00 5.000000e+00 
2.446216e+00 2.446216e+00 2.446216e+00 5.000000e+00 2.446216e+00 0.000000e+00 2.446216e+00 5.000000e+00 
2.447216e+00 2.447216e+00 2.447216e+00 5.000000e+00 2.447216e+00 0.000000e+00 2.447216e+00 5.000000e+00 
2.448216e+00 2.448216e+00 2.448216e+00 5.000000e+00 2.448216e+00 0.000000e+00 2.448216e+00 5.000000e+00 
2.449216e+00 2.449216e+00 2.449216e+00 5.000000e+00 2.449216e+00 0.000000e+00 2.449216e+00 5.000000e+00 
2.450216e+00 2.450216e+00 2.450216e+00 5.000000e+00 2.450216e+00 0.000000e+00 2.450216e+00 5.000000e+00 
2.451216e+00 2.451216e+00 2.451216e+00 5.000000e+00 2.451216e+00 0.000000e+00 2.451216e+00 5.000000e+00 
2.452216e+00 2.452216e+00 2.452216e+00 5.000000e+00 2.452216e+00 0.000000e+00 2.452216e+00 5.000000e+00 
2.453216e+00 2.453216e+00 2.453216e+00 5.000000e+00 2.453216e+00 0.000000e+00 2.453216e+00 5.000000e+00 
2.454216e+00 2.454216e+00 2.454216e+00 5.000000e+00 2.454216e+00 0.000000e+00 2.454216e+00 5.000000e+00 
2.455216e+00 2.455216e+00 2.455216e+00 5.000000e+00 2.455216e+00 0.000000e+00 2.455216e+00 5.000000e+00 
2.456216e+00 2.456216e+00 2.456216e+00 5.000000e+00 2.456216e+00 0.000000e+00 2.456216e+00 5.000000e+00 
2.457216e+00 2.457216e+00 2.457216e+00 5.000000e+00 2.457216e+00 0.000000e+00 2.457216e+00 5.000000e+00 
2.458216e+00 2.458216e+00 2.458216e+00 5.000000e+00 2.458216e+00 0.000000e+00 2.458216e+00 5.000000e+00 
2.459216e+00 2.459216e+00 2.459216e+00 5.000000e+00 2.459216e+00 0.000000e+00 2.459216e+00 5.000000e+00 
2.460216e+00 2.460216e+00 2.460216e+00 5.000000e+00 2.460216e+00 0.000000e+00 2.460216e+00 5.000000e+00 
2.461216e+00 2.461216e+00 2.461216e+00 5.000000e+00 2.461216e+00 0.000000e+00 2.461216e+00 5.000000e+00 
2.462216e+00 2.462216e+00 2.462216e+00 5.000000e+00 2.462216e+00 0.000000e+00 2.462216e+00 5.000000e+00 
2.463216e+00 2.463216e+00 2.463216e+00 5.000000e+00 2.463216e+00 0.000000e+00 2.463216e+00 5.000000e+00 
2.464216e+00 2.464216e+00 2.464216e+00 5.000000e+00 2.464216e+00 0.000000e+00 2.464216e+00 5.000000e+00 
2.465216e+00 2.465216e+00 2.465216e+00 5.000000e+00 2.465216e+00 0.000000e+00 2.465216e+00 5.000000e+00 
2.466216e+00 2.466216e+00 2.466216e+00 5.000000e+00 2.466216e+00 0.000000e+00 2.466216e+00 5.000000e+00 
2.467216e+00 2.467216e+00 2.467216e+00 5.000000e+00 2.467216e+00 0.000000e+00 2.467216e+00 5.000000e+00 
2.468216e+00 2.468216e+00 2.468216e+00 5.000000e+00 2.468216e+00 0.000000e+00 2.468216e+00 5.000000e+00 
2.469216e+00 2.469216e+00 2.469216e+00 5.000000e+00 2.469216e+00 0.000000e+00 2.469216e+00 5.000000e+00 
2.470216e+00 2.470216e+00 2.470216e+00 5.000000e+00 2.470216e+00 0.000000e+00 2.470216e+00 5.000000e+00 
2.471216e+00 2.471216e+00 2.471216e+00 5.000000e+00 2.471216e+00 0.000000e+00 2.471216e+00 5.000000e+00 
2.472216e+00 2.472216e+00 2.472216e+00 5.000000e+00 2.472216e+00 0.000000e+00 2.472216e+00 5.000000e+00 
2.473216e+00 2.473216e+00 2.473216e+00 5.000000e+00 2.473216e+00 0.000000e+00 2.473216e+00 5.000000e+00 
2.474216e+00 2.474216e+00 2.474216e+00 5.000000e+00 2.474216e+00 0.000000e+00 2.474216e+00 5.000000e+00 
2.475216e+00 2.475216e+00 2.475216e+00 5.000000e+00 2.475216e+00 0.000000e+00 2.475216e+00 5.000000e+00 
2.476216e+00 2.476216e+00 2.476216e+00 5.000000e+00 2.476216e+00 0.000000e+00 2.476216e+00 5.000000e+00 
2.477216e+00 2.477216e+00 2.477216e+00 5.000000e+00 2.477216e+00 0.000000e+00 2.477216e+00 5.000000e+00 
2.478216e+00 2.478216e+00 2.478216e+00 5.000000e+00 2.478216e+00 0.000000e+00 2.478216e+00 5.000000e+00 
2.479216e+00 2.479216e+00 2.479216e+00 5.000000e+00 2.479216e+00 0.000000e+00 2.479216e+00 5.000000e+00 
2.480216e+00 2.480216e+00 2.480216e+00 5.000000e+00 2.480216e+00 0.000000e+00 2.480216e+00 5.000000e+00 
2.481216e+00 2.481216e+00 2.481216e+00 5.000000e+00 2.481216e+00 0.000000e+00 2.481216e+00 5.000000e+00 
2.482216e+00 2.482216e+00 2.482216e+00 5.000000e+00 2.482216e+00 0.000000e+00 2.482216e+00 5.000000e+00 
2.483216e+00 2.483216e+00 2.483216e+00 5.000000e+00 2.483216e+00 0.000000e+00 2.483216e+00 5.000000e+00 
2.484216e+00 2.484216e+00 2.484216e+00 5.000000e+00 2.484216e+00 0.000000e+00 2.484216e+00 5.000000e+00 
2.485216e+00 2.485216e+00 2.485216e+00 5.000000e+00 2.485216e+00 0.000000e+00 2.485216e+00 5.000000e+00 
2.486216e+00 2.486216e+00 2.486216e+00 5.000000e+00 2.486216e+00 0.000000e+00 2.486216e+00 5.000000e+00 
2.487216e+00 2.487216e+00 2.487216e+00 5.000000e+00 2.487216e+00 0.000000e+00 2.487216e+00 5.000000e+00 
2.488216e+00 2.488216e+00 2.488216e+00 5.000000e+00 2.488216e+00 0.000000e+00 2.488216e+00 5.000000e+00 
2.489216e+00 2.489216e+00 2.489216e+00 5.000000e+00 2.489216e+00 0.000000e+00 2.489216e+00 5.000000e+00 
2.490216e+00 2.490216e+00 2.490216e+00 5.000000e+00 2.490216e+00 0.000000e+00 2.490216e+00 5.000000e+00 
2.491216e+00 2.491216e+00 2.491216e+00 5.000000e+00 2.491216e+00 0.000000e+00 2.491216e+00 5.000000e+00 
2.492216e+00 2.492216e+00 2.492216e+00 5.000000e+00 2.492216e+00 0.000000e+00 2.492216e+00 5.000000e+00 
2.493216e+00 2.493216e+00 2.493216e+00 5.000000e+00 2.493216e+00 0.000000e+00 2.493216e+00 5.000000e+00 
2.494216e+00 2.494216e+00 2.494216e+00 5.000000e+00 2.494216e+00 0.000000e+00 2.494216e+00 5.000000e+00 
2.495216e+00 2.495216e+00 2.495216e+00 5.000000e+00 2.495216e+00 0.000000e+00 2.495216e+00 5.000000e+00 
2.496216e+00 2.496216e+00 2.496216e+00 5.000000e+00 2.496216e+00 0.000000e+00 2.496216e+00 5.000000e+00 
2.497216e+00 2.497216e+00 2.497216e+00 5.000000e+00 2.497216e+00 0.000000e+00 2.497216e+00 5.000000e+00 
2.498216e+00 2.498216e+00 2.498216e+00 5.000000e+00 2.498216e+00 0.000000e+00 2.498216e+00 5.000000e+00 
2.499216e+00 2.499216e+00 2.499216e+00 5.000000e+00 2.499216e+00 0.000000e+00 2.499216e+00 5.000000e+00 
2.499767e+00 2.499767e+00 2.499767e+00 5.000000e+00 2.499767e+00 0.000000e+00 2.499767e+00 5.000000e+00 
2.500037e+00 2.500037e+00 2.500037e+00 5.000000e+00 2.500037e+00 0.000000e+00 2.500037e+00 5.000000e+00 
2.500157e+00 2.500157e+00 2.500157e+00 5.000000e+00 2.500157e+00 0.000000e+00 2.500157e+00 5.000000e+00 
2.500200e+00 2.500200e+00 2.500200e+00 5.000000e+00 2.500200e+00 0.000000e+00 2.500200e+00 5.000000e+00 
2.500200e+00 2.500200e+00 2.500200e+00 5.000000e+00 2.500200e+00 0.000000e+00 2.500200e+00 5.000000e+00 
2.500200e+00 2.500200e+00 2.500200e+00 5.000000e+00 2.500200e+00 0.000000e+00 2.500200e+00 5.000000e+00 
2.500200e+00 2.500200e+00 2.500200e+00 5.000000e+00 2.500200e+00 0.000000e+00 2.500200e+00 5.000000e+00 
2.500200e+00 2.500200e+00 2.500200e+00 5.000000e+00 2.500200e+00 0.000000e+00 2.500200e+00 5.000000e+00 
2.500200e+00 2.500200e+00 2.500200e+00 5.000000e+00 2.500200e+00 2.400000e+00 2.500200e+00 5.000000e+00 
2.500200e+00 2.500200e+00 2.500200e+00 5.000000e+00 2.500200e+00 5.000000e+00 2.500200e+00 5.000000e+00 
2.500200e+00 2.500200e+00 2.500200e+00 5.000000e+00 2.500200e+00 5.000000e+00 2.500200e+00 5.000000e+00 
2.500200e+00 2.500200e+00 2.500200e+00 5.000000e+00 2.500200e+00 5.000000e+00 2.500200e+00 5.000000e+00 
2.500200e+00 2.500200e+00 2.500200e+00 5.000000e+00 2.500200e+00 5.000000e+00 2.500200e+00 5.000000e+00 
2.500200e+00 2.500200e+00 2.500200e+00 1.160001e+00 2.500200e+00 1.160001e+00 2.500200e+00 5.000000e+00 
2.500200e+00 2.500200e+00 2.500200e+00 0.000000e+00 2.500200e+00 0.000000e+00 2.500200e+00 5.000000e+00 
2.500200e+00 2.500200e+00 2.500200e+00 0.000000e+00 2.500200e+00 0.000000e+00 2.500200e+00 5.000000e+00 
2.500200e+00 2.500200e+00 2.500200e+00 0.000000e+00 2.500200e+00 0.000000e+00 2.500200e+00 5.000000e+00 
2.500200e+00 2.500200e+00 2.500200e+00 0.000000e+00 2.500200e+00 0.000000e+00 2.500200e+00 5.000000e+00 
2.500200e+00 2.500200e+00 2.500200e+00 0.000000e+00 2.500200e+00 0.000000e+00 2.500200e+00 5.000000e+00 
2.500200e+00 2.500200e+00 2.500200e+00 0.000000e+00 2.500200e+00 0.000000e+00 2.500200e+00 5.000000e+00 
2.500200e+00 2.500200e+00 2.500200e+00 0.000000e+00 2.500200e+00 0.000000e+00 2.500200e+00 5.000000e+00 
2.500200e+00 2.500200e+00 2.500200e+00 0.000000e+00 2.500200e+00 0.000000e+00 2.500200e+00 5.000000e+00 
2.500201e+00 2.500201e+00 2.500201e+00 0.000000e+00 2.500201e+00 0.000000e+00 2.500201e+00 5.000000e+00 
2.500201e+00 2.500201e+00 2.500201e+00 0.000000e+00 2.500201e+00 0.000000e+00 2.500201e+00 5.000000e+00 
2.500202e+00 2.500202e+00 2.500202e+00 0.000000e+00 2.500202e+00 0.000000e+00 2.500202e+00 5.000000e+00 
2.500202e+00 2.500202e+00 2.500202e+00 0.000000e+00 2.500202e+00 0.000000e+00 2.500202e+00 5.000000e+00 
2.500203e+00 2.500203e+00 2.500203e+00 0.000000e+00 2.500203e+00 0.000000e+00 2.500203e+00 5.000000e+00 
2.500204e+00 2.500204e+00 2.500204e+00 0.000000e+00 2.500204e+00 0.000000e+00 2.500204e+00 5.000000e+00 
2.500206e+00 2.500206e+00 2.500206e+00 0.000000e+00 2.500206e+00 0.000000e+00 2.500206e+00 5.000000e+00 
2.500208e+00 2.500208e+00 2.500208e+00 0.000000e+00 2.500208e+00 0.000000e+00 2.500208e+00 5.000000e+00 
2.500214e+00 2.500214e+00 2.500214e+00 0.000000e+00 2.500214e+00 0.000000e+00 2.500214e+00 5.000000e+00 
2.500225e+00 2.500225e+00 2.500225e+00 0.000000e+00 2.500225e+00 0.000000e+00 2.500225e+00 5.000000e+00 
2.500247e+00 2.500247e+00 2.500247e+00 0.000000e+00 2.500247e+00 0.000000e+00 2.500247e+00 5.000000e+00 
2.500278e+00 2.500278e+00 2.500278e+00 0.000000e+00 2.500278e+00 0.000000e+00 2.500278e+00 5.000000e+00 
2.500332e+00 2.500332e+00 2.500332e+00 0.000000e+00 2.500332e+00 0.000000e+00 2.500332e+00 5.000000e+00 
2.500440e+00 2.500440e+00 2.500440e+00 0.000000e+00 2.500440e+00 0.000000e+00 2.500440e+00 5.000000e+00 
2.500656e+00 2.500656e+00 2.500656e+00 0.000000e+00 2.500656e+00 0.000000e+00 2.500656e+00 5.000000e+00 
2.501087e+00 2.501087e+00 2.501087e+00 0.000000e+00 2.501087e+00 0.000000e+00 2.501087e+00 5.000000e+00 
2.501760e+00 2.501760e+00 2.501760e+00 0.000000e+00 2.501760e+00 0.000000e+00 2.501760e+00 5.000000e+00 
2.502760e+00 2.502760e+00 2.502760e+00 0.000000e+00 2.502760e+00 0.000000e+00 2.502760e+00 5.000000e+00 
2.503760e+00 2.503760e+00 2.503760e+00 0.000000e+00 2.503760e+00 0.000000e+00 2.503760e+00 5.000000e+00 
2.504760e+00 2.504760e+00 2.504760e+00 0.000000e+00 2.504760e+00 0.000000e+00 2.504760e+00 5.000000e+00 
2.505760e+00 2.505760e+00 2.505760e+00 0.000000e+00 2.505760e+00 0.000000e+00 2.505760e+00 5.000000e+00 
2.506760e+00 2.506760e+00 2.506760e+00 0.000000e+00 2.506760e+00 0.000000e+00 2.506760e+00 5.000000e+00 
2.507760e+00 2.507760e+00 2.507760e+00 0.000000e+00 2.507760e+00 0.000000e+00 2.507760e+00 5.000000e+00 
2.508760e+00 2.508760e+00 2.508760e+00 0.000000e+00 2.508760e+00 0.000000e+00 2.508760e+00 5.000000e+00 
2.509760e+00 2.509760e+00 2.509760e+00 0.000000e+00 2.509760e+00 0.000000e+00 2.509760e+00 5.000000e+00 
2.510760e+00 2.510760e+00 2.510760e+00 0.000000e+00 2.510760e+00 0.000000e+00 2.510760e+00 5.000000e+00 
2.511760e+00 2.511760e+00 2.511760e+00 0.000000e+00 2.511760e+00 0.000000e+00 2.511760e+00 5.000000e+00 
2.512760e+00 2.512760e+00 2.512760e+00 0.000000e+00 2.512760e+00 0.000000e+00 2.512760e+00 5.000000e+00 
2.513760e+00 2.513760e+00 2.513760e+00 0.000000e+00 2.513760e+00 0.000000e+00 2.513760e+00 5.000000e+00 
2.514760e+00 2.514760e+00 2.514760e+00 0.000000e+00 2.514760e+00 0.000000e+00 2.514760e+00 5.000000e+00 
2.515760e+00 2.515760e+00 2.515760e+00 0.000000e+00 2.515760e+00 0.000000e+00 2.515760e+00 5.000000e+00 
2.516760e+00 2.516760e+00 2.516760e+00 0.000000e+00 2.516760e+00 0.000000e+00 2.516760e+00 5.000000e+00 
2.517760e+00 2.517760e+00 2.517760e+00 0.000000e+00 2.517760e+00 0.000000e+00 2.517760e+00 5.000000e+00 
2.518760e+00 2.518760e+00 2.518760e+00 0.000000e+00 2.518760e+00 0.000000e+00 2.518760e+00 5.000000e+00 
2.519760e+00 2.519760e+00 2.519760e+00 0.000000e+00 2.519760e+00 0.000000e+00 2.519760e+00 5.000000e+00 
2.520760e+00 2.520760e+00 2.520760e+00 0.000000e+00 2.520760e+00 0.000000e+00 2.520760e+00 5.000000e+00 
2.521760e+00 2.521760e+00 2.521760e+00 0.000000e+00 2.521760e+00 0.000000e+00 2.521760e+00 5.000000e+00 
2.522760e+00 2.522760e+00 2.522760e+00 0.000000e+00 2.522760e+00 0.000000e+00 2.522760e+00 5.000000e+00 
2.523760e+00 2.523760e+00 2.523760e+00 0.000000e+00 2.523760e+00 0.000000e+00 2.523760e+00 5.000000e+00 
2.524760e+00 2.524760e+00 2.524760e+00 0.000000e+00 2.524760e+00 0.000000e+00 2.524760e+00 5.000000e+00 
2.525760e+00 2.525760e+00 2.525760e+00 0.000000e+00 2.525760e+00 0.000000e+00 2.525760e+00 5.000000e+00 
2.526760e+00 2.526760e+00 2.526760e+00 0.000000e+00 2.526760e+00 0.000000e+00 2.526760e+00 5.000000e+00 
2.527760e+00 2.527760e+00 2.527760e+00 0.000000e+00 2.527760e+00 0.000000e+00 2.527760e+00 5.000000e+00 
2.528760e+00 2.528760e+00 2.528760e+00 0.000000e+00 2.528760e+00 0.000000e+00 2.528760e+00 5.000000e+00 
2.529760e+00 2.529760e+00 2.529760e+00 0.000000e+00 2.529760e+00 0.000000e+00 2.529760e+00 5.000000e+00 
2.530760e+00 2.530760e+00 2.530760e+00 0.000000e+00 2.530760e+00 0.000000e+00 2.530760e+00 5.000000e+00 
2.531760e+00 2.531760e+00 2.531760e+00 0.000000e+00 2.531760e+00 0.000000e+00 2.531760e+00 5.000000e+00 
2.532760e+00 2.532760e+00 2.532760e+00 0.000000e+00 2.532760e+00 0.000000e+00 2.532760e+00 5.000000e+00 
2.533760e+00 2.533760e+00 2.533760e+00 0.000000e+00 2.533760e+00 0.000000e+00 2.533760e+00 5.000000e+00 
2.534760e+00 2.534760e+00 2.534760e+00 0.000000e+00 2.534760e+00 0.000000e+00 2.534760e+00 5.000000e+00 
2.535760e+00 2.535760e+00 2.535760e+00 0.000000e+00 2.535760e+00 0.000000e+00 2.535760e+00 5.000000e+00 
2.536760e+00 2.536760e+00 2.536760e+00 0.000000e+00 2.536760e+00 0.000000e+00 2.536760e+00 5.000000e+00 
2.537760e+00 2.537760e+00 2.537760e+00 0.000000e+00 2.537760e+00 0.000000e+00 2.537760e+00 5.000000e+00 
2.538760e+00 2.538760e+00 2.538760e+00 0.000000e+00 2.538760e+00 0.000000e+00 2.538760e+00 5.000000e+00 
2.539760e+00 2.539760e+00 2.539760e+00 0.000000e+00 2.539760e+00 0.000000e+00 2.539760e+00 5.000000e+00 
2.540760e+00 2.540760e+00 2.540760e+00 0.000000e+00 2.540760e+00 0.000000e+00 2.540760e+00 5.000000e+00 
2.541760e+00 2.541760e+00 2.541760e+00 0.000000e+00 2.541760e+00 0.000000e+00 2.541760e+00 5.000000e+00 
2.542760e+00 2.542760e+00 2.542760e+00 0.000000e+00 2.542760e+00 0.000000e+00 2.542760e+00 5.000000e+00 
2.543760e+00 2.543760e+00 2.543760e+00 0.000000e+00 2.543760e+00 0.000000e+00 2.543760e+00 5.000000e+00 
2.544760e+00 2.544760e+00 2.544760e+00 0.000000e+00 2.544760e+00 0.000000e+00 2.544760e+00 5.000000e+00 
2.545760e+00 2.545760e+00 2.545760e+00 0.000000e+00 2.545760e+00 0.000000e+00 2.545760e+00 5.000000e+00 
2.546760e+00 2.546760e+00 2.546760e+00 0.000000e+00 2.546760e+00 0.000000e+00 2.546760e+00 5.000000e+00 
2.547760e+00 2.547760e+00 2.547760e+00 0.000000e+00 2.547760e+00 0.000000e+00 2.547760e+00 5.000000e+00 
2.548760e+00 2.548760e+00 2.548760e+00 0.000000e+00 2.548760e+00 0.000000e+00 2.548760e+00 5.000000e+00 
2.549760e+00 2.549760e+00 2.549760e+00 0.000000e+00 2.549760e+00 0.000000e+00 2.549760e+00 5.000000e+00 
2.550760e+00 2.550760e+00 2.550760e+00 0.000000e+00 2.550760e+00 0.000000e+00 2.550760e+00 5.000000e+00 
2.551760e+00 2.551760e+00 2.551760e+00 0.000000e+00 2.551760e+00 0.000000e+00 2.551760e+00 5.000000e+00 
2.552760e+00 2.552760e+00 2.552760e+00 0.000000e+00 2.552760e+00 0.000000e+00 2.552760e+00 5.000000e+00 
2.553760e+00 2.553760e+00 2.553760e+00 0.000000e+00 2.553760e+00 0.000000e+00 2.553760e+00 5.000000e+00 
2.554760e+00 2.554760e+00 2.554760e+00 0.000000e+00 2.554760e+00 0.000000e+00 2.554760e+00 5.000000e+00 
2.555760e+00 2.555760e+00 2.555760e+00 0.000000e+00 2.555760e+00 0.000000e+00 2.555760e+00 5.000000e+00 
2.556760e+00 2.556760e+00 2.556760e+00 0.000000e+00 2.556760e+00 0.000000e+00 2.556760e+00 5.000000e+00 
2.557760e+00 2.557760e+00 2.557760e+00 0.000000e+00 2.557760e+00 0.000000e+00 2.557760e+00 5.000000e+00 
2.558760e+00 2.558760e+00 2.558760e+00 0.000000e+00 2.558760e+00 0.000000e+00 2.558760e+00 5.000000e+00 
2.559760e+00 2.559760e+00 2.559760e+00 0.000000e+00 2.559760e+00 0.000000e+00 2.559760e+00 5.000000e+00 
2.560760e+00 2.560760e+00 2.560760e+00 0.000000e+00 2.560760e+00 0.000000e+00 2.560760e+00 5.000000e+00 
2.561760e+00 2.561760e+00 2.561760e+00 0.000000e+00 2.561760e+00 0.000000e+00 2.561760e+00 5.000000e+00 
2.562760e+00 2.562760e+00 2.562760e+00 0.000000e+00 2.562760e+00 0.000000e+00 2.562760e+00 5.000000e+00 
2.563760e+00 2.563760e+00 2.563760e+00 0.000000e+00 2.563760e+00 0.000000e+00 2.563760e+00 5.000000e+00 
2.564760e+00 2.564760e+00 2.564760e+00 0.000000e+00 2.564760e+00 0.000000e+00 2.564760e+00 5.000000e+00 
2.565760e+00 2.565760e+00 2.565760e+00 0.000000e+00 2.565760e+00 0.000000e+00 2.565760e+00 5.000000e+00 
2.566760e+00 2.566760e+00 2.566760e+00 0.000000e+00 2.566760e+00 0.000000e+00 2.566760e+00 5.000000e+00 
2.567760e+00 2.567760e+00 2.567760e+00 0.000000e+00 2.567760e+00 0.000000e+00 2.567760e+00 5.000000e+00 
2.568760e+00 2.568760e+00 2.568760e+00 0.000000e+00 2.568760e+00 0.000000e+00 2.568760e+00 5.000000e+00 
2.569760e+00 2.569760e+00 2.569760e+00 0.000000e+00 2.569760e+00 0.000000e+00 2.569760e+00 5.000000e+00 
2.570760e+00 2.570760e+00 2.570760e+00 0.000000e+00 2.570760e+00 0.000000e+00 2.570760e+00 5.000000e+00 
2.571760e+00 2.571760e+00 2.571760e+00 0.000000e+00 2.571760e+00 0.000000e+00 2.571760e+00 5.000000e+00 
2.572760e+00 2.572760e+00 2.572760e+00 0.000000e+00 2.572760e+00 0.000000e+00 2.572760e+00 5.000000e+00 
2.573760e+00 2.573760e+00 2.573760e+00 0.000000e+00 2.573760e+00 0.000000e+00 2.573760e+00 5.000000e+00 
2.574760e+00 2.574760e+00 2.574760e+00 0.000000e+00 2.574760e+00 0.000000e+00 2.574760e+00 5.000000e+00 
2.575760e+00 2.575760e+00 2.575760e+00 0.000000e+00 2.575760e+00 0.000000e+00 2.575760e+00 5.000000e+00 
2.576760e+00 2.576760e+00 2.576760e+00 0.000000e+00 2.576760e+00 0.000000e+00 2.576760e+00 5.000000e+00 
2.577760e+00 2.577760e+00 2.577760e+00 0.000000e+00 2.577760e+00 0.000000e+00 2.577760e+00 5.000000e+00 
2.578760e+00 2.578760e+00 2.578760e+00 0.000000e+00 2.578760e+00 0.000000e+00 2.578760e+00 5.000000e+00 
2.579760e+00 2.579760e+00 2.579760e+00 0.000000e+00 2.579760e+00 0.000000e+00 2.579760e+00 5.000000e+00 
2.580760e+00 2.580760e+00 2.580760e+00 0.000000e+00 2.580760e+00 0.000000e+00 2.580760e+00 5.000000e+00 
2.581760e+00 2.581760e+00 2.581760e+00 0.000000e+00 2.581760e+00 0.000000e+00 2.581760e+00 5.000000e+00 
2.582760e+00 2.582760e+00 2.582760e+00 0.000000e+00 2.582760e+00 0.000000e+00 2.582760e+00 5.000000e+00 
2.583760e+00 2.583760e+00 2.583760e+00 0.000000e+00 2.583760e+00 0.000000e+00 2.583760e+00 5.000000e+00 
2.584760e+00 2.584760e+00 2.584760e+00 0.000000e+00 2.584760e+00 0.000000e+00 2.584760e+00 5.000000e+00 
2.585760e+00 2.585760e+00 2.585760e+00 0.000000e+00 2.585760e+00 0.000000e+00 2.585760e+00 5.000000e+00 
2.586760e+00 2.586760e+00 2.586760e+00 0.000000e+00 2.586760e+00 0.000000e+00 2.586760e+00 5.000000e+00 
2.587760e+00 2.587760e+00 2.587760e+00 0.000000e+00 2.587760e+00 0.000000e+00 2.587760e+00 5.000000e+00 
2.588760e+00 2.588760e+00 2.588760e+00 0.000000e+00 2.588760e+00 0.000000e+00 2.588760e+00 5.000000e+00 
2.589760e+00 2.589760e+00 2.589760e+00 0.000000e+00 2.589760e+00 0.000000e+00 2.589760e+00 5.000000e+00 
2.590760e+00 2.590760e+00 2.590760e+00 0.000000e+00 2.590760e+00 0.000000e+00 2.590760e+00 5.000000e+00 
2.591760e+00 2.591760e+00 2.591760e+00 0.000000e+00 2.591760e+00 0.000000e+00 2.591760e+00 5.000000e+00 
2.592760e+00 2.592760e+00 2.592760e+00 0.000000e+00 2.592760e+00 0.000000e+00 2.592760e+00 5.000000e+00 
2.593760e+00 2.593760e+00 2.593760e+00 0.000000e+00 2.593760e+00 0.000000e+00 2.593760e+00 5.000000e+00 
2.594760e+00 2.594760e+00 2.594760e+00 0.000000e+00 2.594760e+00 0.000000e+00 2.594760e+00 5.000000e+00 
2.595760e+00 2.595760e+00 2.595760e+00 0.000000e+00 2.595760e+00 0.000000e+00 2.595760e+00 5.000000e+00 
2.596760e+00 2.596760e+00 2.596760e+00 0.000000e+00 2.596760e+00 0.000000e+00 2.596760e+00 5.000000e+00 
2.597760e+00 2.597760e+00 2.597760e+00 0.000000e+00 2.597760e+00 0.000000e+00 2.597760e+00 5.000000e+00 
2.598760e+00 2.598760e+00 2.598760e+00 0.000000e+00 2.598760e+00 0.000000e+00 2.598760e+00 5.000000e+00 
2.599760e+00 2.599760e+00 2.599760e+00 0.000000e+00 2.599760e+00 0.000000e+00 2.599760e+00 5.000000e+00 
2.600760e+00 2.600760e+00 2.600760e+00 0.000000e+00 2.600760e+00 0.000000e+00 2.600760e+00 5.000000e+00 
2.601760e+00 2.601760e+00 2.601760e+00 0.000000e+00 2.601760e+00 0.000000e+00 2.601760e+00 5.000000e+00 
2.602760e+00 2.602760e+00 2.602760e+00 0.000000e+00 2.602760e+00 0.000000e+00 2.602760e+00 5.000000e+00 
2.603760e+00 2.603760e+00 2.603760e+00 0.000000e+00 2.603760e+00 0.000000e+00 2.603760e+00 5.000000e+00 
2.604760e+00 2.604760e+00 2.604760e+00 0.000000e+00 2.604760e+00 0.000000e+00 2.604760e+00 5.000000e+00 
2.605760e+00 2.605760e+00 2.605760e+00 0.000000e+00 2.605760e+00 0.000000e+00 2.605760e+00 5.000000e+00 
2.606760e+00 2.606760e+00 2.606760e+00 0.000000e+00 2.606760e+00 0.000000e+00 2.606760e+00 5.000000e+00 
2.607760e+00 2.607760e+00 2.607760e+00 0.000000e+00 2.607760e+00 0.000000e+00 2.607760e+00 5.000000e+00 
2.608760e+00 2.608760e+00 2.608760e+00 0.000000e+00 2.608760e+00 0.000000e+00 2.608760e+00 5.000000e+00 
2.609760e+00 2.609760e+00 2.609760e+00 0.000000e+00 2.609760e+00 0.000000e+00 2.609760e+00 5.000000e+00 
2.610760e+00 2.610760e+00 2.610760e+00 0.000000e+00 2.610760e+00 0.000000e+00 2.610760e+00 5.000000e+00 
2.611760e+00 2.611760e+00 2.611760e+00 0.000000e+00 2.611760e+00 0.000000e+00 2.611760e+00 5.000000e+00 
2.612760e+00 2.612760e+00 2.612760e+00 0.000000e+00 2.612760e+00 0.000000e+00 2.612760e+00 5.000000e+00 
2.613760e+00 2.613760e+00 2.613760e+00 0.000000e+00 2.613760e+00 0.000000e+00 2.613760e+00 5.000000e+00 
2.614760e+00 2.614760e+00 2.614760e+00 0.000000e+00 2.614760e+00 0.000000e+00 2.614760e+00 5.000000e+00 
2.615760e+00 2.615760e+00 2.615760e+00 0.000000e+00 2.615760e+00 0.000000e+00 2.615760e+00 5.000000e+00 
2.616760e+00 2.616760e+00 2.616760e+00 0.000000e+00 2.616760e+00 0.000000e+00 2.616760e+00 5.000000e+00 
2.617760e+00 2.617760e+00 2.617760e+00 0.000000e+00 2.617760e+00 0.000000e+00 2.617760e+00 5.000000e+00 
2.618760e+00 2.618760e+00 2.618760e+00 0.000000e+00 2.618760e+00 0.000000e+00 2.618760e+00 5.000000e+00 
2.619760e+00 2.619760e+00 2.619760e+00 0.000000e+00 2.619760e+00 0.000000e+00 2.619760e+00 5.000000e+00 
2.620760e+00 2.620760e+00 2.620760e+00 0.000000e+00 2.620760e+00 0.000000e+00 2.620760e+00 5.000000e+00 
2.621760e+00 2.621760e+00 2.621760e+00 0.000000e+00 2.621760e+00 0.000000e+00 2.621760e+00 5.000000e+00 
2.622760e+00 2.622760e+00 2.622760e+00 0.000000e+00 2.622760e+00 0.000000e+00 2.622760e+00 5.000000e+00 
2.623760e+00 2.623760e+00 2.623760e+00 0.000000e+00 2.623760e+00 0.000000e+00 2.623760e+00 5.000000e+00 
2.624760e+00 2.624760e+00 2.624760e+00 0.000000e+00 2.624760e+00 0.000000e+00 2.624760e+00 5.000000e+00 
2.625760e+00 2.625760e+00 2.625760e+00 0.000000e+00 2.625760e+00 0.000000e+00 2.625760e+00 5.000000e+00 
2.626760e+00 2.626760e+00 2.626760e+00 0.000000e+00 2.626760e+00 0.000000e+00 2.626760e+00 5.000000e+00 
2.627760e+00 2.627760e+00 2.627760e+00 0.000000e+00 2.627760e+00 0.000000e+00 2.627760e+00 5.000000e+00 
2.628760e+00 2.628760e+00 2.628760e+00 0.000000e+00 2.628760e+00 0.000000e+00 2.628760e+00 5.000000e+00 
2.629760e+00 2.629760e+00 2.629760e+00 0.000000e+00 2.629760e+00 0.000000e+00 2.629760e+00 5.000000e+00 
2.630760e+00 2.630760e+00 2.630760e+00 0.000000e+00 2.630760e+00 0.000000e+00 2.630760e+00 5.000000e+00 
2.631760e+00 2.631760e+00 2.631760e+00 0.000000e+00 2.631760e+00 0.000000e+00 2.631760e+00 5.000000e+00 
2.632760e+00 2.632760e+00 2.632760e+00 0.000000e+00 2.632760e+00 0.000000e+00 2.632760e+00 5.000000e+00 
2.633760e+00 2.633760e+00 2.633760e+00 0.000000e+00 2.633760e+00 0.000000e+00 2.633760e+00 5.000000e+00 
2.634760e+00 2.634760e+00 2.634760e+00 0.000000e+00 2.634760e+00 0.000000e+00 2.634760e+00 5.000000e+00 
2.635760e+00 2.635760e+00 2.635760e+00 0.000000e+00 2.635760e+00 0.000000e+00 2.635760e+00 5.000000e+00 
2.636760e+00 2.636760e+00 2.636760e+00 0.000000e+00 2.636760e+00 0.000000e+00 2.636760e+00 5.000000e+00 
2.637760e+00 2.637760e+00 2.637760e+00 0.000000e+00 2.637760e+00 0.000000e+00 2.637760e+00 5.000000e+00 
2.638760e+00 2.638760e+00 2.638760e+00 0.000000e+00 2.638760e+00 0.000000e+00 2.638760e+00 5.000000e+00 
2.639760e+00 2.639760e+00 2.639760e+00 0.000000e+00 2.639760e+00 0.000000e+00 2.639760e+00 5.000000e+00 
2.640760e+00 2.640760e+00 2.640760e+00 0.000000e+00 2.640760e+00 0.000000e+00 2.640760e+00 5.000000e+00 
2.641760e+00 2.641760e+00 2.641760e+00 0.000000e+00 2.641760e+00 0.000000e+00 2.641760e+00 5.000000e+00 
2.642760e+00 2.642760e+00 2.642760e+00 0.000000e+00 2.642760e+00 0.000000e+00 2.642760e+00 5.000000e+00 
2.643760e+00 2.643760e+00 2.643760e+00 0.000000e+00 2.643760e+00 0.000000e+00 2.643760e+00 5.000000e+00 
2.644760e+00 2.644760e+00 2.644760e+00 0.000000e+00 2.644760e+00 0.000000e+00 2.644760e+00 5.000000e+00 
2.645760e+00 2.645760e+00 2.645760e+00 0.000000e+00 2.645760e+00 0.000000e+00 2.645760e+00 5.000000e+00 
2.646760e+00 2.646760e+00 2.646760e+00 0.000000e+00 2.646760e+00 0.000000e+00 2.646760e+00 5.000000e+00 
2.647760e+00 2.647760e+00 2.647760e+00 0.000000e+00 2.647760e+00 0.000000e+00 2.647760e+00 5.000000e+00 
2.648760e+00 2.648760e+00 2.648760e+00 0.000000e+00 2.648760e+00 0.000000e+00 2.648760e+00 5.000000e+00 
2.649760e+00 2.649760e+00 2.649760e+00 0.000000e+00 2.649760e+00 0.000000e+00 2.649760e+00 5.000000e+00 
2.650760e+00 2.650760e+00 2.650760e+00 0.000000e+00 2.650760e+00 0.000000e+00 2.650760e+00 5.000000e+00 
2.651760e+00 2.651760e+00 2.651760e+00 0.000000e+00 2.651760e+00 0.000000e+00 2.651760e+00 5.000000e+00 
2.652760e+00 2.652760e+00 2.652760e+00 0.000000e+00 2.652760e+00 0.000000e+00 2.652760e+00 5.000000e+00 
2.653760e+00 2.653760e+00 2.653760e+00 0.000000e+00 2.653760e+00 0.000000e+00 2.653760e+00 5.000000e+00 
2.654760e+00 2.654760e+00 2.654760e+00 0.000000e+00 2.654760e+00 0.000000e+00 2.654760e+00 5.000000e+00 
2.655760e+00 2.655760e+00 2.655760e+00 0.000000e+00 2.655760e+00 0.000000e+00 2.655760e+00 5.000000e+00 
2.656760e+00 2.656760e+00 2.656760e+00 0.000000e+00 2.656760e+00 0.000000e+00 2.656760e+00 5.000000e+00 
2.657760e+00 2.657760e+00 2.657760e+00 0.000000e+00 2.657760e+00 0.000000e+00 2.657760e+00 5.000000e+00 
2.658760e+00 2.658760e+00 2.658760e+00 0.000000e+00 2.658760e+00 0.000000e+00 2.658760e+00 5.000000e+00 
2.659760e+00 2.659760e+00 2.659760e+00 0.000000e+00 2.659760e+00 0.000000e+00 2.659760e+00 5.000000e+00 
2.660760e+00 2.660760e+00 2.660760e+00 0.000000e+00 2.660760e+00 0.000000e+00 2.660760e+00 5.000000e+00 
2.661760e+00 2.661760e+00 2.661760e+00 0.000000e+00 2.661760e+00 0.000000e+00 2.661760e+00 5.000000e+00 
2.662760e+00 2.662760e+00 2.662760e+00 0.000000e+00 2.662760e+00 0.000000e+00 2.662760e+00 5.000000e+00 
2.663760e+00 2.663760e+00 2.663760e+00 0.000000e+00 2.663760e+00 0.000000e+00 2.663760e+00 5.000000e+00 
2.664760e+00 2.664760e+00 2.664760e+00 0.000000e+00 2.664760e+00 0.000000e+00 2.664760e+00 5.000000e+00 
2.665760e+00 2.665760e+00 2.665760e+00 0.000000e+00 2.665760e+00 0.000000e+00 2.665760e+00 5.000000e+00 
2.666760e+00 2.666760e+00 2.666760e+00 0.000000e+00 2.666760e+00 0.000000e+00 2.666760e+00 5.000000e+00 
2.667760e+00 2.667760e+00 2.667760e+00 0.000000e+00 2.667760e+00 0.000000e+00 2.667760e+00 5.000000e+00 
2.668760e+00 2.668760e+00 2.668760e+00 0.000000e+00 2.668760e+00 0.000000e+00 2.668760e+00 5.000000e+00 
2.669760e+00 2.669760e+00 2.669760e+00 0.000000e+00 2.669760e+00 0.000000e+00 2.669760e+00 5.000000e+00 
2.670760e+00 2.670760e+00 2.670760e+00 0.000000e+00 2.670760e+00 0.000000e+00 2.670760e+00 5.000000e+00 
2.671760e+00 2.671760e+00 2.671760e+00 0.000000e+00 2.671760e+00 0.000000e+00 2.671760e+00 5.000000e+00 
2.672760e+00 2.672760e+00 2.672760e+00 0.000000e+00 2.672760e+00 0.000000e+00 2.672760e+00 5.000000e+00 
2.673760e+00 2.673760e+00 2.673760e+00 0.000000e+00 2.673760e+00 0.000000e+00 2.673760e+00 5.000000e+00 
2.674760e+00 2.674760e+00 2.674760e+00 0.000000e+00 2.674760e+00 0.000000e+00 2.674760e+00 5.000000e+00 
2.675760e+00 2.675760e+00 2.675760e+00 0.000000e+00 2.675760e+00 0.000000e+00 2.675760e+00 5.000000e+00 
2.676760e+00 2.676760e+00 2.676760e+00 0.000000e+00 2.676760e+00 0.000000e+00 2.676760e+00 5.000000e+00 
2.677760e+00 2.677760e+00 2.677760e+00 0.000000e+00 2.677760e+00 0.000000e+00 2.677760e+00 5.000000e+00 
2.678760e+00 2.678760e+00 2.678760e+00 0.000000e+00 2.678760e+00 0.000000e+00 2.678760e+00 5.000000e+00 
2.679760e+00 2.679760e+00 2.679760e+00 0.000000e+00 2.679760e+00 0.000000e+00 2.679760e+00 5.000000e+00 
2.680760e+00 2.680760e+00 2.680760e+00 0.000000e+00 2.680760e+00 0.000000e+00 2.680760e+00 5.000000e+00 
2.681760e+00 2.681760e+00 2.681760e+00 0.000000e+00 2.681760e+00 0.000000e+00 2.681760e+00 5.000000e+00 
2.682760e+00 2.682760e+00 2.682760e+00 0.000000e+00 2.682760e+00 0.000000e+00 2.682760e+00 5.000000e+00 
2.683760e+00 2.683760e+00 2.683760e+00 0.000000e+00 2.683760e+00 0.000000e+00 2.683760e+00 5.000000e+00 
2.684760e+00 2.684760e+00 2.684760e+00 0.000000e+00 2.684760e+00 0.000000e+00 2.684760e+00 5.000000e+00 
2.685760e+00 2.685760e+00 2.685760e+00 0.000000e+00 2.685760e+00 0.000000e+00 2.685760e+00 5.000000e+00 
2.686760e+00 2.686760e+00 2.686760e+00 0.000000e+00 2.686760e+00 0.000000e+00 2.686760e+00 5.000000e+00 
2.687760e+00 2.687760e+00 2.687760e+00 0.000000e+00 2.687760e+00 0.000000e+00 2.687760e+00 5.000000e+00 
2.688760e+00 2.688760e+00 2.688760e+00 0.000000e+00 2.688760e+00 0.000000e+00 2.688760e+00 5.000000e+00 
2.689760e+00 2.689760e+00 2.689760e+00 0.000000e+00 2.689760e+00 0.000000e+00 2.689760e+00 5.000000e+00 
2.690760e+00 2.690760e+00 2.690760e+00 0.000000e+00 2.690760e+00 0.000000e+00 2.690760e+00 5.000000e+00 
2.691760e+00 2.691760e+00 2.691760e+00 0.000000e+00 2.691760e+00 0.000000e+00 2.691760e+00 5.000000e+00 
2.692760e+00 2.692760e+00 2.692760e+00 0.000000e+00 2.692760e+00 0.000000e+00 2.692760e+00 5.000000e+00 
2.693760e+00 2.693760e+00 2.693760e+00 0.000000e+00 2.693760e+00 0.000000e+00 2.693760e+00 5.000000e+00 
2.694760e+00 2.694760e+00 2.694760e+00 0.000000e+00 2.694760e+00 0.000000e+00 2.694760e+00 5.000000e+00 
2.695760e+00 2.695760e+00 2.695760e+00 0.000000e+00 2.695760e+00 0.000000e+00 2.695760e+00 5.000000e+00 
2.696760e+00 2.696760e+00 2.696760e+00 0.000000e+00 2.696760e+00 0.000000e+00 2.696760e+00 5.000000e+00 
2.697760e+00 2.697760e+00 2.697760e+00 0.000000e+00 2.697760e+00 0.000000e+00 2.697760e+00 5.000000e+00 
2.698760e+00 2.698760e+00 2.698760e+00 0.000000e+00 2.698760e+00 0.000000e+00 2.698760e+00 5.000000e+00 
2.699760e+00 2.699760e+00 2.699760e+00 0.000000e+00 2.699760e+00 0.000000e+00 2.699760e+00 5.000000e+00 
2.700760e+00 2.700760e+00 2.700760e+00 0.000000e+00 2.700760e+00 0.000000e+00 2.700760e+00 5.000000e+00 
2.701760e+00 2.701760e+00 2.701760e+00 0.000000e+00 2.701760e+00 0.000000e+00 2.701760e+00 5.000000e+00 
2.702760e+00 2.702760e+00 2.702760e+00 0.000000e+00 2.702760e+00 0.000000e+00 2.702760e+00 5.000000e+00 
2.703760e+00 2.703760e+00 2.703760e+00 0.000000e+00 2.703760e+00 0.000000e+00 2.703760e+00 5.000000e+00 
2.704760e+00 2.704760e+00 2.704760e+00 0.000000e+00 2.704760e+00 0.000000e+00 2.704760e+00 5.000000e+00 
2.705760e+00 2.705760e+00 2.705760e+00 0.000000e+00 2.705760e+00 0.000000e+00 2.705760e+00 5.000000e+00 
2.706760e+00 2.706760e+00 2.706760e+00 0.000000e+00 2.706760e+00 0.000000e+00 2.706760e+00 5.000000e+00 
2.707760e+00 2.707760e+00 2.707760e+00 0.000000e+00 2.707760e+00 0.000000e+00 2.707760e+00 5.000000e+00 
2.708760e+00 2.708760e+00 2.708760e+00 0.000000e+00 2.708760e+00 0.000000e+00 2.708760e+00 5.000000e+00 
2.709760e+00 2.709760e+00 2.709760e+00 0.000000e+00 2.709760e+00 0.000000e+00 2.709760e+00 5.000000e+00 
2.710760e+00 2.710760e+00 2.710760e+00 0.000000e+00 2.710760e+00 0.000000e+00 2.710760e+00 5.000000e+00 
2.711760e+00 2.711760e+00 2.711760e+00 0.000000e+00 2.711760e+00 0.000000e+00 2.711760e+00 5.000000e+00 
2.712760e+00 2.712760e+00 2.712760e+00 0.000000e+00 2.712760e+00 0.000000e+00 2.712760e+00 5.000000e+00 
2.713760e+00 2.713760e+00 2.713760e+00 0.000000e+00 2.713760e+00 0.000000e+00 2.713760e+00 5.000000e+00 
2.714760e+00 2.714760e+00 2.714760e+00 0.000000e+00 2.714760e+00 0.000000e+00 2.714760e+00 5.000000e+00 
2.715760e+00 2.715760e+00 2.715760e+00 0.000000e+00 2.715760e+00 0.000000e+00 2.715760e+00 5.000000e+00 
2.716760e+00 2.716760e+00 2.716760e+00 0.000000e+00 2.716760e+00 0.000000e+00 2.716760e+00 5.000000e+00 
2.717760e+00 2.717760e+00 2.717760e+00 0.000000e+00 2.717760e+00 0.000000e+00 2.717760e+00 5.000000e+00 
2.718760e+00 2.718760e+00 2.718760e+00 0.000000e+00 2.718760e+00 0.000000e+00 2.718760e+00 5.000000e+00 
2.719760e+00 2.719760e+00 2.719760e+00 0.000000e+00 2.719760e+00 0.000000e+00 2.719760e+00 5.000000e+00 
2.720760e+00 2.720760e+00 2.720760e+00 0.000000e+00 2.720760e+00 0.000000e+00 2.720760e+00 5.000000e+00 
2.721760e+00 2.721760e+00 2.721760e+00 0.000000e+00 2.721760e+00 0.000000e+00 2.721760e+00 5.000000e+00 
2.722760e+00 2.722760e+00 2.722760e+00 0.000000e+00 2.722760e+00 0.000000e+00 2.722760e+00 5.000000e+00 
2.723760e+00 2.723760e+00 2.723760e+00 0.000000e+00 2.723760e+00 0.000000e+00 2.723760e+00 5.000000e+00 
2.724760e+00 2.724760e+00 2.724760e+00 0.000000e+00 2.724760e+00 0.000000e+00 2.724760e+00 5.000000e+00 
2.725760e+00 2.725760e+00 2.725760e+00 0.000000e+00 2.725760e+00 0.000000e+00 2.725760e+00 5.000000e+00 
2.726760e+00 2.726760e+00 2.726760e+00 0.000000e+00 2.726760e+00 0.000000e+00 2.726760e+00 5.000000e+00 
2.727760e+00 2.727760e+00 2.727760e+00 0.000000e+00 2.727760e+00 0.000000e+00 2.727760e+00 5.000000e+00 
2.728760e+00 2.728760e+00 2.728760e+00 0.000000e+00 2.728760e+00 0.000000e+00 2.728760e+00 5.000000e+00 
2.729760e+00 2.729760e+00 2.729760e+00 0.000000e+00 2.729760e+00 0.000000e+00 2.729760e+00 5.000000e+00 
2.730760e+00 2.730760e+00 2.730760e+00 0.000000e+00 2.730760e+00 0.000000e+00 2.730760e+00 5.000000e+00 
2.731760e+00 2.731760e+00 2.731760e+00 0.000000e+00 2.731760e+00 0.000000e+00 2.731760e+00 5.000000e+00 
2.732760e+00 2.732760e+00 2.732760e+00 0.000000e+00 2.732760e+00 0.000000e+00 2.732760e+00 5.000000e+00 
2.733760e+00 2.733760e+00 2.733760e+00 0.000000e+00 2.733760e+00 0.000000e+00 2.733760e+00 5.000000e+00 
2.734760e+00 2.734760e+00 2.734760e+00 0.000000e+00 2.734760e+00 0.000000e+00 2.734760e+00 5.000000e+00 
2.735760e+00 2.735760e+00 2.735760e+00 0.000000e+00 2.735760e+00 0.000000e+00 2.735760e+00 5.000000e+00 
2.736760e+00 2.736760e+00 2.736760e+00 0.000000e+00 2.736760e+00 0.000000e+00 2.736760e+00 5.000000e+00 
2.737760e+00 2.737760e+00 2.737760e+00 0.000000e+00 2.737760e+00 0.000000e+00 2.737760e+00 5.000000e+00 
2.738760e+00 2.738760e+00 2.738760e+00 0.000000e+00 2.738760e+00 0.000000e+00 2.738760e+00 5.000000e+00 
2.739760e+00 2.739760e+00 2.739760e+00 0.000000e+00 2.739760e+00 0.000000e+00 2.739760e+00 5.000000e+00 
2.740760e+00 2.740760e+00 2.740760e+00 0.000000e+00 2.740760e+00 0.000000e+00 2.740760e+00 5.000000e+00 
2.741760e+00 2.741760e+00 2.741760e+00 0.000000e+00 2.741760e+00 0.000000e+00 2.741760e+00 5.000000e+00 
2.742760e+00 2.742760e+00 2.742760e+00 0.000000e+00 2.742760e+00 0.000000e+00 2.742760e+00 5.000000e+00 
2.743760e+00 2.743760e+00 2.743760e+00 0.000000e+00 2.743760e+00 0.000000e+00 2.743760e+00 5.000000e+00 
2.744760e+00 2.744760e+00 2.744760e+00 0.000000e+00 2.744760e+00 0.000000e+00 2.744760e+00 5.000000e+00 
2.745760e+00 2.745760e+00 2.745760e+00 0.000000e+00 2.745760e+00 0.000000e+00 2.745760e+00 5.000000e+00 
2.746760e+00 2.746760e+00 2.746760e+00 0.000000e+00 2.746760e+00 0.000000e+00 2.746760e+00 5.000000e+00 
2.747760e+00 2.747760e+00 2.747760e+00 0.000000e+00 2.747760e+00 0.000000e+00 2.747760e+00 5.000000e+00 
2.748760e+00 2.748760e+00 2.748760e+00 0.000000e+00 2.748760e+00 0.000000e+00 2.748760e+00 5.000000e+00 
2.749760e+00 2.749760e+00 2.749760e+00 0.000000e+00 2.749760e+00 0.000000e+00 2.749760e+00 5.000000e+00 
2.750760e+00 2.750760e+00 2.750760e+00 0.000000e+00 2.750760e+00 0.000000e+00 2.750760e+00 5.000000e+00 
2.751760e+00 2.751760e+00 2.751760e+00 0.000000e+00 2.751760e+00 0.000000e+00 2.751760e+00 5.000000e+00 
2.752760e+00 2.752760e+00 2.752760e+00 0.000000e+00 2.752760e+00 0.000000e+00 2.752760e+00 5.000000e+00 
2.753760e+00 2.753760e+00 2.753760e+00 0.000000e+00 2.753760e+00 0.000000e+00 2.753760e+00 5.000000e+00 
2.754760e+00 2.754760e+00 2.754760e+00 0.000000e+00 2.754760e+00 0.000000e+00 2.754760e+00 5.000000e+00 
2.755760e+00 2.755760e+00 2.755760e+00 0.000000e+00 2.755760e+00 0.000000e+00 2.755760e+00 5.000000e+00 
2.756760e+00 2.756760e+00 2.756760e+00 0.000000e+00 2.756760e+00 0.000000e+00 2.756760e+00 5.000000e+00 
2.757760e+00 2.757760e+00 2.757760e+00 0.000000e+00 2.757760e+00 0.000000e+00 2.757760e+00 5.000000e+00 
2.758760e+00 2.758760e+00 2.758760e+00 0.000000e+00 2.758760e+00 0.000000e+00 2.758760e+00 5.000000e+00 
2.759760e+00 2.759760e+00 2.759760e+00 0.000000e+00 2.759760e+00 0.000000e+00 2.759760e+00 5.000000e+00 
2.760760e+00 2.760760e+00 2.760760e+00 0.000000e+00 2.760760e+00 0.000000e+00 2.760760e+00 5.000000e+00 
2.761760e+00 2.761760e+00 2.761760e+00 0.000000e+00 2.761760e+00 0.000000e+00 2.761760e+00 5.000000e+00 
2.762760e+00 2.762760e+00 2.762760e+00 0.000000e+00 2.762760e+00 0.000000e+00 2.762760e+00 5.000000e+00 
2.763760e+00 2.763760e+00 2.763760e+00 0.000000e+00 2.763760e+00 0.000000e+00 2.763760e+00 5.000000e+00 
2.764760e+00 2.764760e+00 2.764760e+00 0.000000e+00 2.764760e+00 0.000000e+00 2.764760e+00 5.000000e+00 
2.765760e+00 2.765760e+00 2.765760e+00 0.000000e+00 2.765760e+00 0.000000e+00 2.765760e+00 5.000000e+00 
2.766760e+00 2.766760e+00 2.766760e+00 0.000000e+00 2.766760e+00 0.000000e+00 2.766760e+00 5.000000e+00 
2.767760e+00 2.767760e+00 2.767760e+00 0.000000e+00 2.767760e+00 0.000000e+00 2.767760e+00 5.000000e+00 
2.768760e+00 2.768760e+00 2.768760e+00 0.000000e+00 2.768760e+00 0.000000e+00 2.768760e+00 5.000000e+00 
2.769760e+00 2.769760e+00 2.769760e+00 0.000000e+00 2.769760e+00 0.000000e+00 2.769760e+00 5.000000e+00 
2.770760e+00 2.770760e+00 2.770760e+00 0.000000e+00 2.770760e+00 0.000000e+00 2.770760e+00 5.000000e+00 
2.771760e+00 2.771760e+00 2.771760e+00 0.000000e+00 2.771760e+00 0.000000e+00 2.771760e+00 5.000000e+00 
2.772760e+00 2.772760e+00 2.772760e+00 0.000000e+00 2.772760e+00 0.000000e+00 2.772760e+00 5.000000e+00 
2.773760e+00 2.773760e+00 2.773760e+00 0.000000e+00 2.773760e+00 0.000000e+00 2.773760e+00 5.000000e+00 
2.774760e+00 2.774760e+00 2.774760e+00 0.000000e+00 2.774760e+00 0.000000e+00 2.774760e+00 5.000000e+00 
2.775760e+00 2.775760e+00 2.775760e+00 0.000000e+00 2.775760e+00 0.000000e+00 2.775760e+00 5.000000e+00 
2.776760e+00 2.776760e+00 2.776760e+00 0.000000e+00 2.776760e+00 0.000000e+00 2.776760e+00 5.000000e+00 
2.777760e+00 2.777760e+00 2.777760e+00 0.000000e+00 2.777760e+00 0.000000e+00 2.777760e+00 5.000000e+00 
2.778760e+00 2.778760e+00 2.778760e+00 0.000000e+00 2.778760e+00 0.000000e+00 2.778760e+00 5.000000e+00 
2.779760e+00 2.779760e+00 2.779760e+00 0.000000e+00 2.779760e+00 0.000000e+00 2.779760e+00 5.000000e+00 
2.780760e+00 2.780760e+00 2.780760e+00 0.000000e+00 2.780760e+00 0.000000e+00 2.780760e+00 5.000000e+00 
2.781760e+00 2.781760e+00 2.781760e+00 0.000000e+00 2.781760e+00 0.000000e+00 2.781760e+00 5.000000e+00 
2.782760e+00 2.782760e+00 2.782760e+00 0.000000e+00 2.782760e+00 0.000000e+00 2.782760e+00 5.000000e+00 
2.783760e+00 2.783760e+00 2.783760e+00 0.000000e+00 2.783760e+00 0.000000e+00 2.783760e+00 5.000000e+00 
2.784760e+00 2.784760e+00 2.784760e+00 0.000000e+00 2.784760e+00 0.000000e+00 2.784760e+00 5.000000e+00 
2.785760e+00 2.785760e+00 2.785760e+00 0.000000e+00 2.785760e+00 0.000000e+00 2.785760e+00 5.000000e+00 
2.786760e+00 2.786760e+00 2.786760e+00 0.000000e+00 2.786760e+00 0.000000e+00 2.786760e+00 5.000000e+00 
2.787760e+00 2.787760e+00 2.787760e+00 0.000000e+00 2.787760e+00 0.000000e+00 2.787760e+00 5.000000e+00 
2.788760e+00 2.788760e+00 2.788760e+00 0.000000e+00 2.788760e+00 0.000000e+00 2.788760e+00 5.000000e+00 
2.789760e+00 2.789760e+00 2.789760e+00 0.000000e+00 2.789760e+00 0.000000e+00 2.789760e+00 5.000000e+00 
2.790760e+00 2.790760e+00 2.790760e+00 0.000000e+00 2.790760e+00 0.000000e+00 2.790760e+00 5.000000e+00 
2.791760e+00 2.791760e+00 2.791760e+00 0.000000e+00 2.791760e+00 0.000000e+00 2.791760e+00 5.000000e+00 
2.792760e+00 2.792760e+00 2.792760e+00 0.000000e+00 2.792760e+00 0.000000e+00 2.792760e+00 5.000000e+00 
2.793760e+00 2.793760e+00 2.793760e+00 0.000000e+00 2.793760e+00 0.000000e+00 2.793760e+00 5.000000e+00 
2.794760e+00 2.794760e+00 2.794760e+00 0.000000e+00 2.794760e+00 0.000000e+00 2.794760e+00 5.000000e+00 
2.795760e+00 2.795760e+00 2.795760e+00 0.000000e+00 2.795760e+00 0.000000e+00 2.795760e+00 5.000000e+00 
2.796760e+00 2.796760e+00 2.796760e+00 0.000000e+00 2.796760e+00 0.000000e+00 2.796760e+00 5.000000e+00 
2.797760e+00 2.797760e+00 2.797760e+00 0.000000e+00 2.797760e+00 0.000000e+00 2.797760e+00 5.000000e+00 
2.798760e+00 2.798760e+00 2.798760e+00 0.000000e+00 2.798760e+00 0.000000e+00 2.798760e+00 5.000000e+00 
2.799760e+00 2.799760e+00 2.799760e+00 0.000000e+00 2.799760e+00 0.000000e+00 2.799760e+00 5.000000e+00 
2.800760e+00 2.800760e+00 2.800760e+00 0.000000e+00 2.800760e+00 0.000000e+00 2.800760e+00 5.000000e+00 
2.801760e+00 2.801760e+00 2.801760e+00 0.000000e+00 2.801760e+00 0.000000e+00 2.801760e+00 5.000000e+00 
2.802760e+00 2.802760e+00 2.802760e+00 0.000000e+00 2.802760e+00 0.000000e+00 2.802760e+00 5.000000e+00 
2.803760e+00 2.803760e+00 2.803760e+00 0.000000e+00 2.803760e+00 0.000000e+00 2.803760e+00 5.000000e+00 
2.804760e+00 2.804760e+00 2.804760e+00 0.000000e+00 2.804760e+00 0.000000e+00 2.804760e+00 5.000000e+00 
2.805760e+00 2.805760e+00 2.805760e+00 0.000000e+00 2.805760e+00 0.000000e+00 2.805760e+00 5.000000e+00 
2.806760e+00 2.806760e+00 2.806760e+00 0.000000e+00 2.806760e+00 0.000000e+00 2.806760e+00 5.000000e+00 
2.807760e+00 2.807760e+00 2.807760e+00 0.000000e+00 2.807760e+00 0.000000e+00 2.807760e+00 5.000000e+00 
2.808760e+00 2.808760e+00 2.808760e+00 0.000000e+00 2.808760e+00 0.000000e+00 2.808760e+00 5.000000e+00 
2.809760e+00 2.809760e+00 2.809760e+00 0.000000e+00 2.809760e+00 0.000000e+00 2.809760e+00 5.000000e+00 
2.810760e+00 2.810760e+00 2.810760e+00 0.000000e+00 2.810760e+00 0.000000e+00 2.810760e+00 5.000000e+00 
2.811760e+00 2.811760e+00 2.811760e+00 0.000000e+00 2.811760e+00 0.000000e+00 2.811760e+00 5.000000e+00 
2.812760e+00 2.812760e+00 2.812760e+00 0.000000e+00 2.812760e+00 0.000000e+00 2.812760e+00 5.000000e+00 
2.813760e+00 2.813760e+00 2.813760e+00 0.000000e+00 2.813760e+00 0.000000e+00 2.813760e+00 5.000000e+00 
2.814760e+00 2.814760e+00 2.814760e+00 0.000000e+00 2.814760e+00 0.000000e+00 2.814760e+00 5.000000e+00 
2.815760e+00 2.815760e+00 2.815760e+00 0.000000e+00 2.815760e+00 0.000000e+00 2.815760e+00 5.000000e+00 
2.816760e+00 2.816760e+00 2.816760e+00 0.000000e+00 2.816760e+00 0.000000e+00 2.816760e+00 5.000000e+00 
2.817760e+00 2.817760e+00 2.817760e+00 0.000000e+00 2.817760e+00 0.000000e+00 2.817760e+00 5.000000e+00 
2.818760e+00 2.818760e+00 2.818760e+00 0.000000e+00 2.818760e+00 0.000000e+00 2.818760e+00 5.000000e+00 
2.819760e+00 2.819760e+00 2.819760e+00 0.000000e+00 2.819760e+00 0.000000e+00 2.819760e+00 5.000000e+00 
2.820760e+00 2.820760e+00 2.820760e+00 0.000000e+00 2.820760e+00 0.000000e+00 2.820760e+00 5.000000e+00 
2.821760e+00 2.821760e+00 2.821760e+00 0.000000e+00 2.821760e+00 0.000000e+00 2.821760e+00 5.000000e+00 
2.822760e+00 2.822760e+00 2.822760e+00 0.000000e+00 2.822760e+00 0.000000e+00 2.822760e+00 5.000000e+00 
2.823760e+00 2.823760e+00 2.823760e+00 0.000000e+00 2.823760e+00 0.000000e+00 2.823760e+00 5.000000e+00 
2.824760e+00 2.824760e+00 2.824760e+00 0.000000e+00 2.824760e+00 0.000000e+00 2.824760e+00 5.000000e+00 
2.825760e+00 2.825760e+00 2.825760e+00 0.000000e+00 2.825760e+00 0.000000e+00 2.825760e+00 5.000000e+00 
2.826760e+00 2.826760e+00 2.826760e+00 0.000000e+00 2.826760e+00 0.000000e+00 2.826760e+00 5.000000e+00 
2.827760e+00 2.827760e+00 2.827760e+00 0.000000e+00 2.827760e+00 0.000000e+00 2.827760e+00 5.000000e+00 
2.828760e+00 2.828760e+00 2.828760e+00 0.000000e+00 2.828760e+00 0.000000e+00 2.828760e+00 5.000000e+00 
2.829760e+00 2.829760e+00 2.829760e+00 0.000000e+00 2.829760e+00 0.000000e+00 2.829760e+00 5.000000e+00 
2.830760e+00 2.830760e+00 2.830760e+00 0.000000e+00 2.830760e+00 0.000000e+00 2.830760e+00 5.000000e+00 
2.831760e+00 2.831760e+00 2.831760e+00 0.000000e+00 2.831760e+00 0.000000e+00 2.831760e+00 5.000000e+00 
2.832760e+00 2.832760e+00 2.832760e+00 0.000000e+00 2.832760e+00 0.000000e+00 2.832760e+00 5.000000e+00 
2.833760e+00 2.833760e+00 2.833760e+00 0.000000e+00 2.833760e+00 0.000000e+00 2.833760e+00 5.000000e+00 
2.834760e+00 2.834760e+00 2.834760e+00 0.000000e+00 2.834760e+00 0.000000e+00 2.834760e+00 5.000000e+00 
2.835760e+00 2.835760e+00 2.835760e+00 0.000000e+00 2.835760e+00 0.000000e+00 2.835760e+00 5.000000e+00 
2.836760e+00 2.836760e+00 2.836760e+00 0.000000e+00 2.836760e+00 0.000000e+00 2.836760e+00 5.000000e+00 
2.837760e+00 2.837760e+00 2.837760e+00 0.000000e+00 2.837760e+00 0.000000e+00 2.837760e+00 5.000000e+00 
2.838760e+00 2.838760e+00 2.838760e+00 0.000000e+00 2.838760e+00 0.000000e+00 2.838760e+00 5.000000e+00 
2.839760e+00 2.839760e+00 2.839760e+00 0.000000e+00 2.839760e+00 0.000000e+00 2.839760e+00 5.000000e+00 
2.840760e+00 2.840760e+00 2.840760e+00 0.000000e+00 2.840760e+00 0.000000e+00 2.840760e+00 5.000000e+00 
2.841760e+00 2.841760e+00 2.841760e+00 0.000000e+00 2.841760e+00 0.000000e+00 2.841760e+00 5.000000e+00 
2.842760e+00 2.842760e+00 2.842760e+00 0.000000e+00 2.842760e+00 0.000000e+00 2.842760e+00 5.000000e+00 
2.843760e+00 2.843760e+00 2.843760e+00 0.000000e+00 2.843760e+00 0.000000e+00 2.843760e+00 5.000000e+00 
2.844760e+00 2.844760e+00 2.844760e+00 0.000000e+00 2.844760e+00 0.000000e+00 2.844760e+00 5.000000e+00 
2.845760e+00 2.845760e+00 2.845760e+00 0.000000e+00 2.845760e+00 0.000000e+00 2.845760e+00 5.000000e+00 
2.846760e+00 2.846760e+00 2.846760e+00 0.000000e+00 2.846760e+00 0.000000e+00 2.846760e+00 5.000000e+00 
2.847760e+00 2.847760e+00 2.847760e+00 0.000000e+00 2.847760e+00 0.000000e+00 2.847760e+00 5.000000e+00 
2.848760e+00 2.848760e+00 2.848760e+00 0.000000e+00 2.848760e+00 0.000000e+00 2.848760e+00 5.000000e+00 
2.849760e+00 2.849760e+00 2.849760e+00 0.000000e+00 2.849760e+00 0.000000e+00 2.849760e+00 5.000000e+00 
2.850760e+00 2.850760e+00 2.850760e+00 0.000000e+00 2.850760e+00 0.000000e+00 2.850760e+00 5.000000e+00 
2.851760e+00 2.851760e+00 2.851760e+00 0.000000e+00 2.851760e+00 0.000000e+00 2.851760e+00 5.000000e+00 
2.852760e+00 2.852760e+00 2.852760e+00 0.000000e+00 2.852760e+00 0.000000e+00 2.852760e+00 5.000000e+00 
2.853760e+00 2.853760e+00 2.853760e+00 0.000000e+00 2.853760e+00 0.000000e+00 2.853760e+00 5.000000e+00 
2.854760e+00 2.854760e+00 2.854760e+00 0.000000e+00 2.854760e+00 0.000000e+00 2.854760e+00 5.000000e+00 
2.855760e+00 2.855760e+00 2.855760e+00 0.000000e+00 2.855760e+00 0.000000e+00 2.855760e+00 5.000000e+00 
2.856760e+00 2.856760e+00 2.856760e+00 0.000000e+00 2.856760e+00 0.000000e+00 2.856760e+00 5.000000e+00 
2.857760e+00 2.857760e+00 2.857760e+00 0.000000e+00 2.857760e+00 0.000000e+00 2.857760e+00 5.000000e+00 
2.858760e+00 2.858760e+00 2.858760e+00 0.000000e+00 2.858760e+00 0.000000e+00 2.858760e+00 5.000000e+00 
2.859760e+00 2.859760e+00 2.859760e+00 0.000000e+00 2.859760e+00 0.000000e+00 2.859760e+00 5.000000e+00 
2.860760e+00 2.860760e+00 2.860760e+00 0.000000e+00 2.860760e+00 0.000000e+00 2.860760e+00 5.000000e+00 
2.861760e+00 2.861760e+00 2.861760e+00 0.000000e+00 2.861760e+00 0.000000e+00 2.861760e+00 5.000000e+00 
2.862760e+00 2.862760e+00 2.862760e+00 0.000000e+00 2.862760e+00 0.000000e+00 2.862760e+00 5.000000e+00 
2.863760e+00 2.863760e+00 2.863760e+00 0.000000e+00 2.863760e+00 0.000000e+00 2.863760e+00 5.000000e+00 
2.864760e+00 2.864760e+00 2.864760e+00 0.000000e+00 2.864760e+00 0.000000e+00 2.864760e+00 5.000000e+00 
2.865760e+00 2.865760e+00 2.865760e+00 0.000000e+00 2.865760e+00 0.000000e+00 2.865760e+00 5.000000e+00 
2.866760e+00 2.866760e+00 2.866760e+00 0.000000e+00 2.866760e+00 0.000000e+00 2.866760e+00 5.000000e+00 
2.867760e+00 2.867760e+00 2.867760e+00 0.000000e+00 2.867760e+00 0.000000e+00 2.867760e+00 5.000000e+00 
2.868760e+00 2.868760e+00 2.868760e+00 0.000000e+00 2.868760e+00 0.000000e+00 2.868760e+00 5.000000e+00 
2.869760e+00 2.869760e+00 2.869760e+00 0.000000e+00 2.869760e+00 0.000000e+00 2.869760e+00 5.000000e+00 
2.870760e+00 2.870760e+00 2.870760e+00 0.000000e+00 2.870760e+00 0.000000e+00 2.870760e+00 5.000000e+00 
2.871760e+00 2.871760e+00 2.871760e+00 0.000000e+00 2.871760e+00 0.000000e+00 2.871760e+00 5.000000e+00 
2.872760e+00 2.872760e+00 2.872760e+00 0.000000e+00 2.872760e+00 0.000000e+00 2.872760e+00 5.000000e+00 
2.873760e+00 2.873760e+00 2.873760e+00 0.000000e+00 2.873760e+00 0.000000e+00 2.873760e+00 5.000000e+00 
2.874760e+00 2.874760e+00 2.874760e+00 0.000000e+00 2.874760e+00 0.000000e+00 2.874760e+00 5.000000e+00 
2.875760e+00 2.875760e+00 2.875760e+00 0.000000e+00 2.875760e+00 0.000000e+00 2.875760e+00 5.000000e+00 
2.876760e+00 2.876760e+00 2.876760e+00 0.000000e+00 2.876760e+00 0.000000e+00 2.876760e+00 5.000000e+00 
2.877760e+00 2.877760e+00 2.877760e+00 0.000000e+00 2.877760e+00 0.000000e+00 2.877760e+00 5.000000e+00 
2.878760e+00 2.878760e+00 2.878760e+00 0.000000e+00 2.878760e+00 0.000000e+00 2.878760e+00 5.000000e+00 
2.879760e+00 2.879760e+00 2.879760e+00 0.000000e+00 2.879760e+00 0.000000e+00 2.879760e+00 5.000000e+00 
2.880760e+00 2.880760e+00 2.880760e+00 0.000000e+00 2.880760e+00 0.000000e+00 2.880760e+00 5.000000e+00 
2.881760e+00 2.881760e+00 2.881760e+00 0.000000e+00 2.881760e+00 0.000000e+00 2.881760e+00 5.000000e+00 
2.882760e+00 2.882760e+00 2.882760e+00 0.000000e+00 2.882760e+00 0.000000e+00 2.882760e+00 5.000000e+00 
2.883760e+00 2.883760e+00 2.883760e+00 0.000000e+00 2.883760e+00 0.000000e+00 2.883760e+00 5.000000e+00 
2.884760e+00 2.884760e+00 2.884760e+00 0.000000e+00 2.884760e+00 0.000000e+00 2.884760e+00 5.000000e+00 
2.885760e+00 2.885760e+00 2.885760e+00 0.000000e+00 2.885760e+00 0.000000e+00 2.885760e+00 5.000000e+00 
2.886760e+00 2.886760e+00 2.886760e+00 0.000000e+00 2.886760e+00 0.000000e+00 2.886760e+00 5.000000e+00 
2.887760e+00 2.887760e+00 2.887760e+00 0.000000e+00 2.887760e+00 0.000000e+00 2.887760e+00 5.000000e+00 
2.888760e+00 2.888760e+00 2.888760e+00 0.000000e+00 2.888760e+00 0.000000e+00 2.888760e+00 5.000000e+00 
2.889760e+00 2.889760e+00 2.889760e+00 0.000000e+00 2.889760e+00 0.000000e+00 2.889760e+00 5.000000e+00 
2.890760e+00 2.890760e+00 2.890760e+00 0.000000e+00 2.890760e+00 0.000000e+00 2.890760e+00 5.000000e+00 
2.891760e+00 2.891760e+00 2.891760e+00 0.000000e+00 2.891760e+00 0.000000e+00 2.891760e+00 5.000000e+00 
2.892760e+00 2.892760e+00 2.892760e+00 0.000000e+00 2.892760e+00 0.000000e+00 2.892760e+00 5.000000e+00 
2.893760e+00 2.893760e+00 2.893760e+00 0.000000e+00 2.893760e+00 0.000000e+00 2.893760e+00 5.000000e+00 
2.894760e+00 2.894760e+00 2.894760e+00 0.000000e+00 2.894760e+00 0.000000e+00 2.894760e+00 5.000000e+00 
2.895760e+00 2.895760e+00 2.895760e+00 0.000000e+00 2.895760e+00 0.000000e+00 2.895760e+00 5.000000e+00 
2.896760e+00 2.896760e+00 2.896760e+00 0.000000e+00 2.896760e+00 0.000000e+00 2.896760e+00 5.000000e+00 
2.897760e+00 2.897760e+00 2.897760e+00 0.000000e+00 2.897760e+00 0.000000e+00 2.897760e+00 5.000000e+00 
2.898760e+00 2.898760e+00 2.898760e+00 0.000000e+00 2.898760e+00 0.000000e+00 2.898760e+00 5.000000e+00 
2.899760e+00 2.899760e+00 2.899760e+00 0.000000e+00 2.899760e+00 0.000000e+00 2.899760e+00 5.000000e+00 
2.900760e+00 2.900760e+00 2.900760e+00 0.000000e+00 2.900760e+00 0.000000e+00 2.900760e+00 5.000000e+00 
2.901760e+00 2.901760e+00 2.901760e+00 0.000000e+00 2.901760e+00 0.000000e+00 2.901760e+00 5.000000e+00 
2.902760e+00 2.902760e+00 2.902760e+00 0.000000e+00 2.902760e+00 0.000000e+00 2.902760e+00 5.000000e+00 
2.903760e+00 2.903760e+00 2.903760e+00 0.000000e+00 2.903760e+00 0.000000e+00 2.903760e+00 5.000000e+00 
2.904760e+00 2.904760e+00 2.904760e+00 0.000000e+00 2.904760e+00 0.000000e+00 2.904760e+00 5.000000e+00 
2.905760e+00 2.905760e+00 2.905760e+00 0.000000e+00 2.905760e+00 0.000000e+00 2.905760e+00 5.000000e+00 
2.906760e+00 2.906760e+00 2.906760e+00 0.000000e+00 2.906760e+00 0.000000e+00 2.906760e+00 5.000000e+00 
2.907760e+00 2.907760e+00 2.907760e+00 0.000000e+00 2.907760e+00 0.000000e+00 2.907760e+00 5.000000e+00 
2.908760e+00 2.908760e+00 2.908760e+00 0.000000e+00 2.908760e+00 0.000000e+00 2.908760e+00 5.000000e+00 
2.909760e+00 2.909760e+00 2.909760e+00 0.000000e+00 2.909760e+00 0.000000e+00 2.909760e+00 5.000000e+00 
2.910760e+00 2.910760e+00 2.910760e+00 0.000000e+00 2.910760e+00 0.000000e+00 2.910760e+00 5.000000e+00 
2.911760e+00 2.911760e+00 2.911760e+00 0.000000e+00 2.911760e+00 0.000000e+00 2.911760e+00 5.000000e+00 
2.912760e+00 2.912760e+00 2.912760e+00 0.000000e+00 2.912760e+00 0.000000e+00 2.912760e+00 5.000000e+00 
2.913760e+00 2.913760e+00 2.913760e+00 0.000000e+00 2.913760e+00 0.000000e+00 2.913760e+00 5.000000e+00 
2.914760e+00 2.914760e+00 2.914760e+00 0.000000e+00 2.914760e+00 0.000000e+00 2.914760e+00 5.000000e+00 
2.915760e+00 2.915760e+00 2.915760e+00 0.000000e+00 2.915760e+00 0.000000e+00 2.915760e+00 5.000000e+00 
2.916760e+00 2.916760e+00 2.916760e+00 0.000000e+00 2.916760e+00 0.000000e+00 2.916760e+00 5.000000e+00 
2.917760e+00 2.917760e+00 2.917760e+00 0.000000e+00 2.917760e+00 0.000000e+00 2.917760e+00 5.000000e+00 
2.918760e+00 2.918760e+00 2.918760e+00 0.000000e+00 2.918760e+00 0.000000e+00 2.918760e+00 5.000000e+00 
2.919760e+00 2.919760e+00 2.919760e+00 0.000000e+00 2.919760e+00 0.000000e+00 2.919760e+00 5.000000e+00 
2.920760e+00 2.920760e+00 2.920760e+00 0.000000e+00 2.920760e+00 0.000000e+00 2.920760e+00 5.000000e+00 
2.921760e+00 2.921760e+00 2.921760e+00 0.000000e+00 2.921760e+00 0.000000e+00 2.921760e+00 5.000000e+00 
2.922760e+00 2.922760e+00 2.922760e+00 0.000000e+00 2.922760e+00 0.000000e+00 2.922760e+00 5.000000e+00 
2.923760e+00 2.923760e+00 2.923760e+00 0.000000e+00 2.923760e+00 0.000000e+00 2.923760e+00 5.000000e+00 
2.924760e+00 2.924760e+00 2.924760e+00 0.000000e+00 2.924760e+00 0.000000e+00 2.924760e+00 5.000000e+00 
2.925760e+00 2.925760e+00 2.925760e+00 0.000000e+00 2.925760e+00 0.000000e+00 2.925760e+00 5.000000e+00 
2.926760e+00 2.926760e+00 2.926760e+00 0.000000e+00 2.926760e+00 0.000000e+00 2.926760e+00 5.000000e+00 
2.927760e+00 2.927760e+00 2.927760e+00 0.000000e+00 2.927760e+00 0.000000e+00 2.927760e+00 5.000000e+00 
2.928760e+00 2.928760e+00 2.928760e+00 0.000000e+00 2.928760e+00 0.000000e+00 2.928760e+00 5.000000e+00 
2.929760e+00 2.929760e+00 2.929760e+00 0.000000e+00 2.929760e+00 0.000000e+00 2.929760e+00 5.000000e+00 
2.930760e+00 2.930760e+00 2.930760e+00 0.000000e+00 2.930760e+00 0.000000e+00 2.930760e+00 5.000000e+00 
2.931760e+00 2.931760e+00 2.931760e+00 0.000000e+00 2.931760e+00 0.000000e+00 2.931760e+00 5.000000e+00 
2.932760e+00 2.932760e+00 2.932760e+00 0.000000e+00 2.932760e+00 0.000000e+00 2.932760e+00 5.000000e+00 
2.933760e+00 2.933760e+00 2.933760e+00 0.000000e+00 2.933760e+00 0.000000e+00 2.933760e+00 5.000000e+00 
2.934760e+00 2.934760e+00 2.934760e+00 0.000000e+00 2.934760e+00 0.000000e+00 2.934760e+00 5.000000e+00 
2.935760e+00 2.935760e+00 2.935760e+00 0.000000e+00 2.935760e+00 0.000000e+00 2.935760e+00 5.000000e+00 
2.936760e+00 2.936760e+00 2.936760e+00 0.000000e+00 2.936760e+00 0.000000e+00 2.936760e+00 5.000000e+00 
2.937760e+00 2.937760e+00 2.937760e+00 0.000000e+00 2.937760e+00 0.000000e+00 2.937760e+00 5.000000e+00 
2.938760e+00 2.938760e+00 2.938760e+00 0.000000e+00 2.938760e+00 0.000000e+00 2.938760e+00 5.000000e+00 
2.939760e+00 2.939760e+00 2.939760e+00 0.000000e+00 2.939760e+00 0.000000e+00 2.939760e+00 5.000000e+00 
2.940760e+00 2.940760e+00 2.940760e+00 0.000000e+00 2.940760e+00 0.000000e+00 2.940760e+00 5.000000e+00 
2.941760e+00 2.941760e+00 2.941760e+00 0.000000e+00 2.941760e+00 0.000000e+00 2.941760e+00 5.000000e+00 
2.942760e+00 2.942760e+00 2.942760e+00 0.000000e+00 2.942760e+00 0.000000e+00 2.942760e+00 5.000000e+00 
2.943760e+00 2.943760e+00 2.943760e+00 0.000000e+00 2.943760e+00 0.000000e+00 2.943760e+00 5.000000e+00 
2.944760e+00 2.944760e+00 2.944760e+00 0.000000e+00 2.944760e+00 0.000000e+00 2.944760e+00 5.000000e+00 
2.945760e+00 2.945760e+00 2.945760e+00 0.000000e+00 2.945760e+00 0.000000e+00 2.945760e+00 5.000000e+00 
2.946760e+00 2.946760e+00 2.946760e+00 0.000000e+00 2.946760e+00 0.000000e+00 2.946760e+00 5.000000e+00 
2.947760e+00 2.947760e+00 2.947760e+00 0.000000e+00 2.947760e+00 0.000000e+00 2.947760e+00 5.000000e+00 
2.948760e+00 2.948760e+00 2.948760e+00 0.000000e+00 2.948760e+00 0.000000e+00 2.948760e+00 5.000000e+00 
2.949760e+00 2.949760e+00 2.949760e+00 0.000000e+00 2.949760e+00 0.000000e+00 2.949760e+00 5.000000e+00 
2.950760e+00 2.950760e+00 2.950760e+00 0.000000e+00 2.950760e+00 0.000000e+00 2.950760e+00 5.000000e+00 
2.951760e+00 2.951760e+00 2.951760e+00 0.000000e+00 2.951760e+00 0.000000e+00 2.951760e+00 5.000000e+00 
2.952760e+00 2.952760e+00 2.952760e+00 0.000000e+00 2.952760e+00 0.000000e+00 2.952760e+00 5.000000e+00 
2.953760e+00 2.953760e+00 2.953760e+00 0.000000e+00 2.953760e+00 0.000000e+00 2.953760e+00 5.000000e+00 
2.954760e+00 2.954760e+00 2.954760e+00 0.000000e+00 2.954760e+00 0.000000e+00 2.954760e+00 5.000000e+00 
2.955760e+00 2.955760e+00 2.955760e+00 0.000000e+00 2.955760e+00 0.000000e+00 2.955760e+00 5.000000e+00 
2.956760e+00 2.956760e+00 2.956760e+00 0.000000e+00 2.956760e+00 0.000000e+00 2.956760e+00 5.000000e+00 
2.957760e+00 2.957760e+00 2.957760e+00 0.000000e+00 2.957760e+00 0.000000e+00 2.957760e+00 5.000000e+00 
2.958760e+00 2.958760e+00 2.958760e+00 0.000000e+00 2.958760e+00 0.000000e+00 2.958760e+00 5.000000e+00 
2.959760e+00 2.959760e+00 2.959760e+00 0.000000e+00 2.959760e+00 0.000000e+00 2.959760e+00 5.000000e+00 
2.960760e+00 2.960760e+00 2.960760e+00 0.000000e+00 2.960760e+00 0.000000e+00 2.960760e+00 5.000000e+00 
2.961760e+00 2.961760e+00 2.961760e+00 0.000000e+00 2.961760e+00 0.000000e+00 2.961760e+00 5.000000e+00 
2.962760e+00 2.962760e+00 2.962760e+00 0.000000e+00 2.962760e+00 0.000000e+00 2.962760e+00 5.000000e+00 
2.963760e+00 2.963760e+00 2.963760e+00 0.000000e+00 2.963760e+00 0.000000e+00 2.963760e+00 5.000000e+00 
2.964760e+00 2.964760e+00 2.964760e+00 0.000000e+00 2.964760e+00 0.000000e+00 2.964760e+00 5.000000e+00 
2.965760e+00 2.965760e+00 2.965760e+00 0.000000e+00 2.965760e+00 0.000000e+00 2.965760e+00 5.000000e+00 
2.966760e+00 2.966760e+00 2.966760e+00 0.000000e+00 2.966760e+00 0.000000e+00 2.966760e+00 5.000000e+00 
2.967760e+00 2.967760e+00 2.967760e+00 0.000000e+00 2.967760e+00 0.000000e+00 2.967760e+00 5.000000e+00 
2.968760e+00 2.968760e+00 2.968760e+00 0.000000e+00 2.968760e+00 0.000000e+00 2.968760e+00 5.000000e+00 
2.969760e+00 2.969760e+00 2.969760e+00 0.000000e+00 2.969760e+00 0.000000e+00 2.969760e+00 5.000000e+00 
2.970760e+00 2.970760e+00 2.970760e+00 0.000000e+00 2.970760e+00 0.000000e+00 2.970760e+00 5.000000e+00 
2.971760e+00 2.971760e+00 2.971760e+00 0.000000e+00 2.971760e+00 0.000000e+00 2.971760e+00 5.000000e+00 
2.972760e+00 2.972760e+00 2.972760e+00 0.000000e+00 2.972760e+00 0.000000e+00 2.972760e+00 5.000000e+00 
2.973760e+00 2.973760e+00 2.973760e+00 0.000000e+00 2.973760e+00 0.000000e+00 2.973760e+00 5.000000e+00 
2.974760e+00 2.974760e+00 2.974760e+00 0.000000e+00 2.974760e+00 0.000000e+00 2.974760e+00 5.000000e+00 
2.975760e+00 2.975760e+00 2.975760e+00 0.000000e+00 2.975760e+00 0.000000e+00 2.975760e+00 5.000000e+00 
2.976760e+00 2.976760e+00 2.976760e+00 0.000000e+00 2.976760e+00 0.000000e+00 2.976760e+00 5.000000e+00 
2.977760e+00 2.977760e+00 2.977760e+00 0.000000e+00 2.977760e+00 0.000000e+00 2.977760e+00 5.000000e+00 
2.978760e+00 2.978760e+00 2.978760e+00 0.000000e+00 2.978760e+00 0.000000e+00 2.978760e+00 5.000000e+00 
2.979760e+00 2.979760e+00 2.979760e+00 0.000000e+00 2.979760e+00 0.000000e+00 2.979760e+00 5.000000e+00 
2.980760e+00 2.980760e+00 2.980760e+00 0.000000e+00 2.980760e+00 0.000000e+00 2.980760e+00 5.000000e+00 
2.981760e+00 2.981760e+00 2.981760e+00 0.000000e+00 2.981760e+00 0.000000e+00 2.981760e+00 5.000000e+00 
2.982760e+00 2.982760e+00 2.982760e+00 0.000000e+00 2.982760e+00 0.000000e+00 2.982760e+00 5.000000e+00 
2.983760e+00 2.983760e+00 2.983760e+00 0.000000e+00 2.983760e+00 0.000000e+00 2.983760e+00 5.000000e+00 
2.984760e+00 2.984760e+00 2.984760e+00 0.000000e+00 2.984760e+00 0.000000e+00 2.984760e+00 5.000000e+00 
2.985760e+00 2.985760e+00 2.985760e+00 0.000000e+00 2.985760e+00 0.000000e+00 2.985760e+00 5.000000e+00 
2.986760e+00 2.986760e+00 2.986760e+00 0.000000e+00 2.986760e+00 0.000000e+00 2.986760e+00 5.000000e+00 
2.987760e+00 2.987760e+00 2.987760e+00 0.000000e+00 2.987760e+00 0.000000e+00 2.987760e+00 5.000000e+00 
2.988760e+00 2.988760e+00 2.988760e+00 0.000000e+00 2.988760e+00 0.000000e+00 2.988760e+00 5.000000e+00 
2.989760e+00 2.989760e+00 2.989760e+00 0.000000e+00 2.989760e+00 0.000000e+00 2.989760e+00 5.000000e+00 
2.990760e+00 2.990760e+00 2.990760e+00 0.000000e+00 2.990760e+00 0.000000e+00 2.990760e+00 5.000000e+00 
2.991760e+00 2.991760e+00 2.991760e+00 0.000000e+00 2.991760e+00 0.000000e+00 2.991760e+00 5.000000e+00 
2.992760e+00 2.992760e+00 2.992760e+00 0.000000e+00 2.992760e+00 0.000000e+00 2.992760e+00 5.000000e+00 
2.993760e+00 2.993760e+00 2.993760e+00 0.000000e+00 2.993760e+00 0.000000e+00 2.993760e+00 5.000000e+00 
2.994760e+00 2.994760e+00 2.994760e+00 0.000000e+00 2.994760e+00 0.000000e+00 2.994760e+00 5.000000e+00 
2.995760e+00 2.995760e+00 2.995760e+00 0.000000e+00 2.995760e+00 0.000000e+00 2.995760e+00 5.000000e+00 
2.996760e+00 2.996760e+00 2.996760e+00 0.000000e+00 2.996760e+00 0.000000e+00 2.996760e+00 5.000000e+00 
2.997760e+00 2.997760e+00 2.997760e+00 0.000000e+00 2.997760e+00 0.000000e+00 2.997760e+00 5.000000e+00 
2.998760e+00 2.998760e+00 2.998760e+00 0.000000e+00 2.998760e+00 0.000000e+00 2.998760e+00 5.000000e+00 
2.999760e+00 2.999760e+00 2.999760e+00 0.000000e+00 2.999760e+00 0.000000e+00 2.999760e+00 5.000000e+00 
3.000760e+00 3.000760e+00 3.000760e+00 0.000000e+00 3.000760e+00 0.000000e+00 3.000760e+00 5.000000e+00 
3.001760e+00 3.001760e+00 3.001760e+00 0.000000e+00 3.001760e+00 0.000000e+00 3.001760e+00 5.000000e+00 
3.002760e+00 3.002760e+00 3.002760e+00 0.000000e+00 3.002760e+00 0.000000e+00 3.002760e+00 5.000000e+00 
3.003760e+00 3.003760e+00 3.003760e+00 0.000000e+00 3.003760e+00 0.000000e+00 3.003760e+00 5.000000e+00 
3.004760e+00 3.004760e+00 3.004760e+00 0.000000e+00 3.004760e+00 0.000000e+00 3.004760e+00 5.000000e+00 
3.005760e+00 3.005760e+00 3.005760e+00 0.000000e+00 3.005760e+00 0.000000e+00 3.005760e+00 5.000000e+00 
3.006760e+00 3.006760e+00 3.006760e+00 0.000000e+00 3.006760e+00 0.000000e+00 3.006760e+00 5.000000e+00 
3.007760e+00 3.007760e+00 3.007760e+00 0.000000e+00 3.007760e+00 0.000000e+00 3.007760e+00 5.000000e+00 
3.008760e+00 3.008760e+00 3.008760e+00 0.000000e+00 3.008760e+00 0.000000e+00 3.008760e+00 5.000000e+00 
3.009760e+00 3.009760e+00 3.009760e+00 0.000000e+00 3.009760e+00 0.000000e+00 3.009760e+00 5.000000e+00 
3.010760e+00 3.010760e+00 3.010760e+00 0.000000e+00 3.010760e+00 0.000000e+00 3.010760e+00 5.000000e+00 
3.011760e+00 3.011760e+00 3.011760e+00 0.000000e+00 3.011760e+00 0.000000e+00 3.011760e+00 5.000000e+00 
3.012760e+00 3.012760e+00 3.012760e+00 0.000000e+00 3.012760e+00 0.000000e+00 3.012760e+00 5.000000e+00 
3.013760e+00 3.013760e+00 3.013760e+00 0.000000e+00 3.013760e+00 0.000000e+00 3.013760e+00 5.000000e+00 
3.014760e+00 3.014760e+00 3.014760e+00 0.000000e+00 3.014760e+00 0.000000e+00 3.014760e+00 5.000000e+00 
3.015760e+00 3.015760e+00 3.015760e+00 0.000000e+00 3.015760e+00 0.000000e+00 3.015760e+00 5.000000e+00 
3.016760e+00 3.016760e+00 3.016760e+00 0.000000e+00 3.016760e+00 0.000000e+00 3.016760e+00 5.000000e+00 
3.017760e+00 3.017760e+00 3.017760e+00 0.000000e+00 3.017760e+00 0.000000e+00 3.017760e+00 5.000000e+00 
3.018760e+00 3.018760e+00 3.018760e+00 0.000000e+00 3.018760e+00 0.000000e+00 3.018760e+00 5.000000e+00 
3.019760e+00 3.019760e+00 3.019760e+00 0.000000e+00 3.019760e+00 0.000000e+00 3.019760e+00 5.000000e+00 
3.020760e+00 3.020760e+00 3.020760e+00 0.000000e+00 3.020760e+00 0.000000e+00 3.020760e+00 5.000000e+00 
3.021760e+00 3.021760e+00 3.021760e+00 0.000000e+00 3.021760e+00 0.000000e+00 3.021760e+00 5.000000e+00 
3.022760e+00 3.022760e+00 3.022760e+00 0.000000e+00 3.022760e+00 0.000000e+00 3.022760e+00 5.000000e+00 
3.023760e+00 3.023760e+00 3.023760e+00 0.000000e+00 3.023760e+00 0.000000e+00 3.023760e+00 5.000000e+00 
3.024760e+00 3.024760e+00 3.024760e+00 0.000000e+00 3.024760e+00 0.000000e+00 3.024760e+00 5.000000e+00 
3.025760e+00 3.025760e+00 3.025760e+00 0.000000e+00 3.025760e+00 0.000000e+00 3.025760e+00 5.000000e+00 
3.026760e+00 3.026760e+00 3.026760e+00 0.000000e+00 3.026760e+00 0.000000e+00 3.026760e+00 5.000000e+00 
3.027760e+00 3.027760e+00 3.027760e+00 0.000000e+00 3.027760e+00 0.000000e+00 3.027760e+00 5.000000e+00 
3.028760e+00 3.028760e+00 3.028760e+00 0.000000e+00 3.028760e+00 0.000000e+00 3.028760e+00 5.000000e+00 
3.029760e+00 3.029760e+00 3.029760e+00 0.000000e+00 3.029760e+00 0.000000e+00 3.029760e+00 5.000000e+00 
3.030760e+00 3.030760e+00 3.030760e+00 0.000000e+00 3.030760e+00 0.000000e+00 3.030760e+00 5.000000e+00 
3.031760e+00 3.031760e+00 3.031760e+00 0.000000e+00 3.031760e+00 0.000000e+00 3.031760e+00 5.000000e+00 
3.032760e+00 3.032760e+00 3.032760e+00 0.000000e+00 3.032760e+00 0.000000e+00 3.032760e+00 5.000000e+00 
3.033760e+00 3.033760e+00 3.033760e+00 0.000000e+00 3.033760e+00 0.000000e+00 3.033760e+00 5.000000e+00 
3.034760e+00 3.034760e+00 3.034760e+00 0.000000e+00 3.034760e+00 0.000000e+00 3.034760e+00 5.000000e+00 
3.035760e+00 3.035760e+00 3.035760e+00 0.000000e+00 3.035760e+00 0.000000e+00 3.035760e+00 5.000000e+00 
3.036760e+00 3.036760e+00 3.036760e+00 0.000000e+00 3.036760e+00 0.000000e+00 3.036760e+00 5.000000e+00 
3.037760e+00 3.037760e+00 3.037760e+00 0.000000e+00 3.037760e+00 0.000000e+00 3.037760e+00 5.000000e+00 
3.038760e+00 3.038760e+00 3.038760e+00 0.000000e+00 3.038760e+00 0.000000e+00 3.038760e+00 5.000000e+00 
3.039760e+00 3.039760e+00 3.039760e+00 0.000000e+00 3.039760e+00 0.000000e+00 3.039760e+00 5.000000e+00 
3.040760e+00 3.040760e+00 3.040760e+00 0.000000e+00 3.040760e+00 0.000000e+00 3.040760e+00 5.000000e+00 
3.041760e+00 3.041760e+00 3.041760e+00 0.000000e+00 3.041760e+00 0.000000e+00 3.041760e+00 5.000000e+00 
3.042760e+00 3.042760e+00 3.042760e+00 0.000000e+00 3.042760e+00 0.000000e+00 3.042760e+00 5.000000e+00 
3.043760e+00 3.043760e+00 3.043760e+00 0.000000e+00 3.043760e+00 0.000000e+00 3.043760e+00 5.000000e+00 
3.044760e+00 3.044760e+00 3.044760e+00 0.000000e+00 3.044760e+00 0.000000e+00 3.044760e+00 5.000000e+00 
3.045760e+00 3.045760e+00 3.045760e+00 0.000000e+00 3.045760e+00 0.000000e+00 3.045760e+00 5.000000e+00 
3.046760e+00 3.046760e+00 3.046760e+00 0.000000e+00 3.046760e+00 0.000000e+00 3.046760e+00 5.000000e+00 
3.047760e+00 3.047760e+00 3.047760e+00 0.000000e+00 3.047760e+00 0.000000e+00 3.047760e+00 5.000000e+00 
3.048760e+00 3.048760e+00 3.048760e+00 0.000000e+00 3.048760e+00 0.000000e+00 3.048760e+00 5.000000e+00 
3.049760e+00 3.049760e+00 3.049760e+00 0.000000e+00 3.049760e+00 0.000000e+00 3.049760e+00 5.000000e+00 
3.050760e+00 3.050760e+00 3.050760e+00 0.000000e+00 3.050760e+00 0.000000e+00 3.050760e+00 5.000000e+00 
3.051760e+00 3.051760e+00 3.051760e+00 0.000000e+00 3.051760e+00 0.000000e+00 3.051760e+00 5.000000e+00 
3.052760e+00 3.052760e+00 3.052760e+00 0.000000e+00 3.052760e+00 0.000000e+00 3.052760e+00 5.000000e+00 
3.053760e+00 3.053760e+00 3.053760e+00 0.000000e+00 3.053760e+00 0.000000e+00 3.053760e+00 5.000000e+00 
3.054760e+00 3.054760e+00 3.054760e+00 0.000000e+00 3.054760e+00 0.000000e+00 3.054760e+00 5.000000e+00 
3.055760e+00 3.055760e+00 3.055760e+00 0.000000e+00 3.055760e+00 0.000000e+00 3.055760e+00 5.000000e+00 
3.056760e+00 3.056760e+00 3.056760e+00 0.000000e+00 3.056760e+00 0.000000e+00 3.056760e+00 5.000000e+00 
3.057760e+00 3.057760e+00 3.057760e+00 0.000000e+00 3.057760e+00 0.000000e+00 3.057760e+00 5.000000e+00 
3.058760e+00 3.058760e+00 3.058760e+00 0.000000e+00 3.058760e+00 0.000000e+00 3.058760e+00 5.000000e+00 
3.059760e+00 3.059760e+00 3.059760e+00 0.000000e+00 3.059760e+00 0.000000e+00 3.059760e+00 5.000000e+00 
3.060760e+00 3.060760e+00 3.060760e+00 0.000000e+00 3.060760e+00 0.000000e+00 3.060760e+00 5.000000e+00 
3.061760e+00 3.061760e+00 3.061760e+00 0.000000e+00 3.061760e+00 0.000000e+00 3.061760e+00 5.000000e+00 
3.062760e+00 3.062760e+00 3.062760e+00 0.000000e+00 3.062760e+00 0.000000e+00 3.062760e+00 5.000000e+00 
3.063760e+00 3.063760e+00 3.063760e+00 0.000000e+00 3.063760e+00 0.000000e+00 3.063760e+00 5.000000e+00 
3.064760e+00 3.064760e+00 3.064760e+00 0.000000e+00 3.064760e+00 0.000000e+00 3.064760e+00 5.000000e+00 
3.065760e+00 3.065760e+00 3.065760e+00 0.000000e+00 3.065760e+00 0.000000e+00 3.065760e+00 5.000000e+00 
3.066760e+00 3.066760e+00 3.066760e+00 0.000000e+00 3.066760e+00 0.000000e+00 3.066760e+00 5.000000e+00 
3.067760e+00 3.067760e+00 3.067760e+00 0.000000e+00 3.067760e+00 0.000000e+00 3.067760e+00 5.000000e+00 
3.068760e+00 3.068760e+00 3.068760e+00 0.000000e+00 3.068760e+00 0.000000e+00 3.068760e+00 5.000000e+00 
3.069760e+00 3.069760e+00 3.069760e+00 0.000000e+00 3.069760e+00 0.000000e+00 3.069760e+00 5.000000e+00 
3.070760e+00 3.070760e+00 3.070760e+00 0.000000e+00 3.070760e+00 0.000000e+00 3.070760e+00 5.000000e+00 
3.071760e+00 3.071760e+00 3.071760e+00 0.000000e+00 3.071760e+00 0.000000e+00 3.071760e+00 5.000000e+00 
3.072760e+00 3.072760e+00 3.072760e+00 0.000000e+00 3.072760e+00 0.000000e+00 3.072760e+00 5.000000e+00 
3.073760e+00 3.073760e+00 3.073760e+00 0.000000e+00 3.073760e+00 0.000000e+00 3.073760e+00 5.000000e+00 
3.074760e+00 3.074760e+00 3.074760e+00 0.000000e+00 3.074760e+00 0.000000e+00 3.074760e+00 5.000000e+00 
3.075760e+00 3.075760e+00 3.075760e+00 0.000000e+00 3.075760e+00 0.000000e+00 3.075760e+00 5.000000e+00 
3.076760e+00 3.076760e+00 3.076760e+00 0.000000e+00 3.076760e+00 0.000000e+00 3.076760e+00 5.000000e+00 
3.077760e+00 3.077760e+00 3.077760e+00 0.000000e+00 3.077760e+00 0.000000e+00 3.077760e+00 5.000000e+00 
3.078760e+00 3.078760e+00 3.078760e+00 0.000000e+00 3.078760e+00 0.000000e+00 3.078760e+00 5.000000e+00 
3.079760e+00 3.079760e+00 3.079760e+00 0.000000e+00 3.079760e+00 0.000000e+00 3.079760e+00 5.000000e+00 
3.080760e+00 3.080760e+00 3.080760e+00 0.000000e+00 3.080760e+00 0.000000e+00 3.080760e+00 5.000000e+00 
3.081760e+00 3.081760e+00 3.081760e+00 0.000000e+00 3.081760e+00 0.000000e+00 3.081760e+00 5.000000e+00 
3.082760e+00 3.082760e+00 3.082760e+00 0.000000e+00 3.082760e+00 0.000000e+00 3.082760e+00 5.000000e+00 
3.083760e+00 3.083760e+00 3.083760e+00 0.000000e+00 3.083760e+00 0.000000e+00 3.083760e+00 5.000000e+00 
3.084760e+00 3.084760e+00 3.084760e+00 0.000000e+00 3.084760e+00 0.000000e+00 3.084760e+00 5.000000e+00 
3.085760e+00 3.085760e+00 3.085760e+00 0.000000e+00 3.085760e+00 0.000000e+00 3.085760e+00 5.000000e+00 
3.086760e+00 3.086760e+00 3.086760e+00 0.000000e+00 3.086760e+00 0.000000e+00 3.086760e+00 5.000000e+00 
3.087760e+00 3.087760e+00 3.087760e+00 0.000000e+00 3.087760e+00 0.000000e+00 3.087760e+00 5.000000e+00 
3.088760e+00 3.088760e+00 3.088760e+00 0.000000e+00 3.088760e+00 0.000000e+00 3.088760e+00 5.000000e+00 
3.089760e+00 3.089760e+00 3.089760e+00 0.000000e+00 3.089760e+00 0.000000e+00 3.089760e+00 5.000000e+00 
3.090760e+00 3.090760e+00 3.090760e+00 0.000000e+00 3.090760e+00 0.000000e+00 3.090760e+00 5.000000e+00 
3.091760e+00 3.091760e+00 3.091760e+00 0.000000e+00 3.091760e+00 0.000000e+00 3.091760e+00 5.000000e+00 
3.092760e+00 3.092760e+00 3.092760e+00 0.000000e+00 3.092760e+00 0.000000e+00 3.092760e+00 5.000000e+00 
3.093760e+00 3.093760e+00 3.093760e+00 0.000000e+00 3.093760e+00 0.000000e+00 3.093760e+00 5.000000e+00 
3.094760e+00 3.094760e+00 3.094760e+00 0.000000e+00 3.094760e+00 0.000000e+00 3.094760e+00 5.000000e+00 
3.095760e+00 3.095760e+00 3.095760e+00 0.000000e+00 3.095760e+00 0.000000e+00 3.095760e+00 5.000000e+00 
3.096760e+00 3.096760e+00 3.096760e+00 0.000000e+00 3.096760e+00 0.000000e+00 3.096760e+00 5.000000e+00 
3.097760e+00 3.097760e+00 3.097760e+00 0.000000e+00 3.097760e+00 0.000000e+00 3.097760e+00 5.000000e+00 
3.098760e+00 3.098760e+00 3.098760e+00 0.000000e+00 3.098760e+00 0.000000e+00 3.098760e+00 5.000000e+00 
3.099760e+00 3.099760e+00 3.099760e+00 0.000000e+00 3.099760e+00 0.000000e+00 3.099760e+00 5.000000e+00 
3.100760e+00 3.100760e+00 3.100760e+00 0.000000e+00 3.100760e+00 0.000000e+00 3.100760e+00 5.000000e+00 
3.101760e+00 3.101760e+00 3.101760e+00 0.000000e+00 3.101760e+00 0.000000e+00 3.101760e+00 5.000000e+00 
3.102760e+00 3.102760e+00 3.102760e+00 0.000000e+00 3.102760e+00 0.000000e+00 3.102760e+00 5.000000e+00 
3.103760e+00 3.103760e+00 3.103760e+00 0.000000e+00 3.103760e+00 0.000000e+00 3.103760e+00 5.000000e+00 
3.104760e+00 3.104760e+00 3.104760e+00 0.000000e+00 3.104760e+00 0.000000e+00 3.104760e+00 5.000000e+00 
3.105760e+00 3.105760e+00 3.105760e+00 0.000000e+00 3.105760e+00 0.000000e+00 3.105760e+00 5.000000e+00 
3.106760e+00 3.106760e+00 3.106760e+00 0.000000e+00 3.106760e+00 0.000000e+00 3.106760e+00 5.000000e+00 
3.107760e+00 3.107760e+00 3.107760e+00 0.000000e+00 3.107760e+00 0.000000e+00 3.107760e+00 5.000000e+00 
3.108760e+00 3.108760e+00 3.108760e+00 0.000000e+00 3.108760e+00 0.000000e+00 3.108760e+00 5.000000e+00 
3.109760e+00 3.109760e+00 3.109760e+00 0.000000e+00 3.109760e+00 0.000000e+00 3.109760e+00 5.000000e+00 
3.110760e+00 3.110760e+00 3.110760e+00 0.000000e+00 3.110760e+00 0.000000e+00 3.110760e+00 5.000000e+00 
3.111760e+00 3.111760e+00 3.111760e+00 0.000000e+00 3.111760e+00 0.000000e+00 3.111760e+00 5.000000e+00 
3.112760e+00 3.112760e+00 3.112760e+00 0.000000e+00 3.112760e+00 0.000000e+00 3.112760e+00 5.000000e+00 
3.113760e+00 3.113760e+00 3.113760e+00 0.000000e+00 3.113760e+00 0.000000e+00 3.113760e+00 5.000000e+00 
3.114760e+00 3.114760e+00 3.114760e+00 0.000000e+00 3.114760e+00 0.000000e+00 3.114760e+00 5.000000e+00 
3.115760e+00 3.115760e+00 3.115760e+00 0.000000e+00 3.115760e+00 0.000000e+00 3.115760e+00 5.000000e+00 
3.116760e+00 3.116760e+00 3.116760e+00 0.000000e+00 3.116760e+00 0.000000e+00 3.116760e+00 5.000000e+00 
3.117760e+00 3.117760e+00 3.117760e+00 0.000000e+00 3.117760e+00 0.000000e+00 3.117760e+00 5.000000e+00 
3.118760e+00 3.118760e+00 3.118760e+00 0.000000e+00 3.118760e+00 0.000000e+00 3.118760e+00 5.000000e+00 
3.119760e+00 3.119760e+00 3.119760e+00 0.000000e+00 3.119760e+00 0.000000e+00 3.119760e+00 5.000000e+00 
3.120760e+00 3.120760e+00 3.120760e+00 0.000000e+00 3.120760e+00 0.000000e+00 3.120760e+00 5.000000e+00 
3.121760e+00 3.121760e+00 3.121760e+00 0.000000e+00 3.121760e+00 0.000000e+00 3.121760e+00 5.000000e+00 
3.122760e+00 3.122760e+00 3.122760e+00 0.000000e+00 3.122760e+00 0.000000e+00 3.122760e+00 5.000000e+00 
3.123760e+00 3.123760e+00 3.123760e+00 0.000000e+00 3.123760e+00 0.000000e+00 3.123760e+00 5.000000e+00 
3.124760e+00 3.124760e+00 3.124760e+00 0.000000e+00 3.124760e+00 0.000000e+00 3.124760e+00 5.000000e+00 
3.125760e+00 3.125760e+00 3.125760e+00 0.000000e+00 3.125760e+00 0.000000e+00 3.125760e+00 5.000000e+00 
3.126760e+00 3.126760e+00 3.126760e+00 0.000000e+00 3.126760e+00 0.000000e+00 3.126760e+00 5.000000e+00 
3.127760e+00 3.127760e+00 3.127760e+00 0.000000e+00 3.127760e+00 0.000000e+00 3.127760e+00 5.000000e+00 
3.128760e+00 3.128760e+00 3.128760e+00 0.000000e+00 3.128760e+00 0.000000e+00 3.128760e+00 5.000000e+00 
3.129760e+00 3.129760e+00 3.129760e+00 0.000000e+00 3.129760e+00 0.000000e+00 3.129760e+00 5.000000e+00 
3.130760e+00 3.130760e+00 3.130760e+00 0.000000e+00 3.130760e+00 0.000000e+00 3.130760e+00 5.000000e+00 
3.131760e+00 3.131760e+00 3.131760e+00 0.000000e+00 3.131760e+00 0.000000e+00 3.131760e+00 5.000000e+00 
3.132760e+00 3.132760e+00 3.132760e+00 0.000000e+00 3.132760e+00 0.000000e+00 3.132760e+00 5.000000e+00 
3.133760e+00 3.133760e+00 3.133760e+00 0.000000e+00 3.133760e+00 0.000000e+00 3.133760e+00 5.000000e+00 
3.134760e+00 3.134760e+00 3.134760e+00 0.000000e+00 3.134760e+00 0.000000e+00 3.134760e+00 5.000000e+00 
3.135760e+00 3.135760e+00 3.135760e+00 0.000000e+00 3.135760e+00 0.000000e+00 3.135760e+00 5.000000e+00 
3.136760e+00 3.136760e+00 3.136760e+00 0.000000e+00 3.136760e+00 0.000000e+00 3.136760e+00 5.000000e+00 
3.137760e+00 3.137760e+00 3.137760e+00 0.000000e+00 3.137760e+00 0.000000e+00 3.137760e+00 5.000000e+00 
3.138760e+00 3.138760e+00 3.138760e+00 0.000000e+00 3.138760e+00 0.000000e+00 3.138760e+00 5.000000e+00 
3.139760e+00 3.139760e+00 3.139760e+00 0.000000e+00 3.139760e+00 0.000000e+00 3.139760e+00 5.000000e+00 
3.140760e+00 3.140760e+00 3.140760e+00 0.000000e+00 3.140760e+00 0.000000e+00 3.140760e+00 5.000000e+00 
3.141760e+00 3.141760e+00 3.141760e+00 0.000000e+00 3.141760e+00 0.000000e+00 3.141760e+00 5.000000e+00 
3.142760e+00 3.142760e+00 3.142760e+00 0.000000e+00 3.142760e+00 0.000000e+00 3.142760e+00 5.000000e+00 
3.143760e+00 3.143760e+00 3.143760e+00 0.000000e+00 3.143760e+00 0.000000e+00 3.143760e+00 5.000000e+00 
3.144760e+00 3.144760e+00 3.144760e+00 0.000000e+00 3.144760e+00 0.000000e+00 3.144760e+00 5.000000e+00 
3.145760e+00 3.145760e+00 3.145760e+00 0.000000e+00 3.145760e+00 0.000000e+00 3.145760e+00 5.000000e+00 
3.146760e+00 3.146760e+00 3.146760e+00 0.000000e+00 3.146760e+00 0.000000e+00 3.146760e+00 5.000000e+00 
3.147760e+00 3.147760e+00 3.147760e+00 0.000000e+00 3.147760e+00 0.000000e+00 3.147760e+00 5.000000e+00 
3.148760e+00 3.148760e+00 3.148760e+00 0.000000e+00 3.148760e+00 0.000000e+00 3.148760e+00 5.000000e+00 
3.149760e+00 3.149760e+00 3.149760e+00 0.000000e+00 3.149760e+00 0.000000e+00 3.149760e+00 5.000000e+00 
3.150760e+00 3.150760e+00 3.150760e+00 0.000000e+00 3.150760e+00 0.000000e+00 3.150760e+00 5.000000e+00 
3.151760e+00 3.151760e+00 3.151760e+00 0.000000e+00 3.151760e+00 0.000000e+00 3.151760e+00 5.000000e+00 
3.152760e+00 3.152760e+00 3.152760e+00 0.000000e+00 3.152760e+00 0.000000e+00 3.152760e+00 5.000000e+00 
3.153760e+00 3.153760e+00 3.153760e+00 0.000000e+00 3.153760e+00 0.000000e+00 3.153760e+00 5.000000e+00 
3.154760e+00 3.154760e+00 3.154760e+00 0.000000e+00 3.154760e+00 0.000000e+00 3.154760e+00 5.000000e+00 
3.155760e+00 3.155760e+00 3.155760e+00 0.000000e+00 3.155760e+00 0.000000e+00 3.155760e+00 5.000000e+00 
3.156760e+00 3.156760e+00 3.156760e+00 0.000000e+00 3.156760e+00 0.000000e+00 3.156760e+00 5.000000e+00 
3.157760e+00 3.157760e+00 3.157760e+00 0.000000e+00 3.157760e+00 0.000000e+00 3.157760e+00 5.000000e+00 
3.158760e+00 3.158760e+00 3.158760e+00 0.000000e+00 3.158760e+00 0.000000e+00 3.158760e+00 5.000000e+00 
3.159760e+00 3.159760e+00 3.159760e+00 0.000000e+00 3.159760e+00 0.000000e+00 3.159760e+00 5.000000e+00 
3.160760e+00 3.160760e+00 3.160760e+00 0.000000e+00 3.160760e+00 0.000000e+00 3.160760e+00 5.000000e+00 
3.161760e+00 3.161760e+00 3.161760e+00 0.000000e+00 3.161760e+00 0.000000e+00 3.161760e+00 5.000000e+00 
3.162760e+00 3.162760e+00 3.162760e+00 0.000000e+00 3.162760e+00 0.000000e+00 3.162760e+00 5.000000e+00 
3.163760e+00 3.163760e+00 3.163760e+00 0.000000e+00 3.163760e+00 0.000000e+00 3.163760e+00 5.000000e+00 
3.164760e+00 3.164760e+00 3.164760e+00 0.000000e+00 3.164760e+00 0.000000e+00 3.164760e+00 5.000000e+00 
3.165760e+00 3.165760e+00 3.165760e+00 0.000000e+00 3.165760e+00 0.000000e+00 3.165760e+00 5.000000e+00 
3.166760e+00 3.166760e+00 3.166760e+00 0.000000e+00 3.166760e+00 0.000000e+00 3.166760e+00 5.000000e+00 
3.167760e+00 3.167760e+00 3.167760e+00 0.000000e+00 3.167760e+00 0.000000e+00 3.167760e+00 5.000000e+00 
3.168760e+00 3.168760e+00 3.168760e+00 0.000000e+00 3.168760e+00 0.000000e+00 3.168760e+00 5.000000e+00 
3.169760e+00 3.169760e+00 3.169760e+00 0.000000e+00 3.169760e+00 0.000000e+00 3.169760e+00 5.000000e+00 
3.170760e+00 3.170760e+00 3.170760e+00 0.000000e+00 3.170760e+00 0.000000e+00 3.170760e+00 5.000000e+00 
3.171760e+00 3.171760e+00 3.171760e+00 0.000000e+00 3.171760e+00 0.000000e+00 3.171760e+00 5.000000e+00 
3.172760e+00 3.172760e+00 3.172760e+00 0.000000e+00 3.172760e+00 0.000000e+00 3.172760e+00 5.000000e+00 
3.173760e+00 3.173760e+00 3.173760e+00 0.000000e+00 3.173760e+00 0.000000e+00 3.173760e+00 5.000000e+00 
3.174760e+00 3.174760e+00 3.174760e+00 0.000000e+00 3.174760e+00 0.000000e+00 3.174760e+00 5.000000e+00 
3.175760e+00 3.175760e+00 3.175760e+00 0.000000e+00 3.175760e+00 0.000000e+00 3.175760e+00 5.000000e+00 
3.176760e+00 3.176760e+00 3.176760e+00 0.000000e+00 3.176760e+00 0.000000e+00 3.176760e+00 5.000000e+00 
3.177760e+00 3.177760e+00 3.177760e+00 0.000000e+00 3.177760e+00 0.000000e+00 3.177760e+00 5.000000e+00 
3.178760e+00 3.178760e+00 3.178760e+00 0.000000e+00 3.178760e+00 0.000000e+00 3.178760e+00 5.000000e+00 
3.179760e+00 3.179760e+00 3.179760e+00 0.000000e+00 3.179760e+00 0.000000e+00 3.179760e+00 5.000000e+00 
3.180760e+00 3.180760e+00 3.180760e+00 0.000000e+00 3.180760e+00 0.000000e+00 3.180760e+00 5.000000e+00 
3.181760e+00 3.181760e+00 3.181760e+00 0.000000e+00 3.181760e+00 0.000000e+00 3.181760e+00 5.000000e+00 
3.182760e+00 3.182760e+00 3.182760e+00 0.000000e+00 3.182760e+00 0.000000e+00 3.182760e+00 5.000000e+00 
3.183760e+00 3.183760e+00 3.183760e+00 0.000000e+00 3.183760e+00 0.000000e+00 3.183760e+00 5.000000e+00 
3.184760e+00 3.184760e+00 3.184760e+00 0.000000e+00 3.184760e+00 0.000000e+00 3.184760e+00 5.000000e+00 
3.185760e+00 3.185760e+00 3.185760e+00 0.000000e+00 3.185760e+00 0.000000e+00 3.185760e+00 5.000000e+00 
3.186760e+00 3.186760e+00 3.186760e+00 0.000000e+00 3.186760e+00 0.000000e+00 3.186760e+00 5.000000e+00 
3.187760e+00 3.187760e+00 3.187760e+00 0.000000e+00 3.187760e+00 0.000000e+00 3.187760e+00 5.000000e+00 
3.188760e+00 3.188760e+00 3.188760e+00 0.000000e+00 3.188760e+00 0.000000e+00 3.188760e+00 5.000000e+00 
3.189760e+00 3.189760e+00 3.189760e+00 0.000000e+00 3.189760e+00 0.000000e+00 3.189760e+00 5.000000e+00 
3.190760e+00 3.190760e+00 3.190760e+00 0.000000e+00 3.190760e+00 0.000000e+00 3.190760e+00 5.000000e+00 
3.191760e+00 3.191760e+00 3.191760e+00 0.000000e+00 3.191760e+00 0.000000e+00 3.191760e+00 5.000000e+00 
3.192760e+00 3.192760e+00 3.192760e+00 0.000000e+00 3.192760e+00 0.000000e+00 3.192760e+00 5.000000e+00 
3.193760e+00 3.193760e+00 3.193760e+00 0.000000e+00 3.193760e+00 0.000000e+00 3.193760e+00 5.000000e+00 
3.194760e+00 3.194760e+00 3.194760e+00 0.000000e+00 3.194760e+00 0.000000e+00 3.194760e+00 5.000000e+00 
3.195760e+00 3.195760e+00 3.195760e+00 0.000000e+00 3.195760e+00 0.000000e+00 3.195760e+00 5.000000e+00 
3.196760e+00 3.196760e+00 3.196760e+00 0.000000e+00 3.196760e+00 0.000000e+00 3.196760e+00 5.000000e+00 
3.197760e+00 3.197760e+00 3.197760e+00 0.000000e+00 3.197760e+00 0.000000e+00 3.197760e+00 5.000000e+00 
3.198760e+00 3.198760e+00 3.198760e+00 0.000000e+00 3.198760e+00 0.000000e+00 3.198760e+00 5.000000e+00 
3.199760e+00 3.199760e+00 3.199760e+00 0.000000e+00 3.199760e+00 0.000000e+00 3.199760e+00 5.000000e+00 
3.200760e+00 3.200760e+00 3.200760e+00 0.000000e+00 3.200760e+00 0.000000e+00 3.200760e+00 5.000000e+00 
3.201760e+00 3.201760e+00 3.201760e+00 0.000000e+00 3.201760e+00 0.000000e+00 3.201760e+00 5.000000e+00 
3.202760e+00 3.202760e+00 3.202760e+00 0.000000e+00 3.202760e+00 0.000000e+00 3.202760e+00 5.000000e+00 
3.203760e+00 3.203760e+00 3.203760e+00 0.000000e+00 3.203760e+00 0.000000e+00 3.203760e+00 5.000000e+00 
3.204760e+00 3.204760e+00 3.204760e+00 0.000000e+00 3.204760e+00 0.000000e+00 3.204760e+00 5.000000e+00 
3.205760e+00 3.205760e+00 3.205760e+00 0.000000e+00 3.205760e+00 0.000000e+00 3.205760e+00 5.000000e+00 
3.206760e+00 3.206760e+00 3.206760e+00 0.000000e+00 3.206760e+00 0.000000e+00 3.206760e+00 5.000000e+00 
3.207760e+00 3.207760e+00 3.207760e+00 0.000000e+00 3.207760e+00 0.000000e+00 3.207760e+00 5.000000e+00 
3.208760e+00 3.208760e+00 3.208760e+00 0.000000e+00 3.208760e+00 0.000000e+00 3.208760e+00 5.000000e+00 
3.209760e+00 3.209760e+00 3.209760e+00 0.000000e+00 3.209760e+00 0.000000e+00 3.209760e+00 5.000000e+00 
3.210760e+00 3.210760e+00 3.210760e+00 0.000000e+00 3.210760e+00 0.000000e+00 3.210760e+00 5.000000e+00 
3.211760e+00 3.211760e+00 3.211760e+00 0.000000e+00 3.211760e+00 0.000000e+00 3.211760e+00 5.000000e+00 
3.212760e+00 3.212760e+00 3.212760e+00 0.000000e+00 3.212760e+00 0.000000e+00 3.212760e+00 5.000000e+00 
3.213760e+00 3.213760e+00 3.213760e+00 0.000000e+00 3.213760e+00 0.000000e+00 3.213760e+00 5.000000e+00 
3.214760e+00 3.214760e+00 3.214760e+00 0.000000e+00 3.214760e+00 0.000000e+00 3.214760e+00 5.000000e+00 
3.215760e+00 3.215760e+00 3.215760e+00 0.000000e+00 3.215760e+00 0.000000e+00 3.215760e+00 5.000000e+00 
3.216760e+00 3.216760e+00 3.216760e+00 0.000000e+00 3.216760e+00 0.000000e+00 3.216760e+00 5.000000e+00 
3.217760e+00 3.217760e+00 3.217760e+00 0.000000e+00 3.217760e+00 0.000000e+00 3.217760e+00 5.000000e+00 
3.218760e+00 3.218760e+00 3.218760e+00 0.000000e+00 3.218760e+00 0.000000e+00 3.218760e+00 5.000000e+00 
3.219760e+00 3.219760e+00 3.219760e+00 0.000000e+00 3.219760e+00 0.000000e+00 3.219760e+00 5.000000e+00 
3.220760e+00 3.220760e+00 3.220760e+00 0.000000e+00 3.220760e+00 0.000000e+00 3.220760e+00 5.000000e+00 
3.221760e+00 3.221760e+00 3.221760e+00 0.000000e+00 3.221760e+00 0.000000e+00 3.221760e+00 5.000000e+00 
3.222760e+00 3.222760e+00 3.222760e+00 0.000000e+00 3.222760e+00 0.000000e+00 3.222760e+00 5.000000e+00 
3.223760e+00 3.223760e+00 3.223760e+00 0.000000e+00 3.223760e+00 0.000000e+00 3.223760e+00 5.000000e+00 
3.224760e+00 3.224760e+00 3.224760e+00 0.000000e+00 3.224760e+00 0.000000e+00 3.224760e+00 5.000000e+00 
3.225760e+00 3.225760e+00 3.225760e+00 0.000000e+00 3.225760e+00 0.000000e+00 3.225760e+00 5.000000e+00 
3.226760e+00 3.226760e+00 3.226760e+00 0.000000e+00 3.226760e+00 0.000000e+00 3.226760e+00 5.000000e+00 
3.227760e+00 3.227760e+00 3.227760e+00 0.000000e+00 3.227760e+00 0.000000e+00 3.227760e+00 5.000000e+00 
3.228760e+00 3.228760e+00 3.228760e+00 0.000000e+00 3.228760e+00 0.000000e+00 3.228760e+00 5.000000e+00 
3.229760e+00 3.229760e+00 3.229760e+00 0.000000e+00 3.229760e+00 0.000000e+00 3.229760e+00 5.000000e+00 
3.230760e+00 3.230760e+00 3.230760e+00 0.000000e+00 3.230760e+00 0.000000e+00 3.230760e+00 5.000000e+00 
3.231760e+00 3.231760e+00 3.231760e+00 0.000000e+00 3.231760e+00 0.000000e+00 3.231760e+00 5.000000e+00 
3.232760e+00 3.232760e+00 3.232760e+00 0.000000e+00 3.232760e+00 0.000000e+00 3.232760e+00 5.000000e+00 
3.233760e+00 3.233760e+00 3.233760e+00 0.000000e+00 3.233760e+00 0.000000e+00 3.233760e+00 5.000000e+00 
3.234760e+00 3.234760e+00 3.234760e+00 0.000000e+00 3.234760e+00 0.000000e+00 3.234760e+00 5.000000e+00 
3.235760e+00 3.235760e+00 3.235760e+00 0.000000e+00 3.235760e+00 0.000000e+00 3.235760e+00 5.000000e+00 
3.236760e+00 3.236760e+00 3.236760e+00 0.000000e+00 3.236760e+00 0.000000e+00 3.236760e+00 5.000000e+00 
3.237760e+00 3.237760e+00 3.237760e+00 0.000000e+00 3.237760e+00 0.000000e+00 3.237760e+00 5.000000e+00 
3.238760e+00 3.238760e+00 3.238760e+00 0.000000e+00 3.238760e+00 0.000000e+00 3.238760e+00 5.000000e+00 
3.239760e+00 3.239760e+00 3.239760e+00 0.000000e+00 3.239760e+00 0.000000e+00 3.239760e+00 5.000000e+00 
3.240760e+00 3.240760e+00 3.240760e+00 0.000000e+00 3.240760e+00 0.000000e+00 3.240760e+00 5.000000e+00 
3.241760e+00 3.241760e+00 3.241760e+00 0.000000e+00 3.241760e+00 0.000000e+00 3.241760e+00 5.000000e+00 
3.242760e+00 3.242760e+00 3.242760e+00 0.000000e+00 3.242760e+00 0.000000e+00 3.242760e+00 5.000000e+00 
3.243760e+00 3.243760e+00 3.243760e+00 0.000000e+00 3.243760e+00 0.000000e+00 3.243760e+00 5.000000e+00 
3.244760e+00 3.244760e+00 3.244760e+00 0.000000e+00 3.244760e+00 0.000000e+00 3.244760e+00 5.000000e+00 
3.245760e+00 3.245760e+00 3.245760e+00 0.000000e+00 3.245760e+00 0.000000e+00 3.245760e+00 5.000000e+00 
3.246760e+00 3.246760e+00 3.246760e+00 0.000000e+00 3.246760e+00 0.000000e+00 3.246760e+00 5.000000e+00 
3.247760e+00 3.247760e+00 3.247760e+00 0.000000e+00 3.247760e+00 0.000000e+00 3.247760e+00 5.000000e+00 
3.248760e+00 3.248760e+00 3.248760e+00 0.000000e+00 3.248760e+00 0.000000e+00 3.248760e+00 5.000000e+00 
3.249760e+00 3.249760e+00 3.249760e+00 0.000000e+00 3.249760e+00 0.000000e+00 3.249760e+00 5.000000e+00 
3.250760e+00 3.250760e+00 3.250760e+00 0.000000e+00 3.250760e+00 0.000000e+00 3.250760e+00 5.000000e+00 
3.251760e+00 3.251760e+00 3.251760e+00 0.000000e+00 3.251760e+00 0.000000e+00 3.251760e+00 5.000000e+00 
3.252760e+00 3.252760e+00 3.252760e+00 0.000000e+00 3.252760e+00 0.000000e+00 3.252760e+00 5.000000e+00 
3.253760e+00 3.253760e+00 3.253760e+00 0.000000e+00 3.253760e+00 0.000000e+00 3.253760e+00 5.000000e+00 
3.254760e+00 3.254760e+00 3.254760e+00 0.000000e+00 3.254760e+00 0.000000e+00 3.254760e+00 5.000000e+00 
3.255760e+00 3.255760e+00 3.255760e+00 0.000000e+00 3.255760e+00 0.000000e+00 3.255760e+00 5.000000e+00 
3.256760e+00 3.256760e+00 3.256760e+00 0.000000e+00 3.256760e+00 0.000000e+00 3.256760e+00 5.000000e+00 
3.257760e+00 3.257760e+00 3.257760e+00 0.000000e+00 3.257760e+00 0.000000e+00 3.257760e+00 5.000000e+00 
3.258760e+00 3.258760e+00 3.258760e+00 0.000000e+00 3.258760e+00 0.000000e+00 3.258760e+00 5.000000e+00 
3.259760e+00 3.259760e+00 3.259760e+00 0.000000e+00 3.259760e+00 0.000000e+00 3.259760e+00 5.000000e+00 
3.260760e+00 3.260760e+00 3.260760e+00 0.000000e+00 3.260760e+00 0.000000e+00 3.260760e+00 5.000000e+00 
3.261760e+00 3.261760e+00 3.261760e+00 0.000000e+00 3.261760e+00 0.000000e+00 3.261760e+00 5.000000e+00 
3.262760e+00 3.262760e+00 3.262760e+00 0.000000e+00 3.262760e+00 0.000000e+00 3.262760e+00 5.000000e+00 
3.263760e+00 3.263760e+00 3.263760e+00 0.000000e+00 3.263760e+00 0.000000e+00 3.263760e+00 5.000000e+00 
3.264760e+00 3.264760e+00 3.264760e+00 0.000000e+00 3.264760e+00 0.000000e+00 3.264760e+00 5.000000e+00 
3.265760e+00 3.265760e+00 3.265760e+00 0.000000e+00 3.265760e+00 0.000000e+00 3.265760e+00 5.000000e+00 
3.266760e+00 3.266760e+00 3.266760e+00 0.000000e+00 3.266760e+00 0.000000e+00 3.266760e+00 5.000000e+00 
3.267760e+00 3.267760e+00 3.267760e+00 0.000000e+00 3.267760e+00 0.000000e+00 3.267760e+00 5.000000e+00 
3.268760e+00 3.268760e+00 3.268760e+00 0.000000e+00 3.268760e+00 0.000000e+00 3.268760e+00 5.000000e+00 
3.269760e+00 3.269760e+00 3.269760e+00 0.000000e+00 3.269760e+00 0.000000e+00 3.269760e+00 5.000000e+00 
3.270760e+00 3.270760e+00 3.270760e+00 0.000000e+00 3.270760e+00 0.000000e+00 3.270760e+00 5.000000e+00 
3.271760e+00 3.271760e+00 3.271760e+00 0.000000e+00 3.271760e+00 0.000000e+00 3.271760e+00 5.000000e+00 
3.272760e+00 3.272760e+00 3.272760e+00 0.000000e+00 3.272760e+00 0.000000e+00 3.272760e+00 5.000000e+00 
3.273760e+00 3.273760e+00 3.273760e+00 0.000000e+00 3.273760e+00 0.000000e+00 3.273760e+00 5.000000e+00 
3.274760e+00 3.274760e+00 3.274760e+00 0.000000e+00 3.274760e+00 0.000000e+00 3.274760e+00 5.000000e+00 
3.275760e+00 3.275760e+00 3.275760e+00 0.000000e+00 3.275760e+00 0.000000e+00 3.275760e+00 5.000000e+00 
3.276760e+00 3.276760e+00 3.276760e+00 0.000000e+00 3.276760e+00 0.000000e+00 3.276760e+00 5.000000e+00 
3.277760e+00 3.277760e+00 3.277760e+00 0.000000e+00 3.277760e+00 0.000000e+00 3.277760e+00 5.000000e+00 
3.278760e+00 3.278760e+00 3.278760e+00 0.000000e+00 3.278760e+00 0.000000e+00 3.278760e+00 5.000000e+00 
3.279760e+00 3.279760e+00 3.279760e+00 0.000000e+00 3.279760e+00 0.000000e+00 3.279760e+00 5.000000e+00 
3.280760e+00 3.280760e+00 3.280760e+00 0.000000e+00 3.280760e+00 0.000000e+00 3.280760e+00 5.000000e+00 
3.281760e+00 3.281760e+00 3.281760e+00 0.000000e+00 3.281760e+00 0.000000e+00 3.281760e+00 5.000000e+00 
3.282760e+00 3.282760e+00 3.282760e+00 0.000000e+00 3.282760e+00 0.000000e+00 3.282760e+00 5.000000e+00 
3.283760e+00 3.283760e+00 3.283760e+00 0.000000e+00 3.283760e+00 0.000000e+00 3.283760e+00 5.000000e+00 
3.284760e+00 3.284760e+00 3.284760e+00 0.000000e+00 3.284760e+00 0.000000e+00 3.284760e+00 5.000000e+00 
3.285760e+00 3.285760e+00 3.285760e+00 0.000000e+00 3.285760e+00 0.000000e+00 3.285760e+00 5.000000e+00 
3.286760e+00 3.286760e+00 3.286760e+00 0.000000e+00 3.286760e+00 0.000000e+00 3.286760e+00 5.000000e+00 
3.287760e+00 3.287760e+00 3.287760e+00 0.000000e+00 3.287760e+00 0.000000e+00 3.287760e+00 5.000000e+00 
3.288760e+00 3.288760e+00 3.288760e+00 0.000000e+00 3.288760e+00 0.000000e+00 3.288760e+00 5.000000e+00 
3.289760e+00 3.289760e+00 3.289760e+00 0.000000e+00 3.289760e+00 0.000000e+00 3.289760e+00 5.000000e+00 
3.290760e+00 3.290760e+00 3.290760e+00 0.000000e+00 3.290760e+00 0.000000e+00 3.290760e+00 5.000000e+00 
3.291760e+00 3.291760e+00 3.291760e+00 0.000000e+00 3.291760e+00 0.000000e+00 3.291760e+00 5.000000e+00 
3.292760e+00 3.292760e+00 3.292760e+00 0.000000e+00 3.292760e+00 0.000000e+00 3.292760e+00 5.000000e+00 
3.293760e+00 3.293760e+00 3.293760e+00 0.000000e+00 3.293760e+00 0.000000e+00 3.293760e+00 5.000000e+00 
3.294760e+00 3.294760e+00 3.294760e+00 0.000000e+00 3.294760e+00 0.000000e+00 3.294760e+00 5.000000e+00 
3.295760e+00 3.295760e+00 3.295760e+00 0.000000e+00 3.295760e+00 0.000000e+00 3.295760e+00 5.000000e+00 
3.296760e+00 3.296760e+00 3.296760e+00 0.000000e+00 3.296760e+00 0.000000e+00 3.296760e+00 5.000000e+00 
3.297760e+00 3.297760e+00 3.297760e+00 0.000000e+00 3.297760e+00 0.000000e+00 3.297760e+00 5.000000e+00 
3.298760e+00 3.298760e+00 3.298760e+00 0.000000e+00 3.298760e+00 0.000000e+00 3.298760e+00 5.000000e+00 
3.299760e+00 3.299760e+00 3.299760e+00 0.000000e+00 3.299760e+00 0.000000e+00 3.299760e+00 5.000000e+00 
3.300760e+00 3.300760e+00 3.300760e+00 0.000000e+00 3.300760e+00 0.000000e+00 3.300760e+00 5.000000e+00 
3.301760e+00 3.301760e+00 3.301760e+00 0.000000e+00 3.301760e+00 0.000000e+00 3.301760e+00 5.000000e+00 
3.302760e+00 3.302760e+00 3.302760e+00 0.000000e+00 3.302760e+00 0.000000e+00 3.302760e+00 5.000000e+00 
3.303760e+00 3.303760e+00 3.303760e+00 0.000000e+00 3.303760e+00 0.000000e+00 3.303760e+00 5.000000e+00 
3.304760e+00 3.304760e+00 3.304760e+00 0.000000e+00 3.304760e+00 0.000000e+00 3.304760e+00 5.000000e+00 
3.305760e+00 3.305760e+00 3.305760e+00 0.000000e+00 3.305760e+00 0.000000e+00 3.305760e+00 5.000000e+00 
3.306760e+00 3.306760e+00 3.306760e+00 0.000000e+00 3.306760e+00 0.000000e+00 3.306760e+00 5.000000e+00 
3.307760e+00 3.307760e+00 3.307760e+00 0.000000e+00 3.307760e+00 0.000000e+00 3.307760e+00 5.000000e+00 
3.308760e+00 3.308760e+00 3.308760e+00 0.000000e+00 3.308760e+00 0.000000e+00 3.308760e+00 5.000000e+00 
3.309760e+00 3.309760e+00 3.309760e+00 0.000000e+00 3.309760e+00 0.000000e+00 3.309760e+00 5.000000e+00 
3.310760e+00 3.310760e+00 3.310760e+00 0.000000e+00 3.310760e+00 0.000000e+00 3.310760e+00 5.000000e+00 
3.311760e+00 3.311760e+00 3.311760e+00 0.000000e+00 3.311760e+00 0.000000e+00 3.311760e+00 5.000000e+00 
3.312760e+00 3.312760e+00 3.312760e+00 0.000000e+00 3.312760e+00 0.000000e+00 3.312760e+00 5.000000e+00 
3.313760e+00 3.313760e+00 3.313760e+00 0.000000e+00 3.313760e+00 0.000000e+00 3.313760e+00 5.000000e+00 
3.314760e+00 3.314760e+00 3.314760e+00 0.000000e+00 3.314760e+00 0.000000e+00 3.314760e+00 5.000000e+00 
3.315760e+00 3.315760e+00 3.315760e+00 0.000000e+00 3.315760e+00 0.000000e+00 3.315760e+00 5.000000e+00 
3.316760e+00 3.316760e+00 3.316760e+00 0.000000e+00 3.316760e+00 0.000000e+00 3.316760e+00 5.000000e+00 
3.317760e+00 3.317760e+00 3.317760e+00 0.000000e+00 3.317760e+00 0.000000e+00 3.317760e+00 5.000000e+00 
3.318760e+00 3.318760e+00 3.318760e+00 0.000000e+00 3.318760e+00 0.000000e+00 3.318760e+00 5.000000e+00 
3.319760e+00 3.319760e+00 3.319760e+00 0.000000e+00 3.319760e+00 0.000000e+00 3.319760e+00 5.000000e+00 
3.320760e+00 3.320760e+00 3.320760e+00 0.000000e+00 3.320760e+00 0.000000e+00 3.320760e+00 5.000000e+00 
3.321760e+00 3.321760e+00 3.321760e+00 0.000000e+00 3.321760e+00 0.000000e+00 3.321760e+00 5.000000e+00 
3.322760e+00 3.322760e+00 3.322760e+00 0.000000e+00 3.322760e+00 0.000000e+00 3.322760e+00 5.000000e+00 
3.323760e+00 3.323760e+00 3.323760e+00 0.000000e+00 3.323760e+00 0.000000e+00 3.323760e+00 5.000000e+00 
3.324760e+00 3.324760e+00 3.324760e+00 0.000000e+00 3.324760e+00 0.000000e+00 3.324760e+00 5.000000e+00 
3.325760e+00 3.325760e+00 3.325760e+00 0.000000e+00 3.325760e+00 0.000000e+00 3.325760e+00 5.000000e+00 
3.326760e+00 3.326760e+00 3.326760e+00 0.000000e+00 3.326760e+00 0.000000e+00 3.326760e+00 5.000000e+00 
3.327760e+00 3.327760e+00 3.327760e+00 0.000000e+00 3.327760e+00 0.000000e+00 3.327760e+00 5.000000e+00 
3.328760e+00 3.328760e+00 3.328760e+00 0.000000e+00 3.328760e+00 0.000000e+00 3.328760e+00 5.000000e+00 
3.329760e+00 3.329760e+00 3.329760e+00 0.000000e+00 3.329760e+00 0.000000e+00 3.329760e+00 5.000000e+00 
3.330760e+00 3.330760e+00 3.330760e+00 0.000000e+00 3.330760e+00 0.000000e+00 3.330760e+00 5.000000e+00 
3.331760e+00 3.331760e+00 3.331760e+00 0.000000e+00 3.331760e+00 0.000000e+00 3.331760e+00 5.000000e+00 
3.332760e+00 3.332760e+00 3.332760e+00 0.000000e+00 3.332760e+00 0.000000e+00 3.332760e+00 5.000000e+00 
3.333760e+00 3.333760e+00 3.333760e+00 0.000000e+00 3.333760e+00 0.000000e+00 3.333760e+00 5.000000e+00 
3.334760e+00 3.334760e+00 3.334760e+00 0.000000e+00 3.334760e+00 0.000000e+00 3.334760e+00 5.000000e+00 
3.335760e+00 3.335760e+00 3.335760e+00 0.000000e+00 3.335760e+00 0.000000e+00 3.335760e+00 5.000000e+00 
3.336760e+00 3.336760e+00 3.336760e+00 0.000000e+00 3.336760e+00 0.000000e+00 3.336760e+00 5.000000e+00 
3.337760e+00 3.337760e+00 3.337760e+00 0.000000e+00 3.337760e+00 0.000000e+00 3.337760e+00 5.000000e+00 
3.338760e+00 3.338760e+00 3.338760e+00 0.000000e+00 3.338760e+00 0.000000e+00 3.338760e+00 5.000000e+00 
3.339760e+00 3.339760e+00 3.339760e+00 0.000000e+00 3.339760e+00 0.000000e+00 3.339760e+00 5.000000e+00 
3.340760e+00 3.340760e+00 3.340760e+00 0.000000e+00 3.340760e+00 0.000000e+00 3.340760e+00 5.000000e+00 
3.341760e+00 3.341760e+00 3.341760e+00 0.000000e+00 3.341760e+00 0.000000e+00 3.341760e+00 5.000000e+00 
3.342760e+00 3.342760e+00 3.342760e+00 0.000000e+00 3.342760e+00 0.000000e+00 3.342760e+00 5.000000e+00 
3.343760e+00 3.343760e+00 3.343760e+00 0.000000e+00 3.343760e+00 0.000000e+00 3.343760e+00 5.000000e+00 
3.344760e+00 3.344760e+00 3.344760e+00 0.000000e+00 3.344760e+00 0.000000e+00 3.344760e+00 5.000000e+00 
3.345760e+00 3.345760e+00 3.345760e+00 0.000000e+00 3.345760e+00 0.000000e+00 3.345760e+00 5.000000e+00 
3.346760e+00 3.346760e+00 3.346760e+00 0.000000e+00 3.346760e+00 0.000000e+00 3.346760e+00 5.000000e+00 
3.347760e+00 3.347760e+00 3.347760e+00 0.000000e+00 3.347760e+00 0.000000e+00 3.347760e+00 5.000000e+00 
3.348760e+00 3.348760e+00 3.348760e+00 0.000000e+00 3.348760e+00 0.000000e+00 3.348760e+00 5.000000e+00 
3.349760e+00 3.349760e+00 3.349760e+00 0.000000e+00 3.349760e+00 0.000000e+00 3.349760e+00 5.000000e+00 
3.350760e+00 3.350760e+00 3.350760e+00 0.000000e+00 3.350760e+00 0.000000e+00 3.350760e+00 5.000000e+00 
3.351760e+00 3.351760e+00 3.351760e+00 0.000000e+00 3.351760e+00 0.000000e+00 3.351760e+00 5.000000e+00 
3.352760e+00 3.352760e+00 3.352760e+00 0.000000e+00 3.352760e+00 0.000000e+00 3.352760e+00 5.000000e+00 
3.353760e+00 3.353760e+00 3.353760e+00 0.000000e+00 3.353760e+00 0.000000e+00 3.353760e+00 5.000000e+00 
3.354760e+00 3.354760e+00 3.354760e+00 0.000000e+00 3.354760e+00 0.000000e+00 3.354760e+00 5.000000e+00 
3.355760e+00 3.355760e+00 3.355760e+00 0.000000e+00 3.355760e+00 0.000000e+00 3.355760e+00 5.000000e+00 
3.356760e+00 3.356760e+00 3.356760e+00 0.000000e+00 3.356760e+00 0.000000e+00 3.356760e+00 5.000000e+00 
3.357760e+00 3.357760e+00 3.357760e+00 0.000000e+00 3.357760e+00 0.000000e+00 3.357760e+00 5.000000e+00 
3.358760e+00 3.358760e+00 3.358760e+00 0.000000e+00 3.358760e+00 0.000000e+00 3.358760e+00 5.000000e+00 
3.359760e+00 3.359760e+00 3.359760e+00 0.000000e+00 3.359760e+00 0.000000e+00 3.359760e+00 5.000000e+00 
3.360760e+00 3.360760e+00 3.360760e+00 0.000000e+00 3.360760e+00 0.000000e+00 3.360760e+00 5.000000e+00 
3.361760e+00 3.361760e+00 3.361760e+00 0.000000e+00 3.361760e+00 0.000000e+00 3.361760e+00 5.000000e+00 
3.362760e+00 3.362760e+00 3.362760e+00 0.000000e+00 3.362760e+00 0.000000e+00 3.362760e+00 5.000000e+00 
3.363760e+00 3.363760e+00 3.363760e+00 0.000000e+00 3.363760e+00 0.000000e+00 3.363760e+00 5.000000e+00 
3.364760e+00 3.364760e+00 3.364760e+00 0.000000e+00 3.364760e+00 0.000000e+00 3.364760e+00 5.000000e+00 
3.365760e+00 3.365760e+00 3.365760e+00 0.000000e+00 3.365760e+00 0.000000e+00 3.365760e+00 5.000000e+00 
3.366760e+00 3.366760e+00 3.366760e+00 0.000000e+00 3.366760e+00 0.000000e+00 3.366760e+00 5.000000e+00 
3.367760e+00 3.367760e+00 3.367760e+00 0.000000e+00 3.367760e+00 0.000000e+00 3.367760e+00 5.000000e+00 
3.368760e+00 3.368760e+00 3.368760e+00 0.000000e+00 3.368760e+00 0.000000e+00 3.368760e+00 5.000000e+00 
3.369760e+00 3.369760e+00 3.369760e+00 0.000000e+00 3.369760e+00 0.000000e+00 3.369760e+00 5.000000e+00 
3.370760e+00 3.370760e+00 3.370760e+00 0.000000e+00 3.370760e+00 0.000000e+00 3.370760e+00 5.000000e+00 
3.371760e+00 3.371760e+00 3.371760e+00 0.000000e+00 3.371760e+00 0.000000e+00 3.371760e+00 5.000000e+00 
3.372760e+00 3.372760e+00 3.372760e+00 0.000000e+00 3.372760e+00 0.000000e+00 3.372760e+00 5.000000e+00 
3.373760e+00 3.373760e+00 3.373760e+00 0.000000e+00 3.373760e+00 0.000000e+00 3.373760e+00 5.000000e+00 
3.374760e+00 3.374760e+00 3.374760e+00 0.000000e+00 3.374760e+00 0.000000e+00 3.374760e+00 5.000000e+00 
3.375760e+00 3.375760e+00 3.375760e+00 0.000000e+00 3.375760e+00 0.000000e+00 3.375760e+00 5.000000e+00 
3.376760e+00 3.376760e+00 3.376760e+00 0.000000e+00 3.376760e+00 0.000000e+00 3.376760e+00 5.000000e+00 
3.377760e+00 3.377760e+00 3.377760e+00 0.000000e+00 3.377760e+00 0.000000e+00 3.377760e+00 5.000000e+00 
3.378760e+00 3.378760e+00 3.378760e+00 0.000000e+00 3.378760e+00 0.000000e+00 3.378760e+00 5.000000e+00 
3.379760e+00 3.379760e+00 3.379760e+00 0.000000e+00 3.379760e+00 0.000000e+00 3.379760e+00 5.000000e+00 
3.380760e+00 3.380760e+00 3.380760e+00 0.000000e+00 3.380760e+00 0.000000e+00 3.380760e+00 5.000000e+00 
3.381760e+00 3.381760e+00 3.381760e+00 0.000000e+00 3.381760e+00 0.000000e+00 3.381760e+00 5.000000e+00 
3.382760e+00 3.382760e+00 3.382760e+00 0.000000e+00 3.382760e+00 0.000000e+00 3.382760e+00 5.000000e+00 
3.383760e+00 3.383760e+00 3.383760e+00 0.000000e+00 3.383760e+00 0.000000e+00 3.383760e+00 5.000000e+00 
3.384760e+00 3.384760e+00 3.384760e+00 0.000000e+00 3.384760e+00 0.000000e+00 3.384760e+00 5.000000e+00 
3.385760e+00 3.385760e+00 3.385760e+00 0.000000e+00 3.385760e+00 0.000000e+00 3.385760e+00 5.000000e+00 
3.386760e+00 3.386760e+00 3.386760e+00 0.000000e+00 3.386760e+00 0.000000e+00 3.386760e+00 5.000000e+00 
3.387760e+00 3.387760e+00 3.387760e+00 0.000000e+00 3.387760e+00 0.000000e+00 3.387760e+00 5.000000e+00 
3.388760e+00 3.388760e+00 3.388760e+00 0.000000e+00 3.388760e+00 0.000000e+00 3.388760e+00 5.000000e+00 
3.389760e+00 3.389760e+00 3.389760e+00 0.000000e+00 3.389760e+00 0.000000e+00 3.389760e+00 5.000000e+00 
3.390760e+00 3.390760e+00 3.390760e+00 0.000000e+00 3.390760e+00 0.000000e+00 3.390760e+00 5.000000e+00 
3.391760e+00 3.391760e+00 3.391760e+00 0.000000e+00 3.391760e+00 0.000000e+00 3.391760e+00 5.000000e+00 
3.392760e+00 3.392760e+00 3.392760e+00 0.000000e+00 3.392760e+00 0.000000e+00 3.392760e+00 5.000000e+00 
3.393760e+00 3.393760e+00 3.393760e+00 0.000000e+00 3.393760e+00 0.000000e+00 3.393760e+00 5.000000e+00 
3.394760e+00 3.394760e+00 3.394760e+00 0.000000e+00 3.394760e+00 0.000000e+00 3.394760e+00 5.000000e+00 
3.395760e+00 3.395760e+00 3.395760e+00 0.000000e+00 3.395760e+00 0.000000e+00 3.395760e+00 5.000000e+00 
3.396760e+00 3.396760e+00 3.396760e+00 0.000000e+00 3.396760e+00 0.000000e+00 3.396760e+00 5.000000e+00 
3.397760e+00 3.397760e+00 3.397760e+00 0.000000e+00 3.397760e+00 0.000000e+00 3.397760e+00 5.000000e+00 
3.398760e+00 3.398760e+00 3.398760e+00 0.000000e+00 3.398760e+00 0.000000e+00 3.398760e+00 5.000000e+00 
3.399760e+00 3.399760e+00 3.399760e+00 0.000000e+00 3.399760e+00 0.000000e+00 3.399760e+00 5.000000e+00 
3.400760e+00 3.400760e+00 3.400760e+00 0.000000e+00 3.400760e+00 0.000000e+00 3.400760e+00 5.000000e+00 
3.401760e+00 3.401760e+00 3.401760e+00 0.000000e+00 3.401760e+00 0.000000e+00 3.401760e+00 5.000000e+00 
3.402760e+00 3.402760e+00 3.402760e+00 0.000000e+00 3.402760e+00 0.000000e+00 3.402760e+00 5.000000e+00 
3.403760e+00 3.403760e+00 3.403760e+00 0.000000e+00 3.403760e+00 0.000000e+00 3.403760e+00 5.000000e+00 
3.404760e+00 3.404760e+00 3.404760e+00 0.000000e+00 3.404760e+00 0.000000e+00 3.404760e+00 5.000000e+00 
3.405760e+00 3.405760e+00 3.405760e+00 0.000000e+00 3.405760e+00 0.000000e+00 3.405760e+00 5.000000e+00 
3.406760e+00 3.406760e+00 3.406760e+00 0.000000e+00 3.406760e+00 0.000000e+00 3.406760e+00 5.000000e+00 
3.407760e+00 3.407760e+00 3.407760e+00 0.000000e+00 3.407760e+00 0.000000e+00 3.407760e+00 5.000000e+00 
3.408760e+00 3.408760e+00 3.408760e+00 0.000000e+00 3.408760e+00 0.000000e+00 3.408760e+00 5.000000e+00 
3.409760e+00 3.409760e+00 3.409760e+00 0.000000e+00 3.409760e+00 0.000000e+00 3.409760e+00 5.000000e+00 
3.410760e+00 3.410760e+00 3.410760e+00 0.000000e+00 3.410760e+00 0.000000e+00 3.410760e+00 5.000000e+00 
3.411760e+00 3.411760e+00 3.411760e+00 0.000000e+00 3.411760e+00 0.000000e+00 3.411760e+00 5.000000e+00 
3.412760e+00 3.412760e+00 3.412760e+00 0.000000e+00 3.412760e+00 0.000000e+00 3.412760e+00 5.000000e+00 
3.413760e+00 3.413760e+00 3.413760e+00 0.000000e+00 3.413760e+00 0.000000e+00 3.413760e+00 5.000000e+00 
3.414760e+00 3.414760e+00 3.414760e+00 0.000000e+00 3.414760e+00 0.000000e+00 3.414760e+00 5.000000e+00 
3.415760e+00 3.415760e+00 3.415760e+00 0.000000e+00 3.415760e+00 0.000000e+00 3.415760e+00 5.000000e+00 
3.416760e+00 3.416760e+00 3.416760e+00 0.000000e+00 3.416760e+00 0.000000e+00 3.416760e+00 5.000000e+00 
3.417760e+00 3.417760e+00 3.417760e+00 0.000000e+00 3.417760e+00 0.000000e+00 3.417760e+00 5.000000e+00 
3.418760e+00 3.418760e+00 3.418760e+00 0.000000e+00 3.418760e+00 0.000000e+00 3.418760e+00 5.000000e+00 
3.419760e+00 3.419760e+00 3.419760e+00 0.000000e+00 3.419760e+00 0.000000e+00 3.419760e+00 5.000000e+00 
3.420760e+00 3.420760e+00 3.420760e+00 0.000000e+00 3.420760e+00 0.000000e+00 3.420760e+00 5.000000e+00 
3.421760e+00 3.421760e+00 3.421760e+00 0.000000e+00 3.421760e+00 0.000000e+00 3.421760e+00 5.000000e+00 
3.422760e+00 3.422760e+00 3.422760e+00 0.000000e+00 3.422760e+00 0.000000e+00 3.422760e+00 5.000000e+00 
3.423760e+00 3.423760e+00 3.423760e+00 0.000000e+00 3.423760e+00 0.000000e+00 3.423760e+00 5.000000e+00 
3.424760e+00 3.424760e+00 3.424760e+00 0.000000e+00 3.424760e+00 0.000000e+00 3.424760e+00 5.000000e+00 
3.425760e+00 3.425760e+00 3.425760e+00 0.000000e+00 3.425760e+00 0.000000e+00 3.425760e+00 5.000000e+00 
3.426760e+00 3.426760e+00 3.426760e+00 0.000000e+00 3.426760e+00 0.000000e+00 3.426760e+00 5.000000e+00 
3.427760e+00 3.427760e+00 3.427760e+00 0.000000e+00 3.427760e+00 0.000000e+00 3.427760e+00 5.000000e+00 
3.428760e+00 3.428760e+00 3.428760e+00 0.000000e+00 3.428760e+00 0.000000e+00 3.428760e+00 5.000000e+00 
3.429760e+00 3.429760e+00 3.429760e+00 0.000000e+00 3.429760e+00 0.000000e+00 3.429760e+00 5.000000e+00 
3.430760e+00 3.430760e+00 3.430760e+00 0.000000e+00 3.430760e+00 0.000000e+00 3.430760e+00 5.000000e+00 
3.431760e+00 3.431760e+00 3.431760e+00 0.000000e+00 3.431760e+00 0.000000e+00 3.431760e+00 5.000000e+00 
3.432760e+00 3.432760e+00 3.432760e+00 0.000000e+00 3.432760e+00 0.000000e+00 3.432760e+00 5.000000e+00 
3.433760e+00 3.433760e+00 3.433760e+00 0.000000e+00 3.433760e+00 0.000000e+00 3.433760e+00 5.000000e+00 
3.434760e+00 3.434760e+00 3.434760e+00 0.000000e+00 3.434760e+00 0.000000e+00 3.434760e+00 5.000000e+00 
3.435760e+00 3.435760e+00 3.435760e+00 0.000000e+00 3.435760e+00 0.000000e+00 3.435760e+00 5.000000e+00 
3.436760e+00 3.436760e+00 3.436760e+00 0.000000e+00 3.436760e+00 0.000000e+00 3.436760e+00 5.000000e+00 
3.437760e+00 3.437760e+00 3.437760e+00 0.000000e+00 3.437760e+00 0.000000e+00 3.437760e+00 5.000000e+00 
3.438760e+00 3.438760e+00 3.438760e+00 0.000000e+00 3.438760e+00 0.000000e+00 3.438760e+00 5.000000e+00 
3.439760e+00 3.439760e+00 3.439760e+00 0.000000e+00 3.439760e+00 0.000000e+00 3.439760e+00 5.000000e+00 
3.440760e+00 3.440760e+00 3.440760e+00 0.000000e+00 3.440760e+00 0.000000e+00 3.440760e+00 5.000000e+00 
3.441760e+00 3.441760e+00 3.441760e+00 0.000000e+00 3.441760e+00 0.000000e+00 3.441760e+00 5.000000e+00 
3.442760e+00 3.442760e+00 3.442760e+00 0.000000e+00 3.442760e+00 0.000000e+00 3.442760e+00 5.000000e+00 
3.443760e+00 3.443760e+00 3.443760e+00 0.000000e+00 3.443760e+00 0.000000e+00 3.443760e+00 5.000000e+00 
3.444760e+00 3.444760e+00 3.444760e+00 0.000000e+00 3.444760e+00 0.000000e+00 3.444760e+00 5.000000e+00 
3.445760e+00 3.445760e+00 3.445760e+00 0.000000e+00 3.445760e+00 0.000000e+00 3.445760e+00 5.000000e+00 
3.446760e+00 3.446760e+00 3.446760e+00 0.000000e+00 3.446760e+00 0.000000e+00 3.446760e+00 5.000000e+00 
3.447760e+00 3.447760e+00 3.447760e+00 0.000000e+00 3.447760e+00 0.000000e+00 3.447760e+00 5.000000e+00 
3.448760e+00 3.448760e+00 3.448760e+00 0.000000e+00 3.448760e+00 0.000000e+00 3.448760e+00 5.000000e+00 
3.449760e+00 3.449760e+00 3.449760e+00 0.000000e+00 3.449760e+00 0.000000e+00 3.449760e+00 5.000000e+00 
3.450760e+00 3.450760e+00 3.450760e+00 0.000000e+00 3.450760e+00 0.000000e+00 3.450760e+00 5.000000e+00 
3.451760e+00 3.451760e+00 3.451760e+00 0.000000e+00 3.451760e+00 0.000000e+00 3.451760e+00 5.000000e+00 
3.452760e+00 3.452760e+00 3.452760e+00 0.000000e+00 3.452760e+00 0.000000e+00 3.452760e+00 5.000000e+00 
3.453760e+00 3.453760e+00 3.453760e+00 0.000000e+00 3.453760e+00 0.000000e+00 3.453760e+00 5.000000e+00 
3.454760e+00 3.454760e+00 3.454760e+00 0.000000e+00 3.454760e+00 0.000000e+00 3.454760e+00 5.000000e+00 
3.455760e+00 3.455760e+00 3.455760e+00 0.000000e+00 3.455760e+00 0.000000e+00 3.455760e+00 5.000000e+00 
3.456760e+00 3.456760e+00 3.456760e+00 0.000000e+00 3.456760e+00 0.000000e+00 3.456760e+00 5.000000e+00 
3.457760e+00 3.457760e+00 3.457760e+00 0.000000e+00 3.457760e+00 0.000000e+00 3.457760e+00 5.000000e+00 
3.458760e+00 3.458760e+00 3.458760e+00 0.000000e+00 3.458760e+00 0.000000e+00 3.458760e+00 5.000000e+00 
3.459760e+00 3.459760e+00 3.459760e+00 0.000000e+00 3.459760e+00 0.000000e+00 3.459760e+00 5.000000e+00 
3.460760e+00 3.460760e+00 3.460760e+00 0.000000e+00 3.460760e+00 0.000000e+00 3.460760e+00 5.000000e+00 
3.461760e+00 3.461760e+00 3.461760e+00 0.000000e+00 3.461760e+00 0.000000e+00 3.461760e+00 5.000000e+00 
3.462760e+00 3.462760e+00 3.462760e+00 0.000000e+00 3.462760e+00 0.000000e+00 3.462760e+00 5.000000e+00 
3.463760e+00 3.463760e+00 3.463760e+00 0.000000e+00 3.463760e+00 0.000000e+00 3.463760e+00 5.000000e+00 
3.464760e+00 3.464760e+00 3.464760e+00 0.000000e+00 3.464760e+00 0.000000e+00 3.464760e+00 5.000000e+00 
3.465760e+00 3.465760e+00 3.465760e+00 0.000000e+00 3.465760e+00 0.000000e+00 3.465760e+00 5.000000e+00 
3.466760e+00 3.466760e+00 3.466760e+00 0.000000e+00 3.466760e+00 0.000000e+00 3.466760e+00 5.000000e+00 
3.467760e+00 3.467760e+00 3.467760e+00 0.000000e+00 3.467760e+00 0.000000e+00 3.467760e+00 5.000000e+00 
3.468760e+00 3.468760e+00 3.468760e+00 0.000000e+00 3.468760e+00 0.000000e+00 3.468760e+00 5.000000e+00 
3.469760e+00 3.469760e+00 3.469760e+00 0.000000e+00 3.469760e+00 0.000000e+00 3.469760e+00 5.000000e+00 
3.470760e+00 3.470760e+00 3.470760e+00 0.000000e+00 3.470760e+00 0.000000e+00 3.470760e+00 5.000000e+00 
3.471760e+00 3.471760e+00 3.471760e+00 0.000000e+00 3.471760e+00 0.000000e+00 3.471760e+00 5.000000e+00 
3.472760e+00 3.472760e+00 3.472760e+00 0.000000e+00 3.472760e+00 0.000000e+00 3.472760e+00 5.000000e+00 
3.473760e+00 3.473760e+00 3.473760e+00 0.000000e+00 3.473760e+00 0.000000e+00 3.473760e+00 5.000000e+00 
3.474760e+00 3.474760e+00 3.474760e+00 0.000000e+00 3.474760e+00 0.000000e+00 3.474760e+00 5.000000e+00 
3.475760e+00 3.475760e+00 3.475760e+00 0.000000e+00 3.475760e+00 0.000000e+00 3.475760e+00 5.000000e+00 
3.476760e+00 3.476760e+00 3.476760e+00 0.000000e+00 3.476760e+00 0.000000e+00 3.476760e+00 5.000000e+00 
3.477760e+00 3.477760e+00 3.477760e+00 0.000000e+00 3.477760e+00 0.000000e+00 3.477760e+00 5.000000e+00 
3.478760e+00 3.478760e+00 3.478760e+00 0.000000e+00 3.478760e+00 0.000000e+00 3.478760e+00 5.000000e+00 
3.479760e+00 3.479760e+00 3.479760e+00 0.000000e+00 3.479760e+00 0.000000e+00 3.479760e+00 5.000000e+00 
3.480760e+00 3.480760e+00 3.480760e+00 0.000000e+00 3.480760e+00 0.000000e+00 3.480760e+00 5.000000e+00 
3.481760e+00 3.481760e+00 3.481760e+00 0.000000e+00 3.481760e+00 0.000000e+00 3.481760e+00 5.000000e+00 
3.482760e+00 3.482760e+00 3.482760e+00 0.000000e+00 3.482760e+00 0.000000e+00 3.482760e+00 5.000000e+00 
3.483760e+00 3.483760e+00 3.483760e+00 0.000000e+00 3.483760e+00 0.000000e+00 3.483760e+00 5.000000e+00 
3.484760e+00 3.484760e+00 3.484760e+00 0.000000e+00 3.484760e+00 0.000000e+00 3.484760e+00 5.000000e+00 
3.485760e+00 3.485760e+00 3.485760e+00 0.000000e+00 3.485760e+00 0.000000e+00 3.485760e+00 5.000000e+00 
3.486760e+00 3.486760e+00 3.486760e+00 0.000000e+00 3.486760e+00 0.000000e+00 3.486760e+00 5.000000e+00 
3.487760e+00 3.487760e+00 3.487760e+00 0.000000e+00 3.487760e+00 0.000000e+00 3.487760e+00 5.000000e+00 
3.488760e+00 3.488760e+00 3.488760e+00 0.000000e+00 3.488760e+00 0.000000e+00 3.488760e+00 5.000000e+00 
3.489760e+00 3.489760e+00 3.489760e+00 0.000000e+00 3.489760e+00 0.000000e+00 3.489760e+00 5.000000e+00 
3.490760e+00 3.490760e+00 3.490760e+00 0.000000e+00 3.490760e+00 0.000000e+00 3.490760e+00 5.000000e+00 
3.491760e+00 3.491760e+00 3.491760e+00 0.000000e+00 3.491760e+00 0.000000e+00 3.491760e+00 5.000000e+00 
3.492760e+00 3.492760e+00 3.492760e+00 0.000000e+00 3.492760e+00 0.000000e+00 3.492760e+00 5.000000e+00 
3.493760e+00 3.493760e+00 3.493760e+00 0.000000e+00 3.493760e+00 0.000000e+00 3.493760e+00 5.000000e+00 
3.494760e+00 3.494760e+00 3.494760e+00 0.000000e+00 3.494760e+00 0.000000e+00 3.494760e+00 5.000000e+00 
3.495760e+00 3.495760e+00 3.495760e+00 0.000000e+00 3.495760e+00 0.000000e+00 3.495760e+00 5.000000e+00 
3.496760e+00 3.496760e+00 3.496760e+00 0.000000e+00 3.496760e+00 0.000000e+00 3.496760e+00 5.000000e+00 
3.497760e+00 3.497760e+00 3.497760e+00 0.000000e+00 3.497760e+00 0.000000e+00 3.497760e+00 5.000000e+00 
3.498760e+00 3.498760e+00 3.498760e+00 0.000000e+00 3.498760e+00 0.000000e+00 3.498760e+00 5.000000e+00 
3.499760e+00 3.499760e+00 3.499760e+00 0.000000e+00 3.499760e+00 0.000000e+00 3.499760e+00 5.000000e+00 
3.500305e+00 3.500305e+00 3.500305e+00 0.000000e+00 3.500305e+00 0.000000e+00 3.500305e+00 5.000000e+00 
3.500305e+00 3.500305e+00 3.500305e+00 0.000000e+00 3.500305e+00 0.000000e+00 3.500305e+00 5.000000e+00 
3.500305e+00 3.500305e+00 3.500305e+00 0.000000e+00 3.500305e+00 0.000000e+00 3.500305e+00 5.000000e+00 
3.500305e+00 3.500305e+00 3.500305e+00 0.000000e+00 3.500305e+00 0.000000e+00 3.500305e+00 5.000000e+00 
3.500305e+00 3.500305e+00 3.500305e+00 0.000000e+00 3.500305e+00 0.000000e+00 3.500305e+00 5.000000e+00 
3.500305e+00 3.500305e+00 3.500305e+00 2.400000e+00 3.500305e+00 2.400000e+00 3.500305e+00 5.000000e+00 
3.500305e+00 3.500305e+00 3.500305e+00 2.500000e+00 3.500305e+00 2.500000e+00 3.500305e+00 5.000000e+00 
3.500305e+00 3.500305e+00 3.500305e+00 2.500000e+00 3.500305e+00 2.500000e+00 3.500305e+00 5.000000e+00 
3.500305e+00 3.500305e+00 3.500305e+00 2.500000e+00 3.500305e+00 2.500000e+00 3.500305e+00 5.000000e+00 
3.500305e+00 3.500305e+00 3.500305e+00 2.500000e+00 3.500305e+00 2.500000e+00 3.500305e+00 5.000000e+00 
3.500305e+00 3.500305e+00 3.500305e+00 2.500000e+00 3.500305e+00 2.500000e+00 3.500305e+00 2.500000e+00 
3.500305e+00 3.500305e+00 3.500305e+00 2.500000e+00 3.500305e+00 2.500000e+00 3.500305e+00 2.500000e+00 
3.500305e+00 3.500305e+00 3.500305e+00 2.500000e+00 3.500305e+00 2.500000e+00 3.500305e+00 2.500000e+00 
3.500305e+00 3.500305e+00 3.500305e+00 2.500000e+00 3.500305e+00 2.500000e+00 3.500305e+00 2.500000e+00 
3.500305e+00 3.500305e+00 3.500305e+00 2.500000e+00 3.500305e+00 2.500000e+00 3.500305e+00 2.500000e+00 
3.500305e+00 3.500305e+00 3.500305e+00 2.500000e+00 3.500305e+00 2.500000e+00 3.500305e+00 2.500000e+00 
3.500305e+00 3.500305e+00 3.500305e+00 2.500000e+00 3.500305e+00 2.500000e+00 3.500305e+00 2.500000e+00 
3.500305e+00 3.500305e+00 3.500305e+00 2.500000e+00 3.500305e+00 2.500000e+00 3.500305e+00 2.500000e+00 
3.500305e+00 3.500305e+00 3.500305e+00 2.500000e+00 3.500305e+00 2.500000e+00 3.500305e+00 2.500000e+00 
3.500305e+00 3.500305e+00 3.500305e+00 2.500000e+00 3.500305e+00 2.500000e+00 3.500305e+00 2.500000e+00 
3.500306e+00 3.500306e+00 3.500306e+00 2.500000e+00 3.500306e+00 2.500000e+00 3.500306e+00 2.500000e+00 
3.500308e+00 3.500308e+00 3.500308e+00 2.500000e+00 3.500308e+00 2.500000e+00 3.500308e+00 2.500000e+00 
3.500311e+00 3.500311e+00 3.500311e+00 2.500000e+00 3.500311e+00 2.500000e+00 3.500311e+00 2.500000e+00 
3.500317e+00 3.500317e+00 3.500317e+00 2.500000e+00 3.500317e+00 2.500000e+00 3.500317e+00 2.500000e+00 
3.500324e+00 3.500324e+00 3.500324e+00 2.500000e+00 3.500324e+00 2.500000e+00 3.500324e+00 2.500000e+00 
3.500324e+00 3.500324e+00 3.500324e+00 2.500000e+00 3.500324e+00 2.500000e+00 3.500324e+00 2.500000e+00 
3.500324e+00 3.500324e+00 3.500324e+00 2.500000e+00 3.500324e+00 2.500000e+00 3.500324e+00 2.500000e+00 
3.500324e+00 3.500324e+00 3.500324e+00 2.500000e+00 3.500324e+00 2.500000e+00 3.500324e+00 2.500000e+00 
3.500324e+00 3.500324e+00 3.500324e+00 2.500000e+00 3.500324e+00 2.500000e+00 3.500324e+00 2.500000e+00 
3.500324e+00 3.500324e+00 3.500324e+00 4.900000e+00 3.500324e+00 4.900000e+00 3.500324e+00 2.500000e+00 
3.500324e+00 3.500324e+00 3.500324e+00 5.000000e+00 3.500324e+00 5.000000e+00 3.500324e+00 2.500000e+00 
3.500324e+00 3.500324e+00 3.500324e+00 5.000000e+00 3.500324e+00 5.000000e+00 3.500324e+00 2.500000e+00 
3.500324e+00 3.500324e+00 3.500324e+00 5.000000e+00 3.500324e+00 5.000000e+00 3.500324e+00 2.500000e+00 
3.500324e+00 3.500324e+00 3.500324e+00 5.000000e+00 3.500324e+00 5.000000e+00 3.500324e+00 2.500000e+00 
3.500324e+00 3.500324e+00 3.500324e+00 5.000000e+00 3.500324e+00 5.000000e+00 3.500324e+00 0.000000e+00 
3.500324e+00 3.500324e+00 3.500324e+00 5.000000e+00 3.500324e+00 5.000000e+00 3.500324e+00 0.000000e+00 
3.500324e+00 3.500324e+00 3.500324e+00 5.000000e+00 3.500324e+00 5.000000e+00 3.500324e+00 0.000000e+00 
3.500324e+00 3.500324e+00 3.500324e+00 5.000000e+00 3.500324e+00 5.000000e+00 3.500324e+00 0.000000e+00 
3.500324e+00 3.500324e+00 3.500324e+00 5.000000e+00 3.500324e+00 5.000000e+00 3.500324e+00 0.000000e+00 
3.500324e+00 3.500324e+00 3.500324e+00 5.000000e+00 3.500324e+00 5.000000e+00 3.500324e+00 0.000000e+00 
3.500324e+00 3.500324e+00 3.500324e+00 5.000000e+00 3.500324e+00 5.000000e+00 3.500324e+00 0.000000e+00 
3.500324e+00 3.500324e+00 3.500324e+00 5.000000e+00 3.500324e+00 5.000000e+00 3.500324e+00 0.000000e+00 
3.500324e+00 3.500324e+00 3.500324e+00 5.000000e+00 3.500324e+00 5.000000e+00 3.500324e+00 0.000000e+00 
3.500324e+00 3.500324e+00 3.500324e+00 5.000000e+00 3.500324e+00 5.000000e+00 3.500324e+00 0.000000e+00 
3.500325e+00 3.500325e+00 3.500325e+00 5.000000e+00 3.500325e+00 5.000000e+00 3.500325e+00 0.000000e+00 
3.500325e+00 3.500325e+00 3.500325e+00 5.000000e+00 3.500325e+00 5.000000e+00 3.500325e+00 0.000000e+00 
3.500325e+00 3.500325e+00 3.500325e+00 5.000000e+00 3.500325e+00 5.000000e+00 3.500325e+00 0.000000e+00 
3.500326e+00 3.500326e+00 3.500326e+00 5.000000e+00 3.500326e+00 5.000000e+00 3.500326e+00 0.000000e+00 
3.500326e+00 3.500326e+00 3.500326e+00 5.000000e+00 3.500326e+00 5.000000e+00 3.500326e+00 0.000000e+00 
3.500327e+00 3.500327e+00 3.500327e+00 5.000000e+00 3.500327e+00 5.000000e+00 3.500327e+00 0.000000e+00 
3.500327e+00 3.500327e+00 3.500327e+00 5.000000e+00 3.500327e+00 5.000000e+00 3.500327e+00 0.000000e+00 
3.500328e+00 3.500328e+00 3.500328e+00 5.000000e+00 3.500328e+00 5.000000e+00 3.500328e+00 0.000000e+00 
3.500329e+00 3.500329e+00 3.500329e+00 5.000000e+00 3.500329e+00 5.000000e+00 3.500329e+00 0.000000e+00 
3.500331e+00 3.500331e+00 3.500331e+00 5.000000e+00 3.500331e+00 5.000000e+00 3.500331e+00 0.000000e+00 
3.500335e+00 3.500335e+00 3.500335e+00 5.000000e+00 3.500335e+00 5.000000e+00 3.500335e+00 0.000000e+00 
3.500343e+00 3.500343e+00 3.500343e+00 5.000000e+00 3.500343e+00 5.000000e+00 3.500343e+00 0.000000e+00 
3.500359e+00 3.500359e+00 3.500359e+00 5.000000e+00 3.500359e+00 5.000000e+00 3.500359e+00 0.000000e+00 
3.500384e+00 3.500384e+00 3.500384e+00 5.000000e+00 3.500384e+00 5.000000e+00 3.500384e+00 0.000000e+00 
3.500428e+00 3.500428e+00 3.500428e+00 5.000000e+00 3.500428e+00 5.000000e+00 3.500428e+00 0.000000e+00 
3.500515e+00 3.500515e+00 3.500515e+00 5.000000e+00 3.500515e+00 5.000000e+00 3.500515e+00 0.000000e+00 
3.500690e+00 3.500690e+00 3.500690e+00 5.000000e+00 3.500690e+00 5.000000e+00 3.500690e+00 0.000000e+00 
3.501039e+00 3.501039e+00 3.501039e+00 5.000000e+00 3.501039e+00 5.000000e+00 3.501039e+00 0.000000e+00 
3.501602e+00 3.501602e+00 3.501602e+00 5.000000e+00 3.501602e+00 5.000000e+00 3.501602e+00 0.000000e+00 
3.502406e+00 3.502406e+00 3.502406e+00 5.000000e+00 3.502406e+00 5.000000e+00 3.502406e+00 0.000000e+00 
3.503406e+00 3.503406e+00 3.503406e+00 5.000000e+00 3.503406e+00 5.000000e+00 3.503406e+00 0.000000e+00 
3.504406e+00 3.504406e+00 3.504406e+00 5.000000e+00 3.504406e+00 5.000000e+00 3.504406e+00 0.000000e+00 
3.505406e+00 3.505406e+00 3.505406e+00 5.000000e+00 3.505406e+00 5.000000e+00 3.505406e+00 0.000000e+00 
3.506406e+00 3.506406e+00 3.506406e+00 5.000000e+00 3.506406e+00 5.000000e+00 3.506406e+00 0.000000e+00 
3.507406e+00 3.507406e+00 3.507406e+00 5.000000e+00 3.507406e+00 5.000000e+00 3.507406e+00 0.000000e+00 
3.508406e+00 3.508406e+00 3.508406e+00 5.000000e+00 3.508406e+00 5.000000e+00 3.508406e+00 0.000000e+00 
3.509406e+00 3.509406e+00 3.509406e+00 5.000000e+00 3.509406e+00 5.000000e+00 3.509406e+00 0.000000e+00 
3.510406e+00 3.510406e+00 3.510406e+00 5.000000e+00 3.510406e+00 5.000000e+00 3.510406e+00 0.000000e+00 
3.511406e+00 3.511406e+00 3.511406e+00 5.000000e+00 3.511406e+00 5.000000e+00 3.511406e+00 0.000000e+00 
3.512406e+00 3.512406e+00 3.512406e+00 5.000000e+00 3.512406e+00 5.000000e+00 3.512406e+00 0.000000e+00 
3.513406e+00 3.513406e+00 3.513406e+00 5.000000e+00 3.513406e+00 5.000000e+00 3.513406e+00 0.000000e+00 
3.514406e+00 3.514406e+00 3.514406e+00 5.000000e+00 3.514406e+00 5.000000e+00 3.514406e+00 0.000000e+00 
3.515406e+00 3.515406e+00 3.515406e+00 5.000000e+00 3.515406e+00 5.000000e+00 3.515406e+00 0.000000e+00 
3.516406e+00 3.516406e+00 3.516406e+00 5.000000e+00 3.516406e+00 5.000000e+00 3.516406e+00 0.000000e+00 
3.517406e+00 3.517406e+00 3.517406e+00 5.000000e+00 3.517406e+00 5.000000e+00 3.517406e+00 0.000000e+00 
3.518406e+00 3.518406e+00 3.518406e+00 5.000000e+00 3.518406e+00 5.000000e+00 3.518406e+00 0.000000e+00 
3.519406e+00 3.519406e+00 3.519406e+00 5.000000e+00 3.519406e+00 5.000000e+00 3.519406e+00 0.000000e+00 
3.520406e+00 3.520406e+00 3.520406e+00 5.000000e+00 3.520406e+00 5.000000e+00 3.520406e+00 0.000000e+00 
3.521406e+00 3.521406e+00 3.521406e+00 5.000000e+00 3.521406e+00 5.000000e+00 3.521406e+00 0.000000e+00 
3.522406e+00 3.522406e+00 3.522406e+00 5.000000e+00 3.522406e+00 5.000000e+00 3.522406e+00 0.000000e+00 
3.523406e+00 3.523406e+00 3.523406e+00 5.000000e+00 3.523406e+00 5.000000e+00 3.523406e+00 0.000000e+00 
3.524406e+00 3.524406e+00 3.524406e+00 5.000000e+00 3.524406e+00 5.000000e+00 3.524406e+00 0.000000e+00 
3.525406e+00 3.525406e+00 3.525406e+00 5.000000e+00 3.525406e+00 5.000000e+00 3.525406e+00 0.000000e+00 
3.526406e+00 3.526406e+00 3.526406e+00 5.000000e+00 3.526406e+00 5.000000e+00 3.526406e+00 0.000000e+00 
3.527406e+00 3.527406e+00 3.527406e+00 5.000000e+00 3.527406e+00 5.000000e+00 3.527406e+00 0.000000e+00 
3.528406e+00 3.528406e+00 3.528406e+00 5.000000e+00 3.528406e+00 5.000000e+00 3.528406e+00 0.000000e+00 
3.529406e+00 3.529406e+00 3.529406e+00 5.000000e+00 3.529406e+00 5.000000e+00 3.529406e+00 0.000000e+00 
3.530406e+00 3.530406e+00 3.530406e+00 5.000000e+00 3.530406e+00 5.000000e+00 3.530406e+00 0.000000e+00 
3.531406e+00 3.531406e+00 3.531406e+00 5.000000e+00 3.531406e+00 5.000000e+00 3.531406e+00 0.000000e+00 
3.532406e+00 3.532406e+00 3.532406e+00 5.000000e+00 3.532406e+00 5.000000e+00 3.532406e+00 0.000000e+00 
3.533406e+00 3.533406e+00 3.533406e+00 5.000000e+00 3.533406e+00 5.000000e+00 3.533406e+00 0.000000e+00 
3.534406e+00 3.534406e+00 3.534406e+00 5.000000e+00 3.534406e+00 5.000000e+00 3.534406e+00 0.000000e+00 
3.535406e+00 3.535406e+00 3.535406e+00 5.000000e+00 3.535406e+00 5.000000e+00 3.535406e+00 0.000000e+00 
3.536406e+00 3.536406e+00 3.536406e+00 5.000000e+00 3.536406e+00 5.000000e+00 3.536406e+00 0.000000e+00 
3.537406e+00 3.537406e+00 3.537406e+00 5.000000e+00 3.537406e+00 5.000000e+00 3.537406e+00 0.000000e+00 
3.538406e+00 3.538406e+00 3.538406e+00 5.000000e+00 3.538406e+00 5.000000e+00 3.538406e+00 0.000000e+00 
3.539406e+00 3.539406e+00 3.539406e+00 5.000000e+00 3.539406e+00 5.000000e+00 3.539406e+00 0.000000e+00 
3.540406e+00 3.540406e+00 3.540406e+00 5.000000e+00 3.540406e+00 5.000000e+00 3.540406e+00 0.000000e+00 
3.541406e+00 3.541406e+00 3.541406e+00 5.000000e+00 3.541406e+00 5.000000e+00 3.541406e+00 0.000000e+00 
3.542406e+00 3.542406e+00 3.542406e+00 5.000000e+00 3.542406e+00 5.000000e+00 3.542406e+00 0.000000e+00 
3.543406e+00 3.543406e+00 3.543406e+00 5.000000e+00 3.543406e+00 5.000000e+00 3.543406e+00 0.000000e+00 
3.544406e+00 3.544406e+00 3.544406e+00 5.000000e+00 3.544406e+00 5.000000e+00 3.544406e+00 0.000000e+00 
3.545406e+00 3.545406e+00 3.545406e+00 5.000000e+00 3.545406e+00 5.000000e+00 3.545406e+00 0.000000e+00 
3.546406e+00 3.546406e+00 3.546406e+00 5.000000e+00 3.546406e+00 5.000000e+00 3.546406e+00 0.000000e+00 
3.547406e+00 3.547406e+00 3.547406e+00 5.000000e+00 3.547406e+00 5.000000e+00 3.547406e+00 0.000000e+00 
3.548406e+00 3.548406e+00 3.548406e+00 5.000000e+00 3.548406e+00 5.000000e+00 3.548406e+00 0.000000e+00 
3.549406e+00 3.549406e+00 3.549406e+00 5.000000e+00 3.549406e+00 5.000000e+00 3.549406e+00 0.000000e+00 
3.550406e+00 3.550406e+00 3.550406e+00 5.000000e+00 3.550406e+00 5.000000e+00 3.550406e+00 0.000000e+00 
3.551406e+00 3.551406e+00 3.551406e+00 5.000000e+00 3.551406e+00 5.000000e+00 3.551406e+00 0.000000e+00 
3.552406e+00 3.552406e+00 3.552406e+00 5.000000e+00 3.552406e+00 5.000000e+00 3.552406e+00 0.000000e+00 
3.553406e+00 3.553406e+00 3.553406e+00 5.000000e+00 3.553406e+00 5.000000e+00 3.553406e+00 0.000000e+00 
3.554406e+00 3.554406e+00 3.554406e+00 5.000000e+00 3.554406e+00 5.000000e+00 3.554406e+00 0.000000e+00 
3.555406e+00 3.555406e+00 3.555406e+00 5.000000e+00 3.555406e+00 5.000000e+00 3.555406e+00 0.000000e+00 
3.556406e+00 3.556406e+00 3.556406e+00 5.000000e+00 3.556406e+00 5.000000e+00 3.556406e+00 0.000000e+00 
3.557406e+00 3.557406e+00 3.557406e+00 5.000000e+00 3.557406e+00 5.000000e+00 3.557406e+00 0.000000e+00 
3.558406e+00 3.558406e+00 3.558406e+00 5.000000e+00 3.558406e+00 5.000000e+00 3.558406e+00 0.000000e+00 
3.559406e+00 3.559406e+00 3.559406e+00 5.000000e+00 3.559406e+00 5.000000e+00 3.559406e+00 0.000000e+00 
3.560406e+00 3.560406e+00 3.560406e+00 5.000000e+00 3.560406e+00 5.000000e+00 3.560406e+00 0.000000e+00 
3.561406e+00 3.561406e+00 3.561406e+00 5.000000e+00 3.561406e+00 5.000000e+00 3.561406e+00 0.000000e+00 
3.562406e+00 3.562406e+00 3.562406e+00 5.000000e+00 3.562406e+00 5.000000e+00 3.562406e+00 0.000000e+00 
3.563406e+00 3.563406e+00 3.563406e+00 5.000000e+00 3.563406e+00 5.000000e+00 3.563406e+00 0.000000e+00 
3.564406e+00 3.564406e+00 3.564406e+00 5.000000e+00 3.564406e+00 5.000000e+00 3.564406e+00 0.000000e+00 
3.565406e+00 3.565406e+00 3.565406e+00 5.000000e+00 3.565406e+00 5.000000e+00 3.565406e+00 0.000000e+00 
3.566406e+00 3.566406e+00 3.566406e+00 5.000000e+00 3.566406e+00 5.000000e+00 3.566406e+00 0.000000e+00 
3.567406e+00 3.567406e+00 3.567406e+00 5.000000e+00 3.567406e+00 5.000000e+00 3.567406e+00 0.000000e+00 
3.568406e+00 3.568406e+00 3.568406e+00 5.000000e+00 3.568406e+00 5.000000e+00 3.568406e+00 0.000000e+00 
3.569406e+00 3.569406e+00 3.569406e+00 5.000000e+00 3.569406e+00 5.000000e+00 3.569406e+00 0.000000e+00 
3.570406e+00 3.570406e+00 3.570406e+00 5.000000e+00 3.570406e+00 5.000000e+00 3.570406e+00 0.000000e+00 
3.571406e+00 3.571406e+00 3.571406e+00 5.000000e+00 3.571406e+00 5.000000e+00 3.571406e+00 0.000000e+00 
3.572406e+00 3.572406e+00 3.572406e+00 5.000000e+00 3.572406e+00 5.000000e+00 3.572406e+00 0.000000e+00 
3.573406e+00 3.573406e+00 3.573406e+00 5.000000e+00 3.573406e+00 5.000000e+00 3.573406e+00 0.000000e+00 
3.574406e+00 3.574406e+00 3.574406e+00 5.000000e+00 3.574406e+00 5.000000e+00 3.574406e+00 0.000000e+00 
3.575406e+00 3.575406e+00 3.575406e+00 5.000000e+00 3.575406e+00 5.000000e+00 3.575406e+00 0.000000e+00 
3.576406e+00 3.576406e+00 3.576406e+00 5.000000e+00 3.576406e+00 5.000000e+00 3.576406e+00 0.000000e+00 
3.577406e+00 3.577406e+00 3.577406e+00 5.000000e+00 3.577406e+00 5.000000e+00 3.577406e+00 0.000000e+00 
3.578406e+00 3.578406e+00 3.578406e+00 5.000000e+00 3.578406e+00 5.000000e+00 3.578406e+00 0.000000e+00 
3.579406e+00 3.579406e+00 3.579406e+00 5.000000e+00 3.579406e+00 5.000000e+00 3.579406e+00 0.000000e+00 
3.580406e+00 3.580406e+00 3.580406e+00 5.000000e+00 3.580406e+00 5.000000e+00 3.580406e+00 0.000000e+00 
3.581406e+00 3.581406e+00 3.581406e+00 5.000000e+00 3.581406e+00 5.000000e+00 3.581406e+00 0.000000e+00 
3.582406e+00 3.582406e+00 3.582406e+00 5.000000e+00 3.582406e+00 5.000000e+00 3.582406e+00 0.000000e+00 
3.583406e+00 3.583406e+00 3.583406e+00 5.000000e+00 3.583406e+00 5.000000e+00 3.583406e+00 0.000000e+00 
3.584406e+00 3.584406e+00 3.584406e+00 5.000000e+00 3.584406e+00 5.000000e+00 3.584406e+00 0.000000e+00 
3.585406e+00 3.585406e+00 3.585406e+00 5.000000e+00 3.585406e+00 5.000000e+00 3.585406e+00 0.000000e+00 
3.586406e+00 3.586406e+00 3.586406e+00 5.000000e+00 3.586406e+00 5.000000e+00 3.586406e+00 0.000000e+00 
3.587406e+00 3.587406e+00 3.587406e+00 5.000000e+00 3.587406e+00 5.000000e+00 3.587406e+00 0.000000e+00 
3.588406e+00 3.588406e+00 3.588406e+00 5.000000e+00 3.588406e+00 5.000000e+00 3.588406e+00 0.000000e+00 
3.589406e+00 3.589406e+00 3.589406e+00 5.000000e+00 3.589406e+00 5.000000e+00 3.589406e+00 0.000000e+00 
3.590406e+00 3.590406e+00 3.590406e+00 5.000000e+00 3.590406e+00 5.000000e+00 3.590406e+00 0.000000e+00 
3.591406e+00 3.591406e+00 3.591406e+00 5.000000e+00 3.591406e+00 5.000000e+00 3.591406e+00 0.000000e+00 
3.592406e+00 3.592406e+00 3.592406e+00 5.000000e+00 3.592406e+00 5.000000e+00 3.592406e+00 0.000000e+00 
3.593406e+00 3.593406e+00 3.593406e+00 5.000000e+00 3.593406e+00 5.000000e+00 3.593406e+00 0.000000e+00 
3.594406e+00 3.594406e+00 3.594406e+00 5.000000e+00 3.594406e+00 5.000000e+00 3.594406e+00 0.000000e+00 
3.595406e+00 3.595406e+00 3.595406e+00 5.000000e+00 3.595406e+00 5.000000e+00 3.595406e+00 0.000000e+00 
3.596406e+00 3.596406e+00 3.596406e+00 5.000000e+00 3.596406e+00 5.000000e+00 3.596406e+00 0.000000e+00 
3.597406e+00 3.597406e+00 3.597406e+00 5.000000e+00 3.597406e+00 5.000000e+00 3.597406e+00 0.000000e+00 
3.598406e+00 3.598406e+00 3.598406e+00 5.000000e+00 3.598406e+00 5.000000e+00 3.598406e+00 0.000000e+00 
3.599406e+00 3.599406e+00 3.599406e+00 5.000000e+00 3.599406e+00 5.000000e+00 3.599406e+00 0.000000e+00 
3.600406e+00 3.600406e+00 3.600406e+00 5.000000e+00 3.600406e+00 5.000000e+00 3.600406e+00 0.000000e+00 
3.601406e+00 3.601406e+00 3.601406e+00 5.000000e+00 3.601406e+00 5.000000e+00 3.601406e+00 0.000000e+00 
3.602406e+00 3.602406e+00 3.602406e+00 5.000000e+00 3.602406e+00 5.000000e+00 3.602406e+00 0.000000e+00 
3.603406e+00 3.603406e+00 3.603406e+00 5.000000e+00 3.603406e+00 5.000000e+00 3.603406e+00 0.000000e+00 
3.604406e+00 3.604406e+00 3.604406e+00 5.000000e+00 3.604406e+00 5.000000e+00 3.604406e+00 0.000000e+00 
3.605406e+00 3.605406e+00 3.605406e+00 5.000000e+00 3.605406e+00 5.000000e+00 3.605406e+00 0.000000e+00 
3.606406e+00 3.606406e+00 3.606406e+00 5.000000e+00 3.606406e+00 5.000000e+00 3.606406e+00 0.000000e+00 
3.607406e+00 3.607406e+00 3.607406e+00 5.000000e+00 3.607406e+00 5.000000e+00 3.607406e+00 0.000000e+00 
3.608406e+00 3.608406e+00 3.608406e+00 5.000000e+00 3.608406e+00 5.000000e+00 3.608406e+00 0.000000e+00 
3.609406e+00 3.609406e+00 3.609406e+00 5.000000e+00 3.609406e+00 5.000000e+00 3.609406e+00 0.000000e+00 
3.610406e+00 3.610406e+00 3.610406e+00 5.000000e+00 3.610406e+00 5.000000e+00 3.610406e+00 0.000000e+00 
3.611406e+00 3.611406e+00 3.611406e+00 5.000000e+00 3.611406e+00 5.000000e+00 3.611406e+00 0.000000e+00 
3.612406e+00 3.612406e+00 3.612406e+00 5.000000e+00 3.612406e+00 5.000000e+00 3.612406e+00 0.000000e+00 
3.613406e+00 3.613406e+00 3.613406e+00 5.000000e+00 3.613406e+00 5.000000e+00 3.613406e+00 0.000000e+00 
3.614406e+00 3.614406e+00 3.614406e+00 5.000000e+00 3.614406e+00 5.000000e+00 3.614406e+00 0.000000e+00 
3.615406e+00 3.615406e+00 3.615406e+00 5.000000e+00 3.615406e+00 5.000000e+00 3.615406e+00 0.000000e+00 
3.616406e+00 3.616406e+00 3.616406e+00 5.000000e+00 3.616406e+00 5.000000e+00 3.616406e+00 0.000000e+00 
3.617406e+00 3.617406e+00 3.617406e+00 5.000000e+00 3.617406e+00 5.000000e+00 3.617406e+00 0.000000e+00 
3.618406e+00 3.618406e+00 3.618406e+00 5.000000e+00 3.618406e+00 5.000000e+00 3.618406e+00 0.000000e+00 
3.619406e+00 3.619406e+00 3.619406e+00 5.000000e+00 3.619406e+00 5.000000e+00 3.619406e+00 0.000000e+00 
3.620406e+00 3.620406e+00 3.620406e+00 5.000000e+00 3.620406e+00 5.000000e+00 3.620406e+00 0.000000e+00 
3.621406e+00 3.621406e+00 3.621406e+00 5.000000e+00 3.621406e+00 5.000000e+00 3.621406e+00 0.000000e+00 
3.622406e+00 3.622406e+00 3.622406e+00 5.000000e+00 3.622406e+00 5.000000e+00 3.622406e+00 0.000000e+00 
3.623406e+00 3.623406e+00 3.623406e+00 5.000000e+00 3.623406e+00 5.000000e+00 3.623406e+00 0.000000e+00 
3.624406e+00 3.624406e+00 3.624406e+00 5.000000e+00 3.624406e+00 5.000000e+00 3.624406e+00 0.000000e+00 
3.625406e+00 3.625406e+00 3.625406e+00 5.000000e+00 3.625406e+00 5.000000e+00 3.625406e+00 0.000000e+00 
3.626406e+00 3.626406e+00 3.626406e+00 5.000000e+00 3.626406e+00 5.000000e+00 3.626406e+00 0.000000e+00 
3.627406e+00 3.627406e+00 3.627406e+00 5.000000e+00 3.627406e+00 5.000000e+00 3.627406e+00 0.000000e+00 
3.628406e+00 3.628406e+00 3.628406e+00 5.000000e+00 3.628406e+00 5.000000e+00 3.628406e+00 0.000000e+00 
3.629406e+00 3.629406e+00 3.629406e+00 5.000000e+00 3.629406e+00 5.000000e+00 3.629406e+00 0.000000e+00 
3.630406e+00 3.630406e+00 3.630406e+00 5.000000e+00 3.630406e+00 5.000000e+00 3.630406e+00 0.000000e+00 
3.631406e+00 3.631406e+00 3.631406e+00 5.000000e+00 3.631406e+00 5.000000e+00 3.631406e+00 0.000000e+00 
3.632406e+00 3.632406e+00 3.632406e+00 5.000000e+00 3.632406e+00 5.000000e+00 3.632406e+00 0.000000e+00 
3.633406e+00 3.633406e+00 3.633406e+00 5.000000e+00 3.633406e+00 5.000000e+00 3.633406e+00 0.000000e+00 
3.634406e+00 3.634406e+00 3.634406e+00 5.000000e+00 3.634406e+00 5.000000e+00 3.634406e+00 0.000000e+00 
3.635406e+00 3.635406e+00 3.635406e+00 5.000000e+00 3.635406e+00 5.000000e+00 3.635406e+00 0.000000e+00 
3.636406e+00 3.636406e+00 3.636406e+00 5.000000e+00 3.636406e+00 5.000000e+00 3.636406e+00 0.000000e+00 
3.637406e+00 3.637406e+00 3.637406e+00 5.000000e+00 3.637406e+00 5.000000e+00 3.637406e+00 0.000000e+00 
3.638406e+00 3.638406e+00 3.638406e+00 5.000000e+00 3.638406e+00 5.000000e+00 3.638406e+00 0.000000e+00 
3.639406e+00 3.639406e+00 3.639406e+00 5.000000e+00 3.639406e+00 5.000000e+00 3.639406e+00 0.000000e+00 
3.640406e+00 3.640406e+00 3.640406e+00 5.000000e+00 3.640406e+00 5.000000e+00 3.640406e+00 0.000000e+00 
3.641406e+00 3.641406e+00 3.641406e+00 5.000000e+00 3.641406e+00 5.000000e+00 3.641406e+00 0.000000e+00 
3.642406e+00 3.642406e+00 3.642406e+00 5.000000e+00 3.642406e+00 5.000000e+00 3.642406e+00 0.000000e+00 
3.643406e+00 3.643406e+00 3.643406e+00 5.000000e+00 3.643406e+00 5.000000e+00 3.643406e+00 0.000000e+00 
3.644406e+00 3.644406e+00 3.644406e+00 5.000000e+00 3.644406e+00 5.000000e+00 3.644406e+00 0.000000e+00 
3.645406e+00 3.645406e+00 3.645406e+00 5.000000e+00 3.645406e+00 5.000000e+00 3.645406e+00 0.000000e+00 
3.646406e+00 3.646406e+00 3.646406e+00 5.000000e+00 3.646406e+00 5.000000e+00 3.646406e+00 0.000000e+00 
3.647406e+00 3.647406e+00 3.647406e+00 5.000000e+00 3.647406e+00 5.000000e+00 3.647406e+00 0.000000e+00 
3.648406e+00 3.648406e+00 3.648406e+00 5.000000e+00 3.648406e+00 5.000000e+00 3.648406e+00 0.000000e+00 
3.649406e+00 3.649406e+00 3.649406e+00 5.000000e+00 3.649406e+00 5.000000e+00 3.649406e+00 0.000000e+00 
3.650406e+00 3.650406e+00 3.650406e+00 5.000000e+00 3.650406e+00 5.000000e+00 3.650406e+00 0.000000e+00 
3.651406e+00 3.651406e+00 3.651406e+00 5.000000e+00 3.651406e+00 5.000000e+00 3.651406e+00 0.000000e+00 
3.652406e+00 3.652406e+00 3.652406e+00 5.000000e+00 3.652406e+00 5.000000e+00 3.652406e+00 0.000000e+00 
3.653406e+00 3.653406e+00 3.653406e+00 5.000000e+00 3.653406e+00 5.000000e+00 3.653406e+00 0.000000e+00 
3.654406e+00 3.654406e+00 3.654406e+00 5.000000e+00 3.654406e+00 5.000000e+00 3.654406e+00 0.000000e+00 
3.655406e+00 3.655406e+00 3.655406e+00 5.000000e+00 3.655406e+00 5.000000e+00 3.655406e+00 0.000000e+00 
3.656406e+00 3.656406e+00 3.656406e+00 5.000000e+00 3.656406e+00 5.000000e+00 3.656406e+00 0.000000e+00 
3.657406e+00 3.657406e+00 3.657406e+00 5.000000e+00 3.657406e+00 5.000000e+00 3.657406e+00 0.000000e+00 
3.658406e+00 3.658406e+00 3.658406e+00 5.000000e+00 3.658406e+00 5.000000e+00 3.658406e+00 0.000000e+00 
3.659406e+00 3.659406e+00 3.659406e+00 5.000000e+00 3.659406e+00 5.000000e+00 3.659406e+00 0.000000e+00 
3.660406e+00 3.660406e+00 3.660406e+00 5.000000e+00 3.660406e+00 5.000000e+00 3.660406e+00 0.000000e+00 
3.661406e+00 3.661406e+00 3.661406e+00 5.000000e+00 3.661406e+00 5.000000e+00 3.661406e+00 0.000000e+00 
3.662406e+00 3.662406e+00 3.662406e+00 5.000000e+00 3.662406e+00 5.000000e+00 3.662406e+00 0.000000e+00 
3.663406e+00 3.663406e+00 3.663406e+00 5.000000e+00 3.663406e+00 5.000000e+00 3.663406e+00 0.000000e+00 
3.664406e+00 3.664406e+00 3.664406e+00 5.000000e+00 3.664406e+00 5.000000e+00 3.664406e+00 0.000000e+00 
3.665406e+00 3.665406e+00 3.665406e+00 5.000000e+00 3.665406e+00 5.000000e+00 3.665406e+00 0.000000e+00 
3.666406e+00 3.666406e+00 3.666406e+00 5.000000e+00 3.666406e+00 5.000000e+00 3.666406e+00 0.000000e+00 
3.667406e+00 3.667406e+00 3.667406e+00 5.000000e+00 3.667406e+00 5.000000e+00 3.667406e+00 0.000000e+00 
3.668406e+00 3.668406e+00 3.668406e+00 5.000000e+00 3.668406e+00 5.000000e+00 3.668406e+00 0.000000e+00 
3.669406e+00 3.669406e+00 3.669406e+00 5.000000e+00 3.669406e+00 5.000000e+00 3.669406e+00 0.000000e+00 
3.670406e+00 3.670406e+00 3.670406e+00 5.000000e+00 3.670406e+00 5.000000e+00 3.670406e+00 0.000000e+00 
3.671406e+00 3.671406e+00 3.671406e+00 5.000000e+00 3.671406e+00 5.000000e+00 3.671406e+00 0.000000e+00 
3.672406e+00 3.672406e+00 3.672406e+00 5.000000e+00 3.672406e+00 5.000000e+00 3.672406e+00 0.000000e+00 
3.673406e+00 3.673406e+00 3.673406e+00 5.000000e+00 3.673406e+00 5.000000e+00 3.673406e+00 0.000000e+00 
3.674406e+00 3.674406e+00 3.674406e+00 5.000000e+00 3.674406e+00 5.000000e+00 3.674406e+00 0.000000e+00 
3.675406e+00 3.675406e+00 3.675406e+00 5.000000e+00 3.675406e+00 5.000000e+00 3.675406e+00 0.000000e+00 
3.676406e+00 3.676406e+00 3.676406e+00 5.000000e+00 3.676406e+00 5.000000e+00 3.676406e+00 0.000000e+00 
3.677406e+00 3.677406e+00 3.677406e+00 5.000000e+00 3.677406e+00 5.000000e+00 3.677406e+00 0.000000e+00 
3.678406e+00 3.678406e+00 3.678406e+00 5.000000e+00 3.678406e+00 5.000000e+00 3.678406e+00 0.000000e+00 
3.679406e+00 3.679406e+00 3.679406e+00 5.000000e+00 3.679406e+00 5.000000e+00 3.679406e+00 0.000000e+00 
3.680406e+00 3.680406e+00 3.680406e+00 5.000000e+00 3.680406e+00 5.000000e+00 3.680406e+00 0.000000e+00 
3.681406e+00 3.681406e+00 3.681406e+00 5.000000e+00 3.681406e+00 5.000000e+00 3.681406e+00 0.000000e+00 
3.682406e+00 3.682406e+00 3.682406e+00 5.000000e+00 3.682406e+00 5.000000e+00 3.682406e+00 0.000000e+00 
3.683406e+00 3.683406e+00 3.683406e+00 5.000000e+00 3.683406e+00 5.000000e+00 3.683406e+00 0.000000e+00 
3.684406e+00 3.684406e+00 3.684406e+00 5.000000e+00 3.684406e+00 5.000000e+00 3.684406e+00 0.000000e+00 
3.685406e+00 3.685406e+00 3.685406e+00 5.000000e+00 3.685406e+00 5.000000e+00 3.685406e+00 0.000000e+00 
3.686406e+00 3.686406e+00 3.686406e+00 5.000000e+00 3.686406e+00 5.000000e+00 3.686406e+00 0.000000e+00 
3.687406e+00 3.687406e+00 3.687406e+00 5.000000e+00 3.687406e+00 5.000000e+00 3.687406e+00 0.000000e+00 
3.688406e+00 3.688406e+00 3.688406e+00 5.000000e+00 3.688406e+00 5.000000e+00 3.688406e+00 0.000000e+00 
3.689406e+00 3.689406e+00 3.689406e+00 5.000000e+00 3.689406e+00 5.000000e+00 3.689406e+00 0.000000e+00 
3.690406e+00 3.690406e+00 3.690406e+00 5.000000e+00 3.690406e+00 5.000000e+00 3.690406e+00 0.000000e+00 
3.691406e+00 3.691406e+00 3.691406e+00 5.000000e+00 3.691406e+00 5.000000e+00 3.691406e+00 0.000000e+00 
3.692406e+00 3.692406e+00 3.692406e+00 5.000000e+00 3.692406e+00 5.000000e+00 3.692406e+00 0.000000e+00 
3.693406e+00 3.693406e+00 3.693406e+00 5.000000e+00 3.693406e+00 5.000000e+00 3.693406e+00 0.000000e+00 
3.694406e+00 3.694406e+00 3.694406e+00 5.000000e+00 3.694406e+00 5.000000e+00 3.694406e+00 0.000000e+00 
3.695406e+00 3.695406e+00 3.695406e+00 5.000000e+00 3.695406e+00 5.000000e+00 3.695406e+00 0.000000e+00 
3.696406e+00 3.696406e+00 3.696406e+00 5.000000e+00 3.696406e+00 5.000000e+00 3.696406e+00 0.000000e+00 
3.697406e+00 3.697406e+00 3.697406e+00 5.000000e+00 3.697406e+00 5.000000e+00 3.697406e+00 0.000000e+00 
3.698406e+00 3.698406e+00 3.698406e+00 5.000000e+00 3.698406e+00 5.000000e+00 3.698406e+00 0.000000e+00 
3.699406e+00 3.699406e+00 3.699406e+00 5.000000e+00 3.699406e+00 5.000000e+00 3.699406e+00 0.000000e+00 
3.700406e+00 3.700406e+00 3.700406e+00 5.000000e+00 3.700406e+00 5.000000e+00 3.700406e+00 0.000000e+00 
3.701406e+00 3.701406e+00 3.701406e+00 5.000000e+00 3.701406e+00 5.000000e+00 3.701406e+00 0.000000e+00 
3.702406e+00 3.702406e+00 3.702406e+00 5.000000e+00 3.702406e+00 5.000000e+00 3.702406e+00 0.000000e+00 
3.703406e+00 3.703406e+00 3.703406e+00 5.000000e+00 3.703406e+00 5.000000e+00 3.703406e+00 0.000000e+00 
3.704406e+00 3.704406e+00 3.704406e+00 5.000000e+00 3.704406e+00 5.000000e+00 3.704406e+00 0.000000e+00 
3.705406e+00 3.705406e+00 3.705406e+00 5.000000e+00 3.705406e+00 5.000000e+00 3.705406e+00 0.000000e+00 
3.706406e+00 3.706406e+00 3.706406e+00 5.000000e+00 3.706406e+00 5.000000e+00 3.706406e+00 0.000000e+00 
3.707406e+00 3.707406e+00 3.707406e+00 5.000000e+00 3.707406e+00 5.000000e+00 3.707406e+00 0.000000e+00 
3.708406e+00 3.708406e+00 3.708406e+00 5.000000e+00 3.708406e+00 5.000000e+00 3.708406e+00 0.000000e+00 
3.709406e+00 3.709406e+00 3.709406e+00 5.000000e+00 3.709406e+00 5.000000e+00 3.709406e+00 0.000000e+00 
3.710406e+00 3.710406e+00 3.710406e+00 5.000000e+00 3.710406e+00 5.000000e+00 3.710406e+00 0.000000e+00 
3.711406e+00 3.711406e+00 3.711406e+00 5.000000e+00 3.711406e+00 5.000000e+00 3.711406e+00 0.000000e+00 
3.712406e+00 3.712406e+00 3.712406e+00 5.000000e+00 3.712406e+00 5.000000e+00 3.712406e+00 0.000000e+00 
3.713406e+00 3.713406e+00 3.713406e+00 5.000000e+00 3.713406e+00 5.000000e+00 3.713406e+00 0.000000e+00 
3.714406e+00 3.714406e+00 3.714406e+00 5.000000e+00 3.714406e+00 5.000000e+00 3.714406e+00 0.000000e+00 
3.715406e+00 3.715406e+00 3.715406e+00 5.000000e+00 3.715406e+00 5.000000e+00 3.715406e+00 0.000000e+00 
3.716406e+00 3.716406e+00 3.716406e+00 5.000000e+00 3.716406e+00 5.000000e+00 3.716406e+00 0.000000e+00 
3.717406e+00 3.717406e+00 3.717406e+00 5.000000e+00 3.717406e+00 5.000000e+00 3.717406e+00 0.000000e+00 
3.718406e+00 3.718406e+00 3.718406e+00 5.000000e+00 3.718406e+00 5.000000e+00 3.718406e+00 0.000000e+00 
3.719406e+00 3.719406e+00 3.719406e+00 5.000000e+00 3.719406e+00 5.000000e+00 3.719406e+00 0.000000e+00 
3.720406e+00 3.720406e+00 3.720406e+00 5.000000e+00 3.720406e+00 5.000000e+00 3.720406e+00 0.000000e+00 
3.721406e+00 3.721406e+00 3.721406e+00 5.000000e+00 3.721406e+00 5.000000e+00 3.721406e+00 0.000000e+00 
3.722406e+00 3.722406e+00 3.722406e+00 5.000000e+00 3.722406e+00 5.000000e+00 3.722406e+00 0.000000e+00 
3.723406e+00 3.723406e+00 3.723406e+00 5.000000e+00 3.723406e+00 5.000000e+00 3.723406e+00 0.000000e+00 
3.724406e+00 3.724406e+00 3.724406e+00 5.000000e+00 3.724406e+00 5.000000e+00 3.724406e+00 0.000000e+00 
3.725406e+00 3.725406e+00 3.725406e+00 5.000000e+00 3.725406e+00 5.000000e+00 3.725406e+00 0.000000e+00 
3.726406e+00 3.726406e+00 3.726406e+00 5.000000e+00 3.726406e+00 5.000000e+00 3.726406e+00 0.000000e+00 
3.727406e+00 3.727406e+00 3.727406e+00 5.000000e+00 3.727406e+00 5.000000e+00 3.727406e+00 0.000000e+00 
3.728406e+00 3.728406e+00 3.728406e+00 5.000000e+00 3.728406e+00 5.000000e+00 3.728406e+00 0.000000e+00 
3.729406e+00 3.729406e+00 3.729406e+00 5.000000e+00 3.729406e+00 5.000000e+00 3.729406e+00 0.000000e+00 
3.730406e+00 3.730406e+00 3.730406e+00 5.000000e+00 3.730406e+00 5.000000e+00 3.730406e+00 0.000000e+00 
3.731406e+00 3.731406e+00 3.731406e+00 5.000000e+00 3.731406e+00 5.000000e+00 3.731406e+00 0.000000e+00 
3.732406e+00 3.732406e+00 3.732406e+00 5.000000e+00 3.732406e+00 5.000000e+00 3.732406e+00 0.000000e+00 
3.733406e+00 3.733406e+00 3.733406e+00 5.000000e+00 3.733406e+00 5.000000e+00 3.733406e+00 0.000000e+00 
3.734406e+00 3.734406e+00 3.734406e+00 5.000000e+00 3.734406e+00 5.000000e+00 3.734406e+00 0.000000e+00 
3.735406e+00 3.735406e+00 3.735406e+00 5.000000e+00 3.735406e+00 5.000000e+00 3.735406e+00 0.000000e+00 
3.736406e+00 3.736406e+00 3.736406e+00 5.000000e+00 3.736406e+00 5.000000e+00 3.736406e+00 0.000000e+00 
3.737406e+00 3.737406e+00 3.737406e+00 5.000000e+00 3.737406e+00 5.000000e+00 3.737406e+00 0.000000e+00 
3.738406e+00 3.738406e+00 3.738406e+00 5.000000e+00 3.738406e+00 5.000000e+00 3.738406e+00 0.000000e+00 
3.739406e+00 3.739406e+00 3.739406e+00 5.000000e+00 3.739406e+00 5.000000e+00 3.739406e+00 0.000000e+00 
3.740406e+00 3.740406e+00 3.740406e+00 5.000000e+00 3.740406e+00 5.000000e+00 3.740406e+00 0.000000e+00 
3.741406e+00 3.741406e+00 3.741406e+00 5.000000e+00 3.741406e+00 5.000000e+00 3.741406e+00 0.000000e+00 
3.742406e+00 3.742406e+00 3.742406e+00 5.000000e+00 3.742406e+00 5.000000e+00 3.742406e+00 0.000000e+00 
3.743406e+00 3.743406e+00 3.743406e+00 5.000000e+00 3.743406e+00 5.000000e+00 3.743406e+00 0.000000e+00 
3.744406e+00 3.744406e+00 3.744406e+00 5.000000e+00 3.744406e+00 5.000000e+00 3.744406e+00 0.000000e+00 
3.745406e+00 3.745406e+00 3.745406e+00 5.000000e+00 3.745406e+00 5.000000e+00 3.745406e+00 0.000000e+00 
3.746406e+00 3.746406e+00 3.746406e+00 5.000000e+00 3.746406e+00 5.000000e+00 3.746406e+00 0.000000e+00 
3.747406e+00 3.747406e+00 3.747406e+00 5.000000e+00 3.747406e+00 5.000000e+00 3.747406e+00 0.000000e+00 
3.748406e+00 3.748406e+00 3.748406e+00 5.000000e+00 3.748406e+00 5.000000e+00 3.748406e+00 0.000000e+00 
3.749406e+00 3.749406e+00 3.749406e+00 5.000000e+00 3.749406e+00 5.000000e+00 3.749406e+00 0.000000e+00 
3.750406e+00 3.750406e+00 3.750406e+00 5.000000e+00 3.750406e+00 5.000000e+00 3.750406e+00 0.000000e+00 
3.751406e+00 3.751406e+00 3.751406e+00 5.000000e+00 3.751406e+00 5.000000e+00 3.751406e+00 0.000000e+00 
3.752406e+00 3.752406e+00 3.752406e+00 5.000000e+00 3.752406e+00 5.000000e+00 3.752406e+00 0.000000e+00 
3.753406e+00 3.753406e+00 3.753406e+00 5.000000e+00 3.753406e+00 5.000000e+00 3.753406e+00 0.000000e+00 
3.754406e+00 3.754406e+00 3.754406e+00 5.000000e+00 3.754406e+00 5.000000e+00 3.754406e+00 0.000000e+00 
3.755406e+00 3.755406e+00 3.755406e+00 5.000000e+00 3.755406e+00 5.000000e+00 3.755406e+00 0.000000e+00 
3.756406e+00 3.756406e+00 3.756406e+00 5.000000e+00 3.756406e+00 5.000000e+00 3.756406e+00 0.000000e+00 
3.757406e+00 3.757406e+00 3.757406e+00 5.000000e+00 3.757406e+00 5.000000e+00 3.757406e+00 0.000000e+00 
3.758406e+00 3.758406e+00 3.758406e+00 5.000000e+00 3.758406e+00 5.000000e+00 3.758406e+00 0.000000e+00 
3.759406e+00 3.759406e+00 3.759406e+00 5.000000e+00 3.759406e+00 5.000000e+00 3.759406e+00 0.000000e+00 
3.760406e+00 3.760406e+00 3.760406e+00 5.000000e+00 3.760406e+00 5.000000e+00 3.760406e+00 0.000000e+00 
3.761406e+00 3.761406e+00 3.761406e+00 5.000000e+00 3.761406e+00 5.000000e+00 3.761406e+00 0.000000e+00 
3.762406e+00 3.762406e+00 3.762406e+00 5.000000e+00 3.762406e+00 5.000000e+00 3.762406e+00 0.000000e+00 
3.763406e+00 3.763406e+00 3.763406e+00 5.000000e+00 3.763406e+00 5.000000e+00 3.763406e+00 0.000000e+00 
3.764406e+00 3.764406e+00 3.764406e+00 5.000000e+00 3.764406e+00 5.000000e+00 3.764406e+00 0.000000e+00 
3.765406e+00 3.765406e+00 3.765406e+00 5.000000e+00 3.765406e+00 5.000000e+00 3.765406e+00 0.000000e+00 
3.766406e+00 3.766406e+00 3.766406e+00 5.000000e+00 3.766406e+00 5.000000e+00 3.766406e+00 0.000000e+00 
3.767406e+00 3.767406e+00 3.767406e+00 5.000000e+00 3.767406e+00 5.000000e+00 3.767406e+00 0.000000e+00 
3.768406e+00 3.768406e+00 3.768406e+00 5.000000e+00 3.768406e+00 5.000000e+00 3.768406e+00 0.000000e+00 
3.769406e+00 3.769406e+00 3.769406e+00 5.000000e+00 3.769406e+00 5.000000e+00 3.769406e+00 0.000000e+00 
3.770406e+00 3.770406e+00 3.770406e+00 5.000000e+00 3.770406e+00 5.000000e+00 3.770406e+00 0.000000e+00 
3.771406e+00 3.771406e+00 3.771406e+00 5.000000e+00 3.771406e+00 5.000000e+00 3.771406e+00 0.000000e+00 
3.772406e+00 3.772406e+00 3.772406e+00 5.000000e+00 3.772406e+00 5.000000e+00 3.772406e+00 0.000000e+00 
3.773406e+00 3.773406e+00 3.773406e+00 5.000000e+00 3.773406e+00 5.000000e+00 3.773406e+00 0.000000e+00 
3.774406e+00 3.774406e+00 3.774406e+00 5.000000e+00 3.774406e+00 5.000000e+00 3.774406e+00 0.000000e+00 
3.775406e+00 3.775406e+00 3.775406e+00 5.000000e+00 3.775406e+00 5.000000e+00 3.775406e+00 0.000000e+00 
3.776406e+00 3.776406e+00 3.776406e+00 5.000000e+00 3.776406e+00 5.000000e+00 3.776406e+00 0.000000e+00 
3.777406e+00 3.777406e+00 3.777406e+00 5.000000e+00 3.777406e+00 5.000000e+00 3.777406e+00 0.000000e+00 
3.778406e+00 3.778406e+00 3.778406e+00 5.000000e+00 3.778406e+00 5.000000e+00 3.778406e+00 0.000000e+00 
3.779406e+00 3.779406e+00 3.779406e+00 5.000000e+00 3.779406e+00 5.000000e+00 3.779406e+00 0.000000e+00 
3.780406e+00 3.780406e+00 3.780406e+00 5.000000e+00 3.780406e+00 5.000000e+00 3.780406e+00 0.000000e+00 
3.781406e+00 3.781406e+00 3.781406e+00 5.000000e+00 3.781406e+00 5.000000e+00 3.781406e+00 0.000000e+00 
3.782406e+00 3.782406e+00 3.782406e+00 5.000000e+00 3.782406e+00 5.000000e+00 3.782406e+00 0.000000e+00 
3.783406e+00 3.783406e+00 3.783406e+00 5.000000e+00 3.783406e+00 5.000000e+00 3.783406e+00 0.000000e+00 
3.784406e+00 3.784406e+00 3.784406e+00 5.000000e+00 3.784406e+00 5.000000e+00 3.784406e+00 0.000000e+00 
3.785406e+00 3.785406e+00 3.785406e+00 5.000000e+00 3.785406e+00 5.000000e+00 3.785406e+00 0.000000e+00 
3.786406e+00 3.786406e+00 3.786406e+00 5.000000e+00 3.786406e+00 5.000000e+00 3.786406e+00 0.000000e+00 
3.787406e+00 3.787406e+00 3.787406e+00 5.000000e+00 3.787406e+00 5.000000e+00 3.787406e+00 0.000000e+00 
3.788406e+00 3.788406e+00 3.788406e+00 5.000000e+00 3.788406e+00 5.000000e+00 3.788406e+00 0.000000e+00 
3.789406e+00 3.789406e+00 3.789406e+00 5.000000e+00 3.789406e+00 5.000000e+00 3.789406e+00 0.000000e+00 
3.790406e+00 3.790406e+00 3.790406e+00 5.000000e+00 3.790406e+00 5.000000e+00 3.790406e+00 0.000000e+00 
3.791406e+00 3.791406e+00 3.791406e+00 5.000000e+00 3.791406e+00 5.000000e+00 3.791406e+00 0.000000e+00 
3.792406e+00 3.792406e+00 3.792406e+00 5.000000e+00 3.792406e+00 5.000000e+00 3.792406e+00 0.000000e+00 
3.793406e+00 3.793406e+00 3.793406e+00 5.000000e+00 3.793406e+00 5.000000e+00 3.793406e+00 0.000000e+00 
3.794406e+00 3.794406e+00 3.794406e+00 5.000000e+00 3.794406e+00 5.000000e+00 3.794406e+00 0.000000e+00 
3.795406e+00 3.795406e+00 3.795406e+00 5.000000e+00 3.795406e+00 5.000000e+00 3.795406e+00 0.000000e+00 
3.796406e+00 3.796406e+00 3.796406e+00 5.000000e+00 3.796406e+00 5.000000e+00 3.796406e+00 0.000000e+00 
3.797406e+00 3.797406e+00 3.797406e+00 5.000000e+00 3.797406e+00 5.000000e+00 3.797406e+00 0.000000e+00 
3.798406e+00 3.798406e+00 3.798406e+00 5.000000e+00 3.798406e+00 5.000000e+00 3.798406e+00 0.000000e+00 
3.799406e+00 3.799406e+00 3.799406e+00 5.000000e+00 3.799406e+00 5.000000e+00 3.799406e+00 0.000000e+00 
3.800406e+00 3.800406e+00 3.800406e+00 5.000000e+00 3.800406e+00 5.000000e+00 3.800406e+00 0.000000e+00 
3.801406e+00 3.801406e+00 3.801406e+00 5.000000e+00 3.801406e+00 5.000000e+00 3.801406e+00 0.000000e+00 
3.802406e+00 3.802406e+00 3.802406e+00 5.000000e+00 3.802406e+00 5.000000e+00 3.802406e+00 0.000000e+00 
3.803406e+00 3.803406e+00 3.803406e+00 5.000000e+00 3.803406e+00 5.000000e+00 3.803406e+00 0.000000e+00 
3.804406e+00 3.804406e+00 3.804406e+00 5.000000e+00 3.804406e+00 5.000000e+00 3.804406e+00 0.000000e+00 
3.805406e+00 3.805406e+00 3.805406e+00 5.000000e+00 3.805406e+00 5.000000e+00 3.805406e+00 0.000000e+00 
3.806406e+00 3.806406e+00 3.806406e+00 5.000000e+00 3.806406e+00 5.000000e+00 3.806406e+00 0.000000e+00 
3.807406e+00 3.807406e+00 3.807406e+00 5.000000e+00 3.807406e+00 5.000000e+00 3.807406e+00 0.000000e+00 
3.808406e+00 3.808406e+00 3.808406e+00 5.000000e+00 3.808406e+00 5.000000e+00 3.808406e+00 0.000000e+00 
3.809406e+00 3.809406e+00 3.809406e+00 5.000000e+00 3.809406e+00 5.000000e+00 3.809406e+00 0.000000e+00 
3.810406e+00 3.810406e+00 3.810406e+00 5.000000e+00 3.810406e+00 5.000000e+00 3.810406e+00 0.000000e+00 
3.811406e+00 3.811406e+00 3.811406e+00 5.000000e+00 3.811406e+00 5.000000e+00 3.811406e+00 0.000000e+00 
3.812406e+00 3.812406e+00 3.812406e+00 5.000000e+00 3.812406e+00 5.000000e+00 3.812406e+00 0.000000e+00 
3.813406e+00 3.813406e+00 3.813406e+00 5.000000e+00 3.813406e+00 5.000000e+00 3.813406e+00 0.000000e+00 
3.814406e+00 3.814406e+00 3.814406e+00 5.000000e+00 3.814406e+00 5.000000e+00 3.814406e+00 0.000000e+00 
3.815406e+00 3.815406e+00 3.815406e+00 5.000000e+00 3.815406e+00 5.000000e+00 3.815406e+00 0.000000e+00 
3.816406e+00 3.816406e+00 3.816406e+00 5.000000e+00 3.816406e+00 5.000000e+00 3.816406e+00 0.000000e+00 
3.817406e+00 3.817406e+00 3.817406e+00 5.000000e+00 3.817406e+00 5.000000e+00 3.817406e+00 0.000000e+00 
3.818406e+00 3.818406e+00 3.818406e+00 5.000000e+00 3.818406e+00 5.000000e+00 3.818406e+00 0.000000e+00 
3.819406e+00 3.819406e+00 3.819406e+00 5.000000e+00 3.819406e+00 5.000000e+00 3.819406e+00 0.000000e+00 
3.820406e+00 3.820406e+00 3.820406e+00 5.000000e+00 3.820406e+00 5.000000e+00 3.820406e+00 0.000000e+00 
3.821406e+00 3.821406e+00 3.821406e+00 5.000000e+00 3.821406e+00 5.000000e+00 3.821406e+00 0.000000e+00 
3.822406e+00 3.822406e+00 3.822406e+00 5.000000e+00 3.822406e+00 5.000000e+00 3.822406e+00 0.000000e+00 
3.823406e+00 3.823406e+00 3.823406e+00 5.000000e+00 3.823406e+00 5.000000e+00 3.823406e+00 0.000000e+00 
3.824406e+00 3.824406e+00 3.824406e+00 5.000000e+00 3.824406e+00 5.000000e+00 3.824406e+00 0.000000e+00 
3.825406e+00 3.825406e+00 3.825406e+00 5.000000e+00 3.825406e+00 5.000000e+00 3.825406e+00 0.000000e+00 
3.826406e+00 3.826406e+00 3.826406e+00 5.000000e+00 3.826406e+00 5.000000e+00 3.826406e+00 0.000000e+00 
3.827406e+00 3.827406e+00 3.827406e+00 5.000000e+00 3.827406e+00 5.000000e+00 3.827406e+00 0.000000e+00 
3.828406e+00 3.828406e+00 3.828406e+00 5.000000e+00 3.828406e+00 5.000000e+00 3.828406e+00 0.000000e+00 
3.829406e+00 3.829406e+00 3.829406e+00 5.000000e+00 3.829406e+00 5.000000e+00 3.829406e+00 0.000000e+00 
3.830406e+00 3.830406e+00 3.830406e+00 5.000000e+00 3.830406e+00 5.000000e+00 3.830406e+00 0.000000e+00 
3.831406e+00 3.831406e+00 3.831406e+00 5.000000e+00 3.831406e+00 5.000000e+00 3.831406e+00 0.000000e+00 
3.832406e+00 3.832406e+00 3.832406e+00 5.000000e+00 3.832406e+00 5.000000e+00 3.832406e+00 0.000000e+00 
3.833406e+00 3.833406e+00 3.833406e+00 5.000000e+00 3.833406e+00 5.000000e+00 3.833406e+00 0.000000e+00 
3.834406e+00 3.834406e+00 3.834406e+00 5.000000e+00 3.834406e+00 5.000000e+00 3.834406e+00 0.000000e+00 
3.835406e+00 3.835406e+00 3.835406e+00 5.000000e+00 3.835406e+00 5.000000e+00 3.835406e+00 0.000000e+00 
3.836406e+00 3.836406e+00 3.836406e+00 5.000000e+00 3.836406e+00 5.000000e+00 3.836406e+00 0.000000e+00 
3.837406e+00 3.837406e+00 3.837406e+00 5.000000e+00 3.837406e+00 5.000000e+00 3.837406e+00 0.000000e+00 
3.838406e+00 3.838406e+00 3.838406e+00 5.000000e+00 3.838406e+00 5.000000e+00 3.838406e+00 0.000000e+00 
3.839406e+00 3.839406e+00 3.839406e+00 5.000000e+00 3.839406e+00 5.000000e+00 3.839406e+00 0.000000e+00 
3.840406e+00 3.840406e+00 3.840406e+00 5.000000e+00 3.840406e+00 5.000000e+00 3.840406e+00 0.000000e+00 
3.841406e+00 3.841406e+00 3.841406e+00 5.000000e+00 3.841406e+00 5.000000e+00 3.841406e+00 0.000000e+00 
3.842406e+00 3.842406e+00 3.842406e+00 5.000000e+00 3.842406e+00 5.000000e+00 3.842406e+00 0.000000e+00 
3.843406e+00 3.843406e+00 3.843406e+00 5.000000e+00 3.843406e+00 5.000000e+00 3.843406e+00 0.000000e+00 
3.844406e+00 3.844406e+00 3.844406e+00 5.000000e+00 3.844406e+00 5.000000e+00 3.844406e+00 0.000000e+00 
3.845406e+00 3.845406e+00 3.845406e+00 5.000000e+00 3.845406e+00 5.000000e+00 3.845406e+00 0.000000e+00 
3.846406e+00 3.846406e+00 3.846406e+00 5.000000e+00 3.846406e+00 5.000000e+00 3.846406e+00 0.000000e+00 
3.847406e+00 3.847406e+00 3.847406e+00 5.000000e+00 3.847406e+00 5.000000e+00 3.847406e+00 0.000000e+00 
3.848406e+00 3.848406e+00 3.848406e+00 5.000000e+00 3.848406e+00 5.000000e+00 3.848406e+00 0.000000e+00 
3.849406e+00 3.849406e+00 3.849406e+00 5.000000e+00 3.849406e+00 5.000000e+00 3.849406e+00 0.000000e+00 
3.850406e+00 3.850406e+00 3.850406e+00 5.000000e+00 3.850406e+00 5.000000e+00 3.850406e+00 0.000000e+00 
3.851406e+00 3.851406e+00 3.851406e+00 5.000000e+00 3.851406e+00 5.000000e+00 3.851406e+00 0.000000e+00 
3.852406e+00 3.852406e+00 3.852406e+00 5.000000e+00 3.852406e+00 5.000000e+00 3.852406e+00 0.000000e+00 
3.853406e+00 3.853406e+00 3.853406e+00 5.000000e+00 3.853406e+00 5.000000e+00 3.853406e+00 0.000000e+00 
3.854406e+00 3.854406e+00 3.854406e+00 5.000000e+00 3.854406e+00 5.000000e+00 3.854406e+00 0.000000e+00 
3.855406e+00 3.855406e+00 3.855406e+00 5.000000e+00 3.855406e+00 5.000000e+00 3.855406e+00 0.000000e+00 
3.856406e+00 3.856406e+00 3.856406e+00 5.000000e+00 3.856406e+00 5.000000e+00 3.856406e+00 0.000000e+00 
3.857406e+00 3.857406e+00 3.857406e+00 5.000000e+00 3.857406e+00 5.000000e+00 3.857406e+00 0.000000e+00 
3.858406e+00 3.858406e+00 3.858406e+00 5.000000e+00 3.858406e+00 5.000000e+00 3.858406e+00 0.000000e+00 
3.859406e+00 3.859406e+00 3.859406e+00 5.000000e+00 3.859406e+00 5.000000e+00 3.859406e+00 0.000000e+00 
3.860406e+00 3.860406e+00 3.860406e+00 5.000000e+00 3.860406e+00 5.000000e+00 3.860406e+00 0.000000e+00 
3.861406e+00 3.861406e+00 3.861406e+00 5.000000e+00 3.861406e+00 5.000000e+00 3.861406e+00 0.000000e+00 
3.862406e+00 3.862406e+00 3.862406e+00 5.000000e+00 3.862406e+00 5.000000e+00 3.862406e+00 0.000000e+00 
3.863406e+00 3.863406e+00 3.863406e+00 5.000000e+00 3.863406e+00 5.000000e+00 3.863406e+00 0.000000e+00 
3.864406e+00 3.864406e+00 3.864406e+00 5.000000e+00 3.864406e+00 5.000000e+00 3.864406e+00 0.000000e+00 
3.865406e+00 3.865406e+00 3.865406e+00 5.000000e+00 3.865406e+00 5.000000e+00 3.865406e+00 0.000000e+00 
3.866406e+00 3.866406e+00 3.866406e+00 5.000000e+00 3.866406e+00 5.000000e+00 3.866406e+00 0.000000e+00 
3.867406e+00 3.867406e+00 3.867406e+00 5.000000e+00 3.867406e+00 5.000000e+00 3.867406e+00 0.000000e+00 
3.868406e+00 3.868406e+00 3.868406e+00 5.000000e+00 3.868406e+00 5.000000e+00 3.868406e+00 0.000000e+00 
3.869406e+00 3.869406e+00 3.869406e+00 5.000000e+00 3.869406e+00 5.000000e+00 3.869406e+00 0.000000e+00 
3.870406e+00 3.870406e+00 3.870406e+00 5.000000e+00 3.870406e+00 5.000000e+00 3.870406e+00 0.000000e+00 
3.871406e+00 3.871406e+00 3.871406e+00 5.000000e+00 3.871406e+00 5.000000e+00 3.871406e+00 0.000000e+00 
3.872406e+00 3.872406e+00 3.872406e+00 5.000000e+00 3.872406e+00 5.000000e+00 3.872406e+00 0.000000e+00 
3.873406e+00 3.873406e+00 3.873406e+00 5.000000e+00 3.873406e+00 5.000000e+00 3.873406e+00 0.000000e+00 
3.874406e+00 3.874406e+00 3.874406e+00 5.000000e+00 3.874406e+00 5.000000e+00 3.874406e+00 0.000000e+00 
3.875406e+00 3.875406e+00 3.875406e+00 5.000000e+00 3.875406e+00 5.000000e+00 3.875406e+00 0.000000e+00 
3.876406e+00 3.876406e+00 3.876406e+00 5.000000e+00 3.876406e+00 5.000000e+00 3.876406e+00 0.000000e+00 
3.877406e+00 3.877406e+00 3.877406e+00 5.000000e+00 3.877406e+00 5.000000e+00 3.877406e+00 0.000000e+00 
3.878406e+00 3.878406e+00 3.878406e+00 5.000000e+00 3.878406e+00 5.000000e+00 3.878406e+00 0.000000e+00 
3.879406e+00 3.879406e+00 3.879406e+00 5.000000e+00 3.879406e+00 5.000000e+00 3.879406e+00 0.000000e+00 
3.880406e+00 3.880406e+00 3.880406e+00 5.000000e+00 3.880406e+00 5.000000e+00 3.880406e+00 0.000000e+00 
3.881406e+00 3.881406e+00 3.881406e+00 5.000000e+00 3.881406e+00 5.000000e+00 3.881406e+00 0.000000e+00 
3.882406e+00 3.882406e+00 3.882406e+00 5.000000e+00 3.882406e+00 5.000000e+00 3.882406e+00 0.000000e+00 
3.883406e+00 3.883406e+00 3.883406e+00 5.000000e+00 3.883406e+00 5.000000e+00 3.883406e+00 0.000000e+00 
3.884406e+00 3.884406e+00 3.884406e+00 5.000000e+00 3.884406e+00 5.000000e+00 3.884406e+00 0.000000e+00 
3.885406e+00 3.885406e+00 3.885406e+00 5.000000e+00 3.885406e+00 5.000000e+00 3.885406e+00 0.000000e+00 
3.886406e+00 3.886406e+00 3.886406e+00 5.000000e+00 3.886406e+00 5.000000e+00 3.886406e+00 0.000000e+00 
3.887406e+00 3.887406e+00 3.887406e+00 5.000000e+00 3.887406e+00 5.000000e+00 3.887406e+00 0.000000e+00 
3.888406e+00 3.888406e+00 3.888406e+00 5.000000e+00 3.888406e+00 5.000000e+00 3.888406e+00 0.000000e+00 
3.889406e+00 3.889406e+00 3.889406e+00 5.000000e+00 3.889406e+00 5.000000e+00 3.889406e+00 0.000000e+00 
3.890406e+00 3.890406e+00 3.890406e+00 5.000000e+00 3.890406e+00 5.000000e+00 3.890406e+00 0.000000e+00 
3.891406e+00 3.891406e+00 3.891406e+00 5.000000e+00 3.891406e+00 5.000000e+00 3.891406e+00 0.000000e+00 
3.892406e+00 3.892406e+00 3.892406e+00 5.000000e+00 3.892406e+00 5.000000e+00 3.892406e+00 0.000000e+00 
3.893406e+00 3.893406e+00 3.893406e+00 5.000000e+00 3.893406e+00 5.000000e+00 3.893406e+00 0.000000e+00 
3.894406e+00 3.894406e+00 3.894406e+00 5.000000e+00 3.894406e+00 5.000000e+00 3.894406e+00 0.000000e+00 
3.895406e+00 3.895406e+00 3.895406e+00 5.000000e+00 3.895406e+00 5.000000e+00 3.895406e+00 0.000000e+00 
3.896406e+00 3.896406e+00 3.896406e+00 5.000000e+00 3.896406e+00 5.000000e+00 3.896406e+00 0.000000e+00 
3.897406e+00 3.897406e+00 3.897406e+00 5.000000e+00 3.897406e+00 5.000000e+00 3.897406e+00 0.000000e+00 
3.898406e+00 3.898406e+00 3.898406e+00 5.000000e+00 3.898406e+00 5.000000e+00 3.898406e+00 0.000000e+00 
3.899406e+00 3.899406e+00 3.899406e+00 5.000000e+00 3.899406e+00 5.000000e+00 3.899406e+00 0.000000e+00 
3.900406e+00 3.900406e+00 3.900406e+00 5.000000e+00 3.900406e+00 5.000000e+00 3.900406e+00 0.000000e+00 
3.901406e+00 3.901406e+00 3.901406e+00 5.000000e+00 3.901406e+00 5.000000e+00 3.901406e+00 0.000000e+00 
3.902406e+00 3.902406e+00 3.902406e+00 5.000000e+00 3.902406e+00 5.000000e+00 3.902406e+00 0.000000e+00 
3.903406e+00 3.903406e+00 3.903406e+00 5.000000e+00 3.903406e+00 5.000000e+00 3.903406e+00 0.000000e+00 
3.904406e+00 3.904406e+00 3.904406e+00 5.000000e+00 3.904406e+00 5.000000e+00 3.904406e+00 0.000000e+00 
3.905406e+00 3.905406e+00 3.905406e+00 5.000000e+00 3.905406e+00 5.000000e+00 3.905406e+00 0.000000e+00 
3.906406e+00 3.906406e+00 3.906406e+00 5.000000e+00 3.906406e+00 5.000000e+00 3.906406e+00 0.000000e+00 
3.907406e+00 3.907406e+00 3.907406e+00 5.000000e+00 3.907406e+00 5.000000e+00 3.907406e+00 0.000000e+00 
3.908406e+00 3.908406e+00 3.908406e+00 5.000000e+00 3.908406e+00 5.000000e+00 3.908406e+00 0.000000e+00 
3.909406e+00 3.909406e+00 3.909406e+00 5.000000e+00 3.909406e+00 5.000000e+00 3.909406e+00 0.000000e+00 
3.910406e+00 3.910406e+00 3.910406e+00 5.000000e+00 3.910406e+00 5.000000e+00 3.910406e+00 0.000000e+00 
3.911406e+00 3.911406e+00 3.911406e+00 5.000000e+00 3.911406e+00 5.000000e+00 3.911406e+00 0.000000e+00 
3.912406e+00 3.912406e+00 3.912406e+00 5.000000e+00 3.912406e+00 5.000000e+00 3.912406e+00 0.000000e+00 
3.913406e+00 3.913406e+00 3.913406e+00 5.000000e+00 3.913406e+00 5.000000e+00 3.913406e+00 0.000000e+00 
3.914406e+00 3.914406e+00 3.914406e+00 5.000000e+00 3.914406e+00 5.000000e+00 3.914406e+00 0.000000e+00 
3.915406e+00 3.915406e+00 3.915406e+00 5.000000e+00 3.915406e+00 5.000000e+00 3.915406e+00 0.000000e+00 
3.916406e+00 3.916406e+00 3.916406e+00 5.000000e+00 3.916406e+00 5.000000e+00 3.916406e+00 0.000000e+00 
3.917406e+00 3.917406e+00 3.917406e+00 5.000000e+00 3.917406e+00 5.000000e+00 3.917406e+00 0.000000e+00 
3.918406e+00 3.918406e+00 3.918406e+00 5.000000e+00 3.918406e+00 5.000000e+00 3.918406e+00 0.000000e+00 
3.919406e+00 3.919406e+00 3.919406e+00 5.000000e+00 3.919406e+00 5.000000e+00 3.919406e+00 0.000000e+00 
3.920406e+00 3.920406e+00 3.920406e+00 5.000000e+00 3.920406e+00 5.000000e+00 3.920406e+00 0.000000e+00 
3.921406e+00 3.921406e+00 3.921406e+00 5.000000e+00 3.921406e+00 5.000000e+00 3.921406e+00 0.000000e+00 
3.922406e+00 3.922406e+00 3.922406e+00 5.000000e+00 3.922406e+00 5.000000e+00 3.922406e+00 0.000000e+00 
3.923406e+00 3.923406e+00 3.923406e+00 5.000000e+00 3.923406e+00 5.000000e+00 3.923406e+00 0.000000e+00 
3.924406e+00 3.924406e+00 3.924406e+00 5.000000e+00 3.924406e+00 5.000000e+00 3.924406e+00 0.000000e+00 
3.925406e+00 3.925406e+00 3.925406e+00 5.000000e+00 3.925406e+00 5.000000e+00 3.925406e+00 0.000000e+00 
3.926406e+00 3.926406e+00 3.926406e+00 5.000000e+00 3.926406e+00 5.000000e+00 3.926406e+00 0.000000e+00 
3.927406e+00 3.927406e+00 3.927406e+00 5.000000e+00 3.927406e+00 5.000000e+00 3.927406e+00 0.000000e+00 
3.928406e+00 3.928406e+00 3.928406e+00 5.000000e+00 3.928406e+00 5.000000e+00 3.928406e+00 0.000000e+00 
3.929406e+00 3.929406e+00 3.929406e+00 5.000000e+00 3.929406e+00 5.000000e+00 3.929406e+00 0.000000e+00 
3.930406e+00 3.930406e+00 3.930406e+00 5.000000e+00 3.930406e+00 5.000000e+00 3.930406e+00 0.000000e+00 
3.931406e+00 3.931406e+00 3.931406e+00 5.000000e+00 3.931406e+00 5.000000e+00 3.931406e+00 0.000000e+00 
3.932406e+00 3.932406e+00 3.932406e+00 5.000000e+00 3.932406e+00 5.000000e+00 3.932406e+00 0.000000e+00 
3.933406e+00 3.933406e+00 3.933406e+00 5.000000e+00 3.933406e+00 5.000000e+00 3.933406e+00 0.000000e+00 
3.934406e+00 3.934406e+00 3.934406e+00 5.000000e+00 3.934406e+00 5.000000e+00 3.934406e+00 0.000000e+00 
3.935406e+00 3.935406e+00 3.935406e+00 5.000000e+00 3.935406e+00 5.000000e+00 3.935406e+00 0.000000e+00 
3.936406e+00 3.936406e+00 3.936406e+00 5.000000e+00 3.936406e+00 5.000000e+00 3.936406e+00 0.000000e+00 
3.937406e+00 3.937406e+00 3.937406e+00 5.000000e+00 3.937406e+00 5.000000e+00 3.937406e+00 0.000000e+00 
3.938406e+00 3.938406e+00 3.938406e+00 5.000000e+00 3.938406e+00 5.000000e+00 3.938406e+00 0.000000e+00 
3.939406e+00 3.939406e+00 3.939406e+00 5.000000e+00 3.939406e+00 5.000000e+00 3.939406e+00 0.000000e+00 
3.940406e+00 3.940406e+00 3.940406e+00 5.000000e+00 3.940406e+00 5.000000e+00 3.940406e+00 0.000000e+00 
3.941406e+00 3.941406e+00 3.941406e+00 5.000000e+00 3.941406e+00 5.000000e+00 3.941406e+00 0.000000e+00 
3.942406e+00 3.942406e+00 3.942406e+00 5.000000e+00 3.942406e+00 5.000000e+00 3.942406e+00 0.000000e+00 
3.943406e+00 3.943406e+00 3.943406e+00 5.000000e+00 3.943406e+00 5.000000e+00 3.943406e+00 0.000000e+00 
3.944406e+00 3.944406e+00 3.944406e+00 5.000000e+00 3.944406e+00 5.000000e+00 3.944406e+00 0.000000e+00 
3.945406e+00 3.945406e+00 3.945406e+00 5.000000e+00 3.945406e+00 5.000000e+00 3.945406e+00 0.000000e+00 
3.946406e+00 3.946406e+00 3.946406e+00 5.000000e+00 3.946406e+00 5.000000e+00 3.946406e+00 0.000000e+00 
3.947406e+00 3.947406e+00 3.947406e+00 5.000000e+00 3.947406e+00 5.000000e+00 3.947406e+00 0.000000e+00 
3.948406e+00 3.948406e+00 3.948406e+00 5.000000e+00 3.948406e+00 5.000000e+00 3.948406e+00 0.000000e+00 
3.949406e+00 3.949406e+00 3.949406e+00 5.000000e+00 3.949406e+00 5.000000e+00 3.949406e+00 0.000000e+00 
3.950406e+00 3.950406e+00 3.950406e+00 5.000000e+00 3.950406e+00 5.000000e+00 3.950406e+00 0.000000e+00 
3.951406e+00 3.951406e+00 3.951406e+00 5.000000e+00 3.951406e+00 5.000000e+00 3.951406e+00 0.000000e+00 
3.952406e+00 3.952406e+00 3.952406e+00 5.000000e+00 3.952406e+00 5.000000e+00 3.952406e+00 0.000000e+00 
3.953406e+00 3.953406e+00 3.953406e+00 5.000000e+00 3.953406e+00 5.000000e+00 3.953406e+00 0.000000e+00 
3.954406e+00 3.954406e+00 3.954406e+00 5.000000e+00 3.954406e+00 5.000000e+00 3.954406e+00 0.000000e+00 
3.955406e+00 3.955406e+00 3.955406e+00 5.000000e+00 3.955406e+00 5.000000e+00 3.955406e+00 0.000000e+00 
3.956406e+00 3.956406e+00 3.956406e+00 5.000000e+00 3.956406e+00 5.000000e+00 3.956406e+00 0.000000e+00 
3.957406e+00 3.957406e+00 3.957406e+00 5.000000e+00 3.957406e+00 5.000000e+00 3.957406e+00 0.000000e+00 
3.958406e+00 3.958406e+00 3.958406e+00 5.000000e+00 3.958406e+00 5.000000e+00 3.958406e+00 0.000000e+00 
3.959406e+00 3.959406e+00 3.959406e+00 5.000000e+00 3.959406e+00 5.000000e+00 3.959406e+00 0.000000e+00 
3.960406e+00 3.960406e+00 3.960406e+00 5.000000e+00 3.960406e+00 5.000000e+00 3.960406e+00 0.000000e+00 
3.961406e+00 3.961406e+00 3.961406e+00 5.000000e+00 3.961406e+00 5.000000e+00 3.961406e+00 0.000000e+00 
3.962406e+00 3.962406e+00 3.962406e+00 5.000000e+00 3.962406e+00 5.000000e+00 3.962406e+00 0.000000e+00 
3.963406e+00 3.963406e+00 3.963406e+00 5.000000e+00 3.963406e+00 5.000000e+00 3.963406e+00 0.000000e+00 
3.964406e+00 3.964406e+00 3.964406e+00 5.000000e+00 3.964406e+00 5.000000e+00 3.964406e+00 0.000000e+00 
3.965406e+00 3.965406e+00 3.965406e+00 5.000000e+00 3.965406e+00 5.000000e+00 3.965406e+00 0.000000e+00 
3.966406e+00 3.966406e+00 3.966406e+00 5.000000e+00 3.966406e+00 5.000000e+00 3.966406e+00 0.000000e+00 
3.967406e+00 3.967406e+00 3.967406e+00 5.000000e+00 3.967406e+00 5.000000e+00 3.967406e+00 0.000000e+00 
3.968406e+00 3.968406e+00 3.968406e+00 5.000000e+00 3.968406e+00 5.000000e+00 3.968406e+00 0.000000e+00 
3.969406e+00 3.969406e+00 3.969406e+00 5.000000e+00 3.969406e+00 5.000000e+00 3.969406e+00 0.000000e+00 
3.970406e+00 3.970406e+00 3.970406e+00 5.000000e+00 3.970406e+00 5.000000e+00 3.970406e+00 0.000000e+00 
3.971406e+00 3.971406e+00 3.971406e+00 5.000000e+00 3.971406e+00 5.000000e+00 3.971406e+00 0.000000e+00 
3.972406e+00 3.972406e+00 3.972406e+00 5.000000e+00 3.972406e+00 5.000000e+00 3.972406e+00 0.000000e+00 
3.973406e+00 3.973406e+00 3.973406e+00 5.000000e+00 3.973406e+00 5.000000e+00 3.973406e+00 0.000000e+00 
3.974406e+00 3.974406e+00 3.974406e+00 5.000000e+00 3.974406e+00 5.000000e+00 3.974406e+00 0.000000e+00 
3.975406e+00 3.975406e+00 3.975406e+00 5.000000e+00 3.975406e+00 5.000000e+00 3.975406e+00 0.000000e+00 
3.976406e+00 3.976406e+00 3.976406e+00 5.000000e+00 3.976406e+00 5.000000e+00 3.976406e+00 0.000000e+00 
3.977406e+00 3.977406e+00 3.977406e+00 5.000000e+00 3.977406e+00 5.000000e+00 3.977406e+00 0.000000e+00 
3.978406e+00 3.978406e+00 3.978406e+00 5.000000e+00 3.978406e+00 5.000000e+00 3.978406e+00 0.000000e+00 
3.979406e+00 3.979406e+00 3.979406e+00 5.000000e+00 3.979406e+00 5.000000e+00 3.979406e+00 0.000000e+00 
3.980406e+00 3.980406e+00 3.980406e+00 5.000000e+00 3.980406e+00 5.000000e+00 3.980406e+00 0.000000e+00 
3.981406e+00 3.981406e+00 3.981406e+00 5.000000e+00 3.981406e+00 5.000000e+00 3.981406e+00 0.000000e+00 
3.982406e+00 3.982406e+00 3.982406e+00 5.000000e+00 3.982406e+00 5.000000e+00 3.982406e+00 0.000000e+00 
3.983406e+00 3.983406e+00 3.983406e+00 5.000000e+00 3.983406e+00 5.000000e+00 3.983406e+00 0.000000e+00 
3.984406e+00 3.984406e+00 3.984406e+00 5.000000e+00 3.984406e+00 5.000000e+00 3.984406e+00 0.000000e+00 
3.985406e+00 3.985406e+00 3.985406e+00 5.000000e+00 3.985406e+00 5.000000e+00 3.985406e+00 0.000000e+00 
3.986406e+00 3.986406e+00 3.986406e+00 5.000000e+00 3.986406e+00 5.000000e+00 3.986406e+00 0.000000e+00 
3.987406e+00 3.987406e+00 3.987406e+00 5.000000e+00 3.987406e+00 5.000000e+00 3.987406e+00 0.000000e+00 
3.988406e+00 3.988406e+00 3.988406e+00 5.000000e+00 3.988406e+00 5.000000e+00 3.988406e+00 0.000000e+00 
3.989406e+00 3.989406e+00 3.989406e+00 5.000000e+00 3.989406e+00 5.000000e+00 3.989406e+00 0.000000e+00 
3.990406e+00 3.990406e+00 3.990406e+00 5.000000e+00 3.990406e+00 5.000000e+00 3.990406e+00 0.000000e+00 
3.991406e+00 3.991406e+00 3.991406e+00 5.000000e+00 3.991406e+00 5.000000e+00 3.991406e+00 0.000000e+00 
3.992406e+00 3.992406e+00 3.992406e+00 5.000000e+00 3.992406e+00 5.000000e+00 3.992406e+00 0.000000e+00 
3.993406e+00 3.993406e+00 3.993406e+00 5.000000e+00 3.993406e+00 5.000000e+00 3.993406e+00 0.000000e+00 
3.994406e+00 3.994406e+00 3.994406e+00 5.000000e+00 3.994406e+00 5.000000e+00 3.994406e+00 0.000000e+00 
3.995406e+00 3.995406e+00 3.995406e+00 5.000000e+00 3.995406e+00 5.000000e+00 3.995406e+00 0.000000e+00 
3.996406e+00 3.996406e+00 3.996406e+00 5.000000e+00 3.996406e+00 5.000000e+00 3.996406e+00 0.000000e+00 
3.997406e+00 3.997406e+00 3.997406e+00 5.000000e+00 3.997406e+00 5.000000e+00 3.997406e+00 0.000000e+00 
3.998406e+00 3.998406e+00 3.998406e+00 5.000000e+00 3.998406e+00 5.000000e+00 3.998406e+00 0.000000e+00 
3.999406e+00 3.999406e+00 3.999406e+00 5.000000e+00 3.999406e+00 5.000000e+00 3.999406e+00 0.000000e+00 
4.000406e+00 4.000406e+00 4.000406e+00 5.000000e+00 4.000406e+00 5.000000e+00 4.000406e+00 0.000000e+00 
4.001406e+00 4.001406e+00 4.001406e+00 5.000000e+00 4.001406e+00 5.000000e+00 4.001406e+00 0.000000e+00 
4.002406e+00 4.002406e+00 4.002406e+00 5.000000e+00 4.002406e+00 5.000000e+00 4.002406e+00 0.000000e+00 
4.003406e+00 4.003406e+00 4.003406e+00 5.000000e+00 4.003406e+00 5.000000e+00 4.003406e+00 0.000000e+00 
4.004406e+00 4.004406e+00 4.004406e+00 5.000000e+00 4.004406e+00 5.000000e+00 4.004406e+00 0.000000e+00 
4.005406e+00 4.005406e+00 4.005406e+00 5.000000e+00 4.005406e+00 5.000000e+00 4.005406e+00 0.000000e+00 
4.006406e+00 4.006406e+00 4.006406e+00 5.000000e+00 4.006406e+00 5.000000e+00 4.006406e+00 0.000000e+00 
4.007406e+00 4.007406e+00 4.007406e+00 5.000000e+00 4.007406e+00 5.000000e+00 4.007406e+00 0.000000e+00 
4.008406e+00 4.008406e+00 4.008406e+00 5.000000e+00 4.008406e+00 5.000000e+00 4.008406e+00 0.000000e+00 
4.009406e+00 4.009406e+00 4.009406e+00 5.000000e+00 4.009406e+00 5.000000e+00 4.009406e+00 0.000000e+00 
4.010406e+00 4.010406e+00 4.010406e+00 5.000000e+00 4.010406e+00 5.000000e+00 4.010406e+00 0.000000e+00 
4.011406e+00 4.011406e+00 4.011406e+00 5.000000e+00 4.011406e+00 5.000000e+00 4.011406e+00 0.000000e+00 
4.012406e+00 4.012406e+00 4.012406e+00 5.000000e+00 4.012406e+00 5.000000e+00 4.012406e+00 0.000000e+00 
4.013406e+00 4.013406e+00 4.013406e+00 5.000000e+00 4.013406e+00 5.000000e+00 4.013406e+00 0.000000e+00 
4.014406e+00 4.014406e+00 4.014406e+00 5.000000e+00 4.014406e+00 5.000000e+00 4.014406e+00 0.000000e+00 
4.015406e+00 4.015406e+00 4.015406e+00 5.000000e+00 4.015406e+00 5.000000e+00 4.015406e+00 0.000000e+00 
4.016406e+00 4.016406e+00 4.016406e+00 5.000000e+00 4.016406e+00 5.000000e+00 4.016406e+00 0.000000e+00 
4.017406e+00 4.017406e+00 4.017406e+00 5.000000e+00 4.017406e+00 5.000000e+00 4.017406e+00 0.000000e+00 
4.018406e+00 4.018406e+00 4.018406e+00 5.000000e+00 4.018406e+00 5.000000e+00 4.018406e+00 0.000000e+00 
4.019406e+00 4.019406e+00 4.019406e+00 5.000000e+00 4.019406e+00 5.000000e+00 4.019406e+00 0.000000e+00 
4.020406e+00 4.020406e+00 4.020406e+00 5.000000e+00 4.020406e+00 5.000000e+00 4.020406e+00 0.000000e+00 
4.021406e+00 4.021406e+00 4.021406e+00 5.000000e+00 4.021406e+00 5.000000e+00 4.021406e+00 0.000000e+00 
4.022406e+00 4.022406e+00 4.022406e+00 5.000000e+00 4.022406e+00 5.000000e+00 4.022406e+00 0.000000e+00 
4.023406e+00 4.023406e+00 4.023406e+00 5.000000e+00 4.023406e+00 5.000000e+00 4.023406e+00 0.000000e+00 
4.024406e+00 4.024406e+00 4.024406e+00 5.000000e+00 4.024406e+00 5.000000e+00 4.024406e+00 0.000000e+00 
4.025406e+00 4.025406e+00 4.025406e+00 5.000000e+00 4.025406e+00 5.000000e+00 4.025406e+00 0.000000e+00 
4.026406e+00 4.026406e+00 4.026406e+00 5.000000e+00 4.026406e+00 5.000000e+00 4.026406e+00 0.000000e+00 
4.027406e+00 4.027406e+00 4.027406e+00 5.000000e+00 4.027406e+00 5.000000e+00 4.027406e+00 0.000000e+00 
4.028406e+00 4.028406e+00 4.028406e+00 5.000000e+00 4.028406e+00 5.000000e+00 4.028406e+00 0.000000e+00 
4.029406e+00 4.029406e+00 4.029406e+00 5.000000e+00 4.029406e+00 5.000000e+00 4.029406e+00 0.000000e+00 
4.030406e+00 4.030406e+00 4.030406e+00 5.000000e+00 4.030406e+00 5.000000e+00 4.030406e+00 0.000000e+00 
4.031406e+00 4.031406e+00 4.031406e+00 5.000000e+00 4.031406e+00 5.000000e+00 4.031406e+00 0.000000e+00 
4.032406e+00 4.032406e+00 4.032406e+00 5.000000e+00 4.032406e+00 5.000000e+00 4.032406e+00 0.000000e+00 
4.033406e+00 4.033406e+00 4.033406e+00 5.000000e+00 4.033406e+00 5.000000e+00 4.033406e+00 0.000000e+00 
4.034406e+00 4.034406e+00 4.034406e+00 5.000000e+00 4.034406e+00 5.000000e+00 4.034406e+00 0.000000e+00 
4.035406e+00 4.035406e+00 4.035406e+00 5.000000e+00 4.035406e+00 5.000000e+00 4.035406e+00 0.000000e+00 
4.036406e+00 4.036406e+00 4.036406e+00 5.000000e+00 4.036406e+00 5.000000e+00 4.036406e+00 0.000000e+00 
4.037406e+00 4.037406e+00 4.037406e+00 5.000000e+00 4.037406e+00 5.000000e+00 4.037406e+00 0.000000e+00 
4.038406e+00 4.038406e+00 4.038406e+00 5.000000e+00 4.038406e+00 5.000000e+00 4.038406e+00 0.000000e+00 
4.039406e+00 4.039406e+00 4.039406e+00 5.000000e+00 4.039406e+00 5.000000e+00 4.039406e+00 0.000000e+00 
4.040406e+00 4.040406e+00 4.040406e+00 5.000000e+00 4.040406e+00 5.000000e+00 4.040406e+00 0.000000e+00 
4.041406e+00 4.041406e+00 4.041406e+00 5.000000e+00 4.041406e+00 5.000000e+00 4.041406e+00 0.000000e+00 
4.042406e+00 4.042406e+00 4.042406e+00 5.000000e+00 4.042406e+00 5.000000e+00 4.042406e+00 0.000000e+00 
4.043406e+00 4.043406e+00 4.043406e+00 5.000000e+00 4.043406e+00 5.000000e+00 4.043406e+00 0.000000e+00 
4.044406e+00 4.044406e+00 4.044406e+00 5.000000e+00 4.044406e+00 5.000000e+00 4.044406e+00 0.000000e+00 
4.045406e+00 4.045406e+00 4.045406e+00 5.000000e+00 4.045406e+00 5.000000e+00 4.045406e+00 0.000000e+00 
4.046406e+00 4.046406e+00 4.046406e+00 5.000000e+00 4.046406e+00 5.000000e+00 4.046406e+00 0.000000e+00 
4.047406e+00 4.047406e+00 4.047406e+00 5.000000e+00 4.047406e+00 5.000000e+00 4.047406e+00 0.000000e+00 
4.048406e+00 4.048406e+00 4.048406e+00 5.000000e+00 4.048406e+00 5.000000e+00 4.048406e+00 0.000000e+00 
4.049406e+00 4.049406e+00 4.049406e+00 5.000000e+00 4.049406e+00 5.000000e+00 4.049406e+00 0.000000e+00 
4.050406e+00 4.050406e+00 4.050406e+00 5.000000e+00 4.050406e+00 5.000000e+00 4.050406e+00 0.000000e+00 
4.051406e+00 4.051406e+00 4.051406e+00 5.000000e+00 4.051406e+00 5.000000e+00 4.051406e+00 0.000000e+00 
4.052406e+00 4.052406e+00 4.052406e+00 5.000000e+00 4.052406e+00 5.000000e+00 4.052406e+00 0.000000e+00 
4.053406e+00 4.053406e+00 4.053406e+00 5.000000e+00 4.053406e+00 5.000000e+00 4.053406e+00 0.000000e+00 
4.054406e+00 4.054406e+00 4.054406e+00 5.000000e+00 4.054406e+00 5.000000e+00 4.054406e+00 0.000000e+00 
4.055406e+00 4.055406e+00 4.055406e+00 5.000000e+00 4.055406e+00 5.000000e+00 4.055406e+00 0.000000e+00 
4.056406e+00 4.056406e+00 4.056406e+00 5.000000e+00 4.056406e+00 5.000000e+00 4.056406e+00 0.000000e+00 
4.057406e+00 4.057406e+00 4.057406e+00 5.000000e+00 4.057406e+00 5.000000e+00 4.057406e+00 0.000000e+00 
4.058406e+00 4.058406e+00 4.058406e+00 5.000000e+00 4.058406e+00 5.000000e+00 4.058406e+00 0.000000e+00 
4.059406e+00 4.059406e+00 4.059406e+00 5.000000e+00 4.059406e+00 5.000000e+00 4.059406e+00 0.000000e+00 
4.060406e+00 4.060406e+00 4.060406e+00 5.000000e+00 4.060406e+00 5.000000e+00 4.060406e+00 0.000000e+00 
4.061406e+00 4.061406e+00 4.061406e+00 5.000000e+00 4.061406e+00 5.000000e+00 4.061406e+00 0.000000e+00 
4.062406e+00 4.062406e+00 4.062406e+00 5.000000e+00 4.062406e+00 5.000000e+00 4.062406e+00 0.000000e+00 
4.063406e+00 4.063406e+00 4.063406e+00 5.000000e+00 4.063406e+00 5.000000e+00 4.063406e+00 0.000000e+00 
4.064406e+00 4.064406e+00 4.064406e+00 5.000000e+00 4.064406e+00 5.000000e+00 4.064406e+00 0.000000e+00 
4.065406e+00 4.065406e+00 4.065406e+00 5.000000e+00 4.065406e+00 5.000000e+00 4.065406e+00 0.000000e+00 
4.066406e+00 4.066406e+00 4.066406e+00 5.000000e+00 4.066406e+00 5.000000e+00 4.066406e+00 0.000000e+00 
4.067406e+00 4.067406e+00 4.067406e+00 5.000000e+00 4.067406e+00 5.000000e+00 4.067406e+00 0.000000e+00 
4.068406e+00 4.068406e+00 4.068406e+00 5.000000e+00 4.068406e+00 5.000000e+00 4.068406e+00 0.000000e+00 
4.069406e+00 4.069406e+00 4.069406e+00 5.000000e+00 4.069406e+00 5.000000e+00 4.069406e+00 0.000000e+00 
4.070406e+00 4.070406e+00 4.070406e+00 5.000000e+00 4.070406e+00 5.000000e+00 4.070406e+00 0.000000e+00 
4.071406e+00 4.071406e+00 4.071406e+00 5.000000e+00 4.071406e+00 5.000000e+00 4.071406e+00 0.000000e+00 
4.072406e+00 4.072406e+00 4.072406e+00 5.000000e+00 4.072406e+00 5.000000e+00 4.072406e+00 0.000000e+00 
4.073406e+00 4.073406e+00 4.073406e+00 5.000000e+00 4.073406e+00 5.000000e+00 4.073406e+00 0.000000e+00 
4.074406e+00 4.074406e+00 4.074406e+00 5.000000e+00 4.074406e+00 5.000000e+00 4.074406e+00 0.000000e+00 
4.075406e+00 4.075406e+00 4.075406e+00 5.000000e+00 4.075406e+00 5.000000e+00 4.075406e+00 0.000000e+00 
4.076406e+00 4.076406e+00 4.076406e+00 5.000000e+00 4.076406e+00 5.000000e+00 4.076406e+00 0.000000e+00 
4.077406e+00 4.077406e+00 4.077406e+00 5.000000e+00 4.077406e+00 5.000000e+00 4.077406e+00 0.000000e+00 
4.078406e+00 4.078406e+00 4.078406e+00 5.000000e+00 4.078406e+00 5.000000e+00 4.078406e+00 0.000000e+00 
4.079406e+00 4.079406e+00 4.079406e+00 5.000000e+00 4.079406e+00 5.000000e+00 4.079406e+00 0.000000e+00 
4.080406e+00 4.080406e+00 4.080406e+00 5.000000e+00 4.080406e+00 5.000000e+00 4.080406e+00 0.000000e+00 
4.081406e+00 4.081406e+00 4.081406e+00 5.000000e+00 4.081406e+00 5.000000e+00 4.081406e+00 0.000000e+00 
4.082406e+00 4.082406e+00 4.082406e+00 5.000000e+00 4.082406e+00 5.000000e+00 4.082406e+00 0.000000e+00 
4.083406e+00 4.083406e+00 4.083406e+00 5.000000e+00 4.083406e+00 5.000000e+00 4.083406e+00 0.000000e+00 
4.084406e+00 4.084406e+00 4.084406e+00 5.000000e+00 4.084406e+00 5.000000e+00 4.084406e+00 0.000000e+00 
4.085406e+00 4.085406e+00 4.085406e+00 5.000000e+00 4.085406e+00 5.000000e+00 4.085406e+00 0.000000e+00 
4.086406e+00 4.086406e+00 4.086406e+00 5.000000e+00 4.086406e+00 5.000000e+00 4.086406e+00 0.000000e+00 
4.087406e+00 4.087406e+00 4.087406e+00 5.000000e+00 4.087406e+00 5.000000e+00 4.087406e+00 0.000000e+00 
4.088406e+00 4.088406e+00 4.088406e+00 5.000000e+00 4.088406e+00 5.000000e+00 4.088406e+00 0.000000e+00 
4.089406e+00 4.089406e+00 4.089406e+00 5.000000e+00 4.089406e+00 5.000000e+00 4.089406e+00 0.000000e+00 
4.090406e+00 4.090406e+00 4.090406e+00 5.000000e+00 4.090406e+00 5.000000e+00 4.090406e+00 0.000000e+00 
4.091406e+00 4.091406e+00 4.091406e+00 5.000000e+00 4.091406e+00 5.000000e+00 4.091406e+00 0.000000e+00 
4.092406e+00 4.092406e+00 4.092406e+00 5.000000e+00 4.092406e+00 5.000000e+00 4.092406e+00 0.000000e+00 
4.093406e+00 4.093406e+00 4.093406e+00 5.000000e+00 4.093406e+00 5.000000e+00 4.093406e+00 0.000000e+00 
4.094406e+00 4.094406e+00 4.094406e+00 5.000000e+00 4.094406e+00 5.000000e+00 4.094406e+00 0.000000e+00 
4.095406e+00 4.095406e+00 4.095406e+00 5.000000e+00 4.095406e+00 5.000000e+00 4.095406e+00 0.000000e+00 
4.096406e+00 4.096406e+00 4.096406e+00 5.000000e+00 4.096406e+00 5.000000e+00 4.096406e+00 0.000000e+00 
4.097406e+00 4.097406e+00 4.097406e+00 5.000000e+00 4.097406e+00 5.000000e+00 4.097406e+00 0.000000e+00 
4.098406e+00 4.098406e+00 4.098406e+00 5.000000e+00 4.098406e+00 5.000000e+00 4.098406e+00 0.000000e+00 
4.099406e+00 4.099406e+00 4.099406e+00 5.000000e+00 4.099406e+00 5.000000e+00 4.099406e+00 0.000000e+00 
4.100406e+00 4.100406e+00 4.100406e+00 5.000000e+00 4.100406e+00 5.000000e+00 4.100406e+00 0.000000e+00 
4.101406e+00 4.101406e+00 4.101406e+00 5.000000e+00 4.101406e+00 5.000000e+00 4.101406e+00 0.000000e+00 
4.102406e+00 4.102406e+00 4.102406e+00 5.000000e+00 4.102406e+00 5.000000e+00 4.102406e+00 0.000000e+00 
4.103406e+00 4.103406e+00 4.103406e+00 5.000000e+00 4.103406e+00 5.000000e+00 4.103406e+00 0.000000e+00 
4.104406e+00 4.104406e+00 4.104406e+00 5.000000e+00 4.104406e+00 5.000000e+00 4.104406e+00 0.000000e+00 
4.105406e+00 4.105406e+00 4.105406e+00 5.000000e+00 4.105406e+00 5.000000e+00 4.105406e+00 0.000000e+00 
4.106406e+00 4.106406e+00 4.106406e+00 5.000000e+00 4.106406e+00 5.000000e+00 4.106406e+00 0.000000e+00 
4.107406e+00 4.107406e+00 4.107406e+00 5.000000e+00 4.107406e+00 5.000000e+00 4.107406e+00 0.000000e+00 
4.108406e+00 4.108406e+00 4.108406e+00 5.000000e+00 4.108406e+00 5.000000e+00 4.108406e+00 0.000000e+00 
4.109406e+00 4.109406e+00 4.109406e+00 5.000000e+00 4.109406e+00 5.000000e+00 4.109406e+00 0.000000e+00 
4.110406e+00 4.110406e+00 4.110406e+00 5.000000e+00 4.110406e+00 5.000000e+00 4.110406e+00 0.000000e+00 
4.111406e+00 4.111406e+00 4.111406e+00 5.000000e+00 4.111406e+00 5.000000e+00 4.111406e+00 0.000000e+00 
4.112406e+00 4.112406e+00 4.112406e+00 5.000000e+00 4.112406e+00 5.000000e+00 4.112406e+00 0.000000e+00 
4.113406e+00 4.113406e+00 4.113406e+00 5.000000e+00 4.113406e+00 5.000000e+00 4.113406e+00 0.000000e+00 
4.114406e+00 4.114406e+00 4.114406e+00 5.000000e+00 4.114406e+00 5.000000e+00 4.114406e+00 0.000000e+00 
4.115406e+00 4.115406e+00 4.115406e+00 5.000000e+00 4.115406e+00 5.000000e+00 4.115406e+00 0.000000e+00 
4.116406e+00 4.116406e+00 4.116406e+00 5.000000e+00 4.116406e+00 5.000000e+00 4.116406e+00 0.000000e+00 
4.117406e+00 4.117406e+00 4.117406e+00 5.000000e+00 4.117406e+00 5.000000e+00 4.117406e+00 0.000000e+00 
4.118406e+00 4.118406e+00 4.118406e+00 5.000000e+00 4.118406e+00 5.000000e+00 4.118406e+00 0.000000e+00 
4.119406e+00 4.119406e+00 4.119406e+00 5.000000e+00 4.119406e+00 5.000000e+00 4.119406e+00 0.000000e+00 
4.120406e+00 4.120406e+00 4.120406e+00 5.000000e+00 4.120406e+00 5.000000e+00 4.120406e+00 0.000000e+00 
4.121406e+00 4.121406e+00 4.121406e+00 5.000000e+00 4.121406e+00 5.000000e+00 4.121406e+00 0.000000e+00 
4.122406e+00 4.122406e+00 4.122406e+00 5.000000e+00 4.122406e+00 5.000000e+00 4.122406e+00 0.000000e+00 
4.123406e+00 4.123406e+00 4.123406e+00 5.000000e+00 4.123406e+00 5.000000e+00 4.123406e+00 0.000000e+00 
4.124406e+00 4.124406e+00 4.124406e+00 5.000000e+00 4.124406e+00 5.000000e+00 4.124406e+00 0.000000e+00 
4.125406e+00 4.125406e+00 4.125406e+00 5.000000e+00 4.125406e+00 5.000000e+00 4.125406e+00 0.000000e+00 
4.126406e+00 4.126406e+00 4.126406e+00 5.000000e+00 4.126406e+00 5.000000e+00 4.126406e+00 0.000000e+00 
4.127406e+00 4.127406e+00 4.127406e+00 5.000000e+00 4.127406e+00 5.000000e+00 4.127406e+00 0.000000e+00 
4.128406e+00 4.128406e+00 4.128406e+00 5.000000e+00 4.128406e+00 5.000000e+00 4.128406e+00 0.000000e+00 
4.129406e+00 4.129406e+00 4.129406e+00 5.000000e+00 4.129406e+00 5.000000e+00 4.129406e+00 0.000000e+00 
4.130406e+00 4.130406e+00 4.130406e+00 5.000000e+00 4.130406e+00 5.000000e+00 4.130406e+00 0.000000e+00 
4.131406e+00 4.131406e+00 4.131406e+00 5.000000e+00 4.131406e+00 5.000000e+00 4.131406e+00 0.000000e+00 
4.132406e+00 4.132406e+00 4.132406e+00 5.000000e+00 4.132406e+00 5.000000e+00 4.132406e+00 0.000000e+00 
4.133406e+00 4.133406e+00 4.133406e+00 5.000000e+00 4.133406e+00 5.000000e+00 4.133406e+00 0.000000e+00 
4.134406e+00 4.134406e+00 4.134406e+00 5.000000e+00 4.134406e+00 5.000000e+00 4.134406e+00 0.000000e+00 
4.135406e+00 4.135406e+00 4.135406e+00 5.000000e+00 4.135406e+00 5.000000e+00 4.135406e+00 0.000000e+00 
4.136406e+00 4.136406e+00 4.136406e+00 5.000000e+00 4.136406e+00 5.000000e+00 4.136406e+00 0.000000e+00 
4.137406e+00 4.137406e+00 4.137406e+00 5.000000e+00 4.137406e+00 5.000000e+00 4.137406e+00 0.000000e+00 
4.138406e+00 4.138406e+00 4.138406e+00 5.000000e+00 4.138406e+00 5.000000e+00 4.138406e+00 0.000000e+00 
4.139406e+00 4.139406e+00 4.139406e+00 5.000000e+00 4.139406e+00 5.000000e+00 4.139406e+00 0.000000e+00 
4.140406e+00 4.140406e+00 4.140406e+00 5.000000e+00 4.140406e+00 5.000000e+00 4.140406e+00 0.000000e+00 
4.141406e+00 4.141406e+00 4.141406e+00 5.000000e+00 4.141406e+00 5.000000e+00 4.141406e+00 0.000000e+00 
4.142406e+00 4.142406e+00 4.142406e+00 5.000000e+00 4.142406e+00 5.000000e+00 4.142406e+00 0.000000e+00 
4.143406e+00 4.143406e+00 4.143406e+00 5.000000e+00 4.143406e+00 5.000000e+00 4.143406e+00 0.000000e+00 
4.144406e+00 4.144406e+00 4.144406e+00 5.000000e+00 4.144406e+00 5.000000e+00 4.144406e+00 0.000000e+00 
4.145406e+00 4.145406e+00 4.145406e+00 5.000000e+00 4.145406e+00 5.000000e+00 4.145406e+00 0.000000e+00 
4.146406e+00 4.146406e+00 4.146406e+00 5.000000e+00 4.146406e+00 5.000000e+00 4.146406e+00 0.000000e+00 
4.147406e+00 4.147406e+00 4.147406e+00 5.000000e+00 4.147406e+00 5.000000e+00 4.147406e+00 0.000000e+00 
4.148406e+00 4.148406e+00 4.148406e+00 5.000000e+00 4.148406e+00 5.000000e+00 4.148406e+00 0.000000e+00 
4.149406e+00 4.149406e+00 4.149406e+00 5.000000e+00 4.149406e+00 5.000000e+00 4.149406e+00 0.000000e+00 
4.150406e+00 4.150406e+00 4.150406e+00 5.000000e+00 4.150406e+00 5.000000e+00 4.150406e+00 0.000000e+00 
4.151406e+00 4.151406e+00 4.151406e+00 5.000000e+00 4.151406e+00 5.000000e+00 4.151406e+00 0.000000e+00 
4.152406e+00 4.152406e+00 4.152406e+00 5.000000e+00 4.152406e+00 5.000000e+00 4.152406e+00 0.000000e+00 
4.153406e+00 4.153406e+00 4.153406e+00 5.000000e+00 4.153406e+00 5.000000e+00 4.153406e+00 0.000000e+00 
4.154406e+00 4.154406e+00 4.154406e+00 5.000000e+00 4.154406e+00 5.000000e+00 4.154406e+00 0.000000e+00 
4.155406e+00 4.155406e+00 4.155406e+00 5.000000e+00 4.155406e+00 5.000000e+00 4.155406e+00 0.000000e+00 
4.156406e+00 4.156406e+00 4.156406e+00 5.000000e+00 4.156406e+00 5.000000e+00 4.156406e+00 0.000000e+00 
4.157406e+00 4.157406e+00 4.157406e+00 5.000000e+00 4.157406e+00 5.000000e+00 4.157406e+00 0.000000e+00 
4.158406e+00 4.158406e+00 4.158406e+00 5.000000e+00 4.158406e+00 5.000000e+00 4.158406e+00 0.000000e+00 
4.159406e+00 4.159406e+00 4.159406e+00 5.000000e+00 4.159406e+00 5.000000e+00 4.159406e+00 0.000000e+00 
4.160406e+00 4.160406e+00 4.160406e+00 5.000000e+00 4.160406e+00 5.000000e+00 4.160406e+00 0.000000e+00 
4.161406e+00 4.161406e+00 4.161406e+00 5.000000e+00 4.161406e+00 5.000000e+00 4.161406e+00 0.000000e+00 
4.162406e+00 4.162406e+00 4.162406e+00 5.000000e+00 4.162406e+00 5.000000e+00 4.162406e+00 0.000000e+00 
4.163406e+00 4.163406e+00 4.163406e+00 5.000000e+00 4.163406e+00 5.000000e+00 4.163406e+00 0.000000e+00 
4.164406e+00 4.164406e+00 4.164406e+00 5.000000e+00 4.164406e+00 5.000000e+00 4.164406e+00 0.000000e+00 
4.165406e+00 4.165406e+00 4.165406e+00 5.000000e+00 4.165406e+00 5.000000e+00 4.165406e+00 0.000000e+00 
4.166406e+00 4.166406e+00 4.166406e+00 5.000000e+00 4.166406e+00 5.000000e+00 4.166406e+00 0.000000e+00 
4.167406e+00 4.167406e+00 4.167406e+00 5.000000e+00 4.167406e+00 5.000000e+00 4.167406e+00 0.000000e+00 
4.168406e+00 4.168406e+00 4.168406e+00 5.000000e+00 4.168406e+00 5.000000e+00 4.168406e+00 0.000000e+00 
4.169406e+00 4.169406e+00 4.169406e+00 5.000000e+00 4.169406e+00 5.000000e+00 4.169406e+00 0.000000e+00 
4.170406e+00 4.170406e+00 4.170406e+00 5.000000e+00 4.170406e+00 5.000000e+00 4.170406e+00 0.000000e+00 
4.171406e+00 4.171406e+00 4.171406e+00 5.000000e+00 4.171406e+00 5.000000e+00 4.171406e+00 0.000000e+00 
4.172406e+00 4.172406e+00 4.172406e+00 5.000000e+00 4.172406e+00 5.000000e+00 4.172406e+00 0.000000e+00 
4.173406e+00 4.173406e+00 4.173406e+00 5.000000e+00 4.173406e+00 5.000000e+00 4.173406e+00 0.000000e+00 
4.174406e+00 4.174406e+00 4.174406e+00 5.000000e+00 4.174406e+00 5.000000e+00 4.174406e+00 0.000000e+00 
4.175406e+00 4.175406e+00 4.175406e+00 5.000000e+00 4.175406e+00 5.000000e+00 4.175406e+00 0.000000e+00 
4.176406e+00 4.176406e+00 4.176406e+00 5.000000e+00 4.176406e+00 5.000000e+00 4.176406e+00 0.000000e+00 
4.177406e+00 4.177406e+00 4.177406e+00 5.000000e+00 4.177406e+00 5.000000e+00 4.177406e+00 0.000000e+00 
4.178406e+00 4.178406e+00 4.178406e+00 5.000000e+00 4.178406e+00 5.000000e+00 4.178406e+00 0.000000e+00 
4.179406e+00 4.179406e+00 4.179406e+00 5.000000e+00 4.179406e+00 5.000000e+00 4.179406e+00 0.000000e+00 
4.180406e+00 4.180406e+00 4.180406e+00 5.000000e+00 4.180406e+00 5.000000e+00 4.180406e+00 0.000000e+00 
4.181406e+00 4.181406e+00 4.181406e+00 5.000000e+00 4.181406e+00 5.000000e+00 4.181406e+00 0.000000e+00 
4.182406e+00 4.182406e+00 4.182406e+00 5.000000e+00 4.182406e+00 5.000000e+00 4.182406e+00 0.000000e+00 
4.183406e+00 4.183406e+00 4.183406e+00 5.000000e+00 4.183406e+00 5.000000e+00 4.183406e+00 0.000000e+00 
4.184406e+00 4.184406e+00 4.184406e+00 5.000000e+00 4.184406e+00 5.000000e+00 4.184406e+00 0.000000e+00 
4.185406e+00 4.185406e+00 4.185406e+00 5.000000e+00 4.185406e+00 5.000000e+00 4.185406e+00 0.000000e+00 
4.186406e+00 4.186406e+00 4.186406e+00 5.000000e+00 4.186406e+00 5.000000e+00 4.186406e+00 0.000000e+00 
4.187406e+00 4.187406e+00 4.187406e+00 5.000000e+00 4.187406e+00 5.000000e+00 4.187406e+00 0.000000e+00 
4.188406e+00 4.188406e+00 4.188406e+00 5.000000e+00 4.188406e+00 5.000000e+00 4.188406e+00 0.000000e+00 
4.189406e+00 4.189406e+00 4.189406e+00 5.000000e+00 4.189406e+00 5.000000e+00 4.189406e+00 0.000000e+00 
4.190406e+00 4.190406e+00 4.190406e+00 5.000000e+00 4.190406e+00 5.000000e+00 4.190406e+00 0.000000e+00 
4.191406e+00 4.191406e+00 4.191406e+00 5.000000e+00 4.191406e+00 5.000000e+00 4.191406e+00 0.000000e+00 
4.192406e+00 4.192406e+00 4.192406e+00 5.000000e+00 4.192406e+00 5.000000e+00 4.192406e+00 0.000000e+00 
4.193406e+00 4.193406e+00 4.193406e+00 5.000000e+00 4.193406e+00 5.000000e+00 4.193406e+00 0.000000e+00 
4.194406e+00 4.194406e+00 4.194406e+00 5.000000e+00 4.194406e+00 5.000000e+00 4.194406e+00 0.000000e+00 
4.195406e+00 4.195406e+00 4.195406e+00 5.000000e+00 4.195406e+00 5.000000e+00 4.195406e+00 0.000000e+00 
4.196406e+00 4.196406e+00 4.196406e+00 5.000000e+00 4.196406e+00 5.000000e+00 4.196406e+00 0.000000e+00 
4.197406e+00 4.197406e+00 4.197406e+00 5.000000e+00 4.197406e+00 5.000000e+00 4.197406e+00 0.000000e+00 
4.198406e+00 4.198406e+00 4.198406e+00 5.000000e+00 4.198406e+00 5.000000e+00 4.198406e+00 0.000000e+00 
4.199406e+00 4.199406e+00 4.199406e+00 5.000000e+00 4.199406e+00 5.000000e+00 4.199406e+00 0.000000e+00 
4.200406e+00 4.200406e+00 4.200406e+00 5.000000e+00 4.200406e+00 5.000000e+00 4.200406e+00 0.000000e+00 
4.201406e+00 4.201406e+00 4.201406e+00 5.000000e+00 4.201406e+00 5.000000e+00 4.201406e+00 0.000000e+00 
4.202406e+00 4.202406e+00 4.202406e+00 5.000000e+00 4.202406e+00 5.000000e+00 4.202406e+00 0.000000e+00 
4.203406e+00 4.203406e+00 4.203406e+00 5.000000e+00 4.203406e+00 5.000000e+00 4.203406e+00 0.000000e+00 
4.204406e+00 4.204406e+00 4.204406e+00 5.000000e+00 4.204406e+00 5.000000e+00 4.204406e+00 0.000000e+00 
4.205406e+00 4.205406e+00 4.205406e+00 5.000000e+00 4.205406e+00 5.000000e+00 4.205406e+00 0.000000e+00 
4.206406e+00 4.206406e+00 4.206406e+00 5.000000e+00 4.206406e+00 5.000000e+00 4.206406e+00 0.000000e+00 
4.207406e+00 4.207406e+00 4.207406e+00 5.000000e+00 4.207406e+00 5.000000e+00 4.207406e+00 0.000000e+00 
4.208406e+00 4.208406e+00 4.208406e+00 5.000000e+00 4.208406e+00 5.000000e+00 4.208406e+00 0.000000e+00 
4.209406e+00 4.209406e+00 4.209406e+00 5.000000e+00 4.209406e+00 5.000000e+00 4.209406e+00 0.000000e+00 
4.210406e+00 4.210406e+00 4.210406e+00 5.000000e+00 4.210406e+00 5.000000e+00 4.210406e+00 0.000000e+00 
4.211406e+00 4.211406e+00 4.211406e+00 5.000000e+00 4.211406e+00 5.000000e+00 4.211406e+00 0.000000e+00 
4.212406e+00 4.212406e+00 4.212406e+00 5.000000e+00 4.212406e+00 5.000000e+00 4.212406e+00 0.000000e+00 
4.213406e+00 4.213406e+00 4.213406e+00 5.000000e+00 4.213406e+00 5.000000e+00 4.213406e+00 0.000000e+00 
4.214406e+00 4.214406e+00 4.214406e+00 5.000000e+00 4.214406e+00 5.000000e+00 4.214406e+00 0.000000e+00 
4.215406e+00 4.215406e+00 4.215406e+00 5.000000e+00 4.215406e+00 5.000000e+00 4.215406e+00 0.000000e+00 
4.216406e+00 4.216406e+00 4.216406e+00 5.000000e+00 4.216406e+00 5.000000e+00 4.216406e+00 0.000000e+00 
4.217406e+00 4.217406e+00 4.217406e+00 5.000000e+00 4.217406e+00 5.000000e+00 4.217406e+00 0.000000e+00 
4.218406e+00 4.218406e+00 4.218406e+00 5.000000e+00 4.218406e+00 5.000000e+00 4.218406e+00 0.000000e+00 
4.219406e+00 4.219406e+00 4.219406e+00 5.000000e+00 4.219406e+00 5.000000e+00 4.219406e+00 0.000000e+00 
4.220406e+00 4.220406e+00 4.220406e+00 5.000000e+00 4.220406e+00 5.000000e+00 4.220406e+00 0.000000e+00 
4.221406e+00 4.221406e+00 4.221406e+00 5.000000e+00 4.221406e+00 5.000000e+00 4.221406e+00 0.000000e+00 
4.222406e+00 4.222406e+00 4.222406e+00 5.000000e+00 4.222406e+00 5.000000e+00 4.222406e+00 0.000000e+00 
4.223406e+00 4.223406e+00 4.223406e+00 5.000000e+00 4.223406e+00 5.000000e+00 4.223406e+00 0.000000e+00 
4.224406e+00 4.224406e+00 4.224406e+00 5.000000e+00 4.224406e+00 5.000000e+00 4.224406e+00 0.000000e+00 
4.225406e+00 4.225406e+00 4.225406e+00 5.000000e+00 4.225406e+00 5.000000e+00 4.225406e+00 0.000000e+00 
4.226406e+00 4.226406e+00 4.226406e+00 5.000000e+00 4.226406e+00 5.000000e+00 4.226406e+00 0.000000e+00 
4.227406e+00 4.227406e+00 4.227406e+00 5.000000e+00 4.227406e+00 5.000000e+00 4.227406e+00 0.000000e+00 
4.228406e+00 4.228406e+00 4.228406e+00 5.000000e+00 4.228406e+00 5.000000e+00 4.228406e+00 0.000000e+00 
4.229406e+00 4.229406e+00 4.229406e+00 5.000000e+00 4.229406e+00 5.000000e+00 4.229406e+00 0.000000e+00 
4.230406e+00 4.230406e+00 4.230406e+00 5.000000e+00 4.230406e+00 5.000000e+00 4.230406e+00 0.000000e+00 
4.231406e+00 4.231406e+00 4.231406e+00 5.000000e+00 4.231406e+00 5.000000e+00 4.231406e+00 0.000000e+00 
4.232406e+00 4.232406e+00 4.232406e+00 5.000000e+00 4.232406e+00 5.000000e+00 4.232406e+00 0.000000e+00 
4.233406e+00 4.233406e+00 4.233406e+00 5.000000e+00 4.233406e+00 5.000000e+00 4.233406e+00 0.000000e+00 
4.234406e+00 4.234406e+00 4.234406e+00 5.000000e+00 4.234406e+00 5.000000e+00 4.234406e+00 0.000000e+00 
4.235406e+00 4.235406e+00 4.235406e+00 5.000000e+00 4.235406e+00 5.000000e+00 4.235406e+00 0.000000e+00 
4.236406e+00 4.236406e+00 4.236406e+00 5.000000e+00 4.236406e+00 5.000000e+00 4.236406e+00 0.000000e+00 
4.237406e+00 4.237406e+00 4.237406e+00 5.000000e+00 4.237406e+00 5.000000e+00 4.237406e+00 0.000000e+00 
4.238406e+00 4.238406e+00 4.238406e+00 5.000000e+00 4.238406e+00 5.000000e+00 4.238406e+00 0.000000e+00 
4.239406e+00 4.239406e+00 4.239406e+00 5.000000e+00 4.239406e+00 5.000000e+00 4.239406e+00 0.000000e+00 
4.240406e+00 4.240406e+00 4.240406e+00 5.000000e+00 4.240406e+00 5.000000e+00 4.240406e+00 0.000000e+00 
4.241406e+00 4.241406e+00 4.241406e+00 5.000000e+00 4.241406e+00 5.000000e+00 4.241406e+00 0.000000e+00 
4.242406e+00 4.242406e+00 4.242406e+00 5.000000e+00 4.242406e+00 5.000000e+00 4.242406e+00 0.000000e+00 
4.243406e+00 4.243406e+00 4.243406e+00 5.000000e+00 4.243406e+00 5.000000e+00 4.243406e+00 0.000000e+00 
4.244406e+00 4.244406e+00 4.244406e+00 5.000000e+00 4.244406e+00 5.000000e+00 4.244406e+00 0.000000e+00 
4.245406e+00 4.245406e+00 4.245406e+00 5.000000e+00 4.245406e+00 5.000000e+00 4.245406e+00 0.000000e+00 
4.246406e+00 4.246406e+00 4.246406e+00 5.000000e+00 4.246406e+00 5.000000e+00 4.246406e+00 0.000000e+00 
4.247406e+00 4.247406e+00 4.247406e+00 5.000000e+00 4.247406e+00 5.000000e+00 4.247406e+00 0.000000e+00 
4.248406e+00 4.248406e+00 4.248406e+00 5.000000e+00 4.248406e+00 5.000000e+00 4.248406e+00 0.000000e+00 
4.249406e+00 4.249406e+00 4.249406e+00 5.000000e+00 4.249406e+00 5.000000e+00 4.249406e+00 0.000000e+00 
4.250406e+00 4.250406e+00 4.250406e+00 5.000000e+00 4.250406e+00 5.000000e+00 4.250406e+00 0.000000e+00 
4.251406e+00 4.251406e+00 4.251406e+00 5.000000e+00 4.251406e+00 5.000000e+00 4.251406e+00 0.000000e+00 
4.252406e+00 4.252406e+00 4.252406e+00 5.000000e+00 4.252406e+00 5.000000e+00 4.252406e+00 0.000000e+00 
4.253406e+00 4.253406e+00 4.253406e+00 5.000000e+00 4.253406e+00 5.000000e+00 4.253406e+00 0.000000e+00 
4.254406e+00 4.254406e+00 4.254406e+00 5.000000e+00 4.254406e+00 5.000000e+00 4.254406e+00 0.000000e+00 
4.255406e+00 4.255406e+00 4.255406e+00 5.000000e+00 4.255406e+00 5.000000e+00 4.255406e+00 0.000000e+00 
4.256406e+00 4.256406e+00 4.256406e+00 5.000000e+00 4.256406e+00 5.000000e+00 4.256406e+00 0.000000e+00 
4.257406e+00 4.257406e+00 4.257406e+00 5.000000e+00 4.257406e+00 5.000000e+00 4.257406e+00 0.000000e+00 
4.258406e+00 4.258406e+00 4.258406e+00 5.000000e+00 4.258406e+00 5.000000e+00 4.258406e+00 0.000000e+00 
4.259406e+00 4.259406e+00 4.259406e+00 5.000000e+00 4.259406e+00 5.000000e+00 4.259406e+00 0.000000e+00 
4.260406e+00 4.260406e+00 4.260406e+00 5.000000e+00 4.260406e+00 5.000000e+00 4.260406e+00 0.000000e+00 
4.261406e+00 4.261406e+00 4.261406e+00 5.000000e+00 4.261406e+00 5.000000e+00 4.261406e+00 0.000000e+00 
4.262406e+00 4.262406e+00 4.262406e+00 5.000000e+00 4.262406e+00 5.000000e+00 4.262406e+00 0.000000e+00 
4.263406e+00 4.263406e+00 4.263406e+00 5.000000e+00 4.263406e+00 5.000000e+00 4.263406e+00 0.000000e+00 
4.264406e+00 4.264406e+00 4.264406e+00 5.000000e+00 4.264406e+00 5.000000e+00 4.264406e+00 0.000000e+00 
4.265406e+00 4.265406e+00 4.265406e+00 5.000000e+00 4.265406e+00 5.000000e+00 4.265406e+00 0.000000e+00 
4.266406e+00 4.266406e+00 4.266406e+00 5.000000e+00 4.266406e+00 5.000000e+00 4.266406e+00 0.000000e+00 
4.267406e+00 4.267406e+00 4.267406e+00 5.000000e+00 4.267406e+00 5.000000e+00 4.267406e+00 0.000000e+00 
4.268406e+00 4.268406e+00 4.268406e+00 5.000000e+00 4.268406e+00 5.000000e+00 4.268406e+00 0.000000e+00 
4.269406e+00 4.269406e+00 4.269406e+00 5.000000e+00 4.269406e+00 5.000000e+00 4.269406e+00 0.000000e+00 
4.270406e+00 4.270406e+00 4.270406e+00 5.000000e+00 4.270406e+00 5.000000e+00 4.270406e+00 0.000000e+00 
4.271406e+00 4.271406e+00 4.271406e+00 5.000000e+00 4.271406e+00 5.000000e+00 4.271406e+00 0.000000e+00 
4.272406e+00 4.272406e+00 4.272406e+00 5.000000e+00 4.272406e+00 5.000000e+00 4.272406e+00 0.000000e+00 
4.273406e+00 4.273406e+00 4.273406e+00 5.000000e+00 4.273406e+00 5.000000e+00 4.273406e+00 0.000000e+00 
4.274406e+00 4.274406e+00 4.274406e+00 5.000000e+00 4.274406e+00 5.000000e+00 4.274406e+00 0.000000e+00 
4.275406e+00 4.275406e+00 4.275406e+00 5.000000e+00 4.275406e+00 5.000000e+00 4.275406e+00 0.000000e+00 
4.276406e+00 4.276406e+00 4.276406e+00 5.000000e+00 4.276406e+00 5.000000e+00 4.276406e+00 0.000000e+00 
4.277406e+00 4.277406e+00 4.277406e+00 5.000000e+00 4.277406e+00 5.000000e+00 4.277406e+00 0.000000e+00 
4.278406e+00 4.278406e+00 4.278406e+00 5.000000e+00 4.278406e+00 5.000000e+00 4.278406e+00 0.000000e+00 
4.279406e+00 4.279406e+00 4.279406e+00 5.000000e+00 4.279406e+00 5.000000e+00 4.279406e+00 0.000000e+00 
4.280406e+00 4.280406e+00 4.280406e+00 5.000000e+00 4.280406e+00 5.000000e+00 4.280406e+00 0.000000e+00 
4.281406e+00 4.281406e+00 4.281406e+00 5.000000e+00 4.281406e+00 5.000000e+00 4.281406e+00 0.000000e+00 
4.282406e+00 4.282406e+00 4.282406e+00 5.000000e+00 4.282406e+00 5.000000e+00 4.282406e+00 0.000000e+00 
4.283406e+00 4.283406e+00 4.283406e+00 5.000000e+00 4.283406e+00 5.000000e+00 4.283406e+00 0.000000e+00 
4.284406e+00 4.284406e+00 4.284406e+00 5.000000e+00 4.284406e+00 5.000000e+00 4.284406e+00 0.000000e+00 
4.285406e+00 4.285406e+00 4.285406e+00 5.000000e+00 4.285406e+00 5.000000e+00 4.285406e+00 0.000000e+00 
4.286406e+00 4.286406e+00 4.286406e+00 5.000000e+00 4.286406e+00 5.000000e+00 4.286406e+00 0.000000e+00 
4.287406e+00 4.287406e+00 4.287406e+00 5.000000e+00 4.287406e+00 5.000000e+00 4.287406e+00 0.000000e+00 
4.288406e+00 4.288406e+00 4.288406e+00 5.000000e+00 4.288406e+00 5.000000e+00 4.288406e+00 0.000000e+00 
4.289406e+00 4.289406e+00 4.289406e+00 5.000000e+00 4.289406e+00 5.000000e+00 4.289406e+00 0.000000e+00 
4.290406e+00 4.290406e+00 4.290406e+00 5.000000e+00 4.290406e+00 5.000000e+00 4.290406e+00 0.000000e+00 
4.291406e+00 4.291406e+00 4.291406e+00 5.000000e+00 4.291406e+00 5.000000e+00 4.291406e+00 0.000000e+00 
4.292406e+00 4.292406e+00 4.292406e+00 5.000000e+00 4.292406e+00 5.000000e+00 4.292406e+00 0.000000e+00 
4.293406e+00 4.293406e+00 4.293406e+00 5.000000e+00 4.293406e+00 5.000000e+00 4.293406e+00 0.000000e+00 
4.294406e+00 4.294406e+00 4.294406e+00 5.000000e+00 4.294406e+00 5.000000e+00 4.294406e+00 0.000000e+00 
4.295406e+00 4.295406e+00 4.295406e+00 5.000000e+00 4.295406e+00 5.000000e+00 4.295406e+00 0.000000e+00 
4.296406e+00 4.296406e+00 4.296406e+00 5.000000e+00 4.296406e+00 5.000000e+00 4.296406e+00 0.000000e+00 
4.297406e+00 4.297406e+00 4.297406e+00 5.000000e+00 4.297406e+00 5.000000e+00 4.297406e+00 0.000000e+00 
4.298406e+00 4.298406e+00 4.298406e+00 5.000000e+00 4.298406e+00 5.000000e+00 4.298406e+00 0.000000e+00 
4.299406e+00 4.299406e+00 4.299406e+00 5.000000e+00 4.299406e+00 5.000000e+00 4.299406e+00 0.000000e+00 
4.300406e+00 4.300406e+00 4.300406e+00 5.000000e+00 4.300406e+00 5.000000e+00 4.300406e+00 0.000000e+00 
4.301406e+00 4.301406e+00 4.301406e+00 5.000000e+00 4.301406e+00 5.000000e+00 4.301406e+00 0.000000e+00 
4.302406e+00 4.302406e+00 4.302406e+00 5.000000e+00 4.302406e+00 5.000000e+00 4.302406e+00 0.000000e+00 
4.303406e+00 4.303406e+00 4.303406e+00 5.000000e+00 4.303406e+00 5.000000e+00 4.303406e+00 0.000000e+00 
4.304406e+00 4.304406e+00 4.304406e+00 5.000000e+00 4.304406e+00 5.000000e+00 4.304406e+00 0.000000e+00 
4.305406e+00 4.305406e+00 4.305406e+00 5.000000e+00 4.305406e+00 5.000000e+00 4.305406e+00 0.000000e+00 
4.306406e+00 4.306406e+00 4.306406e+00 5.000000e+00 4.306406e+00 5.000000e+00 4.306406e+00 0.000000e+00 
4.307406e+00 4.307406e+00 4.307406e+00 5.000000e+00 4.307406e+00 5.000000e+00 4.307406e+00 0.000000e+00 
4.308406e+00 4.308406e+00 4.308406e+00 5.000000e+00 4.308406e+00 5.000000e+00 4.308406e+00 0.000000e+00 
4.309406e+00 4.309406e+00 4.309406e+00 5.000000e+00 4.309406e+00 5.000000e+00 4.309406e+00 0.000000e+00 
4.310406e+00 4.310406e+00 4.310406e+00 5.000000e+00 4.310406e+00 5.000000e+00 4.310406e+00 0.000000e+00 
4.311406e+00 4.311406e+00 4.311406e+00 5.000000e+00 4.311406e+00 5.000000e+00 4.311406e+00 0.000000e+00 
4.312406e+00 4.312406e+00 4.312406e+00 5.000000e+00 4.312406e+00 5.000000e+00 4.312406e+00 0.000000e+00 
4.313406e+00 4.313406e+00 4.313406e+00 5.000000e+00 4.313406e+00 5.000000e+00 4.313406e+00 0.000000e+00 
4.314406e+00 4.314406e+00 4.314406e+00 5.000000e+00 4.314406e+00 5.000000e+00 4.314406e+00 0.000000e+00 
4.315406e+00 4.315406e+00 4.315406e+00 5.000000e+00 4.315406e+00 5.000000e+00 4.315406e+00 0.000000e+00 
4.316406e+00 4.316406e+00 4.316406e+00 5.000000e+00 4.316406e+00 5.000000e+00 4.316406e+00 0.000000e+00 
4.317406e+00 4.317406e+00 4.317406e+00 5.000000e+00 4.317406e+00 5.000000e+00 4.317406e+00 0.000000e+00 
4.318406e+00 4.318406e+00 4.318406e+00 5.000000e+00 4.318406e+00 5.000000e+00 4.318406e+00 0.000000e+00 
4.319406e+00 4.319406e+00 4.319406e+00 5.000000e+00 4.319406e+00 5.000000e+00 4.319406e+00 0.000000e+00 
4.320406e+00 4.320406e+00 4.320406e+00 5.000000e+00 4.320406e+00 5.000000e+00 4.320406e+00 0.000000e+00 
4.321406e+00 4.321406e+00 4.321406e+00 5.000000e+00 4.321406e+00 5.000000e+00 4.321406e+00 0.000000e+00 
4.322406e+00 4.322406e+00 4.322406e+00 5.000000e+00 4.322406e+00 5.000000e+00 4.322406e+00 0.000000e+00 
4.323406e+00 4.323406e+00 4.323406e+00 5.000000e+00 4.323406e+00 5.000000e+00 4.323406e+00 0.000000e+00 
4.324406e+00 4.324406e+00 4.324406e+00 5.000000e+00 4.324406e+00 5.000000e+00 4.324406e+00 0.000000e+00 
4.325406e+00 4.325406e+00 4.325406e+00 5.000000e+00 4.325406e+00 5.000000e+00 4.325406e+00 0.000000e+00 
4.326406e+00 4.326406e+00 4.326406e+00 5.000000e+00 4.326406e+00 5.000000e+00 4.326406e+00 0.000000e+00 
4.327406e+00 4.327406e+00 4.327406e+00 5.000000e+00 4.327406e+00 5.000000e+00 4.327406e+00 0.000000e+00 
4.328406e+00 4.328406e+00 4.328406e+00 5.000000e+00 4.328406e+00 5.000000e+00 4.328406e+00 0.000000e+00 
4.329406e+00 4.329406e+00 4.329406e+00 5.000000e+00 4.329406e+00 5.000000e+00 4.329406e+00 0.000000e+00 
4.330406e+00 4.330406e+00 4.330406e+00 5.000000e+00 4.330406e+00 5.000000e+00 4.330406e+00 0.000000e+00 
4.331406e+00 4.331406e+00 4.331406e+00 5.000000e+00 4.331406e+00 5.000000e+00 4.331406e+00 0.000000e+00 
4.332406e+00 4.332406e+00 4.332406e+00 5.000000e+00 4.332406e+00 5.000000e+00 4.332406e+00 0.000000e+00 
4.333406e+00 4.333406e+00 4.333406e+00 5.000000e+00 4.333406e+00 5.000000e+00 4.333406e+00 0.000000e+00 
4.334406e+00 4.334406e+00 4.334406e+00 5.000000e+00 4.334406e+00 5.000000e+00 4.334406e+00 0.000000e+00 
4.335406e+00 4.335406e+00 4.335406e+00 5.000000e+00 4.335406e+00 5.000000e+00 4.335406e+00 0.000000e+00 
4.336406e+00 4.336406e+00 4.336406e+00 5.000000e+00 4.336406e+00 5.000000e+00 4.336406e+00 0.000000e+00 
4.337406e+00 4.337406e+00 4.337406e+00 5.000000e+00 4.337406e+00 5.000000e+00 4.337406e+00 0.000000e+00 
4.338406e+00 4.338406e+00 4.338406e+00 5.000000e+00 4.338406e+00 5.000000e+00 4.338406e+00 0.000000e+00 
4.339406e+00 4.339406e+00 4.339406e+00 5.000000e+00 4.339406e+00 5.000000e+00 4.339406e+00 0.000000e+00 
4.340406e+00 4.340406e+00 4.340406e+00 5.000000e+00 4.340406e+00 5.000000e+00 4.340406e+00 0.000000e+00 
4.341406e+00 4.341406e+00 4.341406e+00 5.000000e+00 4.341406e+00 5.000000e+00 4.341406e+00 0.000000e+00 
4.342406e+00 4.342406e+00 4.342406e+00 5.000000e+00 4.342406e+00 5.000000e+00 4.342406e+00 0.000000e+00 
4.343406e+00 4.343406e+00 4.343406e+00 5.000000e+00 4.343406e+00 5.000000e+00 4.343406e+00 0.000000e+00 
4.344406e+00 4.344406e+00 4.344406e+00 5.000000e+00 4.344406e+00 5.000000e+00 4.344406e+00 0.000000e+00 
4.345406e+00 4.345406e+00 4.345406e+00 5.000000e+00 4.345406e+00 5.000000e+00 4.345406e+00 0.000000e+00 
4.346406e+00 4.346406e+00 4.346406e+00 5.000000e+00 4.346406e+00 5.000000e+00 4.346406e+00 0.000000e+00 
4.347406e+00 4.347406e+00 4.347406e+00 5.000000e+00 4.347406e+00 5.000000e+00 4.347406e+00 0.000000e+00 
4.348406e+00 4.348406e+00 4.348406e+00 5.000000e+00 4.348406e+00 5.000000e+00 4.348406e+00 0.000000e+00 
4.349406e+00 4.349406e+00 4.349406e+00 5.000000e+00 4.349406e+00 5.000000e+00 4.349406e+00 0.000000e+00 
4.350406e+00 4.350406e+00 4.350406e+00 5.000000e+00 4.350406e+00 5.000000e+00 4.350406e+00 0.000000e+00 
4.351406e+00 4.351406e+00 4.351406e+00 5.000000e+00 4.351406e+00 5.000000e+00 4.351406e+00 0.000000e+00 
4.352406e+00 4.352406e+00 4.352406e+00 5.000000e+00 4.352406e+00 5.000000e+00 4.352406e+00 0.000000e+00 
4.353406e+00 4.353406e+00 4.353406e+00 5.000000e+00 4.353406e+00 5.000000e+00 4.353406e+00 0.000000e+00 
4.354406e+00 4.354406e+00 4.354406e+00 5.000000e+00 4.354406e+00 5.000000e+00 4.354406e+00 0.000000e+00 
4.355406e+00 4.355406e+00 4.355406e+00 5.000000e+00 4.355406e+00 5.000000e+00 4.355406e+00 0.000000e+00 
4.356406e+00 4.356406e+00 4.356406e+00 5.000000e+00 4.356406e+00 5.000000e+00 4.356406e+00 0.000000e+00 
4.357406e+00 4.357406e+00 4.357406e+00 5.000000e+00 4.357406e+00 5.000000e+00 4.357406e+00 0.000000e+00 
4.358406e+00 4.358406e+00 4.358406e+00 5.000000e+00 4.358406e+00 5.000000e+00 4.358406e+00 0.000000e+00 
4.359406e+00 4.359406e+00 4.359406e+00 5.000000e+00 4.359406e+00 5.000000e+00 4.359406e+00 0.000000e+00 
4.360406e+00 4.360406e+00 4.360406e+00 5.000000e+00 4.360406e+00 5.000000e+00 4.360406e+00 0.000000e+00 
4.361406e+00 4.361406e+00 4.361406e+00 5.000000e+00 4.361406e+00 5.000000e+00 4.361406e+00 0.000000e+00 
4.362406e+00 4.362406e+00 4.362406e+00 5.000000e+00 4.362406e+00 5.000000e+00 4.362406e+00 0.000000e+00 
4.363406e+00 4.363406e+00 4.363406e+00 5.000000e+00 4.363406e+00 5.000000e+00 4.363406e+00 0.000000e+00 
4.364406e+00 4.364406e+00 4.364406e+00 5.000000e+00 4.364406e+00 5.000000e+00 4.364406e+00 0.000000e+00 
4.365406e+00 4.365406e+00 4.365406e+00 5.000000e+00 4.365406e+00 5.000000e+00 4.365406e+00 0.000000e+00 
4.366406e+00 4.366406e+00 4.366406e+00 5.000000e+00 4.366406e+00 5.000000e+00 4.366406e+00 0.000000e+00 
4.367406e+00 4.367406e+00 4.367406e+00 5.000000e+00 4.367406e+00 5.000000e+00 4.367406e+00 0.000000e+00 
4.368406e+00 4.368406e+00 4.368406e+00 5.000000e+00 4.368406e+00 5.000000e+00 4.368406e+00 0.000000e+00 
4.369406e+00 4.369406e+00 4.369406e+00 5.000000e+00 4.369406e+00 5.000000e+00 4.369406e+00 0.000000e+00 
4.370406e+00 4.370406e+00 4.370406e+00 5.000000e+00 4.370406e+00 5.000000e+00 4.370406e+00 0.000000e+00 
4.371406e+00 4.371406e+00 4.371406e+00 5.000000e+00 4.371406e+00 5.000000e+00 4.371406e+00 0.000000e+00 
4.372406e+00 4.372406e+00 4.372406e+00 5.000000e+00 4.372406e+00 5.000000e+00 4.372406e+00 0.000000e+00 
4.373406e+00 4.373406e+00 4.373406e+00 5.000000e+00 4.373406e+00 5.000000e+00 4.373406e+00 0.000000e+00 
4.374406e+00 4.374406e+00 4.374406e+00 5.000000e+00 4.374406e+00 5.000000e+00 4.374406e+00 0.000000e+00 
4.375406e+00 4.375406e+00 4.375406e+00 5.000000e+00 4.375406e+00 5.000000e+00 4.375406e+00 0.000000e+00 
4.376406e+00 4.376406e+00 4.376406e+00 5.000000e+00 4.376406e+00 5.000000e+00 4.376406e+00 0.000000e+00 
4.377406e+00 4.377406e+00 4.377406e+00 5.000000e+00 4.377406e+00 5.000000e+00 4.377406e+00 0.000000e+00 
4.378406e+00 4.378406e+00 4.378406e+00 5.000000e+00 4.378406e+00 5.000000e+00 4.378406e+00 0.000000e+00 
4.379406e+00 4.379406e+00 4.379406e+00 5.000000e+00 4.379406e+00 5.000000e+00 4.379406e+00 0.000000e+00 
4.380406e+00 4.380406e+00 4.380406e+00 5.000000e+00 4.380406e+00 5.000000e+00 4.380406e+00 0.000000e+00 
4.381406e+00 4.381406e+00 4.381406e+00 5.000000e+00 4.381406e+00 5.000000e+00 4.381406e+00 0.000000e+00 
4.382406e+00 4.382406e+00 4.382406e+00 5.000000e+00 4.382406e+00 5.000000e+00 4.382406e+00 0.000000e+00 
4.383406e+00 4.383406e+00 4.383406e+00 5.000000e+00 4.383406e+00 5.000000e+00 4.383406e+00 0.000000e+00 
4.384406e+00 4.384406e+00 4.384406e+00 5.000000e+00 4.384406e+00 5.000000e+00 4.384406e+00 0.000000e+00 
4.385406e+00 4.385406e+00 4.385406e+00 5.000000e+00 4.385406e+00 5.000000e+00 4.385406e+00 0.000000e+00 
4.386406e+00 4.386406e+00 4.386406e+00 5.000000e+00 4.386406e+00 5.000000e+00 4.386406e+00 0.000000e+00 
4.387406e+00 4.387406e+00 4.387406e+00 5.000000e+00 4.387406e+00 5.000000e+00 4.387406e+00 0.000000e+00 
4.388406e+00 4.388406e+00 4.388406e+00 5.000000e+00 4.388406e+00 5.000000e+00 4.388406e+00 0.000000e+00 
4.389406e+00 4.389406e+00 4.389406e+00 5.000000e+00 4.389406e+00 5.000000e+00 4.389406e+00 0.000000e+00 
4.390406e+00 4.390406e+00 4.390406e+00 5.000000e+00 4.390406e+00 5.000000e+00 4.390406e+00 0.000000e+00 
4.391406e+00 4.391406e+00 4.391406e+00 5.000000e+00 4.391406e+00 5.000000e+00 4.391406e+00 0.000000e+00 
4.392406e+00 4.392406e+00 4.392406e+00 5.000000e+00 4.392406e+00 5.000000e+00 4.392406e+00 0.000000e+00 
4.393406e+00 4.393406e+00 4.393406e+00 5.000000e+00 4.393406e+00 5.000000e+00 4.393406e+00 0.000000e+00 
4.394406e+00 4.394406e+00 4.394406e+00 5.000000e+00 4.394406e+00 5.000000e+00 4.394406e+00 0.000000e+00 
4.395406e+00 4.395406e+00 4.395406e+00 5.000000e+00 4.395406e+00 5.000000e+00 4.395406e+00 0.000000e+00 
4.396406e+00 4.396406e+00 4.396406e+00 5.000000e+00 4.396406e+00 5.000000e+00 4.396406e+00 0.000000e+00 
4.397406e+00 4.397406e+00 4.397406e+00 5.000000e+00 4.397406e+00 5.000000e+00 4.397406e+00 0.000000e+00 
4.398406e+00 4.398406e+00 4.398406e+00 5.000000e+00 4.398406e+00 5.000000e+00 4.398406e+00 0.000000e+00 
4.399406e+00 4.399406e+00 4.399406e+00 5.000000e+00 4.399406e+00 5.000000e+00 4.399406e+00 0.000000e+00 
4.400406e+00 4.400406e+00 4.400406e+00 5.000000e+00 4.400406e+00 5.000000e+00 4.400406e+00 0.000000e+00 
4.401406e+00 4.401406e+00 4.401406e+00 5.000000e+00 4.401406e+00 5.000000e+00 4.401406e+00 0.000000e+00 
4.402406e+00 4.402406e+00 4.402406e+00 5.000000e+00 4.402406e+00 5.000000e+00 4.402406e+00 0.000000e+00 
4.403406e+00 4.403406e+00 4.403406e+00 5.000000e+00 4.403406e+00 5.000000e+00 4.403406e+00 0.000000e+00 
4.404406e+00 4.404406e+00 4.404406e+00 5.000000e+00 4.404406e+00 5.000000e+00 4.404406e+00 0.000000e+00 
4.405406e+00 4.405406e+00 4.405406e+00 5.000000e+00 4.405406e+00 5.000000e+00 4.405406e+00 0.000000e+00 
4.406406e+00 4.406406e+00 4.406406e+00 5.000000e+00 4.406406e+00 5.000000e+00 4.406406e+00 0.000000e+00 
4.407406e+00 4.407406e+00 4.407406e+00 5.000000e+00 4.407406e+00 5.000000e+00 4.407406e+00 0.000000e+00 
4.408406e+00 4.408406e+00 4.408406e+00 5.000000e+00 4.408406e+00 5.000000e+00 4.408406e+00 0.000000e+00 
4.409406e+00 4.409406e+00 4.409406e+00 5.000000e+00 4.409406e+00 5.000000e+00 4.409406e+00 0.000000e+00 
4.410406e+00 4.410406e+00 4.410406e+00 5.000000e+00 4.410406e+00 5.000000e+00 4.410406e+00 0.000000e+00 
4.411406e+00 4.411406e+00 4.411406e+00 5.000000e+00 4.411406e+00 5.000000e+00 4.411406e+00 0.000000e+00 
4.412406e+00 4.412406e+00 4.412406e+00 5.000000e+00 4.412406e+00 5.000000e+00 4.412406e+00 0.000000e+00 
4.413406e+00 4.413406e+00 4.413406e+00 5.000000e+00 4.413406e+00 5.000000e+00 4.413406e+00 0.000000e+00 
4.414406e+00 4.414406e+00 4.414406e+00 5.000000e+00 4.414406e+00 5.000000e+00 4.414406e+00 0.000000e+00 
4.415406e+00 4.415406e+00 4.415406e+00 5.000000e+00 4.415406e+00 5.000000e+00 4.415406e+00 0.000000e+00 
4.416406e+00 4.416406e+00 4.416406e+00 5.000000e+00 4.416406e+00 5.000000e+00 4.416406e+00 0.000000e+00 
4.417406e+00 4.417406e+00 4.417406e+00 5.000000e+00 4.417406e+00 5.000000e+00 4.417406e+00 0.000000e+00 
4.418406e+00 4.418406e+00 4.418406e+00 5.000000e+00 4.418406e+00 5.000000e+00 4.418406e+00 0.000000e+00 
4.419406e+00 4.419406e+00 4.419406e+00 5.000000e+00 4.419406e+00 5.000000e+00 4.419406e+00 0.000000e+00 
4.420406e+00 4.420406e+00 4.420406e+00 5.000000e+00 4.420406e+00 5.000000e+00 4.420406e+00 0.000000e+00 
4.421406e+00 4.421406e+00 4.421406e+00 5.000000e+00 4.421406e+00 5.000000e+00 4.421406e+00 0.000000e+00 
4.422406e+00 4.422406e+00 4.422406e+00 5.000000e+00 4.422406e+00 5.000000e+00 4.422406e+00 0.000000e+00 
4.423406e+00 4.423406e+00 4.423406e+00 5.000000e+00 4.423406e+00 5.000000e+00 4.423406e+00 0.000000e+00 
4.424406e+00 4.424406e+00 4.424406e+00 5.000000e+00 4.424406e+00 5.000000e+00 4.424406e+00 0.000000e+00 
4.425406e+00 4.425406e+00 4.425406e+00 5.000000e+00 4.425406e+00 5.000000e+00 4.425406e+00 0.000000e+00 
4.426406e+00 4.426406e+00 4.426406e+00 5.000000e+00 4.426406e+00 5.000000e+00 4.426406e+00 0.000000e+00 
4.427406e+00 4.427406e+00 4.427406e+00 5.000000e+00 4.427406e+00 5.000000e+00 4.427406e+00 0.000000e+00 
4.428406e+00 4.428406e+00 4.428406e+00 5.000000e+00 4.428406e+00 5.000000e+00 4.428406e+00 0.000000e+00 
4.429406e+00 4.429406e+00 4.429406e+00 5.000000e+00 4.429406e+00 5.000000e+00 4.429406e+00 0.000000e+00 
4.430406e+00 4.430406e+00 4.430406e+00 5.000000e+00 4.430406e+00 5.000000e+00 4.430406e+00 0.000000e+00 
4.431406e+00 4.431406e+00 4.431406e+00 5.000000e+00 4.431406e+00 5.000000e+00 4.431406e+00 0.000000e+00 
4.432406e+00 4.432406e+00 4.432406e+00 5.000000e+00 4.432406e+00 5.000000e+00 4.432406e+00 0.000000e+00 
4.433406e+00 4.433406e+00 4.433406e+00 5.000000e+00 4.433406e+00 5.000000e+00 4.433406e+00 0.000000e+00 
4.434406e+00 4.434406e+00 4.434406e+00 5.000000e+00 4.434406e+00 5.000000e+00 4.434406e+00 0.000000e+00 
4.435406e+00 4.435406e+00 4.435406e+00 5.000000e+00 4.435406e+00 5.000000e+00 4.435406e+00 0.000000e+00 
4.436406e+00 4.436406e+00 4.436406e+00 5.000000e+00 4.436406e+00 5.000000e+00 4.436406e+00 0.000000e+00 
4.437406e+00 4.437406e+00 4.437406e+00 5.000000e+00 4.437406e+00 5.000000e+00 4.437406e+00 0.000000e+00 
4.438406e+00 4.438406e+00 4.438406e+00 5.000000e+00 4.438406e+00 5.000000e+00 4.438406e+00 0.000000e+00 
4.439406e+00 4.439406e+00 4.439406e+00 5.000000e+00 4.439406e+00 5.000000e+00 4.439406e+00 0.000000e+00 
4.440406e+00 4.440406e+00 4.440406e+00 5.000000e+00 4.440406e+00 5.000000e+00 4.440406e+00 0.000000e+00 
4.441406e+00 4.441406e+00 4.441406e+00 5.000000e+00 4.441406e+00 5.000000e+00 4.441406e+00 0.000000e+00 
4.442406e+00 4.442406e+00 4.442406e+00 5.000000e+00 4.442406e+00 5.000000e+00 4.442406e+00 0.000000e+00 
4.443406e+00 4.443406e+00 4.443406e+00 5.000000e+00 4.443406e+00 5.000000e+00 4.443406e+00 0.000000e+00 
4.444406e+00 4.444406e+00 4.444406e+00 5.000000e+00 4.444406e+00 5.000000e+00 4.444406e+00 0.000000e+00 
4.445406e+00 4.445406e+00 4.445406e+00 5.000000e+00 4.445406e+00 5.000000e+00 4.445406e+00 0.000000e+00 
4.446406e+00 4.446406e+00 4.446406e+00 5.000000e+00 4.446406e+00 5.000000e+00 4.446406e+00 0.000000e+00 
4.447406e+00 4.447406e+00 4.447406e+00 5.000000e+00 4.447406e+00 5.000000e+00 4.447406e+00 0.000000e+00 
4.448406e+00 4.448406e+00 4.448406e+00 5.000000e+00 4.448406e+00 5.000000e+00 4.448406e+00 0.000000e+00 
4.449406e+00 4.449406e+00 4.449406e+00 5.000000e+00 4.449406e+00 5.000000e+00 4.449406e+00 0.000000e+00 
4.450406e+00 4.450406e+00 4.450406e+00 5.000000e+00 4.450406e+00 5.000000e+00 4.450406e+00 0.000000e+00 
4.451406e+00 4.451406e+00 4.451406e+00 5.000000e+00 4.451406e+00 5.000000e+00 4.451406e+00 0.000000e+00 
4.452406e+00 4.452406e+00 4.452406e+00 5.000000e+00 4.452406e+00 5.000000e+00 4.452406e+00 0.000000e+00 
4.453406e+00 4.453406e+00 4.453406e+00 5.000000e+00 4.453406e+00 5.000000e+00 4.453406e+00 0.000000e+00 
4.454406e+00 4.454406e+00 4.454406e+00 5.000000e+00 4.454406e+00 5.000000e+00 4.454406e+00 0.000000e+00 
4.455406e+00 4.455406e+00 4.455406e+00 5.000000e+00 4.455406e+00 5.000000e+00 4.455406e+00 0.000000e+00 
4.456406e+00 4.456406e+00 4.456406e+00 5.000000e+00 4.456406e+00 5.000000e+00 4.456406e+00 0.000000e+00 
4.457406e+00 4.457406e+00 4.457406e+00 5.000000e+00 4.457406e+00 5.000000e+00 4.457406e+00 0.000000e+00 
4.458406e+00 4.458406e+00 4.458406e+00 5.000000e+00 4.458406e+00 5.000000e+00 4.458406e+00 0.000000e+00 
4.459406e+00 4.459406e+00 4.459406e+00 5.000000e+00 4.459406e+00 5.000000e+00 4.459406e+00 0.000000e+00 
4.460406e+00 4.460406e+00 4.460406e+00 5.000000e+00 4.460406e+00 5.000000e+00 4.460406e+00 0.000000e+00 
4.461406e+00 4.461406e+00 4.461406e+00 5.000000e+00 4.461406e+00 5.000000e+00 4.461406e+00 0.000000e+00 
4.462406e+00 4.462406e+00 4.462406e+00 5.000000e+00 4.462406e+00 5.000000e+00 4.462406e+00 0.000000e+00 
4.463406e+00 4.463406e+00 4.463406e+00 5.000000e+00 4.463406e+00 5.000000e+00 4.463406e+00 0.000000e+00 
4.464406e+00 4.464406e+00 4.464406e+00 5.000000e+00 4.464406e+00 5.000000e+00 4.464406e+00 0.000000e+00 
4.465406e+00 4.465406e+00 4.465406e+00 5.000000e+00 4.465406e+00 5.000000e+00 4.465406e+00 0.000000e+00 
4.466406e+00 4.466406e+00 4.466406e+00 5.000000e+00 4.466406e+00 5.000000e+00 4.466406e+00 0.000000e+00 
4.467406e+00 4.467406e+00 4.467406e+00 5.000000e+00 4.467406e+00 5.000000e+00 4.467406e+00 0.000000e+00 
4.468406e+00 4.468406e+00 4.468406e+00 5.000000e+00 4.468406e+00 5.000000e+00 4.468406e+00 0.000000e+00 
4.469406e+00 4.469406e+00 4.469406e+00 5.000000e+00 4.469406e+00 5.000000e+00 4.469406e+00 0.000000e+00 
4.470406e+00 4.470406e+00 4.470406e+00 5.000000e+00 4.470406e+00 5.000000e+00 4.470406e+00 0.000000e+00 
4.471406e+00 4.471406e+00 4.471406e+00 5.000000e+00 4.471406e+00 5.000000e+00 4.471406e+00 0.000000e+00 
4.472406e+00 4.472406e+00 4.472406e+00 5.000000e+00 4.472406e+00 5.000000e+00 4.472406e+00 0.000000e+00 
4.473406e+00 4.473406e+00 4.473406e+00 5.000000e+00 4.473406e+00 5.000000e+00 4.473406e+00 0.000000e+00 
4.474406e+00 4.474406e+00 4.474406e+00 5.000000e+00 4.474406e+00 5.000000e+00 4.474406e+00 0.000000e+00 
4.475406e+00 4.475406e+00 4.475406e+00 5.000000e+00 4.475406e+00 5.000000e+00 4.475406e+00 0.000000e+00 
4.476406e+00 4.476406e+00 4.476406e+00 5.000000e+00 4.476406e+00 5.000000e+00 4.476406e+00 0.000000e+00 
4.477406e+00 4.477406e+00 4.477406e+00 5.000000e+00 4.477406e+00 5.000000e+00 4.477406e+00 0.000000e+00 
4.478406e+00 4.478406e+00 4.478406e+00 5.000000e+00 4.478406e+00 5.000000e+00 4.478406e+00 0.000000e+00 
4.479406e+00 4.479406e+00 4.479406e+00 5.000000e+00 4.479406e+00 5.000000e+00 4.479406e+00 0.000000e+00 
4.480406e+00 4.480406e+00 4.480406e+00 5.000000e+00 4.480406e+00 5.000000e+00 4.480406e+00 0.000000e+00 
4.481406e+00 4.481406e+00 4.481406e+00 5.000000e+00 4.481406e+00 5.000000e+00 4.481406e+00 0.000000e+00 
4.482406e+00 4.482406e+00 4.482406e+00 5.000000e+00 4.482406e+00 5.000000e+00 4.482406e+00 0.000000e+00 
4.483406e+00 4.483406e+00 4.483406e+00 5.000000e+00 4.483406e+00 5.000000e+00 4.483406e+00 0.000000e+00 
4.484406e+00 4.484406e+00 4.484406e+00 5.000000e+00 4.484406e+00 5.000000e+00 4.484406e+00 0.000000e+00 
4.485406e+00 4.485406e+00 4.485406e+00 5.000000e+00 4.485406e+00 5.000000e+00 4.485406e+00 0.000000e+00 
4.486406e+00 4.486406e+00 4.486406e+00 5.000000e+00 4.486406e+00 5.000000e+00 4.486406e+00 0.000000e+00 
4.487406e+00 4.487406e+00 4.487406e+00 5.000000e+00 4.487406e+00 5.000000e+00 4.487406e+00 0.000000e+00 
4.488406e+00 4.488406e+00 4.488406e+00 5.000000e+00 4.488406e+00 5.000000e+00 4.488406e+00 0.000000e+00 
4.489406e+00 4.489406e+00 4.489406e+00 5.000000e+00 4.489406e+00 5.000000e+00 4.489406e+00 0.000000e+00 
4.490406e+00 4.490406e+00 4.490406e+00 5.000000e+00 4.490406e+00 5.000000e+00 4.490406e+00 0.000000e+00 
4.491406e+00 4.491406e+00 4.491406e+00 5.000000e+00 4.491406e+00 5.000000e+00 4.491406e+00 0.000000e+00 
4.492406e+00 4.492406e+00 4.492406e+00 5.000000e+00 4.492406e+00 5.000000e+00 4.492406e+00 0.000000e+00 
4.493406e+00 4.493406e+00 4.493406e+00 5.000000e+00 4.493406e+00 5.000000e+00 4.493406e+00 0.000000e+00 
4.494406e+00 4.494406e+00 4.494406e+00 5.000000e+00 4.494406e+00 5.000000e+00 4.494406e+00 0.000000e+00 
4.495406e+00 4.495406e+00 4.495406e+00 5.000000e+00 4.495406e+00 5.000000e+00 4.495406e+00 0.000000e+00 
4.496406e+00 4.496406e+00 4.496406e+00 5.000000e+00 4.496406e+00 5.000000e+00 4.496406e+00 0.000000e+00 
4.497406e+00 4.497406e+00 4.497406e+00 5.000000e+00 4.497406e+00 5.000000e+00 4.497406e+00 0.000000e+00 
4.498406e+00 4.498406e+00 4.498406e+00 5.000000e+00 4.498406e+00 5.000000e+00 4.498406e+00 0.000000e+00 
4.499406e+00 4.499406e+00 4.499406e+00 5.000000e+00 4.499406e+00 5.000000e+00 4.499406e+00 0.000000e+00 
4.500009e+00 4.500009e+00 4.500009e+00 5.000000e+00 4.500009e+00 5.000000e+00 4.500009e+00 0.000000e+00 
4.500280e+00 4.500280e+00 4.500280e+00 5.000000e+00 4.500280e+00 5.000000e+00 4.500280e+00 0.000000e+00 
4.500391e+00 4.500391e+00 4.500391e+00 5.000000e+00 4.500391e+00 5.000000e+00 4.500391e+00 0.000000e+00 
4.500433e+00 4.500433e+00 4.500433e+00 5.000000e+00 4.500433e+00 5.000000e+00 4.500433e+00 0.000000e+00 
4.500433e+00 4.500433e+00 4.500433e+00 5.000000e+00 4.500433e+00 5.000000e+00 4.500433e+00 0.000000e+00 
4.500433e+00 4.500433e+00 4.500433e+00 5.000000e+00 4.500433e+00 5.000000e+00 4.500433e+00 0.000000e+00 
4.500433e+00 4.500433e+00 4.500433e+00 5.000000e+00 4.500433e+00 5.000000e+00 4.500433e+00 0.000000e+00 
4.500433e+00 4.500433e+00 4.500433e+00 5.000000e+00 4.500433e+00 5.000000e+00 4.500433e+00 0.000000e+00 
4.500433e+00 4.500433e+00 4.500433e+00 5.000000e+00 4.500433e+00 5.000000e+00 4.500433e+00 2.400000e+00 
4.500433e+00 4.500433e+00 4.500433e+00 5.000000e+00 4.500433e+00 5.000000e+00 4.500433e+00 5.000000e+00 
4.500433e+00 4.500433e+00 4.500433e+00 5.000000e+00 4.500433e+00 5.000000e+00 4.500433e+00 5.000000e+00 
4.500433e+00 4.500433e+00 4.500433e+00 5.000000e+00 4.500433e+00 5.000000e+00 4.500433e+00 5.000000e+00 
4.500433e+00 4.500433e+00 4.500433e+00 5.000000e+00 4.500433e+00 5.000000e+00 4.500433e+00 5.000000e+00 
4.500433e+00 4.500433e+00 4.500433e+00 1.160001e+00 4.500433e+00 5.000000e+00 4.500433e+00 1.160001e+00 
4.500433e+00 4.500433e+00 4.500433e+00 0.000000e+00 4.500433e+00 5.000000e+00 4.500433e+00 0.000000e+00 
4.500433e+00 4.500433e+00 4.500433e+00 0.000000e+00 4.500433e+00 5.000000e+00 4.500433e+00 0.000000e+00 
4.500433e+00 4.500433e+00 4.500433e+00 0.000000e+00 4.500433e+00 5.000000e+00 4.500433e+00 0.000000e+00 
4.500433e+00 4.500433e+00 4.500433e+00 0.000000e+00 4.500433e+00 5.000000e+00 4.500433e+00 0.000000e+00 
4.500433e+00 4.500433e+00 4.500433e+00 0.000000e+00 4.500433e+00 5.000000e+00 4.500433e+00 0.000000e+00 
4.500433e+00 4.500433e+00 4.500433e+00 0.000000e+00 4.500433e+00 5.000000e+00 4.500433e+00 0.000000e+00 
4.500433e+00 4.500433e+00 4.500433e+00 0.000000e+00 4.500433e+00 5.000000e+00 4.500433e+00 0.000000e+00 
4.500433e+00 4.500433e+00 4.500433e+00 0.000000e+00 4.500433e+00 5.000000e+00 4.500433e+00 0.000000e+00 
4.500433e+00 4.500433e+00 4.500433e+00 0.000000e+00 4.500433e+00 5.000000e+00 4.500433e+00 0.000000e+00 
4.500434e+00 4.500434e+00 4.500434e+00 0.000000e+00 4.500434e+00 5.000000e+00 4.500434e+00 0.000000e+00 
4.500435e+00 4.500435e+00 4.500435e+00 0.000000e+00 4.500435e+00 5.000000e+00 4.500435e+00 0.000000e+00 
4.500435e+00 4.500435e+00 4.500435e+00 0.000000e+00 4.500435e+00 5.000000e+00 4.500435e+00 0.000000e+00 
4.500436e+00 4.500436e+00 4.500436e+00 0.000000e+00 4.500436e+00 5.000000e+00 4.500436e+00 0.000000e+00 
4.500437e+00 4.500437e+00 4.500437e+00 0.000000e+00 4.500437e+00 5.000000e+00 4.500437e+00 0.000000e+00 
4.500439e+00 4.500439e+00 4.500439e+00 0.000000e+00 4.500439e+00 5.000000e+00 4.500439e+00 0.000000e+00 
4.500443e+00 4.500443e+00 4.500443e+00 0.000000e+00 4.500443e+00 5.000000e+00 4.500443e+00 0.000000e+00 
4.500452e+00 4.500452e+00 4.500452e+00 0.000000e+00 4.500452e+00 5.000000e+00 4.500452e+00 0.000000e+00 
4.500469e+00 4.500469e+00 4.500469e+00 0.000000e+00 4.500469e+00 5.000000e+00 4.500469e+00 0.000000e+00 
4.500502e+00 4.500502e+00 4.500502e+00 0.000000e+00 4.500502e+00 5.000000e+00 4.500502e+00 0.000000e+00 
4.500545e+00 4.500545e+00 4.500545e+00 0.000000e+00 4.500545e+00 5.000000e+00 4.500545e+00 0.000000e+00 
4.500620e+00 4.500620e+00 4.500620e+00 0.000000e+00 4.500620e+00 5.000000e+00 4.500620e+00 0.000000e+00 
4.500770e+00 4.500770e+00 4.500770e+00 0.000000e+00 4.500770e+00 5.000000e+00 4.500770e+00 0.000000e+00 
4.501071e+00 4.501071e+00 4.501071e+00 0.000000e+00 4.501071e+00 5.000000e+00 4.501071e+00 0.000000e+00 
4.501672e+00 4.501672e+00 4.501672e+00 0.000000e+00 4.501672e+00 5.000000e+00 4.501672e+00 0.000000e+00 
4.502646e+00 4.502646e+00 4.502646e+00 0.000000e+00 4.502646e+00 5.000000e+00 4.502646e+00 0.000000e+00 
4.503646e+00 4.503646e+00 4.503646e+00 0.000000e+00 4.503646e+00 5.000000e+00 4.503646e+00 0.000000e+00 
4.504646e+00 4.504646e+00 4.504646e+00 0.000000e+00 4.504646e+00 5.000000e+00 4.504646e+00 0.000000e+00 
4.505646e+00 4.505646e+00 4.505646e+00 0.000000e+00 4.505646e+00 5.000000e+00 4.505646e+00 0.000000e+00 
4.506646e+00 4.506646e+00 4.506646e+00 0.000000e+00 4.506646e+00 5.000000e+00 4.506646e+00 0.000000e+00 
4.507646e+00 4.507646e+00 4.507646e+00 0.000000e+00 4.507646e+00 5.000000e+00 4.507646e+00 0.000000e+00 
4.508646e+00 4.508646e+00 4.508646e+00 0.000000e+00 4.508646e+00 5.000000e+00 4.508646e+00 0.000000e+00 
4.509646e+00 4.509646e+00 4.509646e+00 0.000000e+00 4.509646e+00 5.000000e+00 4.509646e+00 0.000000e+00 
4.510646e+00 4.510646e+00 4.510646e+00 0.000000e+00 4.510646e+00 5.000000e+00 4.510646e+00 0.000000e+00 
4.511646e+00 4.511646e+00 4.511646e+00 0.000000e+00 4.511646e+00 5.000000e+00 4.511646e+00 0.000000e+00 
4.512646e+00 4.512646e+00 4.512646e+00 0.000000e+00 4.512646e+00 5.000000e+00 4.512646e+00 0.000000e+00 
4.513646e+00 4.513646e+00 4.513646e+00 0.000000e+00 4.513646e+00 5.000000e+00 4.513646e+00 0.000000e+00 
4.514646e+00 4.514646e+00 4.514646e+00 0.000000e+00 4.514646e+00 5.000000e+00 4.514646e+00 0.000000e+00 
4.515646e+00 4.515646e+00 4.515646e+00 0.000000e+00 4.515646e+00 5.000000e+00 4.515646e+00 0.000000e+00 
4.516646e+00 4.516646e+00 4.516646e+00 0.000000e+00 4.516646e+00 5.000000e+00 4.516646e+00 0.000000e+00 
4.517646e+00 4.517646e+00 4.517646e+00 0.000000e+00 4.517646e+00 5.000000e+00 4.517646e+00 0.000000e+00 
4.518646e+00 4.518646e+00 4.518646e+00 0.000000e+00 4.518646e+00 5.000000e+00 4.518646e+00 0.000000e+00 
4.519646e+00 4.519646e+00 4.519646e+00 0.000000e+00 4.519646e+00 5.000000e+00 4.519646e+00 0.000000e+00 
4.520646e+00 4.520646e+00 4.520646e+00 0.000000e+00 4.520646e+00 5.000000e+00 4.520646e+00 0.000000e+00 
4.521646e+00 4.521646e+00 4.521646e+00 0.000000e+00 4.521646e+00 5.000000e+00 4.521646e+00 0.000000e+00 
4.522646e+00 4.522646e+00 4.522646e+00 0.000000e+00 4.522646e+00 5.000000e+00 4.522646e+00 0.000000e+00 
4.523646e+00 4.523646e+00 4.523646e+00 0.000000e+00 4.523646e+00 5.000000e+00 4.523646e+00 0.000000e+00 
4.524646e+00 4.524646e+00 4.524646e+00 0.000000e+00 4.524646e+00 5.000000e+00 4.524646e+00 0.000000e+00 
4.525646e+00 4.525646e+00 4.525646e+00 0.000000e+00 4.525646e+00 5.000000e+00 4.525646e+00 0.000000e+00 
4.526646e+00 4.526646e+00 4.526646e+00 0.000000e+00 4.526646e+00 5.000000e+00 4.526646e+00 0.000000e+00 
4.527646e+00 4.527646e+00 4.527646e+00 0.000000e+00 4.527646e+00 5.000000e+00 4.527646e+00 0.000000e+00 
4.528646e+00 4.528646e+00 4.528646e+00 0.000000e+00 4.528646e+00 5.000000e+00 4.528646e+00 0.000000e+00 
4.529646e+00 4.529646e+00 4.529646e+00 0.000000e+00 4.529646e+00 5.000000e+00 4.529646e+00 0.000000e+00 
4.530646e+00 4.530646e+00 4.530646e+00 0.000000e+00 4.530646e+00 5.000000e+00 4.530646e+00 0.000000e+00 
4.531646e+00 4.531646e+00 4.531646e+00 0.000000e+00 4.531646e+00 5.000000e+00 4.531646e+00 0.000000e+00 
4.532646e+00 4.532646e+00 4.532646e+00 0.000000e+00 4.532646e+00 5.000000e+00 4.532646e+00 0.000000e+00 
4.533646e+00 4.533646e+00 4.533646e+00 0.000000e+00 4.533646e+00 5.000000e+00 4.533646e+00 0.000000e+00 
4.534646e+00 4.534646e+00 4.534646e+00 0.000000e+00 4.534646e+00 5.000000e+00 4.534646e+00 0.000000e+00 
4.535646e+00 4.535646e+00 4.535646e+00 0.000000e+00 4.535646e+00 5.000000e+00 4.535646e+00 0.000000e+00 
4.536646e+00 4.536646e+00 4.536646e+00 0.000000e+00 4.536646e+00 5.000000e+00 4.536646e+00 0.000000e+00 
4.537646e+00 4.537646e+00 4.537646e+00 0.000000e+00 4.537646e+00 5.000000e+00 4.537646e+00 0.000000e+00 
4.538646e+00 4.538646e+00 4.538646e+00 0.000000e+00 4.538646e+00 5.000000e+00 4.538646e+00 0.000000e+00 
4.539646e+00 4.539646e+00 4.539646e+00 0.000000e+00 4.539646e+00 5.000000e+00 4.539646e+00 0.000000e+00 
4.540646e+00 4.540646e+00 4.540646e+00 0.000000e+00 4.540646e+00 5.000000e+00 4.540646e+00 0.000000e+00 
4.541646e+00 4.541646e+00 4.541646e+00 0.000000e+00 4.541646e+00 5.000000e+00 4.541646e+00 0.000000e+00 
4.542646e+00 4.542646e+00 4.542646e+00 0.000000e+00 4.542646e+00 5.000000e+00 4.542646e+00 0.000000e+00 
4.543646e+00 4.543646e+00 4.543646e+00 0.000000e+00 4.543646e+00 5.000000e+00 4.543646e+00 0.000000e+00 
4.544646e+00 4.544646e+00 4.544646e+00 0.000000e+00 4.544646e+00 5.000000e+00 4.544646e+00 0.000000e+00 
4.545646e+00 4.545646e+00 4.545646e+00 0.000000e+00 4.545646e+00 5.000000e+00 4.545646e+00 0.000000e+00 
4.546646e+00 4.546646e+00 4.546646e+00 0.000000e+00 4.546646e+00 5.000000e+00 4.546646e+00 0.000000e+00 
4.547646e+00 4.547646e+00 4.547646e+00 0.000000e+00 4.547646e+00 5.000000e+00 4.547646e+00 0.000000e+00 
4.548646e+00 4.548646e+00 4.548646e+00 0.000000e+00 4.548646e+00 5.000000e+00 4.548646e+00 0.000000e+00 
4.549646e+00 4.549646e+00 4.549646e+00 0.000000e+00 4.549646e+00 5.000000e+00 4.549646e+00 0.000000e+00 
4.550646e+00 4.550646e+00 4.550646e+00 0.000000e+00 4.550646e+00 5.000000e+00 4.550646e+00 0.000000e+00 
4.551646e+00 4.551646e+00 4.551646e+00 0.000000e+00 4.551646e+00 5.000000e+00 4.551646e+00 0.000000e+00 
4.552646e+00 4.552646e+00 4.552646e+00 0.000000e+00 4.552646e+00 5.000000e+00 4.552646e+00 0.000000e+00 
4.553646e+00 4.553646e+00 4.553646e+00 0.000000e+00 4.553646e+00 5.000000e+00 4.553646e+00 0.000000e+00 
4.554646e+00 4.554646e+00 4.554646e+00 0.000000e+00 4.554646e+00 5.000000e+00 4.554646e+00 0.000000e+00 
4.555646e+00 4.555646e+00 4.555646e+00 0.000000e+00 4.555646e+00 5.000000e+00 4.555646e+00 0.000000e+00 
4.556646e+00 4.556646e+00 4.556646e+00 0.000000e+00 4.556646e+00 5.000000e+00 4.556646e+00 0.000000e+00 
4.557646e+00 4.557646e+00 4.557646e+00 0.000000e+00 4.557646e+00 5.000000e+00 4.557646e+00 0.000000e+00 
4.558646e+00 4.558646e+00 4.558646e+00 0.000000e+00 4.558646e+00 5.000000e+00 4.558646e+00 0.000000e+00 
4.559646e+00 4.559646e+00 4.559646e+00 0.000000e+00 4.559646e+00 5.000000e+00 4.559646e+00 0.000000e+00 
4.560646e+00 4.560646e+00 4.560646e+00 0.000000e+00 4.560646e+00 5.000000e+00 4.560646e+00 0.000000e+00 
4.561646e+00 4.561646e+00 4.561646e+00 0.000000e+00 4.561646e+00 5.000000e+00 4.561646e+00 0.000000e+00 
4.562646e+00 4.562646e+00 4.562646e+00 0.000000e+00 4.562646e+00 5.000000e+00 4.562646e+00 0.000000e+00 
4.563646e+00 4.563646e+00 4.563646e+00 0.000000e+00 4.563646e+00 5.000000e+00 4.563646e+00 0.000000e+00 
4.564646e+00 4.564646e+00 4.564646e+00 0.000000e+00 4.564646e+00 5.000000e+00 4.564646e+00 0.000000e+00 
4.565646e+00 4.565646e+00 4.565646e+00 0.000000e+00 4.565646e+00 5.000000e+00 4.565646e+00 0.000000e+00 
4.566646e+00 4.566646e+00 4.566646e+00 0.000000e+00 4.566646e+00 5.000000e+00 4.566646e+00 0.000000e+00 
4.567646e+00 4.567646e+00 4.567646e+00 0.000000e+00 4.567646e+00 5.000000e+00 4.567646e+00 0.000000e+00 
4.568646e+00 4.568646e+00 4.568646e+00 0.000000e+00 4.568646e+00 5.000000e+00 4.568646e+00 0.000000e+00 
4.569646e+00 4.569646e+00 4.569646e+00 0.000000e+00 4.569646e+00 5.000000e+00 4.569646e+00 0.000000e+00 
4.570646e+00 4.570646e+00 4.570646e+00 0.000000e+00 4.570646e+00 5.000000e+00 4.570646e+00 0.000000e+00 
4.571646e+00 4.571646e+00 4.571646e+00 0.000000e+00 4.571646e+00 5.000000e+00 4.571646e+00 0.000000e+00 
4.572646e+00 4.572646e+00 4.572646e+00 0.000000e+00 4.572646e+00 5.000000e+00 4.572646e+00 0.000000e+00 
4.573646e+00 4.573646e+00 4.573646e+00 0.000000e+00 4.573646e+00 5.000000e+00 4.573646e+00 0.000000e+00 
4.574646e+00 4.574646e+00 4.574646e+00 0.000000e+00 4.574646e+00 5.000000e+00 4.574646e+00 0.000000e+00 
4.575646e+00 4.575646e+00 4.575646e+00 0.000000e+00 4.575646e+00 5.000000e+00 4.575646e+00 0.000000e+00 
4.576646e+00 4.576646e+00 4.576646e+00 0.000000e+00 4.576646e+00 5.000000e+00 4.576646e+00 0.000000e+00 
4.577646e+00 4.577646e+00 4.577646e+00 0.000000e+00 4.577646e+00 5.000000e+00 4.577646e+00 0.000000e+00 
4.578646e+00 4.578646e+00 4.578646e+00 0.000000e+00 4.578646e+00 5.000000e+00 4.578646e+00 0.000000e+00 
4.579646e+00 4.579646e+00 4.579646e+00 0.000000e+00 4.579646e+00 5.000000e+00 4.579646e+00 0.000000e+00 
4.580646e+00 4.580646e+00 4.580646e+00 0.000000e+00 4.580646e+00 5.000000e+00 4.580646e+00 0.000000e+00 
4.581646e+00 4.581646e+00 4.581646e+00 0.000000e+00 4.581646e+00 5.000000e+00 4.581646e+00 0.000000e+00 
4.582646e+00 4.582646e+00 4.582646e+00 0.000000e+00 4.582646e+00 5.000000e+00 4.582646e+00 0.000000e+00 
4.583646e+00 4.583646e+00 4.583646e+00 0.000000e+00 4.583646e+00 5.000000e+00 4.583646e+00 0.000000e+00 
4.584646e+00 4.584646e+00 4.584646e+00 0.000000e+00 4.584646e+00 5.000000e+00 4.584646e+00 0.000000e+00 
4.585646e+00 4.585646e+00 4.585646e+00 0.000000e+00 4.585646e+00 5.000000e+00 4.585646e+00 0.000000e+00 
4.586646e+00 4.586646e+00 4.586646e+00 0.000000e+00 4.586646e+00 5.000000e+00 4.586646e+00 0.000000e+00 
4.587646e+00 4.587646e+00 4.587646e+00 0.000000e+00 4.587646e+00 5.000000e+00 4.587646e+00 0.000000e+00 
4.588646e+00 4.588646e+00 4.588646e+00 0.000000e+00 4.588646e+00 5.000000e+00 4.588646e+00 0.000000e+00 
4.589646e+00 4.589646e+00 4.589646e+00 0.000000e+00 4.589646e+00 5.000000e+00 4.589646e+00 0.000000e+00 
4.590646e+00 4.590646e+00 4.590646e+00 0.000000e+00 4.590646e+00 5.000000e+00 4.590646e+00 0.000000e+00 
4.591646e+00 4.591646e+00 4.591646e+00 0.000000e+00 4.591646e+00 5.000000e+00 4.591646e+00 0.000000e+00 
4.592646e+00 4.592646e+00 4.592646e+00 0.000000e+00 4.592646e+00 5.000000e+00 4.592646e+00 0.000000e+00 
4.593646e+00 4.593646e+00 4.593646e+00 0.000000e+00 4.593646e+00 5.000000e+00 4.593646e+00 0.000000e+00 
4.594646e+00 4.594646e+00 4.594646e+00 0.000000e+00 4.594646e+00 5.000000e+00 4.594646e+00 0.000000e+00 
4.595646e+00 4.595646e+00 4.595646e+00 0.000000e+00 4.595646e+00 5.000000e+00 4.595646e+00 0.000000e+00 
4.596646e+00 4.596646e+00 4.596646e+00 0.000000e+00 4.596646e+00 5.000000e+00 4.596646e+00 0.000000e+00 
4.597646e+00 4.597646e+00 4.597646e+00 0.000000e+00 4.597646e+00 5.000000e+00 4.597646e+00 0.000000e+00 
4.598646e+00 4.598646e+00 4.598646e+00 0.000000e+00 4.598646e+00 5.000000e+00 4.598646e+00 0.000000e+00 
4.599646e+00 4.599646e+00 4.599646e+00 0.000000e+00 4.599646e+00 5.000000e+00 4.599646e+00 0.000000e+00 
4.600646e+00 4.600646e+00 4.600646e+00 0.000000e+00 4.600646e+00 5.000000e+00 4.600646e+00 0.000000e+00 
4.601646e+00 4.601646e+00 4.601646e+00 0.000000e+00 4.601646e+00 5.000000e+00 4.601646e+00 0.000000e+00 
4.602646e+00 4.602646e+00 4.602646e+00 0.000000e+00 4.602646e+00 5.000000e+00 4.602646e+00 0.000000e+00 
4.603646e+00 4.603646e+00 4.603646e+00 0.000000e+00 4.603646e+00 5.000000e+00 4.603646e+00 0.000000e+00 
4.604646e+00 4.604646e+00 4.604646e+00 0.000000e+00 4.604646e+00 5.000000e+00 4.604646e+00 0.000000e+00 
4.605646e+00 4.605646e+00 4.605646e+00 0.000000e+00 4.605646e+00 5.000000e+00 4.605646e+00 0.000000e+00 
4.606646e+00 4.606646e+00 4.606646e+00 0.000000e+00 4.606646e+00 5.000000e+00 4.606646e+00 0.000000e+00 
4.607646e+00 4.607646e+00 4.607646e+00 0.000000e+00 4.607646e+00 5.000000e+00 4.607646e+00 0.000000e+00 
4.608646e+00 4.608646e+00 4.608646e+00 0.000000e+00 4.608646e+00 5.000000e+00 4.608646e+00 0.000000e+00 
4.609646e+00 4.609646e+00 4.609646e+00 0.000000e+00 4.609646e+00 5.000000e+00 4.609646e+00 0.000000e+00 
4.610646e+00 4.610646e+00 4.610646e+00 0.000000e+00 4.610646e+00 5.000000e+00 4.610646e+00 0.000000e+00 
4.611646e+00 4.611646e+00 4.611646e+00 0.000000e+00 4.611646e+00 5.000000e+00 4.611646e+00 0.000000e+00 
4.612646e+00 4.612646e+00 4.612646e+00 0.000000e+00 4.612646e+00 5.000000e+00 4.612646e+00 0.000000e+00 
4.613646e+00 4.613646e+00 4.613646e+00 0.000000e+00 4.613646e+00 5.000000e+00 4.613646e+00 0.000000e+00 
4.614646e+00 4.614646e+00 4.614646e+00 0.000000e+00 4.614646e+00 5.000000e+00 4.614646e+00 0.000000e+00 
4.615646e+00 4.615646e+00 4.615646e+00 0.000000e+00 4.615646e+00 5.000000e+00 4.615646e+00 0.000000e+00 
4.616646e+00 4.616646e+00 4.616646e+00 0.000000e+00 4.616646e+00 5.000000e+00 4.616646e+00 0.000000e+00 
4.617646e+00 4.617646e+00 4.617646e+00 0.000000e+00 4.617646e+00 5.000000e+00 4.617646e+00 0.000000e+00 
4.618646e+00 4.618646e+00 4.618646e+00 0.000000e+00 4.618646e+00 5.000000e+00 4.618646e+00 0.000000e+00 
4.619646e+00 4.619646e+00 4.619646e+00 0.000000e+00 4.619646e+00 5.000000e+00 4.619646e+00 0.000000e+00 
4.620646e+00 4.620646e+00 4.620646e+00 0.000000e+00 4.620646e+00 5.000000e+00 4.620646e+00 0.000000e+00 
4.621646e+00 4.621646e+00 4.621646e+00 0.000000e+00 4.621646e+00 5.000000e+00 4.621646e+00 0.000000e+00 
4.622646e+00 4.622646e+00 4.622646e+00 0.000000e+00 4.622646e+00 5.000000e+00 4.622646e+00 0.000000e+00 
4.623646e+00 4.623646e+00 4.623646e+00 0.000000e+00 4.623646e+00 5.000000e+00 4.623646e+00 0.000000e+00 
4.624646e+00 4.624646e+00 4.624646e+00 0.000000e+00 4.624646e+00 5.000000e+00 4.624646e+00 0.000000e+00 
4.625646e+00 4.625646e+00 4.625646e+00 0.000000e+00 4.625646e+00 5.000000e+00 4.625646e+00 0.000000e+00 
4.626646e+00 4.626646e+00 4.626646e+00 0.000000e+00 4.626646e+00 5.000000e+00 4.626646e+00 0.000000e+00 
4.627646e+00 4.627646e+00 4.627646e+00 0.000000e+00 4.627646e+00 5.000000e+00 4.627646e+00 0.000000e+00 
4.628646e+00 4.628646e+00 4.628646e+00 0.000000e+00 4.628646e+00 5.000000e+00 4.628646e+00 0.000000e+00 
4.629646e+00 4.629646e+00 4.629646e+00 0.000000e+00 4.629646e+00 5.000000e+00 4.629646e+00 0.000000e+00 
4.630646e+00 4.630646e+00 4.630646e+00 0.000000e+00 4.630646e+00 5.000000e+00 4.630646e+00 0.000000e+00 
4.631646e+00 4.631646e+00 4.631646e+00 0.000000e+00 4.631646e+00 5.000000e+00 4.631646e+00 0.000000e+00 
4.632646e+00 4.632646e+00 4.632646e+00 0.000000e+00 4.632646e+00 5.000000e+00 4.632646e+00 0.000000e+00 
4.633646e+00 4.633646e+00 4.633646e+00 0.000000e+00 4.633646e+00 5.000000e+00 4.633646e+00 0.000000e+00 
4.634646e+00 4.634646e+00 4.634646e+00 0.000000e+00 4.634646e+00 5.000000e+00 4.634646e+00 0.000000e+00 
4.635646e+00 4.635646e+00 4.635646e+00 0.000000e+00 4.635646e+00 5.000000e+00 4.635646e+00 0.000000e+00 
4.636646e+00 4.636646e+00 4.636646e+00 0.000000e+00 4.636646e+00 5.000000e+00 4.636646e+00 0.000000e+00 
4.637646e+00 4.637646e+00 4.637646e+00 0.000000e+00 4.637646e+00 5.000000e+00 4.637646e+00 0.000000e+00 
4.638646e+00 4.638646e+00 4.638646e+00 0.000000e+00 4.638646e+00 5.000000e+00 4.638646e+00 0.000000e+00 
4.639646e+00 4.639646e+00 4.639646e+00 0.000000e+00 4.639646e+00 5.000000e+00 4.639646e+00 0.000000e+00 
4.640646e+00 4.640646e+00 4.640646e+00 0.000000e+00 4.640646e+00 5.000000e+00 4.640646e+00 0.000000e+00 
4.641646e+00 4.641646e+00 4.641646e+00 0.000000e+00 4.641646e+00 5.000000e+00 4.641646e+00 0.000000e+00 
4.642646e+00 4.642646e+00 4.642646e+00 0.000000e+00 4.642646e+00 5.000000e+00 4.642646e+00 0.000000e+00 
4.643646e+00 4.643646e+00 4.643646e+00 0.000000e+00 4.643646e+00 5.000000e+00 4.643646e+00 0.000000e+00 
4.644646e+00 4.644646e+00 4.644646e+00 0.000000e+00 4.644646e+00 5.000000e+00 4.644646e+00 0.000000e+00 
4.645646e+00 4.645646e+00 4.645646e+00 0.000000e+00 4.645646e+00 5.000000e+00 4.645646e+00 0.000000e+00 
4.646646e+00 4.646646e+00 4.646646e+00 0.000000e+00 4.646646e+00 5.000000e+00 4.646646e+00 0.000000e+00 
4.647646e+00 4.647646e+00 4.647646e+00 0.000000e+00 4.647646e+00 5.000000e+00 4.647646e+00 0.000000e+00 
4.648646e+00 4.648646e+00 4.648646e+00 0.000000e+00 4.648646e+00 5.000000e+00 4.648646e+00 0.000000e+00 
4.649646e+00 4.649646e+00 4.649646e+00 0.000000e+00 4.649646e+00 5.000000e+00 4.649646e+00 0.000000e+00 
4.650646e+00 4.650646e+00 4.650646e+00 0.000000e+00 4.650646e+00 5.000000e+00 4.650646e+00 0.000000e+00 
4.651646e+00 4.651646e+00 4.651646e+00 0.000000e+00 4.651646e+00 5.000000e+00 4.651646e+00 0.000000e+00 
4.652646e+00 4.652646e+00 4.652646e+00 0.000000e+00 4.652646e+00 5.000000e+00 4.652646e+00 0.000000e+00 
4.653646e+00 4.653646e+00 4.653646e+00 0.000000e+00 4.653646e+00 5.000000e+00 4.653646e+00 0.000000e+00 
4.654646e+00 4.654646e+00 4.654646e+00 0.000000e+00 4.654646e+00 5.000000e+00 4.654646e+00 0.000000e+00 
4.655646e+00 4.655646e+00 4.655646e+00 0.000000e+00 4.655646e+00 5.000000e+00 4.655646e+00 0.000000e+00 
4.656646e+00 4.656646e+00 4.656646e+00 0.000000e+00 4.656646e+00 5.000000e+00 4.656646e+00 0.000000e+00 
4.657646e+00 4.657646e+00 4.657646e+00 0.000000e+00 4.657646e+00 5.000000e+00 4.657646e+00 0.000000e+00 
4.658646e+00 4.658646e+00 4.658646e+00 0.000000e+00 4.658646e+00 5.000000e+00 4.658646e+00 0.000000e+00 
4.659646e+00 4.659646e+00 4.659646e+00 0.000000e+00 4.659646e+00 5.000000e+00 4.659646e+00 0.000000e+00 
4.660646e+00 4.660646e+00 4.660646e+00 0.000000e+00 4.660646e+00 5.000000e+00 4.660646e+00 0.000000e+00 
4.661646e+00 4.661646e+00 4.661646e+00 0.000000e+00 4.661646e+00 5.000000e+00 4.661646e+00 0.000000e+00 
4.662646e+00 4.662646e+00 4.662646e+00 0.000000e+00 4.662646e+00 5.000000e+00 4.662646e+00 0.000000e+00 
4.663646e+00 4.663646e+00 4.663646e+00 0.000000e+00 4.663646e+00 5.000000e+00 4.663646e+00 0.000000e+00 
4.664646e+00 4.664646e+00 4.664646e+00 0.000000e+00 4.664646e+00 5.000000e+00 4.664646e+00 0.000000e+00 
4.665646e+00 4.665646e+00 4.665646e+00 0.000000e+00 4.665646e+00 5.000000e+00 4.665646e+00 0.000000e+00 
4.666646e+00 4.666646e+00 4.666646e+00 0.000000e+00 4.666646e+00 5.000000e+00 4.666646e+00 0.000000e+00 
4.667646e+00 4.667646e+00 4.667646e+00 0.000000e+00 4.667646e+00 5.000000e+00 4.667646e+00 0.000000e+00 
4.668646e+00 4.668646e+00 4.668646e+00 0.000000e+00 4.668646e+00 5.000000e+00 4.668646e+00 0.000000e+00 
4.669646e+00 4.669646e+00 4.669646e+00 0.000000e+00 4.669646e+00 5.000000e+00 4.669646e+00 0.000000e+00 
4.670646e+00 4.670646e+00 4.670646e+00 0.000000e+00 4.670646e+00 5.000000e+00 4.670646e+00 0.000000e+00 
4.671646e+00 4.671646e+00 4.671646e+00 0.000000e+00 4.671646e+00 5.000000e+00 4.671646e+00 0.000000e+00 
4.672646e+00 4.672646e+00 4.672646e+00 0.000000e+00 4.672646e+00 5.000000e+00 4.672646e+00 0.000000e+00 
4.673646e+00 4.673646e+00 4.673646e+00 0.000000e+00 4.673646e+00 5.000000e+00 4.673646e+00 0.000000e+00 
4.674646e+00 4.674646e+00 4.674646e+00 0.000000e+00 4.674646e+00 5.000000e+00 4.674646e+00 0.000000e+00 
4.675646e+00 4.675646e+00 4.675646e+00 0.000000e+00 4.675646e+00 5.000000e+00 4.675646e+00 0.000000e+00 
4.676646e+00 4.676646e+00 4.676646e+00 0.000000e+00 4.676646e+00 5.000000e+00 4.676646e+00 0.000000e+00 
4.677646e+00 4.677646e+00 4.677646e+00 0.000000e+00 4.677646e+00 5.000000e+00 4.677646e+00 0.000000e+00 
4.678646e+00 4.678646e+00 4.678646e+00 0.000000e+00 4.678646e+00 5.000000e+00 4.678646e+00 0.000000e+00 
4.679646e+00 4.679646e+00 4.679646e+00 0.000000e+00 4.679646e+00 5.000000e+00 4.679646e+00 0.000000e+00 
4.680646e+00 4.680646e+00 4.680646e+00 0.000000e+00 4.680646e+00 5.000000e+00 4.680646e+00 0.000000e+00 
4.681646e+00 4.681646e+00 4.681646e+00 0.000000e+00 4.681646e+00 5.000000e+00 4.681646e+00 0.000000e+00 
4.682646e+00 4.682646e+00 4.682646e+00 0.000000e+00 4.682646e+00 5.000000e+00 4.682646e+00 0.000000e+00 
4.683646e+00 4.683646e+00 4.683646e+00 0.000000e+00 4.683646e+00 5.000000e+00 4.683646e+00 0.000000e+00 
4.684646e+00 4.684646e+00 4.684646e+00 0.000000e+00 4.684646e+00 5.000000e+00 4.684646e+00 0.000000e+00 
4.685646e+00 4.685646e+00 4.685646e+00 0.000000e+00 4.685646e+00 5.000000e+00 4.685646e+00 0.000000e+00 
4.686646e+00 4.686646e+00 4.686646e+00 0.000000e+00 4.686646e+00 5.000000e+00 4.686646e+00 0.000000e+00 
4.687646e+00 4.687646e+00 4.687646e+00 0.000000e+00 4.687646e+00 5.000000e+00 4.687646e+00 0.000000e+00 
4.688646e+00 4.688646e+00 4.688646e+00 0.000000e+00 4.688646e+00 5.000000e+00 4.688646e+00 0.000000e+00 
4.689646e+00 4.689646e+00 4.689646e+00 0.000000e+00 4.689646e+00 5.000000e+00 4.689646e+00 0.000000e+00 
4.690646e+00 4.690646e+00 4.690646e+00 0.000000e+00 4.690646e+00 5.000000e+00 4.690646e+00 0.000000e+00 
4.691646e+00 4.691646e+00 4.691646e+00 0.000000e+00 4.691646e+00 5.000000e+00 4.691646e+00 0.000000e+00 
4.692646e+00 4.692646e+00 4.692646e+00 0.000000e+00 4.692646e+00 5.000000e+00 4.692646e+00 0.000000e+00 
4.693646e+00 4.693646e+00 4.693646e+00 0.000000e+00 4.693646e+00 5.000000e+00 4.693646e+00 0.000000e+00 
4.694646e+00 4.694646e+00 4.694646e+00 0.000000e+00 4.694646e+00 5.000000e+00 4.694646e+00 0.000000e+00 
4.695646e+00 4.695646e+00 4.695646e+00 0.000000e+00 4.695646e+00 5.000000e+00 4.695646e+00 0.000000e+00 
4.696646e+00 4.696646e+00 4.696646e+00 0.000000e+00 4.696646e+00 5.000000e+00 4.696646e+00 0.000000e+00 
4.697646e+00 4.697646e+00 4.697646e+00 0.000000e+00 4.697646e+00 5.000000e+00 4.697646e+00 0.000000e+00 
4.698646e+00 4.698646e+00 4.698646e+00 0.000000e+00 4.698646e+00 5.000000e+00 4.698646e+00 0.000000e+00 
4.699646e+00 4.699646e+00 4.699646e+00 0.000000e+00 4.699646e+00 5.000000e+00 4.699646e+00 0.000000e+00 
4.700646e+00 4.700646e+00 4.700646e+00 0.000000e+00 4.700646e+00 5.000000e+00 4.700646e+00 0.000000e+00 
4.701646e+00 4.701646e+00 4.701646e+00 0.000000e+00 4.701646e+00 5.000000e+00 4.701646e+00 0.000000e+00 
4.702646e+00 4.702646e+00 4.702646e+00 0.000000e+00 4.702646e+00 5.000000e+00 4.702646e+00 0.000000e+00 
4.703646e+00 4.703646e+00 4.703646e+00 0.000000e+00 4.703646e+00 5.000000e+00 4.703646e+00 0.000000e+00 
4.704646e+00 4.704646e+00 4.704646e+00 0.000000e+00 4.704646e+00 5.000000e+00 4.704646e+00 0.000000e+00 
4.705646e+00 4.705646e+00 4.705646e+00 0.000000e+00 4.705646e+00 5.000000e+00 4.705646e+00 0.000000e+00 
4.706646e+00 4.706646e+00 4.706646e+00 0.000000e+00 4.706646e+00 5.000000e+00 4.706646e+00 0.000000e+00 
4.707646e+00 4.707646e+00 4.707646e+00 0.000000e+00 4.707646e+00 5.000000e+00 4.707646e+00 0.000000e+00 
4.708646e+00 4.708646e+00 4.708646e+00 0.000000e+00 4.708646e+00 5.000000e+00 4.708646e+00 0.000000e+00 
4.709646e+00 4.709646e+00 4.709646e+00 0.000000e+00 4.709646e+00 5.000000e+00 4.709646e+00 0.000000e+00 
4.710646e+00 4.710646e+00 4.710646e+00 0.000000e+00 4.710646e+00 5.000000e+00 4.710646e+00 0.000000e+00 
4.711646e+00 4.711646e+00 4.711646e+00 0.000000e+00 4.711646e+00 5.000000e+00 4.711646e+00 0.000000e+00 
4.712646e+00 4.712646e+00 4.712646e+00 0.000000e+00 4.712646e+00 5.000000e+00 4.712646e+00 0.000000e+00 
4.713646e+00 4.713646e+00 4.713646e+00 0.000000e+00 4.713646e+00 5.000000e+00 4.713646e+00 0.000000e+00 
4.714646e+00 4.714646e+00 4.714646e+00 0.000000e+00 4.714646e+00 5.000000e+00 4.714646e+00 0.000000e+00 
4.715646e+00 4.715646e+00 4.715646e+00 0.000000e+00 4.715646e+00 5.000000e+00 4.715646e+00 0.000000e+00 
4.716646e+00 4.716646e+00 4.716646e+00 0.000000e+00 4.716646e+00 5.000000e+00 4.716646e+00 0.000000e+00 
4.717646e+00 4.717646e+00 4.717646e+00 0.000000e+00 4.717646e+00 5.000000e+00 4.717646e+00 0.000000e+00 
4.718646e+00 4.718646e+00 4.718646e+00 0.000000e+00 4.718646e+00 5.000000e+00 4.718646e+00 0.000000e+00 
4.719646e+00 4.719646e+00 4.719646e+00 0.000000e+00 4.719646e+00 5.000000e+00 4.719646e+00 0.000000e+00 
4.720646e+00 4.720646e+00 4.720646e+00 0.000000e+00 4.720646e+00 5.000000e+00 4.720646e+00 0.000000e+00 
4.721646e+00 4.721646e+00 4.721646e+00 0.000000e+00 4.721646e+00 5.000000e+00 4.721646e+00 0.000000e+00 
4.722646e+00 4.722646e+00 4.722646e+00 0.000000e+00 4.722646e+00 5.000000e+00 4.722646e+00 0.000000e+00 
4.723646e+00 4.723646e+00 4.723646e+00 0.000000e+00 4.723646e+00 5.000000e+00 4.723646e+00 0.000000e+00 
4.724646e+00 4.724646e+00 4.724646e+00 0.000000e+00 4.724646e+00 5.000000e+00 4.724646e+00 0.000000e+00 
4.725646e+00 4.725646e+00 4.725646e+00 0.000000e+00 4.725646e+00 5.000000e+00 4.725646e+00 0.000000e+00 
4.726646e+00 4.726646e+00 4.726646e+00 0.000000e+00 4.726646e+00 5.000000e+00 4.726646e+00 0.000000e+00 
4.727646e+00 4.727646e+00 4.727646e+00 0.000000e+00 4.727646e+00 5.000000e+00 4.727646e+00 0.000000e+00 
4.728646e+00 4.728646e+00 4.728646e+00 0.000000e+00 4.728646e+00 5.000000e+00 4.728646e+00 0.000000e+00 
4.729646e+00 4.729646e+00 4.729646e+00 0.000000e+00 4.729646e+00 5.000000e+00 4.729646e+00 0.000000e+00 
4.730646e+00 4.730646e+00 4.730646e+00 0.000000e+00 4.730646e+00 5.000000e+00 4.730646e+00 0.000000e+00 
4.731646e+00 4.731646e+00 4.731646e+00 0.000000e+00 4.731646e+00 5.000000e+00 4.731646e+00 0.000000e+00 
4.732646e+00 4.732646e+00 4.732646e+00 0.000000e+00 4.732646e+00 5.000000e+00 4.732646e+00 0.000000e+00 
4.733646e+00 4.733646e+00 4.733646e+00 0.000000e+00 4.733646e+00 5.000000e+00 4.733646e+00 0.000000e+00 
4.734646e+00 4.734646e+00 4.734646e+00 0.000000e+00 4.734646e+00 5.000000e+00 4.734646e+00 0.000000e+00 
4.735646e+00 4.735646e+00 4.735646e+00 0.000000e+00 4.735646e+00 5.000000e+00 4.735646e+00 0.000000e+00 
4.736646e+00 4.736646e+00 4.736646e+00 0.000000e+00 4.736646e+00 5.000000e+00 4.736646e+00 0.000000e+00 
4.737646e+00 4.737646e+00 4.737646e+00 0.000000e+00 4.737646e+00 5.000000e+00 4.737646e+00 0.000000e+00 
4.738646e+00 4.738646e+00 4.738646e+00 0.000000e+00 4.738646e+00 5.000000e+00 4.738646e+00 0.000000e+00 
4.739646e+00 4.739646e+00 4.739646e+00 0.000000e+00 4.739646e+00 5.000000e+00 4.739646e+00 0.000000e+00 
4.740646e+00 4.740646e+00 4.740646e+00 0.000000e+00 4.740646e+00 5.000000e+00 4.740646e+00 0.000000e+00 
4.741646e+00 4.741646e+00 4.741646e+00 0.000000e+00 4.741646e+00 5.000000e+00 4.741646e+00 0.000000e+00 
4.742646e+00 4.742646e+00 4.742646e+00 0.000000e+00 4.742646e+00 5.000000e+00 4.742646e+00 0.000000e+00 
4.743646e+00 4.743646e+00 4.743646e+00 0.000000e+00 4.743646e+00 5.000000e+00 4.743646e+00 0.000000e+00 
4.744646e+00 4.744646e+00 4.744646e+00 0.000000e+00 4.744646e+00 5.000000e+00 4.744646e+00 0.000000e+00 
4.745646e+00 4.745646e+00 4.745646e+00 0.000000e+00 4.745646e+00 5.000000e+00 4.745646e+00 0.000000e+00 
4.746646e+00 4.746646e+00 4.746646e+00 0.000000e+00 4.746646e+00 5.000000e+00 4.746646e+00 0.000000e+00 
4.747646e+00 4.747646e+00 4.747646e+00 0.000000e+00 4.747646e+00 5.000000e+00 4.747646e+00 0.000000e+00 
4.748646e+00 4.748646e+00 4.748646e+00 0.000000e+00 4.748646e+00 5.000000e+00 4.748646e+00 0.000000e+00 
4.749646e+00 4.749646e+00 4.749646e+00 0.000000e+00 4.749646e+00 5.000000e+00 4.749646e+00 0.000000e+00 
4.750646e+00 4.750646e+00 4.750646e+00 0.000000e+00 4.750646e+00 5.000000e+00 4.750646e+00 0.000000e+00 
4.751646e+00 4.751646e+00 4.751646e+00 0.000000e+00 4.751646e+00 5.000000e+00 4.751646e+00 0.000000e+00 
4.752646e+00 4.752646e+00 4.752646e+00 0.000000e+00 4.752646e+00 5.000000e+00 4.752646e+00 0.000000e+00 
4.753646e+00 4.753646e+00 4.753646e+00 0.000000e+00 4.753646e+00 5.000000e+00 4.753646e+00 0.000000e+00 
4.754646e+00 4.754646e+00 4.754646e+00 0.000000e+00 4.754646e+00 5.000000e+00 4.754646e+00 0.000000e+00 
4.755646e+00 4.755646e+00 4.755646e+00 0.000000e+00 4.755646e+00 5.000000e+00 4.755646e+00 0.000000e+00 
4.756646e+00 4.756646e+00 4.756646e+00 0.000000e+00 4.756646e+00 5.000000e+00 4.756646e+00 0.000000e+00 
4.757646e+00 4.757646e+00 4.757646e+00 0.000000e+00 4.757646e+00 5.000000e+00 4.757646e+00 0.000000e+00 
4.758646e+00 4.758646e+00 4.758646e+00 0.000000e+00 4.758646e+00 5.000000e+00 4.758646e+00 0.000000e+00 
4.759646e+00 4.759646e+00 4.759646e+00 0.000000e+00 4.759646e+00 5.000000e+00 4.759646e+00 0.000000e+00 
4.760646e+00 4.760646e+00 4.760646e+00 0.000000e+00 4.760646e+00 5.000000e+00 4.760646e+00 0.000000e+00 
4.761646e+00 4.761646e+00 4.761646e+00 0.000000e+00 4.761646e+00 5.000000e+00 4.761646e+00 0.000000e+00 
4.762646e+00 4.762646e+00 4.762646e+00 0.000000e+00 4.762646e+00 5.000000e+00 4.762646e+00 0.000000e+00 
4.763646e+00 4.763646e+00 4.763646e+00 0.000000e+00 4.763646e+00 5.000000e+00 4.763646e+00 0.000000e+00 
4.764646e+00 4.764646e+00 4.764646e+00 0.000000e+00 4.764646e+00 5.000000e+00 4.764646e+00 0.000000e+00 
4.765646e+00 4.765646e+00 4.765646e+00 0.000000e+00 4.765646e+00 5.000000e+00 4.765646e+00 0.000000e+00 
4.766646e+00 4.766646e+00 4.766646e+00 0.000000e+00 4.766646e+00 5.000000e+00 4.766646e+00 0.000000e+00 
4.767646e+00 4.767646e+00 4.767646e+00 0.000000e+00 4.767646e+00 5.000000e+00 4.767646e+00 0.000000e+00 
4.768646e+00 4.768646e+00 4.768646e+00 0.000000e+00 4.768646e+00 5.000000e+00 4.768646e+00 0.000000e+00 
4.769646e+00 4.769646e+00 4.769646e+00 0.000000e+00 4.769646e+00 5.000000e+00 4.769646e+00 0.000000e+00 
4.770646e+00 4.770646e+00 4.770646e+00 0.000000e+00 4.770646e+00 5.000000e+00 4.770646e+00 0.000000e+00 
4.771646e+00 4.771646e+00 4.771646e+00 0.000000e+00 4.771646e+00 5.000000e+00 4.771646e+00 0.000000e+00 
4.772646e+00 4.772646e+00 4.772646e+00 0.000000e+00 4.772646e+00 5.000000e+00 4.772646e+00 0.000000e+00 
4.773646e+00 4.773646e+00 4.773646e+00 0.000000e+00 4.773646e+00 5.000000e+00 4.773646e+00 0.000000e+00 
4.774646e+00 4.774646e+00 4.774646e+00 0.000000e+00 4.774646e+00 5.000000e+00 4.774646e+00 0.000000e+00 
4.775646e+00 4.775646e+00 4.775646e+00 0.000000e+00 4.775646e+00 5.000000e+00 4.775646e+00 0.000000e+00 
4.776646e+00 4.776646e+00 4.776646e+00 0.000000e+00 4.776646e+00 5.000000e+00 4.776646e+00 0.000000e+00 
4.777646e+00 4.777646e+00 4.777646e+00 0.000000e+00 4.777646e+00 5.000000e+00 4.777646e+00 0.000000e+00 
4.778646e+00 4.778646e+00 4.778646e+00 0.000000e+00 4.778646e+00 5.000000e+00 4.778646e+00 0.000000e+00 
4.779646e+00 4.779646e+00 4.779646e+00 0.000000e+00 4.779646e+00 5.000000e+00 4.779646e+00 0.000000e+00 
4.780646e+00 4.780646e+00 4.780646e+00 0.000000e+00 4.780646e+00 5.000000e+00 4.780646e+00 0.000000e+00 
4.781646e+00 4.781646e+00 4.781646e+00 0.000000e+00 4.781646e+00 5.000000e+00 4.781646e+00 0.000000e+00 
4.782646e+00 4.782646e+00 4.782646e+00 0.000000e+00 4.782646e+00 5.000000e+00 4.782646e+00 0.000000e+00 
4.783646e+00 4.783646e+00 4.783646e+00 0.000000e+00 4.783646e+00 5.000000e+00 4.783646e+00 0.000000e+00 
4.784646e+00 4.784646e+00 4.784646e+00 0.000000e+00 4.784646e+00 5.000000e+00 4.784646e+00 0.000000e+00 
4.785646e+00 4.785646e+00 4.785646e+00 0.000000e+00 4.785646e+00 5.000000e+00 4.785646e+00 0.000000e+00 
4.786646e+00 4.786646e+00 4.786646e+00 0.000000e+00 4.786646e+00 5.000000e+00 4.786646e+00 0.000000e+00 
4.787646e+00 4.787646e+00 4.787646e+00 0.000000e+00 4.787646e+00 5.000000e+00 4.787646e+00 0.000000e+00 
4.788646e+00 4.788646e+00 4.788646e+00 0.000000e+00 4.788646e+00 5.000000e+00 4.788646e+00 0.000000e+00 
4.789646e+00 4.789646e+00 4.789646e+00 0.000000e+00 4.789646e+00 5.000000e+00 4.789646e+00 0.000000e+00 
4.790646e+00 4.790646e+00 4.790646e+00 0.000000e+00 4.790646e+00 5.000000e+00 4.790646e+00 0.000000e+00 
4.791646e+00 4.791646e+00 4.791646e+00 0.000000e+00 4.791646e+00 5.000000e+00 4.791646e+00 0.000000e+00 
4.792646e+00 4.792646e+00 4.792646e+00 0.000000e+00 4.792646e+00 5.000000e+00 4.792646e+00 0.000000e+00 
4.793646e+00 4.793646e+00 4.793646e+00 0.000000e+00 4.793646e+00 5.000000e+00 4.793646e+00 0.000000e+00 
4.794646e+00 4.794646e+00 4.794646e+00 0.000000e+00 4.794646e+00 5.000000e+00 4.794646e+00 0.000000e+00 
4.795646e+00 4.795646e+00 4.795646e+00 0.000000e+00 4.795646e+00 5.000000e+00 4.795646e+00 0.000000e+00 
4.796646e+00 4.796646e+00 4.796646e+00 0.000000e+00 4.796646e+00 5.000000e+00 4.796646e+00 0.000000e+00 
4.797646e+00 4.797646e+00 4.797646e+00 0.000000e+00 4.797646e+00 5.000000e+00 4.797646e+00 0.000000e+00 
4.798646e+00 4.798646e+00 4.798646e+00 0.000000e+00 4.798646e+00 5.000000e+00 4.798646e+00 0.000000e+00 
4.799646e+00 4.799646e+00 4.799646e+00 0.000000e+00 4.799646e+00 5.000000e+00 4.799646e+00 0.000000e+00 
4.800646e+00 4.800646e+00 4.800646e+00 0.000000e+00 4.800646e+00 5.000000e+00 4.800646e+00 0.000000e+00 
4.801646e+00 4.801646e+00 4.801646e+00 0.000000e+00 4.801646e+00 5.000000e+00 4.801646e+00 0.000000e+00 
4.802646e+00 4.802646e+00 4.802646e+00 0.000000e+00 4.802646e+00 5.000000e+00 4.802646e+00 0.000000e+00 
4.803646e+00 4.803646e+00 4.803646e+00 0.000000e+00 4.803646e+00 5.000000e+00 4.803646e+00 0.000000e+00 
4.804646e+00 4.804646e+00 4.804646e+00 0.000000e+00 4.804646e+00 5.000000e+00 4.804646e+00 0.000000e+00 
4.805646e+00 4.805646e+00 4.805646e+00 0.000000e+00 4.805646e+00 5.000000e+00 4.805646e+00 0.000000e+00 
4.806646e+00 4.806646e+00 4.806646e+00 0.000000e+00 4.806646e+00 5.000000e+00 4.806646e+00 0.000000e+00 
4.807646e+00 4.807646e+00 4.807646e+00 0.000000e+00 4.807646e+00 5.000000e+00 4.807646e+00 0.000000e+00 
4.808646e+00 4.808646e+00 4.808646e+00 0.000000e+00 4.808646e+00 5.000000e+00 4.808646e+00 0.000000e+00 
4.809646e+00 4.809646e+00 4.809646e+00 0.000000e+00 4.809646e+00 5.000000e+00 4.809646e+00 0.000000e+00 
4.810646e+00 4.810646e+00 4.810646e+00 0.000000e+00 4.810646e+00 5.000000e+00 4.810646e+00 0.000000e+00 
4.811646e+00 4.811646e+00 4.811646e+00 0.000000e+00 4.811646e+00 5.000000e+00 4.811646e+00 0.000000e+00 
4.812646e+00 4.812646e+00 4.812646e+00 0.000000e+00 4.812646e+00 5.000000e+00 4.812646e+00 0.000000e+00 
4.813646e+00 4.813646e+00 4.813646e+00 0.000000e+00 4.813646e+00 5.000000e+00 4.813646e+00 0.000000e+00 
4.814646e+00 4.814646e+00 4.814646e+00 0.000000e+00 4.814646e+00 5.000000e+00 4.814646e+00 0.000000e+00 
4.815646e+00 4.815646e+00 4.815646e+00 0.000000e+00 4.815646e+00 5.000000e+00 4.815646e+00 0.000000e+00 
4.816646e+00 4.816646e+00 4.816646e+00 0.000000e+00 4.816646e+00 5.000000e+00 4.816646e+00 0.000000e+00 
4.817646e+00 4.817646e+00 4.817646e+00 0.000000e+00 4.817646e+00 5.000000e+00 4.817646e+00 0.000000e+00 
4.818646e+00 4.818646e+00 4.818646e+00 0.000000e+00 4.818646e+00 5.000000e+00 4.818646e+00 0.000000e+00 
4.819646e+00 4.819646e+00 4.819646e+00 0.000000e+00 4.819646e+00 5.000000e+00 4.819646e+00 0.000000e+00 
4.820646e+00 4.820646e+00 4.820646e+00 0.000000e+00 4.820646e+00 5.000000e+00 4.820646e+00 0.000000e+00 
4.821646e+00 4.821646e+00 4.821646e+00 0.000000e+00 4.821646e+00 5.000000e+00 4.821646e+00 0.000000e+00 
4.822646e+00 4.822646e+00 4.822646e+00 0.000000e+00 4.822646e+00 5.000000e+00 4.822646e+00 0.000000e+00 
4.823646e+00 4.823646e+00 4.823646e+00 0.000000e+00 4.823646e+00 5.000000e+00 4.823646e+00 0.000000e+00 
4.824646e+00 4.824646e+00 4.824646e+00 0.000000e+00 4.824646e+00 5.000000e+00 4.824646e+00 0.000000e+00 
4.825646e+00 4.825646e+00 4.825646e+00 0.000000e+00 4.825646e+00 5.000000e+00 4.825646e+00 0.000000e+00 
4.826646e+00 4.826646e+00 4.826646e+00 0.000000e+00 4.826646e+00 5.000000e+00 4.826646e+00 0.000000e+00 
4.827646e+00 4.827646e+00 4.827646e+00 0.000000e+00 4.827646e+00 5.000000e+00 4.827646e+00 0.000000e+00 
4.828646e+00 4.828646e+00 4.828646e+00 0.000000e+00 4.828646e+00 5.000000e+00 4.828646e+00 0.000000e+00 
4.829646e+00 4.829646e+00 4.829646e+00 0.000000e+00 4.829646e+00 5.000000e+00 4.829646e+00 0.000000e+00 
4.830646e+00 4.830646e+00 4.830646e+00 0.000000e+00 4.830646e+00 5.000000e+00 4.830646e+00 0.000000e+00 
4.831646e+00 4.831646e+00 4.831646e+00 0.000000e+00 4.831646e+00 5.000000e+00 4.831646e+00 0.000000e+00 
4.832646e+00 4.832646e+00 4.832646e+00 0.000000e+00 4.832646e+00 5.000000e+00 4.832646e+00 0.000000e+00 
4.833646e+00 4.833646e+00 4.833646e+00 0.000000e+00 4.833646e+00 5.000000e+00 4.833646e+00 0.000000e+00 
4.834646e+00 4.834646e+00 4.834646e+00 0.000000e+00 4.834646e+00 5.000000e+00 4.834646e+00 0.000000e+00 
4.835646e+00 4.835646e+00 4.835646e+00 0.000000e+00 4.835646e+00 5.000000e+00 4.835646e+00 0.000000e+00 
4.836646e+00 4.836646e+00 4.836646e+00 0.000000e+00 4.836646e+00 5.000000e+00 4.836646e+00 0.000000e+00 
4.837646e+00 4.837646e+00 4.837646e+00 0.000000e+00 4.837646e+00 5.000000e+00 4.837646e+00 0.000000e+00 
4.838646e+00 4.838646e+00 4.838646e+00 0.000000e+00 4.838646e+00 5.000000e+00 4.838646e+00 0.000000e+00 
4.839646e+00 4.839646e+00 4.839646e+00 0.000000e+00 4.839646e+00 5.000000e+00 4.839646e+00 0.000000e+00 
4.840646e+00 4.840646e+00 4.840646e+00 0.000000e+00 4.840646e+00 5.000000e+00 4.840646e+00 0.000000e+00 
4.841646e+00 4.841646e+00 4.841646e+00 0.000000e+00 4.841646e+00 5.000000e+00 4.841646e+00 0.000000e+00 
4.842646e+00 4.842646e+00 4.842646e+00 0.000000e+00 4.842646e+00 5.000000e+00 4.842646e+00 0.000000e+00 
4.843646e+00 4.843646e+00 4.843646e+00 0.000000e+00 4.843646e+00 5.000000e+00 4.843646e+00 0.000000e+00 
4.844646e+00 4.844646e+00 4.844646e+00 0.000000e+00 4.844646e+00 5.000000e+00 4.844646e+00 0.000000e+00 
4.845646e+00 4.845646e+00 4.845646e+00 0.000000e+00 4.845646e+00 5.000000e+00 4.845646e+00 0.000000e+00 
4.846646e+00 4.846646e+00 4.846646e+00 0.000000e+00 4.846646e+00 5.000000e+00 4.846646e+00 0.000000e+00 
4.847646e+00 4.847646e+00 4.847646e+00 0.000000e+00 4.847646e+00 5.000000e+00 4.847646e+00 0.000000e+00 
4.848646e+00 4.848646e+00 4.848646e+00 0.000000e+00 4.848646e+00 5.000000e+00 4.848646e+00 0.000000e+00 
4.849646e+00 4.849646e+00 4.849646e+00 0.000000e+00 4.849646e+00 5.000000e+00 4.849646e+00 0.000000e+00 
4.850646e+00 4.850646e+00 4.850646e+00 0.000000e+00 4.850646e+00 5.000000e+00 4.850646e+00 0.000000e+00 
4.851646e+00 4.851646e+00 4.851646e+00 0.000000e+00 4.851646e+00 5.000000e+00 4.851646e+00 0.000000e+00 
4.852646e+00 4.852646e+00 4.852646e+00 0.000000e+00 4.852646e+00 5.000000e+00 4.852646e+00 0.000000e+00 
4.853646e+00 4.853646e+00 4.853646e+00 0.000000e+00 4.853646e+00 5.000000e+00 4.853646e+00 0.000000e+00 
4.854646e+00 4.854646e+00 4.854646e+00 0.000000e+00 4.854646e+00 5.000000e+00 4.854646e+00 0.000000e+00 
4.855646e+00 4.855646e+00 4.855646e+00 0.000000e+00 4.855646e+00 5.000000e+00 4.855646e+00 0.000000e+00 
4.856646e+00 4.856646e+00 4.856646e+00 0.000000e+00 4.856646e+00 5.000000e+00 4.856646e+00 0.000000e+00 
4.857646e+00 4.857646e+00 4.857646e+00 0.000000e+00 4.857646e+00 5.000000e+00 4.857646e+00 0.000000e+00 
4.858646e+00 4.858646e+00 4.858646e+00 0.000000e+00 4.858646e+00 5.000000e+00 4.858646e+00 0.000000e+00 
4.859646e+00 4.859646e+00 4.859646e+00 0.000000e+00 4.859646e+00 5.000000e+00 4.859646e+00 0.000000e+00 
4.860646e+00 4.860646e+00 4.860646e+00 0.000000e+00 4.860646e+00 5.000000e+00 4.860646e+00 0.000000e+00 
4.861646e+00 4.861646e+00 4.861646e+00 0.000000e+00 4.861646e+00 5.000000e+00 4.861646e+00 0.000000e+00 
4.862646e+00 4.862646e+00 4.862646e+00 0.000000e+00 4.862646e+00 5.000000e+00 4.862646e+00 0.000000e+00 
4.863646e+00 4.863646e+00 4.863646e+00 0.000000e+00 4.863646e+00 5.000000e+00 4.863646e+00 0.000000e+00 
4.864646e+00 4.864646e+00 4.864646e+00 0.000000e+00 4.864646e+00 5.000000e+00 4.864646e+00 0.000000e+00 
4.865646e+00 4.865646e+00 4.865646e+00 0.000000e+00 4.865646e+00 5.000000e+00 4.865646e+00 0.000000e+00 
4.866646e+00 4.866646e+00 4.866646e+00 0.000000e+00 4.866646e+00 5.000000e+00 4.866646e+00 0.000000e+00 
4.867646e+00 4.867646e+00 4.867646e+00 0.000000e+00 4.867646e+00 5.000000e+00 4.867646e+00 0.000000e+00 
4.868646e+00 4.868646e+00 4.868646e+00 0.000000e+00 4.868646e+00 5.000000e+00 4.868646e+00 0.000000e+00 
4.869646e+00 4.869646e+00 4.869646e+00 0.000000e+00 4.869646e+00 5.000000e+00 4.869646e+00 0.000000e+00 
4.870646e+00 4.870646e+00 4.870646e+00 0.000000e+00 4.870646e+00 5.000000e+00 4.870646e+00 0.000000e+00 
4.871646e+00 4.871646e+00 4.871646e+00 0.000000e+00 4.871646e+00 5.000000e+00 4.871646e+00 0.000000e+00 
4.872646e+00 4.872646e+00 4.872646e+00 0.000000e+00 4.872646e+00 5.000000e+00 4.872646e+00 0.000000e+00 
4.873646e+00 4.873646e+00 4.873646e+00 0.000000e+00 4.873646e+00 5.000000e+00 4.873646e+00 0.000000e+00 
4.874646e+00 4.874646e+00 4.874646e+00 0.000000e+00 4.874646e+00 5.000000e+00 4.874646e+00 0.000000e+00 
4.875646e+00 4.875646e+00 4.875646e+00 0.000000e+00 4.875646e+00 5.000000e+00 4.875646e+00 0.000000e+00 
4.876646e+00 4.876646e+00 4.876646e+00 0.000000e+00 4.876646e+00 5.000000e+00 4.876646e+00 0.000000e+00 
4.877646e+00 4.877646e+00 4.877646e+00 0.000000e+00 4.877646e+00 5.000000e+00 4.877646e+00 0.000000e+00 
4.878646e+00 4.878646e+00 4.878646e+00 0.000000e+00 4.878646e+00 5.000000e+00 4.878646e+00 0.000000e+00 
4.879646e+00 4.879646e+00 4.879646e+00 0.000000e+00 4.879646e+00 5.000000e+00 4.879646e+00 0.000000e+00 
4.880646e+00 4.880646e+00 4.880646e+00 0.000000e+00 4.880646e+00 5.000000e+00 4.880646e+00 0.000000e+00 
4.881646e+00 4.881646e+00 4.881646e+00 0.000000e+00 4.881646e+00 5.000000e+00 4.881646e+00 0.000000e+00 
4.882646e+00 4.882646e+00 4.882646e+00 0.000000e+00 4.882646e+00 5.000000e+00 4.882646e+00 0.000000e+00 
4.883646e+00 4.883646e+00 4.883646e+00 0.000000e+00 4.883646e+00 5.000000e+00 4.883646e+00 0.000000e+00 
4.884646e+00 4.884646e+00 4.884646e+00 0.000000e+00 4.884646e+00 5.000000e+00 4.884646e+00 0.000000e+00 
4.885646e+00 4.885646e+00 4.885646e+00 0.000000e+00 4.885646e+00 5.000000e+00 4.885646e+00 0.000000e+00 
4.886646e+00 4.886646e+00 4.886646e+00 0.000000e+00 4.886646e+00 5.000000e+00 4.886646e+00 0.000000e+00 
4.887646e+00 4.887646e+00 4.887646e+00 0.000000e+00 4.887646e+00 5.000000e+00 4.887646e+00 0.000000e+00 
4.888646e+00 4.888646e+00 4.888646e+00 0.000000e+00 4.888646e+00 5.000000e+00 4.888646e+00 0.000000e+00 
4.889646e+00 4.889646e+00 4.889646e+00 0.000000e+00 4.889646e+00 5.000000e+00 4.889646e+00 0.000000e+00 
4.890646e+00 4.890646e+00 4.890646e+00 0.000000e+00 4.890646e+00 5.000000e+00 4.890646e+00 0.000000e+00 
4.891646e+00 4.891646e+00 4.891646e+00 0.000000e+00 4.891646e+00 5.000000e+00 4.891646e+00 0.000000e+00 
4.892646e+00 4.892646e+00 4.892646e+00 0.000000e+00 4.892646e+00 5.000000e+00 4.892646e+00 0.000000e+00 
4.893646e+00 4.893646e+00 4.893646e+00 0.000000e+00 4.893646e+00 5.000000e+00 4.893646e+00 0.000000e+00 
4.894646e+00 4.894646e+00 4.894646e+00 0.000000e+00 4.894646e+00 5.000000e+00 4.894646e+00 0.000000e+00 
4.895646e+00 4.895646e+00 4.895646e+00 0.000000e+00 4.895646e+00 5.000000e+00 4.895646e+00 0.000000e+00 
4.896646e+00 4.896646e+00 4.896646e+00 0.000000e+00 4.896646e+00 5.000000e+00 4.896646e+00 0.000000e+00 
4.897646e+00 4.897646e+00 4.897646e+00 0.000000e+00 4.897646e+00 5.000000e+00 4.897646e+00 0.000000e+00 
4.898646e+00 4.898646e+00 4.898646e+00 0.000000e+00 4.898646e+00 5.000000e+00 4.898646e+00 0.000000e+00 
4.899646e+00 4.899646e+00 4.899646e+00 0.000000e+00 4.899646e+00 5.000000e+00 4.899646e+00 0.000000e+00 
4.900646e+00 4.900646e+00 4.900646e+00 0.000000e+00 4.900646e+00 5.000000e+00 4.900646e+00 0.000000e+00 
4.901646e+00 4.901646e+00 4.901646e+00 0.000000e+00 4.901646e+00 5.000000e+00 4.901646e+00 0.000000e+00 
4.902646e+00 4.902646e+00 4.902646e+00 0.000000e+00 4.902646e+00 5.000000e+00 4.902646e+00 0.000000e+00 
4.903646e+00 4.903646e+00 4.903646e+00 0.000000e+00 4.903646e+00 5.000000e+00 4.903646e+00 0.000000e+00 
4.904646e+00 4.904646e+00 4.904646e+00 0.000000e+00 4.904646e+00 5.000000e+00 4.904646e+00 0.000000e+00 
4.905646e+00 4.905646e+00 4.905646e+00 0.000000e+00 4.905646e+00 5.000000e+00 4.905646e+00 0.000000e+00 
4.906646e+00 4.906646e+00 4.906646e+00 0.000000e+00 4.906646e+00 5.000000e+00 4.906646e+00 0.000000e+00 
4.907646e+00 4.907646e+00 4.907646e+00 0.000000e+00 4.907646e+00 5.000000e+00 4.907646e+00 0.000000e+00 
4.908646e+00 4.908646e+00 4.908646e+00 0.000000e+00 4.908646e+00 5.000000e+00 4.908646e+00 0.000000e+00 
4.909646e+00 4.909646e+00 4.909646e+00 0.000000e+00 4.909646e+00 5.000000e+00 4.909646e+00 0.000000e+00 
4.910646e+00 4.910646e+00 4.910646e+00 0.000000e+00 4.910646e+00 5.000000e+00 4.910646e+00 0.000000e+00 
4.911646e+00 4.911646e+00 4.911646e+00 0.000000e+00 4.911646e+00 5.000000e+00 4.911646e+00 0.000000e+00 
4.912646e+00 4.912646e+00 4.912646e+00 0.000000e+00 4.912646e+00 5.000000e+00 4.912646e+00 0.000000e+00 
4.913646e+00 4.913646e+00 4.913646e+00 0.000000e+00 4.913646e+00 5.000000e+00 4.913646e+00 0.000000e+00 
4.914646e+00 4.914646e+00 4.914646e+00 0.000000e+00 4.914646e+00 5.000000e+00 4.914646e+00 0.000000e+00 
4.915646e+00 4.915646e+00 4.915646e+00 0.000000e+00 4.915646e+00 5.000000e+00 4.915646e+00 0.000000e+00 
4.916646e+00 4.916646e+00 4.916646e+00 0.000000e+00 4.916646e+00 5.000000e+00 4.916646e+00 0.000000e+00 
4.917646e+00 4.917646e+00 4.917646e+00 0.000000e+00 4.917646e+00 5.000000e+00 4.917646e+00 0.000000e+00 
4.918646e+00 4.918646e+00 4.918646e+00 0.000000e+00 4.918646e+00 5.000000e+00 4.918646e+00 0.000000e+00 
4.919646e+00 4.919646e+00 4.919646e+00 0.000000e+00 4.919646e+00 5.000000e+00 4.919646e+00 0.000000e+00 
4.920646e+00 4.920646e+00 4.920646e+00 0.000000e+00 4.920646e+00 5.000000e+00 4.920646e+00 0.000000e+00 
4.921646e+00 4.921646e+00 4.921646e+00 0.000000e+00 4.921646e+00 5.000000e+00 4.921646e+00 0.000000e+00 
4.922646e+00 4.922646e+00 4.922646e+00 0.000000e+00 4.922646e+00 5.000000e+00 4.922646e+00 0.000000e+00 
4.923646e+00 4.923646e+00 4.923646e+00 0.000000e+00 4.923646e+00 5.000000e+00 4.923646e+00 0.000000e+00 
4.924646e+00 4.924646e+00 4.924646e+00 0.000000e+00 4.924646e+00 5.000000e+00 4.924646e+00 0.000000e+00 
4.925646e+00 4.925646e+00 4.925646e+00 0.000000e+00 4.925646e+00 5.000000e+00 4.925646e+00 0.000000e+00 
4.926646e+00 4.926646e+00 4.926646e+00 0.000000e+00 4.926646e+00 5.000000e+00 4.926646e+00 0.000000e+00 
4.927646e+00 4.927646e+00 4.927646e+00 0.000000e+00 4.927646e+00 5.000000e+00 4.927646e+00 0.000000e+00 
4.928646e+00 4.928646e+00 4.928646e+00 0.000000e+00 4.928646e+00 5.000000e+00 4.928646e+00 0.000000e+00 
4.929646e+00 4.929646e+00 4.929646e+00 0.000000e+00 4.929646e+00 5.000000e+00 4.929646e+00 0.000000e+00 
4.930646e+00 4.930646e+00 4.930646e+00 0.000000e+00 4.930646e+00 5.000000e+00 4.930646e+00 0.000000e+00 
4.931646e+00 4.931646e+00 4.931646e+00 0.000000e+00 4.931646e+00 5.000000e+00 4.931646e+00 0.000000e+00 
4.932646e+00 4.932646e+00 4.932646e+00 0.000000e+00 4.932646e+00 5.000000e+00 4.932646e+00 0.000000e+00 
4.933646e+00 4.933646e+00 4.933646e+00 0.000000e+00 4.933646e+00 5.000000e+00 4.933646e+00 0.000000e+00 
4.934646e+00 4.934646e+00 4.934646e+00 0.000000e+00 4.934646e+00 5.000000e+00 4.934646e+00 0.000000e+00 
4.935646e+00 4.935646e+00 4.935646e+00 0.000000e+00 4.935646e+00 5.000000e+00 4.935646e+00 0.000000e+00 
4.936646e+00 4.936646e+00 4.936646e+00 0.000000e+00 4.936646e+00 5.000000e+00 4.936646e+00 0.000000e+00 
4.937646e+00 4.937646e+00 4.937646e+00 0.000000e+00 4.937646e+00 5.000000e+00 4.937646e+00 0.000000e+00 
4.938646e+00 4.938646e+00 4.938646e+00 0.000000e+00 4.938646e+00 5.000000e+00 4.938646e+00 0.000000e+00 
4.939646e+00 4.939646e+00 4.939646e+00 0.000000e+00 4.939646e+00 5.000000e+00 4.939646e+00 0.000000e+00 
4.940646e+00 4.940646e+00 4.940646e+00 0.000000e+00 4.940646e+00 5.000000e+00 4.940646e+00 0.000000e+00 
4.941646e+00 4.941646e+00 4.941646e+00 0.000000e+00 4.941646e+00 5.000000e+00 4.941646e+00 0.000000e+00 
4.942646e+00 4.942646e+00 4.942646e+00 0.000000e+00 4.942646e+00 5.000000e+00 4.942646e+00 0.000000e+00 
4.943646e+00 4.943646e+00 4.943646e+00 0.000000e+00 4.943646e+00 5.000000e+00 4.943646e+00 0.000000e+00 
4.944646e+00 4.944646e+00 4.944646e+00 0.000000e+00 4.944646e+00 5.000000e+00 4.944646e+00 0.000000e+00 
4.945646e+00 4.945646e+00 4.945646e+00 0.000000e+00 4.945646e+00 5.000000e+00 4.945646e+00 0.000000e+00 
4.946646e+00 4.946646e+00 4.946646e+00 0.000000e+00 4.946646e+00 5.000000e+00 4.946646e+00 0.000000e+00 
4.947646e+00 4.947646e+00 4.947646e+00 0.000000e+00 4.947646e+00 5.000000e+00 4.947646e+00 0.000000e+00 
4.948646e+00 4.948646e+00 4.948646e+00 0.000000e+00 4.948646e+00 5.000000e+00 4.948646e+00 0.000000e+00 
4.949646e+00 4.949646e+00 4.949646e+00 0.000000e+00 4.949646e+00 5.000000e+00 4.949646e+00 0.000000e+00 
4.950646e+00 4.950646e+00 4.950646e+00 0.000000e+00 4.950646e+00 5.000000e+00 4.950646e+00 0.000000e+00 
4.951646e+00 4.951646e+00 4.951646e+00 0.000000e+00 4.951646e+00 5.000000e+00 4.951646e+00 0.000000e+00 
4.952646e+00 4.952646e+00 4.952646e+00 0.000000e+00 4.952646e+00 5.000000e+00 4.952646e+00 0.000000e+00 
4.953646e+00 4.953646e+00 4.953646e+00 0.000000e+00 4.953646e+00 5.000000e+00 4.953646e+00 0.000000e+00 
4.954646e+00 4.954646e+00 4.954646e+00 0.000000e+00 4.954646e+00 5.000000e+00 4.954646e+00 0.000000e+00 
4.955646e+00 4.955646e+00 4.955646e+00 0.000000e+00 4.955646e+00 5.000000e+00 4.955646e+00 0.000000e+00 
4.956646e+00 4.956646e+00 4.956646e+00 0.000000e+00 4.956646e+00 5.000000e+00 4.956646e+00 0.000000e+00 
4.957646e+00 4.957646e+00 4.957646e+00 0.000000e+00 4.957646e+00 5.000000e+00 4.957646e+00 0.000000e+00 
4.958646e+00 4.958646e+00 4.958646e+00 0.000000e+00 4.958646e+00 5.000000e+00 4.958646e+00 0.000000e+00 
4.959646e+00 4.959646e+00 4.959646e+00 0.000000e+00 4.959646e+00 5.000000e+00 4.959646e+00 0.000000e+00 
4.960646e+00 4.960646e+00 4.960646e+00 0.000000e+00 4.960646e+00 5.000000e+00 4.960646e+00 0.000000e+00 
4.961646e+00 4.961646e+00 4.961646e+00 0.000000e+00 4.961646e+00 5.000000e+00 4.961646e+00 0.000000e+00 
4.962646e+00 4.962646e+00 4.962646e+00 0.000000e+00 4.962646e+00 5.000000e+00 4.962646e+00 0.000000e+00 
4.963646e+00 4.963646e+00 4.963646e+00 0.000000e+00 4.963646e+00 5.000000e+00 4.963646e+00 0.000000e+00 
4.964646e+00 4.964646e+00 4.964646e+00 0.000000e+00 4.964646e+00 5.000000e+00 4.964646e+00 0.000000e+00 
4.965646e+00 4.965646e+00 4.965646e+00 0.000000e+00 4.965646e+00 5.000000e+00 4.965646e+00 0.000000e+00 
4.966646e+00 4.966646e+00 4.966646e+00 0.000000e+00 4.966646e+00 5.000000e+00 4.966646e+00 0.000000e+00 
4.967646e+00 4.967646e+00 4.967646e+00 0.000000e+00 4.967646e+00 5.000000e+00 4.967646e+00 0.000000e+00 
4.968646e+00 4.968646e+00 4.968646e+00 0.000000e+00 4.968646e+00 5.000000e+00 4.968646e+00 0.000000e+00 
4.969646e+00 4.969646e+00 4.969646e+00 0.000000e+00 4.969646e+00 5.000000e+00 4.969646e+00 0.000000e+00 
4.970646e+00 4.970646e+00 4.970646e+00 0.000000e+00 4.970646e+00 5.000000e+00 4.970646e+00 0.000000e+00 
4.971646e+00 4.971646e+00 4.971646e+00 0.000000e+00 4.971646e+00 5.000000e+00 4.971646e+00 0.000000e+00 
4.972646e+00 4.972646e+00 4.972646e+00 0.000000e+00 4.972646e+00 5.000000e+00 4.972646e+00 0.000000e+00 
4.973646e+00 4.973646e+00 4.973646e+00 0.000000e+00 4.973646e+00 5.000000e+00 4.973646e+00 0.000000e+00 
4.974646e+00 4.974646e+00 4.974646e+00 0.000000e+00 4.974646e+00 5.000000e+00 4.974646e+00 0.000000e+00 
4.975646e+00 4.975646e+00 4.975646e+00 0.000000e+00 4.975646e+00 5.000000e+00 4.975646e+00 0.000000e+00 
4.976646e+00 4.976646e+00 4.976646e+00 0.000000e+00 4.976646e+00 5.000000e+00 4.976646e+00 0.000000e+00 
4.977646e+00 4.977646e+00 4.977646e+00 0.000000e+00 4.977646e+00 5.000000e+00 4.977646e+00 0.000000e+00 
4.978646e+00 4.978646e+00 4.978646e+00 0.000000e+00 4.978646e+00 5.000000e+00 4.978646e+00 0.000000e+00 
4.979646e+00 4.979646e+00 4.979646e+00 0.000000e+00 4.979646e+00 5.000000e+00 4.979646e+00 0.000000e+00 
4.980646e+00 4.980646e+00 4.980646e+00 0.000000e+00 4.980646e+00 5.000000e+00 4.980646e+00 0.000000e+00 
4.981646e+00 4.981646e+00 4.981646e+00 0.000000e+00 4.981646e+00 5.000000e+00 4.981646e+00 0.000000e+00 
4.982646e+00 4.982646e+00 4.982646e+00 0.000000e+00 4.982646e+00 5.000000e+00 4.982646e+00 0.000000e+00 
4.983646e+00 4.983646e+00 4.983646e+00 0.000000e+00 4.983646e+00 5.000000e+00 4.983646e+00 0.000000e+00 
4.984646e+00 4.984646e+00 4.984646e+00 0.000000e+00 4.984646e+00 5.000000e+00 4.984646e+00 0.000000e+00 
4.985646e+00 4.985646e+00 4.985646e+00 0.000000e+00 4.985646e+00 5.000000e+00 4.985646e+00 0.000000e+00 
4.986646e+00 4.986646e+00 4.986646e+00 0.000000e+00 4.986646e+00 5.000000e+00 4.986646e+00 0.000000e+00 
4.987646e+00 4.987646e+00 4.987646e+00 0.000000e+00 4.987646e+00 5.000000e+00 4.987646e+00 0.000000e+00 
4.988646e+00 4.988646e+00 4.988646e+00 0.000000e+00 4.988646e+00 5.000000e+00 4.988646e+00 0.000000e+00 
4.989646e+00 4.989646e+00 4.989646e+00 0.000000e+00 4.989646e+00 5.000000e+00 4.989646e+00 0.000000e+00 
4.990646e+00 4.990646e+00 4.990646e+00 0.000000e+00 4.990646e+00 5.000000e+00 4.990646e+00 0.000000e+00 
4.991646e+00 4.991646e+00 4.991646e+00 0.000000e+00 4.991646e+00 5.000000e+00 4.991646e+00 0.000000e+00 
4.992646e+00 4.992646e+00 4.992646e+00 0.000000e+00 4.992646e+00 5.000000e+00 4.992646e+00 0.000000e+00 
4.993646e+00 4.993646e+00 4.993646e+00 0.000000e+00 4.993646e+00 5.000000e+00 4.993646e+00 0.000000e+00 
4.994646e+00 4.994646e+00 4.994646e+00 0.000000e+00 4.994646e+00 5.000000e+00 4.994646e+00 0.000000e+00 
4.995646e+00 4.995646e+00 4.995646e+00 0.000000e+00 4.995646e+00 5.000000e+00 4.995646e+00 0.000000e+00 
4.996646e+00 4.996646e+00 4.996646e+00 0.000000e+00 4.996646e+00 5.000000e+00 4.996646e+00 0.000000e+00 
4.997646e+00 4.997646e+00 4.997646e+00 0.000000e+00 4.997646e+00 5.000000e+00 4.997646e+00 0.000000e+00 
4.998646e+00 4.998646e+00 4.998646e+00 0.000000e+00 4.998646e+00 5.000000e+00 4.998646e+00 0.000000e+00 
4.999646e+00 4.999646e+00 4.999646e+00 0.000000e+00 4.999646e+00 5.000000e+00 4.999646e+00 0.000000e+00 
5.000646e+00 5.000646e+00 5.000646e+00 0.000000e+00 5.000646e+00 5.000000e+00 5.000646e+00 0.000000e+00 
5.001646e+00 5.001646e+00 5.001646e+00 0.000000e+00 5.001646e+00 5.000000e+00 5.001646e+00 0.000000e+00 
5.002646e+00 5.002646e+00 5.002646e+00 0.000000e+00 5.002646e+00 5.000000e+00 5.002646e+00 0.000000e+00 
5.003646e+00 5.003646e+00 5.003646e+00 0.000000e+00 5.003646e+00 5.000000e+00 5.003646e+00 0.000000e+00 
5.004646e+00 5.004646e+00 5.004646e+00 0.000000e+00 5.004646e+00 5.000000e+00 5.004646e+00 0.000000e+00 
5.005646e+00 5.005646e+00 5.005646e+00 0.000000e+00 5.005646e+00 5.000000e+00 5.005646e+00 0.000000e+00 
5.006646e+00 5.006646e+00 5.006646e+00 0.000000e+00 5.006646e+00 5.000000e+00 5.006646e+00 0.000000e+00 
5.007646e+00 5.007646e+00 5.007646e+00 0.000000e+00 5.007646e+00 5.000000e+00 5.007646e+00 0.000000e+00 
5.008646e+00 5.008646e+00 5.008646e+00 0.000000e+00 5.008646e+00 5.000000e+00 5.008646e+00 0.000000e+00 
5.009646e+00 5.009646e+00 5.009646e+00 0.000000e+00 5.009646e+00 5.000000e+00 5.009646e+00 0.000000e+00 
5.010646e+00 5.010646e+00 5.010646e+00 0.000000e+00 5.010646e+00 5.000000e+00 5.010646e+00 0.000000e+00 
5.011646e+00 5.011646e+00 5.011646e+00 0.000000e+00 5.011646e+00 5.000000e+00 5.011646e+00 0.000000e+00 
5.012646e+00 5.012646e+00 5.012646e+00 0.000000e+00 5.012646e+00 5.000000e+00 5.012646e+00 0.000000e+00 
5.013646e+00 5.013646e+00 5.013646e+00 0.000000e+00 5.013646e+00 5.000000e+00 5.013646e+00 0.000000e+00 
5.014646e+00 5.014646e+00 5.014646e+00 0.000000e+00 5.014646e+00 5.000000e+00 5.014646e+00 0.000000e+00 
5.015646e+00 5.015646e+00 5.015646e+00 0.000000e+00 5.015646e+00 5.000000e+00 5.015646e+00 0.000000e+00 
5.016646e+00 5.016646e+00 5.016646e+00 0.000000e+00 5.016646e+00 5.000000e+00 5.016646e+00 0.000000e+00 
5.017646e+00 5.017646e+00 5.017646e+00 0.000000e+00 5.017646e+00 5.000000e+00 5.017646e+00 0.000000e+00 
5.018646e+00 5.018646e+00 5.018646e+00 0.000000e+00 5.018646e+00 5.000000e+00 5.018646e+00 0.000000e+00 
5.019646e+00 5.019646e+00 5.019646e+00 0.000000e+00 5.019646e+00 5.000000e+00 5.019646e+00 0.000000e+00 
5.020646e+00 5.020646e+00 5.020646e+00 0.000000e+00 5.020646e+00 5.000000e+00 5.020646e+00 0.000000e+00 
5.021646e+00 5.021646e+00 5.021646e+00 0.000000e+00 5.021646e+00 5.000000e+00 5.021646e+00 0.000000e+00 
5.022646e+00 5.022646e+00 5.022646e+00 0.000000e+00 5.022646e+00 5.000000e+00 5.022646e+00 0.000000e+00 
5.023646e+00 5.023646e+00 5.023646e+00 0.000000e+00 5.023646e+00 5.000000e+00 5.023646e+00 0.000000e+00 
5.024646e+00 5.024646e+00 5.024646e+00 0.000000e+00 5.024646e+00 5.000000e+00 5.024646e+00 0.000000e+00 
5.025646e+00 5.025646e+00 5.025646e+00 0.000000e+00 5.025646e+00 5.000000e+00 5.025646e+00 0.000000e+00 
5.026646e+00 5.026646e+00 5.026646e+00 0.000000e+00 5.026646e+00 5.000000e+00 5.026646e+00 0.000000e+00 
5.027646e+00 5.027646e+00 5.027646e+00 0.000000e+00 5.027646e+00 5.000000e+00 5.027646e+00 0.000000e+00 
5.028646e+00 5.028646e+00 5.028646e+00 0.000000e+00 5.028646e+00 5.000000e+00 5.028646e+00 0.000000e+00 
5.029646e+00 5.029646e+00 5.029646e+00 0.000000e+00 5.029646e+00 5.000000e+00 5.029646e+00 0.000000e+00 
5.030646e+00 5.030646e+00 5.030646e+00 0.000000e+00 5.030646e+00 5.000000e+00 5.030646e+00 0.000000e+00 
5.031646e+00 5.031646e+00 5.031646e+00 0.000000e+00 5.031646e+00 5.000000e+00 5.031646e+00 0.000000e+00 
5.032646e+00 5.032646e+00 5.032646e+00 0.000000e+00 5.032646e+00 5.000000e+00 5.032646e+00 0.000000e+00 
5.033646e+00 5.033646e+00 5.033646e+00 0.000000e+00 5.033646e+00 5.000000e+00 5.033646e+00 0.000000e+00 
5.034646e+00 5.034646e+00 5.034646e+00 0.000000e+00 5.034646e+00 5.000000e+00 5.034646e+00 0.000000e+00 
5.035646e+00 5.035646e+00 5.035646e+00 0.000000e+00 5.035646e+00 5.000000e+00 5.035646e+00 0.000000e+00 
5.036646e+00 5.036646e+00 5.036646e+00 0.000000e+00 5.036646e+00 5.000000e+00 5.036646e+00 0.000000e+00 
5.037646e+00 5.037646e+00 5.037646e+00 0.000000e+00 5.037646e+00 5.000000e+00 5.037646e+00 0.000000e+00 
5.038646e+00 5.038646e+00 5.038646e+00 0.000000e+00 5.038646e+00 5.000000e+00 5.038646e+00 0.000000e+00 
5.039646e+00 5.039646e+00 5.039646e+00 0.000000e+00 5.039646e+00 5.000000e+00 5.039646e+00 0.000000e+00 
5.040646e+00 5.040646e+00 5.040646e+00 0.000000e+00 5.040646e+00 5.000000e+00 5.040646e+00 0.000000e+00 
5.041646e+00 5.041646e+00 5.041646e+00 0.000000e+00 5.041646e+00 5.000000e+00 5.041646e+00 0.000000e+00 
5.042646e+00 5.042646e+00 5.042646e+00 0.000000e+00 5.042646e+00 5.000000e+00 5.042646e+00 0.000000e+00 
5.043646e+00 5.043646e+00 5.043646e+00 0.000000e+00 5.043646e+00 5.000000e+00 5.043646e+00 0.000000e+00 
5.044646e+00 5.044646e+00 5.044646e+00 0.000000e+00 5.044646e+00 5.000000e+00 5.044646e+00 0.000000e+00 
5.045646e+00 5.045646e+00 5.045646e+00 0.000000e+00 5.045646e+00 5.000000e+00 5.045646e+00 0.000000e+00 
5.046646e+00 5.046646e+00 5.046646e+00 0.000000e+00 5.046646e+00 5.000000e+00 5.046646e+00 0.000000e+00 
5.047646e+00 5.047646e+00 5.047646e+00 0.000000e+00 5.047646e+00 5.000000e+00 5.047646e+00 0.000000e+00 
5.048646e+00 5.048646e+00 5.048646e+00 0.000000e+00 5.048646e+00 5.000000e+00 5.048646e+00 0.000000e+00 
5.049646e+00 5.049646e+00 5.049646e+00 0.000000e+00 5.049646e+00 5.000000e+00 5.049646e+00 0.000000e+00 
5.050646e+00 5.050646e+00 5.050646e+00 0.000000e+00 5.050646e+00 5.000000e+00 5.050646e+00 0.000000e+00 
5.051646e+00 5.051646e+00 5.051646e+00 0.000000e+00 5.051646e+00 5.000000e+00 5.051646e+00 0.000000e+00 
5.052646e+00 5.052646e+00 5.052646e+00 0.000000e+00 5.052646e+00 5.000000e+00 5.052646e+00 0.000000e+00 
5.053646e+00 5.053646e+00 5.053646e+00 0.000000e+00 5.053646e+00 5.000000e+00 5.053646e+00 0.000000e+00 
5.054646e+00 5.054646e+00 5.054646e+00 0.000000e+00 5.054646e+00 5.000000e+00 5.054646e+00 0.000000e+00 
5.055646e+00 5.055646e+00 5.055646e+00 0.000000e+00 5.055646e+00 5.000000e+00 5.055646e+00 0.000000e+00 
5.056646e+00 5.056646e+00 5.056646e+00 0.000000e+00 5.056646e+00 5.000000e+00 5.056646e+00 0.000000e+00 
5.057646e+00 5.057646e+00 5.057646e+00 0.000000e+00 5.057646e+00 5.000000e+00 5.057646e+00 0.000000e+00 
5.058646e+00 5.058646e+00 5.058646e+00 0.000000e+00 5.058646e+00 5.000000e+00 5.058646e+00 0.000000e+00 
5.059646e+00 5.059646e+00 5.059646e+00 0.000000e+00 5.059646e+00 5.000000e+00 5.059646e+00 0.000000e+00 
5.060646e+00 5.060646e+00 5.060646e+00 0.000000e+00 5.060646e+00 5.000000e+00 5.060646e+00 0.000000e+00 
5.061646e+00 5.061646e+00 5.061646e+00 0.000000e+00 5.061646e+00 5.000000e+00 5.061646e+00 0.000000e+00 
5.062646e+00 5.062646e+00 5.062646e+00 0.000000e+00 5.062646e+00 5.000000e+00 5.062646e+00 0.000000e+00 
5.063646e+00 5.063646e+00 5.063646e+00 0.000000e+00 5.063646e+00 5.000000e+00 5.063646e+00 0.000000e+00 
5.064646e+00 5.064646e+00 5.064646e+00 0.000000e+00 5.064646e+00 5.000000e+00 5.064646e+00 0.000000e+00 
5.065646e+00 5.065646e+00 5.065646e+00 0.000000e+00 5.065646e+00 5.000000e+00 5.065646e+00 0.000000e+00 
5.066646e+00 5.066646e+00 5.066646e+00 0.000000e+00 5.066646e+00 5.000000e+00 5.066646e+00 0.000000e+00 
5.067646e+00 5.067646e+00 5.067646e+00 0.000000e+00 5.067646e+00 5.000000e+00 5.067646e+00 0.000000e+00 
5.068646e+00 5.068646e+00 5.068646e+00 0.000000e+00 5.068646e+00 5.000000e+00 5.068646e+00 0.000000e+00 
5.069646e+00 5.069646e+00 5.069646e+00 0.000000e+00 5.069646e+00 5.000000e+00 5.069646e+00 0.000000e+00 
5.070646e+00 5.070646e+00 5.070646e+00 0.000000e+00 5.070646e+00 5.000000e+00 5.070646e+00 0.000000e+00 
5.071646e+00 5.071646e+00 5.071646e+00 0.000000e+00 5.071646e+00 5.000000e+00 5.071646e+00 0.000000e+00 
5.072646e+00 5.072646e+00 5.072646e+00 0.000000e+00 5.072646e+00 5.000000e+00 5.072646e+00 0.000000e+00 
5.073646e+00 5.073646e+00 5.073646e+00 0.000000e+00 5.073646e+00 5.000000e+00 5.073646e+00 0.000000e+00 
5.074646e+00 5.074646e+00 5.074646e+00 0.000000e+00 5.074646e+00 5.000000e+00 5.074646e+00 0.000000e+00 
5.075646e+00 5.075646e+00 5.075646e+00 0.000000e+00 5.075646e+00 5.000000e+00 5.075646e+00 0.000000e+00 
5.076646e+00 5.076646e+00 5.076646e+00 0.000000e+00 5.076646e+00 5.000000e+00 5.076646e+00 0.000000e+00 
5.077646e+00 5.077646e+00 5.077646e+00 0.000000e+00 5.077646e+00 5.000000e+00 5.077646e+00 0.000000e+00 
5.078646e+00 5.078646e+00 5.078646e+00 0.000000e+00 5.078646e+00 5.000000e+00 5.078646e+00 0.000000e+00 
5.079646e+00 5.079646e+00 5.079646e+00 0.000000e+00 5.079646e+00 5.000000e+00 5.079646e+00 0.000000e+00 
5.080646e+00 5.080646e+00 5.080646e+00 0.000000e+00 5.080646e+00 5.000000e+00 5.080646e+00 0.000000e+00 
5.081646e+00 5.081646e+00 5.081646e+00 0.000000e+00 5.081646e+00 5.000000e+00 5.081646e+00 0.000000e+00 
5.082646e+00 5.082646e+00 5.082646e+00 0.000000e+00 5.082646e+00 5.000000e+00 5.082646e+00 0.000000e+00 
5.083646e+00 5.083646e+00 5.083646e+00 0.000000e+00 5.083646e+00 5.000000e+00 5.083646e+00 0.000000e+00 
5.084646e+00 5.084646e+00 5.084646e+00 0.000000e+00 5.084646e+00 5.000000e+00 5.084646e+00 0.000000e+00 
5.085646e+00 5.085646e+00 5.085646e+00 0.000000e+00 5.085646e+00 5.000000e+00 5.085646e+00 0.000000e+00 
5.086646e+00 5.086646e+00 5.086646e+00 0.000000e+00 5.086646e+00 5.000000e+00 5.086646e+00 0.000000e+00 
5.087646e+00 5.087646e+00 5.087646e+00 0.000000e+00 5.087646e+00 5.000000e+00 5.087646e+00 0.000000e+00 
5.088646e+00 5.088646e+00 5.088646e+00 0.000000e+00 5.088646e+00 5.000000e+00 5.088646e+00 0.000000e+00 
5.089646e+00 5.089646e+00 5.089646e+00 0.000000e+00 5.089646e+00 5.000000e+00 5.089646e+00 0.000000e+00 
5.090646e+00 5.090646e+00 5.090646e+00 0.000000e+00 5.090646e+00 5.000000e+00 5.090646e+00 0.000000e+00 
5.091646e+00 5.091646e+00 5.091646e+00 0.000000e+00 5.091646e+00 5.000000e+00 5.091646e+00 0.000000e+00 
5.092646e+00 5.092646e+00 5.092646e+00 0.000000e+00 5.092646e+00 5.000000e+00 5.092646e+00 0.000000e+00 
5.093646e+00 5.093646e+00 5.093646e+00 0.000000e+00 5.093646e+00 5.000000e+00 5.093646e+00 0.000000e+00 
5.094646e+00 5.094646e+00 5.094646e+00 0.000000e+00 5.094646e+00 5.000000e+00 5.094646e+00 0.000000e+00 
5.095646e+00 5.095646e+00 5.095646e+00 0.000000e+00 5.095646e+00 5.000000e+00 5.095646e+00 0.000000e+00 
5.096646e+00 5.096646e+00 5.096646e+00 0.000000e+00 5.096646e+00 5.000000e+00 5.096646e+00 0.000000e+00 
5.097646e+00 5.097646e+00 5.097646e+00 0.000000e+00 5.097646e+00 5.000000e+00 5.097646e+00 0.000000e+00 
5.098646e+00 5.098646e+00 5.098646e+00 0.000000e+00 5.098646e+00 5.000000e+00 5.098646e+00 0.000000e+00 
5.099646e+00 5.099646e+00 5.099646e+00 0.000000e+00 5.099646e+00 5.000000e+00 5.099646e+00 0.000000e+00 
5.100646e+00 5.100646e+00 5.100646e+00 0.000000e+00 5.100646e+00 5.000000e+00 5.100646e+00 0.000000e+00 
5.101646e+00 5.101646e+00 5.101646e+00 0.000000e+00 5.101646e+00 5.000000e+00 5.101646e+00 0.000000e+00 
5.102646e+00 5.102646e+00 5.102646e+00 0.000000e+00 5.102646e+00 5.000000e+00 5.102646e+00 0.000000e+00 
5.103646e+00 5.103646e+00 5.103646e+00 0.000000e+00 5.103646e+00 5.000000e+00 5.103646e+00 0.000000e+00 
5.104646e+00 5.104646e+00 5.104646e+00 0.000000e+00 5.104646e+00 5.000000e+00 5.104646e+00 0.000000e+00 
5.105646e+00 5.105646e+00 5.105646e+00 0.000000e+00 5.105646e+00 5.000000e+00 5.105646e+00 0.000000e+00 
5.106646e+00 5.106646e+00 5.106646e+00 0.000000e+00 5.106646e+00 5.000000e+00 5.106646e+00 0.000000e+00 
5.107646e+00 5.107646e+00 5.107646e+00 0.000000e+00 5.107646e+00 5.000000e+00 5.107646e+00 0.000000e+00 
5.108646e+00 5.108646e+00 5.108646e+00 0.000000e+00 5.108646e+00 5.000000e+00 5.108646e+00 0.000000e+00 
5.109646e+00 5.109646e+00 5.109646e+00 0.000000e+00 5.109646e+00 5.000000e+00 5.109646e+00 0.000000e+00 
5.110646e+00 5.110646e+00 5.110646e+00 0.000000e+00 5.110646e+00 5.000000e+00 5.110646e+00 0.000000e+00 
5.111646e+00 5.111646e+00 5.111646e+00 0.000000e+00 5.111646e+00 5.000000e+00 5.111646e+00 0.000000e+00 
5.112646e+00 5.112646e+00 5.112646e+00 0.000000e+00 5.112646e+00 5.000000e+00 5.112646e+00 0.000000e+00 
5.113646e+00 5.113646e+00 5.113646e+00 0.000000e+00 5.113646e+00 5.000000e+00 5.113646e+00 0.000000e+00 
5.114646e+00 5.114646e+00 5.114646e+00 0.000000e+00 5.114646e+00 5.000000e+00 5.114646e+00 0.000000e+00 
5.115646e+00 5.115646e+00 5.115646e+00 0.000000e+00 5.115646e+00 5.000000e+00 5.115646e+00 0.000000e+00 
5.116646e+00 5.116646e+00 5.116646e+00 0.000000e+00 5.116646e+00 5.000000e+00 5.116646e+00 0.000000e+00 
5.117646e+00 5.117646e+00 5.117646e+00 0.000000e+00 5.117646e+00 5.000000e+00 5.117646e+00 0.000000e+00 
5.118646e+00 5.118646e+00 5.118646e+00 0.000000e+00 5.118646e+00 5.000000e+00 5.118646e+00 0.000000e+00 
5.119646e+00 5.119646e+00 5.119646e+00 0.000000e+00 5.119646e+00 5.000000e+00 5.119646e+00 0.000000e+00 
5.120646e+00 5.120646e+00 5.120646e+00 0.000000e+00 5.120646e+00 5.000000e+00 5.120646e+00 0.000000e+00 
5.121646e+00 5.121646e+00 5.121646e+00 0.000000e+00 5.121646e+00 5.000000e+00 5.121646e+00 0.000000e+00 
5.122646e+00 5.122646e+00 5.122646e+00 0.000000e+00 5.122646e+00 5.000000e+00 5.122646e+00 0.000000e+00 
5.123646e+00 5.123646e+00 5.123646e+00 0.000000e+00 5.123646e+00 5.000000e+00 5.123646e+00 0.000000e+00 
5.124646e+00 5.124646e+00 5.124646e+00 0.000000e+00 5.124646e+00 5.000000e+00 5.124646e+00 0.000000e+00 
5.125646e+00 5.125646e+00 5.125646e+00 0.000000e+00 5.125646e+00 5.000000e+00 5.125646e+00 0.000000e+00 
5.126646e+00 5.126646e+00 5.126646e+00 0.000000e+00 5.126646e+00 5.000000e+00 5.126646e+00 0.000000e+00 
5.127646e+00 5.127646e+00 5.127646e+00 0.000000e+00 5.127646e+00 5.000000e+00 5.127646e+00 0.000000e+00 
5.128646e+00 5.128646e+00 5.128646e+00 0.000000e+00 5.128646e+00 5.000000e+00 5.128646e+00 0.000000e+00 
5.129646e+00 5.129646e+00 5.129646e+00 0.000000e+00 5.129646e+00 5.000000e+00 5.129646e+00 0.000000e+00 
5.130646e+00 5.130646e+00 5.130646e+00 0.000000e+00 5.130646e+00 5.000000e+00 5.130646e+00 0.000000e+00 
5.131646e+00 5.131646e+00 5.131646e+00 0.000000e+00 5.131646e+00 5.000000e+00 5.131646e+00 0.000000e+00 
5.132646e+00 5.132646e+00 5.132646e+00 0.000000e+00 5.132646e+00 5.000000e+00 5.132646e+00 0.000000e+00 
5.133646e+00 5.133646e+00 5.133646e+00 0.000000e+00 5.133646e+00 5.000000e+00 5.133646e+00 0.000000e+00 
5.134646e+00 5.134646e+00 5.134646e+00 0.000000e+00 5.134646e+00 5.000000e+00 5.134646e+00 0.000000e+00 
5.135646e+00 5.135646e+00 5.135646e+00 0.000000e+00 5.135646e+00 5.000000e+00 5.135646e+00 0.000000e+00 
5.136646e+00 5.136646e+00 5.136646e+00 0.000000e+00 5.136646e+00 5.000000e+00 5.136646e+00 0.000000e+00 
5.137646e+00 5.137646e+00 5.137646e+00 0.000000e+00 5.137646e+00 5.000000e+00 5.137646e+00 0.000000e+00 
5.138646e+00 5.138646e+00 5.138646e+00 0.000000e+00 5.138646e+00 5.000000e+00 5.138646e+00 0.000000e+00 
5.139646e+00 5.139646e+00 5.139646e+00 0.000000e+00 5.139646e+00 5.000000e+00 5.139646e+00 0.000000e+00 
5.140646e+00 5.140646e+00 5.140646e+00 0.000000e+00 5.140646e+00 5.000000e+00 5.140646e+00 0.000000e+00 
5.141646e+00 5.141646e+00 5.141646e+00 0.000000e+00 5.141646e+00 5.000000e+00 5.141646e+00 0.000000e+00 
5.142646e+00 5.142646e+00 5.142646e+00 0.000000e+00 5.142646e+00 5.000000e+00 5.142646e+00 0.000000e+00 
5.143646e+00 5.143646e+00 5.143646e+00 0.000000e+00 5.143646e+00 5.000000e+00 5.143646e+00 0.000000e+00 
5.144646e+00 5.144646e+00 5.144646e+00 0.000000e+00 5.144646e+00 5.000000e+00 5.144646e+00 0.000000e+00 
5.145646e+00 5.145646e+00 5.145646e+00 0.000000e+00 5.145646e+00 5.000000e+00 5.145646e+00 0.000000e+00 
5.146646e+00 5.146646e+00 5.146646e+00 0.000000e+00 5.146646e+00 5.000000e+00 5.146646e+00 0.000000e+00 
5.147646e+00 5.147646e+00 5.147646e+00 0.000000e+00 5.147646e+00 5.000000e+00 5.147646e+00 0.000000e+00 
5.148646e+00 5.148646e+00 5.148646e+00 0.000000e+00 5.148646e+00 5.000000e+00 5.148646e+00 0.000000e+00 
5.149646e+00 5.149646e+00 5.149646e+00 0.000000e+00 5.149646e+00 5.000000e+00 5.149646e+00 0.000000e+00 
5.150646e+00 5.150646e+00 5.150646e+00 0.000000e+00 5.150646e+00 5.000000e+00 5.150646e+00 0.000000e+00 
5.151646e+00 5.151646e+00 5.151646e+00 0.000000e+00 5.151646e+00 5.000000e+00 5.151646e+00 0.000000e+00 
5.152646e+00 5.152646e+00 5.152646e+00 0.000000e+00 5.152646e+00 5.000000e+00 5.152646e+00 0.000000e+00 
5.153646e+00 5.153646e+00 5.153646e+00 0.000000e+00 5.153646e+00 5.000000e+00 5.153646e+00 0.000000e+00 
5.154646e+00 5.154646e+00 5.154646e+00 0.000000e+00 5.154646e+00 5.000000e+00 5.154646e+00 0.000000e+00 
5.155646e+00 5.155646e+00 5.155646e+00 0.000000e+00 5.155646e+00 5.000000e+00 5.155646e+00 0.000000e+00 
5.156646e+00 5.156646e+00 5.156646e+00 0.000000e+00 5.156646e+00 5.000000e+00 5.156646e+00 0.000000e+00 
5.157646e+00 5.157646e+00 5.157646e+00 0.000000e+00 5.157646e+00 5.000000e+00 5.157646e+00 0.000000e+00 
5.158646e+00 5.158646e+00 5.158646e+00 0.000000e+00 5.158646e+00 5.000000e+00 5.158646e+00 0.000000e+00 
5.159646e+00 5.159646e+00 5.159646e+00 0.000000e+00 5.159646e+00 5.000000e+00 5.159646e+00 0.000000e+00 
5.160646e+00 5.160646e+00 5.160646e+00 0.000000e+00 5.160646e+00 5.000000e+00 5.160646e+00 0.000000e+00 
5.161646e+00 5.161646e+00 5.161646e+00 0.000000e+00 5.161646e+00 5.000000e+00 5.161646e+00 0.000000e+00 
5.162646e+00 5.162646e+00 5.162646e+00 0.000000e+00 5.162646e+00 5.000000e+00 5.162646e+00 0.000000e+00 
5.163646e+00 5.163646e+00 5.163646e+00 0.000000e+00 5.163646e+00 5.000000e+00 5.163646e+00 0.000000e+00 
5.164646e+00 5.164646e+00 5.164646e+00 0.000000e+00 5.164646e+00 5.000000e+00 5.164646e+00 0.000000e+00 
5.165646e+00 5.165646e+00 5.165646e+00 0.000000e+00 5.165646e+00 5.000000e+00 5.165646e+00 0.000000e+00 
5.166646e+00 5.166646e+00 5.166646e+00 0.000000e+00 5.166646e+00 5.000000e+00 5.166646e+00 0.000000e+00 
5.167646e+00 5.167646e+00 5.167646e+00 0.000000e+00 5.167646e+00 5.000000e+00 5.167646e+00 0.000000e+00 
5.168646e+00 5.168646e+00 5.168646e+00 0.000000e+00 5.168646e+00 5.000000e+00 5.168646e+00 0.000000e+00 
5.169646e+00 5.169646e+00 5.169646e+00 0.000000e+00 5.169646e+00 5.000000e+00 5.169646e+00 0.000000e+00 
5.170646e+00 5.170646e+00 5.170646e+00 0.000000e+00 5.170646e+00 5.000000e+00 5.170646e+00 0.000000e+00 
5.171646e+00 5.171646e+00 5.171646e+00 0.000000e+00 5.171646e+00 5.000000e+00 5.171646e+00 0.000000e+00 
5.172646e+00 5.172646e+00 5.172646e+00 0.000000e+00 5.172646e+00 5.000000e+00 5.172646e+00 0.000000e+00 
5.173646e+00 5.173646e+00 5.173646e+00 0.000000e+00 5.173646e+00 5.000000e+00 5.173646e+00 0.000000e+00 
5.174646e+00 5.174646e+00 5.174646e+00 0.000000e+00 5.174646e+00 5.000000e+00 5.174646e+00 0.000000e+00 
5.175646e+00 5.175646e+00 5.175646e+00 0.000000e+00 5.175646e+00 5.000000e+00 5.175646e+00 0.000000e+00 
5.176646e+00 5.176646e+00 5.176646e+00 0.000000e+00 5.176646e+00 5.000000e+00 5.176646e+00 0.000000e+00 
5.177646e+00 5.177646e+00 5.177646e+00 0.000000e+00 5.177646e+00 5.000000e+00 5.177646e+00 0.000000e+00 
5.178646e+00 5.178646e+00 5.178646e+00 0.000000e+00 5.178646e+00 5.000000e+00 5.178646e+00 0.000000e+00 
5.179646e+00 5.179646e+00 5.179646e+00 0.000000e+00 5.179646e+00 5.000000e+00 5.179646e+00 0.000000e+00 
5.180646e+00 5.180646e+00 5.180646e+00 0.000000e+00 5.180646e+00 5.000000e+00 5.180646e+00 0.000000e+00 
5.181646e+00 5.181646e+00 5.181646e+00 0.000000e+00 5.181646e+00 5.000000e+00 5.181646e+00 0.000000e+00 
5.182646e+00 5.182646e+00 5.182646e+00 0.000000e+00 5.182646e+00 5.000000e+00 5.182646e+00 0.000000e+00 
5.183646e+00 5.183646e+00 5.183646e+00 0.000000e+00 5.183646e+00 5.000000e+00 5.183646e+00 0.000000e+00 
5.184646e+00 5.184646e+00 5.184646e+00 0.000000e+00 5.184646e+00 5.000000e+00 5.184646e+00 0.000000e+00 
5.185646e+00 5.185646e+00 5.185646e+00 0.000000e+00 5.185646e+00 5.000000e+00 5.185646e+00 0.000000e+00 
5.186646e+00 5.186646e+00 5.186646e+00 0.000000e+00 5.186646e+00 5.000000e+00 5.186646e+00 0.000000e+00 
5.187646e+00 5.187646e+00 5.187646e+00 0.000000e+00 5.187646e+00 5.000000e+00 5.187646e+00 0.000000e+00 
5.188646e+00 5.188646e+00 5.188646e+00 0.000000e+00 5.188646e+00 5.000000e+00 5.188646e+00 0.000000e+00 
5.189646e+00 5.189646e+00 5.189646e+00 0.000000e+00 5.189646e+00 5.000000e+00 5.189646e+00 0.000000e+00 
5.190646e+00 5.190646e+00 5.190646e+00 0.000000e+00 5.190646e+00 5.000000e+00 5.190646e+00 0.000000e+00 
5.191646e+00 5.191646e+00 5.191646e+00 0.000000e+00 5.191646e+00 5.000000e+00 5.191646e+00 0.000000e+00 
5.192646e+00 5.192646e+00 5.192646e+00 0.000000e+00 5.192646e+00 5.000000e+00 5.192646e+00 0.000000e+00 
5.193646e+00 5.193646e+00 5.193646e+00 0.000000e+00 5.193646e+00 5.000000e+00 5.193646e+00 0.000000e+00 
5.194646e+00 5.194646e+00 5.194646e+00 0.000000e+00 5.194646e+00 5.000000e+00 5.194646e+00 0.000000e+00 
5.195646e+00 5.195646e+00 5.195646e+00 0.000000e+00 5.195646e+00 5.000000e+00 5.195646e+00 0.000000e+00 
5.196646e+00 5.196646e+00 5.196646e+00 0.000000e+00 5.196646e+00 5.000000e+00 5.196646e+00 0.000000e+00 
5.197646e+00 5.197646e+00 5.197646e+00 0.000000e+00 5.197646e+00 5.000000e+00 5.197646e+00 0.000000e+00 
5.198646e+00 5.198646e+00 5.198646e+00 0.000000e+00 5.198646e+00 5.000000e+00 5.198646e+00 0.000000e+00 
5.199646e+00 5.199646e+00 5.199646e+00 0.000000e+00 5.199646e+00 5.000000e+00 5.199646e+00 0.000000e+00 
5.200646e+00 5.200646e+00 5.200646e+00 0.000000e+00 5.200646e+00 5.000000e+00 5.200646e+00 0.000000e+00 
5.201646e+00 5.201646e+00 5.201646e+00 0.000000e+00 5.201646e+00 5.000000e+00 5.201646e+00 0.000000e+00 
5.202646e+00 5.202646e+00 5.202646e+00 0.000000e+00 5.202646e+00 5.000000e+00 5.202646e+00 0.000000e+00 
5.203646e+00 5.203646e+00 5.203646e+00 0.000000e+00 5.203646e+00 5.000000e+00 5.203646e+00 0.000000e+00 
5.204646e+00 5.204646e+00 5.204646e+00 0.000000e+00 5.204646e+00 5.000000e+00 5.204646e+00 0.000000e+00 
5.205646e+00 5.205646e+00 5.205646e+00 0.000000e+00 5.205646e+00 5.000000e+00 5.205646e+00 0.000000e+00 
5.206646e+00 5.206646e+00 5.206646e+00 0.000000e+00 5.206646e+00 5.000000e+00 5.206646e+00 0.000000e+00 
5.207646e+00 5.207646e+00 5.207646e+00 0.000000e+00 5.207646e+00 5.000000e+00 5.207646e+00 0.000000e+00 
5.208646e+00 5.208646e+00 5.208646e+00 0.000000e+00 5.208646e+00 5.000000e+00 5.208646e+00 0.000000e+00 
5.209646e+00 5.209646e+00 5.209646e+00 0.000000e+00 5.209646e+00 5.000000e+00 5.209646e+00 0.000000e+00 
5.210646e+00 5.210646e+00 5.210646e+00 0.000000e+00 5.210646e+00 5.000000e+00 5.210646e+00 0.000000e+00 
5.211646e+00 5.211646e+00 5.211646e+00 0.000000e+00 5.211646e+00 5.000000e+00 5.211646e+00 0.000000e+00 
5.212646e+00 5.212646e+00 5.212646e+00 0.000000e+00 5.212646e+00 5.000000e+00 5.212646e+00 0.000000e+00 
5.213646e+00 5.213646e+00 5.213646e+00 0.000000e+00 5.213646e+00 5.000000e+00 5.213646e+00 0.000000e+00 
5.214646e+00 5.214646e+00 5.214646e+00 0.000000e+00 5.214646e+00 5.000000e+00 5.214646e+00 0.000000e+00 
5.215646e+00 5.215646e+00 5.215646e+00 0.000000e+00 5.215646e+00 5.000000e+00 5.215646e+00 0.000000e+00 
5.216646e+00 5.216646e+00 5.216646e+00 0.000000e+00 5.216646e+00 5.000000e+00 5.216646e+00 0.000000e+00 
5.217646e+00 5.217646e+00 5.217646e+00 0.000000e+00 5.217646e+00 5.000000e+00 5.217646e+00 0.000000e+00 
5.218646e+00 5.218646e+00 5.218646e+00 0.000000e+00 5.218646e+00 5.000000e+00 5.218646e+00 0.000000e+00 
5.219646e+00 5.219646e+00 5.219646e+00 0.000000e+00 5.219646e+00 5.000000e+00 5.219646e+00 0.000000e+00 
5.220646e+00 5.220646e+00 5.220646e+00 0.000000e+00 5.220646e+00 5.000000e+00 5.220646e+00 0.000000e+00 
5.221646e+00 5.221646e+00 5.221646e+00 0.000000e+00 5.221646e+00 5.000000e+00 5.221646e+00 0.000000e+00 
5.222646e+00 5.222646e+00 5.222646e+00 0.000000e+00 5.222646e+00 5.000000e+00 5.222646e+00 0.000000e+00 
5.223646e+00 5.223646e+00 5.223646e+00 0.000000e+00 5.223646e+00 5.000000e+00 5.223646e+00 0.000000e+00 
5.224646e+00 5.224646e+00 5.224646e+00 0.000000e+00 5.224646e+00 5.000000e+00 5.224646e+00 0.000000e+00 
5.225646e+00 5.225646e+00 5.225646e+00 0.000000e+00 5.225646e+00 5.000000e+00 5.225646e+00 0.000000e+00 
5.226646e+00 5.226646e+00 5.226646e+00 0.000000e+00 5.226646e+00 5.000000e+00 5.226646e+00 0.000000e+00 
5.227646e+00 5.227646e+00 5.227646e+00 0.000000e+00 5.227646e+00 5.000000e+00 5.227646e+00 0.000000e+00 
5.228646e+00 5.228646e+00 5.228646e+00 0.000000e+00 5.228646e+00 5.000000e+00 5.228646e+00 0.000000e+00 
5.229646e+00 5.229646e+00 5.229646e+00 0.000000e+00 5.229646e+00 5.000000e+00 5.229646e+00 0.000000e+00 
5.230646e+00 5.230646e+00 5.230646e+00 0.000000e+00 5.230646e+00 5.000000e+00 5.230646e+00 0.000000e+00 
5.231646e+00 5.231646e+00 5.231646e+00 0.000000e+00 5.231646e+00 5.000000e+00 5.231646e+00 0.000000e+00 
5.232646e+00 5.232646e+00 5.232646e+00 0.000000e+00 5.232646e+00 5.000000e+00 5.232646e+00 0.000000e+00 
5.233646e+00 5.233646e+00 5.233646e+00 0.000000e+00 5.233646e+00 5.000000e+00 5.233646e+00 0.000000e+00 
5.234646e+00 5.234646e+00 5.234646e+00 0.000000e+00 5.234646e+00 5.000000e+00 5.234646e+00 0.000000e+00 
5.235646e+00 5.235646e+00 5.235646e+00 0.000000e+00 5.235646e+00 5.000000e+00 5.235646e+00 0.000000e+00 
5.236646e+00 5.236646e+00 5.236646e+00 0.000000e+00 5.236646e+00 5.000000e+00 5.236646e+00 0.000000e+00 
5.237646e+00 5.237646e+00 5.237646e+00 0.000000e+00 5.237646e+00 5.000000e+00 5.237646e+00 0.000000e+00 
5.238646e+00 5.238646e+00 5.238646e+00 0.000000e+00 5.238646e+00 5.000000e+00 5.238646e+00 0.000000e+00 
5.239646e+00 5.239646e+00 5.239646e+00 0.000000e+00 5.239646e+00 5.000000e+00 5.239646e+00 0.000000e+00 
5.240646e+00 5.240646e+00 5.240646e+00 0.000000e+00 5.240646e+00 5.000000e+00 5.240646e+00 0.000000e+00 
5.241646e+00 5.241646e+00 5.241646e+00 0.000000e+00 5.241646e+00 5.000000e+00 5.241646e+00 0.000000e+00 
5.242646e+00 5.242646e+00 5.242646e+00 0.000000e+00 5.242646e+00 5.000000e+00 5.242646e+00 0.000000e+00 
5.243646e+00 5.243646e+00 5.243646e+00 0.000000e+00 5.243646e+00 5.000000e+00 5.243646e+00 0.000000e+00 
5.244646e+00 5.244646e+00 5.244646e+00 0.000000e+00 5.244646e+00 5.000000e+00 5.244646e+00 0.000000e+00 
5.245646e+00 5.245646e+00 5.245646e+00 0.000000e+00 5.245646e+00 5.000000e+00 5.245646e+00 0.000000e+00 
5.246646e+00 5.246646e+00 5.246646e+00 0.000000e+00 5.246646e+00 5.000000e+00 5.246646e+00 0.000000e+00 
5.247646e+00 5.247646e+00 5.247646e+00 0.000000e+00 5.247646e+00 5.000000e+00 5.247646e+00 0.000000e+00 
5.248646e+00 5.248646e+00 5.248646e+00 0.000000e+00 5.248646e+00 5.000000e+00 5.248646e+00 0.000000e+00 
5.249646e+00 5.249646e+00 5.249646e+00 0.000000e+00 5.249646e+00 5.000000e+00 5.249646e+00 0.000000e+00 
5.250646e+00 5.250646e+00 5.250646e+00 0.000000e+00 5.250646e+00 5.000000e+00 5.250646e+00 0.000000e+00 
5.251646e+00 5.251646e+00 5.251646e+00 0.000000e+00 5.251646e+00 5.000000e+00 5.251646e+00 0.000000e+00 
5.252646e+00 5.252646e+00 5.252646e+00 0.000000e+00 5.252646e+00 5.000000e+00 5.252646e+00 0.000000e+00 
5.253646e+00 5.253646e+00 5.253646e+00 0.000000e+00 5.253646e+00 5.000000e+00 5.253646e+00 0.000000e+00 
5.254646e+00 5.254646e+00 5.254646e+00 0.000000e+00 5.254646e+00 5.000000e+00 5.254646e+00 0.000000e+00 
5.255646e+00 5.255646e+00 5.255646e+00 0.000000e+00 5.255646e+00 5.000000e+00 5.255646e+00 0.000000e+00 
5.256646e+00 5.256646e+00 5.256646e+00 0.000000e+00 5.256646e+00 5.000000e+00 5.256646e+00 0.000000e+00 
5.257646e+00 5.257646e+00 5.257646e+00 0.000000e+00 5.257646e+00 5.000000e+00 5.257646e+00 0.000000e+00 
5.258646e+00 5.258646e+00 5.258646e+00 0.000000e+00 5.258646e+00 5.000000e+00 5.258646e+00 0.000000e+00 
5.259646e+00 5.259646e+00 5.259646e+00 0.000000e+00 5.259646e+00 5.000000e+00 5.259646e+00 0.000000e+00 
5.260646e+00 5.260646e+00 5.260646e+00 0.000000e+00 5.260646e+00 5.000000e+00 5.260646e+00 0.000000e+00 
5.261646e+00 5.261646e+00 5.261646e+00 0.000000e+00 5.261646e+00 5.000000e+00 5.261646e+00 0.000000e+00 
5.262646e+00 5.262646e+00 5.262646e+00 0.000000e+00 5.262646e+00 5.000000e+00 5.262646e+00 0.000000e+00 
5.263646e+00 5.263646e+00 5.263646e+00 0.000000e+00 5.263646e+00 5.000000e+00 5.263646e+00 0.000000e+00 
5.264646e+00 5.264646e+00 5.264646e+00 0.000000e+00 5.264646e+00 5.000000e+00 5.264646e+00 0.000000e+00 
5.265646e+00 5.265646e+00 5.265646e+00 0.000000e+00 5.265646e+00 5.000000e+00 5.265646e+00 0.000000e+00 
5.266646e+00 5.266646e+00 5.266646e+00 0.000000e+00 5.266646e+00 5.000000e+00 5.266646e+00 0.000000e+00 
5.267646e+00 5.267646e+00 5.267646e+00 0.000000e+00 5.267646e+00 5.000000e+00 5.267646e+00 0.000000e+00 
5.268646e+00 5.268646e+00 5.268646e+00 0.000000e+00 5.268646e+00 5.000000e+00 5.268646e+00 0.000000e+00 
5.269646e+00 5.269646e+00 5.269646e+00 0.000000e+00 5.269646e+00 5.000000e+00 5.269646e+00 0.000000e+00 
5.270646e+00 5.270646e+00 5.270646e+00 0.000000e+00 5.270646e+00 5.000000e+00 5.270646e+00 0.000000e+00 
5.271646e+00 5.271646e+00 5.271646e+00 0.000000e+00 5.271646e+00 5.000000e+00 5.271646e+00 0.000000e+00 
5.272646e+00 5.272646e+00 5.272646e+00 0.000000e+00 5.272646e+00 5.000000e+00 5.272646e+00 0.000000e+00 
5.273646e+00 5.273646e+00 5.273646e+00 0.000000e+00 5.273646e+00 5.000000e+00 5.273646e+00 0.000000e+00 
5.274646e+00 5.274646e+00 5.274646e+00 0.000000e+00 5.274646e+00 5.000000e+00 5.274646e+00 0.000000e+00 
5.275646e+00 5.275646e+00 5.275646e+00 0.000000e+00 5.275646e+00 5.000000e+00 5.275646e+00 0.000000e+00 
5.276646e+00 5.276646e+00 5.276646e+00 0.000000e+00 5.276646e+00 5.000000e+00 5.276646e+00 0.000000e+00 
5.277646e+00 5.277646e+00 5.277646e+00 0.000000e+00 5.277646e+00 5.000000e+00 5.277646e+00 0.000000e+00 
5.278646e+00 5.278646e+00 5.278646e+00 0.000000e+00 5.278646e+00 5.000000e+00 5.278646e+00 0.000000e+00 
5.279646e+00 5.279646e+00 5.279646e+00 0.000000e+00 5.279646e+00 5.000000e+00 5.279646e+00 0.000000e+00 
5.280646e+00 5.280646e+00 5.280646e+00 0.000000e+00 5.280646e+00 5.000000e+00 5.280646e+00 0.000000e+00 
5.281646e+00 5.281646e+00 5.281646e+00 0.000000e+00 5.281646e+00 5.000000e+00 5.281646e+00 0.000000e+00 
5.282646e+00 5.282646e+00 5.282646e+00 0.000000e+00 5.282646e+00 5.000000e+00 5.282646e+00 0.000000e+00 
5.283646e+00 5.283646e+00 5.283646e+00 0.000000e+00 5.283646e+00 5.000000e+00 5.283646e+00 0.000000e+00 
5.284646e+00 5.284646e+00 5.284646e+00 0.000000e+00 5.284646e+00 5.000000e+00 5.284646e+00 0.000000e+00 
5.285646e+00 5.285646e+00 5.285646e+00 0.000000e+00 5.285646e+00 5.000000e+00 5.285646e+00 0.000000e+00 
5.286646e+00 5.286646e+00 5.286646e+00 0.000000e+00 5.286646e+00 5.000000e+00 5.286646e+00 0.000000e+00 
5.287646e+00 5.287646e+00 5.287646e+00 0.000000e+00 5.287646e+00 5.000000e+00 5.287646e+00 0.000000e+00 
5.288646e+00 5.288646e+00 5.288646e+00 0.000000e+00 5.288646e+00 5.000000e+00 5.288646e+00 0.000000e+00 
5.289646e+00 5.289646e+00 5.289646e+00 0.000000e+00 5.289646e+00 5.000000e+00 5.289646e+00 0.000000e+00 
5.290646e+00 5.290646e+00 5.290646e+00 0.000000e+00 5.290646e+00 5.000000e+00 5.290646e+00 0.000000e+00 
5.291646e+00 5.291646e+00 5.291646e+00 0.000000e+00 5.291646e+00 5.000000e+00 5.291646e+00 0.000000e+00 
5.292646e+00 5.292646e+00 5.292646e+00 0.000000e+00 5.292646e+00 5.000000e+00 5.292646e+00 0.000000e+00 
5.293646e+00 5.293646e+00 5.293646e+00 0.000000e+00 5.293646e+00 5.000000e+00 5.293646e+00 0.000000e+00 
5.294646e+00 5.294646e+00 5.294646e+00 0.000000e+00 5.294646e+00 5.000000e+00 5.294646e+00 0.000000e+00 
5.295646e+00 5.295646e+00 5.295646e+00 0.000000e+00 5.295646e+00 5.000000e+00 5.295646e+00 0.000000e+00 
5.296646e+00 5.296646e+00 5.296646e+00 0.000000e+00 5.296646e+00 5.000000e+00 5.296646e+00 0.000000e+00 
5.297646e+00 5.297646e+00 5.297646e+00 0.000000e+00 5.297646e+00 5.000000e+00 5.297646e+00 0.000000e+00 
5.298646e+00 5.298646e+00 5.298646e+00 0.000000e+00 5.298646e+00 5.000000e+00 5.298646e+00 0.000000e+00 
5.299646e+00 5.299646e+00 5.299646e+00 0.000000e+00 5.299646e+00 5.000000e+00 5.299646e+00 0.000000e+00 
5.300646e+00 5.300646e+00 5.300646e+00 0.000000e+00 5.300646e+00 5.000000e+00 5.300646e+00 0.000000e+00 
5.301646e+00 5.301646e+00 5.301646e+00 0.000000e+00 5.301646e+00 5.000000e+00 5.301646e+00 0.000000e+00 
5.302646e+00 5.302646e+00 5.302646e+00 0.000000e+00 5.302646e+00 5.000000e+00 5.302646e+00 0.000000e+00 
5.303646e+00 5.303646e+00 5.303646e+00 0.000000e+00 5.303646e+00 5.000000e+00 5.303646e+00 0.000000e+00 
5.304646e+00 5.304646e+00 5.304646e+00 0.000000e+00 5.304646e+00 5.000000e+00 5.304646e+00 0.000000e+00 
5.305646e+00 5.305646e+00 5.305646e+00 0.000000e+00 5.305646e+00 5.000000e+00 5.305646e+00 0.000000e+00 
5.306646e+00 5.306646e+00 5.306646e+00 0.000000e+00 5.306646e+00 5.000000e+00 5.306646e+00 0.000000e+00 
5.307646e+00 5.307646e+00 5.307646e+00 0.000000e+00 5.307646e+00 5.000000e+00 5.307646e+00 0.000000e+00 
5.308646e+00 5.308646e+00 5.308646e+00 0.000000e+00 5.308646e+00 5.000000e+00 5.308646e+00 0.000000e+00 
5.309646e+00 5.309646e+00 5.309646e+00 0.000000e+00 5.309646e+00 5.000000e+00 5.309646e+00 0.000000e+00 
5.310646e+00 5.310646e+00 5.310646e+00 0.000000e+00 5.310646e+00 5.000000e+00 5.310646e+00 0.000000e+00 
5.311646e+00 5.311646e+00 5.311646e+00 0.000000e+00 5.311646e+00 5.000000e+00 5.311646e+00 0.000000e+00 
5.312646e+00 5.312646e+00 5.312646e+00 0.000000e+00 5.312646e+00 5.000000e+00 5.312646e+00 0.000000e+00 
5.313646e+00 5.313646e+00 5.313646e+00 0.000000e+00 5.313646e+00 5.000000e+00 5.313646e+00 0.000000e+00 
5.314646e+00 5.314646e+00 5.314646e+00 0.000000e+00 5.314646e+00 5.000000e+00 5.314646e+00 0.000000e+00 
5.315646e+00 5.315646e+00 5.315646e+00 0.000000e+00 5.315646e+00 5.000000e+00 5.315646e+00 0.000000e+00 
5.316646e+00 5.316646e+00 5.316646e+00 0.000000e+00 5.316646e+00 5.000000e+00 5.316646e+00 0.000000e+00 
5.317646e+00 5.317646e+00 5.317646e+00 0.000000e+00 5.317646e+00 5.000000e+00 5.317646e+00 0.000000e+00 
5.318646e+00 5.318646e+00 5.318646e+00 0.000000e+00 5.318646e+00 5.000000e+00 5.318646e+00 0.000000e+00 
5.319646e+00 5.319646e+00 5.319646e+00 0.000000e+00 5.319646e+00 5.000000e+00 5.319646e+00 0.000000e+00 
5.320646e+00 5.320646e+00 5.320646e+00 0.000000e+00 5.320646e+00 5.000000e+00 5.320646e+00 0.000000e+00 
5.321646e+00 5.321646e+00 5.321646e+00 0.000000e+00 5.321646e+00 5.000000e+00 5.321646e+00 0.000000e+00 
5.322646e+00 5.322646e+00 5.322646e+00 0.000000e+00 5.322646e+00 5.000000e+00 5.322646e+00 0.000000e+00 
5.323646e+00 5.323646e+00 5.323646e+00 0.000000e+00 5.323646e+00 5.000000e+00 5.323646e+00 0.000000e+00 
5.324646e+00 5.324646e+00 5.324646e+00 0.000000e+00 5.324646e+00 5.000000e+00 5.324646e+00 0.000000e+00 
5.325646e+00 5.325646e+00 5.325646e+00 0.000000e+00 5.325646e+00 5.000000e+00 5.325646e+00 0.000000e+00 
5.326646e+00 5.326646e+00 5.326646e+00 0.000000e+00 5.326646e+00 5.000000e+00 5.326646e+00 0.000000e+00 
5.327646e+00 5.327646e+00 5.327646e+00 0.000000e+00 5.327646e+00 5.000000e+00 5.327646e+00 0.000000e+00 
5.328646e+00 5.328646e+00 5.328646e+00 0.000000e+00 5.328646e+00 5.000000e+00 5.328646e+00 0.000000e+00 
5.329646e+00 5.329646e+00 5.329646e+00 0.000000e+00 5.329646e+00 5.000000e+00 5.329646e+00 0.000000e+00 
5.330646e+00 5.330646e+00 5.330646e+00 0.000000e+00 5.330646e+00 5.000000e+00 5.330646e+00 0.000000e+00 
5.331646e+00 5.331646e+00 5.331646e+00 0.000000e+00 5.331646e+00 5.000000e+00 5.331646e+00 0.000000e+00 
5.332646e+00 5.332646e+00 5.332646e+00 0.000000e+00 5.332646e+00 5.000000e+00 5.332646e+00 0.000000e+00 
5.333646e+00 5.333646e+00 5.333646e+00 0.000000e+00 5.333646e+00 5.000000e+00 5.333646e+00 0.000000e+00 
5.334646e+00 5.334646e+00 5.334646e+00 0.000000e+00 5.334646e+00 5.000000e+00 5.334646e+00 0.000000e+00 
5.335646e+00 5.335646e+00 5.335646e+00 0.000000e+00 5.335646e+00 5.000000e+00 5.335646e+00 0.000000e+00 
5.336646e+00 5.336646e+00 5.336646e+00 0.000000e+00 5.336646e+00 5.000000e+00 5.336646e+00 0.000000e+00 
5.337646e+00 5.337646e+00 5.337646e+00 0.000000e+00 5.337646e+00 5.000000e+00 5.337646e+00 0.000000e+00 
5.338646e+00 5.338646e+00 5.338646e+00 0.000000e+00 5.338646e+00 5.000000e+00 5.338646e+00 0.000000e+00 
5.339646e+00 5.339646e+00 5.339646e+00 0.000000e+00 5.339646e+00 5.000000e+00 5.339646e+00 0.000000e+00 
5.340646e+00 5.340646e+00 5.340646e+00 0.000000e+00 5.340646e+00 5.000000e+00 5.340646e+00 0.000000e+00 
5.341646e+00 5.341646e+00 5.341646e+00 0.000000e+00 5.341646e+00 5.000000e+00 5.341646e+00 0.000000e+00 
5.342646e+00 5.342646e+00 5.342646e+00 0.000000e+00 5.342646e+00 5.000000e+00 5.342646e+00 0.000000e+00 
5.343646e+00 5.343646e+00 5.343646e+00 0.000000e+00 5.343646e+00 5.000000e+00 5.343646e+00 0.000000e+00 
5.344646e+00 5.344646e+00 5.344646e+00 0.000000e+00 5.344646e+00 5.000000e+00 5.344646e+00 0.000000e+00 
5.345646e+00 5.345646e+00 5.345646e+00 0.000000e+00 5.345646e+00 5.000000e+00 5.345646e+00 0.000000e+00 
5.346646e+00 5.346646e+00 5.346646e+00 0.000000e+00 5.346646e+00 5.000000e+00 5.346646e+00 0.000000e+00 
5.347646e+00 5.347646e+00 5.347646e+00 0.000000e+00 5.347646e+00 5.000000e+00 5.347646e+00 0.000000e+00 
5.348646e+00 5.348646e+00 5.348646e+00 0.000000e+00 5.348646e+00 5.000000e+00 5.348646e+00 0.000000e+00 
5.349646e+00 5.349646e+00 5.349646e+00 0.000000e+00 5.349646e+00 5.000000e+00 5.349646e+00 0.000000e+00 
5.350646e+00 5.350646e+00 5.350646e+00 0.000000e+00 5.350646e+00 5.000000e+00 5.350646e+00 0.000000e+00 
5.351646e+00 5.351646e+00 5.351646e+00 0.000000e+00 5.351646e+00 5.000000e+00 5.351646e+00 0.000000e+00 
5.352646e+00 5.352646e+00 5.352646e+00 0.000000e+00 5.352646e+00 5.000000e+00 5.352646e+00 0.000000e+00 
5.353646e+00 5.353646e+00 5.353646e+00 0.000000e+00 5.353646e+00 5.000000e+00 5.353646e+00 0.000000e+00 
5.354646e+00 5.354646e+00 5.354646e+00 0.000000e+00 5.354646e+00 5.000000e+00 5.354646e+00 0.000000e+00 
5.355646e+00 5.355646e+00 5.355646e+00 0.000000e+00 5.355646e+00 5.000000e+00 5.355646e+00 0.000000e+00 
5.356646e+00 5.356646e+00 5.356646e+00 0.000000e+00 5.356646e+00 5.000000e+00 5.356646e+00 0.000000e+00 
5.357646e+00 5.357646e+00 5.357646e+00 0.000000e+00 5.357646e+00 5.000000e+00 5.357646e+00 0.000000e+00 
5.358646e+00 5.358646e+00 5.358646e+00 0.000000e+00 5.358646e+00 5.000000e+00 5.358646e+00 0.000000e+00 
5.359646e+00 5.359646e+00 5.359646e+00 0.000000e+00 5.359646e+00 5.000000e+00 5.359646e+00 0.000000e+00 
5.360646e+00 5.360646e+00 5.360646e+00 0.000000e+00 5.360646e+00 5.000000e+00 5.360646e+00 0.000000e+00 
5.361646e+00 5.361646e+00 5.361646e+00 0.000000e+00 5.361646e+00 5.000000e+00 5.361646e+00 0.000000e+00 
5.362646e+00 5.362646e+00 5.362646e+00 0.000000e+00 5.362646e+00 5.000000e+00 5.362646e+00 0.000000e+00 
5.363646e+00 5.363646e+00 5.363646e+00 0.000000e+00 5.363646e+00 5.000000e+00 5.363646e+00 0.000000e+00 
5.364646e+00 5.364646e+00 5.364646e+00 0.000000e+00 5.364646e+00 5.000000e+00 5.364646e+00 0.000000e+00 
5.365646e+00 5.365646e+00 5.365646e+00 0.000000e+00 5.365646e+00 5.000000e+00 5.365646e+00 0.000000e+00 
5.366646e+00 5.366646e+00 5.366646e+00 0.000000e+00 5.366646e+00 5.000000e+00 5.366646e+00 0.000000e+00 
5.367646e+00 5.367646e+00 5.367646e+00 0.000000e+00 5.367646e+00 5.000000e+00 5.367646e+00 0.000000e+00 
5.368646e+00 5.368646e+00 5.368646e+00 0.000000e+00 5.368646e+00 5.000000e+00 5.368646e+00 0.000000e+00 
5.369646e+00 5.369646e+00 5.369646e+00 0.000000e+00 5.369646e+00 5.000000e+00 5.369646e+00 0.000000e+00 
5.370646e+00 5.370646e+00 5.370646e+00 0.000000e+00 5.370646e+00 5.000000e+00 5.370646e+00 0.000000e+00 
5.371646e+00 5.371646e+00 5.371646e+00 0.000000e+00 5.371646e+00 5.000000e+00 5.371646e+00 0.000000e+00 
5.372646e+00 5.372646e+00 5.372646e+00 0.000000e+00 5.372646e+00 5.000000e+00 5.372646e+00 0.000000e+00 
5.373646e+00 5.373646e+00 5.373646e+00 0.000000e+00 5.373646e+00 5.000000e+00 5.373646e+00 0.000000e+00 
5.374646e+00 5.374646e+00 5.374646e+00 0.000000e+00 5.374646e+00 5.000000e+00 5.374646e+00 0.000000e+00 
5.375646e+00 5.375646e+00 5.375646e+00 0.000000e+00 5.375646e+00 5.000000e+00 5.375646e+00 0.000000e+00 
5.376646e+00 5.376646e+00 5.376646e+00 0.000000e+00 5.376646e+00 5.000000e+00 5.376646e+00 0.000000e+00 
5.377646e+00 5.377646e+00 5.377646e+00 0.000000e+00 5.377646e+00 5.000000e+00 5.377646e+00 0.000000e+00 
5.378646e+00 5.378646e+00 5.378646e+00 0.000000e+00 5.378646e+00 5.000000e+00 5.378646e+00 0.000000e+00 
5.379646e+00 5.379646e+00 5.379646e+00 0.000000e+00 5.379646e+00 5.000000e+00 5.379646e+00 0.000000e+00 
5.380646e+00 5.380646e+00 5.380646e+00 0.000000e+00 5.380646e+00 5.000000e+00 5.380646e+00 0.000000e+00 
5.381646e+00 5.381646e+00 5.381646e+00 0.000000e+00 5.381646e+00 5.000000e+00 5.381646e+00 0.000000e+00 
5.382646e+00 5.382646e+00 5.382646e+00 0.000000e+00 5.382646e+00 5.000000e+00 5.382646e+00 0.000000e+00 
5.383646e+00 5.383646e+00 5.383646e+00 0.000000e+00 5.383646e+00 5.000000e+00 5.383646e+00 0.000000e+00 
5.384646e+00 5.384646e+00 5.384646e+00 0.000000e+00 5.384646e+00 5.000000e+00 5.384646e+00 0.000000e+00 
5.385646e+00 5.385646e+00 5.385646e+00 0.000000e+00 5.385646e+00 5.000000e+00 5.385646e+00 0.000000e+00 
5.386646e+00 5.386646e+00 5.386646e+00 0.000000e+00 5.386646e+00 5.000000e+00 5.386646e+00 0.000000e+00 
5.387646e+00 5.387646e+00 5.387646e+00 0.000000e+00 5.387646e+00 5.000000e+00 5.387646e+00 0.000000e+00 
5.388646e+00 5.388646e+00 5.388646e+00 0.000000e+00 5.388646e+00 5.000000e+00 5.388646e+00 0.000000e+00 
5.389646e+00 5.389646e+00 5.389646e+00 0.000000e+00 5.389646e+00 5.000000e+00 5.389646e+00 0.000000e+00 
5.390646e+00 5.390646e+00 5.390646e+00 0.000000e+00 5.390646e+00 5.000000e+00 5.390646e+00 0.000000e+00 
5.391646e+00 5.391646e+00 5.391646e+00 0.000000e+00 5.391646e+00 5.000000e+00 5.391646e+00 0.000000e+00 
5.392646e+00 5.392646e+00 5.392646e+00 0.000000e+00 5.392646e+00 5.000000e+00 5.392646e+00 0.000000e+00 
5.393646e+00 5.393646e+00 5.393646e+00 0.000000e+00 5.393646e+00 5.000000e+00 5.393646e+00 0.000000e+00 
5.394646e+00 5.394646e+00 5.394646e+00 0.000000e+00 5.394646e+00 5.000000e+00 5.394646e+00 0.000000e+00 
5.395646e+00 5.395646e+00 5.395646e+00 0.000000e+00 5.395646e+00 5.000000e+00 5.395646e+00 0.000000e+00 
5.396646e+00 5.396646e+00 5.396646e+00 0.000000e+00 5.396646e+00 5.000000e+00 5.396646e+00 0.000000e+00 
5.397646e+00 5.397646e+00 5.397646e+00 0.000000e+00 5.397646e+00 5.000000e+00 5.397646e+00 0.000000e+00 
5.398646e+00 5.398646e+00 5.398646e+00 0.000000e+00 5.398646e+00 5.000000e+00 5.398646e+00 0.000000e+00 
5.399646e+00 5.399646e+00 5.399646e+00 0.000000e+00 5.399646e+00 5.000000e+00 5.399646e+00 0.000000e+00 
5.400646e+00 5.400646e+00 5.400646e+00 0.000000e+00 5.400646e+00 5.000000e+00 5.400646e+00 0.000000e+00 
5.401646e+00 5.401646e+00 5.401646e+00 0.000000e+00 5.401646e+00 5.000000e+00 5.401646e+00 0.000000e+00 
5.402646e+00 5.402646e+00 5.402646e+00 0.000000e+00 5.402646e+00 5.000000e+00 5.402646e+00 0.000000e+00 
5.403646e+00 5.403646e+00 5.403646e+00 0.000000e+00 5.403646e+00 5.000000e+00 5.403646e+00 0.000000e+00 
5.404646e+00 5.404646e+00 5.404646e+00 0.000000e+00 5.404646e+00 5.000000e+00 5.404646e+00 0.000000e+00 
5.405646e+00 5.405646e+00 5.405646e+00 0.000000e+00 5.405646e+00 5.000000e+00 5.405646e+00 0.000000e+00 
5.406646e+00 5.406646e+00 5.406646e+00 0.000000e+00 5.406646e+00 5.000000e+00 5.406646e+00 0.000000e+00 
5.407646e+00 5.407646e+00 5.407646e+00 0.000000e+00 5.407646e+00 5.000000e+00 5.407646e+00 0.000000e+00 
5.408646e+00 5.408646e+00 5.408646e+00 0.000000e+00 5.408646e+00 5.000000e+00 5.408646e+00 0.000000e+00 
5.409646e+00 5.409646e+00 5.409646e+00 0.000000e+00 5.409646e+00 5.000000e+00 5.409646e+00 0.000000e+00 
5.410646e+00 5.410646e+00 5.410646e+00 0.000000e+00 5.410646e+00 5.000000e+00 5.410646e+00 0.000000e+00 
5.411646e+00 5.411646e+00 5.411646e+00 0.000000e+00 5.411646e+00 5.000000e+00 5.411646e+00 0.000000e+00 
5.412646e+00 5.412646e+00 5.412646e+00 0.000000e+00 5.412646e+00 5.000000e+00 5.412646e+00 0.000000e+00 
5.413646e+00 5.413646e+00 5.413646e+00 0.000000e+00 5.413646e+00 5.000000e+00 5.413646e+00 0.000000e+00 
5.414646e+00 5.414646e+00 5.414646e+00 0.000000e+00 5.414646e+00 5.000000e+00 5.414646e+00 0.000000e+00 
5.415646e+00 5.415646e+00 5.415646e+00 0.000000e+00 5.415646e+00 5.000000e+00 5.415646e+00 0.000000e+00 
5.416646e+00 5.416646e+00 5.416646e+00 0.000000e+00 5.416646e+00 5.000000e+00 5.416646e+00 0.000000e+00 
5.417646e+00 5.417646e+00 5.417646e+00 0.000000e+00 5.417646e+00 5.000000e+00 5.417646e+00 0.000000e+00 
5.418646e+00 5.418646e+00 5.418646e+00 0.000000e+00 5.418646e+00 5.000000e+00 5.418646e+00 0.000000e+00 
5.419646e+00 5.419646e+00 5.419646e+00 0.000000e+00 5.419646e+00 5.000000e+00 5.419646e+00 0.000000e+00 
5.420646e+00 5.420646e+00 5.420646e+00 0.000000e+00 5.420646e+00 5.000000e+00 5.420646e+00 0.000000e+00 
5.421646e+00 5.421646e+00 5.421646e+00 0.000000e+00 5.421646e+00 5.000000e+00 5.421646e+00 0.000000e+00 
5.422646e+00 5.422646e+00 5.422646e+00 0.000000e+00 5.422646e+00 5.000000e+00 5.422646e+00 0.000000e+00 
5.423646e+00 5.423646e+00 5.423646e+00 0.000000e+00 5.423646e+00 5.000000e+00 5.423646e+00 0.000000e+00 
5.424646e+00 5.424646e+00 5.424646e+00 0.000000e+00 5.424646e+00 5.000000e+00 5.424646e+00 0.000000e+00 
5.425646e+00 5.425646e+00 5.425646e+00 0.000000e+00 5.425646e+00 5.000000e+00 5.425646e+00 0.000000e+00 
5.426646e+00 5.426646e+00 5.426646e+00 0.000000e+00 5.426646e+00 5.000000e+00 5.426646e+00 0.000000e+00 
5.427646e+00 5.427646e+00 5.427646e+00 0.000000e+00 5.427646e+00 5.000000e+00 5.427646e+00 0.000000e+00 
5.428646e+00 5.428646e+00 5.428646e+00 0.000000e+00 5.428646e+00 5.000000e+00 5.428646e+00 0.000000e+00 
5.429646e+00 5.429646e+00 5.429646e+00 0.000000e+00 5.429646e+00 5.000000e+00 5.429646e+00 0.000000e+00 
5.430646e+00 5.430646e+00 5.430646e+00 0.000000e+00 5.430646e+00 5.000000e+00 5.430646e+00 0.000000e+00 
5.431646e+00 5.431646e+00 5.431646e+00 0.000000e+00 5.431646e+00 5.000000e+00 5.431646e+00 0.000000e+00 
5.432646e+00 5.432646e+00 5.432646e+00 0.000000e+00 5.432646e+00 5.000000e+00 5.432646e+00 0.000000e+00 
5.433646e+00 5.433646e+00 5.433646e+00 0.000000e+00 5.433646e+00 5.000000e+00 5.433646e+00 0.000000e+00 
5.434646e+00 5.434646e+00 5.434646e+00 0.000000e+00 5.434646e+00 5.000000e+00 5.434646e+00 0.000000e+00 
5.435646e+00 5.435646e+00 5.435646e+00 0.000000e+00 5.435646e+00 5.000000e+00 5.435646e+00 0.000000e+00 
5.436646e+00 5.436646e+00 5.436646e+00 0.000000e+00 5.436646e+00 5.000000e+00 5.436646e+00 0.000000e+00 
5.437646e+00 5.437646e+00 5.437646e+00 0.000000e+00 5.437646e+00 5.000000e+00 5.437646e+00 0.000000e+00 
5.438646e+00 5.438646e+00 5.438646e+00 0.000000e+00 5.438646e+00 5.000000e+00 5.438646e+00 0.000000e+00 
5.439646e+00 5.439646e+00 5.439646e+00 0.000000e+00 5.439646e+00 5.000000e+00 5.439646e+00 0.000000e+00 
5.440646e+00 5.440646e+00 5.440646e+00 0.000000e+00 5.440646e+00 5.000000e+00 5.440646e+00 0.000000e+00 
5.441646e+00 5.441646e+00 5.441646e+00 0.000000e+00 5.441646e+00 5.000000e+00 5.441646e+00 0.000000e+00 
5.442646e+00 5.442646e+00 5.442646e+00 0.000000e+00 5.442646e+00 5.000000e+00 5.442646e+00 0.000000e+00 
5.443646e+00 5.443646e+00 5.443646e+00 0.000000e+00 5.443646e+00 5.000000e+00 5.443646e+00 0.000000e+00 
5.444646e+00 5.444646e+00 5.444646e+00 0.000000e+00 5.444646e+00 5.000000e+00 5.444646e+00 0.000000e+00 
5.445646e+00 5.445646e+00 5.445646e+00 0.000000e+00 5.445646e+00 5.000000e+00 5.445646e+00 0.000000e+00 
5.446646e+00 5.446646e+00 5.446646e+00 0.000000e+00 5.446646e+00 5.000000e+00 5.446646e+00 0.000000e+00 
5.447646e+00 5.447646e+00 5.447646e+00 0.000000e+00 5.447646e+00 5.000000e+00 5.447646e+00 0.000000e+00 
5.448646e+00 5.448646e+00 5.448646e+00 0.000000e+00 5.448646e+00 5.000000e+00 5.448646e+00 0.000000e+00 
5.449646e+00 5.449646e+00 5.449646e+00 0.000000e+00 5.449646e+00 5.000000e+00 5.449646e+00 0.000000e+00 
5.450646e+00 5.450646e+00 5.450646e+00 0.000000e+00 5.450646e+00 5.000000e+00 5.450646e+00 0.000000e+00 
5.451646e+00 5.451646e+00 5.451646e+00 0.000000e+00 5.451646e+00 5.000000e+00 5.451646e+00 0.000000e+00 
5.452646e+00 5.452646e+00 5.452646e+00 0.000000e+00 5.452646e+00 5.000000e+00 5.452646e+00 0.000000e+00 
5.453646e+00 5.453646e+00 5.453646e+00 0.000000e+00 5.453646e+00 5.000000e+00 5.453646e+00 0.000000e+00 
5.454646e+00 5.454646e+00 5.454646e+00 0.000000e+00 5.454646e+00 5.000000e+00 5.454646e+00 0.000000e+00 
5.455646e+00 5.455646e+00 5.455646e+00 0.000000e+00 5.455646e+00 5.000000e+00 5.455646e+00 0.000000e+00 
5.456646e+00 5.456646e+00 5.456646e+00 0.000000e+00 5.456646e+00 5.000000e+00 5.456646e+00 0.000000e+00 
5.457646e+00 5.457646e+00 5.457646e+00 0.000000e+00 5.457646e+00 5.000000e+00 5.457646e+00 0.000000e+00 
5.458646e+00 5.458646e+00 5.458646e+00 0.000000e+00 5.458646e+00 5.000000e+00 5.458646e+00 0.000000e+00 
5.459646e+00 5.459646e+00 5.459646e+00 0.000000e+00 5.459646e+00 5.000000e+00 5.459646e+00 0.000000e+00 
5.460646e+00 5.460646e+00 5.460646e+00 0.000000e+00 5.460646e+00 5.000000e+00 5.460646e+00 0.000000e+00 
5.461646e+00 5.461646e+00 5.461646e+00 0.000000e+00 5.461646e+00 5.000000e+00 5.461646e+00 0.000000e+00 
5.462646e+00 5.462646e+00 5.462646e+00 0.000000e+00 5.462646e+00 5.000000e+00 5.462646e+00 0.000000e+00 
5.463646e+00 5.463646e+00 5.463646e+00 0.000000e+00 5.463646e+00 5.000000e+00 5.463646e+00 0.000000e+00 
5.464646e+00 5.464646e+00 5.464646e+00 0.000000e+00 5.464646e+00 5.000000e+00 5.464646e+00 0.000000e+00 
5.465646e+00 5.465646e+00 5.465646e+00 0.000000e+00 5.465646e+00 5.000000e+00 5.465646e+00 0.000000e+00 
5.466646e+00 5.466646e+00 5.466646e+00 0.000000e+00 5.466646e+00 5.000000e+00 5.466646e+00 0.000000e+00 
5.467646e+00 5.467646e+00 5.467646e+00 0.000000e+00 5.467646e+00 5.000000e+00 5.467646e+00 0.000000e+00 
5.468646e+00 5.468646e+00 5.468646e+00 0.000000e+00 5.468646e+00 5.000000e+00 5.468646e+00 0.000000e+00 
5.469646e+00 5.469646e+00 5.469646e+00 0.000000e+00 5.469646e+00 5.000000e+00 5.469646e+00 0.000000e+00 
5.470646e+00 5.470646e+00 5.470646e+00 0.000000e+00 5.470646e+00 5.000000e+00 5.470646e+00 0.000000e+00 
5.471646e+00 5.471646e+00 5.471646e+00 0.000000e+00 5.471646e+00 5.000000e+00 5.471646e+00 0.000000e+00 
5.472646e+00 5.472646e+00 5.472646e+00 0.000000e+00 5.472646e+00 5.000000e+00 5.472646e+00 0.000000e+00 
5.473646e+00 5.473646e+00 5.473646e+00 0.000000e+00 5.473646e+00 5.000000e+00 5.473646e+00 0.000000e+00 
5.474646e+00 5.474646e+00 5.474646e+00 0.000000e+00 5.474646e+00 5.000000e+00 5.474646e+00 0.000000e+00 
5.475646e+00 5.475646e+00 5.475646e+00 0.000000e+00 5.475646e+00 5.000000e+00 5.475646e+00 0.000000e+00 
5.476646e+00 5.476646e+00 5.476646e+00 0.000000e+00 5.476646e+00 5.000000e+00 5.476646e+00 0.000000e+00 
5.477646e+00 5.477646e+00 5.477646e+00 0.000000e+00 5.477646e+00 5.000000e+00 5.477646e+00 0.000000e+00 
5.478646e+00 5.478646e+00 5.478646e+00 0.000000e+00 5.478646e+00 5.000000e+00 5.478646e+00 0.000000e+00 
5.479646e+00 5.479646e+00 5.479646e+00 0.000000e+00 5.479646e+00 5.000000e+00 5.479646e+00 0.000000e+00 
5.480646e+00 5.480646e+00 5.480646e+00 0.000000e+00 5.480646e+00 5.000000e+00 5.480646e+00 0.000000e+00 
5.481646e+00 5.481646e+00 5.481646e+00 0.000000e+00 5.481646e+00 5.000000e+00 5.481646e+00 0.000000e+00 
5.482646e+00 5.482646e+00 5.482646e+00 0.000000e+00 5.482646e+00 5.000000e+00 5.482646e+00 0.000000e+00 
5.483646e+00 5.483646e+00 5.483646e+00 0.000000e+00 5.483646e+00 5.000000e+00 5.483646e+00 0.000000e+00 
5.484646e+00 5.484646e+00 5.484646e+00 0.000000e+00 5.484646e+00 5.000000e+00 5.484646e+00 0.000000e+00 
5.485646e+00 5.485646e+00 5.485646e+00 0.000000e+00 5.485646e+00 5.000000e+00 5.485646e+00 0.000000e+00 
5.486646e+00 5.486646e+00 5.486646e+00 0.000000e+00 5.486646e+00 5.000000e+00 5.486646e+00 0.000000e+00 
5.487646e+00 5.487646e+00 5.487646e+00 0.000000e+00 5.487646e+00 5.000000e+00 5.487646e+00 0.000000e+00 
5.488646e+00 5.488646e+00 5.488646e+00 0.000000e+00 5.488646e+00 5.000000e+00 5.488646e+00 0.000000e+00 
5.489646e+00 5.489646e+00 5.489646e+00 0.000000e+00 5.489646e+00 5.000000e+00 5.489646e+00 0.000000e+00 
5.490646e+00 5.490646e+00 5.490646e+00 0.000000e+00 5.490646e+00 5.000000e+00 5.490646e+00 0.000000e+00 
5.491646e+00 5.491646e+00 5.491646e+00 0.000000e+00 5.491646e+00 5.000000e+00 5.491646e+00 0.000000e+00 
5.492646e+00 5.492646e+00 5.492646e+00 0.000000e+00 5.492646e+00 5.000000e+00 5.492646e+00 0.000000e+00 
5.493646e+00 5.493646e+00 5.493646e+00 0.000000e+00 5.493646e+00 5.000000e+00 5.493646e+00 0.000000e+00 
5.494646e+00 5.494646e+00 5.494646e+00 0.000000e+00 5.494646e+00 5.000000e+00 5.494646e+00 0.000000e+00 
5.495646e+00 5.495646e+00 5.495646e+00 0.000000e+00 5.495646e+00 5.000000e+00 5.495646e+00 0.000000e+00 
5.496646e+00 5.496646e+00 5.496646e+00 0.000000e+00 5.496646e+00 5.000000e+00 5.496646e+00 0.000000e+00 
5.497646e+00 5.497646e+00 5.497646e+00 0.000000e+00 5.497646e+00 5.000000e+00 5.497646e+00 0.000000e+00 
5.498646e+00 5.498646e+00 5.498646e+00 0.000000e+00 5.498646e+00 5.000000e+00 5.498646e+00 0.000000e+00 
5.499646e+00 5.499646e+00 5.499646e+00 0.000000e+00 5.499646e+00 5.000000e+00 5.499646e+00 0.000000e+00 
5.500196e+00 5.500196e+00 5.500196e+00 0.000000e+00 5.500196e+00 5.000000e+00 5.500196e+00 0.000000e+00 
5.500406e+00 5.500406e+00 5.500406e+00 0.000000e+00 5.500406e+00 5.000000e+00 5.500406e+00 0.000000e+00 
5.500490e+00 5.500490e+00 5.500490e+00 0.000000e+00 5.500490e+00 5.000000e+00 5.500490e+00 0.000000e+00 
5.500490e+00 5.500490e+00 5.500490e+00 0.000000e+00 5.500490e+00 5.000000e+00 5.500490e+00 0.000000e+00 
5.500490e+00 5.500490e+00 5.500490e+00 0.000000e+00 5.500490e+00 5.000000e+00 5.500490e+00 0.000000e+00 
5.500490e+00 5.500490e+00 5.500490e+00 0.000000e+00 5.500490e+00 5.000000e+00 5.500490e+00 0.000000e+00 
5.500491e+00 5.500491e+00 5.500491e+00 0.000000e+00 5.500491e+00 5.000000e+00 5.500491e+00 0.000000e+00 
5.500491e+00 5.500491e+00 5.500491e+00 2.400000e+00 5.500491e+00 5.000000e+00 5.500491e+00 2.400000e+00 
5.500491e+00 5.500491e+00 5.500491e+00 5.000000e+00 5.500491e+00 5.000000e+00 5.500491e+00 5.000000e+00 
5.500491e+00 5.500491e+00 5.500491e+00 5.000000e+00 5.500491e+00 5.000000e+00 5.500491e+00 5.000000e+00 
5.500491e+00 5.500491e+00 5.500491e+00 5.000000e+00 5.500491e+00 5.000000e+00 5.500491e+00 5.000000e+00 
5.500491e+00 5.500491e+00 5.500491e+00 5.000000e+00 5.500491e+00 5.000000e+00 5.500491e+00 5.000000e+00 
5.500491e+00 5.500491e+00 5.500491e+00 5.000000e+00 5.500491e+00 1.160001e+00 5.500491e+00 1.160001e+00 
5.500491e+00 5.500491e+00 5.500491e+00 5.000000e+00 5.500491e+00 0.000000e+00 5.500491e+00 0.000000e+00 
5.500491e+00 5.500491e+00 5.500491e+00 5.000000e+00 5.500491e+00 0.000000e+00 5.500491e+00 0.000000e+00 
5.500491e+00 5.500491e+00 5.500491e+00 5.000000e+00 5.500491e+00 0.000000e+00 5.500491e+00 0.000000e+00 
5.500491e+00 5.500491e+00 5.500491e+00 5.000000e+00 5.500491e+00 0.000000e+00 5.500491e+00 0.000000e+00 
5.500491e+00 5.500491e+00 5.500491e+00 5.000000e+00 5.500491e+00 0.000000e+00 5.500491e+00 0.000000e+00 
5.500491e+00 5.500491e+00 5.500491e+00 5.000000e+00 5.500491e+00 0.000000e+00 5.500491e+00 0.000000e+00 
5.500491e+00 5.500491e+00 5.500491e+00 5.000000e+00 5.500491e+00 0.000000e+00 5.500491e+00 0.000000e+00 
5.500491e+00 5.500491e+00 5.500491e+00 5.000000e+00 5.500491e+00 0.000000e+00 5.500491e+00 0.000000e+00 
5.500491e+00 5.500491e+00 5.500491e+00 5.000000e+00 5.500491e+00 0.000000e+00 5.500491e+00 0.000000e+00 
5.500492e+00 5.500492e+00 5.500492e+00 5.000000e+00 5.500492e+00 0.000000e+00 5.500492e+00 0.000000e+00 
5.500493e+00 5.500493e+00 5.500493e+00 5.000000e+00 5.500493e+00 0.000000e+00 5.500493e+00 0.000000e+00 
5.500494e+00 5.500494e+00 5.500494e+00 5.000000e+00 5.500494e+00 0.000000e+00 5.500494e+00 0.000000e+00 
5.500496e+00 5.500496e+00 5.500496e+00 5.000000e+00 5.500496e+00 0.000000e+00 5.500496e+00 0.000000e+00 
5.500499e+00 5.500499e+00 5.500499e+00 5.000000e+00 5.500499e+00 0.000000e+00 5.500499e+00 0.000000e+00 
5.500506e+00 5.500506e+00 5.500506e+00 5.000000e+00 5.500506e+00 0.000000e+00 5.500506e+00 0.000000e+00 
5.500519e+00 5.500519e+00 5.500519e+00 5.000000e+00 5.500519e+00 0.000000e+00 5.500519e+00 0.000000e+00 
5.500545e+00 5.500545e+00 5.500545e+00 5.000000e+00 5.500545e+00 0.000000e+00 5.500545e+00 0.000000e+00 
5.500598e+00 5.500598e+00 5.500598e+00 5.000000e+00 5.500598e+00 0.000000e+00 5.500598e+00 0.000000e+00 
5.500692e+00 5.500692e+00 5.500692e+00 5.000000e+00 5.500692e+00 0.000000e+00 5.500692e+00 0.000000e+00 
5.500852e+00 5.500852e+00 5.500852e+00 5.000000e+00 5.500852e+00 0.000000e+00 5.500852e+00 0.000000e+00 
5.501171e+00 5.501171e+00 5.501171e+00 5.000000e+00 5.501171e+00 0.000000e+00 5.501171e+00 0.000000e+00 
5.501809e+00 5.501809e+00 5.501809e+00 5.000000e+00 5.501809e+00 0.000000e+00 5.501809e+00 0.000000e+00 
5.502809e+00 5.502809e+00 5.502809e+00 5.000000e+00 5.502809e+00 0.000000e+00 5.502809e+00 0.000000e+00 
5.503809e+00 5.503809e+00 5.503809e+00 5.000000e+00 5.503809e+00 0.000000e+00 5.503809e+00 0.000000e+00 
5.504809e+00 5.504809e+00 5.504809e+00 5.000000e+00 5.504809e+00 0.000000e+00 5.504809e+00 0.000000e+00 
5.505809e+00 5.505809e+00 5.505809e+00 5.000000e+00 5.505809e+00 0.000000e+00 5.505809e+00 0.000000e+00 
5.506809e+00 5.506809e+00 5.506809e+00 5.000000e+00 5.506809e+00 0.000000e+00 5.506809e+00 0.000000e+00 
5.507809e+00 5.507809e+00 5.507809e+00 5.000000e+00 5.507809e+00 0.000000e+00 5.507809e+00 0.000000e+00 
5.508809e+00 5.508809e+00 5.508809e+00 5.000000e+00 5.508809e+00 0.000000e+00 5.508809e+00 0.000000e+00 
5.509809e+00 5.509809e+00 5.509809e+00 5.000000e+00 5.509809e+00 0.000000e+00 5.509809e+00 0.000000e+00 
5.510809e+00 5.510809e+00 5.510809e+00 5.000000e+00 5.510809e+00 0.000000e+00 5.510809e+00 0.000000e+00 
5.511809e+00 5.511809e+00 5.511809e+00 5.000000e+00 5.511809e+00 0.000000e+00 5.511809e+00 0.000000e+00 
5.512809e+00 5.512809e+00 5.512809e+00 5.000000e+00 5.512809e+00 0.000000e+00 5.512809e+00 0.000000e+00 
5.513809e+00 5.513809e+00 5.513809e+00 5.000000e+00 5.513809e+00 0.000000e+00 5.513809e+00 0.000000e+00 
5.514809e+00 5.514809e+00 5.514809e+00 5.000000e+00 5.514809e+00 0.000000e+00 5.514809e+00 0.000000e+00 
5.515809e+00 5.515809e+00 5.515809e+00 5.000000e+00 5.515809e+00 0.000000e+00 5.515809e+00 0.000000e+00 
5.516809e+00 5.516809e+00 5.516809e+00 5.000000e+00 5.516809e+00 0.000000e+00 5.516809e+00 0.000000e+00 
5.517809e+00 5.517809e+00 5.517809e+00 5.000000e+00 5.517809e+00 0.000000e+00 5.517809e+00 0.000000e+00 
5.518809e+00 5.518809e+00 5.518809e+00 5.000000e+00 5.518809e+00 0.000000e+00 5.518809e+00 0.000000e+00 
5.519809e+00 5.519809e+00 5.519809e+00 5.000000e+00 5.519809e+00 0.000000e+00 5.519809e+00 0.000000e+00 
5.520809e+00 5.520809e+00 5.520809e+00 5.000000e+00 5.520809e+00 0.000000e+00 5.520809e+00 0.000000e+00 
5.521809e+00 5.521809e+00 5.521809e+00 5.000000e+00 5.521809e+00 0.000000e+00 5.521809e+00 0.000000e+00 
5.522809e+00 5.522809e+00 5.522809e+00 5.000000e+00 5.522809e+00 0.000000e+00 5.522809e+00 0.000000e+00 
5.523809e+00 5.523809e+00 5.523809e+00 5.000000e+00 5.523809e+00 0.000000e+00 5.523809e+00 0.000000e+00 
5.524809e+00 5.524809e+00 5.524809e+00 5.000000e+00 5.524809e+00 0.000000e+00 5.524809e+00 0.000000e+00 
5.525809e+00 5.525809e+00 5.525809e+00 5.000000e+00 5.525809e+00 0.000000e+00 5.525809e+00 0.000000e+00 
5.526809e+00 5.526809e+00 5.526809e+00 5.000000e+00 5.526809e+00 0.000000e+00 5.526809e+00 0.000000e+00 
5.527809e+00 5.527809e+00 5.527809e+00 5.000000e+00 5.527809e+00 0.000000e+00 5.527809e+00 0.000000e+00 
5.528809e+00 5.528809e+00 5.528809e+00 5.000000e+00 5.528809e+00 0.000000e+00 5.528809e+00 0.000000e+00 
5.529809e+00 5.529809e+00 5.529809e+00 5.000000e+00 5.529809e+00 0.000000e+00 5.529809e+00 0.000000e+00 
5.530809e+00 5.530809e+00 5.530809e+00 5.000000e+00 5.530809e+00 0.000000e+00 5.530809e+00 0.000000e+00 
5.531809e+00 5.531809e+00 5.531809e+00 5.000000e+00 5.531809e+00 0.000000e+00 5.531809e+00 0.000000e+00 
5.532809e+00 5.532809e+00 5.532809e+00 5.000000e+00 5.532809e+00 0.000000e+00 5.532809e+00 0.000000e+00 
5.533809e+00 5.533809e+00 5.533809e+00 5.000000e+00 5.533809e+00 0.000000e+00 5.533809e+00 0.000000e+00 
5.534809e+00 5.534809e+00 5.534809e+00 5.000000e+00 5.534809e+00 0.000000e+00 5.534809e+00 0.000000e+00 
5.535809e+00 5.535809e+00 5.535809e+00 5.000000e+00 5.535809e+00 0.000000e+00 5.535809e+00 0.000000e+00 
5.536809e+00 5.536809e+00 5.536809e+00 5.000000e+00 5.536809e+00 0.000000e+00 5.536809e+00 0.000000e+00 
5.537809e+00 5.537809e+00 5.537809e+00 5.000000e+00 5.537809e+00 0.000000e+00 5.537809e+00 0.000000e+00 
5.538809e+00 5.538809e+00 5.538809e+00 5.000000e+00 5.538809e+00 0.000000e+00 5.538809e+00 0.000000e+00 
5.539809e+00 5.539809e+00 5.539809e+00 5.000000e+00 5.539809e+00 0.000000e+00 5.539809e+00 0.000000e+00 
5.540809e+00 5.540809e+00 5.540809e+00 5.000000e+00 5.540809e+00 0.000000e+00 5.540809e+00 0.000000e+00 
5.541809e+00 5.541809e+00 5.541809e+00 5.000000e+00 5.541809e+00 0.000000e+00 5.541809e+00 0.000000e+00 
5.542809e+00 5.542809e+00 5.542809e+00 5.000000e+00 5.542809e+00 0.000000e+00 5.542809e+00 0.000000e+00 
5.543809e+00 5.543809e+00 5.543809e+00 5.000000e+00 5.543809e+00 0.000000e+00 5.543809e+00 0.000000e+00 
5.544809e+00 5.544809e+00 5.544809e+00 5.000000e+00 5.544809e+00 0.000000e+00 5.544809e+00 0.000000e+00 
5.545809e+00 5.545809e+00 5.545809e+00 5.000000e+00 5.545809e+00 0.000000e+00 5.545809e+00 0.000000e+00 
5.546809e+00 5.546809e+00 5.546809e+00 5.000000e+00 5.546809e+00 0.000000e+00 5.546809e+00 0.000000e+00 
5.547809e+00 5.547809e+00 5.547809e+00 5.000000e+00 5.547809e+00 0.000000e+00 5.547809e+00 0.000000e+00 
5.548809e+00 5.548809e+00 5.548809e+00 5.000000e+00 5.548809e+00 0.000000e+00 5.548809e+00 0.000000e+00 
5.549809e+00 5.549809e+00 5.549809e+00 5.000000e+00 5.549809e+00 0.000000e+00 5.549809e+00 0.000000e+00 
5.550809e+00 5.550809e+00 5.550809e+00 5.000000e+00 5.550809e+00 0.000000e+00 5.550809e+00 0.000000e+00 
5.551809e+00 5.551809e+00 5.551809e+00 5.000000e+00 5.551809e+00 0.000000e+00 5.551809e+00 0.000000e+00 
5.552809e+00 5.552809e+00 5.552809e+00 5.000000e+00 5.552809e+00 0.000000e+00 5.552809e+00 0.000000e+00 
5.553809e+00 5.553809e+00 5.553809e+00 5.000000e+00 5.553809e+00 0.000000e+00 5.553809e+00 0.000000e+00 
5.554809e+00 5.554809e+00 5.554809e+00 5.000000e+00 5.554809e+00 0.000000e+00 5.554809e+00 0.000000e+00 
5.555809e+00 5.555809e+00 5.555809e+00 5.000000e+00 5.555809e+00 0.000000e+00 5.555809e+00 0.000000e+00 
5.556809e+00 5.556809e+00 5.556809e+00 5.000000e+00 5.556809e+00 0.000000e+00 5.556809e+00 0.000000e+00 
5.557809e+00 5.557809e+00 5.557809e+00 5.000000e+00 5.557809e+00 0.000000e+00 5.557809e+00 0.000000e+00 
5.558809e+00 5.558809e+00 5.558809e+00 5.000000e+00 5.558809e+00 0.000000e+00 5.558809e+00 0.000000e+00 
5.559809e+00 5.559809e+00 5.559809e+00 5.000000e+00 5.559809e+00 0.000000e+00 5.559809e+00 0.000000e+00 
5.560809e+00 5.560809e+00 5.560809e+00 5.000000e+00 5.560809e+00 0.000000e+00 5.560809e+00 0.000000e+00 
5.561809e+00 5.561809e+00 5.561809e+00 5.000000e+00 5.561809e+00 0.000000e+00 5.561809e+00 0.000000e+00 
5.562809e+00 5.562809e+00 5.562809e+00 5.000000e+00 5.562809e+00 0.000000e+00 5.562809e+00 0.000000e+00 
5.563809e+00 5.563809e+00 5.563809e+00 5.000000e+00 5.563809e+00 0.000000e+00 5.563809e+00 0.000000e+00 
5.564809e+00 5.564809e+00 5.564809e+00 5.000000e+00 5.564809e+00 0.000000e+00 5.564809e+00 0.000000e+00 
5.565809e+00 5.565809e+00 5.565809e+00 5.000000e+00 5.565809e+00 0.000000e+00 5.565809e+00 0.000000e+00 
5.566809e+00 5.566809e+00 5.566809e+00 5.000000e+00 5.566809e+00 0.000000e+00 5.566809e+00 0.000000e+00 
5.567809e+00 5.567809e+00 5.567809e+00 5.000000e+00 5.567809e+00 0.000000e+00 5.567809e+00 0.000000e+00 
5.568809e+00 5.568809e+00 5.568809e+00 5.000000e+00 5.568809e+00 0.000000e+00 5.568809e+00 0.000000e+00 
5.569809e+00 5.569809e+00 5.569809e+00 5.000000e+00 5.569809e+00 0.000000e+00 5.569809e+00 0.000000e+00 
5.570809e+00 5.570809e+00 5.570809e+00 5.000000e+00 5.570809e+00 0.000000e+00 5.570809e+00 0.000000e+00 
5.571809e+00 5.571809e+00 5.571809e+00 5.000000e+00 5.571809e+00 0.000000e+00 5.571809e+00 0.000000e+00 
5.572809e+00 5.572809e+00 5.572809e+00 5.000000e+00 5.572809e+00 0.000000e+00 5.572809e+00 0.000000e+00 
5.573809e+00 5.573809e+00 5.573809e+00 5.000000e+00 5.573809e+00 0.000000e+00 5.573809e+00 0.000000e+00 
5.574809e+00 5.574809e+00 5.574809e+00 5.000000e+00 5.574809e+00 0.000000e+00 5.574809e+00 0.000000e+00 
5.575809e+00 5.575809e+00 5.575809e+00 5.000000e+00 5.575809e+00 0.000000e+00 5.575809e+00 0.000000e+00 
5.576809e+00 5.576809e+00 5.576809e+00 5.000000e+00 5.576809e+00 0.000000e+00 5.576809e+00 0.000000e+00 
5.577809e+00 5.577809e+00 5.577809e+00 5.000000e+00 5.577809e+00 0.000000e+00 5.577809e+00 0.000000e+00 
5.578809e+00 5.578809e+00 5.578809e+00 5.000000e+00 5.578809e+00 0.000000e+00 5.578809e+00 0.000000e+00 
5.579809e+00 5.579809e+00 5.579809e+00 5.000000e+00 5.579809e+00 0.000000e+00 5.579809e+00 0.000000e+00 
5.580809e+00 5.580809e+00 5.580809e+00 5.000000e+00 5.580809e+00 0.000000e+00 5.580809e+00 0.000000e+00 
5.581809e+00 5.581809e+00 5.581809e+00 5.000000e+00 5.581809e+00 0.000000e+00 5.581809e+00 0.000000e+00 
5.582809e+00 5.582809e+00 5.582809e+00 5.000000e+00 5.582809e+00 0.000000e+00 5.582809e+00 0.000000e+00 
5.583809e+00 5.583809e+00 5.583809e+00 5.000000e+00 5.583809e+00 0.000000e+00 5.583809e+00 0.000000e+00 
5.584809e+00 5.584809e+00 5.584809e+00 5.000000e+00 5.584809e+00 0.000000e+00 5.584809e+00 0.000000e+00 
5.585809e+00 5.585809e+00 5.585809e+00 5.000000e+00 5.585809e+00 0.000000e+00 5.585809e+00 0.000000e+00 
5.586809e+00 5.586809e+00 5.586809e+00 5.000000e+00 5.586809e+00 0.000000e+00 5.586809e+00 0.000000e+00 
5.587809e+00 5.587809e+00 5.587809e+00 5.000000e+00 5.587809e+00 0.000000e+00 5.587809e+00 0.000000e+00 
5.588809e+00 5.588809e+00 5.588809e+00 5.000000e+00 5.588809e+00 0.000000e+00 5.588809e+00 0.000000e+00 
5.589809e+00 5.589809e+00 5.589809e+00 5.000000e+00 5.589809e+00 0.000000e+00 5.589809e+00 0.000000e+00 
5.590809e+00 5.590809e+00 5.590809e+00 5.000000e+00 5.590809e+00 0.000000e+00 5.590809e+00 0.000000e+00 
5.591809e+00 5.591809e+00 5.591809e+00 5.000000e+00 5.591809e+00 0.000000e+00 5.591809e+00 0.000000e+00 
5.592809e+00 5.592809e+00 5.592809e+00 5.000000e+00 5.592809e+00 0.000000e+00 5.592809e+00 0.000000e+00 
5.593809e+00 5.593809e+00 5.593809e+00 5.000000e+00 5.593809e+00 0.000000e+00 5.593809e+00 0.000000e+00 
5.594809e+00 5.594809e+00 5.594809e+00 5.000000e+00 5.594809e+00 0.000000e+00 5.594809e+00 0.000000e+00 
5.595809e+00 5.595809e+00 5.595809e+00 5.000000e+00 5.595809e+00 0.000000e+00 5.595809e+00 0.000000e+00 
5.596809e+00 5.596809e+00 5.596809e+00 5.000000e+00 5.596809e+00 0.000000e+00 5.596809e+00 0.000000e+00 
5.597809e+00 5.597809e+00 5.597809e+00 5.000000e+00 5.597809e+00 0.000000e+00 5.597809e+00 0.000000e+00 
5.598809e+00 5.598809e+00 5.598809e+00 5.000000e+00 5.598809e+00 0.000000e+00 5.598809e+00 0.000000e+00 
5.599809e+00 5.599809e+00 5.599809e+00 5.000000e+00 5.599809e+00 0.000000e+00 5.599809e+00 0.000000e+00 
5.600809e+00 5.600809e+00 5.600809e+00 5.000000e+00 5.600809e+00 0.000000e+00 5.600809e+00 0.000000e+00 
5.601809e+00 5.601809e+00 5.601809e+00 5.000000e+00 5.601809e+00 0.000000e+00 5.601809e+00 0.000000e+00 
5.602809e+00 5.602809e+00 5.602809e+00 5.000000e+00 5.602809e+00 0.000000e+00 5.602809e+00 0.000000e+00 
5.603809e+00 5.603809e+00 5.603809e+00 5.000000e+00 5.603809e+00 0.000000e+00 5.603809e+00 0.000000e+00 
5.604809e+00 5.604809e+00 5.604809e+00 5.000000e+00 5.604809e+00 0.000000e+00 5.604809e+00 0.000000e+00 
5.605809e+00 5.605809e+00 5.605809e+00 5.000000e+00 5.605809e+00 0.000000e+00 5.605809e+00 0.000000e+00 
5.606809e+00 5.606809e+00 5.606809e+00 5.000000e+00 5.606809e+00 0.000000e+00 5.606809e+00 0.000000e+00 
5.607809e+00 5.607809e+00 5.607809e+00 5.000000e+00 5.607809e+00 0.000000e+00 5.607809e+00 0.000000e+00 
5.608809e+00 5.608809e+00 5.608809e+00 5.000000e+00 5.608809e+00 0.000000e+00 5.608809e+00 0.000000e+00 
5.609809e+00 5.609809e+00 5.609809e+00 5.000000e+00 5.609809e+00 0.000000e+00 5.609809e+00 0.000000e+00 
5.610809e+00 5.610809e+00 5.610809e+00 5.000000e+00 5.610809e+00 0.000000e+00 5.610809e+00 0.000000e+00 
5.611809e+00 5.611809e+00 5.611809e+00 5.000000e+00 5.611809e+00 0.000000e+00 5.611809e+00 0.000000e+00 
5.612809e+00 5.612809e+00 5.612809e+00 5.000000e+00 5.612809e+00 0.000000e+00 5.612809e+00 0.000000e+00 
5.613809e+00 5.613809e+00 5.613809e+00 5.000000e+00 5.613809e+00 0.000000e+00 5.613809e+00 0.000000e+00 
5.614809e+00 5.614809e+00 5.614809e+00 5.000000e+00 5.614809e+00 0.000000e+00 5.614809e+00 0.000000e+00 
5.615809e+00 5.615809e+00 5.615809e+00 5.000000e+00 5.615809e+00 0.000000e+00 5.615809e+00 0.000000e+00 
5.616809e+00 5.616809e+00 5.616809e+00 5.000000e+00 5.616809e+00 0.000000e+00 5.616809e+00 0.000000e+00 
5.617809e+00 5.617809e+00 5.617809e+00 5.000000e+00 5.617809e+00 0.000000e+00 5.617809e+00 0.000000e+00 
5.618809e+00 5.618809e+00 5.618809e+00 5.000000e+00 5.618809e+00 0.000000e+00 5.618809e+00 0.000000e+00 
5.619809e+00 5.619809e+00 5.619809e+00 5.000000e+00 5.619809e+00 0.000000e+00 5.619809e+00 0.000000e+00 
5.620809e+00 5.620809e+00 5.620809e+00 5.000000e+00 5.620809e+00 0.000000e+00 5.620809e+00 0.000000e+00 
5.621809e+00 5.621809e+00 5.621809e+00 5.000000e+00 5.621809e+00 0.000000e+00 5.621809e+00 0.000000e+00 
5.622809e+00 5.622809e+00 5.622809e+00 5.000000e+00 5.622809e+00 0.000000e+00 5.622809e+00 0.000000e+00 
5.623809e+00 5.623809e+00 5.623809e+00 5.000000e+00 5.623809e+00 0.000000e+00 5.623809e+00 0.000000e+00 
5.624809e+00 5.624809e+00 5.624809e+00 5.000000e+00 5.624809e+00 0.000000e+00 5.624809e+00 0.000000e+00 
5.625809e+00 5.625809e+00 5.625809e+00 5.000000e+00 5.625809e+00 0.000000e+00 5.625809e+00 0.000000e+00 
5.626809e+00 5.626809e+00 5.626809e+00 5.000000e+00 5.626809e+00 0.000000e+00 5.626809e+00 0.000000e+00 
5.627809e+00 5.627809e+00 5.627809e+00 5.000000e+00 5.627809e+00 0.000000e+00 5.627809e+00 0.000000e+00 
5.628809e+00 5.628809e+00 5.628809e+00 5.000000e+00 5.628809e+00 0.000000e+00 5.628809e+00 0.000000e+00 
5.629809e+00 5.629809e+00 5.629809e+00 5.000000e+00 5.629809e+00 0.000000e+00 5.629809e+00 0.000000e+00 
5.630809e+00 5.630809e+00 5.630809e+00 5.000000e+00 5.630809e+00 0.000000e+00 5.630809e+00 0.000000e+00 
5.631809e+00 5.631809e+00 5.631809e+00 5.000000e+00 5.631809e+00 0.000000e+00 5.631809e+00 0.000000e+00 
5.632809e+00 5.632809e+00 5.632809e+00 5.000000e+00 5.632809e+00 0.000000e+00 5.632809e+00 0.000000e+00 
5.633809e+00 5.633809e+00 5.633809e+00 5.000000e+00 5.633809e+00 0.000000e+00 5.633809e+00 0.000000e+00 
5.634809e+00 5.634809e+00 5.634809e+00 5.000000e+00 5.634809e+00 0.000000e+00 5.634809e+00 0.000000e+00 
5.635809e+00 5.635809e+00 5.635809e+00 5.000000e+00 5.635809e+00 0.000000e+00 5.635809e+00 0.000000e+00 
5.636809e+00 5.636809e+00 5.636809e+00 5.000000e+00 5.636809e+00 0.000000e+00 5.636809e+00 0.000000e+00 
5.637809e+00 5.637809e+00 5.637809e+00 5.000000e+00 5.637809e+00 0.000000e+00 5.637809e+00 0.000000e+00 
5.638809e+00 5.638809e+00 5.638809e+00 5.000000e+00 5.638809e+00 0.000000e+00 5.638809e+00 0.000000e+00 
5.639809e+00 5.639809e+00 5.639809e+00 5.000000e+00 5.639809e+00 0.000000e+00 5.639809e+00 0.000000e+00 
5.640809e+00 5.640809e+00 5.640809e+00 5.000000e+00 5.640809e+00 0.000000e+00 5.640809e+00 0.000000e+00 
5.641809e+00 5.641809e+00 5.641809e+00 5.000000e+00 5.641809e+00 0.000000e+00 5.641809e+00 0.000000e+00 
5.642809e+00 5.642809e+00 5.642809e+00 5.000000e+00 5.642809e+00 0.000000e+00 5.642809e+00 0.000000e+00 
5.643809e+00 5.643809e+00 5.643809e+00 5.000000e+00 5.643809e+00 0.000000e+00 5.643809e+00 0.000000e+00 
5.644809e+00 5.644809e+00 5.644809e+00 5.000000e+00 5.644809e+00 0.000000e+00 5.644809e+00 0.000000e+00 
5.645809e+00 5.645809e+00 5.645809e+00 5.000000e+00 5.645809e+00 0.000000e+00 5.645809e+00 0.000000e+00 
5.646809e+00 5.646809e+00 5.646809e+00 5.000000e+00 5.646809e+00 0.000000e+00 5.646809e+00 0.000000e+00 
5.647809e+00 5.647809e+00 5.647809e+00 5.000000e+00 5.647809e+00 0.000000e+00 5.647809e+00 0.000000e+00 
5.648809e+00 5.648809e+00 5.648809e+00 5.000000e+00 5.648809e+00 0.000000e+00 5.648809e+00 0.000000e+00 
5.649809e+00 5.649809e+00 5.649809e+00 5.000000e+00 5.649809e+00 0.000000e+00 5.649809e+00 0.000000e+00 
5.650809e+00 5.650809e+00 5.650809e+00 5.000000e+00 5.650809e+00 0.000000e+00 5.650809e+00 0.000000e+00 
5.651809e+00 5.651809e+00 5.651809e+00 5.000000e+00 5.651809e+00 0.000000e+00 5.651809e+00 0.000000e+00 
5.652809e+00 5.652809e+00 5.652809e+00 5.000000e+00 5.652809e+00 0.000000e+00 5.652809e+00 0.000000e+00 
5.653809e+00 5.653809e+00 5.653809e+00 5.000000e+00 5.653809e+00 0.000000e+00 5.653809e+00 0.000000e+00 
5.654809e+00 5.654809e+00 5.654809e+00 5.000000e+00 5.654809e+00 0.000000e+00 5.654809e+00 0.000000e+00 
5.655809e+00 5.655809e+00 5.655809e+00 5.000000e+00 5.655809e+00 0.000000e+00 5.655809e+00 0.000000e+00 
5.656809e+00 5.656809e+00 5.656809e+00 5.000000e+00 5.656809e+00 0.000000e+00 5.656809e+00 0.000000e+00 
5.657809e+00 5.657809e+00 5.657809e+00 5.000000e+00 5.657809e+00 0.000000e+00 5.657809e+00 0.000000e+00 
5.658809e+00 5.658809e+00 5.658809e+00 5.000000e+00 5.658809e+00 0.000000e+00 5.658809e+00 0.000000e+00 
5.659809e+00 5.659809e+00 5.659809e+00 5.000000e+00 5.659809e+00 0.000000e+00 5.659809e+00 0.000000e+00 
5.660809e+00 5.660809e+00 5.660809e+00 5.000000e+00 5.660809e+00 0.000000e+00 5.660809e+00 0.000000e+00 
5.661809e+00 5.661809e+00 5.661809e+00 5.000000e+00 5.661809e+00 0.000000e+00 5.661809e+00 0.000000e+00 
5.662809e+00 5.662809e+00 5.662809e+00 5.000000e+00 5.662809e+00 0.000000e+00 5.662809e+00 0.000000e+00 
5.663809e+00 5.663809e+00 5.663809e+00 5.000000e+00 5.663809e+00 0.000000e+00 5.663809e+00 0.000000e+00 
5.664809e+00 5.664809e+00 5.664809e+00 5.000000e+00 5.664809e+00 0.000000e+00 5.664809e+00 0.000000e+00 
5.665809e+00 5.665809e+00 5.665809e+00 5.000000e+00 5.665809e+00 0.000000e+00 5.665809e+00 0.000000e+00 
5.666809e+00 5.666809e+00 5.666809e+00 5.000000e+00 5.666809e+00 0.000000e+00 5.666809e+00 0.000000e+00 
5.667809e+00 5.667809e+00 5.667809e+00 5.000000e+00 5.667809e+00 0.000000e+00 5.667809e+00 0.000000e+00 
5.668809e+00 5.668809e+00 5.668809e+00 5.000000e+00 5.668809e+00 0.000000e+00 5.668809e+00 0.000000e+00 
5.669809e+00 5.669809e+00 5.669809e+00 5.000000e+00 5.669809e+00 0.000000e+00 5.669809e+00 0.000000e+00 
5.670809e+00 5.670809e+00 5.670809e+00 5.000000e+00 5.670809e+00 0.000000e+00 5.670809e+00 0.000000e+00 
5.671809e+00 5.671809e+00 5.671809e+00 5.000000e+00 5.671809e+00 0.000000e+00 5.671809e+00 0.000000e+00 
5.672809e+00 5.672809e+00 5.672809e+00 5.000000e+00 5.672809e+00 0.000000e+00 5.672809e+00 0.000000e+00 
5.673809e+00 5.673809e+00 5.673809e+00 5.000000e+00 5.673809e+00 0.000000e+00 5.673809e+00 0.000000e+00 
5.674809e+00 5.674809e+00 5.674809e+00 5.000000e+00 5.674809e+00 0.000000e+00 5.674809e+00 0.000000e+00 
5.675809e+00 5.675809e+00 5.675809e+00 5.000000e+00 5.675809e+00 0.000000e+00 5.675809e+00 0.000000e+00 
5.676809e+00 5.676809e+00 5.676809e+00 5.000000e+00 5.676809e+00 0.000000e+00 5.676809e+00 0.000000e+00 
5.677809e+00 5.677809e+00 5.677809e+00 5.000000e+00 5.677809e+00 0.000000e+00 5.677809e+00 0.000000e+00 
5.678809e+00 5.678809e+00 5.678809e+00 5.000000e+00 5.678809e+00 0.000000e+00 5.678809e+00 0.000000e+00 
5.679809e+00 5.679809e+00 5.679809e+00 5.000000e+00 5.679809e+00 0.000000e+00 5.679809e+00 0.000000e+00 
5.680809e+00 5.680809e+00 5.680809e+00 5.000000e+00 5.680809e+00 0.000000e+00 5.680809e+00 0.000000e+00 
5.681809e+00 5.681809e+00 5.681809e+00 5.000000e+00 5.681809e+00 0.000000e+00 5.681809e+00 0.000000e+00 
5.682809e+00 5.682809e+00 5.682809e+00 5.000000e+00 5.682809e+00 0.000000e+00 5.682809e+00 0.000000e+00 
5.683809e+00 5.683809e+00 5.683809e+00 5.000000e+00 5.683809e+00 0.000000e+00 5.683809e+00 0.000000e+00 
5.684809e+00 5.684809e+00 5.684809e+00 5.000000e+00 5.684809e+00 0.000000e+00 5.684809e+00 0.000000e+00 
5.685809e+00 5.685809e+00 5.685809e+00 5.000000e+00 5.685809e+00 0.000000e+00 5.685809e+00 0.000000e+00 
5.686809e+00 5.686809e+00 5.686809e+00 5.000000e+00 5.686809e+00 0.000000e+00 5.686809e+00 0.000000e+00 
5.687809e+00 5.687809e+00 5.687809e+00 5.000000e+00 5.687809e+00 0.000000e+00 5.687809e+00 0.000000e+00 
5.688809e+00 5.688809e+00 5.688809e+00 5.000000e+00 5.688809e+00 0.000000e+00 5.688809e+00 0.000000e+00 
5.689809e+00 5.689809e+00 5.689809e+00 5.000000e+00 5.689809e+00 0.000000e+00 5.689809e+00 0.000000e+00 
5.690809e+00 5.690809e+00 5.690809e+00 5.000000e+00 5.690809e+00 0.000000e+00 5.690809e+00 0.000000e+00 
5.691809e+00 5.691809e+00 5.691809e+00 5.000000e+00 5.691809e+00 0.000000e+00 5.691809e+00 0.000000e+00 
5.692809e+00 5.692809e+00 5.692809e+00 5.000000e+00 5.692809e+00 0.000000e+00 5.692809e+00 0.000000e+00 
5.693809e+00 5.693809e+00 5.693809e+00 5.000000e+00 5.693809e+00 0.000000e+00 5.693809e+00 0.000000e+00 
5.694809e+00 5.694809e+00 5.694809e+00 5.000000e+00 5.694809e+00 0.000000e+00 5.694809e+00 0.000000e+00 
5.695809e+00 5.695809e+00 5.695809e+00 5.000000e+00 5.695809e+00 0.000000e+00 5.695809e+00 0.000000e+00 
5.696809e+00 5.696809e+00 5.696809e+00 5.000000e+00 5.696809e+00 0.000000e+00 5.696809e+00 0.000000e+00 
5.697809e+00 5.697809e+00 5.697809e+00 5.000000e+00 5.697809e+00 0.000000e+00 5.697809e+00 0.000000e+00 
5.698809e+00 5.698809e+00 5.698809e+00 5.000000e+00 5.698809e+00 0.000000e+00 5.698809e+00 0.000000e+00 
5.699809e+00 5.699809e+00 5.699809e+00 5.000000e+00 5.699809e+00 0.000000e+00 5.699809e+00 0.000000e+00 
5.700809e+00 5.700809e+00 5.700809e+00 5.000000e+00 5.700809e+00 0.000000e+00 5.700809e+00 0.000000e+00 
5.701809e+00 5.701809e+00 5.701809e+00 5.000000e+00 5.701809e+00 0.000000e+00 5.701809e+00 0.000000e+00 
5.702809e+00 5.702809e+00 5.702809e+00 5.000000e+00 5.702809e+00 0.000000e+00 5.702809e+00 0.000000e+00 
5.703809e+00 5.703809e+00 5.703809e+00 5.000000e+00 5.703809e+00 0.000000e+00 5.703809e+00 0.000000e+00 
5.704809e+00 5.704809e+00 5.704809e+00 5.000000e+00 5.704809e+00 0.000000e+00 5.704809e+00 0.000000e+00 
5.705809e+00 5.705809e+00 5.705809e+00 5.000000e+00 5.705809e+00 0.000000e+00 5.705809e+00 0.000000e+00 
5.706809e+00 5.706809e+00 5.706809e+00 5.000000e+00 5.706809e+00 0.000000e+00 5.706809e+00 0.000000e+00 
5.707809e+00 5.707809e+00 5.707809e+00 5.000000e+00 5.707809e+00 0.000000e+00 5.707809e+00 0.000000e+00 
5.708809e+00 5.708809e+00 5.708809e+00 5.000000e+00 5.708809e+00 0.000000e+00 5.708809e+00 0.000000e+00 
5.709809e+00 5.709809e+00 5.709809e+00 5.000000e+00 5.709809e+00 0.000000e+00 5.709809e+00 0.000000e+00 
5.710809e+00 5.710809e+00 5.710809e+00 5.000000e+00 5.710809e+00 0.000000e+00 5.710809e+00 0.000000e+00 
5.711809e+00 5.711809e+00 5.711809e+00 5.000000e+00 5.711809e+00 0.000000e+00 5.711809e+00 0.000000e+00 
5.712809e+00 5.712809e+00 5.712809e+00 5.000000e+00 5.712809e+00 0.000000e+00 5.712809e+00 0.000000e+00 
5.713809e+00 5.713809e+00 5.713809e+00 5.000000e+00 5.713809e+00 0.000000e+00 5.713809e+00 0.000000e+00 
5.714809e+00 5.714809e+00 5.714809e+00 5.000000e+00 5.714809e+00 0.000000e+00 5.714809e+00 0.000000e+00 
5.715809e+00 5.715809e+00 5.715809e+00 5.000000e+00 5.715809e+00 0.000000e+00 5.715809e+00 0.000000e+00 
5.716809e+00 5.716809e+00 5.716809e+00 5.000000e+00 5.716809e+00 0.000000e+00 5.716809e+00 0.000000e+00 
5.717809e+00 5.717809e+00 5.717809e+00 5.000000e+00 5.717809e+00 0.000000e+00 5.717809e+00 0.000000e+00 
5.718809e+00 5.718809e+00 5.718809e+00 5.000000e+00 5.718809e+00 0.000000e+00 5.718809e+00 0.000000e+00 
5.719809e+00 5.719809e+00 5.719809e+00 5.000000e+00 5.719809e+00 0.000000e+00 5.719809e+00 0.000000e+00 
5.720809e+00 5.720809e+00 5.720809e+00 5.000000e+00 5.720809e+00 0.000000e+00 5.720809e+00 0.000000e+00 
5.721809e+00 5.721809e+00 5.721809e+00 5.000000e+00 5.721809e+00 0.000000e+00 5.721809e+00 0.000000e+00 
5.722809e+00 5.722809e+00 5.722809e+00 5.000000e+00 5.722809e+00 0.000000e+00 5.722809e+00 0.000000e+00 
5.723809e+00 5.723809e+00 5.723809e+00 5.000000e+00 5.723809e+00 0.000000e+00 5.723809e+00 0.000000e+00 
5.724809e+00 5.724809e+00 5.724809e+00 5.000000e+00 5.724809e+00 0.000000e+00 5.724809e+00 0.000000e+00 
5.725809e+00 5.725809e+00 5.725809e+00 5.000000e+00 5.725809e+00 0.000000e+00 5.725809e+00 0.000000e+00 
5.726809e+00 5.726809e+00 5.726809e+00 5.000000e+00 5.726809e+00 0.000000e+00 5.726809e+00 0.000000e+00 
5.727809e+00 5.727809e+00 5.727809e+00 5.000000e+00 5.727809e+00 0.000000e+00 5.727809e+00 0.000000e+00 
5.728809e+00 5.728809e+00 5.728809e+00 5.000000e+00 5.728809e+00 0.000000e+00 5.728809e+00 0.000000e+00 
5.729809e+00 5.729809e+00 5.729809e+00 5.000000e+00 5.729809e+00 0.000000e+00 5.729809e+00 0.000000e+00 
5.730809e+00 5.730809e+00 5.730809e+00 5.000000e+00 5.730809e+00 0.000000e+00 5.730809e+00 0.000000e+00 
5.731809e+00 5.731809e+00 5.731809e+00 5.000000e+00 5.731809e+00 0.000000e+00 5.731809e+00 0.000000e+00 
5.732809e+00 5.732809e+00 5.732809e+00 5.000000e+00 5.732809e+00 0.000000e+00 5.732809e+00 0.000000e+00 
5.733809e+00 5.733809e+00 5.733809e+00 5.000000e+00 5.733809e+00 0.000000e+00 5.733809e+00 0.000000e+00 
5.734809e+00 5.734809e+00 5.734809e+00 5.000000e+00 5.734809e+00 0.000000e+00 5.734809e+00 0.000000e+00 
5.735809e+00 5.735809e+00 5.735809e+00 5.000000e+00 5.735809e+00 0.000000e+00 5.735809e+00 0.000000e+00 
5.736809e+00 5.736809e+00 5.736809e+00 5.000000e+00 5.736809e+00 0.000000e+00 5.736809e+00 0.000000e+00 
5.737809e+00 5.737809e+00 5.737809e+00 5.000000e+00 5.737809e+00 0.000000e+00 5.737809e+00 0.000000e+00 
5.738809e+00 5.738809e+00 5.738809e+00 5.000000e+00 5.738809e+00 0.000000e+00 5.738809e+00 0.000000e+00 
5.739809e+00 5.739809e+00 5.739809e+00 5.000000e+00 5.739809e+00 0.000000e+00 5.739809e+00 0.000000e+00 
5.740809e+00 5.740809e+00 5.740809e+00 5.000000e+00 5.740809e+00 0.000000e+00 5.740809e+00 0.000000e+00 
5.741809e+00 5.741809e+00 5.741809e+00 5.000000e+00 5.741809e+00 0.000000e+00 5.741809e+00 0.000000e+00 
5.742809e+00 5.742809e+00 5.742809e+00 5.000000e+00 5.742809e+00 0.000000e+00 5.742809e+00 0.000000e+00 
5.743809e+00 5.743809e+00 5.743809e+00 5.000000e+00 5.743809e+00 0.000000e+00 5.743809e+00 0.000000e+00 
5.744809e+00 5.744809e+00 5.744809e+00 5.000000e+00 5.744809e+00 0.000000e+00 5.744809e+00 0.000000e+00 
5.745809e+00 5.745809e+00 5.745809e+00 5.000000e+00 5.745809e+00 0.000000e+00 5.745809e+00 0.000000e+00 
5.746809e+00 5.746809e+00 5.746809e+00 5.000000e+00 5.746809e+00 0.000000e+00 5.746809e+00 0.000000e+00 
5.747809e+00 5.747809e+00 5.747809e+00 5.000000e+00 5.747809e+00 0.000000e+00 5.747809e+00 0.000000e+00 
5.748809e+00 5.748809e+00 5.748809e+00 5.000000e+00 5.748809e+00 0.000000e+00 5.748809e+00 0.000000e+00 
5.749809e+00 5.749809e+00 5.749809e+00 5.000000e+00 5.749809e+00 0.000000e+00 5.749809e+00 0.000000e+00 
5.750809e+00 5.750809e+00 5.750809e+00 5.000000e+00 5.750809e+00 0.000000e+00 5.750809e+00 0.000000e+00 
5.751809e+00 5.751809e+00 5.751809e+00 5.000000e+00 5.751809e+00 0.000000e+00 5.751809e+00 0.000000e+00 
5.752809e+00 5.752809e+00 5.752809e+00 5.000000e+00 5.752809e+00 0.000000e+00 5.752809e+00 0.000000e+00 
5.753809e+00 5.753809e+00 5.753809e+00 5.000000e+00 5.753809e+00 0.000000e+00 5.753809e+00 0.000000e+00 
5.754809e+00 5.754809e+00 5.754809e+00 5.000000e+00 5.754809e+00 0.000000e+00 5.754809e+00 0.000000e+00 
5.755809e+00 5.755809e+00 5.755809e+00 5.000000e+00 5.755809e+00 0.000000e+00 5.755809e+00 0.000000e+00 
5.756809e+00 5.756809e+00 5.756809e+00 5.000000e+00 5.756809e+00 0.000000e+00 5.756809e+00 0.000000e+00 
5.757809e+00 5.757809e+00 5.757809e+00 5.000000e+00 5.757809e+00 0.000000e+00 5.757809e+00 0.000000e+00 
5.758809e+00 5.758809e+00 5.758809e+00 5.000000e+00 5.758809e+00 0.000000e+00 5.758809e+00 0.000000e+00 
5.759809e+00 5.759809e+00 5.759809e+00 5.000000e+00 5.759809e+00 0.000000e+00 5.759809e+00 0.000000e+00 
5.760809e+00 5.760809e+00 5.760809e+00 5.000000e+00 5.760809e+00 0.000000e+00 5.760809e+00 0.000000e+00 
5.761809e+00 5.761809e+00 5.761809e+00 5.000000e+00 5.761809e+00 0.000000e+00 5.761809e+00 0.000000e+00 
5.762809e+00 5.762809e+00 5.762809e+00 5.000000e+00 5.762809e+00 0.000000e+00 5.762809e+00 0.000000e+00 
5.763809e+00 5.763809e+00 5.763809e+00 5.000000e+00 5.763809e+00 0.000000e+00 5.763809e+00 0.000000e+00 
5.764809e+00 5.764809e+00 5.764809e+00 5.000000e+00 5.764809e+00 0.000000e+00 5.764809e+00 0.000000e+00 
5.765809e+00 5.765809e+00 5.765809e+00 5.000000e+00 5.765809e+00 0.000000e+00 5.765809e+00 0.000000e+00 
5.766809e+00 5.766809e+00 5.766809e+00 5.000000e+00 5.766809e+00 0.000000e+00 5.766809e+00 0.000000e+00 
5.767809e+00 5.767809e+00 5.767809e+00 5.000000e+00 5.767809e+00 0.000000e+00 5.767809e+00 0.000000e+00 
5.768809e+00 5.768809e+00 5.768809e+00 5.000000e+00 5.768809e+00 0.000000e+00 5.768809e+00 0.000000e+00 
5.769809e+00 5.769809e+00 5.769809e+00 5.000000e+00 5.769809e+00 0.000000e+00 5.769809e+00 0.000000e+00 
5.770809e+00 5.770809e+00 5.770809e+00 5.000000e+00 5.770809e+00 0.000000e+00 5.770809e+00 0.000000e+00 
5.771809e+00 5.771809e+00 5.771809e+00 5.000000e+00 5.771809e+00 0.000000e+00 5.771809e+00 0.000000e+00 
5.772809e+00 5.772809e+00 5.772809e+00 5.000000e+00 5.772809e+00 0.000000e+00 5.772809e+00 0.000000e+00 
5.773809e+00 5.773809e+00 5.773809e+00 5.000000e+00 5.773809e+00 0.000000e+00 5.773809e+00 0.000000e+00 
5.774809e+00 5.774809e+00 5.774809e+00 5.000000e+00 5.774809e+00 0.000000e+00 5.774809e+00 0.000000e+00 
5.775809e+00 5.775809e+00 5.775809e+00 5.000000e+00 5.775809e+00 0.000000e+00 5.775809e+00 0.000000e+00 
5.776809e+00 5.776809e+00 5.776809e+00 5.000000e+00 5.776809e+00 0.000000e+00 5.776809e+00 0.000000e+00 
5.777809e+00 5.777809e+00 5.777809e+00 5.000000e+00 5.777809e+00 0.000000e+00 5.777809e+00 0.000000e+00 
5.778809e+00 5.778809e+00 5.778809e+00 5.000000e+00 5.778809e+00 0.000000e+00 5.778809e+00 0.000000e+00 
5.779809e+00 5.779809e+00 5.779809e+00 5.000000e+00 5.779809e+00 0.000000e+00 5.779809e+00 0.000000e+00 
5.780809e+00 5.780809e+00 5.780809e+00 5.000000e+00 5.780809e+00 0.000000e+00 5.780809e+00 0.000000e+00 
5.781809e+00 5.781809e+00 5.781809e+00 5.000000e+00 5.781809e+00 0.000000e+00 5.781809e+00 0.000000e+00 
5.782809e+00 5.782809e+00 5.782809e+00 5.000000e+00 5.782809e+00 0.000000e+00 5.782809e+00 0.000000e+00 
5.783809e+00 5.783809e+00 5.783809e+00 5.000000e+00 5.783809e+00 0.000000e+00 5.783809e+00 0.000000e+00 
5.784809e+00 5.784809e+00 5.784809e+00 5.000000e+00 5.784809e+00 0.000000e+00 5.784809e+00 0.000000e+00 
5.785809e+00 5.785809e+00 5.785809e+00 5.000000e+00 5.785809e+00 0.000000e+00 5.785809e+00 0.000000e+00 
5.786809e+00 5.786809e+00 5.786809e+00 5.000000e+00 5.786809e+00 0.000000e+00 5.786809e+00 0.000000e+00 
5.787809e+00 5.787809e+00 5.787809e+00 5.000000e+00 5.787809e+00 0.000000e+00 5.787809e+00 0.000000e+00 
5.788809e+00 5.788809e+00 5.788809e+00 5.000000e+00 5.788809e+00 0.000000e+00 5.788809e+00 0.000000e+00 
5.789809e+00 5.789809e+00 5.789809e+00 5.000000e+00 5.789809e+00 0.000000e+00 5.789809e+00 0.000000e+00 
5.790809e+00 5.790809e+00 5.790809e+00 5.000000e+00 5.790809e+00 0.000000e+00 5.790809e+00 0.000000e+00 
5.791809e+00 5.791809e+00 5.791809e+00 5.000000e+00 5.791809e+00 0.000000e+00 5.791809e+00 0.000000e+00 
5.792809e+00 5.792809e+00 5.792809e+00 5.000000e+00 5.792809e+00 0.000000e+00 5.792809e+00 0.000000e+00 
5.793809e+00 5.793809e+00 5.793809e+00 5.000000e+00 5.793809e+00 0.000000e+00 5.793809e+00 0.000000e+00 
5.794809e+00 5.794809e+00 5.794809e+00 5.000000e+00 5.794809e+00 0.000000e+00 5.794809e+00 0.000000e+00 
5.795809e+00 5.795809e+00 5.795809e+00 5.000000e+00 5.795809e+00 0.000000e+00 5.795809e+00 0.000000e+00 
5.796809e+00 5.796809e+00 5.796809e+00 5.000000e+00 5.796809e+00 0.000000e+00 5.796809e+00 0.000000e+00 
5.797809e+00 5.797809e+00 5.797809e+00 5.000000e+00 5.797809e+00 0.000000e+00 5.797809e+00 0.000000e+00 
5.798809e+00 5.798809e+00 5.798809e+00 5.000000e+00 5.798809e+00 0.000000e+00 5.798809e+00 0.000000e+00 
5.799809e+00 5.799809e+00 5.799809e+00 5.000000e+00 5.799809e+00 0.000000e+00 5.799809e+00 0.000000e+00 
5.800809e+00 5.800809e+00 5.800809e+00 5.000000e+00 5.800809e+00 0.000000e+00 5.800809e+00 0.000000e+00 
5.801809e+00 5.801809e+00 5.801809e+00 5.000000e+00 5.801809e+00 0.000000e+00 5.801809e+00 0.000000e+00 
5.802809e+00 5.802809e+00 5.802809e+00 5.000000e+00 5.802809e+00 0.000000e+00 5.802809e+00 0.000000e+00 
5.803809e+00 5.803809e+00 5.803809e+00 5.000000e+00 5.803809e+00 0.000000e+00 5.803809e+00 0.000000e+00 
5.804809e+00 5.804809e+00 5.804809e+00 5.000000e+00 5.804809e+00 0.000000e+00 5.804809e+00 0.000000e+00 
5.805809e+00 5.805809e+00 5.805809e+00 5.000000e+00 5.805809e+00 0.000000e+00 5.805809e+00 0.000000e+00 
5.806809e+00 5.806809e+00 5.806809e+00 5.000000e+00 5.806809e+00 0.000000e+00 5.806809e+00 0.000000e+00 
5.807809e+00 5.807809e+00 5.807809e+00 5.000000e+00 5.807809e+00 0.000000e+00 5.807809e+00 0.000000e+00 
5.808809e+00 5.808809e+00 5.808809e+00 5.000000e+00 5.808809e+00 0.000000e+00 5.808809e+00 0.000000e+00 
5.809809e+00 5.809809e+00 5.809809e+00 5.000000e+00 5.809809e+00 0.000000e+00 5.809809e+00 0.000000e+00 
5.810809e+00 5.810809e+00 5.810809e+00 5.000000e+00 5.810809e+00 0.000000e+00 5.810809e+00 0.000000e+00 
5.811809e+00 5.811809e+00 5.811809e+00 5.000000e+00 5.811809e+00 0.000000e+00 5.811809e+00 0.000000e+00 
5.812809e+00 5.812809e+00 5.812809e+00 5.000000e+00 5.812809e+00 0.000000e+00 5.812809e+00 0.000000e+00 
5.813809e+00 5.813809e+00 5.813809e+00 5.000000e+00 5.813809e+00 0.000000e+00 5.813809e+00 0.000000e+00 
5.814809e+00 5.814809e+00 5.814809e+00 5.000000e+00 5.814809e+00 0.000000e+00 5.814809e+00 0.000000e+00 
5.815809e+00 5.815809e+00 5.815809e+00 5.000000e+00 5.815809e+00 0.000000e+00 5.815809e+00 0.000000e+00 
5.816809e+00 5.816809e+00 5.816809e+00 5.000000e+00 5.816809e+00 0.000000e+00 5.816809e+00 0.000000e+00 
5.817809e+00 5.817809e+00 5.817809e+00 5.000000e+00 5.817809e+00 0.000000e+00 5.817809e+00 0.000000e+00 
5.818809e+00 5.818809e+00 5.818809e+00 5.000000e+00 5.818809e+00 0.000000e+00 5.818809e+00 0.000000e+00 
5.819809e+00 5.819809e+00 5.819809e+00 5.000000e+00 5.819809e+00 0.000000e+00 5.819809e+00 0.000000e+00 
5.820809e+00 5.820809e+00 5.820809e+00 5.000000e+00 5.820809e+00 0.000000e+00 5.820809e+00 0.000000e+00 
5.821809e+00 5.821809e+00 5.821809e+00 5.000000e+00 5.821809e+00 0.000000e+00 5.821809e+00 0.000000e+00 
5.822809e+00 5.822809e+00 5.822809e+00 5.000000e+00 5.822809e+00 0.000000e+00 5.822809e+00 0.000000e+00 
5.823809e+00 5.823809e+00 5.823809e+00 5.000000e+00 5.823809e+00 0.000000e+00 5.823809e+00 0.000000e+00 
5.824809e+00 5.824809e+00 5.824809e+00 5.000000e+00 5.824809e+00 0.000000e+00 5.824809e+00 0.000000e+00 
5.825809e+00 5.825809e+00 5.825809e+00 5.000000e+00 5.825809e+00 0.000000e+00 5.825809e+00 0.000000e+00 
5.826809e+00 5.826809e+00 5.826809e+00 5.000000e+00 5.826809e+00 0.000000e+00 5.826809e+00 0.000000e+00 
5.827809e+00 5.827809e+00 5.827809e+00 5.000000e+00 5.827809e+00 0.000000e+00 5.827809e+00 0.000000e+00 
5.828809e+00 5.828809e+00 5.828809e+00 5.000000e+00 5.828809e+00 0.000000e+00 5.828809e+00 0.000000e+00 
5.829809e+00 5.829809e+00 5.829809e+00 5.000000e+00 5.829809e+00 0.000000e+00 5.829809e+00 0.000000e+00 
5.830809e+00 5.830809e+00 5.830809e+00 5.000000e+00 5.830809e+00 0.000000e+00 5.830809e+00 0.000000e+00 
5.831809e+00 5.831809e+00 5.831809e+00 5.000000e+00 5.831809e+00 0.000000e+00 5.831809e+00 0.000000e+00 
5.832809e+00 5.832809e+00 5.832809e+00 5.000000e+00 5.832809e+00 0.000000e+00 5.832809e+00 0.000000e+00 
5.833809e+00 5.833809e+00 5.833809e+00 5.000000e+00 5.833809e+00 0.000000e+00 5.833809e+00 0.000000e+00 
5.834809e+00 5.834809e+00 5.834809e+00 5.000000e+00 5.834809e+00 0.000000e+00 5.834809e+00 0.000000e+00 
5.835809e+00 5.835809e+00 5.835809e+00 5.000000e+00 5.835809e+00 0.000000e+00 5.835809e+00 0.000000e+00 
5.836809e+00 5.836809e+00 5.836809e+00 5.000000e+00 5.836809e+00 0.000000e+00 5.836809e+00 0.000000e+00 
5.837809e+00 5.837809e+00 5.837809e+00 5.000000e+00 5.837809e+00 0.000000e+00 5.837809e+00 0.000000e+00 
5.838809e+00 5.838809e+00 5.838809e+00 5.000000e+00 5.838809e+00 0.000000e+00 5.838809e+00 0.000000e+00 
5.839809e+00 5.839809e+00 5.839809e+00 5.000000e+00 5.839809e+00 0.000000e+00 5.839809e+00 0.000000e+00 
5.840809e+00 5.840809e+00 5.840809e+00 5.000000e+00 5.840809e+00 0.000000e+00 5.840809e+00 0.000000e+00 
5.841809e+00 5.841809e+00 5.841809e+00 5.000000e+00 5.841809e+00 0.000000e+00 5.841809e+00 0.000000e+00 
5.842809e+00 5.842809e+00 5.842809e+00 5.000000e+00 5.842809e+00 0.000000e+00 5.842809e+00 0.000000e+00 
5.843809e+00 5.843809e+00 5.843809e+00 5.000000e+00 5.843809e+00 0.000000e+00 5.843809e+00 0.000000e+00 
5.844809e+00 5.844809e+00 5.844809e+00 5.000000e+00 5.844809e+00 0.000000e+00 5.844809e+00 0.000000e+00 
5.845809e+00 5.845809e+00 5.845809e+00 5.000000e+00 5.845809e+00 0.000000e+00 5.845809e+00 0.000000e+00 
5.846809e+00 5.846809e+00 5.846809e+00 5.000000e+00 5.846809e+00 0.000000e+00 5.846809e+00 0.000000e+00 
5.847809e+00 5.847809e+00 5.847809e+00 5.000000e+00 5.847809e+00 0.000000e+00 5.847809e+00 0.000000e+00 
5.848809e+00 5.848809e+00 5.848809e+00 5.000000e+00 5.848809e+00 0.000000e+00 5.848809e+00 0.000000e+00 
5.849809e+00 5.849809e+00 5.849809e+00 5.000000e+00 5.849809e+00 0.000000e+00 5.849809e+00 0.000000e+00 
5.850809e+00 5.850809e+00 5.850809e+00 5.000000e+00 5.850809e+00 0.000000e+00 5.850809e+00 0.000000e+00 
5.851809e+00 5.851809e+00 5.851809e+00 5.000000e+00 5.851809e+00 0.000000e+00 5.851809e+00 0.000000e+00 
5.852809e+00 5.852809e+00 5.852809e+00 5.000000e+00 5.852809e+00 0.000000e+00 5.852809e+00 0.000000e+00 
5.853809e+00 5.853809e+00 5.853809e+00 5.000000e+00 5.853809e+00 0.000000e+00 5.853809e+00 0.000000e+00 
5.854809e+00 5.854809e+00 5.854809e+00 5.000000e+00 5.854809e+00 0.000000e+00 5.854809e+00 0.000000e+00 
5.855809e+00 5.855809e+00 5.855809e+00 5.000000e+00 5.855809e+00 0.000000e+00 5.855809e+00 0.000000e+00 
5.856809e+00 5.856809e+00 5.856809e+00 5.000000e+00 5.856809e+00 0.000000e+00 5.856809e+00 0.000000e+00 
5.857809e+00 5.857809e+00 5.857809e+00 5.000000e+00 5.857809e+00 0.000000e+00 5.857809e+00 0.000000e+00 
5.858809e+00 5.858809e+00 5.858809e+00 5.000000e+00 5.858809e+00 0.000000e+00 5.858809e+00 0.000000e+00 
5.859809e+00 5.859809e+00 5.859809e+00 5.000000e+00 5.859809e+00 0.000000e+00 5.859809e+00 0.000000e+00 
5.860809e+00 5.860809e+00 5.860809e+00 5.000000e+00 5.860809e+00 0.000000e+00 5.860809e+00 0.000000e+00 
5.861809e+00 5.861809e+00 5.861809e+00 5.000000e+00 5.861809e+00 0.000000e+00 5.861809e+00 0.000000e+00 
5.862809e+00 5.862809e+00 5.862809e+00 5.000000e+00 5.862809e+00 0.000000e+00 5.862809e+00 0.000000e+00 
5.863809e+00 5.863809e+00 5.863809e+00 5.000000e+00 5.863809e+00 0.000000e+00 5.863809e+00 0.000000e+00 
5.864809e+00 5.864809e+00 5.864809e+00 5.000000e+00 5.864809e+00 0.000000e+00 5.864809e+00 0.000000e+00 
5.865809e+00 5.865809e+00 5.865809e+00 5.000000e+00 5.865809e+00 0.000000e+00 5.865809e+00 0.000000e+00 
5.866809e+00 5.866809e+00 5.866809e+00 5.000000e+00 5.866809e+00 0.000000e+00 5.866809e+00 0.000000e+00 
5.867809e+00 5.867809e+00 5.867809e+00 5.000000e+00 5.867809e+00 0.000000e+00 5.867809e+00 0.000000e+00 
5.868809e+00 5.868809e+00 5.868809e+00 5.000000e+00 5.868809e+00 0.000000e+00 5.868809e+00 0.000000e+00 
5.869809e+00 5.869809e+00 5.869809e+00 5.000000e+00 5.869809e+00 0.000000e+00 5.869809e+00 0.000000e+00 
5.870809e+00 5.870809e+00 5.870809e+00 5.000000e+00 5.870809e+00 0.000000e+00 5.870809e+00 0.000000e+00 
5.871809e+00 5.871809e+00 5.871809e+00 5.000000e+00 5.871809e+00 0.000000e+00 5.871809e+00 0.000000e+00 
5.872809e+00 5.872809e+00 5.872809e+00 5.000000e+00 5.872809e+00 0.000000e+00 5.872809e+00 0.000000e+00 
5.873809e+00 5.873809e+00 5.873809e+00 5.000000e+00 5.873809e+00 0.000000e+00 5.873809e+00 0.000000e+00 
5.874809e+00 5.874809e+00 5.874809e+00 5.000000e+00 5.874809e+00 0.000000e+00 5.874809e+00 0.000000e+00 
5.875809e+00 5.875809e+00 5.875809e+00 5.000000e+00 5.875809e+00 0.000000e+00 5.875809e+00 0.000000e+00 
5.876809e+00 5.876809e+00 5.876809e+00 5.000000e+00 5.876809e+00 0.000000e+00 5.876809e+00 0.000000e+00 
5.877809e+00 5.877809e+00 5.877809e+00 5.000000e+00 5.877809e+00 0.000000e+00 5.877809e+00 0.000000e+00 
5.878809e+00 5.878809e+00 5.878809e+00 5.000000e+00 5.878809e+00 0.000000e+00 5.878809e+00 0.000000e+00 
5.879809e+00 5.879809e+00 5.879809e+00 5.000000e+00 5.879809e+00 0.000000e+00 5.879809e+00 0.000000e+00 
5.880809e+00 5.880809e+00 5.880809e+00 5.000000e+00 5.880809e+00 0.000000e+00 5.880809e+00 0.000000e+00 
5.881809e+00 5.881809e+00 5.881809e+00 5.000000e+00 5.881809e+00 0.000000e+00 5.881809e+00 0.000000e+00 
5.882809e+00 5.882809e+00 5.882809e+00 5.000000e+00 5.882809e+00 0.000000e+00 5.882809e+00 0.000000e+00 
5.883809e+00 5.883809e+00 5.883809e+00 5.000000e+00 5.883809e+00 0.000000e+00 5.883809e+00 0.000000e+00 
5.884809e+00 5.884809e+00 5.884809e+00 5.000000e+00 5.884809e+00 0.000000e+00 5.884809e+00 0.000000e+00 
5.885809e+00 5.885809e+00 5.885809e+00 5.000000e+00 5.885809e+00 0.000000e+00 5.885809e+00 0.000000e+00 
5.886809e+00 5.886809e+00 5.886809e+00 5.000000e+00 5.886809e+00 0.000000e+00 5.886809e+00 0.000000e+00 
5.887809e+00 5.887809e+00 5.887809e+00 5.000000e+00 5.887809e+00 0.000000e+00 5.887809e+00 0.000000e+00 
5.888809e+00 5.888809e+00 5.888809e+00 5.000000e+00 5.888809e+00 0.000000e+00 5.888809e+00 0.000000e+00 
5.889809e+00 5.889809e+00 5.889809e+00 5.000000e+00 5.889809e+00 0.000000e+00 5.889809e+00 0.000000e+00 
5.890809e+00 5.890809e+00 5.890809e+00 5.000000e+00 5.890809e+00 0.000000e+00 5.890809e+00 0.000000e+00 
5.891809e+00 5.891809e+00 5.891809e+00 5.000000e+00 5.891809e+00 0.000000e+00 5.891809e+00 0.000000e+00 
5.892809e+00 5.892809e+00 5.892809e+00 5.000000e+00 5.892809e+00 0.000000e+00 5.892809e+00 0.000000e+00 
5.893809e+00 5.893809e+00 5.893809e+00 5.000000e+00 5.893809e+00 0.000000e+00 5.893809e+00 0.000000e+00 
5.894809e+00 5.894809e+00 5.894809e+00 5.000000e+00 5.894809e+00 0.000000e+00 5.894809e+00 0.000000e+00 
5.895809e+00 5.895809e+00 5.895809e+00 5.000000e+00 5.895809e+00 0.000000e+00 5.895809e+00 0.000000e+00 
5.896809e+00 5.896809e+00 5.896809e+00 5.000000e+00 5.896809e+00 0.000000e+00 5.896809e+00 0.000000e+00 
5.897809e+00 5.897809e+00 5.897809e+00 5.000000e+00 5.897809e+00 0.000000e+00 5.897809e+00 0.000000e+00 
5.898809e+00 5.898809e+00 5.898809e+00 5.000000e+00 5.898809e+00 0.000000e+00 5.898809e+00 0.000000e+00 
5.899809e+00 5.899809e+00 5.899809e+00 5.000000e+00 5.899809e+00 0.000000e+00 5.899809e+00 0.000000e+00 
5.900809e+00 5.900809e+00 5.900809e+00 5.000000e+00 5.900809e+00 0.000000e+00 5.900809e+00 0.000000e+00 
5.901809e+00 5.901809e+00 5.901809e+00 5.000000e+00 5.901809e+00 0.000000e+00 5.901809e+00 0.000000e+00 
5.902809e+00 5.902809e+00 5.902809e+00 5.000000e+00 5.902809e+00 0.000000e+00 5.902809e+00 0.000000e+00 
5.903809e+00 5.903809e+00 5.903809e+00 5.000000e+00 5.903809e+00 0.000000e+00 5.903809e+00 0.000000e+00 
5.904809e+00 5.904809e+00 5.904809e+00 5.000000e+00 5.904809e+00 0.000000e+00 5.904809e+00 0.000000e+00 
5.905809e+00 5.905809e+00 5.905809e+00 5.000000e+00 5.905809e+00 0.000000e+00 5.905809e+00 0.000000e+00 
5.906809e+00 5.906809e+00 5.906809e+00 5.000000e+00 5.906809e+00 0.000000e+00 5.906809e+00 0.000000e+00 
5.907809e+00 5.907809e+00 5.907809e+00 5.000000e+00 5.907809e+00 0.000000e+00 5.907809e+00 0.000000e+00 
5.908809e+00 5.908809e+00 5.908809e+00 5.000000e+00 5.908809e+00 0.000000e+00 5.908809e+00 0.000000e+00 
5.909809e+00 5.909809e+00 5.909809e+00 5.000000e+00 5.909809e+00 0.000000e+00 5.909809e+00 0.000000e+00 
5.910809e+00 5.910809e+00 5.910809e+00 5.000000e+00 5.910809e+00 0.000000e+00 5.910809e+00 0.000000e+00 
5.911809e+00 5.911809e+00 5.911809e+00 5.000000e+00 5.911809e+00 0.000000e+00 5.911809e+00 0.000000e+00 
5.912809e+00 5.912809e+00 5.912809e+00 5.000000e+00 5.912809e+00 0.000000e+00 5.912809e+00 0.000000e+00 
5.913809e+00 5.913809e+00 5.913809e+00 5.000000e+00 5.913809e+00 0.000000e+00 5.913809e+00 0.000000e+00 
5.914809e+00 5.914809e+00 5.914809e+00 5.000000e+00 5.914809e+00 0.000000e+00 5.914809e+00 0.000000e+00 
5.915809e+00 5.915809e+00 5.915809e+00 5.000000e+00 5.915809e+00 0.000000e+00 5.915809e+00 0.000000e+00 
5.916809e+00 5.916809e+00 5.916809e+00 5.000000e+00 5.916809e+00 0.000000e+00 5.916809e+00 0.000000e+00 
5.917809e+00 5.917809e+00 5.917809e+00 5.000000e+00 5.917809e+00 0.000000e+00 5.917809e+00 0.000000e+00 
5.918809e+00 5.918809e+00 5.918809e+00 5.000000e+00 5.918809e+00 0.000000e+00 5.918809e+00 0.000000e+00 
5.919809e+00 5.919809e+00 5.919809e+00 5.000000e+00 5.919809e+00 0.000000e+00 5.919809e+00 0.000000e+00 
5.920809e+00 5.920809e+00 5.920809e+00 5.000000e+00 5.920809e+00 0.000000e+00 5.920809e+00 0.000000e+00 
5.921809e+00 5.921809e+00 5.921809e+00 5.000000e+00 5.921809e+00 0.000000e+00 5.921809e+00 0.000000e+00 
5.922809e+00 5.922809e+00 5.922809e+00 5.000000e+00 5.922809e+00 0.000000e+00 5.922809e+00 0.000000e+00 
5.923809e+00 5.923809e+00 5.923809e+00 5.000000e+00 5.923809e+00 0.000000e+00 5.923809e+00 0.000000e+00 
5.924809e+00 5.924809e+00 5.924809e+00 5.000000e+00 5.924809e+00 0.000000e+00 5.924809e+00 0.000000e+00 
5.925809e+00 5.925809e+00 5.925809e+00 5.000000e+00 5.925809e+00 0.000000e+00 5.925809e+00 0.000000e+00 
5.926809e+00 5.926809e+00 5.926809e+00 5.000000e+00 5.926809e+00 0.000000e+00 5.926809e+00 0.000000e+00 
5.927809e+00 5.927809e+00 5.927809e+00 5.000000e+00 5.927809e+00 0.000000e+00 5.927809e+00 0.000000e+00 
5.928809e+00 5.928809e+00 5.928809e+00 5.000000e+00 5.928809e+00 0.000000e+00 5.928809e+00 0.000000e+00 
5.929809e+00 5.929809e+00 5.929809e+00 5.000000e+00 5.929809e+00 0.000000e+00 5.929809e+00 0.000000e+00 
5.930809e+00 5.930809e+00 5.930809e+00 5.000000e+00 5.930809e+00 0.000000e+00 5.930809e+00 0.000000e+00 
5.931809e+00 5.931809e+00 5.931809e+00 5.000000e+00 5.931809e+00 0.000000e+00 5.931809e+00 0.000000e+00 
5.932809e+00 5.932809e+00 5.932809e+00 5.000000e+00 5.932809e+00 0.000000e+00 5.932809e+00 0.000000e+00 
5.933809e+00 5.933809e+00 5.933809e+00 5.000000e+00 5.933809e+00 0.000000e+00 5.933809e+00 0.000000e+00 
5.934809e+00 5.934809e+00 5.934809e+00 5.000000e+00 5.934809e+00 0.000000e+00 5.934809e+00 0.000000e+00 
5.935809e+00 5.935809e+00 5.935809e+00 5.000000e+00 5.935809e+00 0.000000e+00 5.935809e+00 0.000000e+00 
5.936809e+00 5.936809e+00 5.936809e+00 5.000000e+00 5.936809e+00 0.000000e+00 5.936809e+00 0.000000e+00 
5.937809e+00 5.937809e+00 5.937809e+00 5.000000e+00 5.937809e+00 0.000000e+00 5.937809e+00 0.000000e+00 
5.938809e+00 5.938809e+00 5.938809e+00 5.000000e+00 5.938809e+00 0.000000e+00 5.938809e+00 0.000000e+00 
5.939809e+00 5.939809e+00 5.939809e+00 5.000000e+00 5.939809e+00 0.000000e+00 5.939809e+00 0.000000e+00 
5.940809e+00 5.940809e+00 5.940809e+00 5.000000e+00 5.940809e+00 0.000000e+00 5.940809e+00 0.000000e+00 
5.941809e+00 5.941809e+00 5.941809e+00 5.000000e+00 5.941809e+00 0.000000e+00 5.941809e+00 0.000000e+00 
5.942809e+00 5.942809e+00 5.942809e+00 5.000000e+00 5.942809e+00 0.000000e+00 5.942809e+00 0.000000e+00 
5.943809e+00 5.943809e+00 5.943809e+00 5.000000e+00 5.943809e+00 0.000000e+00 5.943809e+00 0.000000e+00 
5.944809e+00 5.944809e+00 5.944809e+00 5.000000e+00 5.944809e+00 0.000000e+00 5.944809e+00 0.000000e+00 
5.945809e+00 5.945809e+00 5.945809e+00 5.000000e+00 5.945809e+00 0.000000e+00 5.945809e+00 0.000000e+00 
5.946809e+00 5.946809e+00 5.946809e+00 5.000000e+00 5.946809e+00 0.000000e+00 5.946809e+00 0.000000e+00 
5.947809e+00 5.947809e+00 5.947809e+00 5.000000e+00 5.947809e+00 0.000000e+00 5.947809e+00 0.000000e+00 
5.948809e+00 5.948809e+00 5.948809e+00 5.000000e+00 5.948809e+00 0.000000e+00 5.948809e+00 0.000000e+00 
5.949809e+00 5.949809e+00 5.949809e+00 5.000000e+00 5.949809e+00 0.000000e+00 5.949809e+00 0.000000e+00 
5.950809e+00 5.950809e+00 5.950809e+00 5.000000e+00 5.950809e+00 0.000000e+00 5.950809e+00 0.000000e+00 
5.951809e+00 5.951809e+00 5.951809e+00 5.000000e+00 5.951809e+00 0.000000e+00 5.951809e+00 0.000000e+00 
5.952809e+00 5.952809e+00 5.952809e+00 5.000000e+00 5.952809e+00 0.000000e+00 5.952809e+00 0.000000e+00 
5.953809e+00 5.953809e+00 5.953809e+00 5.000000e+00 5.953809e+00 0.000000e+00 5.953809e+00 0.000000e+00 
5.954809e+00 5.954809e+00 5.954809e+00 5.000000e+00 5.954809e+00 0.000000e+00 5.954809e+00 0.000000e+00 
5.955809e+00 5.955809e+00 5.955809e+00 5.000000e+00 5.955809e+00 0.000000e+00 5.955809e+00 0.000000e+00 
5.956809e+00 5.956809e+00 5.956809e+00 5.000000e+00 5.956809e+00 0.000000e+00 5.956809e+00 0.000000e+00 
5.957809e+00 5.957809e+00 5.957809e+00 5.000000e+00 5.957809e+00 0.000000e+00 5.957809e+00 0.000000e+00 
5.958809e+00 5.958809e+00 5.958809e+00 5.000000e+00 5.958809e+00 0.000000e+00 5.958809e+00 0.000000e+00 
5.959809e+00 5.959809e+00 5.959809e+00 5.000000e+00 5.959809e+00 0.000000e+00 5.959809e+00 0.000000e+00 
5.960809e+00 5.960809e+00 5.960809e+00 5.000000e+00 5.960809e+00 0.000000e+00 5.960809e+00 0.000000e+00 
5.961809e+00 5.961809e+00 5.961809e+00 5.000000e+00 5.961809e+00 0.000000e+00 5.961809e+00 0.000000e+00 
5.962809e+00 5.962809e+00 5.962809e+00 5.000000e+00 5.962809e+00 0.000000e+00 5.962809e+00 0.000000e+00 
5.963809e+00 5.963809e+00 5.963809e+00 5.000000e+00 5.963809e+00 0.000000e+00 5.963809e+00 0.000000e+00 
5.964809e+00 5.964809e+00 5.964809e+00 5.000000e+00 5.964809e+00 0.000000e+00 5.964809e+00 0.000000e+00 
5.965809e+00 5.965809e+00 5.965809e+00 5.000000e+00 5.965809e+00 0.000000e+00 5.965809e+00 0.000000e+00 
5.966809e+00 5.966809e+00 5.966809e+00 5.000000e+00 5.966809e+00 0.000000e+00 5.966809e+00 0.000000e+00 
5.967809e+00 5.967809e+00 5.967809e+00 5.000000e+00 5.967809e+00 0.000000e+00 5.967809e+00 0.000000e+00 
5.968809e+00 5.968809e+00 5.968809e+00 5.000000e+00 5.968809e+00 0.000000e+00 5.968809e+00 0.000000e+00 
5.969809e+00 5.969809e+00 5.969809e+00 5.000000e+00 5.969809e+00 0.000000e+00 5.969809e+00 0.000000e+00 
5.970809e+00 5.970809e+00 5.970809e+00 5.000000e+00 5.970809e+00 0.000000e+00 5.970809e+00 0.000000e+00 
5.971809e+00 5.971809e+00 5.971809e+00 5.000000e+00 5.971809e+00 0.000000e+00 5.971809e+00 0.000000e+00 
5.972809e+00 5.972809e+00 5.972809e+00 5.000000e+00 5.972809e+00 0.000000e+00 5.972809e+00 0.000000e+00 
5.973809e+00 5.973809e+00 5.973809e+00 5.000000e+00 5.973809e+00 0.000000e+00 5.973809e+00 0.000000e+00 
5.974809e+00 5.974809e+00 5.974809e+00 5.000000e+00 5.974809e+00 0.000000e+00 5.974809e+00 0.000000e+00 
5.975809e+00 5.975809e+00 5.975809e+00 5.000000e+00 5.975809e+00 0.000000e+00 5.975809e+00 0.000000e+00 
5.976809e+00 5.976809e+00 5.976809e+00 5.000000e+00 5.976809e+00 0.000000e+00 5.976809e+00 0.000000e+00 
5.977809e+00 5.977809e+00 5.977809e+00 5.000000e+00 5.977809e+00 0.000000e+00 5.977809e+00 0.000000e+00 
5.978809e+00 5.978809e+00 5.978809e+00 5.000000e+00 5.978809e+00 0.000000e+00 5.978809e+00 0.000000e+00 
5.979809e+00 5.979809e+00 5.979809e+00 5.000000e+00 5.979809e+00 0.000000e+00 5.979809e+00 0.000000e+00 
5.980809e+00 5.980809e+00 5.980809e+00 5.000000e+00 5.980809e+00 0.000000e+00 5.980809e+00 0.000000e+00 
5.981809e+00 5.981809e+00 5.981809e+00 5.000000e+00 5.981809e+00 0.000000e+00 5.981809e+00 0.000000e+00 
5.982809e+00 5.982809e+00 5.982809e+00 5.000000e+00 5.982809e+00 0.000000e+00 5.982809e+00 0.000000e+00 
5.983809e+00 5.983809e+00 5.983809e+00 5.000000e+00 5.983809e+00 0.000000e+00 5.983809e+00 0.000000e+00 
5.984809e+00 5.984809e+00 5.984809e+00 5.000000e+00 5.984809e+00 0.000000e+00 5.984809e+00 0.000000e+00 
5.985809e+00 5.985809e+00 5.985809e+00 5.000000e+00 5.985809e+00 0.000000e+00 5.985809e+00 0.000000e+00 
5.986809e+00 5.986809e+00 5.986809e+00 5.000000e+00 5.986809e+00 0.000000e+00 5.986809e+00 0.000000e+00 
5.987809e+00 5.987809e+00 5.987809e+00 5.000000e+00 5.987809e+00 0.000000e+00 5.987809e+00 0.000000e+00 
5.988809e+00 5.988809e+00 5.988809e+00 5.000000e+00 5.988809e+00 0.000000e+00 5.988809e+00 0.000000e+00 
5.989809e+00 5.989809e+00 5.989809e+00 5.000000e+00 5.989809e+00 0.000000e+00 5.989809e+00 0.000000e+00 
5.990809e+00 5.990809e+00 5.990809e+00 5.000000e+00 5.990809e+00 0.000000e+00 5.990809e+00 0.000000e+00 
5.991809e+00 5.991809e+00 5.991809e+00 5.000000e+00 5.991809e+00 0.000000e+00 5.991809e+00 0.000000e+00 
5.992809e+00 5.992809e+00 5.992809e+00 5.000000e+00 5.992809e+00 0.000000e+00 5.992809e+00 0.000000e+00 
5.993809e+00 5.993809e+00 5.993809e+00 5.000000e+00 5.993809e+00 0.000000e+00 5.993809e+00 0.000000e+00 
5.994809e+00 5.994809e+00 5.994809e+00 5.000000e+00 5.994809e+00 0.000000e+00 5.994809e+00 0.000000e+00 
5.995809e+00 5.995809e+00 5.995809e+00 5.000000e+00 5.995809e+00 0.000000e+00 5.995809e+00 0.000000e+00 
5.996809e+00 5.996809e+00 5.996809e+00 5.000000e+00 5.996809e+00 0.000000e+00 5.996809e+00 0.000000e+00 
5.997809e+00 5.997809e+00 5.997809e+00 5.000000e+00 5.997809e+00 0.000000e+00 5.997809e+00 0.000000e+00 
5.998809e+00 5.998809e+00 5.998809e+00 5.000000e+00 5.998809e+00 0.000000e+00 5.998809e+00 0.000000e+00 
5.999809e+00 5.999809e+00 5.999809e+00 5.000000e+00 5.999809e+00 0.000000e+00 5.999809e+00 0.000000e+00 
6.000809e+00 6.000809e+00 6.000809e+00 5.000000e+00 6.000809e+00 0.000000e+00 6.000809e+00 0.000000e+00 
6.001809e+00 6.001809e+00 6.001809e+00 5.000000e+00 6.001809e+00 0.000000e+00 6.001809e+00 0.000000e+00 
6.002809e+00 6.002809e+00 6.002809e+00 5.000000e+00 6.002809e+00 0.000000e+00 6.002809e+00 0.000000e+00 
6.003809e+00 6.003809e+00 6.003809e+00 5.000000e+00 6.003809e+00 0.000000e+00 6.003809e+00 0.000000e+00 
6.004809e+00 6.004809e+00 6.004809e+00 5.000000e+00 6.004809e+00 0.000000e+00 6.004809e+00 0.000000e+00 
6.005809e+00 6.005809e+00 6.005809e+00 5.000000e+00 6.005809e+00 0.000000e+00 6.005809e+00 0.000000e+00 
6.006809e+00 6.006809e+00 6.006809e+00 5.000000e+00 6.006809e+00 0.000000e+00 6.006809e+00 0.000000e+00 
6.007809e+00 6.007809e+00 6.007809e+00 5.000000e+00 6.007809e+00 0.000000e+00 6.007809e+00 0.000000e+00 
6.008809e+00 6.008809e+00 6.008809e+00 5.000000e+00 6.008809e+00 0.000000e+00 6.008809e+00 0.000000e+00 
6.009809e+00 6.009809e+00 6.009809e+00 5.000000e+00 6.009809e+00 0.000000e+00 6.009809e+00 0.000000e+00 
6.010809e+00 6.010809e+00 6.010809e+00 5.000000e+00 6.010809e+00 0.000000e+00 6.010809e+00 0.000000e+00 
6.011809e+00 6.011809e+00 6.011809e+00 5.000000e+00 6.011809e+00 0.000000e+00 6.011809e+00 0.000000e+00 
6.012809e+00 6.012809e+00 6.012809e+00 5.000000e+00 6.012809e+00 0.000000e+00 6.012809e+00 0.000000e+00 
6.013809e+00 6.013809e+00 6.013809e+00 5.000000e+00 6.013809e+00 0.000000e+00 6.013809e+00 0.000000e+00 
6.014809e+00 6.014809e+00 6.014809e+00 5.000000e+00 6.014809e+00 0.000000e+00 6.014809e+00 0.000000e+00 
6.015809e+00 6.015809e+00 6.015809e+00 5.000000e+00 6.015809e+00 0.000000e+00 6.015809e+00 0.000000e+00 
6.016809e+00 6.016809e+00 6.016809e+00 5.000000e+00 6.016809e+00 0.000000e+00 6.016809e+00 0.000000e+00 
6.017809e+00 6.017809e+00 6.017809e+00 5.000000e+00 6.017809e+00 0.000000e+00 6.017809e+00 0.000000e+00 
6.018809e+00 6.018809e+00 6.018809e+00 5.000000e+00 6.018809e+00 0.000000e+00 6.018809e+00 0.000000e+00 
6.019809e+00 6.019809e+00 6.019809e+00 5.000000e+00 6.019809e+00 0.000000e+00 6.019809e+00 0.000000e+00 
6.020809e+00 6.020809e+00 6.020809e+00 5.000000e+00 6.020809e+00 0.000000e+00 6.020809e+00 0.000000e+00 
6.021809e+00 6.021809e+00 6.021809e+00 5.000000e+00 6.021809e+00 0.000000e+00 6.021809e+00 0.000000e+00 
6.022809e+00 6.022809e+00 6.022809e+00 5.000000e+00 6.022809e+00 0.000000e+00 6.022809e+00 0.000000e+00 
6.023809e+00 6.023809e+00 6.023809e+00 5.000000e+00 6.023809e+00 0.000000e+00 6.023809e+00 0.000000e+00 
6.024809e+00 6.024809e+00 6.024809e+00 5.000000e+00 6.024809e+00 0.000000e+00 6.024809e+00 0.000000e+00 
6.025809e+00 6.025809e+00 6.025809e+00 5.000000e+00 6.025809e+00 0.000000e+00 6.025809e+00 0.000000e+00 
6.026809e+00 6.026809e+00 6.026809e+00 5.000000e+00 6.026809e+00 0.000000e+00 6.026809e+00 0.000000e+00 
6.027809e+00 6.027809e+00 6.027809e+00 5.000000e+00 6.027809e+00 0.000000e+00 6.027809e+00 0.000000e+00 
6.028809e+00 6.028809e+00 6.028809e+00 5.000000e+00 6.028809e+00 0.000000e+00 6.028809e+00 0.000000e+00 
6.029809e+00 6.029809e+00 6.029809e+00 5.000000e+00 6.029809e+00 0.000000e+00 6.029809e+00 0.000000e+00 
6.030809e+00 6.030809e+00 6.030809e+00 5.000000e+00 6.030809e+00 0.000000e+00 6.030809e+00 0.000000e+00 
6.031809e+00 6.031809e+00 6.031809e+00 5.000000e+00 6.031809e+00 0.000000e+00 6.031809e+00 0.000000e+00 
6.032809e+00 6.032809e+00 6.032809e+00 5.000000e+00 6.032809e+00 0.000000e+00 6.032809e+00 0.000000e+00 
6.033809e+00 6.033809e+00 6.033809e+00 5.000000e+00 6.033809e+00 0.000000e+00 6.033809e+00 0.000000e+00 
6.034809e+00 6.034809e+00 6.034809e+00 5.000000e+00 6.034809e+00 0.000000e+00 6.034809e+00 0.000000e+00 
6.035809e+00 6.035809e+00 6.035809e+00 5.000000e+00 6.035809e+00 0.000000e+00 6.035809e+00 0.000000e+00 
6.036809e+00 6.036809e+00 6.036809e+00 5.000000e+00 6.036809e+00 0.000000e+00 6.036809e+00 0.000000e+00 
6.037809e+00 6.037809e+00 6.037809e+00 5.000000e+00 6.037809e+00 0.000000e+00 6.037809e+00 0.000000e+00 
6.038809e+00 6.038809e+00 6.038809e+00 5.000000e+00 6.038809e+00 0.000000e+00 6.038809e+00 0.000000e+00 
6.039809e+00 6.039809e+00 6.039809e+00 5.000000e+00 6.039809e+00 0.000000e+00 6.039809e+00 0.000000e+00 
6.040809e+00 6.040809e+00 6.040809e+00 5.000000e+00 6.040809e+00 0.000000e+00 6.040809e+00 0.000000e+00 
6.041809e+00 6.041809e+00 6.041809e+00 5.000000e+00 6.041809e+00 0.000000e+00 6.041809e+00 0.000000e+00 
6.042809e+00 6.042809e+00 6.042809e+00 5.000000e+00 6.042809e+00 0.000000e+00 6.042809e+00 0.000000e+00 
6.043809e+00 6.043809e+00 6.043809e+00 5.000000e+00 6.043809e+00 0.000000e+00 6.043809e+00 0.000000e+00 
6.044809e+00 6.044809e+00 6.044809e+00 5.000000e+00 6.044809e+00 0.000000e+00 6.044809e+00 0.000000e+00 
6.045809e+00 6.045809e+00 6.045809e+00 5.000000e+00 6.045809e+00 0.000000e+00 6.045809e+00 0.000000e+00 
6.046809e+00 6.046809e+00 6.046809e+00 5.000000e+00 6.046809e+00 0.000000e+00 6.046809e+00 0.000000e+00 
6.047809e+00 6.047809e+00 6.047809e+00 5.000000e+00 6.047809e+00 0.000000e+00 6.047809e+00 0.000000e+00 
6.048809e+00 6.048809e+00 6.048809e+00 5.000000e+00 6.048809e+00 0.000000e+00 6.048809e+00 0.000000e+00 
6.049809e+00 6.049809e+00 6.049809e+00 5.000000e+00 6.049809e+00 0.000000e+00 6.049809e+00 0.000000e+00 
6.050809e+00 6.050809e+00 6.050809e+00 5.000000e+00 6.050809e+00 0.000000e+00 6.050809e+00 0.000000e+00 
6.051809e+00 6.051809e+00 6.051809e+00 5.000000e+00 6.051809e+00 0.000000e+00 6.051809e+00 0.000000e+00 
6.052809e+00 6.052809e+00 6.052809e+00 5.000000e+00 6.052809e+00 0.000000e+00 6.052809e+00 0.000000e+00 
6.053809e+00 6.053809e+00 6.053809e+00 5.000000e+00 6.053809e+00 0.000000e+00 6.053809e+00 0.000000e+00 
6.054809e+00 6.054809e+00 6.054809e+00 5.000000e+00 6.054809e+00 0.000000e+00 6.054809e+00 0.000000e+00 
6.055809e+00 6.055809e+00 6.055809e+00 5.000000e+00 6.055809e+00 0.000000e+00 6.055809e+00 0.000000e+00 
6.056809e+00 6.056809e+00 6.056809e+00 5.000000e+00 6.056809e+00 0.000000e+00 6.056809e+00 0.000000e+00 
6.057809e+00 6.057809e+00 6.057809e+00 5.000000e+00 6.057809e+00 0.000000e+00 6.057809e+00 0.000000e+00 
6.058809e+00 6.058809e+00 6.058809e+00 5.000000e+00 6.058809e+00 0.000000e+00 6.058809e+00 0.000000e+00 
6.059809e+00 6.059809e+00 6.059809e+00 5.000000e+00 6.059809e+00 0.000000e+00 6.059809e+00 0.000000e+00 
6.060809e+00 6.060809e+00 6.060809e+00 5.000000e+00 6.060809e+00 0.000000e+00 6.060809e+00 0.000000e+00 
6.061809e+00 6.061809e+00 6.061809e+00 5.000000e+00 6.061809e+00 0.000000e+00 6.061809e+00 0.000000e+00 
6.062809e+00 6.062809e+00 6.062809e+00 5.000000e+00 6.062809e+00 0.000000e+00 6.062809e+00 0.000000e+00 
6.063809e+00 6.063809e+00 6.063809e+00 5.000000e+00 6.063809e+00 0.000000e+00 6.063809e+00 0.000000e+00 
6.064809e+00 6.064809e+00 6.064809e+00 5.000000e+00 6.064809e+00 0.000000e+00 6.064809e+00 0.000000e+00 
6.065809e+00 6.065809e+00 6.065809e+00 5.000000e+00 6.065809e+00 0.000000e+00 6.065809e+00 0.000000e+00 
6.066809e+00 6.066809e+00 6.066809e+00 5.000000e+00 6.066809e+00 0.000000e+00 6.066809e+00 0.000000e+00 
6.067809e+00 6.067809e+00 6.067809e+00 5.000000e+00 6.067809e+00 0.000000e+00 6.067809e+00 0.000000e+00 
6.068809e+00 6.068809e+00 6.068809e+00 5.000000e+00 6.068809e+00 0.000000e+00 6.068809e+00 0.000000e+00 
6.069809e+00 6.069809e+00 6.069809e+00 5.000000e+00 6.069809e+00 0.000000e+00 6.069809e+00 0.000000e+00 
6.070809e+00 6.070809e+00 6.070809e+00 5.000000e+00 6.070809e+00 0.000000e+00 6.070809e+00 0.000000e+00 
6.071809e+00 6.071809e+00 6.071809e+00 5.000000e+00 6.071809e+00 0.000000e+00 6.071809e+00 0.000000e+00 
6.072809e+00 6.072809e+00 6.072809e+00 5.000000e+00 6.072809e+00 0.000000e+00 6.072809e+00 0.000000e+00 
6.073809e+00 6.073809e+00 6.073809e+00 5.000000e+00 6.073809e+00 0.000000e+00 6.073809e+00 0.000000e+00 
6.074809e+00 6.074809e+00 6.074809e+00 5.000000e+00 6.074809e+00 0.000000e+00 6.074809e+00 0.000000e+00 
6.075809e+00 6.075809e+00 6.075809e+00 5.000000e+00 6.075809e+00 0.000000e+00 6.075809e+00 0.000000e+00 
6.076809e+00 6.076809e+00 6.076809e+00 5.000000e+00 6.076809e+00 0.000000e+00 6.076809e+00 0.000000e+00 
6.077809e+00 6.077809e+00 6.077809e+00 5.000000e+00 6.077809e+00 0.000000e+00 6.077809e+00 0.000000e+00 
6.078809e+00 6.078809e+00 6.078809e+00 5.000000e+00 6.078809e+00 0.000000e+00 6.078809e+00 0.000000e+00 
6.079809e+00 6.079809e+00 6.079809e+00 5.000000e+00 6.079809e+00 0.000000e+00 6.079809e+00 0.000000e+00 
6.080809e+00 6.080809e+00 6.080809e+00 5.000000e+00 6.080809e+00 0.000000e+00 6.080809e+00 0.000000e+00 
6.081809e+00 6.081809e+00 6.081809e+00 5.000000e+00 6.081809e+00 0.000000e+00 6.081809e+00 0.000000e+00 
6.082809e+00 6.082809e+00 6.082809e+00 5.000000e+00 6.082809e+00 0.000000e+00 6.082809e+00 0.000000e+00 
6.083809e+00 6.083809e+00 6.083809e+00 5.000000e+00 6.083809e+00 0.000000e+00 6.083809e+00 0.000000e+00 
6.084809e+00 6.084809e+00 6.084809e+00 5.000000e+00 6.084809e+00 0.000000e+00 6.084809e+00 0.000000e+00 
6.085809e+00 6.085809e+00 6.085809e+00 5.000000e+00 6.085809e+00 0.000000e+00 6.085809e+00 0.000000e+00 
6.086809e+00 6.086809e+00 6.086809e+00 5.000000e+00 6.086809e+00 0.000000e+00 6.086809e+00 0.000000e+00 
6.087809e+00 6.087809e+00 6.087809e+00 5.000000e+00 6.087809e+00 0.000000e+00 6.087809e+00 0.000000e+00 
6.088809e+00 6.088809e+00 6.088809e+00 5.000000e+00 6.088809e+00 0.000000e+00 6.088809e+00 0.000000e+00 
6.089809e+00 6.089809e+00 6.089809e+00 5.000000e+00 6.089809e+00 0.000000e+00 6.089809e+00 0.000000e+00 
6.090809e+00 6.090809e+00 6.090809e+00 5.000000e+00 6.090809e+00 0.000000e+00 6.090809e+00 0.000000e+00 
6.091809e+00 6.091809e+00 6.091809e+00 5.000000e+00 6.091809e+00 0.000000e+00 6.091809e+00 0.000000e+00 
6.092809e+00 6.092809e+00 6.092809e+00 5.000000e+00 6.092809e+00 0.000000e+00 6.092809e+00 0.000000e+00 
6.093809e+00 6.093809e+00 6.093809e+00 5.000000e+00 6.093809e+00 0.000000e+00 6.093809e+00 0.000000e+00 
6.094809e+00 6.094809e+00 6.094809e+00 5.000000e+00 6.094809e+00 0.000000e+00 6.094809e+00 0.000000e+00 
6.095809e+00 6.095809e+00 6.095809e+00 5.000000e+00 6.095809e+00 0.000000e+00 6.095809e+00 0.000000e+00 
6.096809e+00 6.096809e+00 6.096809e+00 5.000000e+00 6.096809e+00 0.000000e+00 6.096809e+00 0.000000e+00 
6.097809e+00 6.097809e+00 6.097809e+00 5.000000e+00 6.097809e+00 0.000000e+00 6.097809e+00 0.000000e+00 
6.098809e+00 6.098809e+00 6.098809e+00 5.000000e+00 6.098809e+00 0.000000e+00 6.098809e+00 0.000000e+00 
6.099809e+00 6.099809e+00 6.099809e+00 5.000000e+00 6.099809e+00 0.000000e+00 6.099809e+00 0.000000e+00 
6.100809e+00 6.100809e+00 6.100809e+00 5.000000e+00 6.100809e+00 0.000000e+00 6.100809e+00 0.000000e+00 
6.101809e+00 6.101809e+00 6.101809e+00 5.000000e+00 6.101809e+00 0.000000e+00 6.101809e+00 0.000000e+00 
6.102809e+00 6.102809e+00 6.102809e+00 5.000000e+00 6.102809e+00 0.000000e+00 6.102809e+00 0.000000e+00 
6.103809e+00 6.103809e+00 6.103809e+00 5.000000e+00 6.103809e+00 0.000000e+00 6.103809e+00 0.000000e+00 
6.104809e+00 6.104809e+00 6.104809e+00 5.000000e+00 6.104809e+00 0.000000e+00 6.104809e+00 0.000000e+00 
6.105809e+00 6.105809e+00 6.105809e+00 5.000000e+00 6.105809e+00 0.000000e+00 6.105809e+00 0.000000e+00 
6.106809e+00 6.106809e+00 6.106809e+00 5.000000e+00 6.106809e+00 0.000000e+00 6.106809e+00 0.000000e+00 
6.107809e+00 6.107809e+00 6.107809e+00 5.000000e+00 6.107809e+00 0.000000e+00 6.107809e+00 0.000000e+00 
6.108809e+00 6.108809e+00 6.108809e+00 5.000000e+00 6.108809e+00 0.000000e+00 6.108809e+00 0.000000e+00 
6.109809e+00 6.109809e+00 6.109809e+00 5.000000e+00 6.109809e+00 0.000000e+00 6.109809e+00 0.000000e+00 
6.110809e+00 6.110809e+00 6.110809e+00 5.000000e+00 6.110809e+00 0.000000e+00 6.110809e+00 0.000000e+00 
6.111809e+00 6.111809e+00 6.111809e+00 5.000000e+00 6.111809e+00 0.000000e+00 6.111809e+00 0.000000e+00 
6.112809e+00 6.112809e+00 6.112809e+00 5.000000e+00 6.112809e+00 0.000000e+00 6.112809e+00 0.000000e+00 
6.113809e+00 6.113809e+00 6.113809e+00 5.000000e+00 6.113809e+00 0.000000e+00 6.113809e+00 0.000000e+00 
6.114809e+00 6.114809e+00 6.114809e+00 5.000000e+00 6.114809e+00 0.000000e+00 6.114809e+00 0.000000e+00 
6.115809e+00 6.115809e+00 6.115809e+00 5.000000e+00 6.115809e+00 0.000000e+00 6.115809e+00 0.000000e+00 
6.116809e+00 6.116809e+00 6.116809e+00 5.000000e+00 6.116809e+00 0.000000e+00 6.116809e+00 0.000000e+00 
6.117809e+00 6.117809e+00 6.117809e+00 5.000000e+00 6.117809e+00 0.000000e+00 6.117809e+00 0.000000e+00 
6.118809e+00 6.118809e+00 6.118809e+00 5.000000e+00 6.118809e+00 0.000000e+00 6.118809e+00 0.000000e+00 
6.119809e+00 6.119809e+00 6.119809e+00 5.000000e+00 6.119809e+00 0.000000e+00 6.119809e+00 0.000000e+00 
6.120809e+00 6.120809e+00 6.120809e+00 5.000000e+00 6.120809e+00 0.000000e+00 6.120809e+00 0.000000e+00 
6.121809e+00 6.121809e+00 6.121809e+00 5.000000e+00 6.121809e+00 0.000000e+00 6.121809e+00 0.000000e+00 
6.122809e+00 6.122809e+00 6.122809e+00 5.000000e+00 6.122809e+00 0.000000e+00 6.122809e+00 0.000000e+00 
6.123809e+00 6.123809e+00 6.123809e+00 5.000000e+00 6.123809e+00 0.000000e+00 6.123809e+00 0.000000e+00 
6.124809e+00 6.124809e+00 6.124809e+00 5.000000e+00 6.124809e+00 0.000000e+00 6.124809e+00 0.000000e+00 
6.125809e+00 6.125809e+00 6.125809e+00 5.000000e+00 6.125809e+00 0.000000e+00 6.125809e+00 0.000000e+00 
6.126809e+00 6.126809e+00 6.126809e+00 5.000000e+00 6.126809e+00 0.000000e+00 6.126809e+00 0.000000e+00 
6.127809e+00 6.127809e+00 6.127809e+00 5.000000e+00 6.127809e+00 0.000000e+00 6.127809e+00 0.000000e+00 
6.128809e+00 6.128809e+00 6.128809e+00 5.000000e+00 6.128809e+00 0.000000e+00 6.128809e+00 0.000000e+00 
6.129809e+00 6.129809e+00 6.129809e+00 5.000000e+00 6.129809e+00 0.000000e+00 6.129809e+00 0.000000e+00 
6.130809e+00 6.130809e+00 6.130809e+00 5.000000e+00 6.130809e+00 0.000000e+00 6.130809e+00 0.000000e+00 
6.131809e+00 6.131809e+00 6.131809e+00 5.000000e+00 6.131809e+00 0.000000e+00 6.131809e+00 0.000000e+00 
6.132809e+00 6.132809e+00 6.132809e+00 5.000000e+00 6.132809e+00 0.000000e+00 6.132809e+00 0.000000e+00 
6.133809e+00 6.133809e+00 6.133809e+00 5.000000e+00 6.133809e+00 0.000000e+00 6.133809e+00 0.000000e+00 
6.134809e+00 6.134809e+00 6.134809e+00 5.000000e+00 6.134809e+00 0.000000e+00 6.134809e+00 0.000000e+00 
6.135809e+00 6.135809e+00 6.135809e+00 5.000000e+00 6.135809e+00 0.000000e+00 6.135809e+00 0.000000e+00 
6.136809e+00 6.136809e+00 6.136809e+00 5.000000e+00 6.136809e+00 0.000000e+00 6.136809e+00 0.000000e+00 
6.137809e+00 6.137809e+00 6.137809e+00 5.000000e+00 6.137809e+00 0.000000e+00 6.137809e+00 0.000000e+00 
6.138809e+00 6.138809e+00 6.138809e+00 5.000000e+00 6.138809e+00 0.000000e+00 6.138809e+00 0.000000e+00 
6.139809e+00 6.139809e+00 6.139809e+00 5.000000e+00 6.139809e+00 0.000000e+00 6.139809e+00 0.000000e+00 
6.140809e+00 6.140809e+00 6.140809e+00 5.000000e+00 6.140809e+00 0.000000e+00 6.140809e+00 0.000000e+00 
6.141809e+00 6.141809e+00 6.141809e+00 5.000000e+00 6.141809e+00 0.000000e+00 6.141809e+00 0.000000e+00 
6.142809e+00 6.142809e+00 6.142809e+00 5.000000e+00 6.142809e+00 0.000000e+00 6.142809e+00 0.000000e+00 
6.143809e+00 6.143809e+00 6.143809e+00 5.000000e+00 6.143809e+00 0.000000e+00 6.143809e+00 0.000000e+00 
6.144809e+00 6.144809e+00 6.144809e+00 5.000000e+00 6.144809e+00 0.000000e+00 6.144809e+00 0.000000e+00 
6.145809e+00 6.145809e+00 6.145809e+00 5.000000e+00 6.145809e+00 0.000000e+00 6.145809e+00 0.000000e+00 
6.146809e+00 6.146809e+00 6.146809e+00 5.000000e+00 6.146809e+00 0.000000e+00 6.146809e+00 0.000000e+00 
6.147809e+00 6.147809e+00 6.147809e+00 5.000000e+00 6.147809e+00 0.000000e+00 6.147809e+00 0.000000e+00 
6.148809e+00 6.148809e+00 6.148809e+00 5.000000e+00 6.148809e+00 0.000000e+00 6.148809e+00 0.000000e+00 
6.149809e+00 6.149809e+00 6.149809e+00 5.000000e+00 6.149809e+00 0.000000e+00 6.149809e+00 0.000000e+00 
6.150809e+00 6.150809e+00 6.150809e+00 5.000000e+00 6.150809e+00 0.000000e+00 6.150809e+00 0.000000e+00 
6.151809e+00 6.151809e+00 6.151809e+00 5.000000e+00 6.151809e+00 0.000000e+00 6.151809e+00 0.000000e+00 
6.152809e+00 6.152809e+00 6.152809e+00 5.000000e+00 6.152809e+00 0.000000e+00 6.152809e+00 0.000000e+00 
6.153809e+00 6.153809e+00 6.153809e+00 5.000000e+00 6.153809e+00 0.000000e+00 6.153809e+00 0.000000e+00 
6.154809e+00 6.154809e+00 6.154809e+00 5.000000e+00 6.154809e+00 0.000000e+00 6.154809e+00 0.000000e+00 
6.155809e+00 6.155809e+00 6.155809e+00 5.000000e+00 6.155809e+00 0.000000e+00 6.155809e+00 0.000000e+00 
6.156809e+00 6.156809e+00 6.156809e+00 5.000000e+00 6.156809e+00 0.000000e+00 6.156809e+00 0.000000e+00 
6.157809e+00 6.157809e+00 6.157809e+00 5.000000e+00 6.157809e+00 0.000000e+00 6.157809e+00 0.000000e+00 
6.158809e+00 6.158809e+00 6.158809e+00 5.000000e+00 6.158809e+00 0.000000e+00 6.158809e+00 0.000000e+00 
6.159809e+00 6.159809e+00 6.159809e+00 5.000000e+00 6.159809e+00 0.000000e+00 6.159809e+00 0.000000e+00 
6.160809e+00 6.160809e+00 6.160809e+00 5.000000e+00 6.160809e+00 0.000000e+00 6.160809e+00 0.000000e+00 
6.161809e+00 6.161809e+00 6.161809e+00 5.000000e+00 6.161809e+00 0.000000e+00 6.161809e+00 0.000000e+00 
6.162809e+00 6.162809e+00 6.162809e+00 5.000000e+00 6.162809e+00 0.000000e+00 6.162809e+00 0.000000e+00 
6.163809e+00 6.163809e+00 6.163809e+00 5.000000e+00 6.163809e+00 0.000000e+00 6.163809e+00 0.000000e+00 
6.164809e+00 6.164809e+00 6.164809e+00 5.000000e+00 6.164809e+00 0.000000e+00 6.164809e+00 0.000000e+00 
6.165809e+00 6.165809e+00 6.165809e+00 5.000000e+00 6.165809e+00 0.000000e+00 6.165809e+00 0.000000e+00 
6.166809e+00 6.166809e+00 6.166809e+00 5.000000e+00 6.166809e+00 0.000000e+00 6.166809e+00 0.000000e+00 
6.167809e+00 6.167809e+00 6.167809e+00 5.000000e+00 6.167809e+00 0.000000e+00 6.167809e+00 0.000000e+00 
6.168809e+00 6.168809e+00 6.168809e+00 5.000000e+00 6.168809e+00 0.000000e+00 6.168809e+00 0.000000e+00 
6.169809e+00 6.169809e+00 6.169809e+00 5.000000e+00 6.169809e+00 0.000000e+00 6.169809e+00 0.000000e+00 
6.170809e+00 6.170809e+00 6.170809e+00 5.000000e+00 6.170809e+00 0.000000e+00 6.170809e+00 0.000000e+00 
6.171809e+00 6.171809e+00 6.171809e+00 5.000000e+00 6.171809e+00 0.000000e+00 6.171809e+00 0.000000e+00 
6.172809e+00 6.172809e+00 6.172809e+00 5.000000e+00 6.172809e+00 0.000000e+00 6.172809e+00 0.000000e+00 
6.173809e+00 6.173809e+00 6.173809e+00 5.000000e+00 6.173809e+00 0.000000e+00 6.173809e+00 0.000000e+00 
6.174809e+00 6.174809e+00 6.174809e+00 5.000000e+00 6.174809e+00 0.000000e+00 6.174809e+00 0.000000e+00 
6.175809e+00 6.175809e+00 6.175809e+00 5.000000e+00 6.175809e+00 0.000000e+00 6.175809e+00 0.000000e+00 
6.176809e+00 6.176809e+00 6.176809e+00 5.000000e+00 6.176809e+00 0.000000e+00 6.176809e+00 0.000000e+00 
6.177809e+00 6.177809e+00 6.177809e+00 5.000000e+00 6.177809e+00 0.000000e+00 6.177809e+00 0.000000e+00 
6.178809e+00 6.178809e+00 6.178809e+00 5.000000e+00 6.178809e+00 0.000000e+00 6.178809e+00 0.000000e+00 
6.179809e+00 6.179809e+00 6.179809e+00 5.000000e+00 6.179809e+00 0.000000e+00 6.179809e+00 0.000000e+00 
6.180809e+00 6.180809e+00 6.180809e+00 5.000000e+00 6.180809e+00 0.000000e+00 6.180809e+00 0.000000e+00 
6.181809e+00 6.181809e+00 6.181809e+00 5.000000e+00 6.181809e+00 0.000000e+00 6.181809e+00 0.000000e+00 
6.182809e+00 6.182809e+00 6.182809e+00 5.000000e+00 6.182809e+00 0.000000e+00 6.182809e+00 0.000000e+00 
6.183809e+00 6.183809e+00 6.183809e+00 5.000000e+00 6.183809e+00 0.000000e+00 6.183809e+00 0.000000e+00 
6.184809e+00 6.184809e+00 6.184809e+00 5.000000e+00 6.184809e+00 0.000000e+00 6.184809e+00 0.000000e+00 
6.185809e+00 6.185809e+00 6.185809e+00 5.000000e+00 6.185809e+00 0.000000e+00 6.185809e+00 0.000000e+00 
6.186809e+00 6.186809e+00 6.186809e+00 5.000000e+00 6.186809e+00 0.000000e+00 6.186809e+00 0.000000e+00 
6.187809e+00 6.187809e+00 6.187809e+00 5.000000e+00 6.187809e+00 0.000000e+00 6.187809e+00 0.000000e+00 
6.188809e+00 6.188809e+00 6.188809e+00 5.000000e+00 6.188809e+00 0.000000e+00 6.188809e+00 0.000000e+00 
6.189809e+00 6.189809e+00 6.189809e+00 5.000000e+00 6.189809e+00 0.000000e+00 6.189809e+00 0.000000e+00 
6.190809e+00 6.190809e+00 6.190809e+00 5.000000e+00 6.190809e+00 0.000000e+00 6.190809e+00 0.000000e+00 
6.191809e+00 6.191809e+00 6.191809e+00 5.000000e+00 6.191809e+00 0.000000e+00 6.191809e+00 0.000000e+00 
6.192809e+00 6.192809e+00 6.192809e+00 5.000000e+00 6.192809e+00 0.000000e+00 6.192809e+00 0.000000e+00 
6.193809e+00 6.193809e+00 6.193809e+00 5.000000e+00 6.193809e+00 0.000000e+00 6.193809e+00 0.000000e+00 
6.194809e+00 6.194809e+00 6.194809e+00 5.000000e+00 6.194809e+00 0.000000e+00 6.194809e+00 0.000000e+00 
6.195809e+00 6.195809e+00 6.195809e+00 5.000000e+00 6.195809e+00 0.000000e+00 6.195809e+00 0.000000e+00 
6.196809e+00 6.196809e+00 6.196809e+00 5.000000e+00 6.196809e+00 0.000000e+00 6.196809e+00 0.000000e+00 
6.197809e+00 6.197809e+00 6.197809e+00 5.000000e+00 6.197809e+00 0.000000e+00 6.197809e+00 0.000000e+00 
6.198809e+00 6.198809e+00 6.198809e+00 5.000000e+00 6.198809e+00 0.000000e+00 6.198809e+00 0.000000e+00 
6.199809e+00 6.199809e+00 6.199809e+00 5.000000e+00 6.199809e+00 0.000000e+00 6.199809e+00 0.000000e+00 
6.200809e+00 6.200809e+00 6.200809e+00 5.000000e+00 6.200809e+00 0.000000e+00 6.200809e+00 0.000000e+00 
6.201809e+00 6.201809e+00 6.201809e+00 5.000000e+00 6.201809e+00 0.000000e+00 6.201809e+00 0.000000e+00 
6.202809e+00 6.202809e+00 6.202809e+00 5.000000e+00 6.202809e+00 0.000000e+00 6.202809e+00 0.000000e+00 
6.203809e+00 6.203809e+00 6.203809e+00 5.000000e+00 6.203809e+00 0.000000e+00 6.203809e+00 0.000000e+00 
6.204809e+00 6.204809e+00 6.204809e+00 5.000000e+00 6.204809e+00 0.000000e+00 6.204809e+00 0.000000e+00 
6.205809e+00 6.205809e+00 6.205809e+00 5.000000e+00 6.205809e+00 0.000000e+00 6.205809e+00 0.000000e+00 
6.206809e+00 6.206809e+00 6.206809e+00 5.000000e+00 6.206809e+00 0.000000e+00 6.206809e+00 0.000000e+00 
6.207809e+00 6.207809e+00 6.207809e+00 5.000000e+00 6.207809e+00 0.000000e+00 6.207809e+00 0.000000e+00 
6.208809e+00 6.208809e+00 6.208809e+00 5.000000e+00 6.208809e+00 0.000000e+00 6.208809e+00 0.000000e+00 
6.209809e+00 6.209809e+00 6.209809e+00 5.000000e+00 6.209809e+00 0.000000e+00 6.209809e+00 0.000000e+00 
6.210809e+00 6.210809e+00 6.210809e+00 5.000000e+00 6.210809e+00 0.000000e+00 6.210809e+00 0.000000e+00 
6.211809e+00 6.211809e+00 6.211809e+00 5.000000e+00 6.211809e+00 0.000000e+00 6.211809e+00 0.000000e+00 
6.212809e+00 6.212809e+00 6.212809e+00 5.000000e+00 6.212809e+00 0.000000e+00 6.212809e+00 0.000000e+00 
6.213809e+00 6.213809e+00 6.213809e+00 5.000000e+00 6.213809e+00 0.000000e+00 6.213809e+00 0.000000e+00 
6.214809e+00 6.214809e+00 6.214809e+00 5.000000e+00 6.214809e+00 0.000000e+00 6.214809e+00 0.000000e+00 
6.215809e+00 6.215809e+00 6.215809e+00 5.000000e+00 6.215809e+00 0.000000e+00 6.215809e+00 0.000000e+00 
6.216809e+00 6.216809e+00 6.216809e+00 5.000000e+00 6.216809e+00 0.000000e+00 6.216809e+00 0.000000e+00 
6.217809e+00 6.217809e+00 6.217809e+00 5.000000e+00 6.217809e+00 0.000000e+00 6.217809e+00 0.000000e+00 
6.218809e+00 6.218809e+00 6.218809e+00 5.000000e+00 6.218809e+00 0.000000e+00 6.218809e+00 0.000000e+00 
6.219809e+00 6.219809e+00 6.219809e+00 5.000000e+00 6.219809e+00 0.000000e+00 6.219809e+00 0.000000e+00 
6.220809e+00 6.220809e+00 6.220809e+00 5.000000e+00 6.220809e+00 0.000000e+00 6.220809e+00 0.000000e+00 
6.221809e+00 6.221809e+00 6.221809e+00 5.000000e+00 6.221809e+00 0.000000e+00 6.221809e+00 0.000000e+00 
6.222809e+00 6.222809e+00 6.222809e+00 5.000000e+00 6.222809e+00 0.000000e+00 6.222809e+00 0.000000e+00 
6.223809e+00 6.223809e+00 6.223809e+00 5.000000e+00 6.223809e+00 0.000000e+00 6.223809e+00 0.000000e+00 
6.224809e+00 6.224809e+00 6.224809e+00 5.000000e+00 6.224809e+00 0.000000e+00 6.224809e+00 0.000000e+00 
6.225809e+00 6.225809e+00 6.225809e+00 5.000000e+00 6.225809e+00 0.000000e+00 6.225809e+00 0.000000e+00 
6.226809e+00 6.226809e+00 6.226809e+00 5.000000e+00 6.226809e+00 0.000000e+00 6.226809e+00 0.000000e+00 
6.227809e+00 6.227809e+00 6.227809e+00 5.000000e+00 6.227809e+00 0.000000e+00 6.227809e+00 0.000000e+00 
6.228809e+00 6.228809e+00 6.228809e+00 5.000000e+00 6.228809e+00 0.000000e+00 6.228809e+00 0.000000e+00 
6.229809e+00 6.229809e+00 6.229809e+00 5.000000e+00 6.229809e+00 0.000000e+00 6.229809e+00 0.000000e+00 
6.230809e+00 6.230809e+00 6.230809e+00 5.000000e+00 6.230809e+00 0.000000e+00 6.230809e+00 0.000000e+00 
6.231809e+00 6.231809e+00 6.231809e+00 5.000000e+00 6.231809e+00 0.000000e+00 6.231809e+00 0.000000e+00 
6.232809e+00 6.232809e+00 6.232809e+00 5.000000e+00 6.232809e+00 0.000000e+00 6.232809e+00 0.000000e+00 
6.233809e+00 6.233809e+00 6.233809e+00 5.000000e+00 6.233809e+00 0.000000e+00 6.233809e+00 0.000000e+00 
6.234809e+00 6.234809e+00 6.234809e+00 5.000000e+00 6.234809e+00 0.000000e+00 6.234809e+00 0.000000e+00 
6.235809e+00 6.235809e+00 6.235809e+00 5.000000e+00 6.235809e+00 0.000000e+00 6.235809e+00 0.000000e+00 
6.236809e+00 6.236809e+00 6.236809e+00 5.000000e+00 6.236809e+00 0.000000e+00 6.236809e+00 0.000000e+00 
6.237809e+00 6.237809e+00 6.237809e+00 5.000000e+00 6.237809e+00 0.000000e+00 6.237809e+00 0.000000e+00 
6.238809e+00 6.238809e+00 6.238809e+00 5.000000e+00 6.238809e+00 0.000000e+00 6.238809e+00 0.000000e+00 
6.239809e+00 6.239809e+00 6.239809e+00 5.000000e+00 6.239809e+00 0.000000e+00 6.239809e+00 0.000000e+00 
6.240809e+00 6.240809e+00 6.240809e+00 5.000000e+00 6.240809e+00 0.000000e+00 6.240809e+00 0.000000e+00 
6.241809e+00 6.241809e+00 6.241809e+00 5.000000e+00 6.241809e+00 0.000000e+00 6.241809e+00 0.000000e+00 
6.242809e+00 6.242809e+00 6.242809e+00 5.000000e+00 6.242809e+00 0.000000e+00 6.242809e+00 0.000000e+00 
6.243809e+00 6.243809e+00 6.243809e+00 5.000000e+00 6.243809e+00 0.000000e+00 6.243809e+00 0.000000e+00 
6.244809e+00 6.244809e+00 6.244809e+00 5.000000e+00 6.244809e+00 0.000000e+00 6.244809e+00 0.000000e+00 
6.245809e+00 6.245809e+00 6.245809e+00 5.000000e+00 6.245809e+00 0.000000e+00 6.245809e+00 0.000000e+00 
6.246809e+00 6.246809e+00 6.246809e+00 5.000000e+00 6.246809e+00 0.000000e+00 6.246809e+00 0.000000e+00 
6.247809e+00 6.247809e+00 6.247809e+00 5.000000e+00 6.247809e+00 0.000000e+00 6.247809e+00 0.000000e+00 
6.248809e+00 6.248809e+00 6.248809e+00 5.000000e+00 6.248809e+00 0.000000e+00 6.248809e+00 0.000000e+00 
6.249809e+00 6.249809e+00 6.249809e+00 5.000000e+00 6.249809e+00 0.000000e+00 6.249809e+00 0.000000e+00 
6.250809e+00 6.250809e+00 6.250809e+00 5.000000e+00 6.250809e+00 0.000000e+00 6.250809e+00 0.000000e+00 
6.251809e+00 6.251809e+00 6.251809e+00 5.000000e+00 6.251809e+00 0.000000e+00 6.251809e+00 0.000000e+00 
6.252809e+00 6.252809e+00 6.252809e+00 5.000000e+00 6.252809e+00 0.000000e+00 6.252809e+00 0.000000e+00 
6.253809e+00 6.253809e+00 6.253809e+00 5.000000e+00 6.253809e+00 0.000000e+00 6.253809e+00 0.000000e+00 
6.254809e+00 6.254809e+00 6.254809e+00 5.000000e+00 6.254809e+00 0.000000e+00 6.254809e+00 0.000000e+00 
6.255809e+00 6.255809e+00 6.255809e+00 5.000000e+00 6.255809e+00 0.000000e+00 6.255809e+00 0.000000e+00 
6.256809e+00 6.256809e+00 6.256809e+00 5.000000e+00 6.256809e+00 0.000000e+00 6.256809e+00 0.000000e+00 
6.257809e+00 6.257809e+00 6.257809e+00 5.000000e+00 6.257809e+00 0.000000e+00 6.257809e+00 0.000000e+00 
6.258809e+00 6.258809e+00 6.258809e+00 5.000000e+00 6.258809e+00 0.000000e+00 6.258809e+00 0.000000e+00 
6.259809e+00 6.259809e+00 6.259809e+00 5.000000e+00 6.259809e+00 0.000000e+00 6.259809e+00 0.000000e+00 
6.260809e+00 6.260809e+00 6.260809e+00 5.000000e+00 6.260809e+00 0.000000e+00 6.260809e+00 0.000000e+00 
6.261809e+00 6.261809e+00 6.261809e+00 5.000000e+00 6.261809e+00 0.000000e+00 6.261809e+00 0.000000e+00 
6.262809e+00 6.262809e+00 6.262809e+00 5.000000e+00 6.262809e+00 0.000000e+00 6.262809e+00 0.000000e+00 
6.263809e+00 6.263809e+00 6.263809e+00 5.000000e+00 6.263809e+00 0.000000e+00 6.263809e+00 0.000000e+00 
6.264809e+00 6.264809e+00 6.264809e+00 5.000000e+00 6.264809e+00 0.000000e+00 6.264809e+00 0.000000e+00 
6.265809e+00 6.265809e+00 6.265809e+00 5.000000e+00 6.265809e+00 0.000000e+00 6.265809e+00 0.000000e+00 
6.266809e+00 6.266809e+00 6.266809e+00 5.000000e+00 6.266809e+00 0.000000e+00 6.266809e+00 0.000000e+00 
6.267809e+00 6.267809e+00 6.267809e+00 5.000000e+00 6.267809e+00 0.000000e+00 6.267809e+00 0.000000e+00 
6.268809e+00 6.268809e+00 6.268809e+00 5.000000e+00 6.268809e+00 0.000000e+00 6.268809e+00 0.000000e+00 
6.269809e+00 6.269809e+00 6.269809e+00 5.000000e+00 6.269809e+00 0.000000e+00 6.269809e+00 0.000000e+00 
6.270809e+00 6.270809e+00 6.270809e+00 5.000000e+00 6.270809e+00 0.000000e+00 6.270809e+00 0.000000e+00 
6.271809e+00 6.271809e+00 6.271809e+00 5.000000e+00 6.271809e+00 0.000000e+00 6.271809e+00 0.000000e+00 
6.272809e+00 6.272809e+00 6.272809e+00 5.000000e+00 6.272809e+00 0.000000e+00 6.272809e+00 0.000000e+00 
6.273809e+00 6.273809e+00 6.273809e+00 5.000000e+00 6.273809e+00 0.000000e+00 6.273809e+00 0.000000e+00 
6.274809e+00 6.274809e+00 6.274809e+00 5.000000e+00 6.274809e+00 0.000000e+00 6.274809e+00 0.000000e+00 
6.275809e+00 6.275809e+00 6.275809e+00 5.000000e+00 6.275809e+00 0.000000e+00 6.275809e+00 0.000000e+00 
6.276809e+00 6.276809e+00 6.276809e+00 5.000000e+00 6.276809e+00 0.000000e+00 6.276809e+00 0.000000e+00 
6.277809e+00 6.277809e+00 6.277809e+00 5.000000e+00 6.277809e+00 0.000000e+00 6.277809e+00 0.000000e+00 
6.278809e+00 6.278809e+00 6.278809e+00 5.000000e+00 6.278809e+00 0.000000e+00 6.278809e+00 0.000000e+00 
6.279809e+00 6.279809e+00 6.279809e+00 5.000000e+00 6.279809e+00 0.000000e+00 6.279809e+00 0.000000e+00 
6.280809e+00 6.280809e+00 6.280809e+00 5.000000e+00 6.280809e+00 0.000000e+00 6.280809e+00 0.000000e+00 
6.281809e+00 6.281809e+00 6.281809e+00 5.000000e+00 6.281809e+00 0.000000e+00 6.281809e+00 0.000000e+00 
6.282809e+00 6.282809e+00 6.282809e+00 5.000000e+00 6.282809e+00 0.000000e+00 6.282809e+00 0.000000e+00 
6.283809e+00 6.283809e+00 6.283809e+00 5.000000e+00 6.283809e+00 0.000000e+00 6.283809e+00 0.000000e+00 
6.284809e+00 6.284809e+00 6.284809e+00 5.000000e+00 6.284809e+00 0.000000e+00 6.284809e+00 0.000000e+00 
6.285809e+00 6.285809e+00 6.285809e+00 5.000000e+00 6.285809e+00 0.000000e+00 6.285809e+00 0.000000e+00 
6.286809e+00 6.286809e+00 6.286809e+00 5.000000e+00 6.286809e+00 0.000000e+00 6.286809e+00 0.000000e+00 
6.287809e+00 6.287809e+00 6.287809e+00 5.000000e+00 6.287809e+00 0.000000e+00 6.287809e+00 0.000000e+00 
6.288809e+00 6.288809e+00 6.288809e+00 5.000000e+00 6.288809e+00 0.000000e+00 6.288809e+00 0.000000e+00 
6.289809e+00 6.289809e+00 6.289809e+00 5.000000e+00 6.289809e+00 0.000000e+00 6.289809e+00 0.000000e+00 
6.290809e+00 6.290809e+00 6.290809e+00 5.000000e+00 6.290809e+00 0.000000e+00 6.290809e+00 0.000000e+00 
6.291809e+00 6.291809e+00 6.291809e+00 5.000000e+00 6.291809e+00 0.000000e+00 6.291809e+00 0.000000e+00 
6.292809e+00 6.292809e+00 6.292809e+00 5.000000e+00 6.292809e+00 0.000000e+00 6.292809e+00 0.000000e+00 
6.293809e+00 6.293809e+00 6.293809e+00 5.000000e+00 6.293809e+00 0.000000e+00 6.293809e+00 0.000000e+00 
6.294809e+00 6.294809e+00 6.294809e+00 5.000000e+00 6.294809e+00 0.000000e+00 6.294809e+00 0.000000e+00 
6.295809e+00 6.295809e+00 6.295809e+00 5.000000e+00 6.295809e+00 0.000000e+00 6.295809e+00 0.000000e+00 
6.296809e+00 6.296809e+00 6.296809e+00 5.000000e+00 6.296809e+00 0.000000e+00 6.296809e+00 0.000000e+00 
6.297809e+00 6.297809e+00 6.297809e+00 5.000000e+00 6.297809e+00 0.000000e+00 6.297809e+00 0.000000e+00 
6.298809e+00 6.298809e+00 6.298809e+00 5.000000e+00 6.298809e+00 0.000000e+00 6.298809e+00 0.000000e+00 
6.299809e+00 6.299809e+00 6.299809e+00 5.000000e+00 6.299809e+00 0.000000e+00 6.299809e+00 0.000000e+00 
6.300809e+00 6.300809e+00 6.300809e+00 5.000000e+00 6.300809e+00 0.000000e+00 6.300809e+00 0.000000e+00 
6.301809e+00 6.301809e+00 6.301809e+00 5.000000e+00 6.301809e+00 0.000000e+00 6.301809e+00 0.000000e+00 
6.302809e+00 6.302809e+00 6.302809e+00 5.000000e+00 6.302809e+00 0.000000e+00 6.302809e+00 0.000000e+00 
6.303809e+00 6.303809e+00 6.303809e+00 5.000000e+00 6.303809e+00 0.000000e+00 6.303809e+00 0.000000e+00 
6.304809e+00 6.304809e+00 6.304809e+00 5.000000e+00 6.304809e+00 0.000000e+00 6.304809e+00 0.000000e+00 
6.305809e+00 6.305809e+00 6.305809e+00 5.000000e+00 6.305809e+00 0.000000e+00 6.305809e+00 0.000000e+00 
6.306809e+00 6.306809e+00 6.306809e+00 5.000000e+00 6.306809e+00 0.000000e+00 6.306809e+00 0.000000e+00 
6.307809e+00 6.307809e+00 6.307809e+00 5.000000e+00 6.307809e+00 0.000000e+00 6.307809e+00 0.000000e+00 
6.308809e+00 6.308809e+00 6.308809e+00 5.000000e+00 6.308809e+00 0.000000e+00 6.308809e+00 0.000000e+00 
6.309809e+00 6.309809e+00 6.309809e+00 5.000000e+00 6.309809e+00 0.000000e+00 6.309809e+00 0.000000e+00 
6.310809e+00 6.310809e+00 6.310809e+00 5.000000e+00 6.310809e+00 0.000000e+00 6.310809e+00 0.000000e+00 
6.311809e+00 6.311809e+00 6.311809e+00 5.000000e+00 6.311809e+00 0.000000e+00 6.311809e+00 0.000000e+00 
6.312809e+00 6.312809e+00 6.312809e+00 5.000000e+00 6.312809e+00 0.000000e+00 6.312809e+00 0.000000e+00 
6.313809e+00 6.313809e+00 6.313809e+00 5.000000e+00 6.313809e+00 0.000000e+00 6.313809e+00 0.000000e+00 
6.314809e+00 6.314809e+00 6.314809e+00 5.000000e+00 6.314809e+00 0.000000e+00 6.314809e+00 0.000000e+00 
6.315809e+00 6.315809e+00 6.315809e+00 5.000000e+00 6.315809e+00 0.000000e+00 6.315809e+00 0.000000e+00 
6.316809e+00 6.316809e+00 6.316809e+00 5.000000e+00 6.316809e+00 0.000000e+00 6.316809e+00 0.000000e+00 
6.317809e+00 6.317809e+00 6.317809e+00 5.000000e+00 6.317809e+00 0.000000e+00 6.317809e+00 0.000000e+00 
6.318809e+00 6.318809e+00 6.318809e+00 5.000000e+00 6.318809e+00 0.000000e+00 6.318809e+00 0.000000e+00 
6.319809e+00 6.319809e+00 6.319809e+00 5.000000e+00 6.319809e+00 0.000000e+00 6.319809e+00 0.000000e+00 
6.320809e+00 6.320809e+00 6.320809e+00 5.000000e+00 6.320809e+00 0.000000e+00 6.320809e+00 0.000000e+00 
6.321809e+00 6.321809e+00 6.321809e+00 5.000000e+00 6.321809e+00 0.000000e+00 6.321809e+00 0.000000e+00 
6.322809e+00 6.322809e+00 6.322809e+00 5.000000e+00 6.322809e+00 0.000000e+00 6.322809e+00 0.000000e+00 
6.323809e+00 6.323809e+00 6.323809e+00 5.000000e+00 6.323809e+00 0.000000e+00 6.323809e+00 0.000000e+00 
6.324809e+00 6.324809e+00 6.324809e+00 5.000000e+00 6.324809e+00 0.000000e+00 6.324809e+00 0.000000e+00 
6.325809e+00 6.325809e+00 6.325809e+00 5.000000e+00 6.325809e+00 0.000000e+00 6.325809e+00 0.000000e+00 
6.326809e+00 6.326809e+00 6.326809e+00 5.000000e+00 6.326809e+00 0.000000e+00 6.326809e+00 0.000000e+00 
6.327809e+00 6.327809e+00 6.327809e+00 5.000000e+00 6.327809e+00 0.000000e+00 6.327809e+00 0.000000e+00 
6.328809e+00 6.328809e+00 6.328809e+00 5.000000e+00 6.328809e+00 0.000000e+00 6.328809e+00 0.000000e+00 
6.329809e+00 6.329809e+00 6.329809e+00 5.000000e+00 6.329809e+00 0.000000e+00 6.329809e+00 0.000000e+00 
6.330809e+00 6.330809e+00 6.330809e+00 5.000000e+00 6.330809e+00 0.000000e+00 6.330809e+00 0.000000e+00 
6.331809e+00 6.331809e+00 6.331809e+00 5.000000e+00 6.331809e+00 0.000000e+00 6.331809e+00 0.000000e+00 
6.332809e+00 6.332809e+00 6.332809e+00 5.000000e+00 6.332809e+00 0.000000e+00 6.332809e+00 0.000000e+00 
6.333809e+00 6.333809e+00 6.333809e+00 5.000000e+00 6.333809e+00 0.000000e+00 6.333809e+00 0.000000e+00 
6.334809e+00 6.334809e+00 6.334809e+00 5.000000e+00 6.334809e+00 0.000000e+00 6.334809e+00 0.000000e+00 
6.335809e+00 6.335809e+00 6.335809e+00 5.000000e+00 6.335809e+00 0.000000e+00 6.335809e+00 0.000000e+00 
6.336809e+00 6.336809e+00 6.336809e+00 5.000000e+00 6.336809e+00 0.000000e+00 6.336809e+00 0.000000e+00 
6.337809e+00 6.337809e+00 6.337809e+00 5.000000e+00 6.337809e+00 0.000000e+00 6.337809e+00 0.000000e+00 
6.338809e+00 6.338809e+00 6.338809e+00 5.000000e+00 6.338809e+00 0.000000e+00 6.338809e+00 0.000000e+00 
6.339809e+00 6.339809e+00 6.339809e+00 5.000000e+00 6.339809e+00 0.000000e+00 6.339809e+00 0.000000e+00 
6.340809e+00 6.340809e+00 6.340809e+00 5.000000e+00 6.340809e+00 0.000000e+00 6.340809e+00 0.000000e+00 
6.341809e+00 6.341809e+00 6.341809e+00 5.000000e+00 6.341809e+00 0.000000e+00 6.341809e+00 0.000000e+00 
6.342809e+00 6.342809e+00 6.342809e+00 5.000000e+00 6.342809e+00 0.000000e+00 6.342809e+00 0.000000e+00 
6.343809e+00 6.343809e+00 6.343809e+00 5.000000e+00 6.343809e+00 0.000000e+00 6.343809e+00 0.000000e+00 
6.344809e+00 6.344809e+00 6.344809e+00 5.000000e+00 6.344809e+00 0.000000e+00 6.344809e+00 0.000000e+00 
6.345809e+00 6.345809e+00 6.345809e+00 5.000000e+00 6.345809e+00 0.000000e+00 6.345809e+00 0.000000e+00 
6.346809e+00 6.346809e+00 6.346809e+00 5.000000e+00 6.346809e+00 0.000000e+00 6.346809e+00 0.000000e+00 
6.347809e+00 6.347809e+00 6.347809e+00 5.000000e+00 6.347809e+00 0.000000e+00 6.347809e+00 0.000000e+00 
6.348809e+00 6.348809e+00 6.348809e+00 5.000000e+00 6.348809e+00 0.000000e+00 6.348809e+00 0.000000e+00 
6.349809e+00 6.349809e+00 6.349809e+00 5.000000e+00 6.349809e+00 0.000000e+00 6.349809e+00 0.000000e+00 
6.350809e+00 6.350809e+00 6.350809e+00 5.000000e+00 6.350809e+00 0.000000e+00 6.350809e+00 0.000000e+00 
6.351809e+00 6.351809e+00 6.351809e+00 5.000000e+00 6.351809e+00 0.000000e+00 6.351809e+00 0.000000e+00 
6.352809e+00 6.352809e+00 6.352809e+00 5.000000e+00 6.352809e+00 0.000000e+00 6.352809e+00 0.000000e+00 
6.353809e+00 6.353809e+00 6.353809e+00 5.000000e+00 6.353809e+00 0.000000e+00 6.353809e+00 0.000000e+00 
6.354809e+00 6.354809e+00 6.354809e+00 5.000000e+00 6.354809e+00 0.000000e+00 6.354809e+00 0.000000e+00 
6.355809e+00 6.355809e+00 6.355809e+00 5.000000e+00 6.355809e+00 0.000000e+00 6.355809e+00 0.000000e+00 
6.356809e+00 6.356809e+00 6.356809e+00 5.000000e+00 6.356809e+00 0.000000e+00 6.356809e+00 0.000000e+00 
6.357809e+00 6.357809e+00 6.357809e+00 5.000000e+00 6.357809e+00 0.000000e+00 6.357809e+00 0.000000e+00 
6.358809e+00 6.358809e+00 6.358809e+00 5.000000e+00 6.358809e+00 0.000000e+00 6.358809e+00 0.000000e+00 
6.359809e+00 6.359809e+00 6.359809e+00 5.000000e+00 6.359809e+00 0.000000e+00 6.359809e+00 0.000000e+00 
6.360809e+00 6.360809e+00 6.360809e+00 5.000000e+00 6.360809e+00 0.000000e+00 6.360809e+00 0.000000e+00 
6.361809e+00 6.361809e+00 6.361809e+00 5.000000e+00 6.361809e+00 0.000000e+00 6.361809e+00 0.000000e+00 
6.362809e+00 6.362809e+00 6.362809e+00 5.000000e+00 6.362809e+00 0.000000e+00 6.362809e+00 0.000000e+00 
6.363809e+00 6.363809e+00 6.363809e+00 5.000000e+00 6.363809e+00 0.000000e+00 6.363809e+00 0.000000e+00 
6.364809e+00 6.364809e+00 6.364809e+00 5.000000e+00 6.364809e+00 0.000000e+00 6.364809e+00 0.000000e+00 
6.365809e+00 6.365809e+00 6.365809e+00 5.000000e+00 6.365809e+00 0.000000e+00 6.365809e+00 0.000000e+00 
6.366809e+00 6.366809e+00 6.366809e+00 5.000000e+00 6.366809e+00 0.000000e+00 6.366809e+00 0.000000e+00 
6.367809e+00 6.367809e+00 6.367809e+00 5.000000e+00 6.367809e+00 0.000000e+00 6.367809e+00 0.000000e+00 
6.368809e+00 6.368809e+00 6.368809e+00 5.000000e+00 6.368809e+00 0.000000e+00 6.368809e+00 0.000000e+00 
6.369809e+00 6.369809e+00 6.369809e+00 5.000000e+00 6.369809e+00 0.000000e+00 6.369809e+00 0.000000e+00 
6.370809e+00 6.370809e+00 6.370809e+00 5.000000e+00 6.370809e+00 0.000000e+00 6.370809e+00 0.000000e+00 
6.371809e+00 6.371809e+00 6.371809e+00 5.000000e+00 6.371809e+00 0.000000e+00 6.371809e+00 0.000000e+00 
6.372809e+00 6.372809e+00 6.372809e+00 5.000000e+00 6.372809e+00 0.000000e+00 6.372809e+00 0.000000e+00 
6.373809e+00 6.373809e+00 6.373809e+00 5.000000e+00 6.373809e+00 0.000000e+00 6.373809e+00 0.000000e+00 
6.374809e+00 6.374809e+00 6.374809e+00 5.000000e+00 6.374809e+00 0.000000e+00 6.374809e+00 0.000000e+00 
6.375809e+00 6.375809e+00 6.375809e+00 5.000000e+00 6.375809e+00 0.000000e+00 6.375809e+00 0.000000e+00 
6.376809e+00 6.376809e+00 6.376809e+00 5.000000e+00 6.376809e+00 0.000000e+00 6.376809e+00 0.000000e+00 
6.377809e+00 6.377809e+00 6.377809e+00 5.000000e+00 6.377809e+00 0.000000e+00 6.377809e+00 0.000000e+00 
6.378809e+00 6.378809e+00 6.378809e+00 5.000000e+00 6.378809e+00 0.000000e+00 6.378809e+00 0.000000e+00 
6.379809e+00 6.379809e+00 6.379809e+00 5.000000e+00 6.379809e+00 0.000000e+00 6.379809e+00 0.000000e+00 
6.380809e+00 6.380809e+00 6.380809e+00 5.000000e+00 6.380809e+00 0.000000e+00 6.380809e+00 0.000000e+00 
6.381809e+00 6.381809e+00 6.381809e+00 5.000000e+00 6.381809e+00 0.000000e+00 6.381809e+00 0.000000e+00 
6.382809e+00 6.382809e+00 6.382809e+00 5.000000e+00 6.382809e+00 0.000000e+00 6.382809e+00 0.000000e+00 
6.383809e+00 6.383809e+00 6.383809e+00 5.000000e+00 6.383809e+00 0.000000e+00 6.383809e+00 0.000000e+00 
6.384809e+00 6.384809e+00 6.384809e+00 5.000000e+00 6.384809e+00 0.000000e+00 6.384809e+00 0.000000e+00 
6.385809e+00 6.385809e+00 6.385809e+00 5.000000e+00 6.385809e+00 0.000000e+00 6.385809e+00 0.000000e+00 
6.386809e+00 6.386809e+00 6.386809e+00 5.000000e+00 6.386809e+00 0.000000e+00 6.386809e+00 0.000000e+00 
6.387809e+00 6.387809e+00 6.387809e+00 5.000000e+00 6.387809e+00 0.000000e+00 6.387809e+00 0.000000e+00 
6.388809e+00 6.388809e+00 6.388809e+00 5.000000e+00 6.388809e+00 0.000000e+00 6.388809e+00 0.000000e+00 
6.389809e+00 6.389809e+00 6.389809e+00 5.000000e+00 6.389809e+00 0.000000e+00 6.389809e+00 0.000000e+00 
6.390809e+00 6.390809e+00 6.390809e+00 5.000000e+00 6.390809e+00 0.000000e+00 6.390809e+00 0.000000e+00 
6.391809e+00 6.391809e+00 6.391809e+00 5.000000e+00 6.391809e+00 0.000000e+00 6.391809e+00 0.000000e+00 
6.392809e+00 6.392809e+00 6.392809e+00 5.000000e+00 6.392809e+00 0.000000e+00 6.392809e+00 0.000000e+00 
6.393809e+00 6.393809e+00 6.393809e+00 5.000000e+00 6.393809e+00 0.000000e+00 6.393809e+00 0.000000e+00 
6.394809e+00 6.394809e+00 6.394809e+00 5.000000e+00 6.394809e+00 0.000000e+00 6.394809e+00 0.000000e+00 
6.395809e+00 6.395809e+00 6.395809e+00 5.000000e+00 6.395809e+00 0.000000e+00 6.395809e+00 0.000000e+00 
6.396809e+00 6.396809e+00 6.396809e+00 5.000000e+00 6.396809e+00 0.000000e+00 6.396809e+00 0.000000e+00 
6.397809e+00 6.397809e+00 6.397809e+00 5.000000e+00 6.397809e+00 0.000000e+00 6.397809e+00 0.000000e+00 
6.398809e+00 6.398809e+00 6.398809e+00 5.000000e+00 6.398809e+00 0.000000e+00 6.398809e+00 0.000000e+00 
6.399809e+00 6.399809e+00 6.399809e+00 5.000000e+00 6.399809e+00 0.000000e+00 6.399809e+00 0.000000e+00 
6.400809e+00 6.400809e+00 6.400809e+00 5.000000e+00 6.400809e+00 0.000000e+00 6.400809e+00 0.000000e+00 
6.401809e+00 6.401809e+00 6.401809e+00 5.000000e+00 6.401809e+00 0.000000e+00 6.401809e+00 0.000000e+00 
6.402809e+00 6.402809e+00 6.402809e+00 5.000000e+00 6.402809e+00 0.000000e+00 6.402809e+00 0.000000e+00 
6.403809e+00 6.403809e+00 6.403809e+00 5.000000e+00 6.403809e+00 0.000000e+00 6.403809e+00 0.000000e+00 
6.404809e+00 6.404809e+00 6.404809e+00 5.000000e+00 6.404809e+00 0.000000e+00 6.404809e+00 0.000000e+00 
6.405809e+00 6.405809e+00 6.405809e+00 5.000000e+00 6.405809e+00 0.000000e+00 6.405809e+00 0.000000e+00 
6.406809e+00 6.406809e+00 6.406809e+00 5.000000e+00 6.406809e+00 0.000000e+00 6.406809e+00 0.000000e+00 
6.407809e+00 6.407809e+00 6.407809e+00 5.000000e+00 6.407809e+00 0.000000e+00 6.407809e+00 0.000000e+00 
6.408809e+00 6.408809e+00 6.408809e+00 5.000000e+00 6.408809e+00 0.000000e+00 6.408809e+00 0.000000e+00 
6.409809e+00 6.409809e+00 6.409809e+00 5.000000e+00 6.409809e+00 0.000000e+00 6.409809e+00 0.000000e+00 
6.410809e+00 6.410809e+00 6.410809e+00 5.000000e+00 6.410809e+00 0.000000e+00 6.410809e+00 0.000000e+00 
6.411809e+00 6.411809e+00 6.411809e+00 5.000000e+00 6.411809e+00 0.000000e+00 6.411809e+00 0.000000e+00 
6.412809e+00 6.412809e+00 6.412809e+00 5.000000e+00 6.412809e+00 0.000000e+00 6.412809e+00 0.000000e+00 
6.413809e+00 6.413809e+00 6.413809e+00 5.000000e+00 6.413809e+00 0.000000e+00 6.413809e+00 0.000000e+00 
6.414809e+00 6.414809e+00 6.414809e+00 5.000000e+00 6.414809e+00 0.000000e+00 6.414809e+00 0.000000e+00 
6.415809e+00 6.415809e+00 6.415809e+00 5.000000e+00 6.415809e+00 0.000000e+00 6.415809e+00 0.000000e+00 
6.416809e+00 6.416809e+00 6.416809e+00 5.000000e+00 6.416809e+00 0.000000e+00 6.416809e+00 0.000000e+00 
6.417809e+00 6.417809e+00 6.417809e+00 5.000000e+00 6.417809e+00 0.000000e+00 6.417809e+00 0.000000e+00 
6.418809e+00 6.418809e+00 6.418809e+00 5.000000e+00 6.418809e+00 0.000000e+00 6.418809e+00 0.000000e+00 
6.419809e+00 6.419809e+00 6.419809e+00 5.000000e+00 6.419809e+00 0.000000e+00 6.419809e+00 0.000000e+00 
6.420809e+00 6.420809e+00 6.420809e+00 5.000000e+00 6.420809e+00 0.000000e+00 6.420809e+00 0.000000e+00 
6.421809e+00 6.421809e+00 6.421809e+00 5.000000e+00 6.421809e+00 0.000000e+00 6.421809e+00 0.000000e+00 
6.422809e+00 6.422809e+00 6.422809e+00 5.000000e+00 6.422809e+00 0.000000e+00 6.422809e+00 0.000000e+00 
6.423809e+00 6.423809e+00 6.423809e+00 5.000000e+00 6.423809e+00 0.000000e+00 6.423809e+00 0.000000e+00 
6.424809e+00 6.424809e+00 6.424809e+00 5.000000e+00 6.424809e+00 0.000000e+00 6.424809e+00 0.000000e+00 
6.425809e+00 6.425809e+00 6.425809e+00 5.000000e+00 6.425809e+00 0.000000e+00 6.425809e+00 0.000000e+00 
6.426809e+00 6.426809e+00 6.426809e+00 5.000000e+00 6.426809e+00 0.000000e+00 6.426809e+00 0.000000e+00 
6.427809e+00 6.427809e+00 6.427809e+00 5.000000e+00 6.427809e+00 0.000000e+00 6.427809e+00 0.000000e+00 
6.428809e+00 6.428809e+00 6.428809e+00 5.000000e+00 6.428809e+00 0.000000e+00 6.428809e+00 0.000000e+00 
6.429809e+00 6.429809e+00 6.429809e+00 5.000000e+00 6.429809e+00 0.000000e+00 6.429809e+00 0.000000e+00 
6.430809e+00 6.430809e+00 6.430809e+00 5.000000e+00 6.430809e+00 0.000000e+00 6.430809e+00 0.000000e+00 
6.431809e+00 6.431809e+00 6.431809e+00 5.000000e+00 6.431809e+00 0.000000e+00 6.431809e+00 0.000000e+00 
6.432809e+00 6.432809e+00 6.432809e+00 5.000000e+00 6.432809e+00 0.000000e+00 6.432809e+00 0.000000e+00 
6.433809e+00 6.433809e+00 6.433809e+00 5.000000e+00 6.433809e+00 0.000000e+00 6.433809e+00 0.000000e+00 
6.434809e+00 6.434809e+00 6.434809e+00 5.000000e+00 6.434809e+00 0.000000e+00 6.434809e+00 0.000000e+00 
6.435809e+00 6.435809e+00 6.435809e+00 5.000000e+00 6.435809e+00 0.000000e+00 6.435809e+00 0.000000e+00 
6.436809e+00 6.436809e+00 6.436809e+00 5.000000e+00 6.436809e+00 0.000000e+00 6.436809e+00 0.000000e+00 
6.437809e+00 6.437809e+00 6.437809e+00 5.000000e+00 6.437809e+00 0.000000e+00 6.437809e+00 0.000000e+00 
6.438809e+00 6.438809e+00 6.438809e+00 5.000000e+00 6.438809e+00 0.000000e+00 6.438809e+00 0.000000e+00 
6.439809e+00 6.439809e+00 6.439809e+00 5.000000e+00 6.439809e+00 0.000000e+00 6.439809e+00 0.000000e+00 
6.440809e+00 6.440809e+00 6.440809e+00 5.000000e+00 6.440809e+00 0.000000e+00 6.440809e+00 0.000000e+00 
6.441809e+00 6.441809e+00 6.441809e+00 5.000000e+00 6.441809e+00 0.000000e+00 6.441809e+00 0.000000e+00 
6.442809e+00 6.442809e+00 6.442809e+00 5.000000e+00 6.442809e+00 0.000000e+00 6.442809e+00 0.000000e+00 
6.443809e+00 6.443809e+00 6.443809e+00 5.000000e+00 6.443809e+00 0.000000e+00 6.443809e+00 0.000000e+00 
6.444809e+00 6.444809e+00 6.444809e+00 5.000000e+00 6.444809e+00 0.000000e+00 6.444809e+00 0.000000e+00 
6.445809e+00 6.445809e+00 6.445809e+00 5.000000e+00 6.445809e+00 0.000000e+00 6.445809e+00 0.000000e+00 
6.446809e+00 6.446809e+00 6.446809e+00 5.000000e+00 6.446809e+00 0.000000e+00 6.446809e+00 0.000000e+00 
6.447809e+00 6.447809e+00 6.447809e+00 5.000000e+00 6.447809e+00 0.000000e+00 6.447809e+00 0.000000e+00 
6.448809e+00 6.448809e+00 6.448809e+00 5.000000e+00 6.448809e+00 0.000000e+00 6.448809e+00 0.000000e+00 
6.449809e+00 6.449809e+00 6.449809e+00 5.000000e+00 6.449809e+00 0.000000e+00 6.449809e+00 0.000000e+00 
6.450809e+00 6.450809e+00 6.450809e+00 5.000000e+00 6.450809e+00 0.000000e+00 6.450809e+00 0.000000e+00 
6.451809e+00 6.451809e+00 6.451809e+00 5.000000e+00 6.451809e+00 0.000000e+00 6.451809e+00 0.000000e+00 
6.452809e+00 6.452809e+00 6.452809e+00 5.000000e+00 6.452809e+00 0.000000e+00 6.452809e+00 0.000000e+00 
6.453809e+00 6.453809e+00 6.453809e+00 5.000000e+00 6.453809e+00 0.000000e+00 6.453809e+00 0.000000e+00 
6.454809e+00 6.454809e+00 6.454809e+00 5.000000e+00 6.454809e+00 0.000000e+00 6.454809e+00 0.000000e+00 
6.455809e+00 6.455809e+00 6.455809e+00 5.000000e+00 6.455809e+00 0.000000e+00 6.455809e+00 0.000000e+00 
6.456809e+00 6.456809e+00 6.456809e+00 5.000000e+00 6.456809e+00 0.000000e+00 6.456809e+00 0.000000e+00 
6.457809e+00 6.457809e+00 6.457809e+00 5.000000e+00 6.457809e+00 0.000000e+00 6.457809e+00 0.000000e+00 
6.458809e+00 6.458809e+00 6.458809e+00 5.000000e+00 6.458809e+00 0.000000e+00 6.458809e+00 0.000000e+00 
6.459809e+00 6.459809e+00 6.459809e+00 5.000000e+00 6.459809e+00 0.000000e+00 6.459809e+00 0.000000e+00 
6.460809e+00 6.460809e+00 6.460809e+00 5.000000e+00 6.460809e+00 0.000000e+00 6.460809e+00 0.000000e+00 
6.461809e+00 6.461809e+00 6.461809e+00 5.000000e+00 6.461809e+00 0.000000e+00 6.461809e+00 0.000000e+00 
6.462809e+00 6.462809e+00 6.462809e+00 5.000000e+00 6.462809e+00 0.000000e+00 6.462809e+00 0.000000e+00 
6.463809e+00 6.463809e+00 6.463809e+00 5.000000e+00 6.463809e+00 0.000000e+00 6.463809e+00 0.000000e+00 
6.464809e+00 6.464809e+00 6.464809e+00 5.000000e+00 6.464809e+00 0.000000e+00 6.464809e+00 0.000000e+00 
6.465809e+00 6.465809e+00 6.465809e+00 5.000000e+00 6.465809e+00 0.000000e+00 6.465809e+00 0.000000e+00 
6.466809e+00 6.466809e+00 6.466809e+00 5.000000e+00 6.466809e+00 0.000000e+00 6.466809e+00 0.000000e+00 
6.467809e+00 6.467809e+00 6.467809e+00 5.000000e+00 6.467809e+00 0.000000e+00 6.467809e+00 0.000000e+00 
6.468809e+00 6.468809e+00 6.468809e+00 5.000000e+00 6.468809e+00 0.000000e+00 6.468809e+00 0.000000e+00 
6.469809e+00 6.469809e+00 6.469809e+00 5.000000e+00 6.469809e+00 0.000000e+00 6.469809e+00 0.000000e+00 
6.470809e+00 6.470809e+00 6.470809e+00 5.000000e+00 6.470809e+00 0.000000e+00 6.470809e+00 0.000000e+00 
6.471809e+00 6.471809e+00 6.471809e+00 5.000000e+00 6.471809e+00 0.000000e+00 6.471809e+00 0.000000e+00 
6.472809e+00 6.472809e+00 6.472809e+00 5.000000e+00 6.472809e+00 0.000000e+00 6.472809e+00 0.000000e+00 
6.473809e+00 6.473809e+00 6.473809e+00 5.000000e+00 6.473809e+00 0.000000e+00 6.473809e+00 0.000000e+00 
6.474809e+00 6.474809e+00 6.474809e+00 5.000000e+00 6.474809e+00 0.000000e+00 6.474809e+00 0.000000e+00 
6.475809e+00 6.475809e+00 6.475809e+00 5.000000e+00 6.475809e+00 0.000000e+00 6.475809e+00 0.000000e+00 
6.476809e+00 6.476809e+00 6.476809e+00 5.000000e+00 6.476809e+00 0.000000e+00 6.476809e+00 0.000000e+00 
6.477809e+00 6.477809e+00 6.477809e+00 5.000000e+00 6.477809e+00 0.000000e+00 6.477809e+00 0.000000e+00 
6.478809e+00 6.478809e+00 6.478809e+00 5.000000e+00 6.478809e+00 0.000000e+00 6.478809e+00 0.000000e+00 
6.479809e+00 6.479809e+00 6.479809e+00 5.000000e+00 6.479809e+00 0.000000e+00 6.479809e+00 0.000000e+00 
6.480809e+00 6.480809e+00 6.480809e+00 5.000000e+00 6.480809e+00 0.000000e+00 6.480809e+00 0.000000e+00 
6.481809e+00 6.481809e+00 6.481809e+00 5.000000e+00 6.481809e+00 0.000000e+00 6.481809e+00 0.000000e+00 
6.482809e+00 6.482809e+00 6.482809e+00 5.000000e+00 6.482809e+00 0.000000e+00 6.482809e+00 0.000000e+00 
6.483809e+00 6.483809e+00 6.483809e+00 5.000000e+00 6.483809e+00 0.000000e+00 6.483809e+00 0.000000e+00 
6.484809e+00 6.484809e+00 6.484809e+00 5.000000e+00 6.484809e+00 0.000000e+00 6.484809e+00 0.000000e+00 
6.485809e+00 6.485809e+00 6.485809e+00 5.000000e+00 6.485809e+00 0.000000e+00 6.485809e+00 0.000000e+00 
6.486809e+00 6.486809e+00 6.486809e+00 5.000000e+00 6.486809e+00 0.000000e+00 6.486809e+00 0.000000e+00 
6.487809e+00 6.487809e+00 6.487809e+00 5.000000e+00 6.487809e+00 0.000000e+00 6.487809e+00 0.000000e+00 
6.488809e+00 6.488809e+00 6.488809e+00 5.000000e+00 6.488809e+00 0.000000e+00 6.488809e+00 0.000000e+00 
6.489809e+00 6.489809e+00 6.489809e+00 5.000000e+00 6.489809e+00 0.000000e+00 6.489809e+00 0.000000e+00 
6.490809e+00 6.490809e+00 6.490809e+00 5.000000e+00 6.490809e+00 0.000000e+00 6.490809e+00 0.000000e+00 
6.491809e+00 6.491809e+00 6.491809e+00 5.000000e+00 6.491809e+00 0.000000e+00 6.491809e+00 0.000000e+00 
6.492809e+00 6.492809e+00 6.492809e+00 5.000000e+00 6.492809e+00 0.000000e+00 6.492809e+00 0.000000e+00 
6.493809e+00 6.493809e+00 6.493809e+00 5.000000e+00 6.493809e+00 0.000000e+00 6.493809e+00 0.000000e+00 
6.494809e+00 6.494809e+00 6.494809e+00 5.000000e+00 6.494809e+00 0.000000e+00 6.494809e+00 0.000000e+00 
6.495809e+00 6.495809e+00 6.495809e+00 5.000000e+00 6.495809e+00 0.000000e+00 6.495809e+00 0.000000e+00 
6.496809e+00 6.496809e+00 6.496809e+00 5.000000e+00 6.496809e+00 0.000000e+00 6.496809e+00 0.000000e+00 
6.497809e+00 6.497809e+00 6.497809e+00 5.000000e+00 6.497809e+00 0.000000e+00 6.497809e+00 0.000000e+00 
6.498809e+00 6.498809e+00 6.498809e+00 5.000000e+00 6.498809e+00 0.000000e+00 6.498809e+00 0.000000e+00 
6.499809e+00 6.499809e+00 6.499809e+00 5.000000e+00 6.499809e+00 0.000000e+00 6.499809e+00 0.000000e+00 
6.500277e+00 6.500277e+00 6.500277e+00 5.000000e+00 6.500277e+00 0.000000e+00 6.500277e+00 0.000000e+00 
6.500464e+00 6.500464e+00 6.500464e+00 5.000000e+00 6.500464e+00 0.000000e+00 6.500464e+00 0.000000e+00 
6.500464e+00 6.500464e+00 6.500464e+00 5.000000e+00 6.500464e+00 0.000000e+00 6.500464e+00 0.000000e+00 
6.500464e+00 6.500464e+00 6.500464e+00 5.000000e+00 6.500464e+00 0.000000e+00 6.500464e+00 0.000000e+00 
6.500464e+00 6.500464e+00 6.500464e+00 5.000000e+00 6.500464e+00 0.000000e+00 6.500464e+00 0.000000e+00 
6.500464e+00 6.500464e+00 6.500464e+00 5.000000e+00 6.500464e+00 0.000000e+00 6.500464e+00 0.000000e+00 
6.500464e+00 6.500464e+00 6.500464e+00 5.000000e+00 6.500464e+00 2.400000e+00 6.500464e+00 2.400000e+00 
6.500464e+00 6.500464e+00 6.500464e+00 5.000000e+00 6.500464e+00 5.000000e+00 6.500464e+00 5.000000e+00 
6.500464e+00 6.500464e+00 6.500464e+00 5.000000e+00 6.500464e+00 5.000000e+00 6.500464e+00 5.000000e+00 
6.500464e+00 6.500464e+00 6.500464e+00 5.000000e+00 6.500464e+00 5.000000e+00 6.500464e+00 5.000000e+00 
6.500464e+00 6.500464e+00 6.500464e+00 5.000000e+00 6.500464e+00 5.000000e+00 6.500464e+00 5.000000e+00 
6.500464e+00 6.500464e+00 6.500464e+00 1.160001e+00 6.500464e+00 1.160001e+00 6.500464e+00 1.160001e+00 
6.500464e+00 6.500464e+00 6.500464e+00 0.000000e+00 6.500464e+00 0.000000e+00 6.500464e+00 0.000000e+00 
6.500464e+00 6.500464e+00 6.500464e+00 0.000000e+00 6.500464e+00 0.000000e+00 6.500464e+00 0.000000e+00 
6.500464e+00 6.500464e+00 6.500464e+00 0.000000e+00 6.500464e+00 0.000000e+00 6.500464e+00 0.000000e+00 
6.500464e+00 6.500464e+00 6.500464e+00 0.000000e+00 6.500464e+00 0.000000e+00 6.500464e+00 0.000000e+00 
6.500464e+00 6.500464e+00 6.500464e+00 0.000000e+00 6.500464e+00 0.000000e+00 6.500464e+00 0.000000e+00 
6.500464e+00 6.500464e+00 6.500464e+00 0.000000e+00 6.500464e+00 0.000000e+00 6.500464e+00 0.000000e+00 
6.500464e+00 6.500464e+00 6.500464e+00 0.000000e+00 6.500464e+00 0.000000e+00 6.500464e+00 0.000000e+00 
6.500464e+00 6.500464e+00 6.500464e+00 0.000000e+00 6.500464e+00 0.000000e+00 6.500464e+00 0.000000e+00 
6.500465e+00 6.500465e+00 6.500465e+00 0.000000e+00 6.500465e+00 0.000000e+00 6.500465e+00 0.000000e+00 
6.500466e+00 6.500466e+00 6.500466e+00 0.000000e+00 6.500466e+00 0.000000e+00 6.500466e+00 0.000000e+00 
6.500467e+00 6.500467e+00 6.500467e+00 0.000000e+00 6.500467e+00 0.000000e+00 6.500467e+00 0.000000e+00 
6.500469e+00 6.500469e+00 6.500469e+00 0.000000e+00 6.500469e+00 0.000000e+00 6.500469e+00 0.000000e+00 
6.500473e+00 6.500473e+00 6.500473e+00 0.000000e+00 6.500473e+00 0.000000e+00 6.500473e+00 0.000000e+00 
6.500481e+00 6.500481e+00 6.500481e+00 0.000000e+00 6.500481e+00 0.000000e+00 6.500481e+00 0.000000e+00 
6.500497e+00 6.500497e+00 6.500497e+00 0.000000e+00 6.500497e+00 0.000000e+00 6.500497e+00 0.000000e+00 
6.500528e+00 6.500528e+00 6.500528e+00 0.000000e+00 6.500528e+00 0.000000e+00 6.500528e+00 0.000000e+00 
6.500590e+00 6.500590e+00 6.500590e+00 0.000000e+00 6.500590e+00 0.000000e+00 6.500590e+00 0.000000e+00 
6.500715e+00 6.500715e+00 6.500715e+00 0.000000e+00 6.500715e+00 0.000000e+00 6.500715e+00 0.000000e+00 
6.500890e+00 6.500890e+00 6.500890e+00 0.000000e+00 6.500890e+00 0.000000e+00 6.500890e+00 0.000000e+00 
6.501191e+00 6.501191e+00 6.501191e+00 0.000000e+00 6.501191e+00 0.000000e+00 6.501191e+00 0.000000e+00 
6.501794e+00 6.501794e+00 6.501794e+00 0.000000e+00 6.501794e+00 0.000000e+00 6.501794e+00 0.000000e+00 
6.502794e+00 6.502794e+00 6.502794e+00 0.000000e+00 6.502794e+00 0.000000e+00 6.502794e+00 0.000000e+00 
6.503794e+00 6.503794e+00 6.503794e+00 0.000000e+00 6.503794e+00 0.000000e+00 6.503794e+00 0.000000e+00 
6.504794e+00 6.504794e+00 6.504794e+00 0.000000e+00 6.504794e+00 0.000000e+00 6.504794e+00 0.000000e+00 
6.505794e+00 6.505794e+00 6.505794e+00 0.000000e+00 6.505794e+00 0.000000e+00 6.505794e+00 0.000000e+00 
6.506794e+00 6.506794e+00 6.506794e+00 0.000000e+00 6.506794e+00 0.000000e+00 6.506794e+00 0.000000e+00 
6.507794e+00 6.507794e+00 6.507794e+00 0.000000e+00 6.507794e+00 0.000000e+00 6.507794e+00 0.000000e+00 
6.508794e+00 6.508794e+00 6.508794e+00 0.000000e+00 6.508794e+00 0.000000e+00 6.508794e+00 0.000000e+00 
6.509794e+00 6.509794e+00 6.509794e+00 0.000000e+00 6.509794e+00 0.000000e+00 6.509794e+00 0.000000e+00 
6.510794e+00 6.510794e+00 6.510794e+00 0.000000e+00 6.510794e+00 0.000000e+00 6.510794e+00 0.000000e+00 
6.511794e+00 6.511794e+00 6.511794e+00 0.000000e+00 6.511794e+00 0.000000e+00 6.511794e+00 0.000000e+00 
6.512794e+00 6.512794e+00 6.512794e+00 0.000000e+00 6.512794e+00 0.000000e+00 6.512794e+00 0.000000e+00 
6.513794e+00 6.513794e+00 6.513794e+00 0.000000e+00 6.513794e+00 0.000000e+00 6.513794e+00 0.000000e+00 
6.514794e+00 6.514794e+00 6.514794e+00 0.000000e+00 6.514794e+00 0.000000e+00 6.514794e+00 0.000000e+00 
6.515794e+00 6.515794e+00 6.515794e+00 0.000000e+00 6.515794e+00 0.000000e+00 6.515794e+00 0.000000e+00 
6.516794e+00 6.516794e+00 6.516794e+00 0.000000e+00 6.516794e+00 0.000000e+00 6.516794e+00 0.000000e+00 
6.517794e+00 6.517794e+00 6.517794e+00 0.000000e+00 6.517794e+00 0.000000e+00 6.517794e+00 0.000000e+00 
6.518794e+00 6.518794e+00 6.518794e+00 0.000000e+00 6.518794e+00 0.000000e+00 6.518794e+00 0.000000e+00 
6.519794e+00 6.519794e+00 6.519794e+00 0.000000e+00 6.519794e+00 0.000000e+00 6.519794e+00 0.000000e+00 
6.520794e+00 6.520794e+00 6.520794e+00 0.000000e+00 6.520794e+00 0.000000e+00 6.520794e+00 0.000000e+00 
6.521794e+00 6.521794e+00 6.521794e+00 0.000000e+00 6.521794e+00 0.000000e+00 6.521794e+00 0.000000e+00 
6.522794e+00 6.522794e+00 6.522794e+00 0.000000e+00 6.522794e+00 0.000000e+00 6.522794e+00 0.000000e+00 
6.523794e+00 6.523794e+00 6.523794e+00 0.000000e+00 6.523794e+00 0.000000e+00 6.523794e+00 0.000000e+00 
6.524794e+00 6.524794e+00 6.524794e+00 0.000000e+00 6.524794e+00 0.000000e+00 6.524794e+00 0.000000e+00 
6.525794e+00 6.525794e+00 6.525794e+00 0.000000e+00 6.525794e+00 0.000000e+00 6.525794e+00 0.000000e+00 
6.526794e+00 6.526794e+00 6.526794e+00 0.000000e+00 6.526794e+00 0.000000e+00 6.526794e+00 0.000000e+00 
6.527794e+00 6.527794e+00 6.527794e+00 0.000000e+00 6.527794e+00 0.000000e+00 6.527794e+00 0.000000e+00 
6.528794e+00 6.528794e+00 6.528794e+00 0.000000e+00 6.528794e+00 0.000000e+00 6.528794e+00 0.000000e+00 
6.529794e+00 6.529794e+00 6.529794e+00 0.000000e+00 6.529794e+00 0.000000e+00 6.529794e+00 0.000000e+00 
6.530794e+00 6.530794e+00 6.530794e+00 0.000000e+00 6.530794e+00 0.000000e+00 6.530794e+00 0.000000e+00 
6.531794e+00 6.531794e+00 6.531794e+00 0.000000e+00 6.531794e+00 0.000000e+00 6.531794e+00 0.000000e+00 
6.532794e+00 6.532794e+00 6.532794e+00 0.000000e+00 6.532794e+00 0.000000e+00 6.532794e+00 0.000000e+00 
6.533794e+00 6.533794e+00 6.533794e+00 0.000000e+00 6.533794e+00 0.000000e+00 6.533794e+00 0.000000e+00 
6.534794e+00 6.534794e+00 6.534794e+00 0.000000e+00 6.534794e+00 0.000000e+00 6.534794e+00 0.000000e+00 
6.535794e+00 6.535794e+00 6.535794e+00 0.000000e+00 6.535794e+00 0.000000e+00 6.535794e+00 0.000000e+00 
6.536794e+00 6.536794e+00 6.536794e+00 0.000000e+00 6.536794e+00 0.000000e+00 6.536794e+00 0.000000e+00 
6.537794e+00 6.537794e+00 6.537794e+00 0.000000e+00 6.537794e+00 0.000000e+00 6.537794e+00 0.000000e+00 
6.538794e+00 6.538794e+00 6.538794e+00 0.000000e+00 6.538794e+00 0.000000e+00 6.538794e+00 0.000000e+00 
6.539794e+00 6.539794e+00 6.539794e+00 0.000000e+00 6.539794e+00 0.000000e+00 6.539794e+00 0.000000e+00 
6.540794e+00 6.540794e+00 6.540794e+00 0.000000e+00 6.540794e+00 0.000000e+00 6.540794e+00 0.000000e+00 
6.541794e+00 6.541794e+00 6.541794e+00 0.000000e+00 6.541794e+00 0.000000e+00 6.541794e+00 0.000000e+00 
6.542794e+00 6.542794e+00 6.542794e+00 0.000000e+00 6.542794e+00 0.000000e+00 6.542794e+00 0.000000e+00 
6.543794e+00 6.543794e+00 6.543794e+00 0.000000e+00 6.543794e+00 0.000000e+00 6.543794e+00 0.000000e+00 
6.544794e+00 6.544794e+00 6.544794e+00 0.000000e+00 6.544794e+00 0.000000e+00 6.544794e+00 0.000000e+00 
6.545794e+00 6.545794e+00 6.545794e+00 0.000000e+00 6.545794e+00 0.000000e+00 6.545794e+00 0.000000e+00 
6.546794e+00 6.546794e+00 6.546794e+00 0.000000e+00 6.546794e+00 0.000000e+00 6.546794e+00 0.000000e+00 
6.547794e+00 6.547794e+00 6.547794e+00 0.000000e+00 6.547794e+00 0.000000e+00 6.547794e+00 0.000000e+00 
6.548794e+00 6.548794e+00 6.548794e+00 0.000000e+00 6.548794e+00 0.000000e+00 6.548794e+00 0.000000e+00 
6.549794e+00 6.549794e+00 6.549794e+00 0.000000e+00 6.549794e+00 0.000000e+00 6.549794e+00 0.000000e+00 
6.550794e+00 6.550794e+00 6.550794e+00 0.000000e+00 6.550794e+00 0.000000e+00 6.550794e+00 0.000000e+00 
6.551794e+00 6.551794e+00 6.551794e+00 0.000000e+00 6.551794e+00 0.000000e+00 6.551794e+00 0.000000e+00 
6.552794e+00 6.552794e+00 6.552794e+00 0.000000e+00 6.552794e+00 0.000000e+00 6.552794e+00 0.000000e+00 
6.553794e+00 6.553794e+00 6.553794e+00 0.000000e+00 6.553794e+00 0.000000e+00 6.553794e+00 0.000000e+00 
6.554794e+00 6.554794e+00 6.554794e+00 0.000000e+00 6.554794e+00 0.000000e+00 6.554794e+00 0.000000e+00 
6.555794e+00 6.555794e+00 6.555794e+00 0.000000e+00 6.555794e+00 0.000000e+00 6.555794e+00 0.000000e+00 
6.556794e+00 6.556794e+00 6.556794e+00 0.000000e+00 6.556794e+00 0.000000e+00 6.556794e+00 0.000000e+00 
6.557794e+00 6.557794e+00 6.557794e+00 0.000000e+00 6.557794e+00 0.000000e+00 6.557794e+00 0.000000e+00 
6.558794e+00 6.558794e+00 6.558794e+00 0.000000e+00 6.558794e+00 0.000000e+00 6.558794e+00 0.000000e+00 
6.559794e+00 6.559794e+00 6.559794e+00 0.000000e+00 6.559794e+00 0.000000e+00 6.559794e+00 0.000000e+00 
6.560794e+00 6.560794e+00 6.560794e+00 0.000000e+00 6.560794e+00 0.000000e+00 6.560794e+00 0.000000e+00 
6.561794e+00 6.561794e+00 6.561794e+00 0.000000e+00 6.561794e+00 0.000000e+00 6.561794e+00 0.000000e+00 
6.562794e+00 6.562794e+00 6.562794e+00 0.000000e+00 6.562794e+00 0.000000e+00 6.562794e+00 0.000000e+00 
6.563794e+00 6.563794e+00 6.563794e+00 0.000000e+00 6.563794e+00 0.000000e+00 6.563794e+00 0.000000e+00 
6.564794e+00 6.564794e+00 6.564794e+00 0.000000e+00 6.564794e+00 0.000000e+00 6.564794e+00 0.000000e+00 
6.565794e+00 6.565794e+00 6.565794e+00 0.000000e+00 6.565794e+00 0.000000e+00 6.565794e+00 0.000000e+00 
6.566794e+00 6.566794e+00 6.566794e+00 0.000000e+00 6.566794e+00 0.000000e+00 6.566794e+00 0.000000e+00 
6.567794e+00 6.567794e+00 6.567794e+00 0.000000e+00 6.567794e+00 0.000000e+00 6.567794e+00 0.000000e+00 
6.568794e+00 6.568794e+00 6.568794e+00 0.000000e+00 6.568794e+00 0.000000e+00 6.568794e+00 0.000000e+00 
6.569794e+00 6.569794e+00 6.569794e+00 0.000000e+00 6.569794e+00 0.000000e+00 6.569794e+00 0.000000e+00 
6.570794e+00 6.570794e+00 6.570794e+00 0.000000e+00 6.570794e+00 0.000000e+00 6.570794e+00 0.000000e+00 
6.571794e+00 6.571794e+00 6.571794e+00 0.000000e+00 6.571794e+00 0.000000e+00 6.571794e+00 0.000000e+00 
6.572794e+00 6.572794e+00 6.572794e+00 0.000000e+00 6.572794e+00 0.000000e+00 6.572794e+00 0.000000e+00 
6.573794e+00 6.573794e+00 6.573794e+00 0.000000e+00 6.573794e+00 0.000000e+00 6.573794e+00 0.000000e+00 
6.574794e+00 6.574794e+00 6.574794e+00 0.000000e+00 6.574794e+00 0.000000e+00 6.574794e+00 0.000000e+00 
6.575794e+00 6.575794e+00 6.575794e+00 0.000000e+00 6.575794e+00 0.000000e+00 6.575794e+00 0.000000e+00 
6.576794e+00 6.576794e+00 6.576794e+00 0.000000e+00 6.576794e+00 0.000000e+00 6.576794e+00 0.000000e+00 
6.577794e+00 6.577794e+00 6.577794e+00 0.000000e+00 6.577794e+00 0.000000e+00 6.577794e+00 0.000000e+00 
6.578794e+00 6.578794e+00 6.578794e+00 0.000000e+00 6.578794e+00 0.000000e+00 6.578794e+00 0.000000e+00 
6.579794e+00 6.579794e+00 6.579794e+00 0.000000e+00 6.579794e+00 0.000000e+00 6.579794e+00 0.000000e+00 
6.580794e+00 6.580794e+00 6.580794e+00 0.000000e+00 6.580794e+00 0.000000e+00 6.580794e+00 0.000000e+00 
6.581794e+00 6.581794e+00 6.581794e+00 0.000000e+00 6.581794e+00 0.000000e+00 6.581794e+00 0.000000e+00 
6.582794e+00 6.582794e+00 6.582794e+00 0.000000e+00 6.582794e+00 0.000000e+00 6.582794e+00 0.000000e+00 
6.583794e+00 6.583794e+00 6.583794e+00 0.000000e+00 6.583794e+00 0.000000e+00 6.583794e+00 0.000000e+00 
6.584794e+00 6.584794e+00 6.584794e+00 0.000000e+00 6.584794e+00 0.000000e+00 6.584794e+00 0.000000e+00 
6.585794e+00 6.585794e+00 6.585794e+00 0.000000e+00 6.585794e+00 0.000000e+00 6.585794e+00 0.000000e+00 
6.586794e+00 6.586794e+00 6.586794e+00 0.000000e+00 6.586794e+00 0.000000e+00 6.586794e+00 0.000000e+00 
6.587794e+00 6.587794e+00 6.587794e+00 0.000000e+00 6.587794e+00 0.000000e+00 6.587794e+00 0.000000e+00 
6.588794e+00 6.588794e+00 6.588794e+00 0.000000e+00 6.588794e+00 0.000000e+00 6.588794e+00 0.000000e+00 
6.589794e+00 6.589794e+00 6.589794e+00 0.000000e+00 6.589794e+00 0.000000e+00 6.589794e+00 0.000000e+00 
6.590794e+00 6.590794e+00 6.590794e+00 0.000000e+00 6.590794e+00 0.000000e+00 6.590794e+00 0.000000e+00 
6.591794e+00 6.591794e+00 6.591794e+00 0.000000e+00 6.591794e+00 0.000000e+00 6.591794e+00 0.000000e+00 
6.592794e+00 6.592794e+00 6.592794e+00 0.000000e+00 6.592794e+00 0.000000e+00 6.592794e+00 0.000000e+00 
6.593794e+00 6.593794e+00 6.593794e+00 0.000000e+00 6.593794e+00 0.000000e+00 6.593794e+00 0.000000e+00 
6.594794e+00 6.594794e+00 6.594794e+00 0.000000e+00 6.594794e+00 0.000000e+00 6.594794e+00 0.000000e+00 
6.595794e+00 6.595794e+00 6.595794e+00 0.000000e+00 6.595794e+00 0.000000e+00 6.595794e+00 0.000000e+00 
6.596794e+00 6.596794e+00 6.596794e+00 0.000000e+00 6.596794e+00 0.000000e+00 6.596794e+00 0.000000e+00 
6.597794e+00 6.597794e+00 6.597794e+00 0.000000e+00 6.597794e+00 0.000000e+00 6.597794e+00 0.000000e+00 
6.598794e+00 6.598794e+00 6.598794e+00 0.000000e+00 6.598794e+00 0.000000e+00 6.598794e+00 0.000000e+00 
6.599794e+00 6.599794e+00 6.599794e+00 0.000000e+00 6.599794e+00 0.000000e+00 6.599794e+00 0.000000e+00 
6.600794e+00 6.600794e+00 6.600794e+00 0.000000e+00 6.600794e+00 0.000000e+00 6.600794e+00 0.000000e+00 
6.601794e+00 6.601794e+00 6.601794e+00 0.000000e+00 6.601794e+00 0.000000e+00 6.601794e+00 0.000000e+00 
6.602794e+00 6.602794e+00 6.602794e+00 0.000000e+00 6.602794e+00 0.000000e+00 6.602794e+00 0.000000e+00 
6.603794e+00 6.603794e+00 6.603794e+00 0.000000e+00 6.603794e+00 0.000000e+00 6.603794e+00 0.000000e+00 
6.604794e+00 6.604794e+00 6.604794e+00 0.000000e+00 6.604794e+00 0.000000e+00 6.604794e+00 0.000000e+00 
6.605794e+00 6.605794e+00 6.605794e+00 0.000000e+00 6.605794e+00 0.000000e+00 6.605794e+00 0.000000e+00 
6.606794e+00 6.606794e+00 6.606794e+00 0.000000e+00 6.606794e+00 0.000000e+00 6.606794e+00 0.000000e+00 
6.607794e+00 6.607794e+00 6.607794e+00 0.000000e+00 6.607794e+00 0.000000e+00 6.607794e+00 0.000000e+00 
6.608794e+00 6.608794e+00 6.608794e+00 0.000000e+00 6.608794e+00 0.000000e+00 6.608794e+00 0.000000e+00 
6.609794e+00 6.609794e+00 6.609794e+00 0.000000e+00 6.609794e+00 0.000000e+00 6.609794e+00 0.000000e+00 
6.610794e+00 6.610794e+00 6.610794e+00 0.000000e+00 6.610794e+00 0.000000e+00 6.610794e+00 0.000000e+00 
6.611794e+00 6.611794e+00 6.611794e+00 0.000000e+00 6.611794e+00 0.000000e+00 6.611794e+00 0.000000e+00 
6.612794e+00 6.612794e+00 6.612794e+00 0.000000e+00 6.612794e+00 0.000000e+00 6.612794e+00 0.000000e+00 
6.613794e+00 6.613794e+00 6.613794e+00 0.000000e+00 6.613794e+00 0.000000e+00 6.613794e+00 0.000000e+00 
6.614794e+00 6.614794e+00 6.614794e+00 0.000000e+00 6.614794e+00 0.000000e+00 6.614794e+00 0.000000e+00 
6.615794e+00 6.615794e+00 6.615794e+00 0.000000e+00 6.615794e+00 0.000000e+00 6.615794e+00 0.000000e+00 
6.616794e+00 6.616794e+00 6.616794e+00 0.000000e+00 6.616794e+00 0.000000e+00 6.616794e+00 0.000000e+00 
6.617794e+00 6.617794e+00 6.617794e+00 0.000000e+00 6.617794e+00 0.000000e+00 6.617794e+00 0.000000e+00 
6.618794e+00 6.618794e+00 6.618794e+00 0.000000e+00 6.618794e+00 0.000000e+00 6.618794e+00 0.000000e+00 
6.619794e+00 6.619794e+00 6.619794e+00 0.000000e+00 6.619794e+00 0.000000e+00 6.619794e+00 0.000000e+00 
6.620794e+00 6.620794e+00 6.620794e+00 0.000000e+00 6.620794e+00 0.000000e+00 6.620794e+00 0.000000e+00 
6.621794e+00 6.621794e+00 6.621794e+00 0.000000e+00 6.621794e+00 0.000000e+00 6.621794e+00 0.000000e+00 
6.622794e+00 6.622794e+00 6.622794e+00 0.000000e+00 6.622794e+00 0.000000e+00 6.622794e+00 0.000000e+00 
6.623794e+00 6.623794e+00 6.623794e+00 0.000000e+00 6.623794e+00 0.000000e+00 6.623794e+00 0.000000e+00 
6.624794e+00 6.624794e+00 6.624794e+00 0.000000e+00 6.624794e+00 0.000000e+00 6.624794e+00 0.000000e+00 
6.625794e+00 6.625794e+00 6.625794e+00 0.000000e+00 6.625794e+00 0.000000e+00 6.625794e+00 0.000000e+00 
6.626794e+00 6.626794e+00 6.626794e+00 0.000000e+00 6.626794e+00 0.000000e+00 6.626794e+00 0.000000e+00 
6.627794e+00 6.627794e+00 6.627794e+00 0.000000e+00 6.627794e+00 0.000000e+00 6.627794e+00 0.000000e+00 
6.628794e+00 6.628794e+00 6.628794e+00 0.000000e+00 6.628794e+00 0.000000e+00 6.628794e+00 0.000000e+00 
6.629794e+00 6.629794e+00 6.629794e+00 0.000000e+00 6.629794e+00 0.000000e+00 6.629794e+00 0.000000e+00 
6.630794e+00 6.630794e+00 6.630794e+00 0.000000e+00 6.630794e+00 0.000000e+00 6.630794e+00 0.000000e+00 
6.631794e+00 6.631794e+00 6.631794e+00 0.000000e+00 6.631794e+00 0.000000e+00 6.631794e+00 0.000000e+00 
6.632794e+00 6.632794e+00 6.632794e+00 0.000000e+00 6.632794e+00 0.000000e+00 6.632794e+00 0.000000e+00 
6.633794e+00 6.633794e+00 6.633794e+00 0.000000e+00 6.633794e+00 0.000000e+00 6.633794e+00 0.000000e+00 
6.634794e+00 6.634794e+00 6.634794e+00 0.000000e+00 6.634794e+00 0.000000e+00 6.634794e+00 0.000000e+00 
6.635794e+00 6.635794e+00 6.635794e+00 0.000000e+00 6.635794e+00 0.000000e+00 6.635794e+00 0.000000e+00 
6.636794e+00 6.636794e+00 6.636794e+00 0.000000e+00 6.636794e+00 0.000000e+00 6.636794e+00 0.000000e+00 
6.637794e+00 6.637794e+00 6.637794e+00 0.000000e+00 6.637794e+00 0.000000e+00 6.637794e+00 0.000000e+00 
6.638794e+00 6.638794e+00 6.638794e+00 0.000000e+00 6.638794e+00 0.000000e+00 6.638794e+00 0.000000e+00 
6.639794e+00 6.639794e+00 6.639794e+00 0.000000e+00 6.639794e+00 0.000000e+00 6.639794e+00 0.000000e+00 
6.640794e+00 6.640794e+00 6.640794e+00 0.000000e+00 6.640794e+00 0.000000e+00 6.640794e+00 0.000000e+00 
6.641794e+00 6.641794e+00 6.641794e+00 0.000000e+00 6.641794e+00 0.000000e+00 6.641794e+00 0.000000e+00 
6.642794e+00 6.642794e+00 6.642794e+00 0.000000e+00 6.642794e+00 0.000000e+00 6.642794e+00 0.000000e+00 
6.643794e+00 6.643794e+00 6.643794e+00 0.000000e+00 6.643794e+00 0.000000e+00 6.643794e+00 0.000000e+00 
6.644794e+00 6.644794e+00 6.644794e+00 0.000000e+00 6.644794e+00 0.000000e+00 6.644794e+00 0.000000e+00 
6.645794e+00 6.645794e+00 6.645794e+00 0.000000e+00 6.645794e+00 0.000000e+00 6.645794e+00 0.000000e+00 
6.646794e+00 6.646794e+00 6.646794e+00 0.000000e+00 6.646794e+00 0.000000e+00 6.646794e+00 0.000000e+00 
6.647794e+00 6.647794e+00 6.647794e+00 0.000000e+00 6.647794e+00 0.000000e+00 6.647794e+00 0.000000e+00 
6.648794e+00 6.648794e+00 6.648794e+00 0.000000e+00 6.648794e+00 0.000000e+00 6.648794e+00 0.000000e+00 
6.649794e+00 6.649794e+00 6.649794e+00 0.000000e+00 6.649794e+00 0.000000e+00 6.649794e+00 0.000000e+00 
6.650794e+00 6.650794e+00 6.650794e+00 0.000000e+00 6.650794e+00 0.000000e+00 6.650794e+00 0.000000e+00 
6.651794e+00 6.651794e+00 6.651794e+00 0.000000e+00 6.651794e+00 0.000000e+00 6.651794e+00 0.000000e+00 
6.652794e+00 6.652794e+00 6.652794e+00 0.000000e+00 6.652794e+00 0.000000e+00 6.652794e+00 0.000000e+00 
6.653794e+00 6.653794e+00 6.653794e+00 0.000000e+00 6.653794e+00 0.000000e+00 6.653794e+00 0.000000e+00 
6.654794e+00 6.654794e+00 6.654794e+00 0.000000e+00 6.654794e+00 0.000000e+00 6.654794e+00 0.000000e+00 
6.655794e+00 6.655794e+00 6.655794e+00 0.000000e+00 6.655794e+00 0.000000e+00 6.655794e+00 0.000000e+00 
6.656794e+00 6.656794e+00 6.656794e+00 0.000000e+00 6.656794e+00 0.000000e+00 6.656794e+00 0.000000e+00 
6.657794e+00 6.657794e+00 6.657794e+00 0.000000e+00 6.657794e+00 0.000000e+00 6.657794e+00 0.000000e+00 
6.658794e+00 6.658794e+00 6.658794e+00 0.000000e+00 6.658794e+00 0.000000e+00 6.658794e+00 0.000000e+00 
6.659794e+00 6.659794e+00 6.659794e+00 0.000000e+00 6.659794e+00 0.000000e+00 6.659794e+00 0.000000e+00 
6.660794e+00 6.660794e+00 6.660794e+00 0.000000e+00 6.660794e+00 0.000000e+00 6.660794e+00 0.000000e+00 
6.661794e+00 6.661794e+00 6.661794e+00 0.000000e+00 6.661794e+00 0.000000e+00 6.661794e+00 0.000000e+00 
6.662794e+00 6.662794e+00 6.662794e+00 0.000000e+00 6.662794e+00 0.000000e+00 6.662794e+00 0.000000e+00 
6.663794e+00 6.663794e+00 6.663794e+00 0.000000e+00 6.663794e+00 0.000000e+00 6.663794e+00 0.000000e+00 
6.664794e+00 6.664794e+00 6.664794e+00 0.000000e+00 6.664794e+00 0.000000e+00 6.664794e+00 0.000000e+00 
6.665794e+00 6.665794e+00 6.665794e+00 0.000000e+00 6.665794e+00 0.000000e+00 6.665794e+00 0.000000e+00 
6.666794e+00 6.666794e+00 6.666794e+00 0.000000e+00 6.666794e+00 0.000000e+00 6.666794e+00 0.000000e+00 
6.667794e+00 6.667794e+00 6.667794e+00 0.000000e+00 6.667794e+00 0.000000e+00 6.667794e+00 0.000000e+00 
6.668794e+00 6.668794e+00 6.668794e+00 0.000000e+00 6.668794e+00 0.000000e+00 6.668794e+00 0.000000e+00 
6.669794e+00 6.669794e+00 6.669794e+00 0.000000e+00 6.669794e+00 0.000000e+00 6.669794e+00 0.000000e+00 
6.670794e+00 6.670794e+00 6.670794e+00 0.000000e+00 6.670794e+00 0.000000e+00 6.670794e+00 0.000000e+00 
6.671794e+00 6.671794e+00 6.671794e+00 0.000000e+00 6.671794e+00 0.000000e+00 6.671794e+00 0.000000e+00 
6.672794e+00 6.672794e+00 6.672794e+00 0.000000e+00 6.672794e+00 0.000000e+00 6.672794e+00 0.000000e+00 
6.673794e+00 6.673794e+00 6.673794e+00 0.000000e+00 6.673794e+00 0.000000e+00 6.673794e+00 0.000000e+00 
6.674794e+00 6.674794e+00 6.674794e+00 0.000000e+00 6.674794e+00 0.000000e+00 6.674794e+00 0.000000e+00 
6.675794e+00 6.675794e+00 6.675794e+00 0.000000e+00 6.675794e+00 0.000000e+00 6.675794e+00 0.000000e+00 
6.676794e+00 6.676794e+00 6.676794e+00 0.000000e+00 6.676794e+00 0.000000e+00 6.676794e+00 0.000000e+00 
6.677794e+00 6.677794e+00 6.677794e+00 0.000000e+00 6.677794e+00 0.000000e+00 6.677794e+00 0.000000e+00 
6.678794e+00 6.678794e+00 6.678794e+00 0.000000e+00 6.678794e+00 0.000000e+00 6.678794e+00 0.000000e+00 
6.679794e+00 6.679794e+00 6.679794e+00 0.000000e+00 6.679794e+00 0.000000e+00 6.679794e+00 0.000000e+00 
6.680794e+00 6.680794e+00 6.680794e+00 0.000000e+00 6.680794e+00 0.000000e+00 6.680794e+00 0.000000e+00 
6.681794e+00 6.681794e+00 6.681794e+00 0.000000e+00 6.681794e+00 0.000000e+00 6.681794e+00 0.000000e+00 
6.682794e+00 6.682794e+00 6.682794e+00 0.000000e+00 6.682794e+00 0.000000e+00 6.682794e+00 0.000000e+00 
6.683794e+00 6.683794e+00 6.683794e+00 0.000000e+00 6.683794e+00 0.000000e+00 6.683794e+00 0.000000e+00 
6.684794e+00 6.684794e+00 6.684794e+00 0.000000e+00 6.684794e+00 0.000000e+00 6.684794e+00 0.000000e+00 
6.685794e+00 6.685794e+00 6.685794e+00 0.000000e+00 6.685794e+00 0.000000e+00 6.685794e+00 0.000000e+00 
6.686794e+00 6.686794e+00 6.686794e+00 0.000000e+00 6.686794e+00 0.000000e+00 6.686794e+00 0.000000e+00 
6.687794e+00 6.687794e+00 6.687794e+00 0.000000e+00 6.687794e+00 0.000000e+00 6.687794e+00 0.000000e+00 
6.688794e+00 6.688794e+00 6.688794e+00 0.000000e+00 6.688794e+00 0.000000e+00 6.688794e+00 0.000000e+00 
6.689794e+00 6.689794e+00 6.689794e+00 0.000000e+00 6.689794e+00 0.000000e+00 6.689794e+00 0.000000e+00 
6.690794e+00 6.690794e+00 6.690794e+00 0.000000e+00 6.690794e+00 0.000000e+00 6.690794e+00 0.000000e+00 
6.691794e+00 6.691794e+00 6.691794e+00 0.000000e+00 6.691794e+00 0.000000e+00 6.691794e+00 0.000000e+00 
6.692794e+00 6.692794e+00 6.692794e+00 0.000000e+00 6.692794e+00 0.000000e+00 6.692794e+00 0.000000e+00 
6.693794e+00 6.693794e+00 6.693794e+00 0.000000e+00 6.693794e+00 0.000000e+00 6.693794e+00 0.000000e+00 
6.694794e+00 6.694794e+00 6.694794e+00 0.000000e+00 6.694794e+00 0.000000e+00 6.694794e+00 0.000000e+00 
6.695794e+00 6.695794e+00 6.695794e+00 0.000000e+00 6.695794e+00 0.000000e+00 6.695794e+00 0.000000e+00 
6.696794e+00 6.696794e+00 6.696794e+00 0.000000e+00 6.696794e+00 0.000000e+00 6.696794e+00 0.000000e+00 
6.697794e+00 6.697794e+00 6.697794e+00 0.000000e+00 6.697794e+00 0.000000e+00 6.697794e+00 0.000000e+00 
6.698794e+00 6.698794e+00 6.698794e+00 0.000000e+00 6.698794e+00 0.000000e+00 6.698794e+00 0.000000e+00 
6.699794e+00 6.699794e+00 6.699794e+00 0.000000e+00 6.699794e+00 0.000000e+00 6.699794e+00 0.000000e+00 
6.700794e+00 6.700794e+00 6.700794e+00 0.000000e+00 6.700794e+00 0.000000e+00 6.700794e+00 0.000000e+00 
6.701794e+00 6.701794e+00 6.701794e+00 0.000000e+00 6.701794e+00 0.000000e+00 6.701794e+00 0.000000e+00 
6.702794e+00 6.702794e+00 6.702794e+00 0.000000e+00 6.702794e+00 0.000000e+00 6.702794e+00 0.000000e+00 
6.703794e+00 6.703794e+00 6.703794e+00 0.000000e+00 6.703794e+00 0.000000e+00 6.703794e+00 0.000000e+00 
6.704794e+00 6.704794e+00 6.704794e+00 0.000000e+00 6.704794e+00 0.000000e+00 6.704794e+00 0.000000e+00 
6.705794e+00 6.705794e+00 6.705794e+00 0.000000e+00 6.705794e+00 0.000000e+00 6.705794e+00 0.000000e+00 
6.706794e+00 6.706794e+00 6.706794e+00 0.000000e+00 6.706794e+00 0.000000e+00 6.706794e+00 0.000000e+00 
6.707794e+00 6.707794e+00 6.707794e+00 0.000000e+00 6.707794e+00 0.000000e+00 6.707794e+00 0.000000e+00 
6.708794e+00 6.708794e+00 6.708794e+00 0.000000e+00 6.708794e+00 0.000000e+00 6.708794e+00 0.000000e+00 
6.709794e+00 6.709794e+00 6.709794e+00 0.000000e+00 6.709794e+00 0.000000e+00 6.709794e+00 0.000000e+00 
6.710794e+00 6.710794e+00 6.710794e+00 0.000000e+00 6.710794e+00 0.000000e+00 6.710794e+00 0.000000e+00 
6.711794e+00 6.711794e+00 6.711794e+00 0.000000e+00 6.711794e+00 0.000000e+00 6.711794e+00 0.000000e+00 
6.712794e+00 6.712794e+00 6.712794e+00 0.000000e+00 6.712794e+00 0.000000e+00 6.712794e+00 0.000000e+00 
6.713794e+00 6.713794e+00 6.713794e+00 0.000000e+00 6.713794e+00 0.000000e+00 6.713794e+00 0.000000e+00 
6.714794e+00 6.714794e+00 6.714794e+00 0.000000e+00 6.714794e+00 0.000000e+00 6.714794e+00 0.000000e+00 
6.715794e+00 6.715794e+00 6.715794e+00 0.000000e+00 6.715794e+00 0.000000e+00 6.715794e+00 0.000000e+00 
6.716794e+00 6.716794e+00 6.716794e+00 0.000000e+00 6.716794e+00 0.000000e+00 6.716794e+00 0.000000e+00 
6.717794e+00 6.717794e+00 6.717794e+00 0.000000e+00 6.717794e+00 0.000000e+00 6.717794e+00 0.000000e+00 
6.718794e+00 6.718794e+00 6.718794e+00 0.000000e+00 6.718794e+00 0.000000e+00 6.718794e+00 0.000000e+00 
6.719794e+00 6.719794e+00 6.719794e+00 0.000000e+00 6.719794e+00 0.000000e+00 6.719794e+00 0.000000e+00 
6.720794e+00 6.720794e+00 6.720794e+00 0.000000e+00 6.720794e+00 0.000000e+00 6.720794e+00 0.000000e+00 
6.721794e+00 6.721794e+00 6.721794e+00 0.000000e+00 6.721794e+00 0.000000e+00 6.721794e+00 0.000000e+00 
6.722794e+00 6.722794e+00 6.722794e+00 0.000000e+00 6.722794e+00 0.000000e+00 6.722794e+00 0.000000e+00 
6.723794e+00 6.723794e+00 6.723794e+00 0.000000e+00 6.723794e+00 0.000000e+00 6.723794e+00 0.000000e+00 
6.724794e+00 6.724794e+00 6.724794e+00 0.000000e+00 6.724794e+00 0.000000e+00 6.724794e+00 0.000000e+00 
6.725794e+00 6.725794e+00 6.725794e+00 0.000000e+00 6.725794e+00 0.000000e+00 6.725794e+00 0.000000e+00 
6.726794e+00 6.726794e+00 6.726794e+00 0.000000e+00 6.726794e+00 0.000000e+00 6.726794e+00 0.000000e+00 
6.727794e+00 6.727794e+00 6.727794e+00 0.000000e+00 6.727794e+00 0.000000e+00 6.727794e+00 0.000000e+00 
6.728794e+00 6.728794e+00 6.728794e+00 0.000000e+00 6.728794e+00 0.000000e+00 6.728794e+00 0.000000e+00 
6.729794e+00 6.729794e+00 6.729794e+00 0.000000e+00 6.729794e+00 0.000000e+00 6.729794e+00 0.000000e+00 
6.730794e+00 6.730794e+00 6.730794e+00 0.000000e+00 6.730794e+00 0.000000e+00 6.730794e+00 0.000000e+00 
6.731794e+00 6.731794e+00 6.731794e+00 0.000000e+00 6.731794e+00 0.000000e+00 6.731794e+00 0.000000e+00 
6.732794e+00 6.732794e+00 6.732794e+00 0.000000e+00 6.732794e+00 0.000000e+00 6.732794e+00 0.000000e+00 
6.733794e+00 6.733794e+00 6.733794e+00 0.000000e+00 6.733794e+00 0.000000e+00 6.733794e+00 0.000000e+00 
6.734794e+00 6.734794e+00 6.734794e+00 0.000000e+00 6.734794e+00 0.000000e+00 6.734794e+00 0.000000e+00 
6.735794e+00 6.735794e+00 6.735794e+00 0.000000e+00 6.735794e+00 0.000000e+00 6.735794e+00 0.000000e+00 
6.736794e+00 6.736794e+00 6.736794e+00 0.000000e+00 6.736794e+00 0.000000e+00 6.736794e+00 0.000000e+00 
6.737794e+00 6.737794e+00 6.737794e+00 0.000000e+00 6.737794e+00 0.000000e+00 6.737794e+00 0.000000e+00 
6.738794e+00 6.738794e+00 6.738794e+00 0.000000e+00 6.738794e+00 0.000000e+00 6.738794e+00 0.000000e+00 
6.739794e+00 6.739794e+00 6.739794e+00 0.000000e+00 6.739794e+00 0.000000e+00 6.739794e+00 0.000000e+00 
6.740794e+00 6.740794e+00 6.740794e+00 0.000000e+00 6.740794e+00 0.000000e+00 6.740794e+00 0.000000e+00 
6.741794e+00 6.741794e+00 6.741794e+00 0.000000e+00 6.741794e+00 0.000000e+00 6.741794e+00 0.000000e+00 
6.742794e+00 6.742794e+00 6.742794e+00 0.000000e+00 6.742794e+00 0.000000e+00 6.742794e+00 0.000000e+00 
6.743794e+00 6.743794e+00 6.743794e+00 0.000000e+00 6.743794e+00 0.000000e+00 6.743794e+00 0.000000e+00 
6.744794e+00 6.744794e+00 6.744794e+00 0.000000e+00 6.744794e+00 0.000000e+00 6.744794e+00 0.000000e+00 
6.745794e+00 6.745794e+00 6.745794e+00 0.000000e+00 6.745794e+00 0.000000e+00 6.745794e+00 0.000000e+00 
6.746794e+00 6.746794e+00 6.746794e+00 0.000000e+00 6.746794e+00 0.000000e+00 6.746794e+00 0.000000e+00 
6.747794e+00 6.747794e+00 6.747794e+00 0.000000e+00 6.747794e+00 0.000000e+00 6.747794e+00 0.000000e+00 
6.748794e+00 6.748794e+00 6.748794e+00 0.000000e+00 6.748794e+00 0.000000e+00 6.748794e+00 0.000000e+00 
6.749794e+00 6.749794e+00 6.749794e+00 0.000000e+00 6.749794e+00 0.000000e+00 6.749794e+00 0.000000e+00 
6.750794e+00 6.750794e+00 6.750794e+00 0.000000e+00 6.750794e+00 0.000000e+00 6.750794e+00 0.000000e+00 
6.751794e+00 6.751794e+00 6.751794e+00 0.000000e+00 6.751794e+00 0.000000e+00 6.751794e+00 0.000000e+00 
6.752794e+00 6.752794e+00 6.752794e+00 0.000000e+00 6.752794e+00 0.000000e+00 6.752794e+00 0.000000e+00 
6.753794e+00 6.753794e+00 6.753794e+00 0.000000e+00 6.753794e+00 0.000000e+00 6.753794e+00 0.000000e+00 
6.754794e+00 6.754794e+00 6.754794e+00 0.000000e+00 6.754794e+00 0.000000e+00 6.754794e+00 0.000000e+00 
6.755794e+00 6.755794e+00 6.755794e+00 0.000000e+00 6.755794e+00 0.000000e+00 6.755794e+00 0.000000e+00 
6.756794e+00 6.756794e+00 6.756794e+00 0.000000e+00 6.756794e+00 0.000000e+00 6.756794e+00 0.000000e+00 
6.757794e+00 6.757794e+00 6.757794e+00 0.000000e+00 6.757794e+00 0.000000e+00 6.757794e+00 0.000000e+00 
6.758794e+00 6.758794e+00 6.758794e+00 0.000000e+00 6.758794e+00 0.000000e+00 6.758794e+00 0.000000e+00 
6.759794e+00 6.759794e+00 6.759794e+00 0.000000e+00 6.759794e+00 0.000000e+00 6.759794e+00 0.000000e+00 
6.760794e+00 6.760794e+00 6.760794e+00 0.000000e+00 6.760794e+00 0.000000e+00 6.760794e+00 0.000000e+00 
6.761794e+00 6.761794e+00 6.761794e+00 0.000000e+00 6.761794e+00 0.000000e+00 6.761794e+00 0.000000e+00 
6.762794e+00 6.762794e+00 6.762794e+00 0.000000e+00 6.762794e+00 0.000000e+00 6.762794e+00 0.000000e+00 
6.763794e+00 6.763794e+00 6.763794e+00 0.000000e+00 6.763794e+00 0.000000e+00 6.763794e+00 0.000000e+00 
6.764794e+00 6.764794e+00 6.764794e+00 0.000000e+00 6.764794e+00 0.000000e+00 6.764794e+00 0.000000e+00 
6.765794e+00 6.765794e+00 6.765794e+00 0.000000e+00 6.765794e+00 0.000000e+00 6.765794e+00 0.000000e+00 
6.766794e+00 6.766794e+00 6.766794e+00 0.000000e+00 6.766794e+00 0.000000e+00 6.766794e+00 0.000000e+00 
6.767794e+00 6.767794e+00 6.767794e+00 0.000000e+00 6.767794e+00 0.000000e+00 6.767794e+00 0.000000e+00 
6.768794e+00 6.768794e+00 6.768794e+00 0.000000e+00 6.768794e+00 0.000000e+00 6.768794e+00 0.000000e+00 
6.769794e+00 6.769794e+00 6.769794e+00 0.000000e+00 6.769794e+00 0.000000e+00 6.769794e+00 0.000000e+00 
6.770794e+00 6.770794e+00 6.770794e+00 0.000000e+00 6.770794e+00 0.000000e+00 6.770794e+00 0.000000e+00 
6.771794e+00 6.771794e+00 6.771794e+00 0.000000e+00 6.771794e+00 0.000000e+00 6.771794e+00 0.000000e+00 
6.772794e+00 6.772794e+00 6.772794e+00 0.000000e+00 6.772794e+00 0.000000e+00 6.772794e+00 0.000000e+00 
6.773794e+00 6.773794e+00 6.773794e+00 0.000000e+00 6.773794e+00 0.000000e+00 6.773794e+00 0.000000e+00 
6.774794e+00 6.774794e+00 6.774794e+00 0.000000e+00 6.774794e+00 0.000000e+00 6.774794e+00 0.000000e+00 
6.775794e+00 6.775794e+00 6.775794e+00 0.000000e+00 6.775794e+00 0.000000e+00 6.775794e+00 0.000000e+00 
6.776794e+00 6.776794e+00 6.776794e+00 0.000000e+00 6.776794e+00 0.000000e+00 6.776794e+00 0.000000e+00 
6.777794e+00 6.777794e+00 6.777794e+00 0.000000e+00 6.777794e+00 0.000000e+00 6.777794e+00 0.000000e+00 
6.778794e+00 6.778794e+00 6.778794e+00 0.000000e+00 6.778794e+00 0.000000e+00 6.778794e+00 0.000000e+00 
6.779794e+00 6.779794e+00 6.779794e+00 0.000000e+00 6.779794e+00 0.000000e+00 6.779794e+00 0.000000e+00 
6.780794e+00 6.780794e+00 6.780794e+00 0.000000e+00 6.780794e+00 0.000000e+00 6.780794e+00 0.000000e+00 
6.781794e+00 6.781794e+00 6.781794e+00 0.000000e+00 6.781794e+00 0.000000e+00 6.781794e+00 0.000000e+00 
6.782794e+00 6.782794e+00 6.782794e+00 0.000000e+00 6.782794e+00 0.000000e+00 6.782794e+00 0.000000e+00 
6.783794e+00 6.783794e+00 6.783794e+00 0.000000e+00 6.783794e+00 0.000000e+00 6.783794e+00 0.000000e+00 
6.784794e+00 6.784794e+00 6.784794e+00 0.000000e+00 6.784794e+00 0.000000e+00 6.784794e+00 0.000000e+00 
6.785794e+00 6.785794e+00 6.785794e+00 0.000000e+00 6.785794e+00 0.000000e+00 6.785794e+00 0.000000e+00 
6.786794e+00 6.786794e+00 6.786794e+00 0.000000e+00 6.786794e+00 0.000000e+00 6.786794e+00 0.000000e+00 
6.787794e+00 6.787794e+00 6.787794e+00 0.000000e+00 6.787794e+00 0.000000e+00 6.787794e+00 0.000000e+00 
6.788794e+00 6.788794e+00 6.788794e+00 0.000000e+00 6.788794e+00 0.000000e+00 6.788794e+00 0.000000e+00 
6.789794e+00 6.789794e+00 6.789794e+00 0.000000e+00 6.789794e+00 0.000000e+00 6.789794e+00 0.000000e+00 
6.790794e+00 6.790794e+00 6.790794e+00 0.000000e+00 6.790794e+00 0.000000e+00 6.790794e+00 0.000000e+00 
6.791794e+00 6.791794e+00 6.791794e+00 0.000000e+00 6.791794e+00 0.000000e+00 6.791794e+00 0.000000e+00 
6.792794e+00 6.792794e+00 6.792794e+00 0.000000e+00 6.792794e+00 0.000000e+00 6.792794e+00 0.000000e+00 
6.793794e+00 6.793794e+00 6.793794e+00 0.000000e+00 6.793794e+00 0.000000e+00 6.793794e+00 0.000000e+00 
6.794794e+00 6.794794e+00 6.794794e+00 0.000000e+00 6.794794e+00 0.000000e+00 6.794794e+00 0.000000e+00 
6.795794e+00 6.795794e+00 6.795794e+00 0.000000e+00 6.795794e+00 0.000000e+00 6.795794e+00 0.000000e+00 
6.796794e+00 6.796794e+00 6.796794e+00 0.000000e+00 6.796794e+00 0.000000e+00 6.796794e+00 0.000000e+00 
6.797794e+00 6.797794e+00 6.797794e+00 0.000000e+00 6.797794e+00 0.000000e+00 6.797794e+00 0.000000e+00 
6.798794e+00 6.798794e+00 6.798794e+00 0.000000e+00 6.798794e+00 0.000000e+00 6.798794e+00 0.000000e+00 
6.799794e+00 6.799794e+00 6.799794e+00 0.000000e+00 6.799794e+00 0.000000e+00 6.799794e+00 0.000000e+00 
6.800794e+00 6.800794e+00 6.800794e+00 0.000000e+00 6.800794e+00 0.000000e+00 6.800794e+00 0.000000e+00 
6.801794e+00 6.801794e+00 6.801794e+00 0.000000e+00 6.801794e+00 0.000000e+00 6.801794e+00 0.000000e+00 
6.802794e+00 6.802794e+00 6.802794e+00 0.000000e+00 6.802794e+00 0.000000e+00 6.802794e+00 0.000000e+00 
6.803794e+00 6.803794e+00 6.803794e+00 0.000000e+00 6.803794e+00 0.000000e+00 6.803794e+00 0.000000e+00 
6.804794e+00 6.804794e+00 6.804794e+00 0.000000e+00 6.804794e+00 0.000000e+00 6.804794e+00 0.000000e+00 
6.805794e+00 6.805794e+00 6.805794e+00 0.000000e+00 6.805794e+00 0.000000e+00 6.805794e+00 0.000000e+00 
6.806794e+00 6.806794e+00 6.806794e+00 0.000000e+00 6.806794e+00 0.000000e+00 6.806794e+00 0.000000e+00 
6.807794e+00 6.807794e+00 6.807794e+00 0.000000e+00 6.807794e+00 0.000000e+00 6.807794e+00 0.000000e+00 
6.808794e+00 6.808794e+00 6.808794e+00 0.000000e+00 6.808794e+00 0.000000e+00 6.808794e+00 0.000000e+00 
6.809794e+00 6.809794e+00 6.809794e+00 0.000000e+00 6.809794e+00 0.000000e+00 6.809794e+00 0.000000e+00 
6.810794e+00 6.810794e+00 6.810794e+00 0.000000e+00 6.810794e+00 0.000000e+00 6.810794e+00 0.000000e+00 
6.811794e+00 6.811794e+00 6.811794e+00 0.000000e+00 6.811794e+00 0.000000e+00 6.811794e+00 0.000000e+00 
6.812794e+00 6.812794e+00 6.812794e+00 0.000000e+00 6.812794e+00 0.000000e+00 6.812794e+00 0.000000e+00 
6.813794e+00 6.813794e+00 6.813794e+00 0.000000e+00 6.813794e+00 0.000000e+00 6.813794e+00 0.000000e+00 
6.814794e+00 6.814794e+00 6.814794e+00 0.000000e+00 6.814794e+00 0.000000e+00 6.814794e+00 0.000000e+00 
6.815794e+00 6.815794e+00 6.815794e+00 0.000000e+00 6.815794e+00 0.000000e+00 6.815794e+00 0.000000e+00 
6.816794e+00 6.816794e+00 6.816794e+00 0.000000e+00 6.816794e+00 0.000000e+00 6.816794e+00 0.000000e+00 
6.817794e+00 6.817794e+00 6.817794e+00 0.000000e+00 6.817794e+00 0.000000e+00 6.817794e+00 0.000000e+00 
6.818794e+00 6.818794e+00 6.818794e+00 0.000000e+00 6.818794e+00 0.000000e+00 6.818794e+00 0.000000e+00 
6.819794e+00 6.819794e+00 6.819794e+00 0.000000e+00 6.819794e+00 0.000000e+00 6.819794e+00 0.000000e+00 
6.820794e+00 6.820794e+00 6.820794e+00 0.000000e+00 6.820794e+00 0.000000e+00 6.820794e+00 0.000000e+00 
6.821794e+00 6.821794e+00 6.821794e+00 0.000000e+00 6.821794e+00 0.000000e+00 6.821794e+00 0.000000e+00 
6.822794e+00 6.822794e+00 6.822794e+00 0.000000e+00 6.822794e+00 0.000000e+00 6.822794e+00 0.000000e+00 
6.823794e+00 6.823794e+00 6.823794e+00 0.000000e+00 6.823794e+00 0.000000e+00 6.823794e+00 0.000000e+00 
6.824794e+00 6.824794e+00 6.824794e+00 0.000000e+00 6.824794e+00 0.000000e+00 6.824794e+00 0.000000e+00 
6.825794e+00 6.825794e+00 6.825794e+00 0.000000e+00 6.825794e+00 0.000000e+00 6.825794e+00 0.000000e+00 
6.826794e+00 6.826794e+00 6.826794e+00 0.000000e+00 6.826794e+00 0.000000e+00 6.826794e+00 0.000000e+00 
6.827794e+00 6.827794e+00 6.827794e+00 0.000000e+00 6.827794e+00 0.000000e+00 6.827794e+00 0.000000e+00 
6.828794e+00 6.828794e+00 6.828794e+00 0.000000e+00 6.828794e+00 0.000000e+00 6.828794e+00 0.000000e+00 
6.829794e+00 6.829794e+00 6.829794e+00 0.000000e+00 6.829794e+00 0.000000e+00 6.829794e+00 0.000000e+00 
6.830794e+00 6.830794e+00 6.830794e+00 0.000000e+00 6.830794e+00 0.000000e+00 6.830794e+00 0.000000e+00 
6.831794e+00 6.831794e+00 6.831794e+00 0.000000e+00 6.831794e+00 0.000000e+00 6.831794e+00 0.000000e+00 
6.832794e+00 6.832794e+00 6.832794e+00 0.000000e+00 6.832794e+00 0.000000e+00 6.832794e+00 0.000000e+00 
6.833794e+00 6.833794e+00 6.833794e+00 0.000000e+00 6.833794e+00 0.000000e+00 6.833794e+00 0.000000e+00 
6.834794e+00 6.834794e+00 6.834794e+00 0.000000e+00 6.834794e+00 0.000000e+00 6.834794e+00 0.000000e+00 
6.835794e+00 6.835794e+00 6.835794e+00 0.000000e+00 6.835794e+00 0.000000e+00 6.835794e+00 0.000000e+00 
6.836794e+00 6.836794e+00 6.836794e+00 0.000000e+00 6.836794e+00 0.000000e+00 6.836794e+00 0.000000e+00 
6.837794e+00 6.837794e+00 6.837794e+00 0.000000e+00 6.837794e+00 0.000000e+00 6.837794e+00 0.000000e+00 
6.838794e+00 6.838794e+00 6.838794e+00 0.000000e+00 6.838794e+00 0.000000e+00 6.838794e+00 0.000000e+00 
6.839794e+00 6.839794e+00 6.839794e+00 0.000000e+00 6.839794e+00 0.000000e+00 6.839794e+00 0.000000e+00 
6.840794e+00 6.840794e+00 6.840794e+00 0.000000e+00 6.840794e+00 0.000000e+00 6.840794e+00 0.000000e+00 
6.841794e+00 6.841794e+00 6.841794e+00 0.000000e+00 6.841794e+00 0.000000e+00 6.841794e+00 0.000000e+00 
6.842794e+00 6.842794e+00 6.842794e+00 0.000000e+00 6.842794e+00 0.000000e+00 6.842794e+00 0.000000e+00 
6.843794e+00 6.843794e+00 6.843794e+00 0.000000e+00 6.843794e+00 0.000000e+00 6.843794e+00 0.000000e+00 
6.844794e+00 6.844794e+00 6.844794e+00 0.000000e+00 6.844794e+00 0.000000e+00 6.844794e+00 0.000000e+00 
6.845794e+00 6.845794e+00 6.845794e+00 0.000000e+00 6.845794e+00 0.000000e+00 6.845794e+00 0.000000e+00 
6.846794e+00 6.846794e+00 6.846794e+00 0.000000e+00 6.846794e+00 0.000000e+00 6.846794e+00 0.000000e+00 
6.847794e+00 6.847794e+00 6.847794e+00 0.000000e+00 6.847794e+00 0.000000e+00 6.847794e+00 0.000000e+00 
6.848794e+00 6.848794e+00 6.848794e+00 0.000000e+00 6.848794e+00 0.000000e+00 6.848794e+00 0.000000e+00 
6.849794e+00 6.849794e+00 6.849794e+00 0.000000e+00 6.849794e+00 0.000000e+00 6.849794e+00 0.000000e+00 
6.850794e+00 6.850794e+00 6.850794e+00 0.000000e+00 6.850794e+00 0.000000e+00 6.850794e+00 0.000000e+00 
6.851794e+00 6.851794e+00 6.851794e+00 0.000000e+00 6.851794e+00 0.000000e+00 6.851794e+00 0.000000e+00 
6.852794e+00 6.852794e+00 6.852794e+00 0.000000e+00 6.852794e+00 0.000000e+00 6.852794e+00 0.000000e+00 
6.853794e+00 6.853794e+00 6.853794e+00 0.000000e+00 6.853794e+00 0.000000e+00 6.853794e+00 0.000000e+00 
6.854794e+00 6.854794e+00 6.854794e+00 0.000000e+00 6.854794e+00 0.000000e+00 6.854794e+00 0.000000e+00 
6.855794e+00 6.855794e+00 6.855794e+00 0.000000e+00 6.855794e+00 0.000000e+00 6.855794e+00 0.000000e+00 
6.856794e+00 6.856794e+00 6.856794e+00 0.000000e+00 6.856794e+00 0.000000e+00 6.856794e+00 0.000000e+00 
6.857794e+00 6.857794e+00 6.857794e+00 0.000000e+00 6.857794e+00 0.000000e+00 6.857794e+00 0.000000e+00 
6.858794e+00 6.858794e+00 6.858794e+00 0.000000e+00 6.858794e+00 0.000000e+00 6.858794e+00 0.000000e+00 
6.859794e+00 6.859794e+00 6.859794e+00 0.000000e+00 6.859794e+00 0.000000e+00 6.859794e+00 0.000000e+00 
6.860794e+00 6.860794e+00 6.860794e+00 0.000000e+00 6.860794e+00 0.000000e+00 6.860794e+00 0.000000e+00 
6.861794e+00 6.861794e+00 6.861794e+00 0.000000e+00 6.861794e+00 0.000000e+00 6.861794e+00 0.000000e+00 
6.862794e+00 6.862794e+00 6.862794e+00 0.000000e+00 6.862794e+00 0.000000e+00 6.862794e+00 0.000000e+00 
6.863794e+00 6.863794e+00 6.863794e+00 0.000000e+00 6.863794e+00 0.000000e+00 6.863794e+00 0.000000e+00 
6.864794e+00 6.864794e+00 6.864794e+00 0.000000e+00 6.864794e+00 0.000000e+00 6.864794e+00 0.000000e+00 
6.865794e+00 6.865794e+00 6.865794e+00 0.000000e+00 6.865794e+00 0.000000e+00 6.865794e+00 0.000000e+00 
6.866794e+00 6.866794e+00 6.866794e+00 0.000000e+00 6.866794e+00 0.000000e+00 6.866794e+00 0.000000e+00 
6.867794e+00 6.867794e+00 6.867794e+00 0.000000e+00 6.867794e+00 0.000000e+00 6.867794e+00 0.000000e+00 
6.868794e+00 6.868794e+00 6.868794e+00 0.000000e+00 6.868794e+00 0.000000e+00 6.868794e+00 0.000000e+00 
6.869794e+00 6.869794e+00 6.869794e+00 0.000000e+00 6.869794e+00 0.000000e+00 6.869794e+00 0.000000e+00 
6.870794e+00 6.870794e+00 6.870794e+00 0.000000e+00 6.870794e+00 0.000000e+00 6.870794e+00 0.000000e+00 
6.871794e+00 6.871794e+00 6.871794e+00 0.000000e+00 6.871794e+00 0.000000e+00 6.871794e+00 0.000000e+00 
6.872794e+00 6.872794e+00 6.872794e+00 0.000000e+00 6.872794e+00 0.000000e+00 6.872794e+00 0.000000e+00 
6.873794e+00 6.873794e+00 6.873794e+00 0.000000e+00 6.873794e+00 0.000000e+00 6.873794e+00 0.000000e+00 
6.874794e+00 6.874794e+00 6.874794e+00 0.000000e+00 6.874794e+00 0.000000e+00 6.874794e+00 0.000000e+00 
6.875794e+00 6.875794e+00 6.875794e+00 0.000000e+00 6.875794e+00 0.000000e+00 6.875794e+00 0.000000e+00 
6.876794e+00 6.876794e+00 6.876794e+00 0.000000e+00 6.876794e+00 0.000000e+00 6.876794e+00 0.000000e+00 
6.877794e+00 6.877794e+00 6.877794e+00 0.000000e+00 6.877794e+00 0.000000e+00 6.877794e+00 0.000000e+00 
6.878794e+00 6.878794e+00 6.878794e+00 0.000000e+00 6.878794e+00 0.000000e+00 6.878794e+00 0.000000e+00 
6.879794e+00 6.879794e+00 6.879794e+00 0.000000e+00 6.879794e+00 0.000000e+00 6.879794e+00 0.000000e+00 
6.880794e+00 6.880794e+00 6.880794e+00 0.000000e+00 6.880794e+00 0.000000e+00 6.880794e+00 0.000000e+00 
6.881794e+00 6.881794e+00 6.881794e+00 0.000000e+00 6.881794e+00 0.000000e+00 6.881794e+00 0.000000e+00 
6.882794e+00 6.882794e+00 6.882794e+00 0.000000e+00 6.882794e+00 0.000000e+00 6.882794e+00 0.000000e+00 
6.883794e+00 6.883794e+00 6.883794e+00 0.000000e+00 6.883794e+00 0.000000e+00 6.883794e+00 0.000000e+00 
6.884794e+00 6.884794e+00 6.884794e+00 0.000000e+00 6.884794e+00 0.000000e+00 6.884794e+00 0.000000e+00 
6.885794e+00 6.885794e+00 6.885794e+00 0.000000e+00 6.885794e+00 0.000000e+00 6.885794e+00 0.000000e+00 
6.886794e+00 6.886794e+00 6.886794e+00 0.000000e+00 6.886794e+00 0.000000e+00 6.886794e+00 0.000000e+00 
6.887794e+00 6.887794e+00 6.887794e+00 0.000000e+00 6.887794e+00 0.000000e+00 6.887794e+00 0.000000e+00 
6.888794e+00 6.888794e+00 6.888794e+00 0.000000e+00 6.888794e+00 0.000000e+00 6.888794e+00 0.000000e+00 
6.889794e+00 6.889794e+00 6.889794e+00 0.000000e+00 6.889794e+00 0.000000e+00 6.889794e+00 0.000000e+00 
6.890794e+00 6.890794e+00 6.890794e+00 0.000000e+00 6.890794e+00 0.000000e+00 6.890794e+00 0.000000e+00 
6.891794e+00 6.891794e+00 6.891794e+00 0.000000e+00 6.891794e+00 0.000000e+00 6.891794e+00 0.000000e+00 
6.892794e+00 6.892794e+00 6.892794e+00 0.000000e+00 6.892794e+00 0.000000e+00 6.892794e+00 0.000000e+00 
6.893794e+00 6.893794e+00 6.893794e+00 0.000000e+00 6.893794e+00 0.000000e+00 6.893794e+00 0.000000e+00 
6.894794e+00 6.894794e+00 6.894794e+00 0.000000e+00 6.894794e+00 0.000000e+00 6.894794e+00 0.000000e+00 
6.895794e+00 6.895794e+00 6.895794e+00 0.000000e+00 6.895794e+00 0.000000e+00 6.895794e+00 0.000000e+00 
6.896794e+00 6.896794e+00 6.896794e+00 0.000000e+00 6.896794e+00 0.000000e+00 6.896794e+00 0.000000e+00 
6.897794e+00 6.897794e+00 6.897794e+00 0.000000e+00 6.897794e+00 0.000000e+00 6.897794e+00 0.000000e+00 
6.898794e+00 6.898794e+00 6.898794e+00 0.000000e+00 6.898794e+00 0.000000e+00 6.898794e+00 0.000000e+00 
6.899794e+00 6.899794e+00 6.899794e+00 0.000000e+00 6.899794e+00 0.000000e+00 6.899794e+00 0.000000e+00 
6.900794e+00 6.900794e+00 6.900794e+00 0.000000e+00 6.900794e+00 0.000000e+00 6.900794e+00 0.000000e+00 
6.901794e+00 6.901794e+00 6.901794e+00 0.000000e+00 6.901794e+00 0.000000e+00 6.901794e+00 0.000000e+00 
6.902794e+00 6.902794e+00 6.902794e+00 0.000000e+00 6.902794e+00 0.000000e+00 6.902794e+00 0.000000e+00 
6.903794e+00 6.903794e+00 6.903794e+00 0.000000e+00 6.903794e+00 0.000000e+00 6.903794e+00 0.000000e+00 
6.904794e+00 6.904794e+00 6.904794e+00 0.000000e+00 6.904794e+00 0.000000e+00 6.904794e+00 0.000000e+00 
6.905794e+00 6.905794e+00 6.905794e+00 0.000000e+00 6.905794e+00 0.000000e+00 6.905794e+00 0.000000e+00 
6.906794e+00 6.906794e+00 6.906794e+00 0.000000e+00 6.906794e+00 0.000000e+00 6.906794e+00 0.000000e+00 
6.907794e+00 6.907794e+00 6.907794e+00 0.000000e+00 6.907794e+00 0.000000e+00 6.907794e+00 0.000000e+00 
6.908794e+00 6.908794e+00 6.908794e+00 0.000000e+00 6.908794e+00 0.000000e+00 6.908794e+00 0.000000e+00 
6.909794e+00 6.909794e+00 6.909794e+00 0.000000e+00 6.909794e+00 0.000000e+00 6.909794e+00 0.000000e+00 
6.910794e+00 6.910794e+00 6.910794e+00 0.000000e+00 6.910794e+00 0.000000e+00 6.910794e+00 0.000000e+00 
6.911794e+00 6.911794e+00 6.911794e+00 0.000000e+00 6.911794e+00 0.000000e+00 6.911794e+00 0.000000e+00 
6.912794e+00 6.912794e+00 6.912794e+00 0.000000e+00 6.912794e+00 0.000000e+00 6.912794e+00 0.000000e+00 
6.913794e+00 6.913794e+00 6.913794e+00 0.000000e+00 6.913794e+00 0.000000e+00 6.913794e+00 0.000000e+00 
6.914794e+00 6.914794e+00 6.914794e+00 0.000000e+00 6.914794e+00 0.000000e+00 6.914794e+00 0.000000e+00 
6.915794e+00 6.915794e+00 6.915794e+00 0.000000e+00 6.915794e+00 0.000000e+00 6.915794e+00 0.000000e+00 
6.916794e+00 6.916794e+00 6.916794e+00 0.000000e+00 6.916794e+00 0.000000e+00 6.916794e+00 0.000000e+00 
6.917794e+00 6.917794e+00 6.917794e+00 0.000000e+00 6.917794e+00 0.000000e+00 6.917794e+00 0.000000e+00 
6.918794e+00 6.918794e+00 6.918794e+00 0.000000e+00 6.918794e+00 0.000000e+00 6.918794e+00 0.000000e+00 
6.919794e+00 6.919794e+00 6.919794e+00 0.000000e+00 6.919794e+00 0.000000e+00 6.919794e+00 0.000000e+00 
6.920794e+00 6.920794e+00 6.920794e+00 0.000000e+00 6.920794e+00 0.000000e+00 6.920794e+00 0.000000e+00 
6.921794e+00 6.921794e+00 6.921794e+00 0.000000e+00 6.921794e+00 0.000000e+00 6.921794e+00 0.000000e+00 
6.922794e+00 6.922794e+00 6.922794e+00 0.000000e+00 6.922794e+00 0.000000e+00 6.922794e+00 0.000000e+00 
6.923794e+00 6.923794e+00 6.923794e+00 0.000000e+00 6.923794e+00 0.000000e+00 6.923794e+00 0.000000e+00 
6.924794e+00 6.924794e+00 6.924794e+00 0.000000e+00 6.924794e+00 0.000000e+00 6.924794e+00 0.000000e+00 
6.925794e+00 6.925794e+00 6.925794e+00 0.000000e+00 6.925794e+00 0.000000e+00 6.925794e+00 0.000000e+00 
6.926794e+00 6.926794e+00 6.926794e+00 0.000000e+00 6.926794e+00 0.000000e+00 6.926794e+00 0.000000e+00 
6.927794e+00 6.927794e+00 6.927794e+00 0.000000e+00 6.927794e+00 0.000000e+00 6.927794e+00 0.000000e+00 
6.928794e+00 6.928794e+00 6.928794e+00 0.000000e+00 6.928794e+00 0.000000e+00 6.928794e+00 0.000000e+00 
6.929794e+00 6.929794e+00 6.929794e+00 0.000000e+00 6.929794e+00 0.000000e+00 6.929794e+00 0.000000e+00 
6.930794e+00 6.930794e+00 6.930794e+00 0.000000e+00 6.930794e+00 0.000000e+00 6.930794e+00 0.000000e+00 
6.931794e+00 6.931794e+00 6.931794e+00 0.000000e+00 6.931794e+00 0.000000e+00 6.931794e+00 0.000000e+00 
6.932794e+00 6.932794e+00 6.932794e+00 0.000000e+00 6.932794e+00 0.000000e+00 6.932794e+00 0.000000e+00 
6.933794e+00 6.933794e+00 6.933794e+00 0.000000e+00 6.933794e+00 0.000000e+00 6.933794e+00 0.000000e+00 
6.934794e+00 6.934794e+00 6.934794e+00 0.000000e+00 6.934794e+00 0.000000e+00 6.934794e+00 0.000000e+00 
6.935794e+00 6.935794e+00 6.935794e+00 0.000000e+00 6.935794e+00 0.000000e+00 6.935794e+00 0.000000e+00 
6.936794e+00 6.936794e+00 6.936794e+00 0.000000e+00 6.936794e+00 0.000000e+00 6.936794e+00 0.000000e+00 
6.937794e+00 6.937794e+00 6.937794e+00 0.000000e+00 6.937794e+00 0.000000e+00 6.937794e+00 0.000000e+00 
6.938794e+00 6.938794e+00 6.938794e+00 0.000000e+00 6.938794e+00 0.000000e+00 6.938794e+00 0.000000e+00 
6.939794e+00 6.939794e+00 6.939794e+00 0.000000e+00 6.939794e+00 0.000000e+00 6.939794e+00 0.000000e+00 
6.940794e+00 6.940794e+00 6.940794e+00 0.000000e+00 6.940794e+00 0.000000e+00 6.940794e+00 0.000000e+00 
6.941794e+00 6.941794e+00 6.941794e+00 0.000000e+00 6.941794e+00 0.000000e+00 6.941794e+00 0.000000e+00 
6.942794e+00 6.942794e+00 6.942794e+00 0.000000e+00 6.942794e+00 0.000000e+00 6.942794e+00 0.000000e+00 
6.943794e+00 6.943794e+00 6.943794e+00 0.000000e+00 6.943794e+00 0.000000e+00 6.943794e+00 0.000000e+00 
6.944794e+00 6.944794e+00 6.944794e+00 0.000000e+00 6.944794e+00 0.000000e+00 6.944794e+00 0.000000e+00 
6.945794e+00 6.945794e+00 6.945794e+00 0.000000e+00 6.945794e+00 0.000000e+00 6.945794e+00 0.000000e+00 
6.946794e+00 6.946794e+00 6.946794e+00 0.000000e+00 6.946794e+00 0.000000e+00 6.946794e+00 0.000000e+00 
6.947794e+00 6.947794e+00 6.947794e+00 0.000000e+00 6.947794e+00 0.000000e+00 6.947794e+00 0.000000e+00 
6.948794e+00 6.948794e+00 6.948794e+00 0.000000e+00 6.948794e+00 0.000000e+00 6.948794e+00 0.000000e+00 
6.949794e+00 6.949794e+00 6.949794e+00 0.000000e+00 6.949794e+00 0.000000e+00 6.949794e+00 0.000000e+00 
6.950794e+00 6.950794e+00 6.950794e+00 0.000000e+00 6.950794e+00 0.000000e+00 6.950794e+00 0.000000e+00 
6.951794e+00 6.951794e+00 6.951794e+00 0.000000e+00 6.951794e+00 0.000000e+00 6.951794e+00 0.000000e+00 
6.952794e+00 6.952794e+00 6.952794e+00 0.000000e+00 6.952794e+00 0.000000e+00 6.952794e+00 0.000000e+00 
6.953794e+00 6.953794e+00 6.953794e+00 0.000000e+00 6.953794e+00 0.000000e+00 6.953794e+00 0.000000e+00 
6.954794e+00 6.954794e+00 6.954794e+00 0.000000e+00 6.954794e+00 0.000000e+00 6.954794e+00 0.000000e+00 
6.955794e+00 6.955794e+00 6.955794e+00 0.000000e+00 6.955794e+00 0.000000e+00 6.955794e+00 0.000000e+00 
6.956794e+00 6.956794e+00 6.956794e+00 0.000000e+00 6.956794e+00 0.000000e+00 6.956794e+00 0.000000e+00 
6.957794e+00 6.957794e+00 6.957794e+00 0.000000e+00 6.957794e+00 0.000000e+00 6.957794e+00 0.000000e+00 
6.958794e+00 6.958794e+00 6.958794e+00 0.000000e+00 6.958794e+00 0.000000e+00 6.958794e+00 0.000000e+00 
6.959794e+00 6.959794e+00 6.959794e+00 0.000000e+00 6.959794e+00 0.000000e+00 6.959794e+00 0.000000e+00 
6.960794e+00 6.960794e+00 6.960794e+00 0.000000e+00 6.960794e+00 0.000000e+00 6.960794e+00 0.000000e+00 
6.961794e+00 6.961794e+00 6.961794e+00 0.000000e+00 6.961794e+00 0.000000e+00 6.961794e+00 0.000000e+00 
6.962794e+00 6.962794e+00 6.962794e+00 0.000000e+00 6.962794e+00 0.000000e+00 6.962794e+00 0.000000e+00 
6.963794e+00 6.963794e+00 6.963794e+00 0.000000e+00 6.963794e+00 0.000000e+00 6.963794e+00 0.000000e+00 
6.964794e+00 6.964794e+00 6.964794e+00 0.000000e+00 6.964794e+00 0.000000e+00 6.964794e+00 0.000000e+00 
6.965794e+00 6.965794e+00 6.965794e+00 0.000000e+00 6.965794e+00 0.000000e+00 6.965794e+00 0.000000e+00 
6.966794e+00 6.966794e+00 6.966794e+00 0.000000e+00 6.966794e+00 0.000000e+00 6.966794e+00 0.000000e+00 
6.967794e+00 6.967794e+00 6.967794e+00 0.000000e+00 6.967794e+00 0.000000e+00 6.967794e+00 0.000000e+00 
6.968794e+00 6.968794e+00 6.968794e+00 0.000000e+00 6.968794e+00 0.000000e+00 6.968794e+00 0.000000e+00 
6.969794e+00 6.969794e+00 6.969794e+00 0.000000e+00 6.969794e+00 0.000000e+00 6.969794e+00 0.000000e+00 
6.970794e+00 6.970794e+00 6.970794e+00 0.000000e+00 6.970794e+00 0.000000e+00 6.970794e+00 0.000000e+00 
6.971794e+00 6.971794e+00 6.971794e+00 0.000000e+00 6.971794e+00 0.000000e+00 6.971794e+00 0.000000e+00 
6.972794e+00 6.972794e+00 6.972794e+00 0.000000e+00 6.972794e+00 0.000000e+00 6.972794e+00 0.000000e+00 
6.973794e+00 6.973794e+00 6.973794e+00 0.000000e+00 6.973794e+00 0.000000e+00 6.973794e+00 0.000000e+00 
6.974794e+00 6.974794e+00 6.974794e+00 0.000000e+00 6.974794e+00 0.000000e+00 6.974794e+00 0.000000e+00 
6.975794e+00 6.975794e+00 6.975794e+00 0.000000e+00 6.975794e+00 0.000000e+00 6.975794e+00 0.000000e+00 
6.976794e+00 6.976794e+00 6.976794e+00 0.000000e+00 6.976794e+00 0.000000e+00 6.976794e+00 0.000000e+00 
6.977794e+00 6.977794e+00 6.977794e+00 0.000000e+00 6.977794e+00 0.000000e+00 6.977794e+00 0.000000e+00 
6.978794e+00 6.978794e+00 6.978794e+00 0.000000e+00 6.978794e+00 0.000000e+00 6.978794e+00 0.000000e+00 
6.979794e+00 6.979794e+00 6.979794e+00 0.000000e+00 6.979794e+00 0.000000e+00 6.979794e+00 0.000000e+00 
6.980794e+00 6.980794e+00 6.980794e+00 0.000000e+00 6.980794e+00 0.000000e+00 6.980794e+00 0.000000e+00 
6.981794e+00 6.981794e+00 6.981794e+00 0.000000e+00 6.981794e+00 0.000000e+00 6.981794e+00 0.000000e+00 
6.982794e+00 6.982794e+00 6.982794e+00 0.000000e+00 6.982794e+00 0.000000e+00 6.982794e+00 0.000000e+00 
6.983794e+00 6.983794e+00 6.983794e+00 0.000000e+00 6.983794e+00 0.000000e+00 6.983794e+00 0.000000e+00 
6.984794e+00 6.984794e+00 6.984794e+00 0.000000e+00 6.984794e+00 0.000000e+00 6.984794e+00 0.000000e+00 
6.985794e+00 6.985794e+00 6.985794e+00 0.000000e+00 6.985794e+00 0.000000e+00 6.985794e+00 0.000000e+00 
6.986794e+00 6.986794e+00 6.986794e+00 0.000000e+00 6.986794e+00 0.000000e+00 6.986794e+00 0.000000e+00 
6.987794e+00 6.987794e+00 6.987794e+00 0.000000e+00 6.987794e+00 0.000000e+00 6.987794e+00 0.000000e+00 
6.988794e+00 6.988794e+00 6.988794e+00 0.000000e+00 6.988794e+00 0.000000e+00 6.988794e+00 0.000000e+00 
6.989794e+00 6.989794e+00 6.989794e+00 0.000000e+00 6.989794e+00 0.000000e+00 6.989794e+00 0.000000e+00 
6.990794e+00 6.990794e+00 6.990794e+00 0.000000e+00 6.990794e+00 0.000000e+00 6.990794e+00 0.000000e+00 
6.991794e+00 6.991794e+00 6.991794e+00 0.000000e+00 6.991794e+00 0.000000e+00 6.991794e+00 0.000000e+00 
6.992794e+00 6.992794e+00 6.992794e+00 0.000000e+00 6.992794e+00 0.000000e+00 6.992794e+00 0.000000e+00 
6.993794e+00 6.993794e+00 6.993794e+00 0.000000e+00 6.993794e+00 0.000000e+00 6.993794e+00 0.000000e+00 
6.994794e+00 6.994794e+00 6.994794e+00 0.000000e+00 6.994794e+00 0.000000e+00 6.994794e+00 0.000000e+00 
6.995794e+00 6.995794e+00 6.995794e+00 0.000000e+00 6.995794e+00 0.000000e+00 6.995794e+00 0.000000e+00 
6.996794e+00 6.996794e+00 6.996794e+00 0.000000e+00 6.996794e+00 0.000000e+00 6.996794e+00 0.000000e+00 
6.997794e+00 6.997794e+00 6.997794e+00 0.000000e+00 6.997794e+00 0.000000e+00 6.997794e+00 0.000000e+00 
6.998794e+00 6.998794e+00 6.998794e+00 0.000000e+00 6.998794e+00 0.000000e+00 6.998794e+00 0.000000e+00 
6.999794e+00 6.999794e+00 6.999794e+00 0.000000e+00 6.999794e+00 0.000000e+00 6.999794e+00 0.000000e+00 
7.000794e+00 7.000794e+00 7.000794e+00 0.000000e+00 7.000794e+00 0.000000e+00 7.000794e+00 0.000000e+00 
7.001794e+00 7.001794e+00 7.001794e+00 0.000000e+00 7.001794e+00 0.000000e+00 7.001794e+00 0.000000e+00 
7.002794e+00 7.002794e+00 7.002794e+00 0.000000e+00 7.002794e+00 0.000000e+00 7.002794e+00 0.000000e+00 
7.003794e+00 7.003794e+00 7.003794e+00 0.000000e+00 7.003794e+00 0.000000e+00 7.003794e+00 0.000000e+00 
7.004794e+00 7.004794e+00 7.004794e+00 0.000000e+00 7.004794e+00 0.000000e+00 7.004794e+00 0.000000e+00 
7.005794e+00 7.005794e+00 7.005794e+00 0.000000e+00 7.005794e+00 0.000000e+00 7.005794e+00 0.000000e+00 
7.006794e+00 7.006794e+00 7.006794e+00 0.000000e+00 7.006794e+00 0.000000e+00 7.006794e+00 0.000000e+00 
7.007794e+00 7.007794e+00 7.007794e+00 0.000000e+00 7.007794e+00 0.000000e+00 7.007794e+00 0.000000e+00 
7.008794e+00 7.008794e+00 7.008794e+00 0.000000e+00 7.008794e+00 0.000000e+00 7.008794e+00 0.000000e+00 
7.009794e+00 7.009794e+00 7.009794e+00 0.000000e+00 7.009794e+00 0.000000e+00 7.009794e+00 0.000000e+00 
7.010794e+00 7.010794e+00 7.010794e+00 0.000000e+00 7.010794e+00 0.000000e+00 7.010794e+00 0.000000e+00 
7.011794e+00 7.011794e+00 7.011794e+00 0.000000e+00 7.011794e+00 0.000000e+00 7.011794e+00 0.000000e+00 
7.012794e+00 7.012794e+00 7.012794e+00 0.000000e+00 7.012794e+00 0.000000e+00 7.012794e+00 0.000000e+00 
7.013794e+00 7.013794e+00 7.013794e+00 0.000000e+00 7.013794e+00 0.000000e+00 7.013794e+00 0.000000e+00 
7.014794e+00 7.014794e+00 7.014794e+00 0.000000e+00 7.014794e+00 0.000000e+00 7.014794e+00 0.000000e+00 
7.015794e+00 7.015794e+00 7.015794e+00 0.000000e+00 7.015794e+00 0.000000e+00 7.015794e+00 0.000000e+00 
7.016794e+00 7.016794e+00 7.016794e+00 0.000000e+00 7.016794e+00 0.000000e+00 7.016794e+00 0.000000e+00 
7.017794e+00 7.017794e+00 7.017794e+00 0.000000e+00 7.017794e+00 0.000000e+00 7.017794e+00 0.000000e+00 
7.018794e+00 7.018794e+00 7.018794e+00 0.000000e+00 7.018794e+00 0.000000e+00 7.018794e+00 0.000000e+00 
7.019794e+00 7.019794e+00 7.019794e+00 0.000000e+00 7.019794e+00 0.000000e+00 7.019794e+00 0.000000e+00 
7.020794e+00 7.020794e+00 7.020794e+00 0.000000e+00 7.020794e+00 0.000000e+00 7.020794e+00 0.000000e+00 
7.021794e+00 7.021794e+00 7.021794e+00 0.000000e+00 7.021794e+00 0.000000e+00 7.021794e+00 0.000000e+00 
7.022794e+00 7.022794e+00 7.022794e+00 0.000000e+00 7.022794e+00 0.000000e+00 7.022794e+00 0.000000e+00 
7.023794e+00 7.023794e+00 7.023794e+00 0.000000e+00 7.023794e+00 0.000000e+00 7.023794e+00 0.000000e+00 
7.024794e+00 7.024794e+00 7.024794e+00 0.000000e+00 7.024794e+00 0.000000e+00 7.024794e+00 0.000000e+00 
7.025794e+00 7.025794e+00 7.025794e+00 0.000000e+00 7.025794e+00 0.000000e+00 7.025794e+00 0.000000e+00 
7.026794e+00 7.026794e+00 7.026794e+00 0.000000e+00 7.026794e+00 0.000000e+00 7.026794e+00 0.000000e+00 
7.027794e+00 7.027794e+00 7.027794e+00 0.000000e+00 7.027794e+00 0.000000e+00 7.027794e+00 0.000000e+00 
7.028794e+00 7.028794e+00 7.028794e+00 0.000000e+00 7.028794e+00 0.000000e+00 7.028794e+00 0.000000e+00 
7.029794e+00 7.029794e+00 7.029794e+00 0.000000e+00 7.029794e+00 0.000000e+00 7.029794e+00 0.000000e+00 
7.030794e+00 7.030794e+00 7.030794e+00 0.000000e+00 7.030794e+00 0.000000e+00 7.030794e+00 0.000000e+00 
7.031794e+00 7.031794e+00 7.031794e+00 0.000000e+00 7.031794e+00 0.000000e+00 7.031794e+00 0.000000e+00 
7.032794e+00 7.032794e+00 7.032794e+00 0.000000e+00 7.032794e+00 0.000000e+00 7.032794e+00 0.000000e+00 
7.033794e+00 7.033794e+00 7.033794e+00 0.000000e+00 7.033794e+00 0.000000e+00 7.033794e+00 0.000000e+00 
7.034794e+00 7.034794e+00 7.034794e+00 0.000000e+00 7.034794e+00 0.000000e+00 7.034794e+00 0.000000e+00 
7.035794e+00 7.035794e+00 7.035794e+00 0.000000e+00 7.035794e+00 0.000000e+00 7.035794e+00 0.000000e+00 
7.036794e+00 7.036794e+00 7.036794e+00 0.000000e+00 7.036794e+00 0.000000e+00 7.036794e+00 0.000000e+00 
7.037794e+00 7.037794e+00 7.037794e+00 0.000000e+00 7.037794e+00 0.000000e+00 7.037794e+00 0.000000e+00 
7.038794e+00 7.038794e+00 7.038794e+00 0.000000e+00 7.038794e+00 0.000000e+00 7.038794e+00 0.000000e+00 
7.039794e+00 7.039794e+00 7.039794e+00 0.000000e+00 7.039794e+00 0.000000e+00 7.039794e+00 0.000000e+00 
7.040794e+00 7.040794e+00 7.040794e+00 0.000000e+00 7.040794e+00 0.000000e+00 7.040794e+00 0.000000e+00 
7.041794e+00 7.041794e+00 7.041794e+00 0.000000e+00 7.041794e+00 0.000000e+00 7.041794e+00 0.000000e+00 
7.042794e+00 7.042794e+00 7.042794e+00 0.000000e+00 7.042794e+00 0.000000e+00 7.042794e+00 0.000000e+00 
7.043794e+00 7.043794e+00 7.043794e+00 0.000000e+00 7.043794e+00 0.000000e+00 7.043794e+00 0.000000e+00 
7.044794e+00 7.044794e+00 7.044794e+00 0.000000e+00 7.044794e+00 0.000000e+00 7.044794e+00 0.000000e+00 
7.045794e+00 7.045794e+00 7.045794e+00 0.000000e+00 7.045794e+00 0.000000e+00 7.045794e+00 0.000000e+00 
7.046794e+00 7.046794e+00 7.046794e+00 0.000000e+00 7.046794e+00 0.000000e+00 7.046794e+00 0.000000e+00 
7.047794e+00 7.047794e+00 7.047794e+00 0.000000e+00 7.047794e+00 0.000000e+00 7.047794e+00 0.000000e+00 
7.048794e+00 7.048794e+00 7.048794e+00 0.000000e+00 7.048794e+00 0.000000e+00 7.048794e+00 0.000000e+00 
7.049794e+00 7.049794e+00 7.049794e+00 0.000000e+00 7.049794e+00 0.000000e+00 7.049794e+00 0.000000e+00 
7.050794e+00 7.050794e+00 7.050794e+00 0.000000e+00 7.050794e+00 0.000000e+00 7.050794e+00 0.000000e+00 
7.051794e+00 7.051794e+00 7.051794e+00 0.000000e+00 7.051794e+00 0.000000e+00 7.051794e+00 0.000000e+00 
7.052794e+00 7.052794e+00 7.052794e+00 0.000000e+00 7.052794e+00 0.000000e+00 7.052794e+00 0.000000e+00 
7.053794e+00 7.053794e+00 7.053794e+00 0.000000e+00 7.053794e+00 0.000000e+00 7.053794e+00 0.000000e+00 
7.054794e+00 7.054794e+00 7.054794e+00 0.000000e+00 7.054794e+00 0.000000e+00 7.054794e+00 0.000000e+00 
7.055794e+00 7.055794e+00 7.055794e+00 0.000000e+00 7.055794e+00 0.000000e+00 7.055794e+00 0.000000e+00 
7.056794e+00 7.056794e+00 7.056794e+00 0.000000e+00 7.056794e+00 0.000000e+00 7.056794e+00 0.000000e+00 
7.057794e+00 7.057794e+00 7.057794e+00 0.000000e+00 7.057794e+00 0.000000e+00 7.057794e+00 0.000000e+00 
7.058794e+00 7.058794e+00 7.058794e+00 0.000000e+00 7.058794e+00 0.000000e+00 7.058794e+00 0.000000e+00 
7.059794e+00 7.059794e+00 7.059794e+00 0.000000e+00 7.059794e+00 0.000000e+00 7.059794e+00 0.000000e+00 
7.060794e+00 7.060794e+00 7.060794e+00 0.000000e+00 7.060794e+00 0.000000e+00 7.060794e+00 0.000000e+00 
7.061794e+00 7.061794e+00 7.061794e+00 0.000000e+00 7.061794e+00 0.000000e+00 7.061794e+00 0.000000e+00 
7.062794e+00 7.062794e+00 7.062794e+00 0.000000e+00 7.062794e+00 0.000000e+00 7.062794e+00 0.000000e+00 
7.063794e+00 7.063794e+00 7.063794e+00 0.000000e+00 7.063794e+00 0.000000e+00 7.063794e+00 0.000000e+00 
7.064794e+00 7.064794e+00 7.064794e+00 0.000000e+00 7.064794e+00 0.000000e+00 7.064794e+00 0.000000e+00 
7.065794e+00 7.065794e+00 7.065794e+00 0.000000e+00 7.065794e+00 0.000000e+00 7.065794e+00 0.000000e+00 
7.066794e+00 7.066794e+00 7.066794e+00 0.000000e+00 7.066794e+00 0.000000e+00 7.066794e+00 0.000000e+00 
7.067794e+00 7.067794e+00 7.067794e+00 0.000000e+00 7.067794e+00 0.000000e+00 7.067794e+00 0.000000e+00 
7.068794e+00 7.068794e+00 7.068794e+00 0.000000e+00 7.068794e+00 0.000000e+00 7.068794e+00 0.000000e+00 
7.069794e+00 7.069794e+00 7.069794e+00 0.000000e+00 7.069794e+00 0.000000e+00 7.069794e+00 0.000000e+00 
7.070794e+00 7.070794e+00 7.070794e+00 0.000000e+00 7.070794e+00 0.000000e+00 7.070794e+00 0.000000e+00 
7.071794e+00 7.071794e+00 7.071794e+00 0.000000e+00 7.071794e+00 0.000000e+00 7.071794e+00 0.000000e+00 
7.072794e+00 7.072794e+00 7.072794e+00 0.000000e+00 7.072794e+00 0.000000e+00 7.072794e+00 0.000000e+00 
7.073794e+00 7.073794e+00 7.073794e+00 0.000000e+00 7.073794e+00 0.000000e+00 7.073794e+00 0.000000e+00 
7.074794e+00 7.074794e+00 7.074794e+00 0.000000e+00 7.074794e+00 0.000000e+00 7.074794e+00 0.000000e+00 
7.075794e+00 7.075794e+00 7.075794e+00 0.000000e+00 7.075794e+00 0.000000e+00 7.075794e+00 0.000000e+00 
7.076794e+00 7.076794e+00 7.076794e+00 0.000000e+00 7.076794e+00 0.000000e+00 7.076794e+00 0.000000e+00 
7.077794e+00 7.077794e+00 7.077794e+00 0.000000e+00 7.077794e+00 0.000000e+00 7.077794e+00 0.000000e+00 
7.078794e+00 7.078794e+00 7.078794e+00 0.000000e+00 7.078794e+00 0.000000e+00 7.078794e+00 0.000000e+00 
7.079794e+00 7.079794e+00 7.079794e+00 0.000000e+00 7.079794e+00 0.000000e+00 7.079794e+00 0.000000e+00 
7.080794e+00 7.080794e+00 7.080794e+00 0.000000e+00 7.080794e+00 0.000000e+00 7.080794e+00 0.000000e+00 
7.081794e+00 7.081794e+00 7.081794e+00 0.000000e+00 7.081794e+00 0.000000e+00 7.081794e+00 0.000000e+00 
7.082794e+00 7.082794e+00 7.082794e+00 0.000000e+00 7.082794e+00 0.000000e+00 7.082794e+00 0.000000e+00 
7.083794e+00 7.083794e+00 7.083794e+00 0.000000e+00 7.083794e+00 0.000000e+00 7.083794e+00 0.000000e+00 
7.084794e+00 7.084794e+00 7.084794e+00 0.000000e+00 7.084794e+00 0.000000e+00 7.084794e+00 0.000000e+00 
7.085794e+00 7.085794e+00 7.085794e+00 0.000000e+00 7.085794e+00 0.000000e+00 7.085794e+00 0.000000e+00 
7.086794e+00 7.086794e+00 7.086794e+00 0.000000e+00 7.086794e+00 0.000000e+00 7.086794e+00 0.000000e+00 
7.087794e+00 7.087794e+00 7.087794e+00 0.000000e+00 7.087794e+00 0.000000e+00 7.087794e+00 0.000000e+00 
7.088794e+00 7.088794e+00 7.088794e+00 0.000000e+00 7.088794e+00 0.000000e+00 7.088794e+00 0.000000e+00 
7.089794e+00 7.089794e+00 7.089794e+00 0.000000e+00 7.089794e+00 0.000000e+00 7.089794e+00 0.000000e+00 
7.090794e+00 7.090794e+00 7.090794e+00 0.000000e+00 7.090794e+00 0.000000e+00 7.090794e+00 0.000000e+00 
7.091794e+00 7.091794e+00 7.091794e+00 0.000000e+00 7.091794e+00 0.000000e+00 7.091794e+00 0.000000e+00 
7.092794e+00 7.092794e+00 7.092794e+00 0.000000e+00 7.092794e+00 0.000000e+00 7.092794e+00 0.000000e+00 
7.093794e+00 7.093794e+00 7.093794e+00 0.000000e+00 7.093794e+00 0.000000e+00 7.093794e+00 0.000000e+00 
7.094794e+00 7.094794e+00 7.094794e+00 0.000000e+00 7.094794e+00 0.000000e+00 7.094794e+00 0.000000e+00 
7.095794e+00 7.095794e+00 7.095794e+00 0.000000e+00 7.095794e+00 0.000000e+00 7.095794e+00 0.000000e+00 
7.096794e+00 7.096794e+00 7.096794e+00 0.000000e+00 7.096794e+00 0.000000e+00 7.096794e+00 0.000000e+00 
7.097794e+00 7.097794e+00 7.097794e+00 0.000000e+00 7.097794e+00 0.000000e+00 7.097794e+00 0.000000e+00 
7.098794e+00 7.098794e+00 7.098794e+00 0.000000e+00 7.098794e+00 0.000000e+00 7.098794e+00 0.000000e+00 
7.099794e+00 7.099794e+00 7.099794e+00 0.000000e+00 7.099794e+00 0.000000e+00 7.099794e+00 0.000000e+00 
7.100794e+00 7.100794e+00 7.100794e+00 0.000000e+00 7.100794e+00 0.000000e+00 7.100794e+00 0.000000e+00 
7.101794e+00 7.101794e+00 7.101794e+00 0.000000e+00 7.101794e+00 0.000000e+00 7.101794e+00 0.000000e+00 
7.102794e+00 7.102794e+00 7.102794e+00 0.000000e+00 7.102794e+00 0.000000e+00 7.102794e+00 0.000000e+00 
7.103794e+00 7.103794e+00 7.103794e+00 0.000000e+00 7.103794e+00 0.000000e+00 7.103794e+00 0.000000e+00 
7.104794e+00 7.104794e+00 7.104794e+00 0.000000e+00 7.104794e+00 0.000000e+00 7.104794e+00 0.000000e+00 
7.105794e+00 7.105794e+00 7.105794e+00 0.000000e+00 7.105794e+00 0.000000e+00 7.105794e+00 0.000000e+00 
7.106794e+00 7.106794e+00 7.106794e+00 0.000000e+00 7.106794e+00 0.000000e+00 7.106794e+00 0.000000e+00 
7.107794e+00 7.107794e+00 7.107794e+00 0.000000e+00 7.107794e+00 0.000000e+00 7.107794e+00 0.000000e+00 
7.108794e+00 7.108794e+00 7.108794e+00 0.000000e+00 7.108794e+00 0.000000e+00 7.108794e+00 0.000000e+00 
7.109794e+00 7.109794e+00 7.109794e+00 0.000000e+00 7.109794e+00 0.000000e+00 7.109794e+00 0.000000e+00 
7.110794e+00 7.110794e+00 7.110794e+00 0.000000e+00 7.110794e+00 0.000000e+00 7.110794e+00 0.000000e+00 
7.111794e+00 7.111794e+00 7.111794e+00 0.000000e+00 7.111794e+00 0.000000e+00 7.111794e+00 0.000000e+00 
7.112794e+00 7.112794e+00 7.112794e+00 0.000000e+00 7.112794e+00 0.000000e+00 7.112794e+00 0.000000e+00 
7.113794e+00 7.113794e+00 7.113794e+00 0.000000e+00 7.113794e+00 0.000000e+00 7.113794e+00 0.000000e+00 
7.114794e+00 7.114794e+00 7.114794e+00 0.000000e+00 7.114794e+00 0.000000e+00 7.114794e+00 0.000000e+00 
7.115794e+00 7.115794e+00 7.115794e+00 0.000000e+00 7.115794e+00 0.000000e+00 7.115794e+00 0.000000e+00 
7.116794e+00 7.116794e+00 7.116794e+00 0.000000e+00 7.116794e+00 0.000000e+00 7.116794e+00 0.000000e+00 
7.117794e+00 7.117794e+00 7.117794e+00 0.000000e+00 7.117794e+00 0.000000e+00 7.117794e+00 0.000000e+00 
7.118794e+00 7.118794e+00 7.118794e+00 0.000000e+00 7.118794e+00 0.000000e+00 7.118794e+00 0.000000e+00 
7.119794e+00 7.119794e+00 7.119794e+00 0.000000e+00 7.119794e+00 0.000000e+00 7.119794e+00 0.000000e+00 
7.120794e+00 7.120794e+00 7.120794e+00 0.000000e+00 7.120794e+00 0.000000e+00 7.120794e+00 0.000000e+00 
7.121794e+00 7.121794e+00 7.121794e+00 0.000000e+00 7.121794e+00 0.000000e+00 7.121794e+00 0.000000e+00 
7.122794e+00 7.122794e+00 7.122794e+00 0.000000e+00 7.122794e+00 0.000000e+00 7.122794e+00 0.000000e+00 
7.123794e+00 7.123794e+00 7.123794e+00 0.000000e+00 7.123794e+00 0.000000e+00 7.123794e+00 0.000000e+00 
7.124794e+00 7.124794e+00 7.124794e+00 0.000000e+00 7.124794e+00 0.000000e+00 7.124794e+00 0.000000e+00 
7.125794e+00 7.125794e+00 7.125794e+00 0.000000e+00 7.125794e+00 0.000000e+00 7.125794e+00 0.000000e+00 
7.126794e+00 7.126794e+00 7.126794e+00 0.000000e+00 7.126794e+00 0.000000e+00 7.126794e+00 0.000000e+00 
7.127794e+00 7.127794e+00 7.127794e+00 0.000000e+00 7.127794e+00 0.000000e+00 7.127794e+00 0.000000e+00 
7.128794e+00 7.128794e+00 7.128794e+00 0.000000e+00 7.128794e+00 0.000000e+00 7.128794e+00 0.000000e+00 
7.129794e+00 7.129794e+00 7.129794e+00 0.000000e+00 7.129794e+00 0.000000e+00 7.129794e+00 0.000000e+00 
7.130794e+00 7.130794e+00 7.130794e+00 0.000000e+00 7.130794e+00 0.000000e+00 7.130794e+00 0.000000e+00 
7.131794e+00 7.131794e+00 7.131794e+00 0.000000e+00 7.131794e+00 0.000000e+00 7.131794e+00 0.000000e+00 
7.132794e+00 7.132794e+00 7.132794e+00 0.000000e+00 7.132794e+00 0.000000e+00 7.132794e+00 0.000000e+00 
7.133794e+00 7.133794e+00 7.133794e+00 0.000000e+00 7.133794e+00 0.000000e+00 7.133794e+00 0.000000e+00 
7.134794e+00 7.134794e+00 7.134794e+00 0.000000e+00 7.134794e+00 0.000000e+00 7.134794e+00 0.000000e+00 
7.135794e+00 7.135794e+00 7.135794e+00 0.000000e+00 7.135794e+00 0.000000e+00 7.135794e+00 0.000000e+00 
7.136794e+00 7.136794e+00 7.136794e+00 0.000000e+00 7.136794e+00 0.000000e+00 7.136794e+00 0.000000e+00 
7.137794e+00 7.137794e+00 7.137794e+00 0.000000e+00 7.137794e+00 0.000000e+00 7.137794e+00 0.000000e+00 
7.138794e+00 7.138794e+00 7.138794e+00 0.000000e+00 7.138794e+00 0.000000e+00 7.138794e+00 0.000000e+00 
7.139794e+00 7.139794e+00 7.139794e+00 0.000000e+00 7.139794e+00 0.000000e+00 7.139794e+00 0.000000e+00 
7.140794e+00 7.140794e+00 7.140794e+00 0.000000e+00 7.140794e+00 0.000000e+00 7.140794e+00 0.000000e+00 
7.141794e+00 7.141794e+00 7.141794e+00 0.000000e+00 7.141794e+00 0.000000e+00 7.141794e+00 0.000000e+00 
7.142794e+00 7.142794e+00 7.142794e+00 0.000000e+00 7.142794e+00 0.000000e+00 7.142794e+00 0.000000e+00 
7.143794e+00 7.143794e+00 7.143794e+00 0.000000e+00 7.143794e+00 0.000000e+00 7.143794e+00 0.000000e+00 
7.144794e+00 7.144794e+00 7.144794e+00 0.000000e+00 7.144794e+00 0.000000e+00 7.144794e+00 0.000000e+00 
7.145794e+00 7.145794e+00 7.145794e+00 0.000000e+00 7.145794e+00 0.000000e+00 7.145794e+00 0.000000e+00 
7.146794e+00 7.146794e+00 7.146794e+00 0.000000e+00 7.146794e+00 0.000000e+00 7.146794e+00 0.000000e+00 
7.147794e+00 7.147794e+00 7.147794e+00 0.000000e+00 7.147794e+00 0.000000e+00 7.147794e+00 0.000000e+00 
7.148794e+00 7.148794e+00 7.148794e+00 0.000000e+00 7.148794e+00 0.000000e+00 7.148794e+00 0.000000e+00 
7.149794e+00 7.149794e+00 7.149794e+00 0.000000e+00 7.149794e+00 0.000000e+00 7.149794e+00 0.000000e+00 
7.150794e+00 7.150794e+00 7.150794e+00 0.000000e+00 7.150794e+00 0.000000e+00 7.150794e+00 0.000000e+00 
7.151794e+00 7.151794e+00 7.151794e+00 0.000000e+00 7.151794e+00 0.000000e+00 7.151794e+00 0.000000e+00 
7.152794e+00 7.152794e+00 7.152794e+00 0.000000e+00 7.152794e+00 0.000000e+00 7.152794e+00 0.000000e+00 
7.153794e+00 7.153794e+00 7.153794e+00 0.000000e+00 7.153794e+00 0.000000e+00 7.153794e+00 0.000000e+00 
7.154794e+00 7.154794e+00 7.154794e+00 0.000000e+00 7.154794e+00 0.000000e+00 7.154794e+00 0.000000e+00 
7.155794e+00 7.155794e+00 7.155794e+00 0.000000e+00 7.155794e+00 0.000000e+00 7.155794e+00 0.000000e+00 
7.156794e+00 7.156794e+00 7.156794e+00 0.000000e+00 7.156794e+00 0.000000e+00 7.156794e+00 0.000000e+00 
7.157794e+00 7.157794e+00 7.157794e+00 0.000000e+00 7.157794e+00 0.000000e+00 7.157794e+00 0.000000e+00 
7.158794e+00 7.158794e+00 7.158794e+00 0.000000e+00 7.158794e+00 0.000000e+00 7.158794e+00 0.000000e+00 
7.159794e+00 7.159794e+00 7.159794e+00 0.000000e+00 7.159794e+00 0.000000e+00 7.159794e+00 0.000000e+00 
7.160794e+00 7.160794e+00 7.160794e+00 0.000000e+00 7.160794e+00 0.000000e+00 7.160794e+00 0.000000e+00 
7.161794e+00 7.161794e+00 7.161794e+00 0.000000e+00 7.161794e+00 0.000000e+00 7.161794e+00 0.000000e+00 
7.162794e+00 7.162794e+00 7.162794e+00 0.000000e+00 7.162794e+00 0.000000e+00 7.162794e+00 0.000000e+00 
7.163794e+00 7.163794e+00 7.163794e+00 0.000000e+00 7.163794e+00 0.000000e+00 7.163794e+00 0.000000e+00 
7.164794e+00 7.164794e+00 7.164794e+00 0.000000e+00 7.164794e+00 0.000000e+00 7.164794e+00 0.000000e+00 
7.165794e+00 7.165794e+00 7.165794e+00 0.000000e+00 7.165794e+00 0.000000e+00 7.165794e+00 0.000000e+00 
7.166794e+00 7.166794e+00 7.166794e+00 0.000000e+00 7.166794e+00 0.000000e+00 7.166794e+00 0.000000e+00 
7.167794e+00 7.167794e+00 7.167794e+00 0.000000e+00 7.167794e+00 0.000000e+00 7.167794e+00 0.000000e+00 
7.168794e+00 7.168794e+00 7.168794e+00 0.000000e+00 7.168794e+00 0.000000e+00 7.168794e+00 0.000000e+00 
7.169794e+00 7.169794e+00 7.169794e+00 0.000000e+00 7.169794e+00 0.000000e+00 7.169794e+00 0.000000e+00 
7.170794e+00 7.170794e+00 7.170794e+00 0.000000e+00 7.170794e+00 0.000000e+00 7.170794e+00 0.000000e+00 
7.171794e+00 7.171794e+00 7.171794e+00 0.000000e+00 7.171794e+00 0.000000e+00 7.171794e+00 0.000000e+00 
7.172794e+00 7.172794e+00 7.172794e+00 0.000000e+00 7.172794e+00 0.000000e+00 7.172794e+00 0.000000e+00 
7.173794e+00 7.173794e+00 7.173794e+00 0.000000e+00 7.173794e+00 0.000000e+00 7.173794e+00 0.000000e+00 
7.174794e+00 7.174794e+00 7.174794e+00 0.000000e+00 7.174794e+00 0.000000e+00 7.174794e+00 0.000000e+00 
7.175794e+00 7.175794e+00 7.175794e+00 0.000000e+00 7.175794e+00 0.000000e+00 7.175794e+00 0.000000e+00 
7.176794e+00 7.176794e+00 7.176794e+00 0.000000e+00 7.176794e+00 0.000000e+00 7.176794e+00 0.000000e+00 
7.177794e+00 7.177794e+00 7.177794e+00 0.000000e+00 7.177794e+00 0.000000e+00 7.177794e+00 0.000000e+00 
7.178794e+00 7.178794e+00 7.178794e+00 0.000000e+00 7.178794e+00 0.000000e+00 7.178794e+00 0.000000e+00 
7.179794e+00 7.179794e+00 7.179794e+00 0.000000e+00 7.179794e+00 0.000000e+00 7.179794e+00 0.000000e+00 
7.180794e+00 7.180794e+00 7.180794e+00 0.000000e+00 7.180794e+00 0.000000e+00 7.180794e+00 0.000000e+00 
7.181794e+00 7.181794e+00 7.181794e+00 0.000000e+00 7.181794e+00 0.000000e+00 7.181794e+00 0.000000e+00 
7.182794e+00 7.182794e+00 7.182794e+00 0.000000e+00 7.182794e+00 0.000000e+00 7.182794e+00 0.000000e+00 
7.183794e+00 7.183794e+00 7.183794e+00 0.000000e+00 7.183794e+00 0.000000e+00 7.183794e+00 0.000000e+00 
7.184794e+00 7.184794e+00 7.184794e+00 0.000000e+00 7.184794e+00 0.000000e+00 7.184794e+00 0.000000e+00 
7.185794e+00 7.185794e+00 7.185794e+00 0.000000e+00 7.185794e+00 0.000000e+00 7.185794e+00 0.000000e+00 
7.186794e+00 7.186794e+00 7.186794e+00 0.000000e+00 7.186794e+00 0.000000e+00 7.186794e+00 0.000000e+00 
7.187794e+00 7.187794e+00 7.187794e+00 0.000000e+00 7.187794e+00 0.000000e+00 7.187794e+00 0.000000e+00 
7.188794e+00 7.188794e+00 7.188794e+00 0.000000e+00 7.188794e+00 0.000000e+00 7.188794e+00 0.000000e+00 
7.189794e+00 7.189794e+00 7.189794e+00 0.000000e+00 7.189794e+00 0.000000e+00 7.189794e+00 0.000000e+00 
7.190794e+00 7.190794e+00 7.190794e+00 0.000000e+00 7.190794e+00 0.000000e+00 7.190794e+00 0.000000e+00 
7.191794e+00 7.191794e+00 7.191794e+00 0.000000e+00 7.191794e+00 0.000000e+00 7.191794e+00 0.000000e+00 
7.192794e+00 7.192794e+00 7.192794e+00 0.000000e+00 7.192794e+00 0.000000e+00 7.192794e+00 0.000000e+00 
7.193794e+00 7.193794e+00 7.193794e+00 0.000000e+00 7.193794e+00 0.000000e+00 7.193794e+00 0.000000e+00 
7.194794e+00 7.194794e+00 7.194794e+00 0.000000e+00 7.194794e+00 0.000000e+00 7.194794e+00 0.000000e+00 
7.195794e+00 7.195794e+00 7.195794e+00 0.000000e+00 7.195794e+00 0.000000e+00 7.195794e+00 0.000000e+00 
7.196794e+00 7.196794e+00 7.196794e+00 0.000000e+00 7.196794e+00 0.000000e+00 7.196794e+00 0.000000e+00 
7.197794e+00 7.197794e+00 7.197794e+00 0.000000e+00 7.197794e+00 0.000000e+00 7.197794e+00 0.000000e+00 
7.198794e+00 7.198794e+00 7.198794e+00 0.000000e+00 7.198794e+00 0.000000e+00 7.198794e+00 0.000000e+00 
7.199794e+00 7.199794e+00 7.199794e+00 0.000000e+00 7.199794e+00 0.000000e+00 7.199794e+00 0.000000e+00 
7.200794e+00 7.200794e+00 7.200794e+00 0.000000e+00 7.200794e+00 0.000000e+00 7.200794e+00 0.000000e+00 
7.201794e+00 7.201794e+00 7.201794e+00 0.000000e+00 7.201794e+00 0.000000e+00 7.201794e+00 0.000000e+00 
7.202794e+00 7.202794e+00 7.202794e+00 0.000000e+00 7.202794e+00 0.000000e+00 7.202794e+00 0.000000e+00 
7.203794e+00 7.203794e+00 7.203794e+00 0.000000e+00 7.203794e+00 0.000000e+00 7.203794e+00 0.000000e+00 
7.204794e+00 7.204794e+00 7.204794e+00 0.000000e+00 7.204794e+00 0.000000e+00 7.204794e+00 0.000000e+00 
7.205794e+00 7.205794e+00 7.205794e+00 0.000000e+00 7.205794e+00 0.000000e+00 7.205794e+00 0.000000e+00 
7.206794e+00 7.206794e+00 7.206794e+00 0.000000e+00 7.206794e+00 0.000000e+00 7.206794e+00 0.000000e+00 
7.207794e+00 7.207794e+00 7.207794e+00 0.000000e+00 7.207794e+00 0.000000e+00 7.207794e+00 0.000000e+00 
7.208794e+00 7.208794e+00 7.208794e+00 0.000000e+00 7.208794e+00 0.000000e+00 7.208794e+00 0.000000e+00 
7.209794e+00 7.209794e+00 7.209794e+00 0.000000e+00 7.209794e+00 0.000000e+00 7.209794e+00 0.000000e+00 
7.210794e+00 7.210794e+00 7.210794e+00 0.000000e+00 7.210794e+00 0.000000e+00 7.210794e+00 0.000000e+00 
7.211794e+00 7.211794e+00 7.211794e+00 0.000000e+00 7.211794e+00 0.000000e+00 7.211794e+00 0.000000e+00 
7.212794e+00 7.212794e+00 7.212794e+00 0.000000e+00 7.212794e+00 0.000000e+00 7.212794e+00 0.000000e+00 
7.213794e+00 7.213794e+00 7.213794e+00 0.000000e+00 7.213794e+00 0.000000e+00 7.213794e+00 0.000000e+00 
7.214794e+00 7.214794e+00 7.214794e+00 0.000000e+00 7.214794e+00 0.000000e+00 7.214794e+00 0.000000e+00 
7.215794e+00 7.215794e+00 7.215794e+00 0.000000e+00 7.215794e+00 0.000000e+00 7.215794e+00 0.000000e+00 
7.216794e+00 7.216794e+00 7.216794e+00 0.000000e+00 7.216794e+00 0.000000e+00 7.216794e+00 0.000000e+00 
7.217794e+00 7.217794e+00 7.217794e+00 0.000000e+00 7.217794e+00 0.000000e+00 7.217794e+00 0.000000e+00 
7.218794e+00 7.218794e+00 7.218794e+00 0.000000e+00 7.218794e+00 0.000000e+00 7.218794e+00 0.000000e+00 
7.219794e+00 7.219794e+00 7.219794e+00 0.000000e+00 7.219794e+00 0.000000e+00 7.219794e+00 0.000000e+00 
7.220794e+00 7.220794e+00 7.220794e+00 0.000000e+00 7.220794e+00 0.000000e+00 7.220794e+00 0.000000e+00 
7.221794e+00 7.221794e+00 7.221794e+00 0.000000e+00 7.221794e+00 0.000000e+00 7.221794e+00 0.000000e+00 
7.222794e+00 7.222794e+00 7.222794e+00 0.000000e+00 7.222794e+00 0.000000e+00 7.222794e+00 0.000000e+00 
7.223794e+00 7.223794e+00 7.223794e+00 0.000000e+00 7.223794e+00 0.000000e+00 7.223794e+00 0.000000e+00 
7.224794e+00 7.224794e+00 7.224794e+00 0.000000e+00 7.224794e+00 0.000000e+00 7.224794e+00 0.000000e+00 
7.225794e+00 7.225794e+00 7.225794e+00 0.000000e+00 7.225794e+00 0.000000e+00 7.225794e+00 0.000000e+00 
7.226794e+00 7.226794e+00 7.226794e+00 0.000000e+00 7.226794e+00 0.000000e+00 7.226794e+00 0.000000e+00 
7.227794e+00 7.227794e+00 7.227794e+00 0.000000e+00 7.227794e+00 0.000000e+00 7.227794e+00 0.000000e+00 
7.228794e+00 7.228794e+00 7.228794e+00 0.000000e+00 7.228794e+00 0.000000e+00 7.228794e+00 0.000000e+00 
7.229794e+00 7.229794e+00 7.229794e+00 0.000000e+00 7.229794e+00 0.000000e+00 7.229794e+00 0.000000e+00 
7.230794e+00 7.230794e+00 7.230794e+00 0.000000e+00 7.230794e+00 0.000000e+00 7.230794e+00 0.000000e+00 
7.231794e+00 7.231794e+00 7.231794e+00 0.000000e+00 7.231794e+00 0.000000e+00 7.231794e+00 0.000000e+00 
7.232794e+00 7.232794e+00 7.232794e+00 0.000000e+00 7.232794e+00 0.000000e+00 7.232794e+00 0.000000e+00 
7.233794e+00 7.233794e+00 7.233794e+00 0.000000e+00 7.233794e+00 0.000000e+00 7.233794e+00 0.000000e+00 
7.234794e+00 7.234794e+00 7.234794e+00 0.000000e+00 7.234794e+00 0.000000e+00 7.234794e+00 0.000000e+00 
7.235794e+00 7.235794e+00 7.235794e+00 0.000000e+00 7.235794e+00 0.000000e+00 7.235794e+00 0.000000e+00 
7.236794e+00 7.236794e+00 7.236794e+00 0.000000e+00 7.236794e+00 0.000000e+00 7.236794e+00 0.000000e+00 
7.237794e+00 7.237794e+00 7.237794e+00 0.000000e+00 7.237794e+00 0.000000e+00 7.237794e+00 0.000000e+00 
7.238794e+00 7.238794e+00 7.238794e+00 0.000000e+00 7.238794e+00 0.000000e+00 7.238794e+00 0.000000e+00 
7.239794e+00 7.239794e+00 7.239794e+00 0.000000e+00 7.239794e+00 0.000000e+00 7.239794e+00 0.000000e+00 
7.240794e+00 7.240794e+00 7.240794e+00 0.000000e+00 7.240794e+00 0.000000e+00 7.240794e+00 0.000000e+00 
7.241794e+00 7.241794e+00 7.241794e+00 0.000000e+00 7.241794e+00 0.000000e+00 7.241794e+00 0.000000e+00 
7.242794e+00 7.242794e+00 7.242794e+00 0.000000e+00 7.242794e+00 0.000000e+00 7.242794e+00 0.000000e+00 
7.243794e+00 7.243794e+00 7.243794e+00 0.000000e+00 7.243794e+00 0.000000e+00 7.243794e+00 0.000000e+00 
7.244794e+00 7.244794e+00 7.244794e+00 0.000000e+00 7.244794e+00 0.000000e+00 7.244794e+00 0.000000e+00 
7.245794e+00 7.245794e+00 7.245794e+00 0.000000e+00 7.245794e+00 0.000000e+00 7.245794e+00 0.000000e+00 
7.246794e+00 7.246794e+00 7.246794e+00 0.000000e+00 7.246794e+00 0.000000e+00 7.246794e+00 0.000000e+00 
7.247794e+00 7.247794e+00 7.247794e+00 0.000000e+00 7.247794e+00 0.000000e+00 7.247794e+00 0.000000e+00 
7.248794e+00 7.248794e+00 7.248794e+00 0.000000e+00 7.248794e+00 0.000000e+00 7.248794e+00 0.000000e+00 
7.249794e+00 7.249794e+00 7.249794e+00 0.000000e+00 7.249794e+00 0.000000e+00 7.249794e+00 0.000000e+00 
7.250794e+00 7.250794e+00 7.250794e+00 0.000000e+00 7.250794e+00 0.000000e+00 7.250794e+00 0.000000e+00 
7.251794e+00 7.251794e+00 7.251794e+00 0.000000e+00 7.251794e+00 0.000000e+00 7.251794e+00 0.000000e+00 
7.252794e+00 7.252794e+00 7.252794e+00 0.000000e+00 7.252794e+00 0.000000e+00 7.252794e+00 0.000000e+00 
7.253794e+00 7.253794e+00 7.253794e+00 0.000000e+00 7.253794e+00 0.000000e+00 7.253794e+00 0.000000e+00 
7.254794e+00 7.254794e+00 7.254794e+00 0.000000e+00 7.254794e+00 0.000000e+00 7.254794e+00 0.000000e+00 
7.255794e+00 7.255794e+00 7.255794e+00 0.000000e+00 7.255794e+00 0.000000e+00 7.255794e+00 0.000000e+00 
7.256794e+00 7.256794e+00 7.256794e+00 0.000000e+00 7.256794e+00 0.000000e+00 7.256794e+00 0.000000e+00 
7.257794e+00 7.257794e+00 7.257794e+00 0.000000e+00 7.257794e+00 0.000000e+00 7.257794e+00 0.000000e+00 
7.258794e+00 7.258794e+00 7.258794e+00 0.000000e+00 7.258794e+00 0.000000e+00 7.258794e+00 0.000000e+00 
7.259794e+00 7.259794e+00 7.259794e+00 0.000000e+00 7.259794e+00 0.000000e+00 7.259794e+00 0.000000e+00 
7.260794e+00 7.260794e+00 7.260794e+00 0.000000e+00 7.260794e+00 0.000000e+00 7.260794e+00 0.000000e+00 
7.261794e+00 7.261794e+00 7.261794e+00 0.000000e+00 7.261794e+00 0.000000e+00 7.261794e+00 0.000000e+00 
7.262794e+00 7.262794e+00 7.262794e+00 0.000000e+00 7.262794e+00 0.000000e+00 7.262794e+00 0.000000e+00 
7.263794e+00 7.263794e+00 7.263794e+00 0.000000e+00 7.263794e+00 0.000000e+00 7.263794e+00 0.000000e+00 
7.264794e+00 7.264794e+00 7.264794e+00 0.000000e+00 7.264794e+00 0.000000e+00 7.264794e+00 0.000000e+00 
7.265794e+00 7.265794e+00 7.265794e+00 0.000000e+00 7.265794e+00 0.000000e+00 7.265794e+00 0.000000e+00 
7.266794e+00 7.266794e+00 7.266794e+00 0.000000e+00 7.266794e+00 0.000000e+00 7.266794e+00 0.000000e+00 
7.267794e+00 7.267794e+00 7.267794e+00 0.000000e+00 7.267794e+00 0.000000e+00 7.267794e+00 0.000000e+00 
7.268794e+00 7.268794e+00 7.268794e+00 0.000000e+00 7.268794e+00 0.000000e+00 7.268794e+00 0.000000e+00 
7.269794e+00 7.269794e+00 7.269794e+00 0.000000e+00 7.269794e+00 0.000000e+00 7.269794e+00 0.000000e+00 
7.270794e+00 7.270794e+00 7.270794e+00 0.000000e+00 7.270794e+00 0.000000e+00 7.270794e+00 0.000000e+00 
7.271794e+00 7.271794e+00 7.271794e+00 0.000000e+00 7.271794e+00 0.000000e+00 7.271794e+00 0.000000e+00 
7.272794e+00 7.272794e+00 7.272794e+00 0.000000e+00 7.272794e+00 0.000000e+00 7.272794e+00 0.000000e+00 
7.273794e+00 7.273794e+00 7.273794e+00 0.000000e+00 7.273794e+00 0.000000e+00 7.273794e+00 0.000000e+00 
7.274794e+00 7.274794e+00 7.274794e+00 0.000000e+00 7.274794e+00 0.000000e+00 7.274794e+00 0.000000e+00 
7.275794e+00 7.275794e+00 7.275794e+00 0.000000e+00 7.275794e+00 0.000000e+00 7.275794e+00 0.000000e+00 
7.276794e+00 7.276794e+00 7.276794e+00 0.000000e+00 7.276794e+00 0.000000e+00 7.276794e+00 0.000000e+00 
7.277794e+00 7.277794e+00 7.277794e+00 0.000000e+00 7.277794e+00 0.000000e+00 7.277794e+00 0.000000e+00 
7.278794e+00 7.278794e+00 7.278794e+00 0.000000e+00 7.278794e+00 0.000000e+00 7.278794e+00 0.000000e+00 
7.279794e+00 7.279794e+00 7.279794e+00 0.000000e+00 7.279794e+00 0.000000e+00 7.279794e+00 0.000000e+00 
7.280794e+00 7.280794e+00 7.280794e+00 0.000000e+00 7.280794e+00 0.000000e+00 7.280794e+00 0.000000e+00 
7.281794e+00 7.281794e+00 7.281794e+00 0.000000e+00 7.281794e+00 0.000000e+00 7.281794e+00 0.000000e+00 
7.282794e+00 7.282794e+00 7.282794e+00 0.000000e+00 7.282794e+00 0.000000e+00 7.282794e+00 0.000000e+00 
7.283794e+00 7.283794e+00 7.283794e+00 0.000000e+00 7.283794e+00 0.000000e+00 7.283794e+00 0.000000e+00 
7.284794e+00 7.284794e+00 7.284794e+00 0.000000e+00 7.284794e+00 0.000000e+00 7.284794e+00 0.000000e+00 
7.285794e+00 7.285794e+00 7.285794e+00 0.000000e+00 7.285794e+00 0.000000e+00 7.285794e+00 0.000000e+00 
7.286794e+00 7.286794e+00 7.286794e+00 0.000000e+00 7.286794e+00 0.000000e+00 7.286794e+00 0.000000e+00 
7.287794e+00 7.287794e+00 7.287794e+00 0.000000e+00 7.287794e+00 0.000000e+00 7.287794e+00 0.000000e+00 
7.288794e+00 7.288794e+00 7.288794e+00 0.000000e+00 7.288794e+00 0.000000e+00 7.288794e+00 0.000000e+00 
7.289794e+00 7.289794e+00 7.289794e+00 0.000000e+00 7.289794e+00 0.000000e+00 7.289794e+00 0.000000e+00 
7.290794e+00 7.290794e+00 7.290794e+00 0.000000e+00 7.290794e+00 0.000000e+00 7.290794e+00 0.000000e+00 
7.291794e+00 7.291794e+00 7.291794e+00 0.000000e+00 7.291794e+00 0.000000e+00 7.291794e+00 0.000000e+00 
7.292794e+00 7.292794e+00 7.292794e+00 0.000000e+00 7.292794e+00 0.000000e+00 7.292794e+00 0.000000e+00 
7.293794e+00 7.293794e+00 7.293794e+00 0.000000e+00 7.293794e+00 0.000000e+00 7.293794e+00 0.000000e+00 
7.294794e+00 7.294794e+00 7.294794e+00 0.000000e+00 7.294794e+00 0.000000e+00 7.294794e+00 0.000000e+00 
7.295794e+00 7.295794e+00 7.295794e+00 0.000000e+00 7.295794e+00 0.000000e+00 7.295794e+00 0.000000e+00 
7.296794e+00 7.296794e+00 7.296794e+00 0.000000e+00 7.296794e+00 0.000000e+00 7.296794e+00 0.000000e+00 
7.297794e+00 7.297794e+00 7.297794e+00 0.000000e+00 7.297794e+00 0.000000e+00 7.297794e+00 0.000000e+00 
7.298794e+00 7.298794e+00 7.298794e+00 0.000000e+00 7.298794e+00 0.000000e+00 7.298794e+00 0.000000e+00 
7.299794e+00 7.299794e+00 7.299794e+00 0.000000e+00 7.299794e+00 0.000000e+00 7.299794e+00 0.000000e+00 
7.300794e+00 7.300794e+00 7.300794e+00 0.000000e+00 7.300794e+00 0.000000e+00 7.300794e+00 0.000000e+00 
7.301794e+00 7.301794e+00 7.301794e+00 0.000000e+00 7.301794e+00 0.000000e+00 7.301794e+00 0.000000e+00 
7.302794e+00 7.302794e+00 7.302794e+00 0.000000e+00 7.302794e+00 0.000000e+00 7.302794e+00 0.000000e+00 
7.303794e+00 7.303794e+00 7.303794e+00 0.000000e+00 7.303794e+00 0.000000e+00 7.303794e+00 0.000000e+00 
7.304794e+00 7.304794e+00 7.304794e+00 0.000000e+00 7.304794e+00 0.000000e+00 7.304794e+00 0.000000e+00 
7.305794e+00 7.305794e+00 7.305794e+00 0.000000e+00 7.305794e+00 0.000000e+00 7.305794e+00 0.000000e+00 
7.306794e+00 7.306794e+00 7.306794e+00 0.000000e+00 7.306794e+00 0.000000e+00 7.306794e+00 0.000000e+00 
7.307794e+00 7.307794e+00 7.307794e+00 0.000000e+00 7.307794e+00 0.000000e+00 7.307794e+00 0.000000e+00 
7.308794e+00 7.308794e+00 7.308794e+00 0.000000e+00 7.308794e+00 0.000000e+00 7.308794e+00 0.000000e+00 
7.309794e+00 7.309794e+00 7.309794e+00 0.000000e+00 7.309794e+00 0.000000e+00 7.309794e+00 0.000000e+00 
7.310794e+00 7.310794e+00 7.310794e+00 0.000000e+00 7.310794e+00 0.000000e+00 7.310794e+00 0.000000e+00 
7.311794e+00 7.311794e+00 7.311794e+00 0.000000e+00 7.311794e+00 0.000000e+00 7.311794e+00 0.000000e+00 
7.312794e+00 7.312794e+00 7.312794e+00 0.000000e+00 7.312794e+00 0.000000e+00 7.312794e+00 0.000000e+00 
7.313794e+00 7.313794e+00 7.313794e+00 0.000000e+00 7.313794e+00 0.000000e+00 7.313794e+00 0.000000e+00 
7.314794e+00 7.314794e+00 7.314794e+00 0.000000e+00 7.314794e+00 0.000000e+00 7.314794e+00 0.000000e+00 
7.315794e+00 7.315794e+00 7.315794e+00 0.000000e+00 7.315794e+00 0.000000e+00 7.315794e+00 0.000000e+00 
7.316794e+00 7.316794e+00 7.316794e+00 0.000000e+00 7.316794e+00 0.000000e+00 7.316794e+00 0.000000e+00 
7.317794e+00 7.317794e+00 7.317794e+00 0.000000e+00 7.317794e+00 0.000000e+00 7.317794e+00 0.000000e+00 
7.318794e+00 7.318794e+00 7.318794e+00 0.000000e+00 7.318794e+00 0.000000e+00 7.318794e+00 0.000000e+00 
7.319794e+00 7.319794e+00 7.319794e+00 0.000000e+00 7.319794e+00 0.000000e+00 7.319794e+00 0.000000e+00 
7.320794e+00 7.320794e+00 7.320794e+00 0.000000e+00 7.320794e+00 0.000000e+00 7.320794e+00 0.000000e+00 
7.321794e+00 7.321794e+00 7.321794e+00 0.000000e+00 7.321794e+00 0.000000e+00 7.321794e+00 0.000000e+00 
7.322794e+00 7.322794e+00 7.322794e+00 0.000000e+00 7.322794e+00 0.000000e+00 7.322794e+00 0.000000e+00 
7.323794e+00 7.323794e+00 7.323794e+00 0.000000e+00 7.323794e+00 0.000000e+00 7.323794e+00 0.000000e+00 
7.324794e+00 7.324794e+00 7.324794e+00 0.000000e+00 7.324794e+00 0.000000e+00 7.324794e+00 0.000000e+00 
7.325794e+00 7.325794e+00 7.325794e+00 0.000000e+00 7.325794e+00 0.000000e+00 7.325794e+00 0.000000e+00 
7.326794e+00 7.326794e+00 7.326794e+00 0.000000e+00 7.326794e+00 0.000000e+00 7.326794e+00 0.000000e+00 
7.327794e+00 7.327794e+00 7.327794e+00 0.000000e+00 7.327794e+00 0.000000e+00 7.327794e+00 0.000000e+00 
7.328794e+00 7.328794e+00 7.328794e+00 0.000000e+00 7.328794e+00 0.000000e+00 7.328794e+00 0.000000e+00 
7.329794e+00 7.329794e+00 7.329794e+00 0.000000e+00 7.329794e+00 0.000000e+00 7.329794e+00 0.000000e+00 
7.330794e+00 7.330794e+00 7.330794e+00 0.000000e+00 7.330794e+00 0.000000e+00 7.330794e+00 0.000000e+00 
7.331794e+00 7.331794e+00 7.331794e+00 0.000000e+00 7.331794e+00 0.000000e+00 7.331794e+00 0.000000e+00 
7.332794e+00 7.332794e+00 7.332794e+00 0.000000e+00 7.332794e+00 0.000000e+00 7.332794e+00 0.000000e+00 
7.333794e+00 7.333794e+00 7.333794e+00 0.000000e+00 7.333794e+00 0.000000e+00 7.333794e+00 0.000000e+00 
7.334794e+00 7.334794e+00 7.334794e+00 0.000000e+00 7.334794e+00 0.000000e+00 7.334794e+00 0.000000e+00 
7.335794e+00 7.335794e+00 7.335794e+00 0.000000e+00 7.335794e+00 0.000000e+00 7.335794e+00 0.000000e+00 
7.336794e+00 7.336794e+00 7.336794e+00 0.000000e+00 7.336794e+00 0.000000e+00 7.336794e+00 0.000000e+00 
7.337794e+00 7.337794e+00 7.337794e+00 0.000000e+00 7.337794e+00 0.000000e+00 7.337794e+00 0.000000e+00 
7.338794e+00 7.338794e+00 7.338794e+00 0.000000e+00 7.338794e+00 0.000000e+00 7.338794e+00 0.000000e+00 
7.339794e+00 7.339794e+00 7.339794e+00 0.000000e+00 7.339794e+00 0.000000e+00 7.339794e+00 0.000000e+00 
7.340794e+00 7.340794e+00 7.340794e+00 0.000000e+00 7.340794e+00 0.000000e+00 7.340794e+00 0.000000e+00 
7.341794e+00 7.341794e+00 7.341794e+00 0.000000e+00 7.341794e+00 0.000000e+00 7.341794e+00 0.000000e+00 
7.342794e+00 7.342794e+00 7.342794e+00 0.000000e+00 7.342794e+00 0.000000e+00 7.342794e+00 0.000000e+00 
7.343794e+00 7.343794e+00 7.343794e+00 0.000000e+00 7.343794e+00 0.000000e+00 7.343794e+00 0.000000e+00 
7.344794e+00 7.344794e+00 7.344794e+00 0.000000e+00 7.344794e+00 0.000000e+00 7.344794e+00 0.000000e+00 
7.345794e+00 7.345794e+00 7.345794e+00 0.000000e+00 7.345794e+00 0.000000e+00 7.345794e+00 0.000000e+00 
7.346794e+00 7.346794e+00 7.346794e+00 0.000000e+00 7.346794e+00 0.000000e+00 7.346794e+00 0.000000e+00 
7.347794e+00 7.347794e+00 7.347794e+00 0.000000e+00 7.347794e+00 0.000000e+00 7.347794e+00 0.000000e+00 
7.348794e+00 7.348794e+00 7.348794e+00 0.000000e+00 7.348794e+00 0.000000e+00 7.348794e+00 0.000000e+00 
7.349794e+00 7.349794e+00 7.349794e+00 0.000000e+00 7.349794e+00 0.000000e+00 7.349794e+00 0.000000e+00 
7.350794e+00 7.350794e+00 7.350794e+00 0.000000e+00 7.350794e+00 0.000000e+00 7.350794e+00 0.000000e+00 
7.351794e+00 7.351794e+00 7.351794e+00 0.000000e+00 7.351794e+00 0.000000e+00 7.351794e+00 0.000000e+00 
7.352794e+00 7.352794e+00 7.352794e+00 0.000000e+00 7.352794e+00 0.000000e+00 7.352794e+00 0.000000e+00 
7.353794e+00 7.353794e+00 7.353794e+00 0.000000e+00 7.353794e+00 0.000000e+00 7.353794e+00 0.000000e+00 
7.354794e+00 7.354794e+00 7.354794e+00 0.000000e+00 7.354794e+00 0.000000e+00 7.354794e+00 0.000000e+00 
7.355794e+00 7.355794e+00 7.355794e+00 0.000000e+00 7.355794e+00 0.000000e+00 7.355794e+00 0.000000e+00 
7.356794e+00 7.356794e+00 7.356794e+00 0.000000e+00 7.356794e+00 0.000000e+00 7.356794e+00 0.000000e+00 
7.357794e+00 7.357794e+00 7.357794e+00 0.000000e+00 7.357794e+00 0.000000e+00 7.357794e+00 0.000000e+00 
7.358794e+00 7.358794e+00 7.358794e+00 0.000000e+00 7.358794e+00 0.000000e+00 7.358794e+00 0.000000e+00 
7.359794e+00 7.359794e+00 7.359794e+00 0.000000e+00 7.359794e+00 0.000000e+00 7.359794e+00 0.000000e+00 
7.360794e+00 7.360794e+00 7.360794e+00 0.000000e+00 7.360794e+00 0.000000e+00 7.360794e+00 0.000000e+00 
7.361794e+00 7.361794e+00 7.361794e+00 0.000000e+00 7.361794e+00 0.000000e+00 7.361794e+00 0.000000e+00 
7.362794e+00 7.362794e+00 7.362794e+00 0.000000e+00 7.362794e+00 0.000000e+00 7.362794e+00 0.000000e+00 
7.363794e+00 7.363794e+00 7.363794e+00 0.000000e+00 7.363794e+00 0.000000e+00 7.363794e+00 0.000000e+00 
7.364794e+00 7.364794e+00 7.364794e+00 0.000000e+00 7.364794e+00 0.000000e+00 7.364794e+00 0.000000e+00 
7.365794e+00 7.365794e+00 7.365794e+00 0.000000e+00 7.365794e+00 0.000000e+00 7.365794e+00 0.000000e+00 
7.366794e+00 7.366794e+00 7.366794e+00 0.000000e+00 7.366794e+00 0.000000e+00 7.366794e+00 0.000000e+00 
7.367794e+00 7.367794e+00 7.367794e+00 0.000000e+00 7.367794e+00 0.000000e+00 7.367794e+00 0.000000e+00 
7.368794e+00 7.368794e+00 7.368794e+00 0.000000e+00 7.368794e+00 0.000000e+00 7.368794e+00 0.000000e+00 
7.369794e+00 7.369794e+00 7.369794e+00 0.000000e+00 7.369794e+00 0.000000e+00 7.369794e+00 0.000000e+00 
7.370794e+00 7.370794e+00 7.370794e+00 0.000000e+00 7.370794e+00 0.000000e+00 7.370794e+00 0.000000e+00 
7.371794e+00 7.371794e+00 7.371794e+00 0.000000e+00 7.371794e+00 0.000000e+00 7.371794e+00 0.000000e+00 
7.372794e+00 7.372794e+00 7.372794e+00 0.000000e+00 7.372794e+00 0.000000e+00 7.372794e+00 0.000000e+00 
7.373794e+00 7.373794e+00 7.373794e+00 0.000000e+00 7.373794e+00 0.000000e+00 7.373794e+00 0.000000e+00 
7.374794e+00 7.374794e+00 7.374794e+00 0.000000e+00 7.374794e+00 0.000000e+00 7.374794e+00 0.000000e+00 
7.375794e+00 7.375794e+00 7.375794e+00 0.000000e+00 7.375794e+00 0.000000e+00 7.375794e+00 0.000000e+00 
7.376794e+00 7.376794e+00 7.376794e+00 0.000000e+00 7.376794e+00 0.000000e+00 7.376794e+00 0.000000e+00 
7.377794e+00 7.377794e+00 7.377794e+00 0.000000e+00 7.377794e+00 0.000000e+00 7.377794e+00 0.000000e+00 
7.378794e+00 7.378794e+00 7.378794e+00 0.000000e+00 7.378794e+00 0.000000e+00 7.378794e+00 0.000000e+00 
7.379794e+00 7.379794e+00 7.379794e+00 0.000000e+00 7.379794e+00 0.000000e+00 7.379794e+00 0.000000e+00 
7.380794e+00 7.380794e+00 7.380794e+00 0.000000e+00 7.380794e+00 0.000000e+00 7.380794e+00 0.000000e+00 
7.381794e+00 7.381794e+00 7.381794e+00 0.000000e+00 7.381794e+00 0.000000e+00 7.381794e+00 0.000000e+00 
7.382794e+00 7.382794e+00 7.382794e+00 0.000000e+00 7.382794e+00 0.000000e+00 7.382794e+00 0.000000e+00 
7.383794e+00 7.383794e+00 7.383794e+00 0.000000e+00 7.383794e+00 0.000000e+00 7.383794e+00 0.000000e+00 
7.384794e+00 7.384794e+00 7.384794e+00 0.000000e+00 7.384794e+00 0.000000e+00 7.384794e+00 0.000000e+00 
7.385794e+00 7.385794e+00 7.385794e+00 0.000000e+00 7.385794e+00 0.000000e+00 7.385794e+00 0.000000e+00 
7.386794e+00 7.386794e+00 7.386794e+00 0.000000e+00 7.386794e+00 0.000000e+00 7.386794e+00 0.000000e+00 
7.387794e+00 7.387794e+00 7.387794e+00 0.000000e+00 7.387794e+00 0.000000e+00 7.387794e+00 0.000000e+00 
7.388794e+00 7.388794e+00 7.388794e+00 0.000000e+00 7.388794e+00 0.000000e+00 7.388794e+00 0.000000e+00 
7.389794e+00 7.389794e+00 7.389794e+00 0.000000e+00 7.389794e+00 0.000000e+00 7.389794e+00 0.000000e+00 
7.390794e+00 7.390794e+00 7.390794e+00 0.000000e+00 7.390794e+00 0.000000e+00 7.390794e+00 0.000000e+00 
7.391794e+00 7.391794e+00 7.391794e+00 0.000000e+00 7.391794e+00 0.000000e+00 7.391794e+00 0.000000e+00 
7.392794e+00 7.392794e+00 7.392794e+00 0.000000e+00 7.392794e+00 0.000000e+00 7.392794e+00 0.000000e+00 
7.393794e+00 7.393794e+00 7.393794e+00 0.000000e+00 7.393794e+00 0.000000e+00 7.393794e+00 0.000000e+00 
7.394794e+00 7.394794e+00 7.394794e+00 0.000000e+00 7.394794e+00 0.000000e+00 7.394794e+00 0.000000e+00 
7.395794e+00 7.395794e+00 7.395794e+00 0.000000e+00 7.395794e+00 0.000000e+00 7.395794e+00 0.000000e+00 
7.396794e+00 7.396794e+00 7.396794e+00 0.000000e+00 7.396794e+00 0.000000e+00 7.396794e+00 0.000000e+00 
7.397794e+00 7.397794e+00 7.397794e+00 0.000000e+00 7.397794e+00 0.000000e+00 7.397794e+00 0.000000e+00 
7.398794e+00 7.398794e+00 7.398794e+00 0.000000e+00 7.398794e+00 0.000000e+00 7.398794e+00 0.000000e+00 
7.399794e+00 7.399794e+00 7.399794e+00 0.000000e+00 7.399794e+00 0.000000e+00 7.399794e+00 0.000000e+00 
7.400794e+00 7.400794e+00 7.400794e+00 0.000000e+00 7.400794e+00 0.000000e+00 7.400794e+00 0.000000e+00 
7.401794e+00 7.401794e+00 7.401794e+00 0.000000e+00 7.401794e+00 0.000000e+00 7.401794e+00 0.000000e+00 
7.402794e+00 7.402794e+00 7.402794e+00 0.000000e+00 7.402794e+00 0.000000e+00 7.402794e+00 0.000000e+00 
7.403794e+00 7.403794e+00 7.403794e+00 0.000000e+00 7.403794e+00 0.000000e+00 7.403794e+00 0.000000e+00 
7.404794e+00 7.404794e+00 7.404794e+00 0.000000e+00 7.404794e+00 0.000000e+00 7.404794e+00 0.000000e+00 
7.405794e+00 7.405794e+00 7.405794e+00 0.000000e+00 7.405794e+00 0.000000e+00 7.405794e+00 0.000000e+00 
7.406794e+00 7.406794e+00 7.406794e+00 0.000000e+00 7.406794e+00 0.000000e+00 7.406794e+00 0.000000e+00 
7.407794e+00 7.407794e+00 7.407794e+00 0.000000e+00 7.407794e+00 0.000000e+00 7.407794e+00 0.000000e+00 
7.408794e+00 7.408794e+00 7.408794e+00 0.000000e+00 7.408794e+00 0.000000e+00 7.408794e+00 0.000000e+00 
7.409794e+00 7.409794e+00 7.409794e+00 0.000000e+00 7.409794e+00 0.000000e+00 7.409794e+00 0.000000e+00 
7.410794e+00 7.410794e+00 7.410794e+00 0.000000e+00 7.410794e+00 0.000000e+00 7.410794e+00 0.000000e+00 
7.411794e+00 7.411794e+00 7.411794e+00 0.000000e+00 7.411794e+00 0.000000e+00 7.411794e+00 0.000000e+00 
7.412794e+00 7.412794e+00 7.412794e+00 0.000000e+00 7.412794e+00 0.000000e+00 7.412794e+00 0.000000e+00 
7.413794e+00 7.413794e+00 7.413794e+00 0.000000e+00 7.413794e+00 0.000000e+00 7.413794e+00 0.000000e+00 
7.414794e+00 7.414794e+00 7.414794e+00 0.000000e+00 7.414794e+00 0.000000e+00 7.414794e+00 0.000000e+00 
7.415794e+00 7.415794e+00 7.415794e+00 0.000000e+00 7.415794e+00 0.000000e+00 7.415794e+00 0.000000e+00 
7.416794e+00 7.416794e+00 7.416794e+00 0.000000e+00 7.416794e+00 0.000000e+00 7.416794e+00 0.000000e+00 
7.417794e+00 7.417794e+00 7.417794e+00 0.000000e+00 7.417794e+00 0.000000e+00 7.417794e+00 0.000000e+00 
7.418794e+00 7.418794e+00 7.418794e+00 0.000000e+00 7.418794e+00 0.000000e+00 7.418794e+00 0.000000e+00 
7.419794e+00 7.419794e+00 7.419794e+00 0.000000e+00 7.419794e+00 0.000000e+00 7.419794e+00 0.000000e+00 
7.420794e+00 7.420794e+00 7.420794e+00 0.000000e+00 7.420794e+00 0.000000e+00 7.420794e+00 0.000000e+00 
7.421794e+00 7.421794e+00 7.421794e+00 0.000000e+00 7.421794e+00 0.000000e+00 7.421794e+00 0.000000e+00 
7.422794e+00 7.422794e+00 7.422794e+00 0.000000e+00 7.422794e+00 0.000000e+00 7.422794e+00 0.000000e+00 
7.423794e+00 7.423794e+00 7.423794e+00 0.000000e+00 7.423794e+00 0.000000e+00 7.423794e+00 0.000000e+00 
7.424794e+00 7.424794e+00 7.424794e+00 0.000000e+00 7.424794e+00 0.000000e+00 7.424794e+00 0.000000e+00 
7.425794e+00 7.425794e+00 7.425794e+00 0.000000e+00 7.425794e+00 0.000000e+00 7.425794e+00 0.000000e+00 
7.426794e+00 7.426794e+00 7.426794e+00 0.000000e+00 7.426794e+00 0.000000e+00 7.426794e+00 0.000000e+00 
7.427794e+00 7.427794e+00 7.427794e+00 0.000000e+00 7.427794e+00 0.000000e+00 7.427794e+00 0.000000e+00 
7.428794e+00 7.428794e+00 7.428794e+00 0.000000e+00 7.428794e+00 0.000000e+00 7.428794e+00 0.000000e+00 
7.429794e+00 7.429794e+00 7.429794e+00 0.000000e+00 7.429794e+00 0.000000e+00 7.429794e+00 0.000000e+00 
7.430794e+00 7.430794e+00 7.430794e+00 0.000000e+00 7.430794e+00 0.000000e+00 7.430794e+00 0.000000e+00 
7.431794e+00 7.431794e+00 7.431794e+00 0.000000e+00 7.431794e+00 0.000000e+00 7.431794e+00 0.000000e+00 
7.432794e+00 7.432794e+00 7.432794e+00 0.000000e+00 7.432794e+00 0.000000e+00 7.432794e+00 0.000000e+00 
7.433794e+00 7.433794e+00 7.433794e+00 0.000000e+00 7.433794e+00 0.000000e+00 7.433794e+00 0.000000e+00 
7.434794e+00 7.434794e+00 7.434794e+00 0.000000e+00 7.434794e+00 0.000000e+00 7.434794e+00 0.000000e+00 
7.435794e+00 7.435794e+00 7.435794e+00 0.000000e+00 7.435794e+00 0.000000e+00 7.435794e+00 0.000000e+00 
7.436794e+00 7.436794e+00 7.436794e+00 0.000000e+00 7.436794e+00 0.000000e+00 7.436794e+00 0.000000e+00 
7.437794e+00 7.437794e+00 7.437794e+00 0.000000e+00 7.437794e+00 0.000000e+00 7.437794e+00 0.000000e+00 
7.438794e+00 7.438794e+00 7.438794e+00 0.000000e+00 7.438794e+00 0.000000e+00 7.438794e+00 0.000000e+00 
7.439794e+00 7.439794e+00 7.439794e+00 0.000000e+00 7.439794e+00 0.000000e+00 7.439794e+00 0.000000e+00 
7.440794e+00 7.440794e+00 7.440794e+00 0.000000e+00 7.440794e+00 0.000000e+00 7.440794e+00 0.000000e+00 
7.441794e+00 7.441794e+00 7.441794e+00 0.000000e+00 7.441794e+00 0.000000e+00 7.441794e+00 0.000000e+00 
7.442794e+00 7.442794e+00 7.442794e+00 0.000000e+00 7.442794e+00 0.000000e+00 7.442794e+00 0.000000e+00 
7.443794e+00 7.443794e+00 7.443794e+00 0.000000e+00 7.443794e+00 0.000000e+00 7.443794e+00 0.000000e+00 
7.444794e+00 7.444794e+00 7.444794e+00 0.000000e+00 7.444794e+00 0.000000e+00 7.444794e+00 0.000000e+00 
7.445794e+00 7.445794e+00 7.445794e+00 0.000000e+00 7.445794e+00 0.000000e+00 7.445794e+00 0.000000e+00 
7.446794e+00 7.446794e+00 7.446794e+00 0.000000e+00 7.446794e+00 0.000000e+00 7.446794e+00 0.000000e+00 
7.447794e+00 7.447794e+00 7.447794e+00 0.000000e+00 7.447794e+00 0.000000e+00 7.447794e+00 0.000000e+00 
7.448794e+00 7.448794e+00 7.448794e+00 0.000000e+00 7.448794e+00 0.000000e+00 7.448794e+00 0.000000e+00 
7.449794e+00 7.449794e+00 7.449794e+00 0.000000e+00 7.449794e+00 0.000000e+00 7.449794e+00 0.000000e+00 
7.450794e+00 7.450794e+00 7.450794e+00 0.000000e+00 7.450794e+00 0.000000e+00 7.450794e+00 0.000000e+00 
7.451794e+00 7.451794e+00 7.451794e+00 0.000000e+00 7.451794e+00 0.000000e+00 7.451794e+00 0.000000e+00 
7.452794e+00 7.452794e+00 7.452794e+00 0.000000e+00 7.452794e+00 0.000000e+00 7.452794e+00 0.000000e+00 
7.453794e+00 7.453794e+00 7.453794e+00 0.000000e+00 7.453794e+00 0.000000e+00 7.453794e+00 0.000000e+00 
7.454794e+00 7.454794e+00 7.454794e+00 0.000000e+00 7.454794e+00 0.000000e+00 7.454794e+00 0.000000e+00 
7.455794e+00 7.455794e+00 7.455794e+00 0.000000e+00 7.455794e+00 0.000000e+00 7.455794e+00 0.000000e+00 
7.456794e+00 7.456794e+00 7.456794e+00 0.000000e+00 7.456794e+00 0.000000e+00 7.456794e+00 0.000000e+00 
7.457794e+00 7.457794e+00 7.457794e+00 0.000000e+00 7.457794e+00 0.000000e+00 7.457794e+00 0.000000e+00 
7.458794e+00 7.458794e+00 7.458794e+00 0.000000e+00 7.458794e+00 0.000000e+00 7.458794e+00 0.000000e+00 
7.459794e+00 7.459794e+00 7.459794e+00 0.000000e+00 7.459794e+00 0.000000e+00 7.459794e+00 0.000000e+00 
7.460794e+00 7.460794e+00 7.460794e+00 0.000000e+00 7.460794e+00 0.000000e+00 7.460794e+00 0.000000e+00 
7.461794e+00 7.461794e+00 7.461794e+00 0.000000e+00 7.461794e+00 0.000000e+00 7.461794e+00 0.000000e+00 
7.462794e+00 7.462794e+00 7.462794e+00 0.000000e+00 7.462794e+00 0.000000e+00 7.462794e+00 0.000000e+00 
7.463794e+00 7.463794e+00 7.463794e+00 0.000000e+00 7.463794e+00 0.000000e+00 7.463794e+00 0.000000e+00 
7.464794e+00 7.464794e+00 7.464794e+00 0.000000e+00 7.464794e+00 0.000000e+00 7.464794e+00 0.000000e+00 
7.465794e+00 7.465794e+00 7.465794e+00 0.000000e+00 7.465794e+00 0.000000e+00 7.465794e+00 0.000000e+00 
7.466794e+00 7.466794e+00 7.466794e+00 0.000000e+00 7.466794e+00 0.000000e+00 7.466794e+00 0.000000e+00 
7.467794e+00 7.467794e+00 7.467794e+00 0.000000e+00 7.467794e+00 0.000000e+00 7.467794e+00 0.000000e+00 
7.468794e+00 7.468794e+00 7.468794e+00 0.000000e+00 7.468794e+00 0.000000e+00 7.468794e+00 0.000000e+00 
7.469794e+00 7.469794e+00 7.469794e+00 0.000000e+00 7.469794e+00 0.000000e+00 7.469794e+00 0.000000e+00 
7.470794e+00 7.470794e+00 7.470794e+00 0.000000e+00 7.470794e+00 0.000000e+00 7.470794e+00 0.000000e+00 
7.471794e+00 7.471794e+00 7.471794e+00 0.000000e+00 7.471794e+00 0.000000e+00 7.471794e+00 0.000000e+00 
7.472794e+00 7.472794e+00 7.472794e+00 0.000000e+00 7.472794e+00 0.000000e+00 7.472794e+00 0.000000e+00 
7.473794e+00 7.473794e+00 7.473794e+00 0.000000e+00 7.473794e+00 0.000000e+00 7.473794e+00 0.000000e+00 
7.474794e+00 7.474794e+00 7.474794e+00 0.000000e+00 7.474794e+00 0.000000e+00 7.474794e+00 0.000000e+00 
7.475794e+00 7.475794e+00 7.475794e+00 0.000000e+00 7.475794e+00 0.000000e+00 7.475794e+00 0.000000e+00 
7.476794e+00 7.476794e+00 7.476794e+00 0.000000e+00 7.476794e+00 0.000000e+00 7.476794e+00 0.000000e+00 
7.477794e+00 7.477794e+00 7.477794e+00 0.000000e+00 7.477794e+00 0.000000e+00 7.477794e+00 0.000000e+00 
7.478794e+00 7.478794e+00 7.478794e+00 0.000000e+00 7.478794e+00 0.000000e+00 7.478794e+00 0.000000e+00 
7.479794e+00 7.479794e+00 7.479794e+00 0.000000e+00 7.479794e+00 0.000000e+00 7.479794e+00 0.000000e+00 
7.480794e+00 7.480794e+00 7.480794e+00 0.000000e+00 7.480794e+00 0.000000e+00 7.480794e+00 0.000000e+00 
7.481794e+00 7.481794e+00 7.481794e+00 0.000000e+00 7.481794e+00 0.000000e+00 7.481794e+00 0.000000e+00 
7.482794e+00 7.482794e+00 7.482794e+00 0.000000e+00 7.482794e+00 0.000000e+00 7.482794e+00 0.000000e+00 
7.483794e+00 7.483794e+00 7.483794e+00 0.000000e+00 7.483794e+00 0.000000e+00 7.483794e+00 0.000000e+00 
7.484794e+00 7.484794e+00 7.484794e+00 0.000000e+00 7.484794e+00 0.000000e+00 7.484794e+00 0.000000e+00 
7.485794e+00 7.485794e+00 7.485794e+00 0.000000e+00 7.485794e+00 0.000000e+00 7.485794e+00 0.000000e+00 
7.486794e+00 7.486794e+00 7.486794e+00 0.000000e+00 7.486794e+00 0.000000e+00 7.486794e+00 0.000000e+00 
7.487794e+00 7.487794e+00 7.487794e+00 0.000000e+00 7.487794e+00 0.000000e+00 7.487794e+00 0.000000e+00 
7.488794e+00 7.488794e+00 7.488794e+00 0.000000e+00 7.488794e+00 0.000000e+00 7.488794e+00 0.000000e+00 
7.489794e+00 7.489794e+00 7.489794e+00 0.000000e+00 7.489794e+00 0.000000e+00 7.489794e+00 0.000000e+00 
7.490794e+00 7.490794e+00 7.490794e+00 0.000000e+00 7.490794e+00 0.000000e+00 7.490794e+00 0.000000e+00 
7.491794e+00 7.491794e+00 7.491794e+00 0.000000e+00 7.491794e+00 0.000000e+00 7.491794e+00 0.000000e+00 
7.492794e+00 7.492794e+00 7.492794e+00 0.000000e+00 7.492794e+00 0.000000e+00 7.492794e+00 0.000000e+00 
7.493794e+00 7.493794e+00 7.493794e+00 0.000000e+00 7.493794e+00 0.000000e+00 7.493794e+00 0.000000e+00 
7.494794e+00 7.494794e+00 7.494794e+00 0.000000e+00 7.494794e+00 0.000000e+00 7.494794e+00 0.000000e+00 
7.495794e+00 7.495794e+00 7.495794e+00 0.000000e+00 7.495794e+00 0.000000e+00 7.495794e+00 0.000000e+00 
7.496794e+00 7.496794e+00 7.496794e+00 0.000000e+00 7.496794e+00 0.000000e+00 7.496794e+00 0.000000e+00 
7.497794e+00 7.497794e+00 7.497794e+00 0.000000e+00 7.497794e+00 0.000000e+00 7.497794e+00 0.000000e+00 
7.498794e+00 7.498794e+00 7.498794e+00 0.000000e+00 7.498794e+00 0.000000e+00 7.498794e+00 0.000000e+00 
7.499794e+00 7.499794e+00 7.499794e+00 0.000000e+00 7.499794e+00 0.000000e+00 7.499794e+00 0.000000e+00 
7.500127e+00 7.500127e+00 7.500127e+00 0.000000e+00 7.500127e+00 0.000000e+00 7.500127e+00 0.000000e+00 
7.500278e+00 7.500278e+00 7.500278e+00 0.000000e+00 7.500278e+00 0.000000e+00 7.500278e+00 0.000000e+00 
7.500278e+00 7.500278e+00 7.500278e+00 0.000000e+00 7.500278e+00 0.000000e+00 7.500278e+00 0.000000e+00 
7.500278e+00 7.500278e+00 7.500278e+00 0.000000e+00 7.500278e+00 0.000000e+00 7.500278e+00 0.000000e+00 
7.500278e+00 7.500278e+00 7.500278e+00 5.000000e+00 7.500278e+00 5.000000e+00 7.500278e+00 5.000000e+00 
7.500278e+00 7.500278e+00 7.500278e+00 5.000000e+00 7.500278e+00 5.000000e+00 7.500278e+00 5.000000e+00 
7.500278e+00 7.500278e+00 7.500278e+00 5.000000e+00 7.500278e+00 5.000000e+00 7.500278e+00 5.000000e+00 
7.500278e+00 7.500278e+00 7.500278e+00 5.000000e+00 7.500278e+00 5.000000e+00 7.500278e+00 5.000000e+00 
7.500278e+00 7.500278e+00 7.500278e+00 5.000000e+00 7.500278e+00 5.000000e+00 7.500278e+00 5.000000e+00 
7.500278e+00 7.500278e+00 7.500278e+00 5.000000e+00 7.500278e+00 5.000000e+00 7.500278e+00 5.000000e+00 
7.500279e+00 7.500279e+00 7.500279e+00 5.000000e+00 7.500279e+00 5.000000e+00 7.500279e+00 5.000000e+00 
7.500279e+00 7.500279e+00 7.500279e+00 5.000000e+00 7.500279e+00 5.000000e+00 7.500279e+00 5.000000e+00 
7.500280e+00 7.500280e+00 7.500280e+00 5.000000e+00 7.500280e+00 5.000000e+00 7.500280e+00 5.000000e+00 
7.500281e+00 7.500281e+00 7.500281e+00 5.000000e+00 7.500281e+00 5.000000e+00 7.500281e+00 5.000000e+00 
7.500283e+00 7.500283e+00 7.500283e+00 5.000000e+00 7.500283e+00 5.000000e+00 7.500283e+00 5.000000e+00 
7.500286e+00 7.500286e+00 7.500286e+00 5.000000e+00 7.500286e+00 5.000000e+00 7.500286e+00 5.000000e+00 
7.500292e+00 7.500292e+00 7.500292e+00 5.000000e+00 7.500292e+00 5.000000e+00 7.500292e+00 5.000000e+00 
7.500305e+00 7.500305e+00 7.500305e+00 5.000000e+00 7.500305e+00 5.000000e+00 7.500305e+00 5.000000e+00 
7.500330e+00 7.500330e+00 7.500330e+00 5.000000e+00 7.500330e+00 5.000000e+00 7.500330e+00 5.000000e+00 
7.500381e+00 7.500381e+00 7.500381e+00 5.000000e+00 7.500381e+00 5.000000e+00 7.500381e+00 5.000000e+00 
7.500482e+00 7.500482e+00 7.500482e+00 5.000000e+00 7.500482e+00 5.000000e+00 7.500482e+00 5.000000e+00 
7.500685e+00 7.500685e+00 7.500685e+00 5.000000e+00 7.500685e+00 5.000000e+00 7.500685e+00 5.000000e+00 
7.501090e+00 7.501090e+00 7.501090e+00 5.000000e+00 7.501090e+00 5.000000e+00 7.501090e+00 5.000000e+00 
7.501899e+00 7.501899e+00 7.501899e+00 5.000000e+00 7.501899e+00 5.000000e+00 7.501899e+00 5.000000e+00 
7.502899e+00 7.502899e+00 7.502899e+00 5.000000e+00 7.502899e+00 5.000000e+00 7.502899e+00 5.000000e+00 
7.503899e+00 7.503899e+00 7.503899e+00 5.000000e+00 7.503899e+00 5.000000e+00 7.503899e+00 5.000000e+00 
7.504899e+00 7.504899e+00 7.504899e+00 5.000000e+00 7.504899e+00 5.000000e+00 7.504899e+00 5.000000e+00 
7.505899e+00 7.505899e+00 7.505899e+00 5.000000e+00 7.505899e+00 5.000000e+00 7.505899e+00 5.000000e+00 
7.506899e+00 7.506899e+00 7.506899e+00 5.000000e+00 7.506899e+00 5.000000e+00 7.506899e+00 5.000000e+00 
7.507899e+00 7.507899e+00 7.507899e+00 5.000000e+00 7.507899e+00 5.000000e+00 7.507899e+00 5.000000e+00 
7.508899e+00 7.508899e+00 7.508899e+00 5.000000e+00 7.508899e+00 5.000000e+00 7.508899e+00 5.000000e+00 
7.509899e+00 7.509899e+00 7.509899e+00 5.000000e+00 7.509899e+00 5.000000e+00 7.509899e+00 5.000000e+00 
7.510899e+00 7.510899e+00 7.510899e+00 5.000000e+00 7.510899e+00 5.000000e+00 7.510899e+00 5.000000e+00 
7.511899e+00 7.511899e+00 7.511899e+00 5.000000e+00 7.511899e+00 5.000000e+00 7.511899e+00 5.000000e+00 
7.512899e+00 7.512899e+00 7.512899e+00 5.000000e+00 7.512899e+00 5.000000e+00 7.512899e+00 5.000000e+00 
7.513899e+00 7.513899e+00 7.513899e+00 5.000000e+00 7.513899e+00 5.000000e+00 7.513899e+00 5.000000e+00 
7.514899e+00 7.514899e+00 7.514899e+00 5.000000e+00 7.514899e+00 5.000000e+00 7.514899e+00 5.000000e+00 
7.515899e+00 7.515899e+00 7.515899e+00 5.000000e+00 7.515899e+00 5.000000e+00 7.515899e+00 5.000000e+00 
7.516899e+00 7.516899e+00 7.516899e+00 5.000000e+00 7.516899e+00 5.000000e+00 7.516899e+00 5.000000e+00 
7.517899e+00 7.517899e+00 7.517899e+00 5.000000e+00 7.517899e+00 5.000000e+00 7.517899e+00 5.000000e+00 
7.518899e+00 7.518899e+00 7.518899e+00 5.000000e+00 7.518899e+00 5.000000e+00 7.518899e+00 5.000000e+00 
7.519899e+00 7.519899e+00 7.519899e+00 5.000000e+00 7.519899e+00 5.000000e+00 7.519899e+00 5.000000e+00 
7.520899e+00 7.520899e+00 7.520899e+00 5.000000e+00 7.520899e+00 5.000000e+00 7.520899e+00 5.000000e+00 
7.521899e+00 7.521899e+00 7.521899e+00 5.000000e+00 7.521899e+00 5.000000e+00 7.521899e+00 5.000000e+00 
7.522899e+00 7.522899e+00 7.522899e+00 5.000000e+00 7.522899e+00 5.000000e+00 7.522899e+00 5.000000e+00 
7.523899e+00 7.523899e+00 7.523899e+00 5.000000e+00 7.523899e+00 5.000000e+00 7.523899e+00 5.000000e+00 
7.524899e+00 7.524899e+00 7.524899e+00 5.000000e+00 7.524899e+00 5.000000e+00 7.524899e+00 5.000000e+00 
7.525899e+00 7.525899e+00 7.525899e+00 5.000000e+00 7.525899e+00 5.000000e+00 7.525899e+00 5.000000e+00 
7.526899e+00 7.526899e+00 7.526899e+00 5.000000e+00 7.526899e+00 5.000000e+00 7.526899e+00 5.000000e+00 
7.527899e+00 7.527899e+00 7.527899e+00 5.000000e+00 7.527899e+00 5.000000e+00 7.527899e+00 5.000000e+00 
7.528899e+00 7.528899e+00 7.528899e+00 5.000000e+00 7.528899e+00 5.000000e+00 7.528899e+00 5.000000e+00 
7.529899e+00 7.529899e+00 7.529899e+00 5.000000e+00 7.529899e+00 5.000000e+00 7.529899e+00 5.000000e+00 
7.530899e+00 7.530899e+00 7.530899e+00 5.000000e+00 7.530899e+00 5.000000e+00 7.530899e+00 5.000000e+00 
7.531899e+00 7.531899e+00 7.531899e+00 5.000000e+00 7.531899e+00 5.000000e+00 7.531899e+00 5.000000e+00 
7.532899e+00 7.532899e+00 7.532899e+00 5.000000e+00 7.532899e+00 5.000000e+00 7.532899e+00 5.000000e+00 
7.533899e+00 7.533899e+00 7.533899e+00 5.000000e+00 7.533899e+00 5.000000e+00 7.533899e+00 5.000000e+00 
7.534899e+00 7.534899e+00 7.534899e+00 5.000000e+00 7.534899e+00 5.000000e+00 7.534899e+00 5.000000e+00 
7.535899e+00 7.535899e+00 7.535899e+00 5.000000e+00 7.535899e+00 5.000000e+00 7.535899e+00 5.000000e+00 
7.536899e+00 7.536899e+00 7.536899e+00 5.000000e+00 7.536899e+00 5.000000e+00 7.536899e+00 5.000000e+00 
7.537899e+00 7.537899e+00 7.537899e+00 5.000000e+00 7.537899e+00 5.000000e+00 7.537899e+00 5.000000e+00 
7.538899e+00 7.538899e+00 7.538899e+00 5.000000e+00 7.538899e+00 5.000000e+00 7.538899e+00 5.000000e+00 
7.539899e+00 7.539899e+00 7.539899e+00 5.000000e+00 7.539899e+00 5.000000e+00 7.539899e+00 5.000000e+00 
7.540899e+00 7.540899e+00 7.540899e+00 5.000000e+00 7.540899e+00 5.000000e+00 7.540899e+00 5.000000e+00 
7.541899e+00 7.541899e+00 7.541899e+00 5.000000e+00 7.541899e+00 5.000000e+00 7.541899e+00 5.000000e+00 
7.542899e+00 7.542899e+00 7.542899e+00 5.000000e+00 7.542899e+00 5.000000e+00 7.542899e+00 5.000000e+00 
7.543899e+00 7.543899e+00 7.543899e+00 5.000000e+00 7.543899e+00 5.000000e+00 7.543899e+00 5.000000e+00 
7.544899e+00 7.544899e+00 7.544899e+00 5.000000e+00 7.544899e+00 5.000000e+00 7.544899e+00 5.000000e+00 
7.545899e+00 7.545899e+00 7.545899e+00 5.000000e+00 7.545899e+00 5.000000e+00 7.545899e+00 5.000000e+00 
7.546899e+00 7.546899e+00 7.546899e+00 5.000000e+00 7.546899e+00 5.000000e+00 7.546899e+00 5.000000e+00 
7.547899e+00 7.547899e+00 7.547899e+00 5.000000e+00 7.547899e+00 5.000000e+00 7.547899e+00 5.000000e+00 
7.548899e+00 7.548899e+00 7.548899e+00 5.000000e+00 7.548899e+00 5.000000e+00 7.548899e+00 5.000000e+00 
7.549899e+00 7.549899e+00 7.549899e+00 5.000000e+00 7.549899e+00 5.000000e+00 7.549899e+00 5.000000e+00 
7.550899e+00 7.550899e+00 7.550899e+00 5.000000e+00 7.550899e+00 5.000000e+00 7.550899e+00 5.000000e+00 
7.551899e+00 7.551899e+00 7.551899e+00 5.000000e+00 7.551899e+00 5.000000e+00 7.551899e+00 5.000000e+00 
7.552899e+00 7.552899e+00 7.552899e+00 5.000000e+00 7.552899e+00 5.000000e+00 7.552899e+00 5.000000e+00 
7.553899e+00 7.553899e+00 7.553899e+00 5.000000e+00 7.553899e+00 5.000000e+00 7.553899e+00 5.000000e+00 
7.554899e+00 7.554899e+00 7.554899e+00 5.000000e+00 7.554899e+00 5.000000e+00 7.554899e+00 5.000000e+00 
7.555899e+00 7.555899e+00 7.555899e+00 5.000000e+00 7.555899e+00 5.000000e+00 7.555899e+00 5.000000e+00 
7.556899e+00 7.556899e+00 7.556899e+00 5.000000e+00 7.556899e+00 5.000000e+00 7.556899e+00 5.000000e+00 
7.557899e+00 7.557899e+00 7.557899e+00 5.000000e+00 7.557899e+00 5.000000e+00 7.557899e+00 5.000000e+00 
7.558899e+00 7.558899e+00 7.558899e+00 5.000000e+00 7.558899e+00 5.000000e+00 7.558899e+00 5.000000e+00 
7.559899e+00 7.559899e+00 7.559899e+00 5.000000e+00 7.559899e+00 5.000000e+00 7.559899e+00 5.000000e+00 
7.560899e+00 7.560899e+00 7.560899e+00 5.000000e+00 7.560899e+00 5.000000e+00 7.560899e+00 5.000000e+00 
7.561899e+00 7.561899e+00 7.561899e+00 5.000000e+00 7.561899e+00 5.000000e+00 7.561899e+00 5.000000e+00 
7.562899e+00 7.562899e+00 7.562899e+00 5.000000e+00 7.562899e+00 5.000000e+00 7.562899e+00 5.000000e+00 
7.563899e+00 7.563899e+00 7.563899e+00 5.000000e+00 7.563899e+00 5.000000e+00 7.563899e+00 5.000000e+00 
7.564899e+00 7.564899e+00 7.564899e+00 5.000000e+00 7.564899e+00 5.000000e+00 7.564899e+00 5.000000e+00 
7.565899e+00 7.565899e+00 7.565899e+00 5.000000e+00 7.565899e+00 5.000000e+00 7.565899e+00 5.000000e+00 
7.566899e+00 7.566899e+00 7.566899e+00 5.000000e+00 7.566899e+00 5.000000e+00 7.566899e+00 5.000000e+00 
7.567899e+00 7.567899e+00 7.567899e+00 5.000000e+00 7.567899e+00 5.000000e+00 7.567899e+00 5.000000e+00 
7.568899e+00 7.568899e+00 7.568899e+00 5.000000e+00 7.568899e+00 5.000000e+00 7.568899e+00 5.000000e+00 
7.569899e+00 7.569899e+00 7.569899e+00 5.000000e+00 7.569899e+00 5.000000e+00 7.569899e+00 5.000000e+00 
7.570899e+00 7.570899e+00 7.570899e+00 5.000000e+00 7.570899e+00 5.000000e+00 7.570899e+00 5.000000e+00 
7.571899e+00 7.571899e+00 7.571899e+00 5.000000e+00 7.571899e+00 5.000000e+00 7.571899e+00 5.000000e+00 
7.572899e+00 7.572899e+00 7.572899e+00 5.000000e+00 7.572899e+00 5.000000e+00 7.572899e+00 5.000000e+00 
7.573899e+00 7.573899e+00 7.573899e+00 5.000000e+00 7.573899e+00 5.000000e+00 7.573899e+00 5.000000e+00 
7.574899e+00 7.574899e+00 7.574899e+00 5.000000e+00 7.574899e+00 5.000000e+00 7.574899e+00 5.000000e+00 
7.575899e+00 7.575899e+00 7.575899e+00 5.000000e+00 7.575899e+00 5.000000e+00 7.575899e+00 5.000000e+00 
7.576899e+00 7.576899e+00 7.576899e+00 5.000000e+00 7.576899e+00 5.000000e+00 7.576899e+00 5.000000e+00 
7.577899e+00 7.577899e+00 7.577899e+00 5.000000e+00 7.577899e+00 5.000000e+00 7.577899e+00 5.000000e+00 
7.578899e+00 7.578899e+00 7.578899e+00 5.000000e+00 7.578899e+00 5.000000e+00 7.578899e+00 5.000000e+00 
7.579899e+00 7.579899e+00 7.579899e+00 5.000000e+00 7.579899e+00 5.000000e+00 7.579899e+00 5.000000e+00 
7.580899e+00 7.580899e+00 7.580899e+00 5.000000e+00 7.580899e+00 5.000000e+00 7.580899e+00 5.000000e+00 
7.581899e+00 7.581899e+00 7.581899e+00 5.000000e+00 7.581899e+00 5.000000e+00 7.581899e+00 5.000000e+00 
7.582899e+00 7.582899e+00 7.582899e+00 5.000000e+00 7.582899e+00 5.000000e+00 7.582899e+00 5.000000e+00 
7.583899e+00 7.583899e+00 7.583899e+00 5.000000e+00 7.583899e+00 5.000000e+00 7.583899e+00 5.000000e+00 
7.584899e+00 7.584899e+00 7.584899e+00 5.000000e+00 7.584899e+00 5.000000e+00 7.584899e+00 5.000000e+00 
7.585899e+00 7.585899e+00 7.585899e+00 5.000000e+00 7.585899e+00 5.000000e+00 7.585899e+00 5.000000e+00 
7.586899e+00 7.586899e+00 7.586899e+00 5.000000e+00 7.586899e+00 5.000000e+00 7.586899e+00 5.000000e+00 
7.587899e+00 7.587899e+00 7.587899e+00 5.000000e+00 7.587899e+00 5.000000e+00 7.587899e+00 5.000000e+00 
7.588899e+00 7.588899e+00 7.588899e+00 5.000000e+00 7.588899e+00 5.000000e+00 7.588899e+00 5.000000e+00 
7.589899e+00 7.589899e+00 7.589899e+00 5.000000e+00 7.589899e+00 5.000000e+00 7.589899e+00 5.000000e+00 
7.590899e+00 7.590899e+00 7.590899e+00 5.000000e+00 7.590899e+00 5.000000e+00 7.590899e+00 5.000000e+00 
7.591899e+00 7.591899e+00 7.591899e+00 5.000000e+00 7.591899e+00 5.000000e+00 7.591899e+00 5.000000e+00 
7.592899e+00 7.592899e+00 7.592899e+00 5.000000e+00 7.592899e+00 5.000000e+00 7.592899e+00 5.000000e+00 
7.593899e+00 7.593899e+00 7.593899e+00 5.000000e+00 7.593899e+00 5.000000e+00 7.593899e+00 5.000000e+00 
7.594899e+00 7.594899e+00 7.594899e+00 5.000000e+00 7.594899e+00 5.000000e+00 7.594899e+00 5.000000e+00 
7.595899e+00 7.595899e+00 7.595899e+00 5.000000e+00 7.595899e+00 5.000000e+00 7.595899e+00 5.000000e+00 
7.596899e+00 7.596899e+00 7.596899e+00 5.000000e+00 7.596899e+00 5.000000e+00 7.596899e+00 5.000000e+00 
7.597899e+00 7.597899e+00 7.597899e+00 5.000000e+00 7.597899e+00 5.000000e+00 7.597899e+00 5.000000e+00 
7.598899e+00 7.598899e+00 7.598899e+00 5.000000e+00 7.598899e+00 5.000000e+00 7.598899e+00 5.000000e+00 
7.599899e+00 7.599899e+00 7.599899e+00 5.000000e+00 7.599899e+00 5.000000e+00 7.599899e+00 5.000000e+00 
7.600899e+00 7.600899e+00 7.600899e+00 5.000000e+00 7.600899e+00 5.000000e+00 7.600899e+00 5.000000e+00 
7.601899e+00 7.601899e+00 7.601899e+00 5.000000e+00 7.601899e+00 5.000000e+00 7.601899e+00 5.000000e+00 
7.602899e+00 7.602899e+00 7.602899e+00 5.000000e+00 7.602899e+00 5.000000e+00 7.602899e+00 5.000000e+00 
7.603899e+00 7.603899e+00 7.603899e+00 5.000000e+00 7.603899e+00 5.000000e+00 7.603899e+00 5.000000e+00 
7.604899e+00 7.604899e+00 7.604899e+00 5.000000e+00 7.604899e+00 5.000000e+00 7.604899e+00 5.000000e+00 
7.605899e+00 7.605899e+00 7.605899e+00 5.000000e+00 7.605899e+00 5.000000e+00 7.605899e+00 5.000000e+00 
7.606899e+00 7.606899e+00 7.606899e+00 5.000000e+00 7.606899e+00 5.000000e+00 7.606899e+00 5.000000e+00 
7.607899e+00 7.607899e+00 7.607899e+00 5.000000e+00 7.607899e+00 5.000000e+00 7.607899e+00 5.000000e+00 
7.608899e+00 7.608899e+00 7.608899e+00 5.000000e+00 7.608899e+00 5.000000e+00 7.608899e+00 5.000000e+00 
7.609899e+00 7.609899e+00 7.609899e+00 5.000000e+00 7.609899e+00 5.000000e+00 7.609899e+00 5.000000e+00 
7.610899e+00 7.610899e+00 7.610899e+00 5.000000e+00 7.610899e+00 5.000000e+00 7.610899e+00 5.000000e+00 
7.611899e+00 7.611899e+00 7.611899e+00 5.000000e+00 7.611899e+00 5.000000e+00 7.611899e+00 5.000000e+00 
7.612899e+00 7.612899e+00 7.612899e+00 5.000000e+00 7.612899e+00 5.000000e+00 7.612899e+00 5.000000e+00 
7.613899e+00 7.613899e+00 7.613899e+00 5.000000e+00 7.613899e+00 5.000000e+00 7.613899e+00 5.000000e+00 
7.614899e+00 7.614899e+00 7.614899e+00 5.000000e+00 7.614899e+00 5.000000e+00 7.614899e+00 5.000000e+00 
7.615899e+00 7.615899e+00 7.615899e+00 5.000000e+00 7.615899e+00 5.000000e+00 7.615899e+00 5.000000e+00 
7.616899e+00 7.616899e+00 7.616899e+00 5.000000e+00 7.616899e+00 5.000000e+00 7.616899e+00 5.000000e+00 
7.617899e+00 7.617899e+00 7.617899e+00 5.000000e+00 7.617899e+00 5.000000e+00 7.617899e+00 5.000000e+00 
7.618899e+00 7.618899e+00 7.618899e+00 5.000000e+00 7.618899e+00 5.000000e+00 7.618899e+00 5.000000e+00 
7.619899e+00 7.619899e+00 7.619899e+00 5.000000e+00 7.619899e+00 5.000000e+00 7.619899e+00 5.000000e+00 
7.620899e+00 7.620899e+00 7.620899e+00 5.000000e+00 7.620899e+00 5.000000e+00 7.620899e+00 5.000000e+00 
7.621899e+00 7.621899e+00 7.621899e+00 5.000000e+00 7.621899e+00 5.000000e+00 7.621899e+00 5.000000e+00 
7.622899e+00 7.622899e+00 7.622899e+00 5.000000e+00 7.622899e+00 5.000000e+00 7.622899e+00 5.000000e+00 
7.623899e+00 7.623899e+00 7.623899e+00 5.000000e+00 7.623899e+00 5.000000e+00 7.623899e+00 5.000000e+00 
7.624899e+00 7.624899e+00 7.624899e+00 5.000000e+00 7.624899e+00 5.000000e+00 7.624899e+00 5.000000e+00 
7.625899e+00 7.625899e+00 7.625899e+00 5.000000e+00 7.625899e+00 5.000000e+00 7.625899e+00 5.000000e+00 
7.626899e+00 7.626899e+00 7.626899e+00 5.000000e+00 7.626899e+00 5.000000e+00 7.626899e+00 5.000000e+00 
7.627899e+00 7.627899e+00 7.627899e+00 5.000000e+00 7.627899e+00 5.000000e+00 7.627899e+00 5.000000e+00 
7.628899e+00 7.628899e+00 7.628899e+00 5.000000e+00 7.628899e+00 5.000000e+00 7.628899e+00 5.000000e+00 
7.629899e+00 7.629899e+00 7.629899e+00 5.000000e+00 7.629899e+00 5.000000e+00 7.629899e+00 5.000000e+00 
7.630899e+00 7.630899e+00 7.630899e+00 5.000000e+00 7.630899e+00 5.000000e+00 7.630899e+00 5.000000e+00 
7.631899e+00 7.631899e+00 7.631899e+00 5.000000e+00 7.631899e+00 5.000000e+00 7.631899e+00 5.000000e+00 
7.632899e+00 7.632899e+00 7.632899e+00 5.000000e+00 7.632899e+00 5.000000e+00 7.632899e+00 5.000000e+00 
7.633899e+00 7.633899e+00 7.633899e+00 5.000000e+00 7.633899e+00 5.000000e+00 7.633899e+00 5.000000e+00 
7.634899e+00 7.634899e+00 7.634899e+00 5.000000e+00 7.634899e+00 5.000000e+00 7.634899e+00 5.000000e+00 
7.635899e+00 7.635899e+00 7.635899e+00 5.000000e+00 7.635899e+00 5.000000e+00 7.635899e+00 5.000000e+00 
7.636899e+00 7.636899e+00 7.636899e+00 5.000000e+00 7.636899e+00 5.000000e+00 7.636899e+00 5.000000e+00 
7.637899e+00 7.637899e+00 7.637899e+00 5.000000e+00 7.637899e+00 5.000000e+00 7.637899e+00 5.000000e+00 
7.638899e+00 7.638899e+00 7.638899e+00 5.000000e+00 7.638899e+00 5.000000e+00 7.638899e+00 5.000000e+00 
7.639899e+00 7.639899e+00 7.639899e+00 5.000000e+00 7.639899e+00 5.000000e+00 7.639899e+00 5.000000e+00 
7.640899e+00 7.640899e+00 7.640899e+00 5.000000e+00 7.640899e+00 5.000000e+00 7.640899e+00 5.000000e+00 
7.641899e+00 7.641899e+00 7.641899e+00 5.000000e+00 7.641899e+00 5.000000e+00 7.641899e+00 5.000000e+00 
7.642899e+00 7.642899e+00 7.642899e+00 5.000000e+00 7.642899e+00 5.000000e+00 7.642899e+00 5.000000e+00 
7.643899e+00 7.643899e+00 7.643899e+00 5.000000e+00 7.643899e+00 5.000000e+00 7.643899e+00 5.000000e+00 
7.644899e+00 7.644899e+00 7.644899e+00 5.000000e+00 7.644899e+00 5.000000e+00 7.644899e+00 5.000000e+00 
7.645899e+00 7.645899e+00 7.645899e+00 5.000000e+00 7.645899e+00 5.000000e+00 7.645899e+00 5.000000e+00 
7.646899e+00 7.646899e+00 7.646899e+00 5.000000e+00 7.646899e+00 5.000000e+00 7.646899e+00 5.000000e+00 
7.647899e+00 7.647899e+00 7.647899e+00 5.000000e+00 7.647899e+00 5.000000e+00 7.647899e+00 5.000000e+00 
7.648899e+00 7.648899e+00 7.648899e+00 5.000000e+00 7.648899e+00 5.000000e+00 7.648899e+00 5.000000e+00 
7.649899e+00 7.649899e+00 7.649899e+00 5.000000e+00 7.649899e+00 5.000000e+00 7.649899e+00 5.000000e+00 
7.650899e+00 7.650899e+00 7.650899e+00 5.000000e+00 7.650899e+00 5.000000e+00 7.650899e+00 5.000000e+00 
7.651899e+00 7.651899e+00 7.651899e+00 5.000000e+00 7.651899e+00 5.000000e+00 7.651899e+00 5.000000e+00 
7.652899e+00 7.652899e+00 7.652899e+00 5.000000e+00 7.652899e+00 5.000000e+00 7.652899e+00 5.000000e+00 
7.653899e+00 7.653899e+00 7.653899e+00 5.000000e+00 7.653899e+00 5.000000e+00 7.653899e+00 5.000000e+00 
7.654899e+00 7.654899e+00 7.654899e+00 5.000000e+00 7.654899e+00 5.000000e+00 7.654899e+00 5.000000e+00 
7.655899e+00 7.655899e+00 7.655899e+00 5.000000e+00 7.655899e+00 5.000000e+00 7.655899e+00 5.000000e+00 
7.656899e+00 7.656899e+00 7.656899e+00 5.000000e+00 7.656899e+00 5.000000e+00 7.656899e+00 5.000000e+00 
7.657899e+00 7.657899e+00 7.657899e+00 5.000000e+00 7.657899e+00 5.000000e+00 7.657899e+00 5.000000e+00 
7.658899e+00 7.658899e+00 7.658899e+00 5.000000e+00 7.658899e+00 5.000000e+00 7.658899e+00 5.000000e+00 
7.659899e+00 7.659899e+00 7.659899e+00 5.000000e+00 7.659899e+00 5.000000e+00 7.659899e+00 5.000000e+00 
7.660899e+00 7.660899e+00 7.660899e+00 5.000000e+00 7.660899e+00 5.000000e+00 7.660899e+00 5.000000e+00 
7.661899e+00 7.661899e+00 7.661899e+00 5.000000e+00 7.661899e+00 5.000000e+00 7.661899e+00 5.000000e+00 
7.662899e+00 7.662899e+00 7.662899e+00 5.000000e+00 7.662899e+00 5.000000e+00 7.662899e+00 5.000000e+00 
7.663899e+00 7.663899e+00 7.663899e+00 5.000000e+00 7.663899e+00 5.000000e+00 7.663899e+00 5.000000e+00 
7.664899e+00 7.664899e+00 7.664899e+00 5.000000e+00 7.664899e+00 5.000000e+00 7.664899e+00 5.000000e+00 
7.665899e+00 7.665899e+00 7.665899e+00 5.000000e+00 7.665899e+00 5.000000e+00 7.665899e+00 5.000000e+00 
7.666899e+00 7.666899e+00 7.666899e+00 5.000000e+00 7.666899e+00 5.000000e+00 7.666899e+00 5.000000e+00 
7.667899e+00 7.667899e+00 7.667899e+00 5.000000e+00 7.667899e+00 5.000000e+00 7.667899e+00 5.000000e+00 
7.668899e+00 7.668899e+00 7.668899e+00 5.000000e+00 7.668899e+00 5.000000e+00 7.668899e+00 5.000000e+00 
7.669899e+00 7.669899e+00 7.669899e+00 5.000000e+00 7.669899e+00 5.000000e+00 7.669899e+00 5.000000e+00 
7.670899e+00 7.670899e+00 7.670899e+00 5.000000e+00 7.670899e+00 5.000000e+00 7.670899e+00 5.000000e+00 
7.671899e+00 7.671899e+00 7.671899e+00 5.000000e+00 7.671899e+00 5.000000e+00 7.671899e+00 5.000000e+00 
7.672899e+00 7.672899e+00 7.672899e+00 5.000000e+00 7.672899e+00 5.000000e+00 7.672899e+00 5.000000e+00 
7.673899e+00 7.673899e+00 7.673899e+00 5.000000e+00 7.673899e+00 5.000000e+00 7.673899e+00 5.000000e+00 
7.674899e+00 7.674899e+00 7.674899e+00 5.000000e+00 7.674899e+00 5.000000e+00 7.674899e+00 5.000000e+00 
7.675899e+00 7.675899e+00 7.675899e+00 5.000000e+00 7.675899e+00 5.000000e+00 7.675899e+00 5.000000e+00 
7.676899e+00 7.676899e+00 7.676899e+00 5.000000e+00 7.676899e+00 5.000000e+00 7.676899e+00 5.000000e+00 
7.677899e+00 7.677899e+00 7.677899e+00 5.000000e+00 7.677899e+00 5.000000e+00 7.677899e+00 5.000000e+00 
7.678899e+00 7.678899e+00 7.678899e+00 5.000000e+00 7.678899e+00 5.000000e+00 7.678899e+00 5.000000e+00 
7.679899e+00 7.679899e+00 7.679899e+00 5.000000e+00 7.679899e+00 5.000000e+00 7.679899e+00 5.000000e+00 
7.680899e+00 7.680899e+00 7.680899e+00 5.000000e+00 7.680899e+00 5.000000e+00 7.680899e+00 5.000000e+00 
7.681899e+00 7.681899e+00 7.681899e+00 5.000000e+00 7.681899e+00 5.000000e+00 7.681899e+00 5.000000e+00 
7.682899e+00 7.682899e+00 7.682899e+00 5.000000e+00 7.682899e+00 5.000000e+00 7.682899e+00 5.000000e+00 
7.683899e+00 7.683899e+00 7.683899e+00 5.000000e+00 7.683899e+00 5.000000e+00 7.683899e+00 5.000000e+00 
7.684899e+00 7.684899e+00 7.684899e+00 5.000000e+00 7.684899e+00 5.000000e+00 7.684899e+00 5.000000e+00 
7.685899e+00 7.685899e+00 7.685899e+00 5.000000e+00 7.685899e+00 5.000000e+00 7.685899e+00 5.000000e+00 
7.686899e+00 7.686899e+00 7.686899e+00 5.000000e+00 7.686899e+00 5.000000e+00 7.686899e+00 5.000000e+00 
7.687899e+00 7.687899e+00 7.687899e+00 5.000000e+00 7.687899e+00 5.000000e+00 7.687899e+00 5.000000e+00 
7.688899e+00 7.688899e+00 7.688899e+00 5.000000e+00 7.688899e+00 5.000000e+00 7.688899e+00 5.000000e+00 
7.689899e+00 7.689899e+00 7.689899e+00 5.000000e+00 7.689899e+00 5.000000e+00 7.689899e+00 5.000000e+00 
7.690899e+00 7.690899e+00 7.690899e+00 5.000000e+00 7.690899e+00 5.000000e+00 7.690899e+00 5.000000e+00 
7.691899e+00 7.691899e+00 7.691899e+00 5.000000e+00 7.691899e+00 5.000000e+00 7.691899e+00 5.000000e+00 
7.692899e+00 7.692899e+00 7.692899e+00 5.000000e+00 7.692899e+00 5.000000e+00 7.692899e+00 5.000000e+00 
7.693899e+00 7.693899e+00 7.693899e+00 5.000000e+00 7.693899e+00 5.000000e+00 7.693899e+00 5.000000e+00 
7.694899e+00 7.694899e+00 7.694899e+00 5.000000e+00 7.694899e+00 5.000000e+00 7.694899e+00 5.000000e+00 
7.695899e+00 7.695899e+00 7.695899e+00 5.000000e+00 7.695899e+00 5.000000e+00 7.695899e+00 5.000000e+00 
7.696899e+00 7.696899e+00 7.696899e+00 5.000000e+00 7.696899e+00 5.000000e+00 7.696899e+00 5.000000e+00 
7.697899e+00 7.697899e+00 7.697899e+00 5.000000e+00 7.697899e+00 5.000000e+00 7.697899e+00 5.000000e+00 
7.698899e+00 7.698899e+00 7.698899e+00 5.000000e+00 7.698899e+00 5.000000e+00 7.698899e+00 5.000000e+00 
7.699899e+00 7.699899e+00 7.699899e+00 5.000000e+00 7.699899e+00 5.000000e+00 7.699899e+00 5.000000e+00 
7.700899e+00 7.700899e+00 7.700899e+00 5.000000e+00 7.700899e+00 5.000000e+00 7.700899e+00 5.000000e+00 
7.701899e+00 7.701899e+00 7.701899e+00 5.000000e+00 7.701899e+00 5.000000e+00 7.701899e+00 5.000000e+00 
7.702899e+00 7.702899e+00 7.702899e+00 5.000000e+00 7.702899e+00 5.000000e+00 7.702899e+00 5.000000e+00 
7.703899e+00 7.703899e+00 7.703899e+00 5.000000e+00 7.703899e+00 5.000000e+00 7.703899e+00 5.000000e+00 
7.704899e+00 7.704899e+00 7.704899e+00 5.000000e+00 7.704899e+00 5.000000e+00 7.704899e+00 5.000000e+00 
7.705899e+00 7.705899e+00 7.705899e+00 5.000000e+00 7.705899e+00 5.000000e+00 7.705899e+00 5.000000e+00 
7.706899e+00 7.706899e+00 7.706899e+00 5.000000e+00 7.706899e+00 5.000000e+00 7.706899e+00 5.000000e+00 
7.707899e+00 7.707899e+00 7.707899e+00 5.000000e+00 7.707899e+00 5.000000e+00 7.707899e+00 5.000000e+00 
7.708899e+00 7.708899e+00 7.708899e+00 5.000000e+00 7.708899e+00 5.000000e+00 7.708899e+00 5.000000e+00 
7.709899e+00 7.709899e+00 7.709899e+00 5.000000e+00 7.709899e+00 5.000000e+00 7.709899e+00 5.000000e+00 
7.710899e+00 7.710899e+00 7.710899e+00 5.000000e+00 7.710899e+00 5.000000e+00 7.710899e+00 5.000000e+00 
7.711899e+00 7.711899e+00 7.711899e+00 5.000000e+00 7.711899e+00 5.000000e+00 7.711899e+00 5.000000e+00 
7.712899e+00 7.712899e+00 7.712899e+00 5.000000e+00 7.712899e+00 5.000000e+00 7.712899e+00 5.000000e+00 
7.713899e+00 7.713899e+00 7.713899e+00 5.000000e+00 7.713899e+00 5.000000e+00 7.713899e+00 5.000000e+00 
7.714899e+00 7.714899e+00 7.714899e+00 5.000000e+00 7.714899e+00 5.000000e+00 7.714899e+00 5.000000e+00 
7.715899e+00 7.715899e+00 7.715899e+00 5.000000e+00 7.715899e+00 5.000000e+00 7.715899e+00 5.000000e+00 
7.716899e+00 7.716899e+00 7.716899e+00 5.000000e+00 7.716899e+00 5.000000e+00 7.716899e+00 5.000000e+00 
7.717899e+00 7.717899e+00 7.717899e+00 5.000000e+00 7.717899e+00 5.000000e+00 7.717899e+00 5.000000e+00 
7.718899e+00 7.718899e+00 7.718899e+00 5.000000e+00 7.718899e+00 5.000000e+00 7.718899e+00 5.000000e+00 
7.719899e+00 7.719899e+00 7.719899e+00 5.000000e+00 7.719899e+00 5.000000e+00 7.719899e+00 5.000000e+00 
7.720899e+00 7.720899e+00 7.720899e+00 5.000000e+00 7.720899e+00 5.000000e+00 7.720899e+00 5.000000e+00 
7.721899e+00 7.721899e+00 7.721899e+00 5.000000e+00 7.721899e+00 5.000000e+00 7.721899e+00 5.000000e+00 
7.722899e+00 7.722899e+00 7.722899e+00 5.000000e+00 7.722899e+00 5.000000e+00 7.722899e+00 5.000000e+00 
7.723899e+00 7.723899e+00 7.723899e+00 5.000000e+00 7.723899e+00 5.000000e+00 7.723899e+00 5.000000e+00 
7.724899e+00 7.724899e+00 7.724899e+00 5.000000e+00 7.724899e+00 5.000000e+00 7.724899e+00 5.000000e+00 
7.725899e+00 7.725899e+00 7.725899e+00 5.000000e+00 7.725899e+00 5.000000e+00 7.725899e+00 5.000000e+00 
7.726899e+00 7.726899e+00 7.726899e+00 5.000000e+00 7.726899e+00 5.000000e+00 7.726899e+00 5.000000e+00 
7.727899e+00 7.727899e+00 7.727899e+00 5.000000e+00 7.727899e+00 5.000000e+00 7.727899e+00 5.000000e+00 
7.728899e+00 7.728899e+00 7.728899e+00 5.000000e+00 7.728899e+00 5.000000e+00 7.728899e+00 5.000000e+00 
7.729899e+00 7.729899e+00 7.729899e+00 5.000000e+00 7.729899e+00 5.000000e+00 7.729899e+00 5.000000e+00 
7.730899e+00 7.730899e+00 7.730899e+00 5.000000e+00 7.730899e+00 5.000000e+00 7.730899e+00 5.000000e+00 
7.731899e+00 7.731899e+00 7.731899e+00 5.000000e+00 7.731899e+00 5.000000e+00 7.731899e+00 5.000000e+00 
7.732899e+00 7.732899e+00 7.732899e+00 5.000000e+00 7.732899e+00 5.000000e+00 7.732899e+00 5.000000e+00 
7.733899e+00 7.733899e+00 7.733899e+00 5.000000e+00 7.733899e+00 5.000000e+00 7.733899e+00 5.000000e+00 
7.734899e+00 7.734899e+00 7.734899e+00 5.000000e+00 7.734899e+00 5.000000e+00 7.734899e+00 5.000000e+00 
7.735899e+00 7.735899e+00 7.735899e+00 5.000000e+00 7.735899e+00 5.000000e+00 7.735899e+00 5.000000e+00 
7.736899e+00 7.736899e+00 7.736899e+00 5.000000e+00 7.736899e+00 5.000000e+00 7.736899e+00 5.000000e+00 
7.737899e+00 7.737899e+00 7.737899e+00 5.000000e+00 7.737899e+00 5.000000e+00 7.737899e+00 5.000000e+00 
7.738899e+00 7.738899e+00 7.738899e+00 5.000000e+00 7.738899e+00 5.000000e+00 7.738899e+00 5.000000e+00 
7.739899e+00 7.739899e+00 7.739899e+00 5.000000e+00 7.739899e+00 5.000000e+00 7.739899e+00 5.000000e+00 
7.740899e+00 7.740899e+00 7.740899e+00 5.000000e+00 7.740899e+00 5.000000e+00 7.740899e+00 5.000000e+00 
7.741899e+00 7.741899e+00 7.741899e+00 5.000000e+00 7.741899e+00 5.000000e+00 7.741899e+00 5.000000e+00 
7.742899e+00 7.742899e+00 7.742899e+00 5.000000e+00 7.742899e+00 5.000000e+00 7.742899e+00 5.000000e+00 
7.743899e+00 7.743899e+00 7.743899e+00 5.000000e+00 7.743899e+00 5.000000e+00 7.743899e+00 5.000000e+00 
7.744899e+00 7.744899e+00 7.744899e+00 5.000000e+00 7.744899e+00 5.000000e+00 7.744899e+00 5.000000e+00 
7.745899e+00 7.745899e+00 7.745899e+00 5.000000e+00 7.745899e+00 5.000000e+00 7.745899e+00 5.000000e+00 
7.746899e+00 7.746899e+00 7.746899e+00 5.000000e+00 7.746899e+00 5.000000e+00 7.746899e+00 5.000000e+00 
7.747899e+00 7.747899e+00 7.747899e+00 5.000000e+00 7.747899e+00 5.000000e+00 7.747899e+00 5.000000e+00 
7.748899e+00 7.748899e+00 7.748899e+00 5.000000e+00 7.748899e+00 5.000000e+00 7.748899e+00 5.000000e+00 
7.749899e+00 7.749899e+00 7.749899e+00 5.000000e+00 7.749899e+00 5.000000e+00 7.749899e+00 5.000000e+00 
7.750899e+00 7.750899e+00 7.750899e+00 5.000000e+00 7.750899e+00 5.000000e+00 7.750899e+00 5.000000e+00 
7.751899e+00 7.751899e+00 7.751899e+00 5.000000e+00 7.751899e+00 5.000000e+00 7.751899e+00 5.000000e+00 
7.752899e+00 7.752899e+00 7.752899e+00 5.000000e+00 7.752899e+00 5.000000e+00 7.752899e+00 5.000000e+00 
7.753899e+00 7.753899e+00 7.753899e+00 5.000000e+00 7.753899e+00 5.000000e+00 7.753899e+00 5.000000e+00 
7.754899e+00 7.754899e+00 7.754899e+00 5.000000e+00 7.754899e+00 5.000000e+00 7.754899e+00 5.000000e+00 
7.755899e+00 7.755899e+00 7.755899e+00 5.000000e+00 7.755899e+00 5.000000e+00 7.755899e+00 5.000000e+00 
7.756899e+00 7.756899e+00 7.756899e+00 5.000000e+00 7.756899e+00 5.000000e+00 7.756899e+00 5.000000e+00 
7.757899e+00 7.757899e+00 7.757899e+00 5.000000e+00 7.757899e+00 5.000000e+00 7.757899e+00 5.000000e+00 
7.758899e+00 7.758899e+00 7.758899e+00 5.000000e+00 7.758899e+00 5.000000e+00 7.758899e+00 5.000000e+00 
7.759899e+00 7.759899e+00 7.759899e+00 5.000000e+00 7.759899e+00 5.000000e+00 7.759899e+00 5.000000e+00 
7.760899e+00 7.760899e+00 7.760899e+00 5.000000e+00 7.760899e+00 5.000000e+00 7.760899e+00 5.000000e+00 
7.761899e+00 7.761899e+00 7.761899e+00 5.000000e+00 7.761899e+00 5.000000e+00 7.761899e+00 5.000000e+00 
7.762899e+00 7.762899e+00 7.762899e+00 5.000000e+00 7.762899e+00 5.000000e+00 7.762899e+00 5.000000e+00 
7.763899e+00 7.763899e+00 7.763899e+00 5.000000e+00 7.763899e+00 5.000000e+00 7.763899e+00 5.000000e+00 
7.764899e+00 7.764899e+00 7.764899e+00 5.000000e+00 7.764899e+00 5.000000e+00 7.764899e+00 5.000000e+00 
7.765899e+00 7.765899e+00 7.765899e+00 5.000000e+00 7.765899e+00 5.000000e+00 7.765899e+00 5.000000e+00 
7.766899e+00 7.766899e+00 7.766899e+00 5.000000e+00 7.766899e+00 5.000000e+00 7.766899e+00 5.000000e+00 
7.767899e+00 7.767899e+00 7.767899e+00 5.000000e+00 7.767899e+00 5.000000e+00 7.767899e+00 5.000000e+00 
7.768899e+00 7.768899e+00 7.768899e+00 5.000000e+00 7.768899e+00 5.000000e+00 7.768899e+00 5.000000e+00 
7.769899e+00 7.769899e+00 7.769899e+00 5.000000e+00 7.769899e+00 5.000000e+00 7.769899e+00 5.000000e+00 
7.770899e+00 7.770899e+00 7.770899e+00 5.000000e+00 7.770899e+00 5.000000e+00 7.770899e+00 5.000000e+00 
7.771899e+00 7.771899e+00 7.771899e+00 5.000000e+00 7.771899e+00 5.000000e+00 7.771899e+00 5.000000e+00 
7.772899e+00 7.772899e+00 7.772899e+00 5.000000e+00 7.772899e+00 5.000000e+00 7.772899e+00 5.000000e+00 
7.773899e+00 7.773899e+00 7.773899e+00 5.000000e+00 7.773899e+00 5.000000e+00 7.773899e+00 5.000000e+00 
7.774899e+00 7.774899e+00 7.774899e+00 5.000000e+00 7.774899e+00 5.000000e+00 7.774899e+00 5.000000e+00 
7.775899e+00 7.775899e+00 7.775899e+00 5.000000e+00 7.775899e+00 5.000000e+00 7.775899e+00 5.000000e+00 
7.776899e+00 7.776899e+00 7.776899e+00 5.000000e+00 7.776899e+00 5.000000e+00 7.776899e+00 5.000000e+00 
7.777899e+00 7.777899e+00 7.777899e+00 5.000000e+00 7.777899e+00 5.000000e+00 7.777899e+00 5.000000e+00 
7.778899e+00 7.778899e+00 7.778899e+00 5.000000e+00 7.778899e+00 5.000000e+00 7.778899e+00 5.000000e+00 
7.779899e+00 7.779899e+00 7.779899e+00 5.000000e+00 7.779899e+00 5.000000e+00 7.779899e+00 5.000000e+00 
7.780899e+00 7.780899e+00 7.780899e+00 5.000000e+00 7.780899e+00 5.000000e+00 7.780899e+00 5.000000e+00 
7.781899e+00 7.781899e+00 7.781899e+00 5.000000e+00 7.781899e+00 5.000000e+00 7.781899e+00 5.000000e+00 
7.782899e+00 7.782899e+00 7.782899e+00 5.000000e+00 7.782899e+00 5.000000e+00 7.782899e+00 5.000000e+00 
7.783899e+00 7.783899e+00 7.783899e+00 5.000000e+00 7.783899e+00 5.000000e+00 7.783899e+00 5.000000e+00 
7.784899e+00 7.784899e+00 7.784899e+00 5.000000e+00 7.784899e+00 5.000000e+00 7.784899e+00 5.000000e+00 
7.785899e+00 7.785899e+00 7.785899e+00 5.000000e+00 7.785899e+00 5.000000e+00 7.785899e+00 5.000000e+00 
7.786899e+00 7.786899e+00 7.786899e+00 5.000000e+00 7.786899e+00 5.000000e+00 7.786899e+00 5.000000e+00 
7.787899e+00 7.787899e+00 7.787899e+00 5.000000e+00 7.787899e+00 5.000000e+00 7.787899e+00 5.000000e+00 
7.788899e+00 7.788899e+00 7.788899e+00 5.000000e+00 7.788899e+00 5.000000e+00 7.788899e+00 5.000000e+00 
7.789899e+00 7.789899e+00 7.789899e+00 5.000000e+00 7.789899e+00 5.000000e+00 7.789899e+00 5.000000e+00 
7.790899e+00 7.790899e+00 7.790899e+00 5.000000e+00 7.790899e+00 5.000000e+00 7.790899e+00 5.000000e+00 
7.791899e+00 7.791899e+00 7.791899e+00 5.000000e+00 7.791899e+00 5.000000e+00 7.791899e+00 5.000000e+00 
7.792899e+00 7.792899e+00 7.792899e+00 5.000000e+00 7.792899e+00 5.000000e+00 7.792899e+00 5.000000e+00 
7.793899e+00 7.793899e+00 7.793899e+00 5.000000e+00 7.793899e+00 5.000000e+00 7.793899e+00 5.000000e+00 
7.794899e+00 7.794899e+00 7.794899e+00 5.000000e+00 7.794899e+00 5.000000e+00 7.794899e+00 5.000000e+00 
7.795899e+00 7.795899e+00 7.795899e+00 5.000000e+00 7.795899e+00 5.000000e+00 7.795899e+00 5.000000e+00 
7.796899e+00 7.796899e+00 7.796899e+00 5.000000e+00 7.796899e+00 5.000000e+00 7.796899e+00 5.000000e+00 
7.797899e+00 7.797899e+00 7.797899e+00 5.000000e+00 7.797899e+00 5.000000e+00 7.797899e+00 5.000000e+00 
7.798899e+00 7.798899e+00 7.798899e+00 5.000000e+00 7.798899e+00 5.000000e+00 7.798899e+00 5.000000e+00 
7.799899e+00 7.799899e+00 7.799899e+00 5.000000e+00 7.799899e+00 5.000000e+00 7.799899e+00 5.000000e+00 
7.800899e+00 7.800899e+00 7.800899e+00 5.000000e+00 7.800899e+00 5.000000e+00 7.800899e+00 5.000000e+00 
7.801899e+00 7.801899e+00 7.801899e+00 5.000000e+00 7.801899e+00 5.000000e+00 7.801899e+00 5.000000e+00 
7.802899e+00 7.802899e+00 7.802899e+00 5.000000e+00 7.802899e+00 5.000000e+00 7.802899e+00 5.000000e+00 
7.803899e+00 7.803899e+00 7.803899e+00 5.000000e+00 7.803899e+00 5.000000e+00 7.803899e+00 5.000000e+00 
7.804899e+00 7.804899e+00 7.804899e+00 5.000000e+00 7.804899e+00 5.000000e+00 7.804899e+00 5.000000e+00 
7.805899e+00 7.805899e+00 7.805899e+00 5.000000e+00 7.805899e+00 5.000000e+00 7.805899e+00 5.000000e+00 
7.806899e+00 7.806899e+00 7.806899e+00 5.000000e+00 7.806899e+00 5.000000e+00 7.806899e+00 5.000000e+00 
7.807899e+00 7.807899e+00 7.807899e+00 5.000000e+00 7.807899e+00 5.000000e+00 7.807899e+00 5.000000e+00 
7.808899e+00 7.808899e+00 7.808899e+00 5.000000e+00 7.808899e+00 5.000000e+00 7.808899e+00 5.000000e+00 
7.809899e+00 7.809899e+00 7.809899e+00 5.000000e+00 7.809899e+00 5.000000e+00 7.809899e+00 5.000000e+00 
7.810899e+00 7.810899e+00 7.810899e+00 5.000000e+00 7.810899e+00 5.000000e+00 7.810899e+00 5.000000e+00 
7.811899e+00 7.811899e+00 7.811899e+00 5.000000e+00 7.811899e+00 5.000000e+00 7.811899e+00 5.000000e+00 
7.812899e+00 7.812899e+00 7.812899e+00 5.000000e+00 7.812899e+00 5.000000e+00 7.812899e+00 5.000000e+00 
7.813899e+00 7.813899e+00 7.813899e+00 5.000000e+00 7.813899e+00 5.000000e+00 7.813899e+00 5.000000e+00 
7.814899e+00 7.814899e+00 7.814899e+00 5.000000e+00 7.814899e+00 5.000000e+00 7.814899e+00 5.000000e+00 
7.815899e+00 7.815899e+00 7.815899e+00 5.000000e+00 7.815899e+00 5.000000e+00 7.815899e+00 5.000000e+00 
7.816899e+00 7.816899e+00 7.816899e+00 5.000000e+00 7.816899e+00 5.000000e+00 7.816899e+00 5.000000e+00 
7.817899e+00 7.817899e+00 7.817899e+00 5.000000e+00 7.817899e+00 5.000000e+00 7.817899e+00 5.000000e+00 
7.818899e+00 7.818899e+00 7.818899e+00 5.000000e+00 7.818899e+00 5.000000e+00 7.818899e+00 5.000000e+00 
7.819899e+00 7.819899e+00 7.819899e+00 5.000000e+00 7.819899e+00 5.000000e+00 7.819899e+00 5.000000e+00 
7.820899e+00 7.820899e+00 7.820899e+00 5.000000e+00 7.820899e+00 5.000000e+00 7.820899e+00 5.000000e+00 
7.821899e+00 7.821899e+00 7.821899e+00 5.000000e+00 7.821899e+00 5.000000e+00 7.821899e+00 5.000000e+00 
7.822899e+00 7.822899e+00 7.822899e+00 5.000000e+00 7.822899e+00 5.000000e+00 7.822899e+00 5.000000e+00 
7.823899e+00 7.823899e+00 7.823899e+00 5.000000e+00 7.823899e+00 5.000000e+00 7.823899e+00 5.000000e+00 
7.824899e+00 7.824899e+00 7.824899e+00 5.000000e+00 7.824899e+00 5.000000e+00 7.824899e+00 5.000000e+00 
7.825899e+00 7.825899e+00 7.825899e+00 5.000000e+00 7.825899e+00 5.000000e+00 7.825899e+00 5.000000e+00 
7.826899e+00 7.826899e+00 7.826899e+00 5.000000e+00 7.826899e+00 5.000000e+00 7.826899e+00 5.000000e+00 
7.827899e+00 7.827899e+00 7.827899e+00 5.000000e+00 7.827899e+00 5.000000e+00 7.827899e+00 5.000000e+00 
7.828899e+00 7.828899e+00 7.828899e+00 5.000000e+00 7.828899e+00 5.000000e+00 7.828899e+00 5.000000e+00 
7.829899e+00 7.829899e+00 7.829899e+00 5.000000e+00 7.829899e+00 5.000000e+00 7.829899e+00 5.000000e+00 
7.830899e+00 7.830899e+00 7.830899e+00 5.000000e+00 7.830899e+00 5.000000e+00 7.830899e+00 5.000000e+00 
7.831899e+00 7.831899e+00 7.831899e+00 5.000000e+00 7.831899e+00 5.000000e+00 7.831899e+00 5.000000e+00 
7.832899e+00 7.832899e+00 7.832899e+00 5.000000e+00 7.832899e+00 5.000000e+00 7.832899e+00 5.000000e+00 
7.833899e+00 7.833899e+00 7.833899e+00 5.000000e+00 7.833899e+00 5.000000e+00 7.833899e+00 5.000000e+00 
7.834899e+00 7.834899e+00 7.834899e+00 5.000000e+00 7.834899e+00 5.000000e+00 7.834899e+00 5.000000e+00 
7.835899e+00 7.835899e+00 7.835899e+00 5.000000e+00 7.835899e+00 5.000000e+00 7.835899e+00 5.000000e+00 
7.836899e+00 7.836899e+00 7.836899e+00 5.000000e+00 7.836899e+00 5.000000e+00 7.836899e+00 5.000000e+00 
7.837899e+00 7.837899e+00 7.837899e+00 5.000000e+00 7.837899e+00 5.000000e+00 7.837899e+00 5.000000e+00 
7.838899e+00 7.838899e+00 7.838899e+00 5.000000e+00 7.838899e+00 5.000000e+00 7.838899e+00 5.000000e+00 
7.839899e+00 7.839899e+00 7.839899e+00 5.000000e+00 7.839899e+00 5.000000e+00 7.839899e+00 5.000000e+00 
7.840899e+00 7.840899e+00 7.840899e+00 5.000000e+00 7.840899e+00 5.000000e+00 7.840899e+00 5.000000e+00 
7.841899e+00 7.841899e+00 7.841899e+00 5.000000e+00 7.841899e+00 5.000000e+00 7.841899e+00 5.000000e+00 
7.842899e+00 7.842899e+00 7.842899e+00 5.000000e+00 7.842899e+00 5.000000e+00 7.842899e+00 5.000000e+00 
7.843899e+00 7.843899e+00 7.843899e+00 5.000000e+00 7.843899e+00 5.000000e+00 7.843899e+00 5.000000e+00 
7.844899e+00 7.844899e+00 7.844899e+00 5.000000e+00 7.844899e+00 5.000000e+00 7.844899e+00 5.000000e+00 
7.845899e+00 7.845899e+00 7.845899e+00 5.000000e+00 7.845899e+00 5.000000e+00 7.845899e+00 5.000000e+00 
7.846899e+00 7.846899e+00 7.846899e+00 5.000000e+00 7.846899e+00 5.000000e+00 7.846899e+00 5.000000e+00 
7.847899e+00 7.847899e+00 7.847899e+00 5.000000e+00 7.847899e+00 5.000000e+00 7.847899e+00 5.000000e+00 
7.848899e+00 7.848899e+00 7.848899e+00 5.000000e+00 7.848899e+00 5.000000e+00 7.848899e+00 5.000000e+00 
7.849899e+00 7.849899e+00 7.849899e+00 5.000000e+00 7.849899e+00 5.000000e+00 7.849899e+00 5.000000e+00 
7.850899e+00 7.850899e+00 7.850899e+00 5.000000e+00 7.850899e+00 5.000000e+00 7.850899e+00 5.000000e+00 
7.851899e+00 7.851899e+00 7.851899e+00 5.000000e+00 7.851899e+00 5.000000e+00 7.851899e+00 5.000000e+00 
7.852899e+00 7.852899e+00 7.852899e+00 5.000000e+00 7.852899e+00 5.000000e+00 7.852899e+00 5.000000e+00 
7.853899e+00 7.853899e+00 7.853899e+00 5.000000e+00 7.853899e+00 5.000000e+00 7.853899e+00 5.000000e+00 
7.854899e+00 7.854899e+00 7.854899e+00 5.000000e+00 7.854899e+00 5.000000e+00 7.854899e+00 5.000000e+00 
7.855899e+00 7.855899e+00 7.855899e+00 5.000000e+00 7.855899e+00 5.000000e+00 7.855899e+00 5.000000e+00 
7.856899e+00 7.856899e+00 7.856899e+00 5.000000e+00 7.856899e+00 5.000000e+00 7.856899e+00 5.000000e+00 
7.857899e+00 7.857899e+00 7.857899e+00 5.000000e+00 7.857899e+00 5.000000e+00 7.857899e+00 5.000000e+00 
7.858899e+00 7.858899e+00 7.858899e+00 5.000000e+00 7.858899e+00 5.000000e+00 7.858899e+00 5.000000e+00 
7.859899e+00 7.859899e+00 7.859899e+00 5.000000e+00 7.859899e+00 5.000000e+00 7.859899e+00 5.000000e+00 
7.860899e+00 7.860899e+00 7.860899e+00 5.000000e+00 7.860899e+00 5.000000e+00 7.860899e+00 5.000000e+00 
7.861899e+00 7.861899e+00 7.861899e+00 5.000000e+00 7.861899e+00 5.000000e+00 7.861899e+00 5.000000e+00 
7.862899e+00 7.862899e+00 7.862899e+00 5.000000e+00 7.862899e+00 5.000000e+00 7.862899e+00 5.000000e+00 
7.863899e+00 7.863899e+00 7.863899e+00 5.000000e+00 7.863899e+00 5.000000e+00 7.863899e+00 5.000000e+00 
7.864899e+00 7.864899e+00 7.864899e+00 5.000000e+00 7.864899e+00 5.000000e+00 7.864899e+00 5.000000e+00 
7.865899e+00 7.865899e+00 7.865899e+00 5.000000e+00 7.865899e+00 5.000000e+00 7.865899e+00 5.000000e+00 
7.866899e+00 7.866899e+00 7.866899e+00 5.000000e+00 7.866899e+00 5.000000e+00 7.866899e+00 5.000000e+00 
7.867899e+00 7.867899e+00 7.867899e+00 5.000000e+00 7.867899e+00 5.000000e+00 7.867899e+00 5.000000e+00 
7.868899e+00 7.868899e+00 7.868899e+00 5.000000e+00 7.868899e+00 5.000000e+00 7.868899e+00 5.000000e+00 
7.869899e+00 7.869899e+00 7.869899e+00 5.000000e+00 7.869899e+00 5.000000e+00 7.869899e+00 5.000000e+00 
7.870899e+00 7.870899e+00 7.870899e+00 5.000000e+00 7.870899e+00 5.000000e+00 7.870899e+00 5.000000e+00 
7.871899e+00 7.871899e+00 7.871899e+00 5.000000e+00 7.871899e+00 5.000000e+00 7.871899e+00 5.000000e+00 
7.872899e+00 7.872899e+00 7.872899e+00 5.000000e+00 7.872899e+00 5.000000e+00 7.872899e+00 5.000000e+00 
7.873899e+00 7.873899e+00 7.873899e+00 5.000000e+00 7.873899e+00 5.000000e+00 7.873899e+00 5.000000e+00 
7.874899e+00 7.874899e+00 7.874899e+00 5.000000e+00 7.874899e+00 5.000000e+00 7.874899e+00 5.000000e+00 
7.875899e+00 7.875899e+00 7.875899e+00 5.000000e+00 7.875899e+00 5.000000e+00 7.875899e+00 5.000000e+00 
7.876899e+00 7.876899e+00 7.876899e+00 5.000000e+00 7.876899e+00 5.000000e+00 7.876899e+00 5.000000e+00 
7.877899e+00 7.877899e+00 7.877899e+00 5.000000e+00 7.877899e+00 5.000000e+00 7.877899e+00 5.000000e+00 
7.878899e+00 7.878899e+00 7.878899e+00 5.000000e+00 7.878899e+00 5.000000e+00 7.878899e+00 5.000000e+00 
7.879899e+00 7.879899e+00 7.879899e+00 5.000000e+00 7.879899e+00 5.000000e+00 7.879899e+00 5.000000e+00 
7.880899e+00 7.880899e+00 7.880899e+00 5.000000e+00 7.880899e+00 5.000000e+00 7.880899e+00 5.000000e+00 
7.881899e+00 7.881899e+00 7.881899e+00 5.000000e+00 7.881899e+00 5.000000e+00 7.881899e+00 5.000000e+00 
7.882899e+00 7.882899e+00 7.882899e+00 5.000000e+00 7.882899e+00 5.000000e+00 7.882899e+00 5.000000e+00 
7.883899e+00 7.883899e+00 7.883899e+00 5.000000e+00 7.883899e+00 5.000000e+00 7.883899e+00 5.000000e+00 
7.884899e+00 7.884899e+00 7.884899e+00 5.000000e+00 7.884899e+00 5.000000e+00 7.884899e+00 5.000000e+00 
7.885899e+00 7.885899e+00 7.885899e+00 5.000000e+00 7.885899e+00 5.000000e+00 7.885899e+00 5.000000e+00 
7.886899e+00 7.886899e+00 7.886899e+00 5.000000e+00 7.886899e+00 5.000000e+00 7.886899e+00 5.000000e+00 
7.887899e+00 7.887899e+00 7.887899e+00 5.000000e+00 7.887899e+00 5.000000e+00 7.887899e+00 5.000000e+00 
7.888899e+00 7.888899e+00 7.888899e+00 5.000000e+00 7.888899e+00 5.000000e+00 7.888899e+00 5.000000e+00 
7.889899e+00 7.889899e+00 7.889899e+00 5.000000e+00 7.889899e+00 5.000000e+00 7.889899e+00 5.000000e+00 
7.890899e+00 7.890899e+00 7.890899e+00 5.000000e+00 7.890899e+00 5.000000e+00 7.890899e+00 5.000000e+00 
7.891899e+00 7.891899e+00 7.891899e+00 5.000000e+00 7.891899e+00 5.000000e+00 7.891899e+00 5.000000e+00 
7.892899e+00 7.892899e+00 7.892899e+00 5.000000e+00 7.892899e+00 5.000000e+00 7.892899e+00 5.000000e+00 
7.893899e+00 7.893899e+00 7.893899e+00 5.000000e+00 7.893899e+00 5.000000e+00 7.893899e+00 5.000000e+00 
7.894899e+00 7.894899e+00 7.894899e+00 5.000000e+00 7.894899e+00 5.000000e+00 7.894899e+00 5.000000e+00 
7.895899e+00 7.895899e+00 7.895899e+00 5.000000e+00 7.895899e+00 5.000000e+00 7.895899e+00 5.000000e+00 
7.896899e+00 7.896899e+00 7.896899e+00 5.000000e+00 7.896899e+00 5.000000e+00 7.896899e+00 5.000000e+00 
7.897899e+00 7.897899e+00 7.897899e+00 5.000000e+00 7.897899e+00 5.000000e+00 7.897899e+00 5.000000e+00 
7.898899e+00 7.898899e+00 7.898899e+00 5.000000e+00 7.898899e+00 5.000000e+00 7.898899e+00 5.000000e+00 
7.899899e+00 7.899899e+00 7.899899e+00 5.000000e+00 7.899899e+00 5.000000e+00 7.899899e+00 5.000000e+00 
7.900899e+00 7.900899e+00 7.900899e+00 5.000000e+00 7.900899e+00 5.000000e+00 7.900899e+00 5.000000e+00 
7.901899e+00 7.901899e+00 7.901899e+00 5.000000e+00 7.901899e+00 5.000000e+00 7.901899e+00 5.000000e+00 
7.902899e+00 7.902899e+00 7.902899e+00 5.000000e+00 7.902899e+00 5.000000e+00 7.902899e+00 5.000000e+00 
7.903899e+00 7.903899e+00 7.903899e+00 5.000000e+00 7.903899e+00 5.000000e+00 7.903899e+00 5.000000e+00 
7.904899e+00 7.904899e+00 7.904899e+00 5.000000e+00 7.904899e+00 5.000000e+00 7.904899e+00 5.000000e+00 
7.905899e+00 7.905899e+00 7.905899e+00 5.000000e+00 7.905899e+00 5.000000e+00 7.905899e+00 5.000000e+00 
7.906899e+00 7.906899e+00 7.906899e+00 5.000000e+00 7.906899e+00 5.000000e+00 7.906899e+00 5.000000e+00 
7.907899e+00 7.907899e+00 7.907899e+00 5.000000e+00 7.907899e+00 5.000000e+00 7.907899e+00 5.000000e+00 
7.908899e+00 7.908899e+00 7.908899e+00 5.000000e+00 7.908899e+00 5.000000e+00 7.908899e+00 5.000000e+00 
7.909899e+00 7.909899e+00 7.909899e+00 5.000000e+00 7.909899e+00 5.000000e+00 7.909899e+00 5.000000e+00 
7.910899e+00 7.910899e+00 7.910899e+00 5.000000e+00 7.910899e+00 5.000000e+00 7.910899e+00 5.000000e+00 
7.911899e+00 7.911899e+00 7.911899e+00 5.000000e+00 7.911899e+00 5.000000e+00 7.911899e+00 5.000000e+00 
7.912899e+00 7.912899e+00 7.912899e+00 5.000000e+00 7.912899e+00 5.000000e+00 7.912899e+00 5.000000e+00 
7.913899e+00 7.913899e+00 7.913899e+00 5.000000e+00 7.913899e+00 5.000000e+00 7.913899e+00 5.000000e+00 
7.914899e+00 7.914899e+00 7.914899e+00 5.000000e+00 7.914899e+00 5.000000e+00 7.914899e+00 5.000000e+00 
7.915899e+00 7.915899e+00 7.915899e+00 5.000000e+00 7.915899e+00 5.000000e+00 7.915899e+00 5.000000e+00 
7.916899e+00 7.916899e+00 7.916899e+00 5.000000e+00 7.916899e+00 5.000000e+00 7.916899e+00 5.000000e+00 
7.917899e+00 7.917899e+00 7.917899e+00 5.000000e+00 7.917899e+00 5.000000e+00 7.917899e+00 5.000000e+00 
7.918899e+00 7.918899e+00 7.918899e+00 5.000000e+00 7.918899e+00 5.000000e+00 7.918899e+00 5.000000e+00 
7.919899e+00 7.919899e+00 7.919899e+00 5.000000e+00 7.919899e+00 5.000000e+00 7.919899e+00 5.000000e+00 
7.920899e+00 7.920899e+00 7.920899e+00 5.000000e+00 7.920899e+00 5.000000e+00 7.920899e+00 5.000000e+00 
7.921899e+00 7.921899e+00 7.921899e+00 5.000000e+00 7.921899e+00 5.000000e+00 7.921899e+00 5.000000e+00 
7.922899e+00 7.922899e+00 7.922899e+00 5.000000e+00 7.922899e+00 5.000000e+00 7.922899e+00 5.000000e+00 
7.923899e+00 7.923899e+00 7.923899e+00 5.000000e+00 7.923899e+00 5.000000e+00 7.923899e+00 5.000000e+00 
7.924899e+00 7.924899e+00 7.924899e+00 5.000000e+00 7.924899e+00 5.000000e+00 7.924899e+00 5.000000e+00 
7.925899e+00 7.925899e+00 7.925899e+00 5.000000e+00 7.925899e+00 5.000000e+00 7.925899e+00 5.000000e+00 
7.926899e+00 7.926899e+00 7.926899e+00 5.000000e+00 7.926899e+00 5.000000e+00 7.926899e+00 5.000000e+00 
7.927899e+00 7.927899e+00 7.927899e+00 5.000000e+00 7.927899e+00 5.000000e+00 7.927899e+00 5.000000e+00 
7.928899e+00 7.928899e+00 7.928899e+00 5.000000e+00 7.928899e+00 5.000000e+00 7.928899e+00 5.000000e+00 
7.929899e+00 7.929899e+00 7.929899e+00 5.000000e+00 7.929899e+00 5.000000e+00 7.929899e+00 5.000000e+00 
7.930899e+00 7.930899e+00 7.930899e+00 5.000000e+00 7.930899e+00 5.000000e+00 7.930899e+00 5.000000e+00 
7.931899e+00 7.931899e+00 7.931899e+00 5.000000e+00 7.931899e+00 5.000000e+00 7.931899e+00 5.000000e+00 
7.932899e+00 7.932899e+00 7.932899e+00 5.000000e+00 7.932899e+00 5.000000e+00 7.932899e+00 5.000000e+00 
7.933899e+00 7.933899e+00 7.933899e+00 5.000000e+00 7.933899e+00 5.000000e+00 7.933899e+00 5.000000e+00 
7.934899e+00 7.934899e+00 7.934899e+00 5.000000e+00 7.934899e+00 5.000000e+00 7.934899e+00 5.000000e+00 
7.935899e+00 7.935899e+00 7.935899e+00 5.000000e+00 7.935899e+00 5.000000e+00 7.935899e+00 5.000000e+00 
7.936899e+00 7.936899e+00 7.936899e+00 5.000000e+00 7.936899e+00 5.000000e+00 7.936899e+00 5.000000e+00 
7.937899e+00 7.937899e+00 7.937899e+00 5.000000e+00 7.937899e+00 5.000000e+00 7.937899e+00 5.000000e+00 
7.938899e+00 7.938899e+00 7.938899e+00 5.000000e+00 7.938899e+00 5.000000e+00 7.938899e+00 5.000000e+00 
7.939899e+00 7.939899e+00 7.939899e+00 5.000000e+00 7.939899e+00 5.000000e+00 7.939899e+00 5.000000e+00 
7.940899e+00 7.940899e+00 7.940899e+00 5.000000e+00 7.940899e+00 5.000000e+00 7.940899e+00 5.000000e+00 
7.941899e+00 7.941899e+00 7.941899e+00 5.000000e+00 7.941899e+00 5.000000e+00 7.941899e+00 5.000000e+00 
7.942899e+00 7.942899e+00 7.942899e+00 5.000000e+00 7.942899e+00 5.000000e+00 7.942899e+00 5.000000e+00 
7.943899e+00 7.943899e+00 7.943899e+00 5.000000e+00 7.943899e+00 5.000000e+00 7.943899e+00 5.000000e+00 
7.944899e+00 7.944899e+00 7.944899e+00 5.000000e+00 7.944899e+00 5.000000e+00 7.944899e+00 5.000000e+00 
7.945899e+00 7.945899e+00 7.945899e+00 5.000000e+00 7.945899e+00 5.000000e+00 7.945899e+00 5.000000e+00 
7.946899e+00 7.946899e+00 7.946899e+00 5.000000e+00 7.946899e+00 5.000000e+00 7.946899e+00 5.000000e+00 
7.947899e+00 7.947899e+00 7.947899e+00 5.000000e+00 7.947899e+00 5.000000e+00 7.947899e+00 5.000000e+00 
7.948899e+00 7.948899e+00 7.948899e+00 5.000000e+00 7.948899e+00 5.000000e+00 7.948899e+00 5.000000e+00 
7.949899e+00 7.949899e+00 7.949899e+00 5.000000e+00 7.949899e+00 5.000000e+00 7.949899e+00 5.000000e+00 
7.950899e+00 7.950899e+00 7.950899e+00 5.000000e+00 7.950899e+00 5.000000e+00 7.950899e+00 5.000000e+00 
7.951899e+00 7.951899e+00 7.951899e+00 5.000000e+00 7.951899e+00 5.000000e+00 7.951899e+00 5.000000e+00 
7.952899e+00 7.952899e+00 7.952899e+00 5.000000e+00 7.952899e+00 5.000000e+00 7.952899e+00 5.000000e+00 
7.953899e+00 7.953899e+00 7.953899e+00 5.000000e+00 7.953899e+00 5.000000e+00 7.953899e+00 5.000000e+00 
7.954899e+00 7.954899e+00 7.954899e+00 5.000000e+00 7.954899e+00 5.000000e+00 7.954899e+00 5.000000e+00 
7.955899e+00 7.955899e+00 7.955899e+00 5.000000e+00 7.955899e+00 5.000000e+00 7.955899e+00 5.000000e+00 
7.956899e+00 7.956899e+00 7.956899e+00 5.000000e+00 7.956899e+00 5.000000e+00 7.956899e+00 5.000000e+00 
7.957899e+00 7.957899e+00 7.957899e+00 5.000000e+00 7.957899e+00 5.000000e+00 7.957899e+00 5.000000e+00 
7.958899e+00 7.958899e+00 7.958899e+00 5.000000e+00 7.958899e+00 5.000000e+00 7.958899e+00 5.000000e+00 
7.959899e+00 7.959899e+00 7.959899e+00 5.000000e+00 7.959899e+00 5.000000e+00 7.959899e+00 5.000000e+00 
7.960899e+00 7.960899e+00 7.960899e+00 5.000000e+00 7.960899e+00 5.000000e+00 7.960899e+00 5.000000e+00 
7.961899e+00 7.961899e+00 7.961899e+00 5.000000e+00 7.961899e+00 5.000000e+00 7.961899e+00 5.000000e+00 
7.962899e+00 7.962899e+00 7.962899e+00 5.000000e+00 7.962899e+00 5.000000e+00 7.962899e+00 5.000000e+00 
7.963899e+00 7.963899e+00 7.963899e+00 5.000000e+00 7.963899e+00 5.000000e+00 7.963899e+00 5.000000e+00 
7.964899e+00 7.964899e+00 7.964899e+00 5.000000e+00 7.964899e+00 5.000000e+00 7.964899e+00 5.000000e+00 
7.965899e+00 7.965899e+00 7.965899e+00 5.000000e+00 7.965899e+00 5.000000e+00 7.965899e+00 5.000000e+00 
7.966899e+00 7.966899e+00 7.966899e+00 5.000000e+00 7.966899e+00 5.000000e+00 7.966899e+00 5.000000e+00 
7.967899e+00 7.967899e+00 7.967899e+00 5.000000e+00 7.967899e+00 5.000000e+00 7.967899e+00 5.000000e+00 
7.968899e+00 7.968899e+00 7.968899e+00 5.000000e+00 7.968899e+00 5.000000e+00 7.968899e+00 5.000000e+00 
7.969899e+00 7.969899e+00 7.969899e+00 5.000000e+00 7.969899e+00 5.000000e+00 7.969899e+00 5.000000e+00 
7.970899e+00 7.970899e+00 7.970899e+00 5.000000e+00 7.970899e+00 5.000000e+00 7.970899e+00 5.000000e+00 
7.971899e+00 7.971899e+00 7.971899e+00 5.000000e+00 7.971899e+00 5.000000e+00 7.971899e+00 5.000000e+00 
7.972899e+00 7.972899e+00 7.972899e+00 5.000000e+00 7.972899e+00 5.000000e+00 7.972899e+00 5.000000e+00 
7.973899e+00 7.973899e+00 7.973899e+00 5.000000e+00 7.973899e+00 5.000000e+00 7.973899e+00 5.000000e+00 
7.974899e+00 7.974899e+00 7.974899e+00 5.000000e+00 7.974899e+00 5.000000e+00 7.974899e+00 5.000000e+00 
7.975899e+00 7.975899e+00 7.975899e+00 5.000000e+00 7.975899e+00 5.000000e+00 7.975899e+00 5.000000e+00 
7.976899e+00 7.976899e+00 7.976899e+00 5.000000e+00 7.976899e+00 5.000000e+00 7.976899e+00 5.000000e+00 
7.977899e+00 7.977899e+00 7.977899e+00 5.000000e+00 7.977899e+00 5.000000e+00 7.977899e+00 5.000000e+00 
7.978899e+00 7.978899e+00 7.978899e+00 5.000000e+00 7.978899e+00 5.000000e+00 7.978899e+00 5.000000e+00 
7.979899e+00 7.979899e+00 7.979899e+00 5.000000e+00 7.979899e+00 5.000000e+00 7.979899e+00 5.000000e+00 
7.980899e+00 7.980899e+00 7.980899e+00 5.000000e+00 7.980899e+00 5.000000e+00 7.980899e+00 5.000000e+00 
7.981899e+00 7.981899e+00 7.981899e+00 5.000000e+00 7.981899e+00 5.000000e+00 7.981899e+00 5.000000e+00 
7.982899e+00 7.982899e+00 7.982899e+00 5.000000e+00 7.982899e+00 5.000000e+00 7.982899e+00 5.000000e+00 
7.983899e+00 7.983899e+00 7.983899e+00 5.000000e+00 7.983899e+00 5.000000e+00 7.983899e+00 5.000000e+00 
7.984899e+00 7.984899e+00 7.984899e+00 5.000000e+00 7.984899e+00 5.000000e+00 7.984899e+00 5.000000e+00 
7.985899e+00 7.985899e+00 7.985899e+00 5.000000e+00 7.985899e+00 5.000000e+00 7.985899e+00 5.000000e+00 
7.986899e+00 7.986899e+00 7.986899e+00 5.000000e+00 7.986899e+00 5.000000e+00 7.986899e+00 5.000000e+00 
7.987899e+00 7.987899e+00 7.987899e+00 5.000000e+00 7.987899e+00 5.000000e+00 7.987899e+00 5.000000e+00 
7.988899e+00 7.988899e+00 7.988899e+00 5.000000e+00 7.988899e+00 5.000000e+00 7.988899e+00 5.000000e+00 
7.989899e+00 7.989899e+00 7.989899e+00 5.000000e+00 7.989899e+00 5.000000e+00 7.989899e+00 5.000000e+00 
7.990899e+00 7.990899e+00 7.990899e+00 5.000000e+00 7.990899e+00 5.000000e+00 7.990899e+00 5.000000e+00 
7.991899e+00 7.991899e+00 7.991899e+00 5.000000e+00 7.991899e+00 5.000000e+00 7.991899e+00 5.000000e+00 
7.992899e+00 7.992899e+00 7.992899e+00 5.000000e+00 7.992899e+00 5.000000e+00 7.992899e+00 5.000000e+00 
7.993899e+00 7.993899e+00 7.993899e+00 5.000000e+00 7.993899e+00 5.000000e+00 7.993899e+00 5.000000e+00 
7.994899e+00 7.994899e+00 7.994899e+00 5.000000e+00 7.994899e+00 5.000000e+00 7.994899e+00 5.000000e+00 
7.995899e+00 7.995899e+00 7.995899e+00 5.000000e+00 7.995899e+00 5.000000e+00 7.995899e+00 5.000000e+00 
7.996899e+00 7.996899e+00 7.996899e+00 5.000000e+00 7.996899e+00 5.000000e+00 7.996899e+00 5.000000e+00 
7.997899e+00 7.997899e+00 7.997899e+00 5.000000e+00 7.997899e+00 5.000000e+00 7.997899e+00 5.000000e+00 
7.998899e+00 7.998899e+00 7.998899e+00 5.000000e+00 7.998899e+00 5.000000e+00 7.998899e+00 5.000000e+00 
7.999899e+00 7.999899e+00 7.999899e+00 5.000000e+00 7.999899e+00 5.000000e+00 7.999899e+00 5.000000e+00 
8.000000e+00 8.000000e+00 8.000000e+00 5.000000e+00 8.000000e+00 5.000000e+00 8.000000e+00 5.000000e+00 
