2.970003e+00 5.000000e+00 2.970003e+00 4.816288e+00 2.970003e+00 0.000000e+00 
2.970013e+00 5.000000e+00 2.970013e+00 4.816288e+00 2.970013e+00 0.000000e+00 
2.970023e+00 5.000000e+00 2.970023e+00 4.816288e+00 2.970023e+00 0.000000e+00 
2.970033e+00 5.000000e+00 2.970033e+00 4.816288e+00 2.970033e+00 0.000000e+00 
2.970043e+00 5.000000e+00 2.970043e+00 4.816288e+00 2.970043e+00 0.000000e+00 
2.970053e+00 5.000000e+00 2.970053e+00 4.816288e+00 2.970053e+00 0.000000e+00 
2.970063e+00 5.000000e+00 2.970063e+00 4.816288e+00 2.970063e+00 0.000000e+00 
2.970073e+00 5.000000e+00 2.970073e+00 4.816288e+00 2.970073e+00 0.000000e+00 
2.970083e+00 5.000000e+00 2.970083e+00 4.816288e+00 2.970083e+00 0.000000e+00 
2.970093e+00 5.000000e+00 2.970093e+00 4.816288e+00 2.970093e+00 0.000000e+00 
2.970103e+00 5.000000e+00 2.970103e+00 4.816288e+00 2.970103e+00 0.000000e+00 
2.970113e+00 5.000000e+00 2.970113e+00 4.816288e+00 2.970113e+00 0.000000e+00 
2.970123e+00 5.000000e+00 2.970123e+00 4.816288e+00 2.970123e+00 0.000000e+00 
2.970133e+00 5.000000e+00 2.970133e+00 4.816288e+00 2.970133e+00 0.000000e+00 
2.970143e+00 5.000000e+00 2.970143e+00 4.816288e+00 2.970143e+00 0.000000e+00 
2.970153e+00 5.000000e+00 2.970153e+00 4.816288e+00 2.970153e+00 0.000000e+00 
2.970163e+00 5.000000e+00 2.970163e+00 4.816288e+00 2.970163e+00 0.000000e+00 
2.970173e+00 5.000000e+00 2.970173e+00 4.816288e+00 2.970173e+00 0.000000e+00 
2.970183e+00 5.000000e+00 2.970183e+00 4.816288e+00 2.970183e+00 0.000000e+00 
2.970193e+00 5.000000e+00 2.970193e+00 4.816288e+00 2.970193e+00 0.000000e+00 
2.970203e+00 5.000000e+00 2.970203e+00 4.816288e+00 2.970203e+00 0.000000e+00 
2.970213e+00 5.000000e+00 2.970213e+00 4.816288e+00 2.970213e+00 0.000000e+00 
2.970223e+00 5.000000e+00 2.970223e+00 4.816288e+00 2.970223e+00 0.000000e+00 
2.970233e+00 5.000000e+00 2.970233e+00 4.816288e+00 2.970233e+00 0.000000e+00 
2.970243e+00 5.000000e+00 2.970243e+00 4.816288e+00 2.970243e+00 0.000000e+00 
2.970253e+00 5.000000e+00 2.970253e+00 4.816288e+00 2.970253e+00 0.000000e+00 
2.970263e+00 5.000000e+00 2.970263e+00 4.816288e+00 2.970263e+00 0.000000e+00 
2.970273e+00 5.000000e+00 2.970273e+00 4.816288e+00 2.970273e+00 0.000000e+00 
2.970283e+00 5.000000e+00 2.970283e+00 4.816288e+00 2.970283e+00 0.000000e+00 
2.970293e+00 5.000000e+00 2.970293e+00 4.816288e+00 2.970293e+00 0.000000e+00 
2.970303e+00 5.000000e+00 2.970303e+00 4.816288e+00 2.970303e+00 0.000000e+00 
2.970313e+00 5.000000e+00 2.970313e+00 4.816288e+00 2.970313e+00 0.000000e+00 
2.970323e+00 5.000000e+00 2.970323e+00 4.816288e+00 2.970323e+00 0.000000e+00 
2.970333e+00 5.000000e+00 2.970333e+00 4.816288e+00 2.970333e+00 0.000000e+00 
2.970343e+00 5.000000e+00 2.970343e+00 4.816288e+00 2.970343e+00 0.000000e+00 
2.970353e+00 5.000000e+00 2.970353e+00 4.816288e+00 2.970353e+00 0.000000e+00 
2.970363e+00 5.000000e+00 2.970363e+00 4.816288e+00 2.970363e+00 0.000000e+00 
2.970373e+00 5.000000e+00 2.970373e+00 4.816288e+00 2.970373e+00 0.000000e+00 
2.970383e+00 5.000000e+00 2.970383e+00 4.816288e+00 2.970383e+00 0.000000e+00 
2.970393e+00 5.000000e+00 2.970393e+00 4.816288e+00 2.970393e+00 0.000000e+00 
2.970403e+00 5.000000e+00 2.970403e+00 4.816288e+00 2.970403e+00 0.000000e+00 
2.970413e+00 5.000000e+00 2.970413e+00 4.816288e+00 2.970413e+00 0.000000e+00 
2.970423e+00 5.000000e+00 2.970423e+00 4.816288e+00 2.970423e+00 0.000000e+00 
2.970433e+00 5.000000e+00 2.970433e+00 4.816288e+00 2.970433e+00 0.000000e+00 
2.970443e+00 5.000000e+00 2.970443e+00 4.816288e+00 2.970443e+00 0.000000e+00 
2.970453e+00 5.000000e+00 2.970453e+00 4.816288e+00 2.970453e+00 0.000000e+00 
2.970463e+00 5.000000e+00 2.970463e+00 4.816288e+00 2.970463e+00 0.000000e+00 
2.970473e+00 5.000000e+00 2.970473e+00 4.816288e+00 2.970473e+00 0.000000e+00 
2.970483e+00 5.000000e+00 2.970483e+00 4.816288e+00 2.970483e+00 0.000000e+00 
2.970493e+00 5.000000e+00 2.970493e+00 4.816288e+00 2.970493e+00 0.000000e+00 
2.970503e+00 5.000000e+00 2.970503e+00 4.816288e+00 2.970503e+00 0.000000e+00 
2.970513e+00 5.000000e+00 2.970513e+00 4.816288e+00 2.970513e+00 0.000000e+00 
2.970523e+00 5.000000e+00 2.970523e+00 4.816288e+00 2.970523e+00 0.000000e+00 
2.970533e+00 5.000000e+00 2.970533e+00 4.816288e+00 2.970533e+00 0.000000e+00 
2.970543e+00 5.000000e+00 2.970543e+00 4.816288e+00 2.970543e+00 0.000000e+00 
2.970553e+00 5.000000e+00 2.970553e+00 4.816288e+00 2.970553e+00 0.000000e+00 
2.970563e+00 5.000000e+00 2.970563e+00 4.816288e+00 2.970563e+00 0.000000e+00 
2.970573e+00 5.000000e+00 2.970573e+00 4.816288e+00 2.970573e+00 0.000000e+00 
2.970583e+00 5.000000e+00 2.970583e+00 4.816288e+00 2.970583e+00 0.000000e+00 
2.970593e+00 5.000000e+00 2.970593e+00 4.816288e+00 2.970593e+00 0.000000e+00 
2.970603e+00 5.000000e+00 2.970603e+00 4.816288e+00 2.970603e+00 0.000000e+00 
2.970613e+00 5.000000e+00 2.970613e+00 4.816288e+00 2.970613e+00 0.000000e+00 
2.970623e+00 5.000000e+00 2.970623e+00 4.816288e+00 2.970623e+00 0.000000e+00 
2.970633e+00 5.000000e+00 2.970633e+00 4.816288e+00 2.970633e+00 0.000000e+00 
2.970643e+00 5.000000e+00 2.970643e+00 4.816288e+00 2.970643e+00 0.000000e+00 
2.970653e+00 5.000000e+00 2.970653e+00 4.816288e+00 2.970653e+00 0.000000e+00 
2.970663e+00 5.000000e+00 2.970663e+00 4.816288e+00 2.970663e+00 0.000000e+00 
2.970673e+00 5.000000e+00 2.970673e+00 4.816288e+00 2.970673e+00 0.000000e+00 
2.970683e+00 5.000000e+00 2.970683e+00 4.816288e+00 2.970683e+00 0.000000e+00 
2.970693e+00 5.000000e+00 2.970693e+00 4.816288e+00 2.970693e+00 0.000000e+00 
2.970703e+00 5.000000e+00 2.970703e+00 4.816288e+00 2.970703e+00 0.000000e+00 
2.970713e+00 5.000000e+00 2.970713e+00 4.816288e+00 2.970713e+00 0.000000e+00 
2.970723e+00 5.000000e+00 2.970723e+00 4.816288e+00 2.970723e+00 0.000000e+00 
2.970733e+00 5.000000e+00 2.970733e+00 4.816288e+00 2.970733e+00 0.000000e+00 
2.970743e+00 5.000000e+00 2.970743e+00 4.816288e+00 2.970743e+00 0.000000e+00 
2.970753e+00 5.000000e+00 2.970753e+00 4.816288e+00 2.970753e+00 0.000000e+00 
2.970763e+00 5.000000e+00 2.970763e+00 4.816288e+00 2.970763e+00 0.000000e+00 
2.970773e+00 5.000000e+00 2.970773e+00 4.816288e+00 2.970773e+00 0.000000e+00 
2.970783e+00 5.000000e+00 2.970783e+00 4.816288e+00 2.970783e+00 0.000000e+00 
2.970793e+00 5.000000e+00 2.970793e+00 4.816288e+00 2.970793e+00 0.000000e+00 
2.970803e+00 5.000000e+00 2.970803e+00 4.816288e+00 2.970803e+00 0.000000e+00 
2.970813e+00 5.000000e+00 2.970813e+00 4.816288e+00 2.970813e+00 0.000000e+00 
2.970823e+00 5.000000e+00 2.970823e+00 4.816288e+00 2.970823e+00 0.000000e+00 
2.970833e+00 5.000000e+00 2.970833e+00 4.816288e+00 2.970833e+00 0.000000e+00 
2.970843e+00 5.000000e+00 2.970843e+00 4.816288e+00 2.970843e+00 0.000000e+00 
2.970853e+00 5.000000e+00 2.970853e+00 4.816288e+00 2.970853e+00 0.000000e+00 
2.970863e+00 5.000000e+00 2.970863e+00 4.816288e+00 2.970863e+00 0.000000e+00 
2.970873e+00 5.000000e+00 2.970873e+00 4.816288e+00 2.970873e+00 0.000000e+00 
2.970883e+00 5.000000e+00 2.970883e+00 4.816288e+00 2.970883e+00 0.000000e+00 
2.970893e+00 5.000000e+00 2.970893e+00 4.816288e+00 2.970893e+00 0.000000e+00 
2.970903e+00 5.000000e+00 2.970903e+00 4.816288e+00 2.970903e+00 0.000000e+00 
2.970913e+00 5.000000e+00 2.970913e+00 4.816288e+00 2.970913e+00 0.000000e+00 
2.970923e+00 5.000000e+00 2.970923e+00 4.816288e+00 2.970923e+00 0.000000e+00 
2.970933e+00 5.000000e+00 2.970933e+00 4.816288e+00 2.970933e+00 0.000000e+00 
2.970943e+00 5.000000e+00 2.970943e+00 4.816288e+00 2.970943e+00 0.000000e+00 
2.970953e+00 5.000000e+00 2.970953e+00 4.816288e+00 2.970953e+00 0.000000e+00 
2.970963e+00 5.000000e+00 2.970963e+00 4.816288e+00 2.970963e+00 0.000000e+00 
2.970973e+00 5.000000e+00 2.970973e+00 4.816288e+00 2.970973e+00 0.000000e+00 
2.970983e+00 5.000000e+00 2.970983e+00 4.816288e+00 2.970983e+00 0.000000e+00 
2.970993e+00 5.000000e+00 2.970993e+00 4.816288e+00 2.970993e+00 0.000000e+00 
2.971003e+00 5.000000e+00 2.971003e+00 4.816288e+00 2.971003e+00 0.000000e+00 
2.971013e+00 5.000000e+00 2.971013e+00 4.816288e+00 2.971013e+00 0.000000e+00 
2.971023e+00 5.000000e+00 2.971023e+00 4.816288e+00 2.971023e+00 0.000000e+00 
2.971033e+00 5.000000e+00 2.971033e+00 4.816288e+00 2.971033e+00 0.000000e+00 
2.971043e+00 5.000000e+00 2.971043e+00 4.816288e+00 2.971043e+00 0.000000e+00 
2.971053e+00 5.000000e+00 2.971053e+00 4.816288e+00 2.971053e+00 0.000000e+00 
2.971063e+00 5.000000e+00 2.971063e+00 4.816288e+00 2.971063e+00 0.000000e+00 
2.971073e+00 5.000000e+00 2.971073e+00 4.816288e+00 2.971073e+00 0.000000e+00 
2.971083e+00 5.000000e+00 2.971083e+00 4.816288e+00 2.971083e+00 0.000000e+00 
2.971093e+00 5.000000e+00 2.971093e+00 4.816288e+00 2.971093e+00 0.000000e+00 
2.971103e+00 5.000000e+00 2.971103e+00 4.816288e+00 2.971103e+00 0.000000e+00 
2.971113e+00 5.000000e+00 2.971113e+00 4.816288e+00 2.971113e+00 0.000000e+00 
2.971123e+00 5.000000e+00 2.971123e+00 4.816288e+00 2.971123e+00 0.000000e+00 
2.971133e+00 5.000000e+00 2.971133e+00 4.816288e+00 2.971133e+00 0.000000e+00 
2.971143e+00 5.000000e+00 2.971143e+00 4.816288e+00 2.971143e+00 0.000000e+00 
2.971153e+00 5.000000e+00 2.971153e+00 4.816288e+00 2.971153e+00 0.000000e+00 
2.971163e+00 5.000000e+00 2.971163e+00 4.816288e+00 2.971163e+00 0.000000e+00 
2.971173e+00 5.000000e+00 2.971173e+00 4.816288e+00 2.971173e+00 0.000000e+00 
2.971183e+00 5.000000e+00 2.971183e+00 4.816288e+00 2.971183e+00 0.000000e+00 
2.971193e+00 5.000000e+00 2.971193e+00 4.816288e+00 2.971193e+00 0.000000e+00 
2.971203e+00 5.000000e+00 2.971203e+00 4.816288e+00 2.971203e+00 0.000000e+00 
2.971213e+00 5.000000e+00 2.971213e+00 4.816288e+00 2.971213e+00 0.000000e+00 
2.971223e+00 5.000000e+00 2.971223e+00 4.816288e+00 2.971223e+00 0.000000e+00 
2.971233e+00 5.000000e+00 2.971233e+00 4.816288e+00 2.971233e+00 0.000000e+00 
2.971243e+00 5.000000e+00 2.971243e+00 4.816288e+00 2.971243e+00 0.000000e+00 
2.971253e+00 5.000000e+00 2.971253e+00 4.816288e+00 2.971253e+00 0.000000e+00 
2.971263e+00 5.000000e+00 2.971263e+00 4.816288e+00 2.971263e+00 0.000000e+00 
2.971273e+00 5.000000e+00 2.971273e+00 4.816288e+00 2.971273e+00 0.000000e+00 
2.971283e+00 5.000000e+00 2.971283e+00 4.816288e+00 2.971283e+00 0.000000e+00 
2.971293e+00 5.000000e+00 2.971293e+00 4.816288e+00 2.971293e+00 0.000000e+00 
2.971303e+00 5.000000e+00 2.971303e+00 4.816288e+00 2.971303e+00 0.000000e+00 
2.971313e+00 5.000000e+00 2.971313e+00 4.816288e+00 2.971313e+00 0.000000e+00 
2.971323e+00 5.000000e+00 2.971323e+00 4.816288e+00 2.971323e+00 0.000000e+00 
2.971333e+00 5.000000e+00 2.971333e+00 4.816288e+00 2.971333e+00 0.000000e+00 
2.971343e+00 5.000000e+00 2.971343e+00 4.816288e+00 2.971343e+00 0.000000e+00 
2.971353e+00 5.000000e+00 2.971353e+00 4.816288e+00 2.971353e+00 0.000000e+00 
2.971363e+00 5.000000e+00 2.971363e+00 4.816288e+00 2.971363e+00 0.000000e+00 
2.971373e+00 5.000000e+00 2.971373e+00 4.816288e+00 2.971373e+00 0.000000e+00 
2.971383e+00 5.000000e+00 2.971383e+00 4.816288e+00 2.971383e+00 0.000000e+00 
2.971393e+00 5.000000e+00 2.971393e+00 4.816288e+00 2.971393e+00 0.000000e+00 
2.971403e+00 5.000000e+00 2.971403e+00 4.816288e+00 2.971403e+00 0.000000e+00 
2.971413e+00 5.000000e+00 2.971413e+00 4.816288e+00 2.971413e+00 0.000000e+00 
2.971423e+00 5.000000e+00 2.971423e+00 4.816288e+00 2.971423e+00 0.000000e+00 
2.971433e+00 5.000000e+00 2.971433e+00 4.816288e+00 2.971433e+00 0.000000e+00 
2.971443e+00 5.000000e+00 2.971443e+00 4.816288e+00 2.971443e+00 0.000000e+00 
2.971453e+00 5.000000e+00 2.971453e+00 4.816288e+00 2.971453e+00 0.000000e+00 
2.971463e+00 5.000000e+00 2.971463e+00 4.816288e+00 2.971463e+00 0.000000e+00 
2.971473e+00 5.000000e+00 2.971473e+00 4.816288e+00 2.971473e+00 0.000000e+00 
2.971483e+00 5.000000e+00 2.971483e+00 4.816288e+00 2.971483e+00 0.000000e+00 
2.971493e+00 5.000000e+00 2.971493e+00 4.816288e+00 2.971493e+00 0.000000e+00 
2.971503e+00 5.000000e+00 2.971503e+00 4.816288e+00 2.971503e+00 0.000000e+00 
2.971513e+00 5.000000e+00 2.971513e+00 4.816288e+00 2.971513e+00 0.000000e+00 
2.971523e+00 5.000000e+00 2.971523e+00 4.816288e+00 2.971523e+00 0.000000e+00 
2.971533e+00 5.000000e+00 2.971533e+00 4.816288e+00 2.971533e+00 0.000000e+00 
2.971543e+00 5.000000e+00 2.971543e+00 4.816288e+00 2.971543e+00 0.000000e+00 
2.971553e+00 5.000000e+00 2.971553e+00 4.816288e+00 2.971553e+00 0.000000e+00 
2.971563e+00 5.000000e+00 2.971563e+00 4.816288e+00 2.971563e+00 0.000000e+00 
2.971573e+00 5.000000e+00 2.971573e+00 4.816288e+00 2.971573e+00 0.000000e+00 
2.971583e+00 5.000000e+00 2.971583e+00 4.816288e+00 2.971583e+00 0.000000e+00 
2.971593e+00 5.000000e+00 2.971593e+00 4.816288e+00 2.971593e+00 0.000000e+00 
2.971603e+00 5.000000e+00 2.971603e+00 4.816288e+00 2.971603e+00 0.000000e+00 
2.971613e+00 5.000000e+00 2.971613e+00 4.816288e+00 2.971613e+00 0.000000e+00 
2.971623e+00 5.000000e+00 2.971623e+00 4.816288e+00 2.971623e+00 0.000000e+00 
2.971633e+00 5.000000e+00 2.971633e+00 4.816288e+00 2.971633e+00 0.000000e+00 
2.971643e+00 5.000000e+00 2.971643e+00 4.816288e+00 2.971643e+00 0.000000e+00 
2.971653e+00 5.000000e+00 2.971653e+00 4.816288e+00 2.971653e+00 0.000000e+00 
2.971663e+00 5.000000e+00 2.971663e+00 4.816288e+00 2.971663e+00 0.000000e+00 
2.971673e+00 5.000000e+00 2.971673e+00 4.816288e+00 2.971673e+00 0.000000e+00 
2.971683e+00 5.000000e+00 2.971683e+00 4.816288e+00 2.971683e+00 0.000000e+00 
2.971693e+00 5.000000e+00 2.971693e+00 4.816288e+00 2.971693e+00 0.000000e+00 
2.971703e+00 5.000000e+00 2.971703e+00 4.816288e+00 2.971703e+00 0.000000e+00 
2.971713e+00 5.000000e+00 2.971713e+00 4.816288e+00 2.971713e+00 0.000000e+00 
2.971723e+00 5.000000e+00 2.971723e+00 4.816288e+00 2.971723e+00 0.000000e+00 
2.971733e+00 5.000000e+00 2.971733e+00 4.816288e+00 2.971733e+00 0.000000e+00 
2.971743e+00 5.000000e+00 2.971743e+00 4.816288e+00 2.971743e+00 0.000000e+00 
2.971753e+00 5.000000e+00 2.971753e+00 4.816288e+00 2.971753e+00 0.000000e+00 
2.971763e+00 5.000000e+00 2.971763e+00 4.816288e+00 2.971763e+00 0.000000e+00 
2.971773e+00 5.000000e+00 2.971773e+00 4.816288e+00 2.971773e+00 0.000000e+00 
2.971783e+00 5.000000e+00 2.971783e+00 4.816288e+00 2.971783e+00 0.000000e+00 
2.971793e+00 5.000000e+00 2.971793e+00 4.816288e+00 2.971793e+00 0.000000e+00 
2.971803e+00 5.000000e+00 2.971803e+00 4.816288e+00 2.971803e+00 0.000000e+00 
2.971813e+00 5.000000e+00 2.971813e+00 4.816288e+00 2.971813e+00 0.000000e+00 
2.971823e+00 5.000000e+00 2.971823e+00 4.816288e+00 2.971823e+00 0.000000e+00 
2.971833e+00 5.000000e+00 2.971833e+00 4.816288e+00 2.971833e+00 0.000000e+00 
2.971843e+00 5.000000e+00 2.971843e+00 4.816288e+00 2.971843e+00 0.000000e+00 
2.971853e+00 5.000000e+00 2.971853e+00 4.816288e+00 2.971853e+00 0.000000e+00 
2.971863e+00 5.000000e+00 2.971863e+00 4.816288e+00 2.971863e+00 0.000000e+00 
2.971873e+00 5.000000e+00 2.971873e+00 4.816288e+00 2.971873e+00 0.000000e+00 
2.971883e+00 5.000000e+00 2.971883e+00 4.816288e+00 2.971883e+00 0.000000e+00 
2.971893e+00 5.000000e+00 2.971893e+00 4.816288e+00 2.971893e+00 0.000000e+00 
2.971903e+00 5.000000e+00 2.971903e+00 4.816288e+00 2.971903e+00 0.000000e+00 
2.971913e+00 5.000000e+00 2.971913e+00 4.816288e+00 2.971913e+00 0.000000e+00 
2.971923e+00 5.000000e+00 2.971923e+00 4.816288e+00 2.971923e+00 0.000000e+00 
2.971933e+00 5.000000e+00 2.971933e+00 4.816288e+00 2.971933e+00 0.000000e+00 
2.971943e+00 5.000000e+00 2.971943e+00 4.816288e+00 2.971943e+00 0.000000e+00 
2.971953e+00 5.000000e+00 2.971953e+00 4.816288e+00 2.971953e+00 0.000000e+00 
2.971963e+00 5.000000e+00 2.971963e+00 4.816288e+00 2.971963e+00 0.000000e+00 
2.971973e+00 5.000000e+00 2.971973e+00 4.816288e+00 2.971973e+00 0.000000e+00 
2.971983e+00 5.000000e+00 2.971983e+00 4.816288e+00 2.971983e+00 0.000000e+00 
2.971993e+00 5.000000e+00 2.971993e+00 4.816288e+00 2.971993e+00 0.000000e+00 
2.972003e+00 5.000000e+00 2.972003e+00 4.816288e+00 2.972003e+00 0.000000e+00 
2.972013e+00 5.000000e+00 2.972013e+00 4.816288e+00 2.972013e+00 0.000000e+00 
2.972023e+00 5.000000e+00 2.972023e+00 4.816288e+00 2.972023e+00 0.000000e+00 
2.972033e+00 5.000000e+00 2.972033e+00 4.816288e+00 2.972033e+00 0.000000e+00 
2.972043e+00 5.000000e+00 2.972043e+00 4.816288e+00 2.972043e+00 0.000000e+00 
2.972053e+00 5.000000e+00 2.972053e+00 4.816288e+00 2.972053e+00 0.000000e+00 
2.972063e+00 5.000000e+00 2.972063e+00 4.816288e+00 2.972063e+00 0.000000e+00 
2.972073e+00 5.000000e+00 2.972073e+00 4.816288e+00 2.972073e+00 0.000000e+00 
2.972083e+00 5.000000e+00 2.972083e+00 4.816288e+00 2.972083e+00 0.000000e+00 
2.972093e+00 5.000000e+00 2.972093e+00 4.816288e+00 2.972093e+00 0.000000e+00 
2.972103e+00 5.000000e+00 2.972103e+00 4.816288e+00 2.972103e+00 0.000000e+00 
2.972113e+00 5.000000e+00 2.972113e+00 4.816288e+00 2.972113e+00 0.000000e+00 
2.972123e+00 5.000000e+00 2.972123e+00 4.816288e+00 2.972123e+00 0.000000e+00 
2.972133e+00 5.000000e+00 2.972133e+00 4.816288e+00 2.972133e+00 0.000000e+00 
2.972143e+00 5.000000e+00 2.972143e+00 4.816288e+00 2.972143e+00 0.000000e+00 
2.972153e+00 5.000000e+00 2.972153e+00 4.816288e+00 2.972153e+00 0.000000e+00 
2.972163e+00 5.000000e+00 2.972163e+00 4.816288e+00 2.972163e+00 0.000000e+00 
2.972173e+00 5.000000e+00 2.972173e+00 4.816288e+00 2.972173e+00 0.000000e+00 
2.972183e+00 5.000000e+00 2.972183e+00 4.816288e+00 2.972183e+00 0.000000e+00 
2.972193e+00 5.000000e+00 2.972193e+00 4.816288e+00 2.972193e+00 0.000000e+00 
2.972203e+00 5.000000e+00 2.972203e+00 4.816288e+00 2.972203e+00 0.000000e+00 
2.972213e+00 5.000000e+00 2.972213e+00 4.816288e+00 2.972213e+00 0.000000e+00 
2.972223e+00 5.000000e+00 2.972223e+00 4.816288e+00 2.972223e+00 0.000000e+00 
2.972233e+00 5.000000e+00 2.972233e+00 4.816288e+00 2.972233e+00 0.000000e+00 
2.972243e+00 5.000000e+00 2.972243e+00 4.816288e+00 2.972243e+00 0.000000e+00 
2.972253e+00 5.000000e+00 2.972253e+00 4.816288e+00 2.972253e+00 0.000000e+00 
2.972263e+00 5.000000e+00 2.972263e+00 4.816288e+00 2.972263e+00 0.000000e+00 
2.972273e+00 5.000000e+00 2.972273e+00 4.816288e+00 2.972273e+00 0.000000e+00 
2.972283e+00 5.000000e+00 2.972283e+00 4.816288e+00 2.972283e+00 0.000000e+00 
2.972293e+00 5.000000e+00 2.972293e+00 4.816288e+00 2.972293e+00 0.000000e+00 
2.972303e+00 5.000000e+00 2.972303e+00 4.816288e+00 2.972303e+00 0.000000e+00 
2.972313e+00 5.000000e+00 2.972313e+00 4.816288e+00 2.972313e+00 0.000000e+00 
2.972323e+00 5.000000e+00 2.972323e+00 4.816288e+00 2.972323e+00 0.000000e+00 
2.972333e+00 5.000000e+00 2.972333e+00 4.816288e+00 2.972333e+00 0.000000e+00 
2.972343e+00 5.000000e+00 2.972343e+00 4.816288e+00 2.972343e+00 0.000000e+00 
2.972353e+00 5.000000e+00 2.972353e+00 4.816288e+00 2.972353e+00 0.000000e+00 
2.972363e+00 5.000000e+00 2.972363e+00 4.816288e+00 2.972363e+00 0.000000e+00 
2.972373e+00 5.000000e+00 2.972373e+00 4.816288e+00 2.972373e+00 0.000000e+00 
2.972383e+00 5.000000e+00 2.972383e+00 4.816288e+00 2.972383e+00 0.000000e+00 
2.972393e+00 5.000000e+00 2.972393e+00 4.816288e+00 2.972393e+00 0.000000e+00 
2.972403e+00 5.000000e+00 2.972403e+00 4.816288e+00 2.972403e+00 0.000000e+00 
2.972413e+00 5.000000e+00 2.972413e+00 4.816288e+00 2.972413e+00 0.000000e+00 
2.972423e+00 5.000000e+00 2.972423e+00 4.816288e+00 2.972423e+00 0.000000e+00 
2.972433e+00 5.000000e+00 2.972433e+00 4.816288e+00 2.972433e+00 0.000000e+00 
2.972443e+00 5.000000e+00 2.972443e+00 4.816288e+00 2.972443e+00 0.000000e+00 
2.972453e+00 5.000000e+00 2.972453e+00 4.816288e+00 2.972453e+00 0.000000e+00 
2.972463e+00 5.000000e+00 2.972463e+00 4.816288e+00 2.972463e+00 0.000000e+00 
2.972473e+00 5.000000e+00 2.972473e+00 4.816288e+00 2.972473e+00 0.000000e+00 
2.972483e+00 5.000000e+00 2.972483e+00 4.816288e+00 2.972483e+00 0.000000e+00 
2.972493e+00 5.000000e+00 2.972493e+00 4.816288e+00 2.972493e+00 0.000000e+00 
2.972503e+00 5.000000e+00 2.972503e+00 4.816288e+00 2.972503e+00 0.000000e+00 
2.972513e+00 5.000000e+00 2.972513e+00 4.816288e+00 2.972513e+00 0.000000e+00 
2.972523e+00 5.000000e+00 2.972523e+00 4.816288e+00 2.972523e+00 0.000000e+00 
2.972533e+00 5.000000e+00 2.972533e+00 4.816288e+00 2.972533e+00 0.000000e+00 
2.972543e+00 5.000000e+00 2.972543e+00 4.816288e+00 2.972543e+00 0.000000e+00 
2.972553e+00 5.000000e+00 2.972553e+00 4.816288e+00 2.972553e+00 0.000000e+00 
2.972563e+00 5.000000e+00 2.972563e+00 4.816288e+00 2.972563e+00 0.000000e+00 
2.972573e+00 5.000000e+00 2.972573e+00 4.816288e+00 2.972573e+00 0.000000e+00 
2.972583e+00 5.000000e+00 2.972583e+00 4.816288e+00 2.972583e+00 0.000000e+00 
2.972593e+00 5.000000e+00 2.972593e+00 4.816288e+00 2.972593e+00 0.000000e+00 
2.972603e+00 5.000000e+00 2.972603e+00 4.816288e+00 2.972603e+00 0.000000e+00 
2.972613e+00 5.000000e+00 2.972613e+00 4.816288e+00 2.972613e+00 0.000000e+00 
2.972623e+00 5.000000e+00 2.972623e+00 4.816288e+00 2.972623e+00 0.000000e+00 
2.972633e+00 5.000000e+00 2.972633e+00 4.816288e+00 2.972633e+00 0.000000e+00 
2.972643e+00 5.000000e+00 2.972643e+00 4.816288e+00 2.972643e+00 0.000000e+00 
2.972653e+00 5.000000e+00 2.972653e+00 4.816288e+00 2.972653e+00 0.000000e+00 
2.972663e+00 5.000000e+00 2.972663e+00 4.816288e+00 2.972663e+00 0.000000e+00 
2.972673e+00 5.000000e+00 2.972673e+00 4.816288e+00 2.972673e+00 0.000000e+00 
2.972683e+00 5.000000e+00 2.972683e+00 4.816288e+00 2.972683e+00 0.000000e+00 
2.972693e+00 5.000000e+00 2.972693e+00 4.816288e+00 2.972693e+00 0.000000e+00 
2.972703e+00 5.000000e+00 2.972703e+00 4.816288e+00 2.972703e+00 0.000000e+00 
2.972713e+00 5.000000e+00 2.972713e+00 4.816288e+00 2.972713e+00 0.000000e+00 
2.972723e+00 5.000000e+00 2.972723e+00 4.816288e+00 2.972723e+00 0.000000e+00 
2.972733e+00 5.000000e+00 2.972733e+00 4.816288e+00 2.972733e+00 0.000000e+00 
2.972743e+00 5.000000e+00 2.972743e+00 4.816288e+00 2.972743e+00 0.000000e+00 
2.972753e+00 5.000000e+00 2.972753e+00 4.816288e+00 2.972753e+00 0.000000e+00 
2.972763e+00 5.000000e+00 2.972763e+00 4.816288e+00 2.972763e+00 0.000000e+00 
2.972773e+00 5.000000e+00 2.972773e+00 4.816288e+00 2.972773e+00 0.000000e+00 
2.972783e+00 5.000000e+00 2.972783e+00 4.816288e+00 2.972783e+00 0.000000e+00 
2.972793e+00 5.000000e+00 2.972793e+00 4.816288e+00 2.972793e+00 0.000000e+00 
2.972803e+00 5.000000e+00 2.972803e+00 4.816288e+00 2.972803e+00 0.000000e+00 
2.972813e+00 5.000000e+00 2.972813e+00 4.816288e+00 2.972813e+00 0.000000e+00 
2.972823e+00 5.000000e+00 2.972823e+00 4.816288e+00 2.972823e+00 0.000000e+00 
2.972833e+00 5.000000e+00 2.972833e+00 4.816288e+00 2.972833e+00 0.000000e+00 
2.972843e+00 5.000000e+00 2.972843e+00 4.816288e+00 2.972843e+00 0.000000e+00 
2.972853e+00 5.000000e+00 2.972853e+00 4.816288e+00 2.972853e+00 0.000000e+00 
2.972863e+00 5.000000e+00 2.972863e+00 4.816288e+00 2.972863e+00 0.000000e+00 
2.972873e+00 5.000000e+00 2.972873e+00 4.816288e+00 2.972873e+00 0.000000e+00 
2.972883e+00 5.000000e+00 2.972883e+00 4.816288e+00 2.972883e+00 0.000000e+00 
2.972893e+00 5.000000e+00 2.972893e+00 4.816288e+00 2.972893e+00 0.000000e+00 
2.972903e+00 5.000000e+00 2.972903e+00 4.816288e+00 2.972903e+00 0.000000e+00 
2.972913e+00 5.000000e+00 2.972913e+00 4.816288e+00 2.972913e+00 0.000000e+00 
2.972923e+00 5.000000e+00 2.972923e+00 4.816288e+00 2.972923e+00 0.000000e+00 
2.972933e+00 5.000000e+00 2.972933e+00 4.816288e+00 2.972933e+00 0.000000e+00 
2.972943e+00 5.000000e+00 2.972943e+00 4.816288e+00 2.972943e+00 0.000000e+00 
2.972953e+00 5.000000e+00 2.972953e+00 4.816288e+00 2.972953e+00 0.000000e+00 
2.972963e+00 5.000000e+00 2.972963e+00 4.816288e+00 2.972963e+00 0.000000e+00 
2.972973e+00 5.000000e+00 2.972973e+00 4.816288e+00 2.972973e+00 0.000000e+00 
2.972983e+00 5.000000e+00 2.972983e+00 4.816288e+00 2.972983e+00 0.000000e+00 
2.972993e+00 5.000000e+00 2.972993e+00 4.816288e+00 2.972993e+00 0.000000e+00 
2.973003e+00 5.000000e+00 2.973003e+00 4.816288e+00 2.973003e+00 0.000000e+00 
2.973013e+00 5.000000e+00 2.973013e+00 4.816288e+00 2.973013e+00 0.000000e+00 
2.973023e+00 5.000000e+00 2.973023e+00 4.816288e+00 2.973023e+00 0.000000e+00 
2.973033e+00 5.000000e+00 2.973033e+00 4.816288e+00 2.973033e+00 0.000000e+00 
2.973043e+00 5.000000e+00 2.973043e+00 4.816288e+00 2.973043e+00 0.000000e+00 
2.973053e+00 5.000000e+00 2.973053e+00 4.816288e+00 2.973053e+00 0.000000e+00 
2.973063e+00 5.000000e+00 2.973063e+00 4.816288e+00 2.973063e+00 0.000000e+00 
2.973073e+00 5.000000e+00 2.973073e+00 4.816288e+00 2.973073e+00 0.000000e+00 
2.973083e+00 5.000000e+00 2.973083e+00 4.816288e+00 2.973083e+00 0.000000e+00 
2.973093e+00 5.000000e+00 2.973093e+00 4.816288e+00 2.973093e+00 0.000000e+00 
2.973103e+00 5.000000e+00 2.973103e+00 4.816288e+00 2.973103e+00 0.000000e+00 
2.973113e+00 5.000000e+00 2.973113e+00 4.816288e+00 2.973113e+00 0.000000e+00 
2.973123e+00 5.000000e+00 2.973123e+00 4.816288e+00 2.973123e+00 0.000000e+00 
2.973133e+00 5.000000e+00 2.973133e+00 4.816288e+00 2.973133e+00 0.000000e+00 
2.973143e+00 5.000000e+00 2.973143e+00 4.816288e+00 2.973143e+00 0.000000e+00 
2.973153e+00 5.000000e+00 2.973153e+00 4.816288e+00 2.973153e+00 0.000000e+00 
2.973163e+00 5.000000e+00 2.973163e+00 4.816288e+00 2.973163e+00 0.000000e+00 
2.973173e+00 5.000000e+00 2.973173e+00 4.816288e+00 2.973173e+00 0.000000e+00 
2.973183e+00 5.000000e+00 2.973183e+00 4.816288e+00 2.973183e+00 0.000000e+00 
2.973193e+00 5.000000e+00 2.973193e+00 4.816288e+00 2.973193e+00 0.000000e+00 
2.973203e+00 5.000000e+00 2.973203e+00 4.816288e+00 2.973203e+00 0.000000e+00 
2.973213e+00 5.000000e+00 2.973213e+00 4.816288e+00 2.973213e+00 0.000000e+00 
2.973223e+00 5.000000e+00 2.973223e+00 4.816288e+00 2.973223e+00 0.000000e+00 
2.973233e+00 5.000000e+00 2.973233e+00 4.816288e+00 2.973233e+00 0.000000e+00 
2.973243e+00 5.000000e+00 2.973243e+00 4.816288e+00 2.973243e+00 0.000000e+00 
2.973253e+00 5.000000e+00 2.973253e+00 4.816288e+00 2.973253e+00 0.000000e+00 
2.973263e+00 5.000000e+00 2.973263e+00 4.816288e+00 2.973263e+00 0.000000e+00 
2.973273e+00 5.000000e+00 2.973273e+00 4.816288e+00 2.973273e+00 0.000000e+00 
2.973283e+00 5.000000e+00 2.973283e+00 4.816288e+00 2.973283e+00 0.000000e+00 
2.973293e+00 5.000000e+00 2.973293e+00 4.816288e+00 2.973293e+00 0.000000e+00 
2.973303e+00 5.000000e+00 2.973303e+00 4.816288e+00 2.973303e+00 0.000000e+00 
2.973313e+00 5.000000e+00 2.973313e+00 4.816288e+00 2.973313e+00 0.000000e+00 
2.973323e+00 5.000000e+00 2.973323e+00 4.816288e+00 2.973323e+00 0.000000e+00 
2.973333e+00 5.000000e+00 2.973333e+00 4.816288e+00 2.973333e+00 0.000000e+00 
2.973343e+00 5.000000e+00 2.973343e+00 4.816288e+00 2.973343e+00 0.000000e+00 
2.973353e+00 5.000000e+00 2.973353e+00 4.816288e+00 2.973353e+00 0.000000e+00 
2.973363e+00 5.000000e+00 2.973363e+00 4.816288e+00 2.973363e+00 0.000000e+00 
2.973373e+00 5.000000e+00 2.973373e+00 4.816288e+00 2.973373e+00 0.000000e+00 
2.973383e+00 5.000000e+00 2.973383e+00 4.816288e+00 2.973383e+00 0.000000e+00 
2.973393e+00 5.000000e+00 2.973393e+00 4.816288e+00 2.973393e+00 0.000000e+00 
2.973403e+00 5.000000e+00 2.973403e+00 4.816288e+00 2.973403e+00 0.000000e+00 
2.973413e+00 5.000000e+00 2.973413e+00 4.816288e+00 2.973413e+00 0.000000e+00 
2.973423e+00 5.000000e+00 2.973423e+00 4.816288e+00 2.973423e+00 0.000000e+00 
2.973433e+00 5.000000e+00 2.973433e+00 4.816288e+00 2.973433e+00 0.000000e+00 
2.973443e+00 5.000000e+00 2.973443e+00 4.816288e+00 2.973443e+00 0.000000e+00 
2.973453e+00 5.000000e+00 2.973453e+00 4.816288e+00 2.973453e+00 0.000000e+00 
2.973463e+00 5.000000e+00 2.973463e+00 4.816288e+00 2.973463e+00 0.000000e+00 
2.973473e+00 5.000000e+00 2.973473e+00 4.816288e+00 2.973473e+00 0.000000e+00 
2.973483e+00 5.000000e+00 2.973483e+00 4.816288e+00 2.973483e+00 0.000000e+00 
2.973493e+00 5.000000e+00 2.973493e+00 4.816288e+00 2.973493e+00 0.000000e+00 
2.973503e+00 5.000000e+00 2.973503e+00 4.816288e+00 2.973503e+00 0.000000e+00 
2.973513e+00 5.000000e+00 2.973513e+00 4.816288e+00 2.973513e+00 0.000000e+00 
2.973523e+00 5.000000e+00 2.973523e+00 4.816288e+00 2.973523e+00 0.000000e+00 
2.973533e+00 5.000000e+00 2.973533e+00 4.816288e+00 2.973533e+00 0.000000e+00 
2.973543e+00 5.000000e+00 2.973543e+00 4.816288e+00 2.973543e+00 0.000000e+00 
2.973553e+00 5.000000e+00 2.973553e+00 4.816288e+00 2.973553e+00 0.000000e+00 
2.973563e+00 5.000000e+00 2.973563e+00 4.816288e+00 2.973563e+00 0.000000e+00 
2.973573e+00 5.000000e+00 2.973573e+00 4.816288e+00 2.973573e+00 0.000000e+00 
2.973583e+00 5.000000e+00 2.973583e+00 4.816288e+00 2.973583e+00 0.000000e+00 
2.973593e+00 5.000000e+00 2.973593e+00 4.816288e+00 2.973593e+00 0.000000e+00 
2.973603e+00 5.000000e+00 2.973603e+00 4.816288e+00 2.973603e+00 0.000000e+00 
2.973613e+00 5.000000e+00 2.973613e+00 4.816288e+00 2.973613e+00 0.000000e+00 
2.973623e+00 5.000000e+00 2.973623e+00 4.816288e+00 2.973623e+00 0.000000e+00 
2.973633e+00 5.000000e+00 2.973633e+00 4.816288e+00 2.973633e+00 0.000000e+00 
2.973643e+00 5.000000e+00 2.973643e+00 4.816288e+00 2.973643e+00 0.000000e+00 
2.973653e+00 5.000000e+00 2.973653e+00 4.816288e+00 2.973653e+00 0.000000e+00 
2.973663e+00 5.000000e+00 2.973663e+00 4.816288e+00 2.973663e+00 0.000000e+00 
2.973673e+00 5.000000e+00 2.973673e+00 4.816288e+00 2.973673e+00 0.000000e+00 
2.973683e+00 5.000000e+00 2.973683e+00 4.816288e+00 2.973683e+00 0.000000e+00 
2.973693e+00 5.000000e+00 2.973693e+00 4.816288e+00 2.973693e+00 0.000000e+00 
2.973703e+00 5.000000e+00 2.973703e+00 4.816288e+00 2.973703e+00 0.000000e+00 
2.973713e+00 5.000000e+00 2.973713e+00 4.816288e+00 2.973713e+00 0.000000e+00 
2.973723e+00 5.000000e+00 2.973723e+00 4.816288e+00 2.973723e+00 0.000000e+00 
2.973733e+00 5.000000e+00 2.973733e+00 4.816288e+00 2.973733e+00 0.000000e+00 
2.973743e+00 5.000000e+00 2.973743e+00 4.816288e+00 2.973743e+00 0.000000e+00 
2.973753e+00 5.000000e+00 2.973753e+00 4.816288e+00 2.973753e+00 0.000000e+00 
2.973763e+00 5.000000e+00 2.973763e+00 4.816288e+00 2.973763e+00 0.000000e+00 
2.973773e+00 5.000000e+00 2.973773e+00 4.816288e+00 2.973773e+00 0.000000e+00 
2.973783e+00 5.000000e+00 2.973783e+00 4.816288e+00 2.973783e+00 0.000000e+00 
2.973793e+00 5.000000e+00 2.973793e+00 4.816288e+00 2.973793e+00 0.000000e+00 
2.973803e+00 5.000000e+00 2.973803e+00 4.816288e+00 2.973803e+00 0.000000e+00 
2.973813e+00 5.000000e+00 2.973813e+00 4.816288e+00 2.973813e+00 0.000000e+00 
2.973823e+00 5.000000e+00 2.973823e+00 4.816288e+00 2.973823e+00 0.000000e+00 
2.973833e+00 5.000000e+00 2.973833e+00 4.816288e+00 2.973833e+00 0.000000e+00 
2.973843e+00 5.000000e+00 2.973843e+00 4.816288e+00 2.973843e+00 0.000000e+00 
2.973853e+00 5.000000e+00 2.973853e+00 4.816288e+00 2.973853e+00 0.000000e+00 
2.973863e+00 5.000000e+00 2.973863e+00 4.816288e+00 2.973863e+00 0.000000e+00 
2.973873e+00 5.000000e+00 2.973873e+00 4.816288e+00 2.973873e+00 0.000000e+00 
2.973883e+00 5.000000e+00 2.973883e+00 4.816288e+00 2.973883e+00 0.000000e+00 
2.973893e+00 5.000000e+00 2.973893e+00 4.816288e+00 2.973893e+00 0.000000e+00 
2.973903e+00 5.000000e+00 2.973903e+00 4.816288e+00 2.973903e+00 0.000000e+00 
2.973913e+00 5.000000e+00 2.973913e+00 4.816288e+00 2.973913e+00 0.000000e+00 
2.973923e+00 5.000000e+00 2.973923e+00 4.816288e+00 2.973923e+00 0.000000e+00 
2.973933e+00 5.000000e+00 2.973933e+00 4.816288e+00 2.973933e+00 0.000000e+00 
2.973943e+00 5.000000e+00 2.973943e+00 4.816288e+00 2.973943e+00 0.000000e+00 
2.973953e+00 5.000000e+00 2.973953e+00 4.816288e+00 2.973953e+00 0.000000e+00 
2.973963e+00 5.000000e+00 2.973963e+00 4.816288e+00 2.973963e+00 0.000000e+00 
2.973973e+00 5.000000e+00 2.973973e+00 4.816288e+00 2.973973e+00 0.000000e+00 
2.973983e+00 5.000000e+00 2.973983e+00 4.816288e+00 2.973983e+00 0.000000e+00 
2.973993e+00 5.000000e+00 2.973993e+00 4.816288e+00 2.973993e+00 0.000000e+00 
2.974003e+00 5.000000e+00 2.974003e+00 4.816288e+00 2.974003e+00 0.000000e+00 
2.974013e+00 5.000000e+00 2.974013e+00 4.816288e+00 2.974013e+00 0.000000e+00 
2.974023e+00 5.000000e+00 2.974023e+00 4.816288e+00 2.974023e+00 0.000000e+00 
2.974033e+00 5.000000e+00 2.974033e+00 4.816288e+00 2.974033e+00 0.000000e+00 
2.974043e+00 5.000000e+00 2.974043e+00 4.816288e+00 2.974043e+00 0.000000e+00 
2.974053e+00 5.000000e+00 2.974053e+00 4.816288e+00 2.974053e+00 0.000000e+00 
2.974063e+00 5.000000e+00 2.974063e+00 4.816288e+00 2.974063e+00 0.000000e+00 
2.974073e+00 5.000000e+00 2.974073e+00 4.816288e+00 2.974073e+00 0.000000e+00 
2.974083e+00 5.000000e+00 2.974083e+00 4.816288e+00 2.974083e+00 0.000000e+00 
2.974093e+00 5.000000e+00 2.974093e+00 4.816288e+00 2.974093e+00 0.000000e+00 
2.974103e+00 5.000000e+00 2.974103e+00 4.816288e+00 2.974103e+00 0.000000e+00 
2.974113e+00 5.000000e+00 2.974113e+00 4.816288e+00 2.974113e+00 0.000000e+00 
2.974123e+00 5.000000e+00 2.974123e+00 4.816288e+00 2.974123e+00 0.000000e+00 
2.974133e+00 5.000000e+00 2.974133e+00 4.816288e+00 2.974133e+00 0.000000e+00 
2.974143e+00 5.000000e+00 2.974143e+00 4.816288e+00 2.974143e+00 0.000000e+00 
2.974153e+00 5.000000e+00 2.974153e+00 4.816288e+00 2.974153e+00 0.000000e+00 
2.974163e+00 5.000000e+00 2.974163e+00 4.816288e+00 2.974163e+00 0.000000e+00 
2.974173e+00 5.000000e+00 2.974173e+00 4.816288e+00 2.974173e+00 0.000000e+00 
2.974183e+00 5.000000e+00 2.974183e+00 4.816288e+00 2.974183e+00 0.000000e+00 
2.974193e+00 5.000000e+00 2.974193e+00 4.816288e+00 2.974193e+00 0.000000e+00 
2.974203e+00 5.000000e+00 2.974203e+00 4.816288e+00 2.974203e+00 0.000000e+00 
2.974213e+00 5.000000e+00 2.974213e+00 4.816288e+00 2.974213e+00 0.000000e+00 
2.974223e+00 5.000000e+00 2.974223e+00 4.816288e+00 2.974223e+00 0.000000e+00 
2.974233e+00 5.000000e+00 2.974233e+00 4.816288e+00 2.974233e+00 0.000000e+00 
2.974243e+00 5.000000e+00 2.974243e+00 4.816288e+00 2.974243e+00 0.000000e+00 
2.974253e+00 5.000000e+00 2.974253e+00 4.816288e+00 2.974253e+00 0.000000e+00 
2.974263e+00 5.000000e+00 2.974263e+00 4.816288e+00 2.974263e+00 0.000000e+00 
2.974273e+00 5.000000e+00 2.974273e+00 4.816288e+00 2.974273e+00 0.000000e+00 
2.974283e+00 5.000000e+00 2.974283e+00 4.816288e+00 2.974283e+00 0.000000e+00 
2.974293e+00 5.000000e+00 2.974293e+00 4.816288e+00 2.974293e+00 0.000000e+00 
2.974303e+00 5.000000e+00 2.974303e+00 4.816288e+00 2.974303e+00 0.000000e+00 
2.974313e+00 5.000000e+00 2.974313e+00 4.816288e+00 2.974313e+00 0.000000e+00 
2.974323e+00 5.000000e+00 2.974323e+00 4.816288e+00 2.974323e+00 0.000000e+00 
2.974333e+00 5.000000e+00 2.974333e+00 4.816288e+00 2.974333e+00 0.000000e+00 
2.974343e+00 5.000000e+00 2.974343e+00 4.816288e+00 2.974343e+00 0.000000e+00 
2.974353e+00 5.000000e+00 2.974353e+00 4.816288e+00 2.974353e+00 0.000000e+00 
2.974363e+00 5.000000e+00 2.974363e+00 4.816288e+00 2.974363e+00 0.000000e+00 
2.974373e+00 5.000000e+00 2.974373e+00 4.816288e+00 2.974373e+00 0.000000e+00 
2.974383e+00 5.000000e+00 2.974383e+00 4.816288e+00 2.974383e+00 0.000000e+00 
2.974393e+00 5.000000e+00 2.974393e+00 4.816288e+00 2.974393e+00 0.000000e+00 
2.974403e+00 5.000000e+00 2.974403e+00 4.816288e+00 2.974403e+00 0.000000e+00 
2.974413e+00 5.000000e+00 2.974413e+00 4.816288e+00 2.974413e+00 0.000000e+00 
2.974423e+00 5.000000e+00 2.974423e+00 4.816288e+00 2.974423e+00 0.000000e+00 
2.974433e+00 5.000000e+00 2.974433e+00 4.816288e+00 2.974433e+00 0.000000e+00 
2.974443e+00 5.000000e+00 2.974443e+00 4.816288e+00 2.974443e+00 0.000000e+00 
2.974453e+00 5.000000e+00 2.974453e+00 4.816288e+00 2.974453e+00 0.000000e+00 
2.974463e+00 5.000000e+00 2.974463e+00 4.816288e+00 2.974463e+00 0.000000e+00 
2.974473e+00 5.000000e+00 2.974473e+00 4.816288e+00 2.974473e+00 0.000000e+00 
2.974483e+00 5.000000e+00 2.974483e+00 4.816288e+00 2.974483e+00 0.000000e+00 
2.974493e+00 5.000000e+00 2.974493e+00 4.816288e+00 2.974493e+00 0.000000e+00 
2.974503e+00 5.000000e+00 2.974503e+00 4.816288e+00 2.974503e+00 0.000000e+00 
2.974513e+00 5.000000e+00 2.974513e+00 4.816288e+00 2.974513e+00 0.000000e+00 
2.974523e+00 5.000000e+00 2.974523e+00 4.816288e+00 2.974523e+00 0.000000e+00 
2.974533e+00 5.000000e+00 2.974533e+00 4.816288e+00 2.974533e+00 0.000000e+00 
2.974543e+00 5.000000e+00 2.974543e+00 4.816288e+00 2.974543e+00 0.000000e+00 
2.974553e+00 5.000000e+00 2.974553e+00 4.816288e+00 2.974553e+00 0.000000e+00 
2.974563e+00 5.000000e+00 2.974563e+00 4.816288e+00 2.974563e+00 0.000000e+00 
2.974573e+00 5.000000e+00 2.974573e+00 4.816288e+00 2.974573e+00 0.000000e+00 
2.974583e+00 5.000000e+00 2.974583e+00 4.816288e+00 2.974583e+00 0.000000e+00 
2.974593e+00 5.000000e+00 2.974593e+00 4.816288e+00 2.974593e+00 0.000000e+00 
2.974603e+00 5.000000e+00 2.974603e+00 4.816288e+00 2.974603e+00 0.000000e+00 
2.974613e+00 5.000000e+00 2.974613e+00 4.816288e+00 2.974613e+00 0.000000e+00 
2.974623e+00 5.000000e+00 2.974623e+00 4.816288e+00 2.974623e+00 0.000000e+00 
2.974633e+00 5.000000e+00 2.974633e+00 4.816288e+00 2.974633e+00 0.000000e+00 
2.974643e+00 5.000000e+00 2.974643e+00 4.816288e+00 2.974643e+00 0.000000e+00 
2.974653e+00 5.000000e+00 2.974653e+00 4.816288e+00 2.974653e+00 0.000000e+00 
2.974663e+00 5.000000e+00 2.974663e+00 4.816288e+00 2.974663e+00 0.000000e+00 
2.974673e+00 5.000000e+00 2.974673e+00 4.816288e+00 2.974673e+00 0.000000e+00 
2.974683e+00 5.000000e+00 2.974683e+00 4.816288e+00 2.974683e+00 0.000000e+00 
2.974693e+00 5.000000e+00 2.974693e+00 4.816288e+00 2.974693e+00 0.000000e+00 
2.974703e+00 5.000000e+00 2.974703e+00 4.816288e+00 2.974703e+00 0.000000e+00 
2.974713e+00 5.000000e+00 2.974713e+00 4.816288e+00 2.974713e+00 0.000000e+00 
2.974723e+00 5.000000e+00 2.974723e+00 4.816288e+00 2.974723e+00 0.000000e+00 
2.974733e+00 5.000000e+00 2.974733e+00 4.816288e+00 2.974733e+00 0.000000e+00 
2.974743e+00 5.000000e+00 2.974743e+00 4.816288e+00 2.974743e+00 0.000000e+00 
2.974753e+00 5.000000e+00 2.974753e+00 4.816288e+00 2.974753e+00 0.000000e+00 
2.974763e+00 5.000000e+00 2.974763e+00 4.816288e+00 2.974763e+00 0.000000e+00 
2.974773e+00 5.000000e+00 2.974773e+00 4.816288e+00 2.974773e+00 0.000000e+00 
2.974783e+00 5.000000e+00 2.974783e+00 4.816288e+00 2.974783e+00 0.000000e+00 
2.974793e+00 5.000000e+00 2.974793e+00 4.816288e+00 2.974793e+00 0.000000e+00 
2.974803e+00 5.000000e+00 2.974803e+00 4.816288e+00 2.974803e+00 0.000000e+00 
2.974813e+00 5.000000e+00 2.974813e+00 4.816288e+00 2.974813e+00 0.000000e+00 
2.974823e+00 5.000000e+00 2.974823e+00 4.816288e+00 2.974823e+00 0.000000e+00 
2.974833e+00 5.000000e+00 2.974833e+00 4.816288e+00 2.974833e+00 0.000000e+00 
2.974843e+00 5.000000e+00 2.974843e+00 4.816288e+00 2.974843e+00 0.000000e+00 
2.974853e+00 5.000000e+00 2.974853e+00 4.816288e+00 2.974853e+00 0.000000e+00 
2.974863e+00 5.000000e+00 2.974863e+00 4.816288e+00 2.974863e+00 0.000000e+00 
2.974873e+00 5.000000e+00 2.974873e+00 4.816288e+00 2.974873e+00 0.000000e+00 
2.974883e+00 5.000000e+00 2.974883e+00 4.816288e+00 2.974883e+00 0.000000e+00 
2.974893e+00 5.000000e+00 2.974893e+00 4.816288e+00 2.974893e+00 0.000000e+00 
2.974903e+00 5.000000e+00 2.974903e+00 4.816288e+00 2.974903e+00 0.000000e+00 
2.974913e+00 5.000000e+00 2.974913e+00 4.816288e+00 2.974913e+00 0.000000e+00 
2.974923e+00 5.000000e+00 2.974923e+00 4.816288e+00 2.974923e+00 0.000000e+00 
2.974933e+00 5.000000e+00 2.974933e+00 4.816288e+00 2.974933e+00 0.000000e+00 
2.974943e+00 5.000000e+00 2.974943e+00 4.816288e+00 2.974943e+00 0.000000e+00 
2.974953e+00 5.000000e+00 2.974953e+00 4.816288e+00 2.974953e+00 0.000000e+00 
2.974963e+00 5.000000e+00 2.974963e+00 4.816288e+00 2.974963e+00 0.000000e+00 
2.974973e+00 5.000000e+00 2.974973e+00 4.816288e+00 2.974973e+00 0.000000e+00 
2.974983e+00 5.000000e+00 2.974983e+00 4.816288e+00 2.974983e+00 0.000000e+00 
2.974993e+00 5.000000e+00 2.974993e+00 4.816288e+00 2.974993e+00 0.000000e+00 
2.975003e+00 5.000000e+00 2.975003e+00 4.816288e+00 2.975003e+00 0.000000e+00 
2.975013e+00 5.000000e+00 2.975013e+00 4.816288e+00 2.975013e+00 0.000000e+00 
2.975023e+00 5.000000e+00 2.975023e+00 4.816288e+00 2.975023e+00 0.000000e+00 
2.975033e+00 5.000000e+00 2.975033e+00 4.816288e+00 2.975033e+00 0.000000e+00 
2.975043e+00 5.000000e+00 2.975043e+00 4.816288e+00 2.975043e+00 0.000000e+00 
2.975053e+00 5.000000e+00 2.975053e+00 4.816288e+00 2.975053e+00 0.000000e+00 
2.975063e+00 5.000000e+00 2.975063e+00 4.816288e+00 2.975063e+00 0.000000e+00 
2.975073e+00 5.000000e+00 2.975073e+00 4.816288e+00 2.975073e+00 0.000000e+00 
2.975083e+00 5.000000e+00 2.975083e+00 4.816288e+00 2.975083e+00 0.000000e+00 
2.975093e+00 5.000000e+00 2.975093e+00 4.816288e+00 2.975093e+00 0.000000e+00 
2.975103e+00 5.000000e+00 2.975103e+00 4.816288e+00 2.975103e+00 0.000000e+00 
2.975113e+00 5.000000e+00 2.975113e+00 4.816288e+00 2.975113e+00 0.000000e+00 
2.975123e+00 5.000000e+00 2.975123e+00 4.816288e+00 2.975123e+00 0.000000e+00 
2.975133e+00 5.000000e+00 2.975133e+00 4.816288e+00 2.975133e+00 0.000000e+00 
2.975143e+00 5.000000e+00 2.975143e+00 4.816288e+00 2.975143e+00 0.000000e+00 
2.975153e+00 5.000000e+00 2.975153e+00 4.816288e+00 2.975153e+00 0.000000e+00 
2.975163e+00 5.000000e+00 2.975163e+00 4.816288e+00 2.975163e+00 0.000000e+00 
2.975173e+00 5.000000e+00 2.975173e+00 4.816288e+00 2.975173e+00 0.000000e+00 
2.975183e+00 5.000000e+00 2.975183e+00 4.816288e+00 2.975183e+00 0.000000e+00 
2.975193e+00 5.000000e+00 2.975193e+00 4.816288e+00 2.975193e+00 0.000000e+00 
2.975203e+00 5.000000e+00 2.975203e+00 4.816288e+00 2.975203e+00 0.000000e+00 
2.975213e+00 5.000000e+00 2.975213e+00 4.816288e+00 2.975213e+00 0.000000e+00 
2.975223e+00 5.000000e+00 2.975223e+00 4.816288e+00 2.975223e+00 0.000000e+00 
2.975233e+00 5.000000e+00 2.975233e+00 4.816288e+00 2.975233e+00 0.000000e+00 
2.975243e+00 5.000000e+00 2.975243e+00 4.816288e+00 2.975243e+00 0.000000e+00 
2.975253e+00 5.000000e+00 2.975253e+00 4.816288e+00 2.975253e+00 0.000000e+00 
2.975263e+00 5.000000e+00 2.975263e+00 4.816288e+00 2.975263e+00 0.000000e+00 
2.975273e+00 5.000000e+00 2.975273e+00 4.816288e+00 2.975273e+00 0.000000e+00 
2.975283e+00 5.000000e+00 2.975283e+00 4.816288e+00 2.975283e+00 0.000000e+00 
2.975293e+00 5.000000e+00 2.975293e+00 4.816288e+00 2.975293e+00 0.000000e+00 
2.975303e+00 5.000000e+00 2.975303e+00 4.816288e+00 2.975303e+00 0.000000e+00 
2.975313e+00 5.000000e+00 2.975313e+00 4.816288e+00 2.975313e+00 0.000000e+00 
2.975323e+00 5.000000e+00 2.975323e+00 4.816288e+00 2.975323e+00 0.000000e+00 
2.975333e+00 5.000000e+00 2.975333e+00 4.816288e+00 2.975333e+00 0.000000e+00 
2.975343e+00 5.000000e+00 2.975343e+00 4.816288e+00 2.975343e+00 0.000000e+00 
2.975353e+00 5.000000e+00 2.975353e+00 4.816288e+00 2.975353e+00 0.000000e+00 
2.975363e+00 5.000000e+00 2.975363e+00 4.816288e+00 2.975363e+00 0.000000e+00 
2.975373e+00 5.000000e+00 2.975373e+00 4.816288e+00 2.975373e+00 0.000000e+00 
2.975383e+00 5.000000e+00 2.975383e+00 4.816288e+00 2.975383e+00 0.000000e+00 
2.975393e+00 5.000000e+00 2.975393e+00 4.816288e+00 2.975393e+00 0.000000e+00 
2.975403e+00 5.000000e+00 2.975403e+00 4.816288e+00 2.975403e+00 0.000000e+00 
2.975413e+00 5.000000e+00 2.975413e+00 4.816288e+00 2.975413e+00 0.000000e+00 
2.975423e+00 5.000000e+00 2.975423e+00 4.816288e+00 2.975423e+00 0.000000e+00 
2.975433e+00 5.000000e+00 2.975433e+00 4.816288e+00 2.975433e+00 0.000000e+00 
2.975443e+00 5.000000e+00 2.975443e+00 4.816288e+00 2.975443e+00 0.000000e+00 
2.975453e+00 5.000000e+00 2.975453e+00 4.816288e+00 2.975453e+00 0.000000e+00 
2.975463e+00 5.000000e+00 2.975463e+00 4.816288e+00 2.975463e+00 0.000000e+00 
2.975473e+00 5.000000e+00 2.975473e+00 4.816288e+00 2.975473e+00 0.000000e+00 
2.975483e+00 5.000000e+00 2.975483e+00 4.816288e+00 2.975483e+00 0.000000e+00 
2.975493e+00 5.000000e+00 2.975493e+00 4.816288e+00 2.975493e+00 0.000000e+00 
2.975503e+00 5.000000e+00 2.975503e+00 4.816288e+00 2.975503e+00 0.000000e+00 
2.975513e+00 5.000000e+00 2.975513e+00 4.816288e+00 2.975513e+00 0.000000e+00 
2.975523e+00 5.000000e+00 2.975523e+00 4.816288e+00 2.975523e+00 0.000000e+00 
2.975533e+00 5.000000e+00 2.975533e+00 4.816288e+00 2.975533e+00 0.000000e+00 
2.975543e+00 5.000000e+00 2.975543e+00 4.816288e+00 2.975543e+00 0.000000e+00 
2.975553e+00 5.000000e+00 2.975553e+00 4.816288e+00 2.975553e+00 0.000000e+00 
2.975563e+00 5.000000e+00 2.975563e+00 4.816288e+00 2.975563e+00 0.000000e+00 
2.975573e+00 5.000000e+00 2.975573e+00 4.816288e+00 2.975573e+00 0.000000e+00 
2.975583e+00 5.000000e+00 2.975583e+00 4.816288e+00 2.975583e+00 0.000000e+00 
2.975593e+00 5.000000e+00 2.975593e+00 4.816288e+00 2.975593e+00 0.000000e+00 
2.975603e+00 5.000000e+00 2.975603e+00 4.816288e+00 2.975603e+00 0.000000e+00 
2.975613e+00 5.000000e+00 2.975613e+00 4.816288e+00 2.975613e+00 0.000000e+00 
2.975623e+00 5.000000e+00 2.975623e+00 4.816288e+00 2.975623e+00 0.000000e+00 
2.975633e+00 5.000000e+00 2.975633e+00 4.816288e+00 2.975633e+00 0.000000e+00 
2.975643e+00 5.000000e+00 2.975643e+00 4.816288e+00 2.975643e+00 0.000000e+00 
2.975653e+00 5.000000e+00 2.975653e+00 4.816288e+00 2.975653e+00 0.000000e+00 
2.975663e+00 5.000000e+00 2.975663e+00 4.816288e+00 2.975663e+00 0.000000e+00 
2.975673e+00 5.000000e+00 2.975673e+00 4.816288e+00 2.975673e+00 0.000000e+00 
2.975683e+00 5.000000e+00 2.975683e+00 4.816288e+00 2.975683e+00 0.000000e+00 
2.975693e+00 5.000000e+00 2.975693e+00 4.816288e+00 2.975693e+00 0.000000e+00 
2.975703e+00 5.000000e+00 2.975703e+00 4.816288e+00 2.975703e+00 0.000000e+00 
2.975713e+00 5.000000e+00 2.975713e+00 4.816288e+00 2.975713e+00 0.000000e+00 
2.975723e+00 5.000000e+00 2.975723e+00 4.816288e+00 2.975723e+00 0.000000e+00 
2.975733e+00 5.000000e+00 2.975733e+00 4.816288e+00 2.975733e+00 0.000000e+00 
2.975743e+00 5.000000e+00 2.975743e+00 4.816288e+00 2.975743e+00 0.000000e+00 
2.975753e+00 5.000000e+00 2.975753e+00 4.816288e+00 2.975753e+00 0.000000e+00 
2.975763e+00 5.000000e+00 2.975763e+00 4.816288e+00 2.975763e+00 0.000000e+00 
2.975773e+00 5.000000e+00 2.975773e+00 4.816288e+00 2.975773e+00 0.000000e+00 
2.975783e+00 5.000000e+00 2.975783e+00 4.816288e+00 2.975783e+00 0.000000e+00 
2.975793e+00 5.000000e+00 2.975793e+00 4.816288e+00 2.975793e+00 0.000000e+00 
2.975803e+00 5.000000e+00 2.975803e+00 4.816288e+00 2.975803e+00 0.000000e+00 
2.975813e+00 5.000000e+00 2.975813e+00 4.816288e+00 2.975813e+00 0.000000e+00 
2.975823e+00 5.000000e+00 2.975823e+00 4.816288e+00 2.975823e+00 0.000000e+00 
2.975833e+00 5.000000e+00 2.975833e+00 4.816288e+00 2.975833e+00 0.000000e+00 
2.975843e+00 5.000000e+00 2.975843e+00 4.816288e+00 2.975843e+00 0.000000e+00 
2.975853e+00 5.000000e+00 2.975853e+00 4.816288e+00 2.975853e+00 0.000000e+00 
2.975863e+00 5.000000e+00 2.975863e+00 4.816288e+00 2.975863e+00 0.000000e+00 
2.975873e+00 5.000000e+00 2.975873e+00 4.816288e+00 2.975873e+00 0.000000e+00 
2.975883e+00 5.000000e+00 2.975883e+00 4.816288e+00 2.975883e+00 0.000000e+00 
2.975893e+00 5.000000e+00 2.975893e+00 4.816288e+00 2.975893e+00 0.000000e+00 
2.975903e+00 5.000000e+00 2.975903e+00 4.816288e+00 2.975903e+00 0.000000e+00 
2.975913e+00 5.000000e+00 2.975913e+00 4.816288e+00 2.975913e+00 0.000000e+00 
2.975923e+00 5.000000e+00 2.975923e+00 4.816288e+00 2.975923e+00 0.000000e+00 
2.975933e+00 5.000000e+00 2.975933e+00 4.816288e+00 2.975933e+00 0.000000e+00 
2.975943e+00 5.000000e+00 2.975943e+00 4.816288e+00 2.975943e+00 0.000000e+00 
2.975953e+00 5.000000e+00 2.975953e+00 4.816288e+00 2.975953e+00 0.000000e+00 
2.975963e+00 5.000000e+00 2.975963e+00 4.816288e+00 2.975963e+00 0.000000e+00 
2.975973e+00 5.000000e+00 2.975973e+00 4.816288e+00 2.975973e+00 0.000000e+00 
2.975983e+00 5.000000e+00 2.975983e+00 4.816288e+00 2.975983e+00 0.000000e+00 
2.975993e+00 5.000000e+00 2.975993e+00 4.816288e+00 2.975993e+00 0.000000e+00 
2.976003e+00 5.000000e+00 2.976003e+00 4.816288e+00 2.976003e+00 0.000000e+00 
2.976013e+00 5.000000e+00 2.976013e+00 4.816288e+00 2.976013e+00 0.000000e+00 
2.976023e+00 5.000000e+00 2.976023e+00 4.816288e+00 2.976023e+00 0.000000e+00 
2.976033e+00 5.000000e+00 2.976033e+00 4.816288e+00 2.976033e+00 0.000000e+00 
2.976043e+00 5.000000e+00 2.976043e+00 4.816288e+00 2.976043e+00 0.000000e+00 
2.976053e+00 5.000000e+00 2.976053e+00 4.816288e+00 2.976053e+00 0.000000e+00 
2.976063e+00 5.000000e+00 2.976063e+00 4.816288e+00 2.976063e+00 0.000000e+00 
2.976073e+00 5.000000e+00 2.976073e+00 4.816288e+00 2.976073e+00 0.000000e+00 
2.976083e+00 5.000000e+00 2.976083e+00 4.816288e+00 2.976083e+00 0.000000e+00 
2.976093e+00 5.000000e+00 2.976093e+00 4.816288e+00 2.976093e+00 0.000000e+00 
2.976103e+00 5.000000e+00 2.976103e+00 4.816288e+00 2.976103e+00 0.000000e+00 
2.976113e+00 5.000000e+00 2.976113e+00 4.816288e+00 2.976113e+00 0.000000e+00 
2.976123e+00 5.000000e+00 2.976123e+00 4.816288e+00 2.976123e+00 0.000000e+00 
2.976133e+00 5.000000e+00 2.976133e+00 4.816288e+00 2.976133e+00 0.000000e+00 
2.976143e+00 5.000000e+00 2.976143e+00 4.816288e+00 2.976143e+00 0.000000e+00 
2.976153e+00 5.000000e+00 2.976153e+00 4.816288e+00 2.976153e+00 0.000000e+00 
2.976163e+00 5.000000e+00 2.976163e+00 4.816288e+00 2.976163e+00 0.000000e+00 
2.976173e+00 5.000000e+00 2.976173e+00 4.816288e+00 2.976173e+00 0.000000e+00 
2.976183e+00 5.000000e+00 2.976183e+00 4.816288e+00 2.976183e+00 0.000000e+00 
2.976193e+00 5.000000e+00 2.976193e+00 4.816288e+00 2.976193e+00 0.000000e+00 
2.976203e+00 5.000000e+00 2.976203e+00 4.816288e+00 2.976203e+00 0.000000e+00 
2.976213e+00 5.000000e+00 2.976213e+00 4.816288e+00 2.976213e+00 0.000000e+00 
2.976223e+00 5.000000e+00 2.976223e+00 4.816288e+00 2.976223e+00 0.000000e+00 
2.976233e+00 5.000000e+00 2.976233e+00 4.816288e+00 2.976233e+00 0.000000e+00 
2.976243e+00 5.000000e+00 2.976243e+00 4.816288e+00 2.976243e+00 0.000000e+00 
2.976253e+00 5.000000e+00 2.976253e+00 4.816288e+00 2.976253e+00 0.000000e+00 
2.976263e+00 5.000000e+00 2.976263e+00 4.816288e+00 2.976263e+00 0.000000e+00 
2.976273e+00 5.000000e+00 2.976273e+00 4.816288e+00 2.976273e+00 0.000000e+00 
2.976283e+00 5.000000e+00 2.976283e+00 4.816288e+00 2.976283e+00 0.000000e+00 
2.976293e+00 5.000000e+00 2.976293e+00 4.816288e+00 2.976293e+00 0.000000e+00 
2.976303e+00 5.000000e+00 2.976303e+00 4.816288e+00 2.976303e+00 0.000000e+00 
2.976313e+00 5.000000e+00 2.976313e+00 4.816288e+00 2.976313e+00 0.000000e+00 
2.976323e+00 5.000000e+00 2.976323e+00 4.816288e+00 2.976323e+00 0.000000e+00 
2.976333e+00 5.000000e+00 2.976333e+00 4.816288e+00 2.976333e+00 0.000000e+00 
2.976343e+00 5.000000e+00 2.976343e+00 4.816288e+00 2.976343e+00 0.000000e+00 
2.976353e+00 5.000000e+00 2.976353e+00 4.816288e+00 2.976353e+00 0.000000e+00 
2.976363e+00 5.000000e+00 2.976363e+00 4.816288e+00 2.976363e+00 0.000000e+00 
2.976373e+00 5.000000e+00 2.976373e+00 4.816288e+00 2.976373e+00 0.000000e+00 
2.976383e+00 5.000000e+00 2.976383e+00 4.816288e+00 2.976383e+00 0.000000e+00 
2.976393e+00 5.000000e+00 2.976393e+00 4.816288e+00 2.976393e+00 0.000000e+00 
2.976403e+00 5.000000e+00 2.976403e+00 4.816288e+00 2.976403e+00 0.000000e+00 
2.976413e+00 5.000000e+00 2.976413e+00 4.816288e+00 2.976413e+00 0.000000e+00 
2.976423e+00 5.000000e+00 2.976423e+00 4.816288e+00 2.976423e+00 0.000000e+00 
2.976433e+00 5.000000e+00 2.976433e+00 4.816288e+00 2.976433e+00 0.000000e+00 
2.976443e+00 5.000000e+00 2.976443e+00 4.816288e+00 2.976443e+00 0.000000e+00 
2.976453e+00 5.000000e+00 2.976453e+00 4.816288e+00 2.976453e+00 0.000000e+00 
2.976463e+00 5.000000e+00 2.976463e+00 4.816288e+00 2.976463e+00 0.000000e+00 
2.976473e+00 5.000000e+00 2.976473e+00 4.816288e+00 2.976473e+00 0.000000e+00 
2.976483e+00 5.000000e+00 2.976483e+00 4.816288e+00 2.976483e+00 0.000000e+00 
2.976493e+00 5.000000e+00 2.976493e+00 4.816288e+00 2.976493e+00 0.000000e+00 
2.976503e+00 5.000000e+00 2.976503e+00 4.816288e+00 2.976503e+00 0.000000e+00 
2.976513e+00 5.000000e+00 2.976513e+00 4.816288e+00 2.976513e+00 0.000000e+00 
2.976523e+00 5.000000e+00 2.976523e+00 4.816288e+00 2.976523e+00 0.000000e+00 
2.976533e+00 5.000000e+00 2.976533e+00 4.816288e+00 2.976533e+00 0.000000e+00 
2.976543e+00 5.000000e+00 2.976543e+00 4.816288e+00 2.976543e+00 0.000000e+00 
2.976553e+00 5.000000e+00 2.976553e+00 4.816288e+00 2.976553e+00 0.000000e+00 
2.976563e+00 5.000000e+00 2.976563e+00 4.816288e+00 2.976563e+00 0.000000e+00 
2.976573e+00 5.000000e+00 2.976573e+00 4.816288e+00 2.976573e+00 0.000000e+00 
2.976583e+00 5.000000e+00 2.976583e+00 4.816288e+00 2.976583e+00 0.000000e+00 
2.976593e+00 5.000000e+00 2.976593e+00 4.816288e+00 2.976593e+00 0.000000e+00 
2.976603e+00 5.000000e+00 2.976603e+00 4.816288e+00 2.976603e+00 0.000000e+00 
2.976613e+00 5.000000e+00 2.976613e+00 4.816288e+00 2.976613e+00 0.000000e+00 
2.976623e+00 5.000000e+00 2.976623e+00 4.816288e+00 2.976623e+00 0.000000e+00 
2.976633e+00 5.000000e+00 2.976633e+00 4.816288e+00 2.976633e+00 0.000000e+00 
2.976643e+00 5.000000e+00 2.976643e+00 4.816288e+00 2.976643e+00 0.000000e+00 
2.976653e+00 5.000000e+00 2.976653e+00 4.816288e+00 2.976653e+00 0.000000e+00 
2.976663e+00 5.000000e+00 2.976663e+00 4.816288e+00 2.976663e+00 0.000000e+00 
2.976673e+00 5.000000e+00 2.976673e+00 4.816288e+00 2.976673e+00 0.000000e+00 
2.976683e+00 5.000000e+00 2.976683e+00 4.816288e+00 2.976683e+00 0.000000e+00 
2.976693e+00 5.000000e+00 2.976693e+00 4.816288e+00 2.976693e+00 0.000000e+00 
2.976703e+00 5.000000e+00 2.976703e+00 4.816288e+00 2.976703e+00 0.000000e+00 
2.976713e+00 5.000000e+00 2.976713e+00 4.816288e+00 2.976713e+00 0.000000e+00 
2.976723e+00 5.000000e+00 2.976723e+00 4.816288e+00 2.976723e+00 0.000000e+00 
2.976733e+00 5.000000e+00 2.976733e+00 4.816288e+00 2.976733e+00 0.000000e+00 
2.976743e+00 5.000000e+00 2.976743e+00 4.816288e+00 2.976743e+00 0.000000e+00 
2.976753e+00 5.000000e+00 2.976753e+00 4.816288e+00 2.976753e+00 0.000000e+00 
2.976763e+00 5.000000e+00 2.976763e+00 4.816288e+00 2.976763e+00 0.000000e+00 
2.976773e+00 5.000000e+00 2.976773e+00 4.816288e+00 2.976773e+00 0.000000e+00 
2.976783e+00 5.000000e+00 2.976783e+00 4.816288e+00 2.976783e+00 0.000000e+00 
2.976793e+00 5.000000e+00 2.976793e+00 4.816288e+00 2.976793e+00 0.000000e+00 
2.976803e+00 5.000000e+00 2.976803e+00 4.816288e+00 2.976803e+00 0.000000e+00 
2.976813e+00 5.000000e+00 2.976813e+00 4.816288e+00 2.976813e+00 0.000000e+00 
2.976823e+00 5.000000e+00 2.976823e+00 4.816288e+00 2.976823e+00 0.000000e+00 
2.976833e+00 5.000000e+00 2.976833e+00 4.816288e+00 2.976833e+00 0.000000e+00 
2.976843e+00 5.000000e+00 2.976843e+00 4.816288e+00 2.976843e+00 0.000000e+00 
2.976853e+00 5.000000e+00 2.976853e+00 4.816288e+00 2.976853e+00 0.000000e+00 
2.976863e+00 5.000000e+00 2.976863e+00 4.816288e+00 2.976863e+00 0.000000e+00 
2.976873e+00 5.000000e+00 2.976873e+00 4.816288e+00 2.976873e+00 0.000000e+00 
2.976883e+00 5.000000e+00 2.976883e+00 4.816288e+00 2.976883e+00 0.000000e+00 
2.976893e+00 5.000000e+00 2.976893e+00 4.816288e+00 2.976893e+00 0.000000e+00 
2.976903e+00 5.000000e+00 2.976903e+00 4.816288e+00 2.976903e+00 0.000000e+00 
2.976913e+00 5.000000e+00 2.976913e+00 4.816288e+00 2.976913e+00 0.000000e+00 
2.976923e+00 5.000000e+00 2.976923e+00 4.816288e+00 2.976923e+00 0.000000e+00 
2.976933e+00 5.000000e+00 2.976933e+00 4.816288e+00 2.976933e+00 0.000000e+00 
2.976943e+00 5.000000e+00 2.976943e+00 4.816288e+00 2.976943e+00 0.000000e+00 
2.976953e+00 5.000000e+00 2.976953e+00 4.816288e+00 2.976953e+00 0.000000e+00 
2.976963e+00 5.000000e+00 2.976963e+00 4.816288e+00 2.976963e+00 0.000000e+00 
2.976973e+00 5.000000e+00 2.976973e+00 4.816288e+00 2.976973e+00 0.000000e+00 
2.976983e+00 5.000000e+00 2.976983e+00 4.816288e+00 2.976983e+00 0.000000e+00 
2.976993e+00 5.000000e+00 2.976993e+00 4.816288e+00 2.976993e+00 0.000000e+00 
2.977003e+00 5.000000e+00 2.977003e+00 4.816288e+00 2.977003e+00 0.000000e+00 
2.977013e+00 5.000000e+00 2.977013e+00 4.816288e+00 2.977013e+00 0.000000e+00 
2.977023e+00 5.000000e+00 2.977023e+00 4.816288e+00 2.977023e+00 0.000000e+00 
2.977033e+00 5.000000e+00 2.977033e+00 4.816288e+00 2.977033e+00 0.000000e+00 
2.977043e+00 5.000000e+00 2.977043e+00 4.816288e+00 2.977043e+00 0.000000e+00 
2.977053e+00 5.000000e+00 2.977053e+00 4.816288e+00 2.977053e+00 0.000000e+00 
2.977063e+00 5.000000e+00 2.977063e+00 4.816288e+00 2.977063e+00 0.000000e+00 
2.977073e+00 5.000000e+00 2.977073e+00 4.816288e+00 2.977073e+00 0.000000e+00 
2.977083e+00 5.000000e+00 2.977083e+00 4.816288e+00 2.977083e+00 0.000000e+00 
2.977093e+00 5.000000e+00 2.977093e+00 4.816288e+00 2.977093e+00 0.000000e+00 
2.977103e+00 5.000000e+00 2.977103e+00 4.816288e+00 2.977103e+00 0.000000e+00 
2.977113e+00 5.000000e+00 2.977113e+00 4.816288e+00 2.977113e+00 0.000000e+00 
2.977123e+00 5.000000e+00 2.977123e+00 4.816288e+00 2.977123e+00 0.000000e+00 
2.977133e+00 5.000000e+00 2.977133e+00 4.816288e+00 2.977133e+00 0.000000e+00 
2.977143e+00 5.000000e+00 2.977143e+00 4.816288e+00 2.977143e+00 0.000000e+00 
2.977153e+00 5.000000e+00 2.977153e+00 4.816288e+00 2.977153e+00 0.000000e+00 
2.977163e+00 5.000000e+00 2.977163e+00 4.816288e+00 2.977163e+00 0.000000e+00 
2.977173e+00 5.000000e+00 2.977173e+00 4.816288e+00 2.977173e+00 0.000000e+00 
2.977183e+00 5.000000e+00 2.977183e+00 4.816288e+00 2.977183e+00 0.000000e+00 
2.977193e+00 5.000000e+00 2.977193e+00 4.816288e+00 2.977193e+00 0.000000e+00 
2.977203e+00 5.000000e+00 2.977203e+00 4.816288e+00 2.977203e+00 0.000000e+00 
2.977213e+00 5.000000e+00 2.977213e+00 4.816288e+00 2.977213e+00 0.000000e+00 
2.977223e+00 5.000000e+00 2.977223e+00 4.816288e+00 2.977223e+00 0.000000e+00 
2.977233e+00 5.000000e+00 2.977233e+00 4.816288e+00 2.977233e+00 0.000000e+00 
2.977243e+00 5.000000e+00 2.977243e+00 4.816288e+00 2.977243e+00 0.000000e+00 
2.977253e+00 5.000000e+00 2.977253e+00 4.816288e+00 2.977253e+00 0.000000e+00 
2.977263e+00 5.000000e+00 2.977263e+00 4.816288e+00 2.977263e+00 0.000000e+00 
2.977273e+00 5.000000e+00 2.977273e+00 4.816288e+00 2.977273e+00 0.000000e+00 
2.977283e+00 5.000000e+00 2.977283e+00 4.816288e+00 2.977283e+00 0.000000e+00 
2.977293e+00 5.000000e+00 2.977293e+00 4.816288e+00 2.977293e+00 0.000000e+00 
2.977303e+00 5.000000e+00 2.977303e+00 4.816288e+00 2.977303e+00 0.000000e+00 
2.977313e+00 5.000000e+00 2.977313e+00 4.816288e+00 2.977313e+00 0.000000e+00 
2.977323e+00 5.000000e+00 2.977323e+00 4.816288e+00 2.977323e+00 0.000000e+00 
2.977333e+00 5.000000e+00 2.977333e+00 4.816288e+00 2.977333e+00 0.000000e+00 
2.977343e+00 5.000000e+00 2.977343e+00 4.816288e+00 2.977343e+00 0.000000e+00 
2.977353e+00 5.000000e+00 2.977353e+00 4.816288e+00 2.977353e+00 0.000000e+00 
2.977363e+00 5.000000e+00 2.977363e+00 4.816288e+00 2.977363e+00 0.000000e+00 
2.977373e+00 5.000000e+00 2.977373e+00 4.816288e+00 2.977373e+00 0.000000e+00 
2.977383e+00 5.000000e+00 2.977383e+00 4.816288e+00 2.977383e+00 0.000000e+00 
2.977393e+00 5.000000e+00 2.977393e+00 4.816288e+00 2.977393e+00 0.000000e+00 
2.977403e+00 5.000000e+00 2.977403e+00 4.816288e+00 2.977403e+00 0.000000e+00 
2.977413e+00 5.000000e+00 2.977413e+00 4.816288e+00 2.977413e+00 0.000000e+00 
2.977423e+00 5.000000e+00 2.977423e+00 4.816288e+00 2.977423e+00 0.000000e+00 
2.977433e+00 5.000000e+00 2.977433e+00 4.816288e+00 2.977433e+00 0.000000e+00 
2.977443e+00 5.000000e+00 2.977443e+00 4.816288e+00 2.977443e+00 0.000000e+00 
2.977453e+00 5.000000e+00 2.977453e+00 4.816288e+00 2.977453e+00 0.000000e+00 
2.977463e+00 5.000000e+00 2.977463e+00 4.816288e+00 2.977463e+00 0.000000e+00 
2.977473e+00 5.000000e+00 2.977473e+00 4.816288e+00 2.977473e+00 0.000000e+00 
2.977483e+00 5.000000e+00 2.977483e+00 4.816288e+00 2.977483e+00 0.000000e+00 
2.977493e+00 5.000000e+00 2.977493e+00 4.816288e+00 2.977493e+00 0.000000e+00 
2.977503e+00 5.000000e+00 2.977503e+00 4.816288e+00 2.977503e+00 0.000000e+00 
2.977513e+00 5.000000e+00 2.977513e+00 4.816288e+00 2.977513e+00 0.000000e+00 
2.977523e+00 5.000000e+00 2.977523e+00 4.816288e+00 2.977523e+00 0.000000e+00 
2.977533e+00 5.000000e+00 2.977533e+00 4.816288e+00 2.977533e+00 0.000000e+00 
2.977543e+00 5.000000e+00 2.977543e+00 4.816288e+00 2.977543e+00 0.000000e+00 
2.977553e+00 5.000000e+00 2.977553e+00 4.816288e+00 2.977553e+00 0.000000e+00 
2.977563e+00 5.000000e+00 2.977563e+00 4.816288e+00 2.977563e+00 0.000000e+00 
2.977573e+00 5.000000e+00 2.977573e+00 4.816288e+00 2.977573e+00 0.000000e+00 
2.977583e+00 5.000000e+00 2.977583e+00 4.816288e+00 2.977583e+00 0.000000e+00 
2.977593e+00 5.000000e+00 2.977593e+00 4.816288e+00 2.977593e+00 0.000000e+00 
2.977603e+00 5.000000e+00 2.977603e+00 4.816288e+00 2.977603e+00 0.000000e+00 
2.977613e+00 5.000000e+00 2.977613e+00 4.816288e+00 2.977613e+00 0.000000e+00 
2.977623e+00 5.000000e+00 2.977623e+00 4.816288e+00 2.977623e+00 0.000000e+00 
2.977633e+00 5.000000e+00 2.977633e+00 4.816288e+00 2.977633e+00 0.000000e+00 
2.977643e+00 5.000000e+00 2.977643e+00 4.816288e+00 2.977643e+00 0.000000e+00 
2.977653e+00 5.000000e+00 2.977653e+00 4.816288e+00 2.977653e+00 0.000000e+00 
2.977663e+00 5.000000e+00 2.977663e+00 4.816288e+00 2.977663e+00 0.000000e+00 
2.977673e+00 5.000000e+00 2.977673e+00 4.816288e+00 2.977673e+00 0.000000e+00 
2.977683e+00 5.000000e+00 2.977683e+00 4.816288e+00 2.977683e+00 0.000000e+00 
2.977693e+00 5.000000e+00 2.977693e+00 4.816288e+00 2.977693e+00 0.000000e+00 
2.977703e+00 5.000000e+00 2.977703e+00 4.816288e+00 2.977703e+00 0.000000e+00 
2.977713e+00 5.000000e+00 2.977713e+00 4.816288e+00 2.977713e+00 0.000000e+00 
2.977723e+00 5.000000e+00 2.977723e+00 4.816288e+00 2.977723e+00 0.000000e+00 
2.977733e+00 5.000000e+00 2.977733e+00 4.816288e+00 2.977733e+00 0.000000e+00 
2.977743e+00 5.000000e+00 2.977743e+00 4.816288e+00 2.977743e+00 0.000000e+00 
2.977753e+00 5.000000e+00 2.977753e+00 4.816288e+00 2.977753e+00 0.000000e+00 
2.977763e+00 5.000000e+00 2.977763e+00 4.816288e+00 2.977763e+00 0.000000e+00 
2.977773e+00 5.000000e+00 2.977773e+00 4.816288e+00 2.977773e+00 0.000000e+00 
2.977783e+00 5.000000e+00 2.977783e+00 4.816288e+00 2.977783e+00 0.000000e+00 
2.977793e+00 5.000000e+00 2.977793e+00 4.816288e+00 2.977793e+00 0.000000e+00 
2.977803e+00 5.000000e+00 2.977803e+00 4.816288e+00 2.977803e+00 0.000000e+00 
2.977813e+00 5.000000e+00 2.977813e+00 4.816288e+00 2.977813e+00 0.000000e+00 
2.977823e+00 5.000000e+00 2.977823e+00 4.816288e+00 2.977823e+00 0.000000e+00 
2.977833e+00 5.000000e+00 2.977833e+00 4.816288e+00 2.977833e+00 0.000000e+00 
2.977843e+00 5.000000e+00 2.977843e+00 4.816288e+00 2.977843e+00 0.000000e+00 
2.977853e+00 5.000000e+00 2.977853e+00 4.816288e+00 2.977853e+00 0.000000e+00 
2.977863e+00 5.000000e+00 2.977863e+00 4.816288e+00 2.977863e+00 0.000000e+00 
2.977873e+00 5.000000e+00 2.977873e+00 4.816288e+00 2.977873e+00 0.000000e+00 
2.977883e+00 5.000000e+00 2.977883e+00 4.816288e+00 2.977883e+00 0.000000e+00 
2.977893e+00 5.000000e+00 2.977893e+00 4.816288e+00 2.977893e+00 0.000000e+00 
2.977903e+00 5.000000e+00 2.977903e+00 4.816288e+00 2.977903e+00 0.000000e+00 
2.977913e+00 5.000000e+00 2.977913e+00 4.816288e+00 2.977913e+00 0.000000e+00 
2.977923e+00 5.000000e+00 2.977923e+00 4.816288e+00 2.977923e+00 0.000000e+00 
2.977933e+00 5.000000e+00 2.977933e+00 4.816288e+00 2.977933e+00 0.000000e+00 
2.977943e+00 5.000000e+00 2.977943e+00 4.816288e+00 2.977943e+00 0.000000e+00 
2.977953e+00 5.000000e+00 2.977953e+00 4.816288e+00 2.977953e+00 0.000000e+00 
2.977963e+00 5.000000e+00 2.977963e+00 4.816288e+00 2.977963e+00 0.000000e+00 
2.977973e+00 5.000000e+00 2.977973e+00 4.816288e+00 2.977973e+00 0.000000e+00 
2.977983e+00 5.000000e+00 2.977983e+00 4.816288e+00 2.977983e+00 0.000000e+00 
2.977993e+00 5.000000e+00 2.977993e+00 4.816288e+00 2.977993e+00 0.000000e+00 
2.978003e+00 5.000000e+00 2.978003e+00 4.816288e+00 2.978003e+00 0.000000e+00 
2.978013e+00 5.000000e+00 2.978013e+00 4.816288e+00 2.978013e+00 0.000000e+00 
2.978023e+00 5.000000e+00 2.978023e+00 4.816288e+00 2.978023e+00 0.000000e+00 
2.978033e+00 5.000000e+00 2.978033e+00 4.816288e+00 2.978033e+00 0.000000e+00 
2.978043e+00 5.000000e+00 2.978043e+00 4.816288e+00 2.978043e+00 0.000000e+00 
2.978053e+00 5.000000e+00 2.978053e+00 4.816288e+00 2.978053e+00 0.000000e+00 
2.978063e+00 5.000000e+00 2.978063e+00 4.816288e+00 2.978063e+00 0.000000e+00 
2.978073e+00 5.000000e+00 2.978073e+00 4.816288e+00 2.978073e+00 0.000000e+00 
2.978083e+00 5.000000e+00 2.978083e+00 4.816288e+00 2.978083e+00 0.000000e+00 
2.978093e+00 5.000000e+00 2.978093e+00 4.816288e+00 2.978093e+00 0.000000e+00 
2.978103e+00 5.000000e+00 2.978103e+00 4.816288e+00 2.978103e+00 0.000000e+00 
2.978113e+00 5.000000e+00 2.978113e+00 4.816288e+00 2.978113e+00 0.000000e+00 
2.978123e+00 5.000000e+00 2.978123e+00 4.816288e+00 2.978123e+00 0.000000e+00 
2.978133e+00 5.000000e+00 2.978133e+00 4.816288e+00 2.978133e+00 0.000000e+00 
2.978143e+00 5.000000e+00 2.978143e+00 4.816288e+00 2.978143e+00 0.000000e+00 
2.978153e+00 5.000000e+00 2.978153e+00 4.816288e+00 2.978153e+00 0.000000e+00 
2.978163e+00 5.000000e+00 2.978163e+00 4.816288e+00 2.978163e+00 0.000000e+00 
2.978173e+00 5.000000e+00 2.978173e+00 4.816288e+00 2.978173e+00 0.000000e+00 
2.978183e+00 5.000000e+00 2.978183e+00 4.816288e+00 2.978183e+00 0.000000e+00 
2.978193e+00 5.000000e+00 2.978193e+00 4.816288e+00 2.978193e+00 0.000000e+00 
2.978203e+00 5.000000e+00 2.978203e+00 4.816288e+00 2.978203e+00 0.000000e+00 
2.978213e+00 5.000000e+00 2.978213e+00 4.816288e+00 2.978213e+00 0.000000e+00 
2.978223e+00 5.000000e+00 2.978223e+00 4.816288e+00 2.978223e+00 0.000000e+00 
2.978233e+00 5.000000e+00 2.978233e+00 4.816288e+00 2.978233e+00 0.000000e+00 
2.978243e+00 5.000000e+00 2.978243e+00 4.816288e+00 2.978243e+00 0.000000e+00 
2.978253e+00 5.000000e+00 2.978253e+00 4.816288e+00 2.978253e+00 0.000000e+00 
2.978263e+00 5.000000e+00 2.978263e+00 4.816288e+00 2.978263e+00 0.000000e+00 
2.978273e+00 5.000000e+00 2.978273e+00 4.816288e+00 2.978273e+00 0.000000e+00 
2.978283e+00 5.000000e+00 2.978283e+00 4.816288e+00 2.978283e+00 0.000000e+00 
2.978293e+00 5.000000e+00 2.978293e+00 4.816288e+00 2.978293e+00 0.000000e+00 
2.978303e+00 5.000000e+00 2.978303e+00 4.816288e+00 2.978303e+00 0.000000e+00 
2.978313e+00 5.000000e+00 2.978313e+00 4.816288e+00 2.978313e+00 0.000000e+00 
2.978323e+00 5.000000e+00 2.978323e+00 4.816288e+00 2.978323e+00 0.000000e+00 
2.978333e+00 5.000000e+00 2.978333e+00 4.816288e+00 2.978333e+00 0.000000e+00 
2.978343e+00 5.000000e+00 2.978343e+00 4.816288e+00 2.978343e+00 0.000000e+00 
2.978353e+00 5.000000e+00 2.978353e+00 4.816288e+00 2.978353e+00 0.000000e+00 
2.978363e+00 5.000000e+00 2.978363e+00 4.816288e+00 2.978363e+00 0.000000e+00 
2.978373e+00 5.000000e+00 2.978373e+00 4.816288e+00 2.978373e+00 0.000000e+00 
2.978383e+00 5.000000e+00 2.978383e+00 4.816288e+00 2.978383e+00 0.000000e+00 
2.978393e+00 5.000000e+00 2.978393e+00 4.816288e+00 2.978393e+00 0.000000e+00 
2.978403e+00 5.000000e+00 2.978403e+00 4.816288e+00 2.978403e+00 0.000000e+00 
2.978413e+00 5.000000e+00 2.978413e+00 4.816288e+00 2.978413e+00 0.000000e+00 
2.978423e+00 5.000000e+00 2.978423e+00 4.816288e+00 2.978423e+00 0.000000e+00 
2.978433e+00 5.000000e+00 2.978433e+00 4.816288e+00 2.978433e+00 0.000000e+00 
2.978443e+00 5.000000e+00 2.978443e+00 4.816288e+00 2.978443e+00 0.000000e+00 
2.978453e+00 5.000000e+00 2.978453e+00 4.816288e+00 2.978453e+00 0.000000e+00 
2.978463e+00 5.000000e+00 2.978463e+00 4.816288e+00 2.978463e+00 0.000000e+00 
2.978473e+00 5.000000e+00 2.978473e+00 4.816288e+00 2.978473e+00 0.000000e+00 
2.978483e+00 5.000000e+00 2.978483e+00 4.816288e+00 2.978483e+00 0.000000e+00 
2.978493e+00 5.000000e+00 2.978493e+00 4.816288e+00 2.978493e+00 0.000000e+00 
2.978503e+00 5.000000e+00 2.978503e+00 4.816288e+00 2.978503e+00 0.000000e+00 
2.978513e+00 5.000000e+00 2.978513e+00 4.816288e+00 2.978513e+00 0.000000e+00 
2.978523e+00 5.000000e+00 2.978523e+00 4.816288e+00 2.978523e+00 0.000000e+00 
2.978533e+00 5.000000e+00 2.978533e+00 4.816288e+00 2.978533e+00 0.000000e+00 
2.978543e+00 5.000000e+00 2.978543e+00 4.816288e+00 2.978543e+00 0.000000e+00 
2.978553e+00 5.000000e+00 2.978553e+00 4.816288e+00 2.978553e+00 0.000000e+00 
2.978563e+00 5.000000e+00 2.978563e+00 4.816288e+00 2.978563e+00 0.000000e+00 
2.978573e+00 5.000000e+00 2.978573e+00 4.816288e+00 2.978573e+00 0.000000e+00 
2.978583e+00 5.000000e+00 2.978583e+00 4.816288e+00 2.978583e+00 0.000000e+00 
2.978593e+00 5.000000e+00 2.978593e+00 4.816288e+00 2.978593e+00 0.000000e+00 
2.978603e+00 5.000000e+00 2.978603e+00 4.816288e+00 2.978603e+00 0.000000e+00 
2.978613e+00 5.000000e+00 2.978613e+00 4.816288e+00 2.978613e+00 0.000000e+00 
2.978623e+00 5.000000e+00 2.978623e+00 4.816288e+00 2.978623e+00 0.000000e+00 
2.978633e+00 5.000000e+00 2.978633e+00 4.816288e+00 2.978633e+00 0.000000e+00 
2.978643e+00 5.000000e+00 2.978643e+00 4.816288e+00 2.978643e+00 0.000000e+00 
2.978653e+00 5.000000e+00 2.978653e+00 4.816288e+00 2.978653e+00 0.000000e+00 
2.978663e+00 5.000000e+00 2.978663e+00 4.816288e+00 2.978663e+00 0.000000e+00 
2.978673e+00 5.000000e+00 2.978673e+00 4.816288e+00 2.978673e+00 0.000000e+00 
2.978683e+00 5.000000e+00 2.978683e+00 4.816288e+00 2.978683e+00 0.000000e+00 
2.978693e+00 5.000000e+00 2.978693e+00 4.816288e+00 2.978693e+00 0.000000e+00 
2.978703e+00 5.000000e+00 2.978703e+00 4.816288e+00 2.978703e+00 0.000000e+00 
2.978713e+00 5.000000e+00 2.978713e+00 4.816288e+00 2.978713e+00 0.000000e+00 
2.978723e+00 5.000000e+00 2.978723e+00 4.816288e+00 2.978723e+00 0.000000e+00 
2.978733e+00 5.000000e+00 2.978733e+00 4.816288e+00 2.978733e+00 0.000000e+00 
2.978743e+00 5.000000e+00 2.978743e+00 4.816288e+00 2.978743e+00 0.000000e+00 
2.978753e+00 5.000000e+00 2.978753e+00 4.816288e+00 2.978753e+00 0.000000e+00 
2.978763e+00 5.000000e+00 2.978763e+00 4.816288e+00 2.978763e+00 0.000000e+00 
2.978773e+00 5.000000e+00 2.978773e+00 4.816288e+00 2.978773e+00 0.000000e+00 
2.978783e+00 5.000000e+00 2.978783e+00 4.816288e+00 2.978783e+00 0.000000e+00 
2.978793e+00 5.000000e+00 2.978793e+00 4.816288e+00 2.978793e+00 0.000000e+00 
2.978803e+00 5.000000e+00 2.978803e+00 4.816288e+00 2.978803e+00 0.000000e+00 
2.978813e+00 5.000000e+00 2.978813e+00 4.816288e+00 2.978813e+00 0.000000e+00 
2.978823e+00 5.000000e+00 2.978823e+00 4.816288e+00 2.978823e+00 0.000000e+00 
2.978833e+00 5.000000e+00 2.978833e+00 4.816288e+00 2.978833e+00 0.000000e+00 
2.978843e+00 5.000000e+00 2.978843e+00 4.816288e+00 2.978843e+00 0.000000e+00 
2.978853e+00 5.000000e+00 2.978853e+00 4.816288e+00 2.978853e+00 0.000000e+00 
2.978863e+00 5.000000e+00 2.978863e+00 4.816288e+00 2.978863e+00 0.000000e+00 
2.978873e+00 5.000000e+00 2.978873e+00 4.816288e+00 2.978873e+00 0.000000e+00 
2.978883e+00 5.000000e+00 2.978883e+00 4.816288e+00 2.978883e+00 0.000000e+00 
2.978893e+00 5.000000e+00 2.978893e+00 4.816288e+00 2.978893e+00 0.000000e+00 
2.978903e+00 5.000000e+00 2.978903e+00 4.816288e+00 2.978903e+00 0.000000e+00 
2.978913e+00 5.000000e+00 2.978913e+00 4.816288e+00 2.978913e+00 0.000000e+00 
2.978923e+00 5.000000e+00 2.978923e+00 4.816288e+00 2.978923e+00 0.000000e+00 
2.978933e+00 5.000000e+00 2.978933e+00 4.816288e+00 2.978933e+00 0.000000e+00 
2.978943e+00 5.000000e+00 2.978943e+00 4.816288e+00 2.978943e+00 0.000000e+00 
2.978953e+00 5.000000e+00 2.978953e+00 4.816288e+00 2.978953e+00 0.000000e+00 
2.978963e+00 5.000000e+00 2.978963e+00 4.816288e+00 2.978963e+00 0.000000e+00 
2.978973e+00 5.000000e+00 2.978973e+00 4.816288e+00 2.978973e+00 0.000000e+00 
2.978983e+00 5.000000e+00 2.978983e+00 4.816288e+00 2.978983e+00 0.000000e+00 
2.978993e+00 5.000000e+00 2.978993e+00 4.816288e+00 2.978993e+00 0.000000e+00 
2.979003e+00 5.000000e+00 2.979003e+00 4.816288e+00 2.979003e+00 0.000000e+00 
2.979013e+00 5.000000e+00 2.979013e+00 4.816288e+00 2.979013e+00 0.000000e+00 
2.979023e+00 5.000000e+00 2.979023e+00 4.816288e+00 2.979023e+00 0.000000e+00 
2.979033e+00 5.000000e+00 2.979033e+00 4.816288e+00 2.979033e+00 0.000000e+00 
2.979043e+00 5.000000e+00 2.979043e+00 4.816288e+00 2.979043e+00 0.000000e+00 
2.979053e+00 5.000000e+00 2.979053e+00 4.816288e+00 2.979053e+00 0.000000e+00 
2.979063e+00 5.000000e+00 2.979063e+00 4.816288e+00 2.979063e+00 0.000000e+00 
2.979073e+00 5.000000e+00 2.979073e+00 4.816288e+00 2.979073e+00 0.000000e+00 
2.979083e+00 5.000000e+00 2.979083e+00 4.816288e+00 2.979083e+00 0.000000e+00 
2.979093e+00 5.000000e+00 2.979093e+00 4.816288e+00 2.979093e+00 0.000000e+00 
2.979103e+00 5.000000e+00 2.979103e+00 4.816288e+00 2.979103e+00 0.000000e+00 
2.979113e+00 5.000000e+00 2.979113e+00 4.816288e+00 2.979113e+00 0.000000e+00 
2.979123e+00 5.000000e+00 2.979123e+00 4.816288e+00 2.979123e+00 0.000000e+00 
2.979133e+00 5.000000e+00 2.979133e+00 4.816288e+00 2.979133e+00 0.000000e+00 
2.979143e+00 5.000000e+00 2.979143e+00 4.816288e+00 2.979143e+00 0.000000e+00 
2.979153e+00 5.000000e+00 2.979153e+00 4.816288e+00 2.979153e+00 0.000000e+00 
2.979163e+00 5.000000e+00 2.979163e+00 4.816288e+00 2.979163e+00 0.000000e+00 
2.979173e+00 5.000000e+00 2.979173e+00 4.816288e+00 2.979173e+00 0.000000e+00 
2.979183e+00 5.000000e+00 2.979183e+00 4.816288e+00 2.979183e+00 0.000000e+00 
2.979193e+00 5.000000e+00 2.979193e+00 4.816288e+00 2.979193e+00 0.000000e+00 
2.979203e+00 5.000000e+00 2.979203e+00 4.816288e+00 2.979203e+00 0.000000e+00 
2.979213e+00 5.000000e+00 2.979213e+00 4.816288e+00 2.979213e+00 0.000000e+00 
2.979223e+00 5.000000e+00 2.979223e+00 4.816288e+00 2.979223e+00 0.000000e+00 
2.979233e+00 5.000000e+00 2.979233e+00 4.816288e+00 2.979233e+00 0.000000e+00 
2.979243e+00 5.000000e+00 2.979243e+00 4.816288e+00 2.979243e+00 0.000000e+00 
2.979253e+00 5.000000e+00 2.979253e+00 4.816288e+00 2.979253e+00 0.000000e+00 
2.979263e+00 5.000000e+00 2.979263e+00 4.816288e+00 2.979263e+00 0.000000e+00 
2.979273e+00 5.000000e+00 2.979273e+00 4.816288e+00 2.979273e+00 0.000000e+00 
2.979283e+00 5.000000e+00 2.979283e+00 4.816288e+00 2.979283e+00 0.000000e+00 
2.979293e+00 5.000000e+00 2.979293e+00 4.816288e+00 2.979293e+00 0.000000e+00 
2.979303e+00 5.000000e+00 2.979303e+00 4.816288e+00 2.979303e+00 0.000000e+00 
2.979313e+00 5.000000e+00 2.979313e+00 4.816288e+00 2.979313e+00 0.000000e+00 
2.979323e+00 5.000000e+00 2.979323e+00 4.816288e+00 2.979323e+00 0.000000e+00 
2.979333e+00 5.000000e+00 2.979333e+00 4.816288e+00 2.979333e+00 0.000000e+00 
2.979343e+00 5.000000e+00 2.979343e+00 4.816288e+00 2.979343e+00 0.000000e+00 
2.979353e+00 5.000000e+00 2.979353e+00 4.816288e+00 2.979353e+00 0.000000e+00 
2.979363e+00 5.000000e+00 2.979363e+00 4.816288e+00 2.979363e+00 0.000000e+00 
2.979373e+00 5.000000e+00 2.979373e+00 4.816288e+00 2.979373e+00 0.000000e+00 
2.979383e+00 5.000000e+00 2.979383e+00 4.816288e+00 2.979383e+00 0.000000e+00 
2.979393e+00 5.000000e+00 2.979393e+00 4.816288e+00 2.979393e+00 0.000000e+00 
2.979403e+00 5.000000e+00 2.979403e+00 4.816288e+00 2.979403e+00 0.000000e+00 
2.979413e+00 5.000000e+00 2.979413e+00 4.816288e+00 2.979413e+00 0.000000e+00 
2.979423e+00 5.000000e+00 2.979423e+00 4.816288e+00 2.979423e+00 0.000000e+00 
2.979433e+00 5.000000e+00 2.979433e+00 4.816288e+00 2.979433e+00 0.000000e+00 
2.979443e+00 5.000000e+00 2.979443e+00 4.816288e+00 2.979443e+00 0.000000e+00 
2.979453e+00 5.000000e+00 2.979453e+00 4.816288e+00 2.979453e+00 0.000000e+00 
2.979463e+00 5.000000e+00 2.979463e+00 4.816288e+00 2.979463e+00 0.000000e+00 
2.979473e+00 5.000000e+00 2.979473e+00 4.816288e+00 2.979473e+00 0.000000e+00 
2.979483e+00 5.000000e+00 2.979483e+00 4.816288e+00 2.979483e+00 0.000000e+00 
2.979493e+00 5.000000e+00 2.979493e+00 4.816288e+00 2.979493e+00 0.000000e+00 
2.979503e+00 5.000000e+00 2.979503e+00 4.816288e+00 2.979503e+00 0.000000e+00 
2.979513e+00 5.000000e+00 2.979513e+00 4.816288e+00 2.979513e+00 0.000000e+00 
2.979523e+00 5.000000e+00 2.979523e+00 4.816288e+00 2.979523e+00 0.000000e+00 
2.979533e+00 5.000000e+00 2.979533e+00 4.816288e+00 2.979533e+00 0.000000e+00 
2.979543e+00 5.000000e+00 2.979543e+00 4.816288e+00 2.979543e+00 0.000000e+00 
2.979553e+00 5.000000e+00 2.979553e+00 4.816288e+00 2.979553e+00 0.000000e+00 
2.979563e+00 5.000000e+00 2.979563e+00 4.816288e+00 2.979563e+00 0.000000e+00 
2.979573e+00 5.000000e+00 2.979573e+00 4.816288e+00 2.979573e+00 0.000000e+00 
2.979583e+00 5.000000e+00 2.979583e+00 4.816288e+00 2.979583e+00 0.000000e+00 
2.979593e+00 5.000000e+00 2.979593e+00 4.816288e+00 2.979593e+00 0.000000e+00 
2.979603e+00 5.000000e+00 2.979603e+00 4.816288e+00 2.979603e+00 0.000000e+00 
2.979613e+00 5.000000e+00 2.979613e+00 4.816288e+00 2.979613e+00 0.000000e+00 
2.979623e+00 5.000000e+00 2.979623e+00 4.816288e+00 2.979623e+00 0.000000e+00 
2.979633e+00 5.000000e+00 2.979633e+00 4.816288e+00 2.979633e+00 0.000000e+00 
2.979643e+00 5.000000e+00 2.979643e+00 4.816288e+00 2.979643e+00 0.000000e+00 
2.979653e+00 5.000000e+00 2.979653e+00 4.816288e+00 2.979653e+00 0.000000e+00 
2.979663e+00 5.000000e+00 2.979663e+00 4.816288e+00 2.979663e+00 0.000000e+00 
2.979673e+00 5.000000e+00 2.979673e+00 4.816288e+00 2.979673e+00 0.000000e+00 
2.979683e+00 5.000000e+00 2.979683e+00 4.816288e+00 2.979683e+00 0.000000e+00 
2.979693e+00 5.000000e+00 2.979693e+00 4.816288e+00 2.979693e+00 0.000000e+00 
2.979703e+00 5.000000e+00 2.979703e+00 4.816288e+00 2.979703e+00 0.000000e+00 
2.979713e+00 5.000000e+00 2.979713e+00 4.816288e+00 2.979713e+00 0.000000e+00 
2.979723e+00 5.000000e+00 2.979723e+00 4.816288e+00 2.979723e+00 0.000000e+00 
2.979733e+00 5.000000e+00 2.979733e+00 4.816288e+00 2.979733e+00 0.000000e+00 
2.979743e+00 5.000000e+00 2.979743e+00 4.816288e+00 2.979743e+00 0.000000e+00 
2.979753e+00 5.000000e+00 2.979753e+00 4.816288e+00 2.979753e+00 0.000000e+00 
2.979763e+00 5.000000e+00 2.979763e+00 4.816288e+00 2.979763e+00 0.000000e+00 
2.979773e+00 5.000000e+00 2.979773e+00 4.816288e+00 2.979773e+00 0.000000e+00 
2.979783e+00 5.000000e+00 2.979783e+00 4.816288e+00 2.979783e+00 0.000000e+00 
2.979793e+00 5.000000e+00 2.979793e+00 4.816288e+00 2.979793e+00 0.000000e+00 
2.979803e+00 5.000000e+00 2.979803e+00 4.816288e+00 2.979803e+00 0.000000e+00 
2.979813e+00 5.000000e+00 2.979813e+00 4.816288e+00 2.979813e+00 0.000000e+00 
2.979823e+00 5.000000e+00 2.979823e+00 4.816288e+00 2.979823e+00 0.000000e+00 
2.979833e+00 5.000000e+00 2.979833e+00 4.816288e+00 2.979833e+00 0.000000e+00 
2.979843e+00 5.000000e+00 2.979843e+00 4.816288e+00 2.979843e+00 0.000000e+00 
2.979853e+00 5.000000e+00 2.979853e+00 4.816288e+00 2.979853e+00 0.000000e+00 
2.979863e+00 5.000000e+00 2.979863e+00 4.816288e+00 2.979863e+00 0.000000e+00 
2.979873e+00 5.000000e+00 2.979873e+00 4.816288e+00 2.979873e+00 0.000000e+00 
2.979883e+00 5.000000e+00 2.979883e+00 4.816288e+00 2.979883e+00 0.000000e+00 
2.979893e+00 5.000000e+00 2.979893e+00 4.816288e+00 2.979893e+00 0.000000e+00 
2.979903e+00 5.000000e+00 2.979903e+00 4.816288e+00 2.979903e+00 0.000000e+00 
2.979913e+00 5.000000e+00 2.979913e+00 4.816288e+00 2.979913e+00 0.000000e+00 
2.979923e+00 5.000000e+00 2.979923e+00 4.816288e+00 2.979923e+00 0.000000e+00 
2.979933e+00 5.000000e+00 2.979933e+00 4.816288e+00 2.979933e+00 0.000000e+00 
2.979943e+00 5.000000e+00 2.979943e+00 4.816288e+00 2.979943e+00 0.000000e+00 
2.979953e+00 5.000000e+00 2.979953e+00 4.816288e+00 2.979953e+00 0.000000e+00 
2.979963e+00 5.000000e+00 2.979963e+00 4.816288e+00 2.979963e+00 0.000000e+00 
2.979973e+00 5.000000e+00 2.979973e+00 4.816288e+00 2.979973e+00 0.000000e+00 
2.979983e+00 5.000000e+00 2.979983e+00 4.816288e+00 2.979983e+00 0.000000e+00 
2.979993e+00 5.000000e+00 2.979993e+00 4.816288e+00 2.979993e+00 0.000000e+00 
2.980003e+00 5.000000e+00 2.980003e+00 4.816288e+00 2.980003e+00 0.000000e+00 
2.980013e+00 5.000000e+00 2.980013e+00 4.816288e+00 2.980013e+00 0.000000e+00 
2.980023e+00 5.000000e+00 2.980023e+00 4.816288e+00 2.980023e+00 0.000000e+00 
2.980033e+00 5.000000e+00 2.980033e+00 4.816288e+00 2.980033e+00 0.000000e+00 
2.980043e+00 5.000000e+00 2.980043e+00 4.816288e+00 2.980043e+00 0.000000e+00 
2.980053e+00 5.000000e+00 2.980053e+00 4.816288e+00 2.980053e+00 0.000000e+00 
2.980063e+00 5.000000e+00 2.980063e+00 4.816288e+00 2.980063e+00 0.000000e+00 
2.980073e+00 5.000000e+00 2.980073e+00 4.816288e+00 2.980073e+00 0.000000e+00 
2.980083e+00 5.000000e+00 2.980083e+00 4.816288e+00 2.980083e+00 0.000000e+00 
2.980093e+00 5.000000e+00 2.980093e+00 4.816288e+00 2.980093e+00 0.000000e+00 
2.980103e+00 5.000000e+00 2.980103e+00 4.816288e+00 2.980103e+00 0.000000e+00 
2.980113e+00 5.000000e+00 2.980113e+00 4.816288e+00 2.980113e+00 0.000000e+00 
2.980123e+00 5.000000e+00 2.980123e+00 4.816288e+00 2.980123e+00 0.000000e+00 
2.980133e+00 5.000000e+00 2.980133e+00 4.816288e+00 2.980133e+00 0.000000e+00 
2.980143e+00 5.000000e+00 2.980143e+00 4.816288e+00 2.980143e+00 0.000000e+00 
2.980153e+00 5.000000e+00 2.980153e+00 4.816288e+00 2.980153e+00 0.000000e+00 
2.980163e+00 5.000000e+00 2.980163e+00 4.816288e+00 2.980163e+00 0.000000e+00 
2.980173e+00 5.000000e+00 2.980173e+00 4.816288e+00 2.980173e+00 0.000000e+00 
2.980183e+00 5.000000e+00 2.980183e+00 4.816288e+00 2.980183e+00 0.000000e+00 
2.980193e+00 5.000000e+00 2.980193e+00 4.816288e+00 2.980193e+00 0.000000e+00 
2.980203e+00 5.000000e+00 2.980203e+00 4.816288e+00 2.980203e+00 0.000000e+00 
2.980213e+00 5.000000e+00 2.980213e+00 4.816288e+00 2.980213e+00 0.000000e+00 
2.980223e+00 5.000000e+00 2.980223e+00 4.816288e+00 2.980223e+00 0.000000e+00 
2.980233e+00 5.000000e+00 2.980233e+00 4.816288e+00 2.980233e+00 0.000000e+00 
2.980243e+00 5.000000e+00 2.980243e+00 4.816288e+00 2.980243e+00 0.000000e+00 
2.980253e+00 5.000000e+00 2.980253e+00 4.816288e+00 2.980253e+00 0.000000e+00 
2.980263e+00 5.000000e+00 2.980263e+00 4.816288e+00 2.980263e+00 0.000000e+00 
2.980273e+00 5.000000e+00 2.980273e+00 4.816288e+00 2.980273e+00 0.000000e+00 
2.980283e+00 5.000000e+00 2.980283e+00 4.816288e+00 2.980283e+00 0.000000e+00 
2.980293e+00 5.000000e+00 2.980293e+00 4.816288e+00 2.980293e+00 0.000000e+00 
2.980303e+00 5.000000e+00 2.980303e+00 4.816288e+00 2.980303e+00 0.000000e+00 
2.980313e+00 5.000000e+00 2.980313e+00 4.816288e+00 2.980313e+00 0.000000e+00 
2.980323e+00 5.000000e+00 2.980323e+00 4.816288e+00 2.980323e+00 0.000000e+00 
2.980333e+00 5.000000e+00 2.980333e+00 4.816288e+00 2.980333e+00 0.000000e+00 
2.980343e+00 5.000000e+00 2.980343e+00 4.816288e+00 2.980343e+00 0.000000e+00 
2.980353e+00 5.000000e+00 2.980353e+00 4.816288e+00 2.980353e+00 0.000000e+00 
2.980363e+00 5.000000e+00 2.980363e+00 4.816288e+00 2.980363e+00 0.000000e+00 
2.980373e+00 5.000000e+00 2.980373e+00 4.816288e+00 2.980373e+00 0.000000e+00 
2.980383e+00 5.000000e+00 2.980383e+00 4.816288e+00 2.980383e+00 0.000000e+00 
2.980393e+00 5.000000e+00 2.980393e+00 4.816288e+00 2.980393e+00 0.000000e+00 
2.980403e+00 5.000000e+00 2.980403e+00 4.816288e+00 2.980403e+00 0.000000e+00 
2.980413e+00 5.000000e+00 2.980413e+00 4.816288e+00 2.980413e+00 0.000000e+00 
2.980423e+00 5.000000e+00 2.980423e+00 4.816288e+00 2.980423e+00 0.000000e+00 
2.980433e+00 5.000000e+00 2.980433e+00 4.816288e+00 2.980433e+00 0.000000e+00 
2.980443e+00 5.000000e+00 2.980443e+00 4.816288e+00 2.980443e+00 0.000000e+00 
2.980453e+00 5.000000e+00 2.980453e+00 4.816288e+00 2.980453e+00 0.000000e+00 
2.980463e+00 5.000000e+00 2.980463e+00 4.816288e+00 2.980463e+00 0.000000e+00 
2.980473e+00 5.000000e+00 2.980473e+00 4.816288e+00 2.980473e+00 0.000000e+00 
2.980483e+00 5.000000e+00 2.980483e+00 4.816288e+00 2.980483e+00 0.000000e+00 
2.980493e+00 5.000000e+00 2.980493e+00 4.816288e+00 2.980493e+00 0.000000e+00 
2.980503e+00 5.000000e+00 2.980503e+00 4.816288e+00 2.980503e+00 0.000000e+00 
2.980513e+00 5.000000e+00 2.980513e+00 4.816288e+00 2.980513e+00 0.000000e+00 
2.980523e+00 5.000000e+00 2.980523e+00 4.816288e+00 2.980523e+00 0.000000e+00 
2.980533e+00 5.000000e+00 2.980533e+00 4.816288e+00 2.980533e+00 0.000000e+00 
2.980543e+00 5.000000e+00 2.980543e+00 4.816288e+00 2.980543e+00 0.000000e+00 
2.980553e+00 5.000000e+00 2.980553e+00 4.816288e+00 2.980553e+00 0.000000e+00 
2.980563e+00 5.000000e+00 2.980563e+00 4.816288e+00 2.980563e+00 0.000000e+00 
2.980573e+00 5.000000e+00 2.980573e+00 4.816288e+00 2.980573e+00 0.000000e+00 
2.980583e+00 5.000000e+00 2.980583e+00 4.816288e+00 2.980583e+00 0.000000e+00 
2.980593e+00 5.000000e+00 2.980593e+00 4.816288e+00 2.980593e+00 0.000000e+00 
2.980603e+00 5.000000e+00 2.980603e+00 4.816288e+00 2.980603e+00 0.000000e+00 
2.980613e+00 5.000000e+00 2.980613e+00 4.816288e+00 2.980613e+00 0.000000e+00 
2.980623e+00 5.000000e+00 2.980623e+00 4.816288e+00 2.980623e+00 0.000000e+00 
2.980633e+00 5.000000e+00 2.980633e+00 4.816288e+00 2.980633e+00 0.000000e+00 
2.980643e+00 5.000000e+00 2.980643e+00 4.816288e+00 2.980643e+00 0.000000e+00 
2.980653e+00 5.000000e+00 2.980653e+00 4.816288e+00 2.980653e+00 0.000000e+00 
2.980663e+00 5.000000e+00 2.980663e+00 4.816288e+00 2.980663e+00 0.000000e+00 
2.980673e+00 5.000000e+00 2.980673e+00 4.816288e+00 2.980673e+00 0.000000e+00 
2.980683e+00 5.000000e+00 2.980683e+00 4.816288e+00 2.980683e+00 0.000000e+00 
2.980693e+00 5.000000e+00 2.980693e+00 4.816288e+00 2.980693e+00 0.000000e+00 
2.980703e+00 5.000000e+00 2.980703e+00 4.816288e+00 2.980703e+00 0.000000e+00 
2.980713e+00 5.000000e+00 2.980713e+00 4.816288e+00 2.980713e+00 0.000000e+00 
2.980723e+00 5.000000e+00 2.980723e+00 4.816288e+00 2.980723e+00 0.000000e+00 
2.980733e+00 5.000000e+00 2.980733e+00 4.816288e+00 2.980733e+00 0.000000e+00 
2.980743e+00 5.000000e+00 2.980743e+00 4.816288e+00 2.980743e+00 0.000000e+00 
2.980753e+00 5.000000e+00 2.980753e+00 4.816288e+00 2.980753e+00 0.000000e+00 
2.980763e+00 5.000000e+00 2.980763e+00 4.816288e+00 2.980763e+00 0.000000e+00 
2.980773e+00 5.000000e+00 2.980773e+00 4.816288e+00 2.980773e+00 0.000000e+00 
2.980783e+00 5.000000e+00 2.980783e+00 4.816288e+00 2.980783e+00 0.000000e+00 
2.980793e+00 5.000000e+00 2.980793e+00 4.816288e+00 2.980793e+00 0.000000e+00 
2.980803e+00 5.000000e+00 2.980803e+00 4.816288e+00 2.980803e+00 0.000000e+00 
2.980813e+00 5.000000e+00 2.980813e+00 4.816288e+00 2.980813e+00 0.000000e+00 
2.980823e+00 5.000000e+00 2.980823e+00 4.816288e+00 2.980823e+00 0.000000e+00 
2.980833e+00 5.000000e+00 2.980833e+00 4.816288e+00 2.980833e+00 0.000000e+00 
2.980843e+00 5.000000e+00 2.980843e+00 4.816288e+00 2.980843e+00 0.000000e+00 
2.980853e+00 5.000000e+00 2.980853e+00 4.816288e+00 2.980853e+00 0.000000e+00 
2.980863e+00 5.000000e+00 2.980863e+00 4.816288e+00 2.980863e+00 0.000000e+00 
2.980873e+00 5.000000e+00 2.980873e+00 4.816288e+00 2.980873e+00 0.000000e+00 
2.980883e+00 5.000000e+00 2.980883e+00 4.816288e+00 2.980883e+00 0.000000e+00 
2.980893e+00 5.000000e+00 2.980893e+00 4.816288e+00 2.980893e+00 0.000000e+00 
2.980903e+00 5.000000e+00 2.980903e+00 4.816288e+00 2.980903e+00 0.000000e+00 
2.980913e+00 5.000000e+00 2.980913e+00 4.816288e+00 2.980913e+00 0.000000e+00 
2.980923e+00 5.000000e+00 2.980923e+00 4.816288e+00 2.980923e+00 0.000000e+00 
2.980933e+00 5.000000e+00 2.980933e+00 4.816288e+00 2.980933e+00 0.000000e+00 
2.980943e+00 5.000000e+00 2.980943e+00 4.816288e+00 2.980943e+00 0.000000e+00 
2.980953e+00 5.000000e+00 2.980953e+00 4.816288e+00 2.980953e+00 0.000000e+00 
2.980963e+00 5.000000e+00 2.980963e+00 4.816288e+00 2.980963e+00 0.000000e+00 
2.980973e+00 5.000000e+00 2.980973e+00 4.816288e+00 2.980973e+00 0.000000e+00 
2.980983e+00 5.000000e+00 2.980983e+00 4.816288e+00 2.980983e+00 0.000000e+00 
2.980993e+00 5.000000e+00 2.980993e+00 4.816288e+00 2.980993e+00 0.000000e+00 
2.981003e+00 5.000000e+00 2.981003e+00 4.816288e+00 2.981003e+00 0.000000e+00 
2.981013e+00 5.000000e+00 2.981013e+00 4.816288e+00 2.981013e+00 0.000000e+00 
2.981023e+00 5.000000e+00 2.981023e+00 4.816288e+00 2.981023e+00 0.000000e+00 
2.981033e+00 5.000000e+00 2.981033e+00 4.816288e+00 2.981033e+00 0.000000e+00 
2.981043e+00 5.000000e+00 2.981043e+00 4.816288e+00 2.981043e+00 0.000000e+00 
2.981053e+00 5.000000e+00 2.981053e+00 4.816288e+00 2.981053e+00 0.000000e+00 
2.981063e+00 5.000000e+00 2.981063e+00 4.816288e+00 2.981063e+00 0.000000e+00 
2.981073e+00 5.000000e+00 2.981073e+00 4.816288e+00 2.981073e+00 0.000000e+00 
2.981083e+00 5.000000e+00 2.981083e+00 4.816288e+00 2.981083e+00 0.000000e+00 
2.981093e+00 5.000000e+00 2.981093e+00 4.816288e+00 2.981093e+00 0.000000e+00 
2.981103e+00 5.000000e+00 2.981103e+00 4.816288e+00 2.981103e+00 0.000000e+00 
2.981113e+00 5.000000e+00 2.981113e+00 4.816288e+00 2.981113e+00 0.000000e+00 
2.981123e+00 5.000000e+00 2.981123e+00 4.816288e+00 2.981123e+00 0.000000e+00 
2.981133e+00 5.000000e+00 2.981133e+00 4.816288e+00 2.981133e+00 0.000000e+00 
2.981143e+00 5.000000e+00 2.981143e+00 4.816288e+00 2.981143e+00 0.000000e+00 
2.981153e+00 5.000000e+00 2.981153e+00 4.816288e+00 2.981153e+00 0.000000e+00 
2.981163e+00 5.000000e+00 2.981163e+00 4.816288e+00 2.981163e+00 0.000000e+00 
2.981173e+00 5.000000e+00 2.981173e+00 4.816288e+00 2.981173e+00 0.000000e+00 
2.981183e+00 5.000000e+00 2.981183e+00 4.816288e+00 2.981183e+00 0.000000e+00 
2.981193e+00 5.000000e+00 2.981193e+00 4.816288e+00 2.981193e+00 0.000000e+00 
2.981203e+00 5.000000e+00 2.981203e+00 4.816288e+00 2.981203e+00 0.000000e+00 
2.981213e+00 5.000000e+00 2.981213e+00 4.816288e+00 2.981213e+00 0.000000e+00 
2.981223e+00 5.000000e+00 2.981223e+00 4.816288e+00 2.981223e+00 0.000000e+00 
2.981233e+00 5.000000e+00 2.981233e+00 4.816288e+00 2.981233e+00 0.000000e+00 
2.981243e+00 5.000000e+00 2.981243e+00 4.816288e+00 2.981243e+00 0.000000e+00 
2.981253e+00 5.000000e+00 2.981253e+00 4.816288e+00 2.981253e+00 0.000000e+00 
2.981263e+00 5.000000e+00 2.981263e+00 4.816288e+00 2.981263e+00 0.000000e+00 
2.981273e+00 5.000000e+00 2.981273e+00 4.816288e+00 2.981273e+00 0.000000e+00 
2.981283e+00 5.000000e+00 2.981283e+00 4.816288e+00 2.981283e+00 0.000000e+00 
2.981293e+00 5.000000e+00 2.981293e+00 4.816288e+00 2.981293e+00 0.000000e+00 
2.981303e+00 5.000000e+00 2.981303e+00 4.816288e+00 2.981303e+00 0.000000e+00 
2.981313e+00 5.000000e+00 2.981313e+00 4.816288e+00 2.981313e+00 0.000000e+00 
2.981323e+00 5.000000e+00 2.981323e+00 4.816288e+00 2.981323e+00 0.000000e+00 
2.981333e+00 5.000000e+00 2.981333e+00 4.816288e+00 2.981333e+00 0.000000e+00 
2.981343e+00 5.000000e+00 2.981343e+00 4.816288e+00 2.981343e+00 0.000000e+00 
2.981353e+00 5.000000e+00 2.981353e+00 4.816288e+00 2.981353e+00 0.000000e+00 
2.981363e+00 5.000000e+00 2.981363e+00 4.816288e+00 2.981363e+00 0.000000e+00 
2.981373e+00 5.000000e+00 2.981373e+00 4.816288e+00 2.981373e+00 0.000000e+00 
2.981383e+00 5.000000e+00 2.981383e+00 4.816288e+00 2.981383e+00 0.000000e+00 
2.981393e+00 5.000000e+00 2.981393e+00 4.816288e+00 2.981393e+00 0.000000e+00 
2.981403e+00 5.000000e+00 2.981403e+00 4.816288e+00 2.981403e+00 0.000000e+00 
2.981413e+00 5.000000e+00 2.981413e+00 4.816288e+00 2.981413e+00 0.000000e+00 
2.981423e+00 5.000000e+00 2.981423e+00 4.816288e+00 2.981423e+00 0.000000e+00 
2.981433e+00 5.000000e+00 2.981433e+00 4.816288e+00 2.981433e+00 0.000000e+00 
2.981443e+00 5.000000e+00 2.981443e+00 4.816288e+00 2.981443e+00 0.000000e+00 
2.981453e+00 5.000000e+00 2.981453e+00 4.816288e+00 2.981453e+00 0.000000e+00 
2.981463e+00 5.000000e+00 2.981463e+00 4.816288e+00 2.981463e+00 0.000000e+00 
2.981473e+00 5.000000e+00 2.981473e+00 4.816288e+00 2.981473e+00 0.000000e+00 
2.981483e+00 5.000000e+00 2.981483e+00 4.816288e+00 2.981483e+00 0.000000e+00 
2.981493e+00 5.000000e+00 2.981493e+00 4.816288e+00 2.981493e+00 0.000000e+00 
2.981503e+00 5.000000e+00 2.981503e+00 4.816288e+00 2.981503e+00 0.000000e+00 
2.981513e+00 5.000000e+00 2.981513e+00 4.816288e+00 2.981513e+00 0.000000e+00 
2.981523e+00 5.000000e+00 2.981523e+00 4.816288e+00 2.981523e+00 0.000000e+00 
2.981533e+00 5.000000e+00 2.981533e+00 4.816288e+00 2.981533e+00 0.000000e+00 
2.981543e+00 5.000000e+00 2.981543e+00 4.816288e+00 2.981543e+00 0.000000e+00 
2.981553e+00 5.000000e+00 2.981553e+00 4.816288e+00 2.981553e+00 0.000000e+00 
2.981563e+00 5.000000e+00 2.981563e+00 4.816288e+00 2.981563e+00 0.000000e+00 
2.981573e+00 5.000000e+00 2.981573e+00 4.816288e+00 2.981573e+00 0.000000e+00 
2.981583e+00 5.000000e+00 2.981583e+00 4.816288e+00 2.981583e+00 0.000000e+00 
2.981593e+00 5.000000e+00 2.981593e+00 4.816288e+00 2.981593e+00 0.000000e+00 
2.981603e+00 5.000000e+00 2.981603e+00 4.816288e+00 2.981603e+00 0.000000e+00 
2.981613e+00 5.000000e+00 2.981613e+00 4.816288e+00 2.981613e+00 0.000000e+00 
2.981623e+00 5.000000e+00 2.981623e+00 4.816288e+00 2.981623e+00 0.000000e+00 
2.981633e+00 5.000000e+00 2.981633e+00 4.816288e+00 2.981633e+00 0.000000e+00 
2.981643e+00 5.000000e+00 2.981643e+00 4.816288e+00 2.981643e+00 0.000000e+00 
2.981653e+00 5.000000e+00 2.981653e+00 4.816288e+00 2.981653e+00 0.000000e+00 
2.981663e+00 5.000000e+00 2.981663e+00 4.816288e+00 2.981663e+00 0.000000e+00 
2.981673e+00 5.000000e+00 2.981673e+00 4.816288e+00 2.981673e+00 0.000000e+00 
2.981683e+00 5.000000e+00 2.981683e+00 4.816288e+00 2.981683e+00 0.000000e+00 
2.981693e+00 5.000000e+00 2.981693e+00 4.816288e+00 2.981693e+00 0.000000e+00 
2.981703e+00 5.000000e+00 2.981703e+00 4.816288e+00 2.981703e+00 0.000000e+00 
2.981713e+00 5.000000e+00 2.981713e+00 4.816288e+00 2.981713e+00 0.000000e+00 
2.981723e+00 5.000000e+00 2.981723e+00 4.816288e+00 2.981723e+00 0.000000e+00 
2.981733e+00 5.000000e+00 2.981733e+00 4.816288e+00 2.981733e+00 0.000000e+00 
2.981743e+00 5.000000e+00 2.981743e+00 4.816288e+00 2.981743e+00 0.000000e+00 
2.981753e+00 5.000000e+00 2.981753e+00 4.816288e+00 2.981753e+00 0.000000e+00 
2.981763e+00 5.000000e+00 2.981763e+00 4.816288e+00 2.981763e+00 0.000000e+00 
2.981773e+00 5.000000e+00 2.981773e+00 4.816288e+00 2.981773e+00 0.000000e+00 
2.981783e+00 5.000000e+00 2.981783e+00 4.816288e+00 2.981783e+00 0.000000e+00 
2.981793e+00 5.000000e+00 2.981793e+00 4.816288e+00 2.981793e+00 0.000000e+00 
2.981803e+00 5.000000e+00 2.981803e+00 4.816288e+00 2.981803e+00 0.000000e+00 
2.981813e+00 5.000000e+00 2.981813e+00 4.816288e+00 2.981813e+00 0.000000e+00 
2.981823e+00 5.000000e+00 2.981823e+00 4.816288e+00 2.981823e+00 0.000000e+00 
2.981833e+00 5.000000e+00 2.981833e+00 4.816288e+00 2.981833e+00 0.000000e+00 
2.981843e+00 5.000000e+00 2.981843e+00 4.816288e+00 2.981843e+00 0.000000e+00 
2.981853e+00 5.000000e+00 2.981853e+00 4.816288e+00 2.981853e+00 0.000000e+00 
2.981863e+00 5.000000e+00 2.981863e+00 4.816288e+00 2.981863e+00 0.000000e+00 
2.981873e+00 5.000000e+00 2.981873e+00 4.816288e+00 2.981873e+00 0.000000e+00 
2.981883e+00 5.000000e+00 2.981883e+00 4.816288e+00 2.981883e+00 0.000000e+00 
2.981893e+00 5.000000e+00 2.981893e+00 4.816288e+00 2.981893e+00 0.000000e+00 
2.981903e+00 5.000000e+00 2.981903e+00 4.816288e+00 2.981903e+00 0.000000e+00 
2.981913e+00 5.000000e+00 2.981913e+00 4.816288e+00 2.981913e+00 0.000000e+00 
2.981923e+00 5.000000e+00 2.981923e+00 4.816288e+00 2.981923e+00 0.000000e+00 
2.981933e+00 5.000000e+00 2.981933e+00 4.816288e+00 2.981933e+00 0.000000e+00 
2.981943e+00 5.000000e+00 2.981943e+00 4.816288e+00 2.981943e+00 0.000000e+00 
2.981953e+00 5.000000e+00 2.981953e+00 4.816288e+00 2.981953e+00 0.000000e+00 
2.981963e+00 5.000000e+00 2.981963e+00 4.816288e+00 2.981963e+00 0.000000e+00 
2.981973e+00 5.000000e+00 2.981973e+00 4.816288e+00 2.981973e+00 0.000000e+00 
2.981983e+00 5.000000e+00 2.981983e+00 4.816288e+00 2.981983e+00 0.000000e+00 
2.981993e+00 5.000000e+00 2.981993e+00 4.816288e+00 2.981993e+00 0.000000e+00 
2.982003e+00 5.000000e+00 2.982003e+00 4.816288e+00 2.982003e+00 0.000000e+00 
2.982013e+00 5.000000e+00 2.982013e+00 4.816288e+00 2.982013e+00 0.000000e+00 
2.982023e+00 5.000000e+00 2.982023e+00 4.816288e+00 2.982023e+00 0.000000e+00 
2.982033e+00 5.000000e+00 2.982033e+00 4.816288e+00 2.982033e+00 0.000000e+00 
2.982043e+00 5.000000e+00 2.982043e+00 4.816288e+00 2.982043e+00 0.000000e+00 
2.982053e+00 5.000000e+00 2.982053e+00 4.816288e+00 2.982053e+00 0.000000e+00 
2.982063e+00 5.000000e+00 2.982063e+00 4.816288e+00 2.982063e+00 0.000000e+00 
2.982073e+00 5.000000e+00 2.982073e+00 4.816288e+00 2.982073e+00 0.000000e+00 
2.982083e+00 5.000000e+00 2.982083e+00 4.816288e+00 2.982083e+00 0.000000e+00 
2.982093e+00 5.000000e+00 2.982093e+00 4.816288e+00 2.982093e+00 0.000000e+00 
2.982103e+00 5.000000e+00 2.982103e+00 4.816288e+00 2.982103e+00 0.000000e+00 
2.982113e+00 5.000000e+00 2.982113e+00 4.816288e+00 2.982113e+00 0.000000e+00 
2.982123e+00 5.000000e+00 2.982123e+00 4.816288e+00 2.982123e+00 0.000000e+00 
2.982133e+00 5.000000e+00 2.982133e+00 4.816288e+00 2.982133e+00 0.000000e+00 
2.982143e+00 5.000000e+00 2.982143e+00 4.816288e+00 2.982143e+00 0.000000e+00 
2.982153e+00 5.000000e+00 2.982153e+00 4.816288e+00 2.982153e+00 0.000000e+00 
2.982163e+00 5.000000e+00 2.982163e+00 4.816288e+00 2.982163e+00 0.000000e+00 
2.982173e+00 5.000000e+00 2.982173e+00 4.816288e+00 2.982173e+00 0.000000e+00 
2.982183e+00 5.000000e+00 2.982183e+00 4.816288e+00 2.982183e+00 0.000000e+00 
2.982193e+00 5.000000e+00 2.982193e+00 4.816288e+00 2.982193e+00 0.000000e+00 
2.982203e+00 5.000000e+00 2.982203e+00 4.816288e+00 2.982203e+00 0.000000e+00 
2.982213e+00 5.000000e+00 2.982213e+00 4.816288e+00 2.982213e+00 0.000000e+00 
2.982223e+00 5.000000e+00 2.982223e+00 4.816288e+00 2.982223e+00 0.000000e+00 
2.982233e+00 5.000000e+00 2.982233e+00 4.816288e+00 2.982233e+00 0.000000e+00 
2.982243e+00 5.000000e+00 2.982243e+00 4.816288e+00 2.982243e+00 0.000000e+00 
2.982253e+00 5.000000e+00 2.982253e+00 4.816288e+00 2.982253e+00 0.000000e+00 
2.982263e+00 5.000000e+00 2.982263e+00 4.816288e+00 2.982263e+00 0.000000e+00 
2.982273e+00 5.000000e+00 2.982273e+00 4.816288e+00 2.982273e+00 0.000000e+00 
2.982283e+00 5.000000e+00 2.982283e+00 4.816288e+00 2.982283e+00 0.000000e+00 
2.982293e+00 5.000000e+00 2.982293e+00 4.816288e+00 2.982293e+00 0.000000e+00 
2.982303e+00 5.000000e+00 2.982303e+00 4.816288e+00 2.982303e+00 0.000000e+00 
2.982313e+00 5.000000e+00 2.982313e+00 4.816288e+00 2.982313e+00 0.000000e+00 
2.982323e+00 5.000000e+00 2.982323e+00 4.816288e+00 2.982323e+00 0.000000e+00 
2.982333e+00 5.000000e+00 2.982333e+00 4.816288e+00 2.982333e+00 0.000000e+00 
2.982343e+00 5.000000e+00 2.982343e+00 4.816288e+00 2.982343e+00 0.000000e+00 
2.982353e+00 5.000000e+00 2.982353e+00 4.816288e+00 2.982353e+00 0.000000e+00 
2.982363e+00 5.000000e+00 2.982363e+00 4.816288e+00 2.982363e+00 0.000000e+00 
2.982373e+00 5.000000e+00 2.982373e+00 4.816288e+00 2.982373e+00 0.000000e+00 
2.982383e+00 5.000000e+00 2.982383e+00 4.816288e+00 2.982383e+00 0.000000e+00 
2.982393e+00 5.000000e+00 2.982393e+00 4.816288e+00 2.982393e+00 0.000000e+00 
2.982403e+00 5.000000e+00 2.982403e+00 4.816288e+00 2.982403e+00 0.000000e+00 
2.982413e+00 5.000000e+00 2.982413e+00 4.816288e+00 2.982413e+00 0.000000e+00 
2.982423e+00 5.000000e+00 2.982423e+00 4.816288e+00 2.982423e+00 0.000000e+00 
2.982433e+00 5.000000e+00 2.982433e+00 4.816288e+00 2.982433e+00 0.000000e+00 
2.982443e+00 5.000000e+00 2.982443e+00 4.816288e+00 2.982443e+00 0.000000e+00 
2.982453e+00 5.000000e+00 2.982453e+00 4.816288e+00 2.982453e+00 0.000000e+00 
2.982463e+00 5.000000e+00 2.982463e+00 4.816288e+00 2.982463e+00 0.000000e+00 
2.982473e+00 5.000000e+00 2.982473e+00 4.816288e+00 2.982473e+00 0.000000e+00 
2.982483e+00 5.000000e+00 2.982483e+00 4.816288e+00 2.982483e+00 0.000000e+00 
2.982493e+00 5.000000e+00 2.982493e+00 4.816288e+00 2.982493e+00 0.000000e+00 
2.982503e+00 5.000000e+00 2.982503e+00 4.816288e+00 2.982503e+00 0.000000e+00 
2.982513e+00 5.000000e+00 2.982513e+00 4.816288e+00 2.982513e+00 0.000000e+00 
2.982523e+00 5.000000e+00 2.982523e+00 4.816288e+00 2.982523e+00 0.000000e+00 
2.982533e+00 5.000000e+00 2.982533e+00 4.816288e+00 2.982533e+00 0.000000e+00 
2.982543e+00 5.000000e+00 2.982543e+00 4.816288e+00 2.982543e+00 0.000000e+00 
2.982553e+00 5.000000e+00 2.982553e+00 4.816288e+00 2.982553e+00 0.000000e+00 
2.982563e+00 5.000000e+00 2.982563e+00 4.816288e+00 2.982563e+00 0.000000e+00 
2.982573e+00 5.000000e+00 2.982573e+00 4.816288e+00 2.982573e+00 0.000000e+00 
2.982583e+00 5.000000e+00 2.982583e+00 4.816288e+00 2.982583e+00 0.000000e+00 
2.982593e+00 5.000000e+00 2.982593e+00 4.816288e+00 2.982593e+00 0.000000e+00 
2.982603e+00 5.000000e+00 2.982603e+00 4.816288e+00 2.982603e+00 0.000000e+00 
2.982613e+00 5.000000e+00 2.982613e+00 4.816288e+00 2.982613e+00 0.000000e+00 
2.982623e+00 5.000000e+00 2.982623e+00 4.816288e+00 2.982623e+00 0.000000e+00 
2.982633e+00 5.000000e+00 2.982633e+00 4.816288e+00 2.982633e+00 0.000000e+00 
2.982643e+00 5.000000e+00 2.982643e+00 4.816288e+00 2.982643e+00 0.000000e+00 
2.982653e+00 5.000000e+00 2.982653e+00 4.816288e+00 2.982653e+00 0.000000e+00 
2.982663e+00 5.000000e+00 2.982663e+00 4.816288e+00 2.982663e+00 0.000000e+00 
2.982673e+00 5.000000e+00 2.982673e+00 4.816288e+00 2.982673e+00 0.000000e+00 
2.982683e+00 5.000000e+00 2.982683e+00 4.816288e+00 2.982683e+00 0.000000e+00 
2.982693e+00 5.000000e+00 2.982693e+00 4.816288e+00 2.982693e+00 0.000000e+00 
2.982703e+00 5.000000e+00 2.982703e+00 4.816288e+00 2.982703e+00 0.000000e+00 
2.982713e+00 5.000000e+00 2.982713e+00 4.816288e+00 2.982713e+00 0.000000e+00 
2.982723e+00 5.000000e+00 2.982723e+00 4.816288e+00 2.982723e+00 0.000000e+00 
2.982733e+00 5.000000e+00 2.982733e+00 4.816288e+00 2.982733e+00 0.000000e+00 
2.982743e+00 5.000000e+00 2.982743e+00 4.816288e+00 2.982743e+00 0.000000e+00 
2.982753e+00 5.000000e+00 2.982753e+00 4.816288e+00 2.982753e+00 0.000000e+00 
2.982763e+00 5.000000e+00 2.982763e+00 4.816288e+00 2.982763e+00 0.000000e+00 
2.982773e+00 5.000000e+00 2.982773e+00 4.816288e+00 2.982773e+00 0.000000e+00 
2.982783e+00 5.000000e+00 2.982783e+00 4.816288e+00 2.982783e+00 0.000000e+00 
2.982793e+00 5.000000e+00 2.982793e+00 4.816288e+00 2.982793e+00 0.000000e+00 
2.982803e+00 5.000000e+00 2.982803e+00 4.816288e+00 2.982803e+00 0.000000e+00 
2.982813e+00 5.000000e+00 2.982813e+00 4.816288e+00 2.982813e+00 0.000000e+00 
2.982823e+00 5.000000e+00 2.982823e+00 4.816288e+00 2.982823e+00 0.000000e+00 
2.982833e+00 5.000000e+00 2.982833e+00 4.816288e+00 2.982833e+00 0.000000e+00 
2.982843e+00 5.000000e+00 2.982843e+00 4.816288e+00 2.982843e+00 0.000000e+00 
2.982853e+00 5.000000e+00 2.982853e+00 4.816288e+00 2.982853e+00 0.000000e+00 
2.982863e+00 5.000000e+00 2.982863e+00 4.816288e+00 2.982863e+00 0.000000e+00 
2.982873e+00 5.000000e+00 2.982873e+00 4.816288e+00 2.982873e+00 0.000000e+00 
2.982883e+00 5.000000e+00 2.982883e+00 4.816288e+00 2.982883e+00 0.000000e+00 
2.982893e+00 5.000000e+00 2.982893e+00 4.816288e+00 2.982893e+00 0.000000e+00 
2.982903e+00 5.000000e+00 2.982903e+00 4.816288e+00 2.982903e+00 0.000000e+00 
2.982913e+00 5.000000e+00 2.982913e+00 4.816288e+00 2.982913e+00 0.000000e+00 
2.982923e+00 5.000000e+00 2.982923e+00 4.816288e+00 2.982923e+00 0.000000e+00 
2.982933e+00 5.000000e+00 2.982933e+00 4.816288e+00 2.982933e+00 0.000000e+00 
2.982943e+00 5.000000e+00 2.982943e+00 4.816288e+00 2.982943e+00 0.000000e+00 
2.982953e+00 5.000000e+00 2.982953e+00 4.816288e+00 2.982953e+00 0.000000e+00 
2.982963e+00 5.000000e+00 2.982963e+00 4.816288e+00 2.982963e+00 0.000000e+00 
2.982973e+00 5.000000e+00 2.982973e+00 4.816288e+00 2.982973e+00 0.000000e+00 
2.982983e+00 5.000000e+00 2.982983e+00 4.816288e+00 2.982983e+00 0.000000e+00 
2.982993e+00 5.000000e+00 2.982993e+00 4.816288e+00 2.982993e+00 0.000000e+00 
2.983003e+00 5.000000e+00 2.983003e+00 4.816288e+00 2.983003e+00 0.000000e+00 
2.983013e+00 5.000000e+00 2.983013e+00 4.816288e+00 2.983013e+00 0.000000e+00 
2.983023e+00 5.000000e+00 2.983023e+00 4.816288e+00 2.983023e+00 0.000000e+00 
2.983033e+00 5.000000e+00 2.983033e+00 4.816288e+00 2.983033e+00 0.000000e+00 
2.983043e+00 5.000000e+00 2.983043e+00 4.816288e+00 2.983043e+00 0.000000e+00 
2.983053e+00 5.000000e+00 2.983053e+00 4.816288e+00 2.983053e+00 0.000000e+00 
2.983063e+00 5.000000e+00 2.983063e+00 4.816288e+00 2.983063e+00 0.000000e+00 
2.983073e+00 5.000000e+00 2.983073e+00 4.816288e+00 2.983073e+00 0.000000e+00 
2.983083e+00 5.000000e+00 2.983083e+00 4.816288e+00 2.983083e+00 0.000000e+00 
2.983093e+00 5.000000e+00 2.983093e+00 4.816288e+00 2.983093e+00 0.000000e+00 
2.983103e+00 5.000000e+00 2.983103e+00 4.816288e+00 2.983103e+00 0.000000e+00 
2.983113e+00 5.000000e+00 2.983113e+00 4.816288e+00 2.983113e+00 0.000000e+00 
2.983123e+00 5.000000e+00 2.983123e+00 4.816288e+00 2.983123e+00 0.000000e+00 
2.983133e+00 5.000000e+00 2.983133e+00 4.816288e+00 2.983133e+00 0.000000e+00 
2.983143e+00 5.000000e+00 2.983143e+00 4.816288e+00 2.983143e+00 0.000000e+00 
2.983153e+00 5.000000e+00 2.983153e+00 4.816288e+00 2.983153e+00 0.000000e+00 
2.983163e+00 5.000000e+00 2.983163e+00 4.816288e+00 2.983163e+00 0.000000e+00 
2.983173e+00 5.000000e+00 2.983173e+00 4.816288e+00 2.983173e+00 0.000000e+00 
2.983183e+00 5.000000e+00 2.983183e+00 4.816288e+00 2.983183e+00 0.000000e+00 
2.983193e+00 5.000000e+00 2.983193e+00 4.816288e+00 2.983193e+00 0.000000e+00 
2.983203e+00 5.000000e+00 2.983203e+00 4.816288e+00 2.983203e+00 0.000000e+00 
2.983213e+00 5.000000e+00 2.983213e+00 4.816288e+00 2.983213e+00 0.000000e+00 
2.983223e+00 5.000000e+00 2.983223e+00 4.816288e+00 2.983223e+00 0.000000e+00 
2.983233e+00 5.000000e+00 2.983233e+00 4.816288e+00 2.983233e+00 0.000000e+00 
2.983243e+00 5.000000e+00 2.983243e+00 4.816288e+00 2.983243e+00 0.000000e+00 
2.983253e+00 5.000000e+00 2.983253e+00 4.816288e+00 2.983253e+00 0.000000e+00 
2.983263e+00 5.000000e+00 2.983263e+00 4.816288e+00 2.983263e+00 0.000000e+00 
2.983273e+00 5.000000e+00 2.983273e+00 4.816288e+00 2.983273e+00 0.000000e+00 
2.983283e+00 5.000000e+00 2.983283e+00 4.816288e+00 2.983283e+00 0.000000e+00 
2.983293e+00 5.000000e+00 2.983293e+00 4.816288e+00 2.983293e+00 0.000000e+00 
2.983303e+00 5.000000e+00 2.983303e+00 4.816288e+00 2.983303e+00 0.000000e+00 
2.983313e+00 5.000000e+00 2.983313e+00 4.816288e+00 2.983313e+00 0.000000e+00 
2.983323e+00 5.000000e+00 2.983323e+00 4.816288e+00 2.983323e+00 0.000000e+00 
2.983333e+00 5.000000e+00 2.983333e+00 4.816288e+00 2.983333e+00 0.000000e+00 
2.983343e+00 5.000000e+00 2.983343e+00 4.816288e+00 2.983343e+00 0.000000e+00 
2.983353e+00 5.000000e+00 2.983353e+00 4.816288e+00 2.983353e+00 0.000000e+00 
2.983363e+00 5.000000e+00 2.983363e+00 4.816288e+00 2.983363e+00 0.000000e+00 
2.983373e+00 5.000000e+00 2.983373e+00 4.816288e+00 2.983373e+00 0.000000e+00 
2.983383e+00 5.000000e+00 2.983383e+00 4.816288e+00 2.983383e+00 0.000000e+00 
2.983393e+00 5.000000e+00 2.983393e+00 4.816288e+00 2.983393e+00 0.000000e+00 
2.983403e+00 5.000000e+00 2.983403e+00 4.816288e+00 2.983403e+00 0.000000e+00 
2.983413e+00 5.000000e+00 2.983413e+00 4.816288e+00 2.983413e+00 0.000000e+00 
2.983423e+00 5.000000e+00 2.983423e+00 4.816288e+00 2.983423e+00 0.000000e+00 
2.983433e+00 5.000000e+00 2.983433e+00 4.816288e+00 2.983433e+00 0.000000e+00 
2.983443e+00 5.000000e+00 2.983443e+00 4.816288e+00 2.983443e+00 0.000000e+00 
2.983453e+00 5.000000e+00 2.983453e+00 4.816288e+00 2.983453e+00 0.000000e+00 
2.983463e+00 5.000000e+00 2.983463e+00 4.816288e+00 2.983463e+00 0.000000e+00 
2.983473e+00 5.000000e+00 2.983473e+00 4.816288e+00 2.983473e+00 0.000000e+00 
2.983483e+00 5.000000e+00 2.983483e+00 4.816288e+00 2.983483e+00 0.000000e+00 
2.983493e+00 5.000000e+00 2.983493e+00 4.816288e+00 2.983493e+00 0.000000e+00 
2.983503e+00 5.000000e+00 2.983503e+00 4.816288e+00 2.983503e+00 0.000000e+00 
2.983513e+00 5.000000e+00 2.983513e+00 4.816288e+00 2.983513e+00 0.000000e+00 
2.983523e+00 5.000000e+00 2.983523e+00 4.816288e+00 2.983523e+00 0.000000e+00 
2.983533e+00 5.000000e+00 2.983533e+00 4.816288e+00 2.983533e+00 0.000000e+00 
2.983543e+00 5.000000e+00 2.983543e+00 4.816288e+00 2.983543e+00 0.000000e+00 
2.983553e+00 5.000000e+00 2.983553e+00 4.816288e+00 2.983553e+00 0.000000e+00 
2.983563e+00 5.000000e+00 2.983563e+00 4.816288e+00 2.983563e+00 0.000000e+00 
2.983573e+00 5.000000e+00 2.983573e+00 4.816288e+00 2.983573e+00 0.000000e+00 
2.983583e+00 5.000000e+00 2.983583e+00 4.816288e+00 2.983583e+00 0.000000e+00 
2.983593e+00 5.000000e+00 2.983593e+00 4.816288e+00 2.983593e+00 0.000000e+00 
2.983603e+00 5.000000e+00 2.983603e+00 4.816288e+00 2.983603e+00 0.000000e+00 
2.983613e+00 5.000000e+00 2.983613e+00 4.816288e+00 2.983613e+00 0.000000e+00 
2.983623e+00 5.000000e+00 2.983623e+00 4.816288e+00 2.983623e+00 0.000000e+00 
2.983633e+00 5.000000e+00 2.983633e+00 4.816288e+00 2.983633e+00 0.000000e+00 
2.983643e+00 5.000000e+00 2.983643e+00 4.816288e+00 2.983643e+00 0.000000e+00 
2.983653e+00 5.000000e+00 2.983653e+00 4.816288e+00 2.983653e+00 0.000000e+00 
2.983663e+00 5.000000e+00 2.983663e+00 4.816288e+00 2.983663e+00 0.000000e+00 
2.983673e+00 5.000000e+00 2.983673e+00 4.816288e+00 2.983673e+00 0.000000e+00 
2.983683e+00 5.000000e+00 2.983683e+00 4.816288e+00 2.983683e+00 0.000000e+00 
2.983693e+00 5.000000e+00 2.983693e+00 4.816288e+00 2.983693e+00 0.000000e+00 
2.983703e+00 5.000000e+00 2.983703e+00 4.816288e+00 2.983703e+00 0.000000e+00 
2.983713e+00 5.000000e+00 2.983713e+00 4.816288e+00 2.983713e+00 0.000000e+00 
2.983723e+00 5.000000e+00 2.983723e+00 4.816288e+00 2.983723e+00 0.000000e+00 
2.983733e+00 5.000000e+00 2.983733e+00 4.816288e+00 2.983733e+00 0.000000e+00 
2.983743e+00 5.000000e+00 2.983743e+00 4.816288e+00 2.983743e+00 0.000000e+00 
2.983753e+00 5.000000e+00 2.983753e+00 4.816288e+00 2.983753e+00 0.000000e+00 
2.983763e+00 5.000000e+00 2.983763e+00 4.816288e+00 2.983763e+00 0.000000e+00 
2.983773e+00 5.000000e+00 2.983773e+00 4.816288e+00 2.983773e+00 0.000000e+00 
2.983783e+00 5.000000e+00 2.983783e+00 4.816288e+00 2.983783e+00 0.000000e+00 
2.983793e+00 5.000000e+00 2.983793e+00 4.816288e+00 2.983793e+00 0.000000e+00 
2.983803e+00 5.000000e+00 2.983803e+00 4.816288e+00 2.983803e+00 0.000000e+00 
2.983813e+00 5.000000e+00 2.983813e+00 4.816288e+00 2.983813e+00 0.000000e+00 
2.983823e+00 5.000000e+00 2.983823e+00 4.816288e+00 2.983823e+00 0.000000e+00 
2.983833e+00 5.000000e+00 2.983833e+00 4.816288e+00 2.983833e+00 0.000000e+00 
2.983843e+00 5.000000e+00 2.983843e+00 4.816288e+00 2.983843e+00 0.000000e+00 
2.983853e+00 5.000000e+00 2.983853e+00 4.816288e+00 2.983853e+00 0.000000e+00 
2.983863e+00 5.000000e+00 2.983863e+00 4.816288e+00 2.983863e+00 0.000000e+00 
2.983873e+00 5.000000e+00 2.983873e+00 4.816288e+00 2.983873e+00 0.000000e+00 
2.983883e+00 5.000000e+00 2.983883e+00 4.816288e+00 2.983883e+00 0.000000e+00 
2.983893e+00 5.000000e+00 2.983893e+00 4.816288e+00 2.983893e+00 0.000000e+00 
2.983903e+00 5.000000e+00 2.983903e+00 4.816288e+00 2.983903e+00 0.000000e+00 
2.983913e+00 5.000000e+00 2.983913e+00 4.816288e+00 2.983913e+00 0.000000e+00 
2.983923e+00 5.000000e+00 2.983923e+00 4.816288e+00 2.983923e+00 0.000000e+00 
2.983933e+00 5.000000e+00 2.983933e+00 4.816288e+00 2.983933e+00 0.000000e+00 
2.983943e+00 5.000000e+00 2.983943e+00 4.816288e+00 2.983943e+00 0.000000e+00 
2.983953e+00 5.000000e+00 2.983953e+00 4.816288e+00 2.983953e+00 0.000000e+00 
2.983963e+00 5.000000e+00 2.983963e+00 4.816288e+00 2.983963e+00 0.000000e+00 
2.983973e+00 5.000000e+00 2.983973e+00 4.816288e+00 2.983973e+00 0.000000e+00 
2.983983e+00 5.000000e+00 2.983983e+00 4.816288e+00 2.983983e+00 0.000000e+00 
2.983993e+00 5.000000e+00 2.983993e+00 4.816288e+00 2.983993e+00 0.000000e+00 
2.984003e+00 5.000000e+00 2.984003e+00 4.816288e+00 2.984003e+00 0.000000e+00 
2.984013e+00 5.000000e+00 2.984013e+00 4.816288e+00 2.984013e+00 0.000000e+00 
2.984023e+00 5.000000e+00 2.984023e+00 4.816288e+00 2.984023e+00 0.000000e+00 
2.984033e+00 5.000000e+00 2.984033e+00 4.816288e+00 2.984033e+00 0.000000e+00 
2.984043e+00 5.000000e+00 2.984043e+00 4.816288e+00 2.984043e+00 0.000000e+00 
2.984053e+00 5.000000e+00 2.984053e+00 4.816288e+00 2.984053e+00 0.000000e+00 
2.984063e+00 5.000000e+00 2.984063e+00 4.816288e+00 2.984063e+00 0.000000e+00 
2.984073e+00 5.000000e+00 2.984073e+00 4.816288e+00 2.984073e+00 0.000000e+00 
2.984083e+00 5.000000e+00 2.984083e+00 4.816288e+00 2.984083e+00 0.000000e+00 
2.984093e+00 5.000000e+00 2.984093e+00 4.816288e+00 2.984093e+00 0.000000e+00 
2.984103e+00 5.000000e+00 2.984103e+00 4.816288e+00 2.984103e+00 0.000000e+00 
2.984113e+00 5.000000e+00 2.984113e+00 4.816288e+00 2.984113e+00 0.000000e+00 
2.984123e+00 5.000000e+00 2.984123e+00 4.816288e+00 2.984123e+00 0.000000e+00 
2.984133e+00 5.000000e+00 2.984133e+00 4.816288e+00 2.984133e+00 0.000000e+00 
2.984143e+00 5.000000e+00 2.984143e+00 4.816288e+00 2.984143e+00 0.000000e+00 
2.984153e+00 5.000000e+00 2.984153e+00 4.816288e+00 2.984153e+00 0.000000e+00 
2.984163e+00 5.000000e+00 2.984163e+00 4.816288e+00 2.984163e+00 0.000000e+00 
2.984173e+00 5.000000e+00 2.984173e+00 4.816288e+00 2.984173e+00 0.000000e+00 
2.984183e+00 5.000000e+00 2.984183e+00 4.816288e+00 2.984183e+00 0.000000e+00 
2.984193e+00 5.000000e+00 2.984193e+00 4.816288e+00 2.984193e+00 0.000000e+00 
2.984203e+00 5.000000e+00 2.984203e+00 4.816288e+00 2.984203e+00 0.000000e+00 
2.984213e+00 5.000000e+00 2.984213e+00 4.816288e+00 2.984213e+00 0.000000e+00 
2.984223e+00 5.000000e+00 2.984223e+00 4.816288e+00 2.984223e+00 0.000000e+00 
2.984233e+00 5.000000e+00 2.984233e+00 4.816288e+00 2.984233e+00 0.000000e+00 
2.984243e+00 5.000000e+00 2.984243e+00 4.816288e+00 2.984243e+00 0.000000e+00 
2.984253e+00 5.000000e+00 2.984253e+00 4.816288e+00 2.984253e+00 0.000000e+00 
2.984263e+00 5.000000e+00 2.984263e+00 4.816288e+00 2.984263e+00 0.000000e+00 
2.984273e+00 5.000000e+00 2.984273e+00 4.816288e+00 2.984273e+00 0.000000e+00 
2.984283e+00 5.000000e+00 2.984283e+00 4.816288e+00 2.984283e+00 0.000000e+00 
2.984293e+00 5.000000e+00 2.984293e+00 4.816288e+00 2.984293e+00 0.000000e+00 
2.984303e+00 5.000000e+00 2.984303e+00 4.816288e+00 2.984303e+00 0.000000e+00 
2.984313e+00 5.000000e+00 2.984313e+00 4.816288e+00 2.984313e+00 0.000000e+00 
2.984323e+00 5.000000e+00 2.984323e+00 4.816288e+00 2.984323e+00 0.000000e+00 
2.984333e+00 5.000000e+00 2.984333e+00 4.816288e+00 2.984333e+00 0.000000e+00 
2.984343e+00 5.000000e+00 2.984343e+00 4.816288e+00 2.984343e+00 0.000000e+00 
2.984353e+00 5.000000e+00 2.984353e+00 4.816288e+00 2.984353e+00 0.000000e+00 
2.984363e+00 5.000000e+00 2.984363e+00 4.816288e+00 2.984363e+00 0.000000e+00 
2.984373e+00 5.000000e+00 2.984373e+00 4.816288e+00 2.984373e+00 0.000000e+00 
2.984383e+00 5.000000e+00 2.984383e+00 4.816288e+00 2.984383e+00 0.000000e+00 
2.984393e+00 5.000000e+00 2.984393e+00 4.816288e+00 2.984393e+00 0.000000e+00 
2.984403e+00 5.000000e+00 2.984403e+00 4.816288e+00 2.984403e+00 0.000000e+00 
2.984413e+00 5.000000e+00 2.984413e+00 4.816288e+00 2.984413e+00 0.000000e+00 
2.984423e+00 5.000000e+00 2.984423e+00 4.816288e+00 2.984423e+00 0.000000e+00 
2.984433e+00 5.000000e+00 2.984433e+00 4.816288e+00 2.984433e+00 0.000000e+00 
2.984443e+00 5.000000e+00 2.984443e+00 4.816288e+00 2.984443e+00 0.000000e+00 
2.984453e+00 5.000000e+00 2.984453e+00 4.816288e+00 2.984453e+00 0.000000e+00 
2.984463e+00 5.000000e+00 2.984463e+00 4.816288e+00 2.984463e+00 0.000000e+00 
2.984473e+00 5.000000e+00 2.984473e+00 4.816288e+00 2.984473e+00 0.000000e+00 
2.984483e+00 5.000000e+00 2.984483e+00 4.816288e+00 2.984483e+00 0.000000e+00 
2.984493e+00 5.000000e+00 2.984493e+00 4.816288e+00 2.984493e+00 0.000000e+00 
2.984503e+00 5.000000e+00 2.984503e+00 4.816288e+00 2.984503e+00 0.000000e+00 
2.984513e+00 5.000000e+00 2.984513e+00 4.816288e+00 2.984513e+00 0.000000e+00 
2.984523e+00 5.000000e+00 2.984523e+00 4.816288e+00 2.984523e+00 0.000000e+00 
2.984533e+00 5.000000e+00 2.984533e+00 4.816288e+00 2.984533e+00 0.000000e+00 
2.984543e+00 5.000000e+00 2.984543e+00 4.816288e+00 2.984543e+00 0.000000e+00 
2.984553e+00 5.000000e+00 2.984553e+00 4.816288e+00 2.984553e+00 0.000000e+00 
2.984563e+00 5.000000e+00 2.984563e+00 4.816288e+00 2.984563e+00 0.000000e+00 
2.984573e+00 5.000000e+00 2.984573e+00 4.816288e+00 2.984573e+00 0.000000e+00 
2.984583e+00 5.000000e+00 2.984583e+00 4.816288e+00 2.984583e+00 0.000000e+00 
2.984593e+00 5.000000e+00 2.984593e+00 4.816288e+00 2.984593e+00 0.000000e+00 
2.984603e+00 5.000000e+00 2.984603e+00 4.816288e+00 2.984603e+00 0.000000e+00 
2.984613e+00 5.000000e+00 2.984613e+00 4.816288e+00 2.984613e+00 0.000000e+00 
2.984623e+00 5.000000e+00 2.984623e+00 4.816288e+00 2.984623e+00 0.000000e+00 
2.984633e+00 5.000000e+00 2.984633e+00 4.816288e+00 2.984633e+00 0.000000e+00 
2.984643e+00 5.000000e+00 2.984643e+00 4.816288e+00 2.984643e+00 0.000000e+00 
2.984653e+00 5.000000e+00 2.984653e+00 4.816288e+00 2.984653e+00 0.000000e+00 
2.984663e+00 5.000000e+00 2.984663e+00 4.816288e+00 2.984663e+00 0.000000e+00 
2.984673e+00 5.000000e+00 2.984673e+00 4.816288e+00 2.984673e+00 0.000000e+00 
2.984683e+00 5.000000e+00 2.984683e+00 4.816288e+00 2.984683e+00 0.000000e+00 
2.984693e+00 5.000000e+00 2.984693e+00 4.816288e+00 2.984693e+00 0.000000e+00 
2.984703e+00 5.000000e+00 2.984703e+00 4.816288e+00 2.984703e+00 0.000000e+00 
2.984713e+00 5.000000e+00 2.984713e+00 4.816288e+00 2.984713e+00 0.000000e+00 
2.984723e+00 5.000000e+00 2.984723e+00 4.816288e+00 2.984723e+00 0.000000e+00 
2.984733e+00 5.000000e+00 2.984733e+00 4.816288e+00 2.984733e+00 0.000000e+00 
2.984743e+00 5.000000e+00 2.984743e+00 4.816288e+00 2.984743e+00 0.000000e+00 
2.984753e+00 5.000000e+00 2.984753e+00 4.816288e+00 2.984753e+00 0.000000e+00 
2.984763e+00 5.000000e+00 2.984763e+00 4.816288e+00 2.984763e+00 0.000000e+00 
2.984773e+00 5.000000e+00 2.984773e+00 4.816288e+00 2.984773e+00 0.000000e+00 
2.984783e+00 5.000000e+00 2.984783e+00 4.816288e+00 2.984783e+00 0.000000e+00 
2.984793e+00 5.000000e+00 2.984793e+00 4.816288e+00 2.984793e+00 0.000000e+00 
2.984803e+00 5.000000e+00 2.984803e+00 4.816288e+00 2.984803e+00 0.000000e+00 
2.984813e+00 5.000000e+00 2.984813e+00 4.816288e+00 2.984813e+00 0.000000e+00 
2.984823e+00 5.000000e+00 2.984823e+00 4.816288e+00 2.984823e+00 0.000000e+00 
2.984833e+00 5.000000e+00 2.984833e+00 4.816288e+00 2.984833e+00 0.000000e+00 
2.984843e+00 5.000000e+00 2.984843e+00 4.816288e+00 2.984843e+00 0.000000e+00 
2.984853e+00 5.000000e+00 2.984853e+00 4.816288e+00 2.984853e+00 0.000000e+00 
2.984863e+00 5.000000e+00 2.984863e+00 4.816288e+00 2.984863e+00 0.000000e+00 
2.984873e+00 5.000000e+00 2.984873e+00 4.816288e+00 2.984873e+00 0.000000e+00 
2.984883e+00 5.000000e+00 2.984883e+00 4.816288e+00 2.984883e+00 0.000000e+00 
2.984893e+00 5.000000e+00 2.984893e+00 4.816288e+00 2.984893e+00 0.000000e+00 
2.984903e+00 5.000000e+00 2.984903e+00 4.816288e+00 2.984903e+00 0.000000e+00 
2.984913e+00 5.000000e+00 2.984913e+00 4.816288e+00 2.984913e+00 0.000000e+00 
2.984923e+00 5.000000e+00 2.984923e+00 4.816288e+00 2.984923e+00 0.000000e+00 
2.984933e+00 5.000000e+00 2.984933e+00 4.816288e+00 2.984933e+00 0.000000e+00 
2.984943e+00 5.000000e+00 2.984943e+00 4.816288e+00 2.984943e+00 0.000000e+00 
2.984953e+00 5.000000e+00 2.984953e+00 4.816288e+00 2.984953e+00 0.000000e+00 
2.984963e+00 5.000000e+00 2.984963e+00 4.816288e+00 2.984963e+00 0.000000e+00 
2.984973e+00 5.000000e+00 2.984973e+00 4.816288e+00 2.984973e+00 0.000000e+00 
2.984983e+00 5.000000e+00 2.984983e+00 4.816288e+00 2.984983e+00 0.000000e+00 
2.984993e+00 5.000000e+00 2.984993e+00 4.816288e+00 2.984993e+00 0.000000e+00 
2.985003e+00 5.000000e+00 2.985003e+00 4.816288e+00 2.985003e+00 0.000000e+00 
2.985013e+00 5.000000e+00 2.985013e+00 4.816288e+00 2.985013e+00 0.000000e+00 
2.985023e+00 5.000000e+00 2.985023e+00 4.816288e+00 2.985023e+00 0.000000e+00 
2.985033e+00 5.000000e+00 2.985033e+00 4.816288e+00 2.985033e+00 0.000000e+00 
2.985043e+00 5.000000e+00 2.985043e+00 4.816288e+00 2.985043e+00 0.000000e+00 
2.985053e+00 5.000000e+00 2.985053e+00 4.816288e+00 2.985053e+00 0.000000e+00 
2.985063e+00 5.000000e+00 2.985063e+00 4.816288e+00 2.985063e+00 0.000000e+00 
2.985073e+00 5.000000e+00 2.985073e+00 4.816288e+00 2.985073e+00 0.000000e+00 
2.985083e+00 5.000000e+00 2.985083e+00 4.816288e+00 2.985083e+00 0.000000e+00 
2.985093e+00 5.000000e+00 2.985093e+00 4.816288e+00 2.985093e+00 0.000000e+00 
2.985103e+00 5.000000e+00 2.985103e+00 4.816288e+00 2.985103e+00 0.000000e+00 
2.985113e+00 5.000000e+00 2.985113e+00 4.816288e+00 2.985113e+00 0.000000e+00 
2.985123e+00 5.000000e+00 2.985123e+00 4.816288e+00 2.985123e+00 0.000000e+00 
2.985133e+00 5.000000e+00 2.985133e+00 4.816288e+00 2.985133e+00 0.000000e+00 
2.985143e+00 5.000000e+00 2.985143e+00 4.816288e+00 2.985143e+00 0.000000e+00 
2.985153e+00 5.000000e+00 2.985153e+00 4.816288e+00 2.985153e+00 0.000000e+00 
2.985163e+00 5.000000e+00 2.985163e+00 4.816288e+00 2.985163e+00 0.000000e+00 
2.985173e+00 5.000000e+00 2.985173e+00 4.816288e+00 2.985173e+00 0.000000e+00 
2.985183e+00 5.000000e+00 2.985183e+00 4.816288e+00 2.985183e+00 0.000000e+00 
2.985193e+00 5.000000e+00 2.985193e+00 4.816288e+00 2.985193e+00 0.000000e+00 
2.985203e+00 5.000000e+00 2.985203e+00 4.816288e+00 2.985203e+00 0.000000e+00 
2.985213e+00 5.000000e+00 2.985213e+00 4.816288e+00 2.985213e+00 0.000000e+00 
2.985223e+00 5.000000e+00 2.985223e+00 4.816288e+00 2.985223e+00 0.000000e+00 
2.985233e+00 5.000000e+00 2.985233e+00 4.816288e+00 2.985233e+00 0.000000e+00 
2.985243e+00 5.000000e+00 2.985243e+00 4.816288e+00 2.985243e+00 0.000000e+00 
2.985253e+00 5.000000e+00 2.985253e+00 4.816288e+00 2.985253e+00 0.000000e+00 
2.985263e+00 5.000000e+00 2.985263e+00 4.816288e+00 2.985263e+00 0.000000e+00 
2.985273e+00 5.000000e+00 2.985273e+00 4.816288e+00 2.985273e+00 0.000000e+00 
2.985283e+00 5.000000e+00 2.985283e+00 4.816288e+00 2.985283e+00 0.000000e+00 
2.985293e+00 5.000000e+00 2.985293e+00 4.816288e+00 2.985293e+00 0.000000e+00 
2.985303e+00 5.000000e+00 2.985303e+00 4.816288e+00 2.985303e+00 0.000000e+00 
2.985313e+00 5.000000e+00 2.985313e+00 4.816288e+00 2.985313e+00 0.000000e+00 
2.985323e+00 5.000000e+00 2.985323e+00 4.816288e+00 2.985323e+00 0.000000e+00 
2.985333e+00 5.000000e+00 2.985333e+00 4.816288e+00 2.985333e+00 0.000000e+00 
2.985343e+00 5.000000e+00 2.985343e+00 4.816288e+00 2.985343e+00 0.000000e+00 
2.985353e+00 5.000000e+00 2.985353e+00 4.816288e+00 2.985353e+00 0.000000e+00 
2.985363e+00 5.000000e+00 2.985363e+00 4.816288e+00 2.985363e+00 0.000000e+00 
2.985373e+00 5.000000e+00 2.985373e+00 4.816288e+00 2.985373e+00 0.000000e+00 
2.985383e+00 5.000000e+00 2.985383e+00 4.816288e+00 2.985383e+00 0.000000e+00 
2.985393e+00 5.000000e+00 2.985393e+00 4.816288e+00 2.985393e+00 0.000000e+00 
2.985403e+00 5.000000e+00 2.985403e+00 4.816288e+00 2.985403e+00 0.000000e+00 
2.985413e+00 5.000000e+00 2.985413e+00 4.816288e+00 2.985413e+00 0.000000e+00 
2.985423e+00 5.000000e+00 2.985423e+00 4.816288e+00 2.985423e+00 0.000000e+00 
2.985433e+00 5.000000e+00 2.985433e+00 4.816288e+00 2.985433e+00 0.000000e+00 
2.985443e+00 5.000000e+00 2.985443e+00 4.816288e+00 2.985443e+00 0.000000e+00 
2.985453e+00 5.000000e+00 2.985453e+00 4.816288e+00 2.985453e+00 0.000000e+00 
2.985463e+00 5.000000e+00 2.985463e+00 4.816288e+00 2.985463e+00 0.000000e+00 
2.985473e+00 5.000000e+00 2.985473e+00 4.816288e+00 2.985473e+00 0.000000e+00 
2.985483e+00 5.000000e+00 2.985483e+00 4.816288e+00 2.985483e+00 0.000000e+00 
2.985493e+00 5.000000e+00 2.985493e+00 4.816288e+00 2.985493e+00 0.000000e+00 
2.985503e+00 5.000000e+00 2.985503e+00 4.816288e+00 2.985503e+00 0.000000e+00 
2.985513e+00 5.000000e+00 2.985513e+00 4.816288e+00 2.985513e+00 0.000000e+00 
2.985523e+00 5.000000e+00 2.985523e+00 4.816288e+00 2.985523e+00 0.000000e+00 
2.985533e+00 5.000000e+00 2.985533e+00 4.816288e+00 2.985533e+00 0.000000e+00 
2.985543e+00 5.000000e+00 2.985543e+00 4.816288e+00 2.985543e+00 0.000000e+00 
2.985553e+00 5.000000e+00 2.985553e+00 4.816288e+00 2.985553e+00 0.000000e+00 
2.985563e+00 5.000000e+00 2.985563e+00 4.816288e+00 2.985563e+00 0.000000e+00 
2.985573e+00 5.000000e+00 2.985573e+00 4.816288e+00 2.985573e+00 0.000000e+00 
2.985583e+00 5.000000e+00 2.985583e+00 4.816288e+00 2.985583e+00 0.000000e+00 
2.985593e+00 5.000000e+00 2.985593e+00 4.816288e+00 2.985593e+00 0.000000e+00 
2.985603e+00 5.000000e+00 2.985603e+00 4.816288e+00 2.985603e+00 0.000000e+00 
2.985613e+00 5.000000e+00 2.985613e+00 4.816288e+00 2.985613e+00 0.000000e+00 
2.985623e+00 5.000000e+00 2.985623e+00 4.816288e+00 2.985623e+00 0.000000e+00 
2.985633e+00 5.000000e+00 2.985633e+00 4.816288e+00 2.985633e+00 0.000000e+00 
2.985643e+00 5.000000e+00 2.985643e+00 4.816288e+00 2.985643e+00 0.000000e+00 
2.985653e+00 5.000000e+00 2.985653e+00 4.816288e+00 2.985653e+00 0.000000e+00 
2.985663e+00 5.000000e+00 2.985663e+00 4.816288e+00 2.985663e+00 0.000000e+00 
2.985673e+00 5.000000e+00 2.985673e+00 4.816288e+00 2.985673e+00 0.000000e+00 
2.985683e+00 5.000000e+00 2.985683e+00 4.816288e+00 2.985683e+00 0.000000e+00 
2.985693e+00 5.000000e+00 2.985693e+00 4.816288e+00 2.985693e+00 0.000000e+00 
2.985703e+00 5.000000e+00 2.985703e+00 4.816288e+00 2.985703e+00 0.000000e+00 
2.985713e+00 5.000000e+00 2.985713e+00 4.816288e+00 2.985713e+00 0.000000e+00 
2.985723e+00 5.000000e+00 2.985723e+00 4.816288e+00 2.985723e+00 0.000000e+00 
2.985733e+00 5.000000e+00 2.985733e+00 4.816288e+00 2.985733e+00 0.000000e+00 
2.985743e+00 5.000000e+00 2.985743e+00 4.816288e+00 2.985743e+00 0.000000e+00 
2.985753e+00 5.000000e+00 2.985753e+00 4.816288e+00 2.985753e+00 0.000000e+00 
2.985763e+00 5.000000e+00 2.985763e+00 4.816288e+00 2.985763e+00 0.000000e+00 
2.985773e+00 5.000000e+00 2.985773e+00 4.816288e+00 2.985773e+00 0.000000e+00 
2.985783e+00 5.000000e+00 2.985783e+00 4.816288e+00 2.985783e+00 0.000000e+00 
2.985793e+00 5.000000e+00 2.985793e+00 4.816288e+00 2.985793e+00 0.000000e+00 
2.985803e+00 5.000000e+00 2.985803e+00 4.816288e+00 2.985803e+00 0.000000e+00 
2.985813e+00 5.000000e+00 2.985813e+00 4.816288e+00 2.985813e+00 0.000000e+00 
2.985823e+00 5.000000e+00 2.985823e+00 4.816288e+00 2.985823e+00 0.000000e+00 
2.985833e+00 5.000000e+00 2.985833e+00 4.816288e+00 2.985833e+00 0.000000e+00 
2.985843e+00 5.000000e+00 2.985843e+00 4.816288e+00 2.985843e+00 0.000000e+00 
2.985853e+00 5.000000e+00 2.985853e+00 4.816288e+00 2.985853e+00 0.000000e+00 
2.985863e+00 5.000000e+00 2.985863e+00 4.816288e+00 2.985863e+00 0.000000e+00 
2.985873e+00 5.000000e+00 2.985873e+00 4.816288e+00 2.985873e+00 0.000000e+00 
2.985883e+00 5.000000e+00 2.985883e+00 4.816288e+00 2.985883e+00 0.000000e+00 
2.985893e+00 5.000000e+00 2.985893e+00 4.816288e+00 2.985893e+00 0.000000e+00 
2.985903e+00 5.000000e+00 2.985903e+00 4.816288e+00 2.985903e+00 0.000000e+00 
2.985913e+00 5.000000e+00 2.985913e+00 4.816288e+00 2.985913e+00 0.000000e+00 
2.985923e+00 5.000000e+00 2.985923e+00 4.816288e+00 2.985923e+00 0.000000e+00 
2.985933e+00 5.000000e+00 2.985933e+00 4.816288e+00 2.985933e+00 0.000000e+00 
2.985943e+00 5.000000e+00 2.985943e+00 4.816288e+00 2.985943e+00 0.000000e+00 
2.985953e+00 5.000000e+00 2.985953e+00 4.816288e+00 2.985953e+00 0.000000e+00 
2.985963e+00 5.000000e+00 2.985963e+00 4.816288e+00 2.985963e+00 0.000000e+00 
2.985973e+00 5.000000e+00 2.985973e+00 4.816288e+00 2.985973e+00 0.000000e+00 
2.985983e+00 5.000000e+00 2.985983e+00 4.816288e+00 2.985983e+00 0.000000e+00 
2.985993e+00 5.000000e+00 2.985993e+00 4.816288e+00 2.985993e+00 0.000000e+00 
2.986003e+00 5.000000e+00 2.986003e+00 4.816288e+00 2.986003e+00 0.000000e+00 
2.986013e+00 5.000000e+00 2.986013e+00 4.816288e+00 2.986013e+00 0.000000e+00 
2.986023e+00 5.000000e+00 2.986023e+00 4.816288e+00 2.986023e+00 0.000000e+00 
2.986033e+00 5.000000e+00 2.986033e+00 4.816288e+00 2.986033e+00 0.000000e+00 
2.986043e+00 5.000000e+00 2.986043e+00 4.816288e+00 2.986043e+00 0.000000e+00 
2.986053e+00 5.000000e+00 2.986053e+00 4.816288e+00 2.986053e+00 0.000000e+00 
2.986063e+00 5.000000e+00 2.986063e+00 4.816288e+00 2.986063e+00 0.000000e+00 
2.986073e+00 5.000000e+00 2.986073e+00 4.816288e+00 2.986073e+00 0.000000e+00 
2.986083e+00 5.000000e+00 2.986083e+00 4.816288e+00 2.986083e+00 0.000000e+00 
2.986093e+00 5.000000e+00 2.986093e+00 4.816288e+00 2.986093e+00 0.000000e+00 
2.986103e+00 5.000000e+00 2.986103e+00 4.816288e+00 2.986103e+00 0.000000e+00 
2.986113e+00 5.000000e+00 2.986113e+00 4.816288e+00 2.986113e+00 0.000000e+00 
2.986123e+00 5.000000e+00 2.986123e+00 4.816288e+00 2.986123e+00 0.000000e+00 
2.986133e+00 5.000000e+00 2.986133e+00 4.816288e+00 2.986133e+00 0.000000e+00 
2.986143e+00 5.000000e+00 2.986143e+00 4.816288e+00 2.986143e+00 0.000000e+00 
2.986153e+00 5.000000e+00 2.986153e+00 4.816288e+00 2.986153e+00 0.000000e+00 
2.986163e+00 5.000000e+00 2.986163e+00 4.816288e+00 2.986163e+00 0.000000e+00 
2.986173e+00 5.000000e+00 2.986173e+00 4.816288e+00 2.986173e+00 0.000000e+00 
2.986183e+00 5.000000e+00 2.986183e+00 4.816288e+00 2.986183e+00 0.000000e+00 
2.986193e+00 5.000000e+00 2.986193e+00 4.816288e+00 2.986193e+00 0.000000e+00 
2.986203e+00 5.000000e+00 2.986203e+00 4.816288e+00 2.986203e+00 0.000000e+00 
2.986213e+00 5.000000e+00 2.986213e+00 4.816288e+00 2.986213e+00 0.000000e+00 
2.986223e+00 5.000000e+00 2.986223e+00 4.816288e+00 2.986223e+00 0.000000e+00 
2.986233e+00 5.000000e+00 2.986233e+00 4.816288e+00 2.986233e+00 0.000000e+00 
2.986243e+00 5.000000e+00 2.986243e+00 4.816288e+00 2.986243e+00 0.000000e+00 
2.986253e+00 5.000000e+00 2.986253e+00 4.816288e+00 2.986253e+00 0.000000e+00 
2.986263e+00 5.000000e+00 2.986263e+00 4.816288e+00 2.986263e+00 0.000000e+00 
2.986273e+00 5.000000e+00 2.986273e+00 4.816288e+00 2.986273e+00 0.000000e+00 
2.986283e+00 5.000000e+00 2.986283e+00 4.816288e+00 2.986283e+00 0.000000e+00 
2.986293e+00 5.000000e+00 2.986293e+00 4.816288e+00 2.986293e+00 0.000000e+00 
2.986303e+00 5.000000e+00 2.986303e+00 4.816288e+00 2.986303e+00 0.000000e+00 
2.986313e+00 5.000000e+00 2.986313e+00 4.816288e+00 2.986313e+00 0.000000e+00 
2.986323e+00 5.000000e+00 2.986323e+00 4.816288e+00 2.986323e+00 0.000000e+00 
2.986333e+00 5.000000e+00 2.986333e+00 4.816288e+00 2.986333e+00 0.000000e+00 
2.986343e+00 5.000000e+00 2.986343e+00 4.816288e+00 2.986343e+00 0.000000e+00 
2.986353e+00 5.000000e+00 2.986353e+00 4.816288e+00 2.986353e+00 0.000000e+00 
2.986363e+00 5.000000e+00 2.986363e+00 4.816288e+00 2.986363e+00 0.000000e+00 
2.986373e+00 5.000000e+00 2.986373e+00 4.816288e+00 2.986373e+00 0.000000e+00 
2.986383e+00 5.000000e+00 2.986383e+00 4.816288e+00 2.986383e+00 0.000000e+00 
2.986393e+00 5.000000e+00 2.986393e+00 4.816288e+00 2.986393e+00 0.000000e+00 
2.986403e+00 5.000000e+00 2.986403e+00 4.816288e+00 2.986403e+00 0.000000e+00 
2.986413e+00 5.000000e+00 2.986413e+00 4.816288e+00 2.986413e+00 0.000000e+00 
2.986423e+00 5.000000e+00 2.986423e+00 4.816288e+00 2.986423e+00 0.000000e+00 
2.986433e+00 5.000000e+00 2.986433e+00 4.816288e+00 2.986433e+00 0.000000e+00 
2.986443e+00 5.000000e+00 2.986443e+00 4.816288e+00 2.986443e+00 0.000000e+00 
2.986453e+00 5.000000e+00 2.986453e+00 4.816288e+00 2.986453e+00 0.000000e+00 
2.986463e+00 5.000000e+00 2.986463e+00 4.816288e+00 2.986463e+00 0.000000e+00 
2.986473e+00 5.000000e+00 2.986473e+00 4.816288e+00 2.986473e+00 0.000000e+00 
2.986483e+00 5.000000e+00 2.986483e+00 4.816288e+00 2.986483e+00 0.000000e+00 
2.986493e+00 5.000000e+00 2.986493e+00 4.816288e+00 2.986493e+00 0.000000e+00 
2.986503e+00 5.000000e+00 2.986503e+00 4.816288e+00 2.986503e+00 0.000000e+00 
2.986513e+00 5.000000e+00 2.986513e+00 4.816288e+00 2.986513e+00 0.000000e+00 
2.986523e+00 5.000000e+00 2.986523e+00 4.816288e+00 2.986523e+00 0.000000e+00 
2.986533e+00 5.000000e+00 2.986533e+00 4.816288e+00 2.986533e+00 0.000000e+00 
2.986543e+00 5.000000e+00 2.986543e+00 4.816288e+00 2.986543e+00 0.000000e+00 
2.986553e+00 5.000000e+00 2.986553e+00 4.816288e+00 2.986553e+00 0.000000e+00 
2.986563e+00 5.000000e+00 2.986563e+00 4.816288e+00 2.986563e+00 0.000000e+00 
2.986573e+00 5.000000e+00 2.986573e+00 4.816288e+00 2.986573e+00 0.000000e+00 
2.986583e+00 5.000000e+00 2.986583e+00 4.816288e+00 2.986583e+00 0.000000e+00 
2.986593e+00 5.000000e+00 2.986593e+00 4.816288e+00 2.986593e+00 0.000000e+00 
2.986603e+00 5.000000e+00 2.986603e+00 4.816288e+00 2.986603e+00 0.000000e+00 
2.986613e+00 5.000000e+00 2.986613e+00 4.816288e+00 2.986613e+00 0.000000e+00 
2.986623e+00 5.000000e+00 2.986623e+00 4.816288e+00 2.986623e+00 0.000000e+00 
2.986633e+00 5.000000e+00 2.986633e+00 4.816288e+00 2.986633e+00 0.000000e+00 
2.986643e+00 5.000000e+00 2.986643e+00 4.816288e+00 2.986643e+00 0.000000e+00 
2.986653e+00 5.000000e+00 2.986653e+00 4.816288e+00 2.986653e+00 0.000000e+00 
2.986663e+00 5.000000e+00 2.986663e+00 4.816288e+00 2.986663e+00 0.000000e+00 
2.986673e+00 5.000000e+00 2.986673e+00 4.816288e+00 2.986673e+00 0.000000e+00 
2.986683e+00 5.000000e+00 2.986683e+00 4.816288e+00 2.986683e+00 0.000000e+00 
2.986693e+00 5.000000e+00 2.986693e+00 4.816288e+00 2.986693e+00 0.000000e+00 
2.986703e+00 5.000000e+00 2.986703e+00 4.816288e+00 2.986703e+00 0.000000e+00 
2.986713e+00 5.000000e+00 2.986713e+00 4.816288e+00 2.986713e+00 0.000000e+00 
2.986723e+00 5.000000e+00 2.986723e+00 4.816288e+00 2.986723e+00 0.000000e+00 
2.986733e+00 5.000000e+00 2.986733e+00 4.816288e+00 2.986733e+00 0.000000e+00 
2.986743e+00 5.000000e+00 2.986743e+00 4.816288e+00 2.986743e+00 0.000000e+00 
2.986753e+00 5.000000e+00 2.986753e+00 4.816288e+00 2.986753e+00 0.000000e+00 
2.986763e+00 5.000000e+00 2.986763e+00 4.816288e+00 2.986763e+00 0.000000e+00 
2.986773e+00 5.000000e+00 2.986773e+00 4.816288e+00 2.986773e+00 0.000000e+00 
2.986783e+00 5.000000e+00 2.986783e+00 4.816288e+00 2.986783e+00 0.000000e+00 
2.986793e+00 5.000000e+00 2.986793e+00 4.816288e+00 2.986793e+00 0.000000e+00 
2.986803e+00 5.000000e+00 2.986803e+00 4.816288e+00 2.986803e+00 0.000000e+00 
2.986813e+00 5.000000e+00 2.986813e+00 4.816288e+00 2.986813e+00 0.000000e+00 
2.986823e+00 5.000000e+00 2.986823e+00 4.816288e+00 2.986823e+00 0.000000e+00 
2.986833e+00 5.000000e+00 2.986833e+00 4.816288e+00 2.986833e+00 0.000000e+00 
2.986843e+00 5.000000e+00 2.986843e+00 4.816288e+00 2.986843e+00 0.000000e+00 
2.986853e+00 5.000000e+00 2.986853e+00 4.816288e+00 2.986853e+00 0.000000e+00 
2.986863e+00 5.000000e+00 2.986863e+00 4.816288e+00 2.986863e+00 0.000000e+00 
2.986873e+00 5.000000e+00 2.986873e+00 4.816288e+00 2.986873e+00 0.000000e+00 
2.986883e+00 5.000000e+00 2.986883e+00 4.816288e+00 2.986883e+00 0.000000e+00 
2.986893e+00 5.000000e+00 2.986893e+00 4.816288e+00 2.986893e+00 0.000000e+00 
2.986903e+00 5.000000e+00 2.986903e+00 4.816288e+00 2.986903e+00 0.000000e+00 
2.986913e+00 5.000000e+00 2.986913e+00 4.816288e+00 2.986913e+00 0.000000e+00 
2.986923e+00 5.000000e+00 2.986923e+00 4.816288e+00 2.986923e+00 0.000000e+00 
2.986933e+00 5.000000e+00 2.986933e+00 4.816288e+00 2.986933e+00 0.000000e+00 
2.986943e+00 5.000000e+00 2.986943e+00 4.816288e+00 2.986943e+00 0.000000e+00 
2.986953e+00 5.000000e+00 2.986953e+00 4.816288e+00 2.986953e+00 0.000000e+00 
2.986963e+00 5.000000e+00 2.986963e+00 4.816288e+00 2.986963e+00 0.000000e+00 
2.986973e+00 5.000000e+00 2.986973e+00 4.816288e+00 2.986973e+00 0.000000e+00 
2.986983e+00 5.000000e+00 2.986983e+00 4.816288e+00 2.986983e+00 0.000000e+00 
2.986993e+00 5.000000e+00 2.986993e+00 4.816288e+00 2.986993e+00 0.000000e+00 
2.987003e+00 5.000000e+00 2.987003e+00 4.816288e+00 2.987003e+00 0.000000e+00 
2.987013e+00 5.000000e+00 2.987013e+00 4.816288e+00 2.987013e+00 0.000000e+00 
2.987023e+00 5.000000e+00 2.987023e+00 4.816288e+00 2.987023e+00 0.000000e+00 
2.987033e+00 5.000000e+00 2.987033e+00 4.816288e+00 2.987033e+00 0.000000e+00 
2.987043e+00 5.000000e+00 2.987043e+00 4.816288e+00 2.987043e+00 0.000000e+00 
2.987053e+00 5.000000e+00 2.987053e+00 4.816288e+00 2.987053e+00 0.000000e+00 
2.987063e+00 5.000000e+00 2.987063e+00 4.816288e+00 2.987063e+00 0.000000e+00 
2.987073e+00 5.000000e+00 2.987073e+00 4.816288e+00 2.987073e+00 0.000000e+00 
2.987083e+00 5.000000e+00 2.987083e+00 4.816288e+00 2.987083e+00 0.000000e+00 
2.987093e+00 5.000000e+00 2.987093e+00 4.816288e+00 2.987093e+00 0.000000e+00 
2.987103e+00 5.000000e+00 2.987103e+00 4.816288e+00 2.987103e+00 0.000000e+00 
2.987113e+00 5.000000e+00 2.987113e+00 4.816288e+00 2.987113e+00 0.000000e+00 
2.987123e+00 5.000000e+00 2.987123e+00 4.816288e+00 2.987123e+00 0.000000e+00 
2.987133e+00 5.000000e+00 2.987133e+00 4.816288e+00 2.987133e+00 0.000000e+00 
2.987143e+00 5.000000e+00 2.987143e+00 4.816288e+00 2.987143e+00 0.000000e+00 
2.987153e+00 5.000000e+00 2.987153e+00 4.816288e+00 2.987153e+00 0.000000e+00 
2.987163e+00 5.000000e+00 2.987163e+00 4.816288e+00 2.987163e+00 0.000000e+00 
2.987173e+00 5.000000e+00 2.987173e+00 4.816288e+00 2.987173e+00 0.000000e+00 
2.987183e+00 5.000000e+00 2.987183e+00 4.816288e+00 2.987183e+00 0.000000e+00 
2.987193e+00 5.000000e+00 2.987193e+00 4.816288e+00 2.987193e+00 0.000000e+00 
2.987203e+00 5.000000e+00 2.987203e+00 4.816288e+00 2.987203e+00 0.000000e+00 
2.987213e+00 5.000000e+00 2.987213e+00 4.816288e+00 2.987213e+00 0.000000e+00 
2.987223e+00 5.000000e+00 2.987223e+00 4.816288e+00 2.987223e+00 0.000000e+00 
2.987233e+00 5.000000e+00 2.987233e+00 4.816288e+00 2.987233e+00 0.000000e+00 
2.987243e+00 5.000000e+00 2.987243e+00 4.816288e+00 2.987243e+00 0.000000e+00 
2.987253e+00 5.000000e+00 2.987253e+00 4.816288e+00 2.987253e+00 0.000000e+00 
2.987263e+00 5.000000e+00 2.987263e+00 4.816288e+00 2.987263e+00 0.000000e+00 
2.987273e+00 5.000000e+00 2.987273e+00 4.816288e+00 2.987273e+00 0.000000e+00 
2.987283e+00 5.000000e+00 2.987283e+00 4.816288e+00 2.987283e+00 0.000000e+00 
2.987293e+00 5.000000e+00 2.987293e+00 4.816288e+00 2.987293e+00 0.000000e+00 
2.987303e+00 5.000000e+00 2.987303e+00 4.816288e+00 2.987303e+00 0.000000e+00 
2.987313e+00 5.000000e+00 2.987313e+00 4.816288e+00 2.987313e+00 0.000000e+00 
2.987323e+00 5.000000e+00 2.987323e+00 4.816288e+00 2.987323e+00 0.000000e+00 
2.987333e+00 5.000000e+00 2.987333e+00 4.816288e+00 2.987333e+00 0.000000e+00 
2.987343e+00 5.000000e+00 2.987343e+00 4.816288e+00 2.987343e+00 0.000000e+00 
2.987353e+00 5.000000e+00 2.987353e+00 4.816288e+00 2.987353e+00 0.000000e+00 
2.987363e+00 5.000000e+00 2.987363e+00 4.816288e+00 2.987363e+00 0.000000e+00 
2.987373e+00 5.000000e+00 2.987373e+00 4.816288e+00 2.987373e+00 0.000000e+00 
2.987383e+00 5.000000e+00 2.987383e+00 4.816288e+00 2.987383e+00 0.000000e+00 
2.987393e+00 5.000000e+00 2.987393e+00 4.816288e+00 2.987393e+00 0.000000e+00 
2.987403e+00 5.000000e+00 2.987403e+00 4.816288e+00 2.987403e+00 0.000000e+00 
2.987413e+00 5.000000e+00 2.987413e+00 4.816288e+00 2.987413e+00 0.000000e+00 
2.987423e+00 5.000000e+00 2.987423e+00 4.816288e+00 2.987423e+00 0.000000e+00 
2.987433e+00 5.000000e+00 2.987433e+00 4.816288e+00 2.987433e+00 0.000000e+00 
2.987443e+00 5.000000e+00 2.987443e+00 4.816288e+00 2.987443e+00 0.000000e+00 
2.987453e+00 5.000000e+00 2.987453e+00 4.816288e+00 2.987453e+00 0.000000e+00 
2.987463e+00 5.000000e+00 2.987463e+00 4.816288e+00 2.987463e+00 0.000000e+00 
2.987473e+00 5.000000e+00 2.987473e+00 4.816288e+00 2.987473e+00 0.000000e+00 
2.987483e+00 5.000000e+00 2.987483e+00 4.816288e+00 2.987483e+00 0.000000e+00 
2.987493e+00 5.000000e+00 2.987493e+00 4.816288e+00 2.987493e+00 0.000000e+00 
2.987503e+00 5.000000e+00 2.987503e+00 4.816288e+00 2.987503e+00 0.000000e+00 
2.987513e+00 5.000000e+00 2.987513e+00 4.816288e+00 2.987513e+00 0.000000e+00 
2.987523e+00 5.000000e+00 2.987523e+00 4.816288e+00 2.987523e+00 0.000000e+00 
2.987533e+00 5.000000e+00 2.987533e+00 4.816288e+00 2.987533e+00 0.000000e+00 
2.987543e+00 5.000000e+00 2.987543e+00 4.816288e+00 2.987543e+00 0.000000e+00 
2.987553e+00 5.000000e+00 2.987553e+00 4.816288e+00 2.987553e+00 0.000000e+00 
2.987563e+00 5.000000e+00 2.987563e+00 4.816288e+00 2.987563e+00 0.000000e+00 
2.987573e+00 5.000000e+00 2.987573e+00 4.816288e+00 2.987573e+00 0.000000e+00 
2.987583e+00 5.000000e+00 2.987583e+00 4.816288e+00 2.987583e+00 0.000000e+00 
2.987593e+00 5.000000e+00 2.987593e+00 4.816288e+00 2.987593e+00 0.000000e+00 
2.987603e+00 5.000000e+00 2.987603e+00 4.816288e+00 2.987603e+00 0.000000e+00 
2.987613e+00 5.000000e+00 2.987613e+00 4.816288e+00 2.987613e+00 0.000000e+00 
2.987623e+00 5.000000e+00 2.987623e+00 4.816288e+00 2.987623e+00 0.000000e+00 
2.987633e+00 5.000000e+00 2.987633e+00 4.816288e+00 2.987633e+00 0.000000e+00 
2.987643e+00 5.000000e+00 2.987643e+00 4.816288e+00 2.987643e+00 0.000000e+00 
2.987653e+00 5.000000e+00 2.987653e+00 4.816288e+00 2.987653e+00 0.000000e+00 
2.987663e+00 5.000000e+00 2.987663e+00 4.816288e+00 2.987663e+00 0.000000e+00 
2.987673e+00 5.000000e+00 2.987673e+00 4.816288e+00 2.987673e+00 0.000000e+00 
2.987683e+00 5.000000e+00 2.987683e+00 4.816288e+00 2.987683e+00 0.000000e+00 
2.987693e+00 5.000000e+00 2.987693e+00 4.816288e+00 2.987693e+00 0.000000e+00 
2.987703e+00 5.000000e+00 2.987703e+00 4.816288e+00 2.987703e+00 0.000000e+00 
2.987713e+00 5.000000e+00 2.987713e+00 4.816288e+00 2.987713e+00 0.000000e+00 
2.987723e+00 5.000000e+00 2.987723e+00 4.816288e+00 2.987723e+00 0.000000e+00 
2.987733e+00 5.000000e+00 2.987733e+00 4.816288e+00 2.987733e+00 0.000000e+00 
2.987743e+00 5.000000e+00 2.987743e+00 4.816288e+00 2.987743e+00 0.000000e+00 
2.987753e+00 5.000000e+00 2.987753e+00 4.816288e+00 2.987753e+00 0.000000e+00 
2.987763e+00 5.000000e+00 2.987763e+00 4.816288e+00 2.987763e+00 0.000000e+00 
2.987773e+00 5.000000e+00 2.987773e+00 4.816288e+00 2.987773e+00 0.000000e+00 
2.987783e+00 5.000000e+00 2.987783e+00 4.816288e+00 2.987783e+00 0.000000e+00 
2.987793e+00 5.000000e+00 2.987793e+00 4.816288e+00 2.987793e+00 0.000000e+00 
2.987803e+00 5.000000e+00 2.987803e+00 4.816288e+00 2.987803e+00 0.000000e+00 
2.987813e+00 5.000000e+00 2.987813e+00 4.816288e+00 2.987813e+00 0.000000e+00 
2.987823e+00 5.000000e+00 2.987823e+00 4.816288e+00 2.987823e+00 0.000000e+00 
2.987833e+00 5.000000e+00 2.987833e+00 4.816288e+00 2.987833e+00 0.000000e+00 
2.987843e+00 5.000000e+00 2.987843e+00 4.816288e+00 2.987843e+00 0.000000e+00 
2.987853e+00 5.000000e+00 2.987853e+00 4.816288e+00 2.987853e+00 0.000000e+00 
2.987863e+00 5.000000e+00 2.987863e+00 4.816288e+00 2.987863e+00 0.000000e+00 
2.987873e+00 5.000000e+00 2.987873e+00 4.816288e+00 2.987873e+00 0.000000e+00 
2.987883e+00 5.000000e+00 2.987883e+00 4.816288e+00 2.987883e+00 0.000000e+00 
2.987893e+00 5.000000e+00 2.987893e+00 4.816288e+00 2.987893e+00 0.000000e+00 
2.987903e+00 5.000000e+00 2.987903e+00 4.816288e+00 2.987903e+00 0.000000e+00 
2.987913e+00 5.000000e+00 2.987913e+00 4.816288e+00 2.987913e+00 0.000000e+00 
2.987923e+00 5.000000e+00 2.987923e+00 4.816288e+00 2.987923e+00 0.000000e+00 
2.987933e+00 5.000000e+00 2.987933e+00 4.816288e+00 2.987933e+00 0.000000e+00 
2.987943e+00 5.000000e+00 2.987943e+00 4.816288e+00 2.987943e+00 0.000000e+00 
2.987953e+00 5.000000e+00 2.987953e+00 4.816288e+00 2.987953e+00 0.000000e+00 
2.987963e+00 5.000000e+00 2.987963e+00 4.816288e+00 2.987963e+00 0.000000e+00 
2.987973e+00 5.000000e+00 2.987973e+00 4.816288e+00 2.987973e+00 0.000000e+00 
2.987983e+00 5.000000e+00 2.987983e+00 4.816288e+00 2.987983e+00 0.000000e+00 
2.987993e+00 5.000000e+00 2.987993e+00 4.816288e+00 2.987993e+00 0.000000e+00 
2.988003e+00 5.000000e+00 2.988003e+00 4.816288e+00 2.988003e+00 0.000000e+00 
2.988013e+00 5.000000e+00 2.988013e+00 4.816288e+00 2.988013e+00 0.000000e+00 
2.988023e+00 5.000000e+00 2.988023e+00 4.816288e+00 2.988023e+00 0.000000e+00 
2.988033e+00 5.000000e+00 2.988033e+00 4.816288e+00 2.988033e+00 0.000000e+00 
2.988043e+00 5.000000e+00 2.988043e+00 4.816288e+00 2.988043e+00 0.000000e+00 
2.988053e+00 5.000000e+00 2.988053e+00 4.816288e+00 2.988053e+00 0.000000e+00 
2.988063e+00 5.000000e+00 2.988063e+00 4.816288e+00 2.988063e+00 0.000000e+00 
2.988073e+00 5.000000e+00 2.988073e+00 4.816288e+00 2.988073e+00 0.000000e+00 
2.988083e+00 5.000000e+00 2.988083e+00 4.816288e+00 2.988083e+00 0.000000e+00 
2.988093e+00 5.000000e+00 2.988093e+00 4.816288e+00 2.988093e+00 0.000000e+00 
2.988103e+00 5.000000e+00 2.988103e+00 4.816288e+00 2.988103e+00 0.000000e+00 
2.988113e+00 5.000000e+00 2.988113e+00 4.816288e+00 2.988113e+00 0.000000e+00 
2.988123e+00 5.000000e+00 2.988123e+00 4.816288e+00 2.988123e+00 0.000000e+00 
2.988133e+00 5.000000e+00 2.988133e+00 4.816288e+00 2.988133e+00 0.000000e+00 
2.988143e+00 5.000000e+00 2.988143e+00 4.816288e+00 2.988143e+00 0.000000e+00 
2.988153e+00 5.000000e+00 2.988153e+00 4.816288e+00 2.988153e+00 0.000000e+00 
2.988163e+00 5.000000e+00 2.988163e+00 4.816288e+00 2.988163e+00 0.000000e+00 
2.988173e+00 5.000000e+00 2.988173e+00 4.816288e+00 2.988173e+00 0.000000e+00 
2.988183e+00 5.000000e+00 2.988183e+00 4.816288e+00 2.988183e+00 0.000000e+00 
2.988193e+00 5.000000e+00 2.988193e+00 4.816288e+00 2.988193e+00 0.000000e+00 
2.988203e+00 5.000000e+00 2.988203e+00 4.816288e+00 2.988203e+00 0.000000e+00 
2.988213e+00 5.000000e+00 2.988213e+00 4.816288e+00 2.988213e+00 0.000000e+00 
2.988223e+00 5.000000e+00 2.988223e+00 4.816288e+00 2.988223e+00 0.000000e+00 
2.988233e+00 5.000000e+00 2.988233e+00 4.816288e+00 2.988233e+00 0.000000e+00 
2.988243e+00 5.000000e+00 2.988243e+00 4.816288e+00 2.988243e+00 0.000000e+00 
2.988253e+00 5.000000e+00 2.988253e+00 4.816288e+00 2.988253e+00 0.000000e+00 
2.988263e+00 5.000000e+00 2.988263e+00 4.816288e+00 2.988263e+00 0.000000e+00 
2.988273e+00 5.000000e+00 2.988273e+00 4.816288e+00 2.988273e+00 0.000000e+00 
2.988283e+00 5.000000e+00 2.988283e+00 4.816288e+00 2.988283e+00 0.000000e+00 
2.988293e+00 5.000000e+00 2.988293e+00 4.816288e+00 2.988293e+00 0.000000e+00 
2.988303e+00 5.000000e+00 2.988303e+00 4.816288e+00 2.988303e+00 0.000000e+00 
2.988313e+00 5.000000e+00 2.988313e+00 4.816288e+00 2.988313e+00 0.000000e+00 
2.988323e+00 5.000000e+00 2.988323e+00 4.816288e+00 2.988323e+00 0.000000e+00 
2.988333e+00 5.000000e+00 2.988333e+00 4.816288e+00 2.988333e+00 0.000000e+00 
2.988343e+00 5.000000e+00 2.988343e+00 4.816288e+00 2.988343e+00 0.000000e+00 
2.988353e+00 5.000000e+00 2.988353e+00 4.816288e+00 2.988353e+00 0.000000e+00 
2.988363e+00 5.000000e+00 2.988363e+00 4.816288e+00 2.988363e+00 0.000000e+00 
2.988373e+00 5.000000e+00 2.988373e+00 4.816288e+00 2.988373e+00 0.000000e+00 
2.988383e+00 5.000000e+00 2.988383e+00 4.816288e+00 2.988383e+00 0.000000e+00 
2.988393e+00 5.000000e+00 2.988393e+00 4.816288e+00 2.988393e+00 0.000000e+00 
2.988403e+00 5.000000e+00 2.988403e+00 4.816288e+00 2.988403e+00 0.000000e+00 
2.988413e+00 5.000000e+00 2.988413e+00 4.816288e+00 2.988413e+00 0.000000e+00 
2.988423e+00 5.000000e+00 2.988423e+00 4.816288e+00 2.988423e+00 0.000000e+00 
2.988433e+00 5.000000e+00 2.988433e+00 4.816288e+00 2.988433e+00 0.000000e+00 
2.988443e+00 5.000000e+00 2.988443e+00 4.816288e+00 2.988443e+00 0.000000e+00 
2.988453e+00 5.000000e+00 2.988453e+00 4.816288e+00 2.988453e+00 0.000000e+00 
2.988463e+00 5.000000e+00 2.988463e+00 4.816288e+00 2.988463e+00 0.000000e+00 
2.988473e+00 5.000000e+00 2.988473e+00 4.816288e+00 2.988473e+00 0.000000e+00 
2.988483e+00 5.000000e+00 2.988483e+00 4.816288e+00 2.988483e+00 0.000000e+00 
2.988493e+00 5.000000e+00 2.988493e+00 4.816288e+00 2.988493e+00 0.000000e+00 
2.988503e+00 5.000000e+00 2.988503e+00 4.816288e+00 2.988503e+00 0.000000e+00 
2.988513e+00 5.000000e+00 2.988513e+00 4.816288e+00 2.988513e+00 0.000000e+00 
2.988523e+00 5.000000e+00 2.988523e+00 4.816288e+00 2.988523e+00 0.000000e+00 
2.988533e+00 5.000000e+00 2.988533e+00 4.816288e+00 2.988533e+00 0.000000e+00 
2.988543e+00 5.000000e+00 2.988543e+00 4.816288e+00 2.988543e+00 0.000000e+00 
2.988553e+00 5.000000e+00 2.988553e+00 4.816288e+00 2.988553e+00 0.000000e+00 
2.988563e+00 5.000000e+00 2.988563e+00 4.816288e+00 2.988563e+00 0.000000e+00 
2.988573e+00 5.000000e+00 2.988573e+00 4.816288e+00 2.988573e+00 0.000000e+00 
2.988583e+00 5.000000e+00 2.988583e+00 4.816288e+00 2.988583e+00 0.000000e+00 
2.988593e+00 5.000000e+00 2.988593e+00 4.816288e+00 2.988593e+00 0.000000e+00 
2.988603e+00 5.000000e+00 2.988603e+00 4.816288e+00 2.988603e+00 0.000000e+00 
2.988613e+00 5.000000e+00 2.988613e+00 4.816288e+00 2.988613e+00 0.000000e+00 
2.988623e+00 5.000000e+00 2.988623e+00 4.816288e+00 2.988623e+00 0.000000e+00 
2.988633e+00 5.000000e+00 2.988633e+00 4.816288e+00 2.988633e+00 0.000000e+00 
2.988643e+00 5.000000e+00 2.988643e+00 4.816288e+00 2.988643e+00 0.000000e+00 
2.988653e+00 5.000000e+00 2.988653e+00 4.816288e+00 2.988653e+00 0.000000e+00 
2.988663e+00 5.000000e+00 2.988663e+00 4.816288e+00 2.988663e+00 0.000000e+00 
2.988673e+00 5.000000e+00 2.988673e+00 4.816288e+00 2.988673e+00 0.000000e+00 
2.988683e+00 5.000000e+00 2.988683e+00 4.816288e+00 2.988683e+00 0.000000e+00 
2.988693e+00 5.000000e+00 2.988693e+00 4.816288e+00 2.988693e+00 0.000000e+00 
2.988703e+00 5.000000e+00 2.988703e+00 4.816288e+00 2.988703e+00 0.000000e+00 
2.988713e+00 5.000000e+00 2.988713e+00 4.816288e+00 2.988713e+00 0.000000e+00 
2.988723e+00 5.000000e+00 2.988723e+00 4.816288e+00 2.988723e+00 0.000000e+00 
2.988733e+00 5.000000e+00 2.988733e+00 4.816288e+00 2.988733e+00 0.000000e+00 
2.988743e+00 5.000000e+00 2.988743e+00 4.816288e+00 2.988743e+00 0.000000e+00 
2.988753e+00 5.000000e+00 2.988753e+00 4.816288e+00 2.988753e+00 0.000000e+00 
2.988763e+00 5.000000e+00 2.988763e+00 4.816288e+00 2.988763e+00 0.000000e+00 
2.988773e+00 5.000000e+00 2.988773e+00 4.816288e+00 2.988773e+00 0.000000e+00 
2.988783e+00 5.000000e+00 2.988783e+00 4.816288e+00 2.988783e+00 0.000000e+00 
2.988793e+00 5.000000e+00 2.988793e+00 4.816288e+00 2.988793e+00 0.000000e+00 
2.988803e+00 5.000000e+00 2.988803e+00 4.816288e+00 2.988803e+00 0.000000e+00 
2.988813e+00 5.000000e+00 2.988813e+00 4.816288e+00 2.988813e+00 0.000000e+00 
2.988823e+00 5.000000e+00 2.988823e+00 4.816288e+00 2.988823e+00 0.000000e+00 
2.988833e+00 5.000000e+00 2.988833e+00 4.816288e+00 2.988833e+00 0.000000e+00 
2.988843e+00 5.000000e+00 2.988843e+00 4.816288e+00 2.988843e+00 0.000000e+00 
2.988853e+00 5.000000e+00 2.988853e+00 4.816288e+00 2.988853e+00 0.000000e+00 
2.988863e+00 5.000000e+00 2.988863e+00 4.816288e+00 2.988863e+00 0.000000e+00 
2.988873e+00 5.000000e+00 2.988873e+00 4.816288e+00 2.988873e+00 0.000000e+00 
2.988883e+00 5.000000e+00 2.988883e+00 4.816288e+00 2.988883e+00 0.000000e+00 
2.988893e+00 5.000000e+00 2.988893e+00 4.816288e+00 2.988893e+00 0.000000e+00 
2.988903e+00 5.000000e+00 2.988903e+00 4.816288e+00 2.988903e+00 0.000000e+00 
2.988913e+00 5.000000e+00 2.988913e+00 4.816288e+00 2.988913e+00 0.000000e+00 
2.988923e+00 5.000000e+00 2.988923e+00 4.816288e+00 2.988923e+00 0.000000e+00 
2.988933e+00 5.000000e+00 2.988933e+00 4.816288e+00 2.988933e+00 0.000000e+00 
2.988943e+00 5.000000e+00 2.988943e+00 4.816288e+00 2.988943e+00 0.000000e+00 
2.988953e+00 5.000000e+00 2.988953e+00 4.816288e+00 2.988953e+00 0.000000e+00 
2.988963e+00 5.000000e+00 2.988963e+00 4.816288e+00 2.988963e+00 0.000000e+00 
2.988973e+00 5.000000e+00 2.988973e+00 4.816288e+00 2.988973e+00 0.000000e+00 
2.988983e+00 5.000000e+00 2.988983e+00 4.816288e+00 2.988983e+00 0.000000e+00 
2.988993e+00 5.000000e+00 2.988993e+00 4.816288e+00 2.988993e+00 0.000000e+00 
2.989003e+00 5.000000e+00 2.989003e+00 4.816288e+00 2.989003e+00 0.000000e+00 
2.989013e+00 5.000000e+00 2.989013e+00 4.816288e+00 2.989013e+00 0.000000e+00 
2.989023e+00 5.000000e+00 2.989023e+00 4.816288e+00 2.989023e+00 0.000000e+00 
2.989033e+00 5.000000e+00 2.989033e+00 4.816288e+00 2.989033e+00 0.000000e+00 
2.989043e+00 5.000000e+00 2.989043e+00 4.816288e+00 2.989043e+00 0.000000e+00 
2.989053e+00 5.000000e+00 2.989053e+00 4.816288e+00 2.989053e+00 0.000000e+00 
2.989063e+00 5.000000e+00 2.989063e+00 4.816288e+00 2.989063e+00 0.000000e+00 
2.989073e+00 5.000000e+00 2.989073e+00 4.816288e+00 2.989073e+00 0.000000e+00 
2.989083e+00 5.000000e+00 2.989083e+00 4.816288e+00 2.989083e+00 0.000000e+00 
2.989093e+00 5.000000e+00 2.989093e+00 4.816288e+00 2.989093e+00 0.000000e+00 
2.989103e+00 5.000000e+00 2.989103e+00 4.816288e+00 2.989103e+00 0.000000e+00 
2.989113e+00 5.000000e+00 2.989113e+00 4.816288e+00 2.989113e+00 0.000000e+00 
2.989123e+00 5.000000e+00 2.989123e+00 4.816288e+00 2.989123e+00 0.000000e+00 
2.989133e+00 5.000000e+00 2.989133e+00 4.816288e+00 2.989133e+00 0.000000e+00 
2.989143e+00 5.000000e+00 2.989143e+00 4.816288e+00 2.989143e+00 0.000000e+00 
2.989153e+00 5.000000e+00 2.989153e+00 4.816288e+00 2.989153e+00 0.000000e+00 
2.989163e+00 5.000000e+00 2.989163e+00 4.816288e+00 2.989163e+00 0.000000e+00 
2.989173e+00 5.000000e+00 2.989173e+00 4.816288e+00 2.989173e+00 0.000000e+00 
2.989183e+00 5.000000e+00 2.989183e+00 4.816288e+00 2.989183e+00 0.000000e+00 
2.989193e+00 5.000000e+00 2.989193e+00 4.816288e+00 2.989193e+00 0.000000e+00 
2.989203e+00 5.000000e+00 2.989203e+00 4.816288e+00 2.989203e+00 0.000000e+00 
2.989213e+00 5.000000e+00 2.989213e+00 4.816288e+00 2.989213e+00 0.000000e+00 
2.989223e+00 5.000000e+00 2.989223e+00 4.816288e+00 2.989223e+00 0.000000e+00 
2.989233e+00 5.000000e+00 2.989233e+00 4.816288e+00 2.989233e+00 0.000000e+00 
2.989243e+00 5.000000e+00 2.989243e+00 4.816288e+00 2.989243e+00 0.000000e+00 
2.989253e+00 5.000000e+00 2.989253e+00 4.816288e+00 2.989253e+00 0.000000e+00 
2.989263e+00 5.000000e+00 2.989263e+00 4.816288e+00 2.989263e+00 0.000000e+00 
2.989273e+00 5.000000e+00 2.989273e+00 4.816288e+00 2.989273e+00 0.000000e+00 
2.989283e+00 5.000000e+00 2.989283e+00 4.816288e+00 2.989283e+00 0.000000e+00 
2.989293e+00 5.000000e+00 2.989293e+00 4.816288e+00 2.989293e+00 0.000000e+00 
2.989303e+00 5.000000e+00 2.989303e+00 4.816288e+00 2.989303e+00 0.000000e+00 
2.989313e+00 5.000000e+00 2.989313e+00 4.816288e+00 2.989313e+00 0.000000e+00 
2.989323e+00 5.000000e+00 2.989323e+00 4.816288e+00 2.989323e+00 0.000000e+00 
2.989333e+00 5.000000e+00 2.989333e+00 4.816288e+00 2.989333e+00 0.000000e+00 
2.989343e+00 5.000000e+00 2.989343e+00 4.816288e+00 2.989343e+00 0.000000e+00 
2.989353e+00 5.000000e+00 2.989353e+00 4.816288e+00 2.989353e+00 0.000000e+00 
2.989363e+00 5.000000e+00 2.989363e+00 4.816288e+00 2.989363e+00 0.000000e+00 
2.989373e+00 5.000000e+00 2.989373e+00 4.816288e+00 2.989373e+00 0.000000e+00 
2.989383e+00 5.000000e+00 2.989383e+00 4.816288e+00 2.989383e+00 0.000000e+00 
2.989393e+00 5.000000e+00 2.989393e+00 4.816288e+00 2.989393e+00 0.000000e+00 
2.989403e+00 5.000000e+00 2.989403e+00 4.816288e+00 2.989403e+00 0.000000e+00 
2.989413e+00 5.000000e+00 2.989413e+00 4.816288e+00 2.989413e+00 0.000000e+00 
2.989423e+00 5.000000e+00 2.989423e+00 4.816288e+00 2.989423e+00 0.000000e+00 
2.989433e+00 5.000000e+00 2.989433e+00 4.816288e+00 2.989433e+00 0.000000e+00 
2.989443e+00 5.000000e+00 2.989443e+00 4.816288e+00 2.989443e+00 0.000000e+00 
2.989453e+00 5.000000e+00 2.989453e+00 4.816288e+00 2.989453e+00 0.000000e+00 
2.989463e+00 5.000000e+00 2.989463e+00 4.816288e+00 2.989463e+00 0.000000e+00 
2.989473e+00 5.000000e+00 2.989473e+00 4.816288e+00 2.989473e+00 0.000000e+00 
2.989483e+00 5.000000e+00 2.989483e+00 4.816288e+00 2.989483e+00 0.000000e+00 
2.989493e+00 5.000000e+00 2.989493e+00 4.816288e+00 2.989493e+00 0.000000e+00 
2.989503e+00 5.000000e+00 2.989503e+00 4.816288e+00 2.989503e+00 0.000000e+00 
2.989513e+00 5.000000e+00 2.989513e+00 4.816288e+00 2.989513e+00 0.000000e+00 
2.989523e+00 5.000000e+00 2.989523e+00 4.816288e+00 2.989523e+00 0.000000e+00 
2.989533e+00 5.000000e+00 2.989533e+00 4.816288e+00 2.989533e+00 0.000000e+00 
2.989543e+00 5.000000e+00 2.989543e+00 4.816288e+00 2.989543e+00 0.000000e+00 
2.989553e+00 5.000000e+00 2.989553e+00 4.816288e+00 2.989553e+00 0.000000e+00 
2.989563e+00 5.000000e+00 2.989563e+00 4.816288e+00 2.989563e+00 0.000000e+00 
2.989573e+00 5.000000e+00 2.989573e+00 4.816288e+00 2.989573e+00 0.000000e+00 
2.989583e+00 5.000000e+00 2.989583e+00 4.816288e+00 2.989583e+00 0.000000e+00 
2.989593e+00 5.000000e+00 2.989593e+00 4.816288e+00 2.989593e+00 0.000000e+00 
2.989603e+00 5.000000e+00 2.989603e+00 4.816288e+00 2.989603e+00 0.000000e+00 
2.989613e+00 5.000000e+00 2.989613e+00 4.816288e+00 2.989613e+00 0.000000e+00 
2.989623e+00 5.000000e+00 2.989623e+00 4.816288e+00 2.989623e+00 0.000000e+00 
2.989633e+00 5.000000e+00 2.989633e+00 4.816288e+00 2.989633e+00 0.000000e+00 
2.989643e+00 5.000000e+00 2.989643e+00 4.816288e+00 2.989643e+00 0.000000e+00 
2.989653e+00 5.000000e+00 2.989653e+00 4.816288e+00 2.989653e+00 0.000000e+00 
2.989663e+00 5.000000e+00 2.989663e+00 4.816288e+00 2.989663e+00 0.000000e+00 
2.989673e+00 5.000000e+00 2.989673e+00 4.816288e+00 2.989673e+00 0.000000e+00 
2.989683e+00 5.000000e+00 2.989683e+00 4.816288e+00 2.989683e+00 0.000000e+00 
2.989693e+00 5.000000e+00 2.989693e+00 4.816288e+00 2.989693e+00 0.000000e+00 
2.989703e+00 5.000000e+00 2.989703e+00 4.816288e+00 2.989703e+00 0.000000e+00 
2.989713e+00 5.000000e+00 2.989713e+00 4.816288e+00 2.989713e+00 0.000000e+00 
2.989723e+00 5.000000e+00 2.989723e+00 4.816288e+00 2.989723e+00 0.000000e+00 
2.989733e+00 5.000000e+00 2.989733e+00 4.816288e+00 2.989733e+00 0.000000e+00 
2.989743e+00 5.000000e+00 2.989743e+00 4.816288e+00 2.989743e+00 0.000000e+00 
2.989753e+00 5.000000e+00 2.989753e+00 4.816288e+00 2.989753e+00 0.000000e+00 
2.989763e+00 5.000000e+00 2.989763e+00 4.816288e+00 2.989763e+00 0.000000e+00 
2.989773e+00 5.000000e+00 2.989773e+00 4.816288e+00 2.989773e+00 0.000000e+00 
2.989783e+00 5.000000e+00 2.989783e+00 4.816288e+00 2.989783e+00 0.000000e+00 
2.989793e+00 5.000000e+00 2.989793e+00 4.816288e+00 2.989793e+00 0.000000e+00 
2.989803e+00 5.000000e+00 2.989803e+00 4.816288e+00 2.989803e+00 0.000000e+00 
2.989813e+00 5.000000e+00 2.989813e+00 4.816288e+00 2.989813e+00 0.000000e+00 
2.989823e+00 5.000000e+00 2.989823e+00 4.816288e+00 2.989823e+00 0.000000e+00 
2.989833e+00 5.000000e+00 2.989833e+00 4.816288e+00 2.989833e+00 0.000000e+00 
2.989843e+00 5.000000e+00 2.989843e+00 4.816288e+00 2.989843e+00 0.000000e+00 
2.989853e+00 5.000000e+00 2.989853e+00 4.816288e+00 2.989853e+00 0.000000e+00 
2.989863e+00 5.000000e+00 2.989863e+00 4.816288e+00 2.989863e+00 0.000000e+00 
2.989873e+00 5.000000e+00 2.989873e+00 4.816288e+00 2.989873e+00 0.000000e+00 
2.989883e+00 5.000000e+00 2.989883e+00 4.816288e+00 2.989883e+00 0.000000e+00 
2.989893e+00 5.000000e+00 2.989893e+00 4.816288e+00 2.989893e+00 0.000000e+00 
2.989903e+00 5.000000e+00 2.989903e+00 4.816288e+00 2.989903e+00 0.000000e+00 
2.989913e+00 5.000000e+00 2.989913e+00 4.816288e+00 2.989913e+00 0.000000e+00 
2.989923e+00 5.000000e+00 2.989923e+00 4.816288e+00 2.989923e+00 0.000000e+00 
2.989933e+00 5.000000e+00 2.989933e+00 4.816288e+00 2.989933e+00 0.000000e+00 
2.989943e+00 5.000000e+00 2.989943e+00 4.816288e+00 2.989943e+00 0.000000e+00 
2.989953e+00 5.000000e+00 2.989953e+00 4.816288e+00 2.989953e+00 0.000000e+00 
2.989963e+00 5.000000e+00 2.989963e+00 4.816288e+00 2.989963e+00 0.000000e+00 
2.989973e+00 5.000000e+00 2.989973e+00 4.816288e+00 2.989973e+00 0.000000e+00 
2.989983e+00 5.000000e+00 2.989983e+00 4.816288e+00 2.989983e+00 0.000000e+00 
2.989993e+00 5.000000e+00 2.989993e+00 4.816288e+00 2.989993e+00 0.000000e+00 
2.990003e+00 5.000000e+00 2.990003e+00 4.816288e+00 2.990003e+00 0.000000e+00 
2.990013e+00 5.000000e+00 2.990013e+00 4.816288e+00 2.990013e+00 0.000000e+00 
2.990023e+00 5.000000e+00 2.990023e+00 4.816288e+00 2.990023e+00 0.000000e+00 
2.990033e+00 5.000000e+00 2.990033e+00 4.816288e+00 2.990033e+00 0.000000e+00 
2.990043e+00 5.000000e+00 2.990043e+00 4.816288e+00 2.990043e+00 0.000000e+00 
2.990053e+00 5.000000e+00 2.990053e+00 4.816288e+00 2.990053e+00 0.000000e+00 
2.990063e+00 5.000000e+00 2.990063e+00 4.816288e+00 2.990063e+00 0.000000e+00 
2.990073e+00 5.000000e+00 2.990073e+00 4.816288e+00 2.990073e+00 0.000000e+00 
2.990083e+00 5.000000e+00 2.990083e+00 4.816288e+00 2.990083e+00 0.000000e+00 
2.990093e+00 5.000000e+00 2.990093e+00 4.816288e+00 2.990093e+00 0.000000e+00 
2.990103e+00 5.000000e+00 2.990103e+00 4.816288e+00 2.990103e+00 0.000000e+00 
2.990113e+00 5.000000e+00 2.990113e+00 4.816288e+00 2.990113e+00 0.000000e+00 
2.990123e+00 5.000000e+00 2.990123e+00 4.816288e+00 2.990123e+00 0.000000e+00 
2.990133e+00 5.000000e+00 2.990133e+00 4.816288e+00 2.990133e+00 0.000000e+00 
2.990143e+00 5.000000e+00 2.990143e+00 4.816288e+00 2.990143e+00 0.000000e+00 
2.990153e+00 5.000000e+00 2.990153e+00 4.816288e+00 2.990153e+00 0.000000e+00 
2.990163e+00 5.000000e+00 2.990163e+00 4.816288e+00 2.990163e+00 0.000000e+00 
2.990173e+00 5.000000e+00 2.990173e+00 4.816288e+00 2.990173e+00 0.000000e+00 
2.990183e+00 5.000000e+00 2.990183e+00 4.816288e+00 2.990183e+00 0.000000e+00 
2.990193e+00 5.000000e+00 2.990193e+00 4.816288e+00 2.990193e+00 0.000000e+00 
2.990203e+00 5.000000e+00 2.990203e+00 4.816288e+00 2.990203e+00 0.000000e+00 
2.990213e+00 5.000000e+00 2.990213e+00 4.816288e+00 2.990213e+00 0.000000e+00 
2.990223e+00 5.000000e+00 2.990223e+00 4.816288e+00 2.990223e+00 0.000000e+00 
2.990233e+00 5.000000e+00 2.990233e+00 4.816288e+00 2.990233e+00 0.000000e+00 
2.990243e+00 5.000000e+00 2.990243e+00 4.816288e+00 2.990243e+00 0.000000e+00 
2.990253e+00 5.000000e+00 2.990253e+00 4.816288e+00 2.990253e+00 0.000000e+00 
2.990263e+00 5.000000e+00 2.990263e+00 4.816288e+00 2.990263e+00 0.000000e+00 
2.990273e+00 5.000000e+00 2.990273e+00 4.816288e+00 2.990273e+00 0.000000e+00 
2.990283e+00 5.000000e+00 2.990283e+00 4.816288e+00 2.990283e+00 0.000000e+00 
2.990293e+00 5.000000e+00 2.990293e+00 4.816288e+00 2.990293e+00 0.000000e+00 
2.990303e+00 5.000000e+00 2.990303e+00 4.816288e+00 2.990303e+00 0.000000e+00 
2.990313e+00 5.000000e+00 2.990313e+00 4.816288e+00 2.990313e+00 0.000000e+00 
2.990323e+00 5.000000e+00 2.990323e+00 4.816288e+00 2.990323e+00 0.000000e+00 
2.990333e+00 5.000000e+00 2.990333e+00 4.816288e+00 2.990333e+00 0.000000e+00 
2.990343e+00 5.000000e+00 2.990343e+00 4.816288e+00 2.990343e+00 0.000000e+00 
2.990353e+00 5.000000e+00 2.990353e+00 4.816288e+00 2.990353e+00 0.000000e+00 
2.990363e+00 5.000000e+00 2.990363e+00 4.816288e+00 2.990363e+00 0.000000e+00 
2.990373e+00 5.000000e+00 2.990373e+00 4.816288e+00 2.990373e+00 0.000000e+00 
2.990383e+00 5.000000e+00 2.990383e+00 4.816288e+00 2.990383e+00 0.000000e+00 
2.990393e+00 5.000000e+00 2.990393e+00 4.816288e+00 2.990393e+00 0.000000e+00 
2.990403e+00 5.000000e+00 2.990403e+00 4.816288e+00 2.990403e+00 0.000000e+00 
2.990413e+00 5.000000e+00 2.990413e+00 4.816288e+00 2.990413e+00 0.000000e+00 
2.990423e+00 5.000000e+00 2.990423e+00 4.816288e+00 2.990423e+00 0.000000e+00 
2.990433e+00 5.000000e+00 2.990433e+00 4.816288e+00 2.990433e+00 0.000000e+00 
2.990443e+00 5.000000e+00 2.990443e+00 4.816288e+00 2.990443e+00 0.000000e+00 
2.990453e+00 5.000000e+00 2.990453e+00 4.816288e+00 2.990453e+00 0.000000e+00 
2.990463e+00 5.000000e+00 2.990463e+00 4.816288e+00 2.990463e+00 0.000000e+00 
2.990473e+00 5.000000e+00 2.990473e+00 4.816288e+00 2.990473e+00 0.000000e+00 
2.990483e+00 5.000000e+00 2.990483e+00 4.816288e+00 2.990483e+00 0.000000e+00 
2.990493e+00 5.000000e+00 2.990493e+00 4.816288e+00 2.990493e+00 0.000000e+00 
2.990503e+00 5.000000e+00 2.990503e+00 4.816288e+00 2.990503e+00 0.000000e+00 
2.990513e+00 5.000000e+00 2.990513e+00 4.816288e+00 2.990513e+00 0.000000e+00 
2.990523e+00 5.000000e+00 2.990523e+00 4.816288e+00 2.990523e+00 0.000000e+00 
2.990533e+00 5.000000e+00 2.990533e+00 4.816288e+00 2.990533e+00 0.000000e+00 
2.990543e+00 5.000000e+00 2.990543e+00 4.816288e+00 2.990543e+00 0.000000e+00 
2.990553e+00 5.000000e+00 2.990553e+00 4.816288e+00 2.990553e+00 0.000000e+00 
2.990563e+00 5.000000e+00 2.990563e+00 4.816288e+00 2.990563e+00 0.000000e+00 
2.990573e+00 5.000000e+00 2.990573e+00 4.816288e+00 2.990573e+00 0.000000e+00 
2.990583e+00 5.000000e+00 2.990583e+00 4.816288e+00 2.990583e+00 0.000000e+00 
2.990593e+00 5.000000e+00 2.990593e+00 4.816288e+00 2.990593e+00 0.000000e+00 
2.990603e+00 5.000000e+00 2.990603e+00 4.816288e+00 2.990603e+00 0.000000e+00 
2.990613e+00 5.000000e+00 2.990613e+00 4.816288e+00 2.990613e+00 0.000000e+00 
2.990623e+00 5.000000e+00 2.990623e+00 4.816288e+00 2.990623e+00 0.000000e+00 
2.990633e+00 5.000000e+00 2.990633e+00 4.816288e+00 2.990633e+00 0.000000e+00 
2.990643e+00 5.000000e+00 2.990643e+00 4.816288e+00 2.990643e+00 0.000000e+00 
2.990653e+00 5.000000e+00 2.990653e+00 4.816288e+00 2.990653e+00 0.000000e+00 
2.990663e+00 5.000000e+00 2.990663e+00 4.816288e+00 2.990663e+00 0.000000e+00 
2.990673e+00 5.000000e+00 2.990673e+00 4.816288e+00 2.990673e+00 0.000000e+00 
2.990683e+00 5.000000e+00 2.990683e+00 4.816288e+00 2.990683e+00 0.000000e+00 
2.990693e+00 5.000000e+00 2.990693e+00 4.816288e+00 2.990693e+00 0.000000e+00 
2.990703e+00 5.000000e+00 2.990703e+00 4.816288e+00 2.990703e+00 0.000000e+00 
2.990713e+00 5.000000e+00 2.990713e+00 4.816288e+00 2.990713e+00 0.000000e+00 
2.990723e+00 5.000000e+00 2.990723e+00 4.816288e+00 2.990723e+00 0.000000e+00 
2.990733e+00 5.000000e+00 2.990733e+00 4.816288e+00 2.990733e+00 0.000000e+00 
2.990743e+00 5.000000e+00 2.990743e+00 4.816288e+00 2.990743e+00 0.000000e+00 
2.990753e+00 5.000000e+00 2.990753e+00 4.816288e+00 2.990753e+00 0.000000e+00 
2.990763e+00 5.000000e+00 2.990763e+00 4.816288e+00 2.990763e+00 0.000000e+00 
2.990773e+00 5.000000e+00 2.990773e+00 4.816288e+00 2.990773e+00 0.000000e+00 
2.990783e+00 5.000000e+00 2.990783e+00 4.816288e+00 2.990783e+00 0.000000e+00 
2.990793e+00 5.000000e+00 2.990793e+00 4.816288e+00 2.990793e+00 0.000000e+00 
2.990803e+00 5.000000e+00 2.990803e+00 4.816288e+00 2.990803e+00 0.000000e+00 
2.990813e+00 5.000000e+00 2.990813e+00 4.816288e+00 2.990813e+00 0.000000e+00 
2.990823e+00 5.000000e+00 2.990823e+00 4.816288e+00 2.990823e+00 0.000000e+00 
2.990833e+00 5.000000e+00 2.990833e+00 4.816288e+00 2.990833e+00 0.000000e+00 
2.990843e+00 5.000000e+00 2.990843e+00 4.816288e+00 2.990843e+00 0.000000e+00 
2.990853e+00 5.000000e+00 2.990853e+00 4.816288e+00 2.990853e+00 0.000000e+00 
2.990863e+00 5.000000e+00 2.990863e+00 4.816288e+00 2.990863e+00 0.000000e+00 
2.990873e+00 5.000000e+00 2.990873e+00 4.816288e+00 2.990873e+00 0.000000e+00 
2.990883e+00 5.000000e+00 2.990883e+00 4.816288e+00 2.990883e+00 0.000000e+00 
2.990893e+00 5.000000e+00 2.990893e+00 4.816288e+00 2.990893e+00 0.000000e+00 
2.990903e+00 5.000000e+00 2.990903e+00 4.816288e+00 2.990903e+00 0.000000e+00 
2.990913e+00 5.000000e+00 2.990913e+00 4.816288e+00 2.990913e+00 0.000000e+00 
2.990923e+00 5.000000e+00 2.990923e+00 4.816288e+00 2.990923e+00 0.000000e+00 
2.990933e+00 5.000000e+00 2.990933e+00 4.816288e+00 2.990933e+00 0.000000e+00 
2.990943e+00 5.000000e+00 2.990943e+00 4.816288e+00 2.990943e+00 0.000000e+00 
2.990953e+00 5.000000e+00 2.990953e+00 4.816288e+00 2.990953e+00 0.000000e+00 
2.990963e+00 5.000000e+00 2.990963e+00 4.816288e+00 2.990963e+00 0.000000e+00 
2.990973e+00 5.000000e+00 2.990973e+00 4.816288e+00 2.990973e+00 0.000000e+00 
2.990983e+00 5.000000e+00 2.990983e+00 4.816288e+00 2.990983e+00 0.000000e+00 
2.990993e+00 5.000000e+00 2.990993e+00 4.816288e+00 2.990993e+00 0.000000e+00 
2.991003e+00 5.000000e+00 2.991003e+00 4.816288e+00 2.991003e+00 0.000000e+00 
2.991013e+00 5.000000e+00 2.991013e+00 4.816288e+00 2.991013e+00 0.000000e+00 
2.991023e+00 5.000000e+00 2.991023e+00 4.816288e+00 2.991023e+00 0.000000e+00 
2.991033e+00 5.000000e+00 2.991033e+00 4.816288e+00 2.991033e+00 0.000000e+00 
2.991043e+00 5.000000e+00 2.991043e+00 4.816288e+00 2.991043e+00 0.000000e+00 
2.991053e+00 5.000000e+00 2.991053e+00 4.816288e+00 2.991053e+00 0.000000e+00 
2.991063e+00 5.000000e+00 2.991063e+00 4.816288e+00 2.991063e+00 0.000000e+00 
2.991073e+00 5.000000e+00 2.991073e+00 4.816288e+00 2.991073e+00 0.000000e+00 
2.991083e+00 5.000000e+00 2.991083e+00 4.816288e+00 2.991083e+00 0.000000e+00 
2.991093e+00 5.000000e+00 2.991093e+00 4.816288e+00 2.991093e+00 0.000000e+00 
2.991103e+00 5.000000e+00 2.991103e+00 4.816288e+00 2.991103e+00 0.000000e+00 
2.991113e+00 5.000000e+00 2.991113e+00 4.816288e+00 2.991113e+00 0.000000e+00 
2.991123e+00 5.000000e+00 2.991123e+00 4.816288e+00 2.991123e+00 0.000000e+00 
2.991133e+00 5.000000e+00 2.991133e+00 4.816288e+00 2.991133e+00 0.000000e+00 
2.991143e+00 5.000000e+00 2.991143e+00 4.816288e+00 2.991143e+00 0.000000e+00 
2.991153e+00 5.000000e+00 2.991153e+00 4.816288e+00 2.991153e+00 0.000000e+00 
2.991163e+00 5.000000e+00 2.991163e+00 4.816288e+00 2.991163e+00 0.000000e+00 
2.991173e+00 5.000000e+00 2.991173e+00 4.816288e+00 2.991173e+00 0.000000e+00 
2.991183e+00 5.000000e+00 2.991183e+00 4.816288e+00 2.991183e+00 0.000000e+00 
2.991193e+00 5.000000e+00 2.991193e+00 4.816288e+00 2.991193e+00 0.000000e+00 
2.991203e+00 5.000000e+00 2.991203e+00 4.816288e+00 2.991203e+00 0.000000e+00 
2.991213e+00 5.000000e+00 2.991213e+00 4.816288e+00 2.991213e+00 0.000000e+00 
2.991223e+00 5.000000e+00 2.991223e+00 4.816288e+00 2.991223e+00 0.000000e+00 
2.991233e+00 5.000000e+00 2.991233e+00 4.816288e+00 2.991233e+00 0.000000e+00 
2.991243e+00 5.000000e+00 2.991243e+00 4.816288e+00 2.991243e+00 0.000000e+00 
2.991253e+00 5.000000e+00 2.991253e+00 4.816288e+00 2.991253e+00 0.000000e+00 
2.991263e+00 5.000000e+00 2.991263e+00 4.816288e+00 2.991263e+00 0.000000e+00 
2.991273e+00 5.000000e+00 2.991273e+00 4.816288e+00 2.991273e+00 0.000000e+00 
2.991283e+00 5.000000e+00 2.991283e+00 4.816288e+00 2.991283e+00 0.000000e+00 
2.991293e+00 5.000000e+00 2.991293e+00 4.816288e+00 2.991293e+00 0.000000e+00 
2.991303e+00 5.000000e+00 2.991303e+00 4.816288e+00 2.991303e+00 0.000000e+00 
2.991313e+00 5.000000e+00 2.991313e+00 4.816288e+00 2.991313e+00 0.000000e+00 
2.991323e+00 5.000000e+00 2.991323e+00 4.816288e+00 2.991323e+00 0.000000e+00 
2.991333e+00 5.000000e+00 2.991333e+00 4.816288e+00 2.991333e+00 0.000000e+00 
2.991343e+00 5.000000e+00 2.991343e+00 4.816288e+00 2.991343e+00 0.000000e+00 
2.991353e+00 5.000000e+00 2.991353e+00 4.816288e+00 2.991353e+00 0.000000e+00 
2.991363e+00 5.000000e+00 2.991363e+00 4.816288e+00 2.991363e+00 0.000000e+00 
2.991373e+00 5.000000e+00 2.991373e+00 4.816288e+00 2.991373e+00 0.000000e+00 
2.991383e+00 5.000000e+00 2.991383e+00 4.816288e+00 2.991383e+00 0.000000e+00 
2.991393e+00 5.000000e+00 2.991393e+00 4.816288e+00 2.991393e+00 0.000000e+00 
2.991403e+00 5.000000e+00 2.991403e+00 4.816288e+00 2.991403e+00 0.000000e+00 
2.991413e+00 5.000000e+00 2.991413e+00 4.816288e+00 2.991413e+00 0.000000e+00 
2.991423e+00 5.000000e+00 2.991423e+00 4.816288e+00 2.991423e+00 0.000000e+00 
2.991433e+00 5.000000e+00 2.991433e+00 4.816288e+00 2.991433e+00 0.000000e+00 
2.991443e+00 5.000000e+00 2.991443e+00 4.816288e+00 2.991443e+00 0.000000e+00 
2.991453e+00 5.000000e+00 2.991453e+00 4.816288e+00 2.991453e+00 0.000000e+00 
2.991463e+00 5.000000e+00 2.991463e+00 4.816288e+00 2.991463e+00 0.000000e+00 
2.991473e+00 5.000000e+00 2.991473e+00 4.816288e+00 2.991473e+00 0.000000e+00 
2.991483e+00 5.000000e+00 2.991483e+00 4.816288e+00 2.991483e+00 0.000000e+00 
2.991493e+00 5.000000e+00 2.991493e+00 4.816288e+00 2.991493e+00 0.000000e+00 
2.991503e+00 5.000000e+00 2.991503e+00 4.816288e+00 2.991503e+00 0.000000e+00 
2.991513e+00 5.000000e+00 2.991513e+00 4.816288e+00 2.991513e+00 0.000000e+00 
2.991523e+00 5.000000e+00 2.991523e+00 4.816288e+00 2.991523e+00 0.000000e+00 
2.991533e+00 5.000000e+00 2.991533e+00 4.816288e+00 2.991533e+00 0.000000e+00 
2.991543e+00 5.000000e+00 2.991543e+00 4.816288e+00 2.991543e+00 0.000000e+00 
2.991553e+00 5.000000e+00 2.991553e+00 4.816288e+00 2.991553e+00 0.000000e+00 
2.991563e+00 5.000000e+00 2.991563e+00 4.816288e+00 2.991563e+00 0.000000e+00 
2.991573e+00 5.000000e+00 2.991573e+00 4.816288e+00 2.991573e+00 0.000000e+00 
2.991583e+00 5.000000e+00 2.991583e+00 4.816288e+00 2.991583e+00 0.000000e+00 
2.991593e+00 5.000000e+00 2.991593e+00 4.816288e+00 2.991593e+00 0.000000e+00 
2.991603e+00 5.000000e+00 2.991603e+00 4.816288e+00 2.991603e+00 0.000000e+00 
2.991613e+00 5.000000e+00 2.991613e+00 4.816288e+00 2.991613e+00 0.000000e+00 
2.991623e+00 5.000000e+00 2.991623e+00 4.816288e+00 2.991623e+00 0.000000e+00 
2.991633e+00 5.000000e+00 2.991633e+00 4.816288e+00 2.991633e+00 0.000000e+00 
2.991643e+00 5.000000e+00 2.991643e+00 4.816288e+00 2.991643e+00 0.000000e+00 
2.991653e+00 5.000000e+00 2.991653e+00 4.816288e+00 2.991653e+00 0.000000e+00 
2.991663e+00 5.000000e+00 2.991663e+00 4.816288e+00 2.991663e+00 0.000000e+00 
2.991673e+00 5.000000e+00 2.991673e+00 4.816288e+00 2.991673e+00 0.000000e+00 
2.991683e+00 5.000000e+00 2.991683e+00 4.816288e+00 2.991683e+00 0.000000e+00 
2.991693e+00 5.000000e+00 2.991693e+00 4.816288e+00 2.991693e+00 0.000000e+00 
2.991703e+00 5.000000e+00 2.991703e+00 4.816288e+00 2.991703e+00 0.000000e+00 
2.991713e+00 5.000000e+00 2.991713e+00 4.816288e+00 2.991713e+00 0.000000e+00 
2.991723e+00 5.000000e+00 2.991723e+00 4.816288e+00 2.991723e+00 0.000000e+00 
2.991733e+00 5.000000e+00 2.991733e+00 4.816288e+00 2.991733e+00 0.000000e+00 
2.991743e+00 5.000000e+00 2.991743e+00 4.816288e+00 2.991743e+00 0.000000e+00 
2.991753e+00 5.000000e+00 2.991753e+00 4.816288e+00 2.991753e+00 0.000000e+00 
2.991763e+00 5.000000e+00 2.991763e+00 4.816288e+00 2.991763e+00 0.000000e+00 
2.991773e+00 5.000000e+00 2.991773e+00 4.816288e+00 2.991773e+00 0.000000e+00 
2.991783e+00 5.000000e+00 2.991783e+00 4.816288e+00 2.991783e+00 0.000000e+00 
2.991793e+00 5.000000e+00 2.991793e+00 4.816288e+00 2.991793e+00 0.000000e+00 
2.991803e+00 5.000000e+00 2.991803e+00 4.816288e+00 2.991803e+00 0.000000e+00 
2.991813e+00 5.000000e+00 2.991813e+00 4.816288e+00 2.991813e+00 0.000000e+00 
2.991823e+00 5.000000e+00 2.991823e+00 4.816288e+00 2.991823e+00 0.000000e+00 
2.991833e+00 5.000000e+00 2.991833e+00 4.816288e+00 2.991833e+00 0.000000e+00 
2.991843e+00 5.000000e+00 2.991843e+00 4.816288e+00 2.991843e+00 0.000000e+00 
2.991853e+00 5.000000e+00 2.991853e+00 4.816288e+00 2.991853e+00 0.000000e+00 
2.991863e+00 5.000000e+00 2.991863e+00 4.816288e+00 2.991863e+00 0.000000e+00 
2.991873e+00 5.000000e+00 2.991873e+00 4.816288e+00 2.991873e+00 0.000000e+00 
2.991883e+00 5.000000e+00 2.991883e+00 4.816288e+00 2.991883e+00 0.000000e+00 
2.991893e+00 5.000000e+00 2.991893e+00 4.816288e+00 2.991893e+00 0.000000e+00 
2.991903e+00 5.000000e+00 2.991903e+00 4.816288e+00 2.991903e+00 0.000000e+00 
2.991913e+00 5.000000e+00 2.991913e+00 4.816288e+00 2.991913e+00 0.000000e+00 
2.991923e+00 5.000000e+00 2.991923e+00 4.816288e+00 2.991923e+00 0.000000e+00 
2.991933e+00 5.000000e+00 2.991933e+00 4.816288e+00 2.991933e+00 0.000000e+00 
2.991943e+00 5.000000e+00 2.991943e+00 4.816288e+00 2.991943e+00 0.000000e+00 
2.991953e+00 5.000000e+00 2.991953e+00 4.816288e+00 2.991953e+00 0.000000e+00 
2.991963e+00 5.000000e+00 2.991963e+00 4.816288e+00 2.991963e+00 0.000000e+00 
2.991973e+00 5.000000e+00 2.991973e+00 4.816288e+00 2.991973e+00 0.000000e+00 
2.991983e+00 5.000000e+00 2.991983e+00 4.816288e+00 2.991983e+00 0.000000e+00 
2.991993e+00 5.000000e+00 2.991993e+00 4.816288e+00 2.991993e+00 0.000000e+00 
2.992003e+00 5.000000e+00 2.992003e+00 4.816288e+00 2.992003e+00 0.000000e+00 
2.992013e+00 5.000000e+00 2.992013e+00 4.816288e+00 2.992013e+00 0.000000e+00 
2.992023e+00 5.000000e+00 2.992023e+00 4.816288e+00 2.992023e+00 0.000000e+00 
2.992033e+00 5.000000e+00 2.992033e+00 4.816288e+00 2.992033e+00 0.000000e+00 
2.992043e+00 5.000000e+00 2.992043e+00 4.816288e+00 2.992043e+00 0.000000e+00 
2.992053e+00 5.000000e+00 2.992053e+00 4.816288e+00 2.992053e+00 0.000000e+00 
2.992063e+00 5.000000e+00 2.992063e+00 4.816288e+00 2.992063e+00 0.000000e+00 
2.992073e+00 5.000000e+00 2.992073e+00 4.816288e+00 2.992073e+00 0.000000e+00 
2.992083e+00 5.000000e+00 2.992083e+00 4.816288e+00 2.992083e+00 0.000000e+00 
2.992093e+00 5.000000e+00 2.992093e+00 4.816288e+00 2.992093e+00 0.000000e+00 
2.992103e+00 5.000000e+00 2.992103e+00 4.816288e+00 2.992103e+00 0.000000e+00 
2.992113e+00 5.000000e+00 2.992113e+00 4.816288e+00 2.992113e+00 0.000000e+00 
2.992123e+00 5.000000e+00 2.992123e+00 4.816288e+00 2.992123e+00 0.000000e+00 
2.992133e+00 5.000000e+00 2.992133e+00 4.816288e+00 2.992133e+00 0.000000e+00 
2.992143e+00 5.000000e+00 2.992143e+00 4.816288e+00 2.992143e+00 0.000000e+00 
2.992153e+00 5.000000e+00 2.992153e+00 4.816288e+00 2.992153e+00 0.000000e+00 
2.992163e+00 5.000000e+00 2.992163e+00 4.816288e+00 2.992163e+00 0.000000e+00 
2.992173e+00 5.000000e+00 2.992173e+00 4.816288e+00 2.992173e+00 0.000000e+00 
2.992183e+00 5.000000e+00 2.992183e+00 4.816288e+00 2.992183e+00 0.000000e+00 
2.992193e+00 5.000000e+00 2.992193e+00 4.816288e+00 2.992193e+00 0.000000e+00 
2.992203e+00 5.000000e+00 2.992203e+00 4.816288e+00 2.992203e+00 0.000000e+00 
2.992213e+00 5.000000e+00 2.992213e+00 4.816288e+00 2.992213e+00 0.000000e+00 
2.992223e+00 5.000000e+00 2.992223e+00 4.816288e+00 2.992223e+00 0.000000e+00 
2.992233e+00 5.000000e+00 2.992233e+00 4.816288e+00 2.992233e+00 0.000000e+00 
2.992243e+00 5.000000e+00 2.992243e+00 4.816288e+00 2.992243e+00 0.000000e+00 
2.992253e+00 5.000000e+00 2.992253e+00 4.816288e+00 2.992253e+00 0.000000e+00 
2.992263e+00 5.000000e+00 2.992263e+00 4.816288e+00 2.992263e+00 0.000000e+00 
2.992273e+00 5.000000e+00 2.992273e+00 4.816288e+00 2.992273e+00 0.000000e+00 
2.992283e+00 5.000000e+00 2.992283e+00 4.816288e+00 2.992283e+00 0.000000e+00 
2.992293e+00 5.000000e+00 2.992293e+00 4.816288e+00 2.992293e+00 0.000000e+00 
2.992303e+00 5.000000e+00 2.992303e+00 4.816288e+00 2.992303e+00 0.000000e+00 
2.992313e+00 5.000000e+00 2.992313e+00 4.816288e+00 2.992313e+00 0.000000e+00 
2.992323e+00 5.000000e+00 2.992323e+00 4.816288e+00 2.992323e+00 0.000000e+00 
2.992333e+00 5.000000e+00 2.992333e+00 4.816288e+00 2.992333e+00 0.000000e+00 
2.992343e+00 5.000000e+00 2.992343e+00 4.816288e+00 2.992343e+00 0.000000e+00 
2.992353e+00 5.000000e+00 2.992353e+00 4.816288e+00 2.992353e+00 0.000000e+00 
2.992363e+00 5.000000e+00 2.992363e+00 4.816288e+00 2.992363e+00 0.000000e+00 
2.992373e+00 5.000000e+00 2.992373e+00 4.816288e+00 2.992373e+00 0.000000e+00 
2.992383e+00 5.000000e+00 2.992383e+00 4.816288e+00 2.992383e+00 0.000000e+00 
2.992393e+00 5.000000e+00 2.992393e+00 4.816288e+00 2.992393e+00 0.000000e+00 
2.992403e+00 5.000000e+00 2.992403e+00 4.816288e+00 2.992403e+00 0.000000e+00 
2.992413e+00 5.000000e+00 2.992413e+00 4.816288e+00 2.992413e+00 0.000000e+00 
2.992423e+00 5.000000e+00 2.992423e+00 4.816288e+00 2.992423e+00 0.000000e+00 
2.992433e+00 5.000000e+00 2.992433e+00 4.816288e+00 2.992433e+00 0.000000e+00 
2.992443e+00 5.000000e+00 2.992443e+00 4.816288e+00 2.992443e+00 0.000000e+00 
2.992453e+00 5.000000e+00 2.992453e+00 4.816288e+00 2.992453e+00 0.000000e+00 
2.992463e+00 5.000000e+00 2.992463e+00 4.816288e+00 2.992463e+00 0.000000e+00 
2.992473e+00 5.000000e+00 2.992473e+00 4.816288e+00 2.992473e+00 0.000000e+00 
2.992483e+00 5.000000e+00 2.992483e+00 4.816288e+00 2.992483e+00 0.000000e+00 
2.992493e+00 5.000000e+00 2.992493e+00 4.816288e+00 2.992493e+00 0.000000e+00 
2.992503e+00 5.000000e+00 2.992503e+00 4.816288e+00 2.992503e+00 0.000000e+00 
2.992513e+00 5.000000e+00 2.992513e+00 4.816288e+00 2.992513e+00 0.000000e+00 
2.992523e+00 5.000000e+00 2.992523e+00 4.816288e+00 2.992523e+00 0.000000e+00 
2.992533e+00 5.000000e+00 2.992533e+00 4.816288e+00 2.992533e+00 0.000000e+00 
2.992543e+00 5.000000e+00 2.992543e+00 4.816288e+00 2.992543e+00 0.000000e+00 
2.992553e+00 5.000000e+00 2.992553e+00 4.816288e+00 2.992553e+00 0.000000e+00 
2.992563e+00 5.000000e+00 2.992563e+00 4.816288e+00 2.992563e+00 0.000000e+00 
2.992573e+00 5.000000e+00 2.992573e+00 4.816288e+00 2.992573e+00 0.000000e+00 
2.992583e+00 5.000000e+00 2.992583e+00 4.816288e+00 2.992583e+00 0.000000e+00 
2.992593e+00 5.000000e+00 2.992593e+00 4.816288e+00 2.992593e+00 0.000000e+00 
2.992603e+00 5.000000e+00 2.992603e+00 4.816288e+00 2.992603e+00 0.000000e+00 
2.992613e+00 5.000000e+00 2.992613e+00 4.816288e+00 2.992613e+00 0.000000e+00 
2.992623e+00 5.000000e+00 2.992623e+00 4.816288e+00 2.992623e+00 0.000000e+00 
2.992633e+00 5.000000e+00 2.992633e+00 4.816288e+00 2.992633e+00 0.000000e+00 
2.992643e+00 5.000000e+00 2.992643e+00 4.816288e+00 2.992643e+00 0.000000e+00 
2.992653e+00 5.000000e+00 2.992653e+00 4.816288e+00 2.992653e+00 0.000000e+00 
2.992663e+00 5.000000e+00 2.992663e+00 4.816288e+00 2.992663e+00 0.000000e+00 
2.992673e+00 5.000000e+00 2.992673e+00 4.816288e+00 2.992673e+00 0.000000e+00 
2.992683e+00 5.000000e+00 2.992683e+00 4.816288e+00 2.992683e+00 0.000000e+00 
2.992693e+00 5.000000e+00 2.992693e+00 4.816288e+00 2.992693e+00 0.000000e+00 
2.992703e+00 5.000000e+00 2.992703e+00 4.816288e+00 2.992703e+00 0.000000e+00 
2.992713e+00 5.000000e+00 2.992713e+00 4.816288e+00 2.992713e+00 0.000000e+00 
2.992723e+00 5.000000e+00 2.992723e+00 4.816288e+00 2.992723e+00 0.000000e+00 
2.992733e+00 5.000000e+00 2.992733e+00 4.816288e+00 2.992733e+00 0.000000e+00 
2.992743e+00 5.000000e+00 2.992743e+00 4.816288e+00 2.992743e+00 0.000000e+00 
2.992753e+00 5.000000e+00 2.992753e+00 4.816288e+00 2.992753e+00 0.000000e+00 
2.992763e+00 5.000000e+00 2.992763e+00 4.816288e+00 2.992763e+00 0.000000e+00 
2.992773e+00 5.000000e+00 2.992773e+00 4.816288e+00 2.992773e+00 0.000000e+00 
2.992783e+00 5.000000e+00 2.992783e+00 4.816288e+00 2.992783e+00 0.000000e+00 
2.992793e+00 5.000000e+00 2.992793e+00 4.816288e+00 2.992793e+00 0.000000e+00 
2.992803e+00 5.000000e+00 2.992803e+00 4.816288e+00 2.992803e+00 0.000000e+00 
2.992813e+00 5.000000e+00 2.992813e+00 4.816288e+00 2.992813e+00 0.000000e+00 
2.992823e+00 5.000000e+00 2.992823e+00 4.816288e+00 2.992823e+00 0.000000e+00 
2.992833e+00 5.000000e+00 2.992833e+00 4.816288e+00 2.992833e+00 0.000000e+00 
2.992843e+00 5.000000e+00 2.992843e+00 4.816288e+00 2.992843e+00 0.000000e+00 
2.992853e+00 5.000000e+00 2.992853e+00 4.816288e+00 2.992853e+00 0.000000e+00 
2.992863e+00 5.000000e+00 2.992863e+00 4.816288e+00 2.992863e+00 0.000000e+00 
2.992873e+00 5.000000e+00 2.992873e+00 4.816288e+00 2.992873e+00 0.000000e+00 
2.992883e+00 5.000000e+00 2.992883e+00 4.816288e+00 2.992883e+00 0.000000e+00 
2.992893e+00 5.000000e+00 2.992893e+00 4.816288e+00 2.992893e+00 0.000000e+00 
2.992903e+00 5.000000e+00 2.992903e+00 4.816288e+00 2.992903e+00 0.000000e+00 
2.992913e+00 5.000000e+00 2.992913e+00 4.816288e+00 2.992913e+00 0.000000e+00 
2.992923e+00 5.000000e+00 2.992923e+00 4.816288e+00 2.992923e+00 0.000000e+00 
2.992933e+00 5.000000e+00 2.992933e+00 4.816288e+00 2.992933e+00 0.000000e+00 
2.992943e+00 5.000000e+00 2.992943e+00 4.816288e+00 2.992943e+00 0.000000e+00 
2.992953e+00 5.000000e+00 2.992953e+00 4.816288e+00 2.992953e+00 0.000000e+00 
2.992963e+00 5.000000e+00 2.992963e+00 4.816288e+00 2.992963e+00 0.000000e+00 
2.992973e+00 5.000000e+00 2.992973e+00 4.816288e+00 2.992973e+00 0.000000e+00 
2.992983e+00 5.000000e+00 2.992983e+00 4.816288e+00 2.992983e+00 0.000000e+00 
2.992993e+00 5.000000e+00 2.992993e+00 4.816288e+00 2.992993e+00 0.000000e+00 
2.993003e+00 5.000000e+00 2.993003e+00 4.816288e+00 2.993003e+00 0.000000e+00 
2.993013e+00 5.000000e+00 2.993013e+00 4.816288e+00 2.993013e+00 0.000000e+00 
2.993023e+00 5.000000e+00 2.993023e+00 4.816288e+00 2.993023e+00 0.000000e+00 
2.993033e+00 5.000000e+00 2.993033e+00 4.816288e+00 2.993033e+00 0.000000e+00 
2.993043e+00 5.000000e+00 2.993043e+00 4.816288e+00 2.993043e+00 0.000000e+00 
2.993053e+00 5.000000e+00 2.993053e+00 4.816288e+00 2.993053e+00 0.000000e+00 
2.993063e+00 5.000000e+00 2.993063e+00 4.816288e+00 2.993063e+00 0.000000e+00 
2.993073e+00 5.000000e+00 2.993073e+00 4.816288e+00 2.993073e+00 0.000000e+00 
2.993083e+00 5.000000e+00 2.993083e+00 4.816288e+00 2.993083e+00 0.000000e+00 
2.993093e+00 5.000000e+00 2.993093e+00 4.816288e+00 2.993093e+00 0.000000e+00 
2.993103e+00 5.000000e+00 2.993103e+00 4.816288e+00 2.993103e+00 0.000000e+00 
2.993113e+00 5.000000e+00 2.993113e+00 4.816288e+00 2.993113e+00 0.000000e+00 
2.993123e+00 5.000000e+00 2.993123e+00 4.816288e+00 2.993123e+00 0.000000e+00 
2.993133e+00 5.000000e+00 2.993133e+00 4.816288e+00 2.993133e+00 0.000000e+00 
2.993143e+00 5.000000e+00 2.993143e+00 4.816288e+00 2.993143e+00 0.000000e+00 
2.993153e+00 5.000000e+00 2.993153e+00 4.816288e+00 2.993153e+00 0.000000e+00 
2.993163e+00 5.000000e+00 2.993163e+00 4.816288e+00 2.993163e+00 0.000000e+00 
2.993173e+00 5.000000e+00 2.993173e+00 4.816288e+00 2.993173e+00 0.000000e+00 
2.993183e+00 5.000000e+00 2.993183e+00 4.816288e+00 2.993183e+00 0.000000e+00 
2.993193e+00 5.000000e+00 2.993193e+00 4.816288e+00 2.993193e+00 0.000000e+00 
2.993203e+00 5.000000e+00 2.993203e+00 4.816288e+00 2.993203e+00 0.000000e+00 
2.993213e+00 5.000000e+00 2.993213e+00 4.816288e+00 2.993213e+00 0.000000e+00 
2.993223e+00 5.000000e+00 2.993223e+00 4.816288e+00 2.993223e+00 0.000000e+00 
2.993233e+00 5.000000e+00 2.993233e+00 4.816288e+00 2.993233e+00 0.000000e+00 
2.993243e+00 5.000000e+00 2.993243e+00 4.816288e+00 2.993243e+00 0.000000e+00 
2.993253e+00 5.000000e+00 2.993253e+00 4.816288e+00 2.993253e+00 0.000000e+00 
2.993263e+00 5.000000e+00 2.993263e+00 4.816288e+00 2.993263e+00 0.000000e+00 
2.993273e+00 5.000000e+00 2.993273e+00 4.816288e+00 2.993273e+00 0.000000e+00 
2.993283e+00 5.000000e+00 2.993283e+00 4.816288e+00 2.993283e+00 0.000000e+00 
2.993293e+00 5.000000e+00 2.993293e+00 4.816288e+00 2.993293e+00 0.000000e+00 
2.993303e+00 5.000000e+00 2.993303e+00 4.816288e+00 2.993303e+00 0.000000e+00 
2.993313e+00 5.000000e+00 2.993313e+00 4.816288e+00 2.993313e+00 0.000000e+00 
2.993323e+00 5.000000e+00 2.993323e+00 4.816288e+00 2.993323e+00 0.000000e+00 
2.993333e+00 5.000000e+00 2.993333e+00 4.816288e+00 2.993333e+00 0.000000e+00 
2.993343e+00 5.000000e+00 2.993343e+00 4.816288e+00 2.993343e+00 0.000000e+00 
2.993353e+00 5.000000e+00 2.993353e+00 4.816288e+00 2.993353e+00 0.000000e+00 
2.993363e+00 5.000000e+00 2.993363e+00 4.816288e+00 2.993363e+00 0.000000e+00 
2.993373e+00 5.000000e+00 2.993373e+00 4.816288e+00 2.993373e+00 0.000000e+00 
2.993383e+00 5.000000e+00 2.993383e+00 4.816288e+00 2.993383e+00 0.000000e+00 
2.993393e+00 5.000000e+00 2.993393e+00 4.816288e+00 2.993393e+00 0.000000e+00 
2.993403e+00 5.000000e+00 2.993403e+00 4.816288e+00 2.993403e+00 0.000000e+00 
2.993413e+00 5.000000e+00 2.993413e+00 4.816288e+00 2.993413e+00 0.000000e+00 
2.993423e+00 5.000000e+00 2.993423e+00 4.816288e+00 2.993423e+00 0.000000e+00 
2.993433e+00 5.000000e+00 2.993433e+00 4.816288e+00 2.993433e+00 0.000000e+00 
2.993443e+00 5.000000e+00 2.993443e+00 4.816288e+00 2.993443e+00 0.000000e+00 
2.993453e+00 5.000000e+00 2.993453e+00 4.816288e+00 2.993453e+00 0.000000e+00 
2.993463e+00 5.000000e+00 2.993463e+00 4.816288e+00 2.993463e+00 0.000000e+00 
2.993473e+00 5.000000e+00 2.993473e+00 4.816288e+00 2.993473e+00 0.000000e+00 
2.993483e+00 5.000000e+00 2.993483e+00 4.816288e+00 2.993483e+00 0.000000e+00 
2.993493e+00 5.000000e+00 2.993493e+00 4.816288e+00 2.993493e+00 0.000000e+00 
2.993503e+00 5.000000e+00 2.993503e+00 4.816288e+00 2.993503e+00 0.000000e+00 
2.993513e+00 5.000000e+00 2.993513e+00 4.816288e+00 2.993513e+00 0.000000e+00 
2.993523e+00 5.000000e+00 2.993523e+00 4.816288e+00 2.993523e+00 0.000000e+00 
2.993533e+00 5.000000e+00 2.993533e+00 4.816288e+00 2.993533e+00 0.000000e+00 
2.993543e+00 5.000000e+00 2.993543e+00 4.816288e+00 2.993543e+00 0.000000e+00 
2.993553e+00 5.000000e+00 2.993553e+00 4.816288e+00 2.993553e+00 0.000000e+00 
2.993563e+00 5.000000e+00 2.993563e+00 4.816288e+00 2.993563e+00 0.000000e+00 
2.993573e+00 5.000000e+00 2.993573e+00 4.816288e+00 2.993573e+00 0.000000e+00 
2.993583e+00 5.000000e+00 2.993583e+00 4.816288e+00 2.993583e+00 0.000000e+00 
2.993593e+00 5.000000e+00 2.993593e+00 4.816288e+00 2.993593e+00 0.000000e+00 
2.993603e+00 5.000000e+00 2.993603e+00 4.816288e+00 2.993603e+00 0.000000e+00 
2.993613e+00 5.000000e+00 2.993613e+00 4.816288e+00 2.993613e+00 0.000000e+00 
2.993623e+00 5.000000e+00 2.993623e+00 4.816288e+00 2.993623e+00 0.000000e+00 
2.993633e+00 5.000000e+00 2.993633e+00 4.816288e+00 2.993633e+00 0.000000e+00 
2.993643e+00 5.000000e+00 2.993643e+00 4.816288e+00 2.993643e+00 0.000000e+00 
2.993653e+00 5.000000e+00 2.993653e+00 4.816288e+00 2.993653e+00 0.000000e+00 
2.993663e+00 5.000000e+00 2.993663e+00 4.816288e+00 2.993663e+00 0.000000e+00 
2.993673e+00 5.000000e+00 2.993673e+00 4.816288e+00 2.993673e+00 0.000000e+00 
2.993683e+00 5.000000e+00 2.993683e+00 4.816288e+00 2.993683e+00 0.000000e+00 
2.993693e+00 5.000000e+00 2.993693e+00 4.816288e+00 2.993693e+00 0.000000e+00 
2.993703e+00 5.000000e+00 2.993703e+00 4.816288e+00 2.993703e+00 0.000000e+00 
2.993713e+00 5.000000e+00 2.993713e+00 4.816288e+00 2.993713e+00 0.000000e+00 
2.993723e+00 5.000000e+00 2.993723e+00 4.816288e+00 2.993723e+00 0.000000e+00 
2.993733e+00 5.000000e+00 2.993733e+00 4.816288e+00 2.993733e+00 0.000000e+00 
2.993743e+00 5.000000e+00 2.993743e+00 4.816288e+00 2.993743e+00 0.000000e+00 
2.993753e+00 5.000000e+00 2.993753e+00 4.816288e+00 2.993753e+00 0.000000e+00 
2.993763e+00 5.000000e+00 2.993763e+00 4.816288e+00 2.993763e+00 0.000000e+00 
2.993773e+00 5.000000e+00 2.993773e+00 4.816288e+00 2.993773e+00 0.000000e+00 
2.993783e+00 5.000000e+00 2.993783e+00 4.816288e+00 2.993783e+00 0.000000e+00 
2.993793e+00 5.000000e+00 2.993793e+00 4.816288e+00 2.993793e+00 0.000000e+00 
2.993803e+00 5.000000e+00 2.993803e+00 4.816288e+00 2.993803e+00 0.000000e+00 
2.993813e+00 5.000000e+00 2.993813e+00 4.816288e+00 2.993813e+00 0.000000e+00 
2.993823e+00 5.000000e+00 2.993823e+00 4.816288e+00 2.993823e+00 0.000000e+00 
2.993833e+00 5.000000e+00 2.993833e+00 4.816288e+00 2.993833e+00 0.000000e+00 
2.993843e+00 5.000000e+00 2.993843e+00 4.816288e+00 2.993843e+00 0.000000e+00 
2.993853e+00 5.000000e+00 2.993853e+00 4.816288e+00 2.993853e+00 0.000000e+00 
2.993863e+00 5.000000e+00 2.993863e+00 4.816288e+00 2.993863e+00 0.000000e+00 
2.993873e+00 5.000000e+00 2.993873e+00 4.816288e+00 2.993873e+00 0.000000e+00 
2.993883e+00 5.000000e+00 2.993883e+00 4.816288e+00 2.993883e+00 0.000000e+00 
2.993893e+00 5.000000e+00 2.993893e+00 4.816288e+00 2.993893e+00 0.000000e+00 
2.993903e+00 5.000000e+00 2.993903e+00 4.816288e+00 2.993903e+00 0.000000e+00 
2.993913e+00 5.000000e+00 2.993913e+00 4.816288e+00 2.993913e+00 0.000000e+00 
2.993923e+00 5.000000e+00 2.993923e+00 4.816288e+00 2.993923e+00 0.000000e+00 
2.993933e+00 5.000000e+00 2.993933e+00 4.816288e+00 2.993933e+00 0.000000e+00 
2.993943e+00 5.000000e+00 2.993943e+00 4.816288e+00 2.993943e+00 0.000000e+00 
2.993953e+00 5.000000e+00 2.993953e+00 4.816288e+00 2.993953e+00 0.000000e+00 
2.993963e+00 5.000000e+00 2.993963e+00 4.816288e+00 2.993963e+00 0.000000e+00 
2.993973e+00 5.000000e+00 2.993973e+00 4.816288e+00 2.993973e+00 0.000000e+00 
2.993983e+00 5.000000e+00 2.993983e+00 4.816288e+00 2.993983e+00 0.000000e+00 
2.993993e+00 5.000000e+00 2.993993e+00 4.816288e+00 2.993993e+00 0.000000e+00 
2.994003e+00 5.000000e+00 2.994003e+00 4.816288e+00 2.994003e+00 0.000000e+00 
2.994013e+00 5.000000e+00 2.994013e+00 4.816288e+00 2.994013e+00 0.000000e+00 
2.994023e+00 5.000000e+00 2.994023e+00 4.816288e+00 2.994023e+00 0.000000e+00 
2.994033e+00 5.000000e+00 2.994033e+00 4.816288e+00 2.994033e+00 0.000000e+00 
2.994043e+00 5.000000e+00 2.994043e+00 4.816288e+00 2.994043e+00 0.000000e+00 
2.994053e+00 5.000000e+00 2.994053e+00 4.816288e+00 2.994053e+00 0.000000e+00 
2.994063e+00 5.000000e+00 2.994063e+00 4.816288e+00 2.994063e+00 0.000000e+00 
2.994073e+00 5.000000e+00 2.994073e+00 4.816288e+00 2.994073e+00 0.000000e+00 
2.994083e+00 5.000000e+00 2.994083e+00 4.816288e+00 2.994083e+00 0.000000e+00 
2.994093e+00 5.000000e+00 2.994093e+00 4.816288e+00 2.994093e+00 0.000000e+00 
2.994103e+00 5.000000e+00 2.994103e+00 4.816288e+00 2.994103e+00 0.000000e+00 
2.994113e+00 5.000000e+00 2.994113e+00 4.816288e+00 2.994113e+00 0.000000e+00 
2.994123e+00 5.000000e+00 2.994123e+00 4.816288e+00 2.994123e+00 0.000000e+00 
2.994133e+00 5.000000e+00 2.994133e+00 4.816288e+00 2.994133e+00 0.000000e+00 
2.994143e+00 5.000000e+00 2.994143e+00 4.816288e+00 2.994143e+00 0.000000e+00 
2.994153e+00 5.000000e+00 2.994153e+00 4.816288e+00 2.994153e+00 0.000000e+00 
2.994163e+00 5.000000e+00 2.994163e+00 4.816288e+00 2.994163e+00 0.000000e+00 
2.994173e+00 5.000000e+00 2.994173e+00 4.816288e+00 2.994173e+00 0.000000e+00 
2.994183e+00 5.000000e+00 2.994183e+00 4.816288e+00 2.994183e+00 0.000000e+00 
2.994193e+00 5.000000e+00 2.994193e+00 4.816288e+00 2.994193e+00 0.000000e+00 
2.994203e+00 5.000000e+00 2.994203e+00 4.816288e+00 2.994203e+00 0.000000e+00 
2.994213e+00 5.000000e+00 2.994213e+00 4.816288e+00 2.994213e+00 0.000000e+00 
2.994223e+00 5.000000e+00 2.994223e+00 4.816288e+00 2.994223e+00 0.000000e+00 
2.994233e+00 5.000000e+00 2.994233e+00 4.816288e+00 2.994233e+00 0.000000e+00 
2.994243e+00 5.000000e+00 2.994243e+00 4.816288e+00 2.994243e+00 0.000000e+00 
2.994253e+00 5.000000e+00 2.994253e+00 4.816288e+00 2.994253e+00 0.000000e+00 
2.994263e+00 5.000000e+00 2.994263e+00 4.816288e+00 2.994263e+00 0.000000e+00 
2.994273e+00 5.000000e+00 2.994273e+00 4.816288e+00 2.994273e+00 0.000000e+00 
2.994283e+00 5.000000e+00 2.994283e+00 4.816288e+00 2.994283e+00 0.000000e+00 
2.994293e+00 5.000000e+00 2.994293e+00 4.816288e+00 2.994293e+00 0.000000e+00 
2.994303e+00 5.000000e+00 2.994303e+00 4.816288e+00 2.994303e+00 0.000000e+00 
2.994313e+00 5.000000e+00 2.994313e+00 4.816288e+00 2.994313e+00 0.000000e+00 
2.994323e+00 5.000000e+00 2.994323e+00 4.816288e+00 2.994323e+00 0.000000e+00 
2.994333e+00 5.000000e+00 2.994333e+00 4.816288e+00 2.994333e+00 0.000000e+00 
2.994343e+00 5.000000e+00 2.994343e+00 4.816288e+00 2.994343e+00 0.000000e+00 
2.994353e+00 5.000000e+00 2.994353e+00 4.816288e+00 2.994353e+00 0.000000e+00 
2.994363e+00 5.000000e+00 2.994363e+00 4.816288e+00 2.994363e+00 0.000000e+00 
2.994373e+00 5.000000e+00 2.994373e+00 4.816288e+00 2.994373e+00 0.000000e+00 
2.994383e+00 5.000000e+00 2.994383e+00 4.816288e+00 2.994383e+00 0.000000e+00 
2.994393e+00 5.000000e+00 2.994393e+00 4.816288e+00 2.994393e+00 0.000000e+00 
2.994403e+00 5.000000e+00 2.994403e+00 4.816288e+00 2.994403e+00 0.000000e+00 
2.994413e+00 5.000000e+00 2.994413e+00 4.816288e+00 2.994413e+00 0.000000e+00 
2.994423e+00 5.000000e+00 2.994423e+00 4.816288e+00 2.994423e+00 0.000000e+00 
2.994433e+00 5.000000e+00 2.994433e+00 4.816288e+00 2.994433e+00 0.000000e+00 
2.994443e+00 5.000000e+00 2.994443e+00 4.816288e+00 2.994443e+00 0.000000e+00 
2.994453e+00 5.000000e+00 2.994453e+00 4.816288e+00 2.994453e+00 0.000000e+00 
2.994463e+00 5.000000e+00 2.994463e+00 4.816288e+00 2.994463e+00 0.000000e+00 
2.994473e+00 5.000000e+00 2.994473e+00 4.816288e+00 2.994473e+00 0.000000e+00 
2.994483e+00 5.000000e+00 2.994483e+00 4.816288e+00 2.994483e+00 0.000000e+00 
2.994493e+00 5.000000e+00 2.994493e+00 4.816288e+00 2.994493e+00 0.000000e+00 
2.994503e+00 5.000000e+00 2.994503e+00 4.816288e+00 2.994503e+00 0.000000e+00 
2.994513e+00 5.000000e+00 2.994513e+00 4.816288e+00 2.994513e+00 0.000000e+00 
2.994523e+00 5.000000e+00 2.994523e+00 4.816288e+00 2.994523e+00 0.000000e+00 
2.994533e+00 5.000000e+00 2.994533e+00 4.816288e+00 2.994533e+00 0.000000e+00 
2.994543e+00 5.000000e+00 2.994543e+00 4.816288e+00 2.994543e+00 0.000000e+00 
2.994553e+00 5.000000e+00 2.994553e+00 4.816288e+00 2.994553e+00 0.000000e+00 
2.994563e+00 5.000000e+00 2.994563e+00 4.816288e+00 2.994563e+00 0.000000e+00 
2.994573e+00 5.000000e+00 2.994573e+00 4.816288e+00 2.994573e+00 0.000000e+00 
2.994583e+00 5.000000e+00 2.994583e+00 4.816288e+00 2.994583e+00 0.000000e+00 
2.994593e+00 5.000000e+00 2.994593e+00 4.816288e+00 2.994593e+00 0.000000e+00 
2.994603e+00 5.000000e+00 2.994603e+00 4.816288e+00 2.994603e+00 0.000000e+00 
2.994613e+00 5.000000e+00 2.994613e+00 4.816288e+00 2.994613e+00 0.000000e+00 
2.994623e+00 5.000000e+00 2.994623e+00 4.816288e+00 2.994623e+00 0.000000e+00 
2.994633e+00 5.000000e+00 2.994633e+00 4.816288e+00 2.994633e+00 0.000000e+00 
2.994643e+00 5.000000e+00 2.994643e+00 4.816288e+00 2.994643e+00 0.000000e+00 
2.994653e+00 5.000000e+00 2.994653e+00 4.816288e+00 2.994653e+00 0.000000e+00 
2.994663e+00 5.000000e+00 2.994663e+00 4.816288e+00 2.994663e+00 0.000000e+00 
2.994673e+00 5.000000e+00 2.994673e+00 4.816288e+00 2.994673e+00 0.000000e+00 
2.994683e+00 5.000000e+00 2.994683e+00 4.816288e+00 2.994683e+00 0.000000e+00 
2.994693e+00 5.000000e+00 2.994693e+00 4.816288e+00 2.994693e+00 0.000000e+00 
2.994703e+00 5.000000e+00 2.994703e+00 4.816288e+00 2.994703e+00 0.000000e+00 
2.994713e+00 5.000000e+00 2.994713e+00 4.816288e+00 2.994713e+00 0.000000e+00 
2.994723e+00 5.000000e+00 2.994723e+00 4.816288e+00 2.994723e+00 0.000000e+00 
2.994733e+00 5.000000e+00 2.994733e+00 4.816288e+00 2.994733e+00 0.000000e+00 
2.994743e+00 5.000000e+00 2.994743e+00 4.816288e+00 2.994743e+00 0.000000e+00 
2.994753e+00 5.000000e+00 2.994753e+00 4.816288e+00 2.994753e+00 0.000000e+00 
2.994763e+00 5.000000e+00 2.994763e+00 4.816288e+00 2.994763e+00 0.000000e+00 
2.994773e+00 5.000000e+00 2.994773e+00 4.816288e+00 2.994773e+00 0.000000e+00 
2.994783e+00 5.000000e+00 2.994783e+00 4.816288e+00 2.994783e+00 0.000000e+00 
2.994793e+00 5.000000e+00 2.994793e+00 4.816288e+00 2.994793e+00 0.000000e+00 
2.994803e+00 5.000000e+00 2.994803e+00 4.816288e+00 2.994803e+00 0.000000e+00 
2.994813e+00 5.000000e+00 2.994813e+00 4.816288e+00 2.994813e+00 0.000000e+00 
2.994823e+00 5.000000e+00 2.994823e+00 4.816288e+00 2.994823e+00 0.000000e+00 
2.994833e+00 5.000000e+00 2.994833e+00 4.816288e+00 2.994833e+00 0.000000e+00 
2.994843e+00 5.000000e+00 2.994843e+00 4.816288e+00 2.994843e+00 0.000000e+00 
2.994853e+00 5.000000e+00 2.994853e+00 4.816288e+00 2.994853e+00 0.000000e+00 
2.994863e+00 5.000000e+00 2.994863e+00 4.816288e+00 2.994863e+00 0.000000e+00 
2.994873e+00 5.000000e+00 2.994873e+00 4.816288e+00 2.994873e+00 0.000000e+00 
2.994883e+00 5.000000e+00 2.994883e+00 4.816288e+00 2.994883e+00 0.000000e+00 
2.994893e+00 5.000000e+00 2.994893e+00 4.816288e+00 2.994893e+00 0.000000e+00 
2.994903e+00 5.000000e+00 2.994903e+00 4.816288e+00 2.994903e+00 0.000000e+00 
2.994913e+00 5.000000e+00 2.994913e+00 4.816288e+00 2.994913e+00 0.000000e+00 
2.994923e+00 5.000000e+00 2.994923e+00 4.816288e+00 2.994923e+00 0.000000e+00 
2.994933e+00 5.000000e+00 2.994933e+00 4.816288e+00 2.994933e+00 0.000000e+00 
2.994943e+00 5.000000e+00 2.994943e+00 4.816288e+00 2.994943e+00 0.000000e+00 
2.994953e+00 5.000000e+00 2.994953e+00 4.816288e+00 2.994953e+00 0.000000e+00 
2.994963e+00 5.000000e+00 2.994963e+00 4.816288e+00 2.994963e+00 0.000000e+00 
2.994973e+00 5.000000e+00 2.994973e+00 4.816288e+00 2.994973e+00 0.000000e+00 
2.994983e+00 5.000000e+00 2.994983e+00 4.816288e+00 2.994983e+00 0.000000e+00 
2.994993e+00 5.000000e+00 2.994993e+00 4.816288e+00 2.994993e+00 0.000000e+00 
2.995003e+00 5.000000e+00 2.995003e+00 4.816288e+00 2.995003e+00 0.000000e+00 
2.995013e+00 5.000000e+00 2.995013e+00 4.816288e+00 2.995013e+00 0.000000e+00 
2.995023e+00 5.000000e+00 2.995023e+00 4.816288e+00 2.995023e+00 0.000000e+00 
2.995033e+00 5.000000e+00 2.995033e+00 4.816288e+00 2.995033e+00 0.000000e+00 
2.995043e+00 5.000000e+00 2.995043e+00 4.816288e+00 2.995043e+00 0.000000e+00 
2.995053e+00 5.000000e+00 2.995053e+00 4.816288e+00 2.995053e+00 0.000000e+00 
2.995063e+00 5.000000e+00 2.995063e+00 4.816288e+00 2.995063e+00 0.000000e+00 
2.995073e+00 5.000000e+00 2.995073e+00 4.816288e+00 2.995073e+00 0.000000e+00 
2.995083e+00 5.000000e+00 2.995083e+00 4.816288e+00 2.995083e+00 0.000000e+00 
2.995093e+00 5.000000e+00 2.995093e+00 4.816288e+00 2.995093e+00 0.000000e+00 
2.995103e+00 5.000000e+00 2.995103e+00 4.816288e+00 2.995103e+00 0.000000e+00 
2.995113e+00 5.000000e+00 2.995113e+00 4.816288e+00 2.995113e+00 0.000000e+00 
2.995123e+00 5.000000e+00 2.995123e+00 4.816288e+00 2.995123e+00 0.000000e+00 
2.995133e+00 5.000000e+00 2.995133e+00 4.816288e+00 2.995133e+00 0.000000e+00 
2.995143e+00 5.000000e+00 2.995143e+00 4.816288e+00 2.995143e+00 0.000000e+00 
2.995153e+00 5.000000e+00 2.995153e+00 4.816288e+00 2.995153e+00 0.000000e+00 
2.995163e+00 5.000000e+00 2.995163e+00 4.816288e+00 2.995163e+00 0.000000e+00 
2.995173e+00 5.000000e+00 2.995173e+00 4.816288e+00 2.995173e+00 0.000000e+00 
2.995183e+00 5.000000e+00 2.995183e+00 4.816288e+00 2.995183e+00 0.000000e+00 
2.995193e+00 5.000000e+00 2.995193e+00 4.816288e+00 2.995193e+00 0.000000e+00 
2.995203e+00 5.000000e+00 2.995203e+00 4.816288e+00 2.995203e+00 0.000000e+00 
2.995213e+00 5.000000e+00 2.995213e+00 4.816288e+00 2.995213e+00 0.000000e+00 
2.995223e+00 5.000000e+00 2.995223e+00 4.816288e+00 2.995223e+00 0.000000e+00 
2.995233e+00 5.000000e+00 2.995233e+00 4.816288e+00 2.995233e+00 0.000000e+00 
2.995243e+00 5.000000e+00 2.995243e+00 4.816288e+00 2.995243e+00 0.000000e+00 
2.995253e+00 5.000000e+00 2.995253e+00 4.816288e+00 2.995253e+00 0.000000e+00 
2.995263e+00 5.000000e+00 2.995263e+00 4.816288e+00 2.995263e+00 0.000000e+00 
2.995273e+00 5.000000e+00 2.995273e+00 4.816288e+00 2.995273e+00 0.000000e+00 
2.995283e+00 5.000000e+00 2.995283e+00 4.816288e+00 2.995283e+00 0.000000e+00 
2.995293e+00 5.000000e+00 2.995293e+00 4.816288e+00 2.995293e+00 0.000000e+00 
2.995303e+00 5.000000e+00 2.995303e+00 4.816288e+00 2.995303e+00 0.000000e+00 
2.995313e+00 5.000000e+00 2.995313e+00 4.816288e+00 2.995313e+00 0.000000e+00 
2.995323e+00 5.000000e+00 2.995323e+00 4.816288e+00 2.995323e+00 0.000000e+00 
2.995333e+00 5.000000e+00 2.995333e+00 4.816288e+00 2.995333e+00 0.000000e+00 
2.995343e+00 5.000000e+00 2.995343e+00 4.816288e+00 2.995343e+00 0.000000e+00 
2.995353e+00 5.000000e+00 2.995353e+00 4.816288e+00 2.995353e+00 0.000000e+00 
2.995363e+00 5.000000e+00 2.995363e+00 4.816288e+00 2.995363e+00 0.000000e+00 
2.995373e+00 5.000000e+00 2.995373e+00 4.816288e+00 2.995373e+00 0.000000e+00 
2.995383e+00 5.000000e+00 2.995383e+00 4.816288e+00 2.995383e+00 0.000000e+00 
2.995393e+00 5.000000e+00 2.995393e+00 4.816288e+00 2.995393e+00 0.000000e+00 
2.995403e+00 5.000000e+00 2.995403e+00 4.816288e+00 2.995403e+00 0.000000e+00 
2.995413e+00 5.000000e+00 2.995413e+00 4.816288e+00 2.995413e+00 0.000000e+00 
2.995423e+00 5.000000e+00 2.995423e+00 4.816288e+00 2.995423e+00 0.000000e+00 
2.995433e+00 5.000000e+00 2.995433e+00 4.816288e+00 2.995433e+00 0.000000e+00 
2.995443e+00 5.000000e+00 2.995443e+00 4.816288e+00 2.995443e+00 0.000000e+00 
2.995453e+00 5.000000e+00 2.995453e+00 4.816288e+00 2.995453e+00 0.000000e+00 
2.995463e+00 5.000000e+00 2.995463e+00 4.816288e+00 2.995463e+00 0.000000e+00 
2.995473e+00 5.000000e+00 2.995473e+00 4.816288e+00 2.995473e+00 0.000000e+00 
2.995483e+00 5.000000e+00 2.995483e+00 4.816288e+00 2.995483e+00 0.000000e+00 
2.995493e+00 5.000000e+00 2.995493e+00 4.816288e+00 2.995493e+00 0.000000e+00 
2.995503e+00 5.000000e+00 2.995503e+00 4.816288e+00 2.995503e+00 0.000000e+00 
2.995513e+00 5.000000e+00 2.995513e+00 4.816288e+00 2.995513e+00 0.000000e+00 
2.995523e+00 5.000000e+00 2.995523e+00 4.816288e+00 2.995523e+00 0.000000e+00 
2.995533e+00 5.000000e+00 2.995533e+00 4.816288e+00 2.995533e+00 0.000000e+00 
2.995543e+00 5.000000e+00 2.995543e+00 4.816288e+00 2.995543e+00 0.000000e+00 
2.995553e+00 5.000000e+00 2.995553e+00 4.816288e+00 2.995553e+00 0.000000e+00 
2.995563e+00 5.000000e+00 2.995563e+00 4.816288e+00 2.995563e+00 0.000000e+00 
2.995573e+00 5.000000e+00 2.995573e+00 4.816288e+00 2.995573e+00 0.000000e+00 
2.995583e+00 5.000000e+00 2.995583e+00 4.816288e+00 2.995583e+00 0.000000e+00 
2.995593e+00 5.000000e+00 2.995593e+00 4.816288e+00 2.995593e+00 0.000000e+00 
2.995603e+00 5.000000e+00 2.995603e+00 4.816288e+00 2.995603e+00 0.000000e+00 
2.995613e+00 5.000000e+00 2.995613e+00 4.816288e+00 2.995613e+00 0.000000e+00 
2.995623e+00 5.000000e+00 2.995623e+00 4.816288e+00 2.995623e+00 0.000000e+00 
2.995633e+00 5.000000e+00 2.995633e+00 4.816288e+00 2.995633e+00 0.000000e+00 
2.995643e+00 5.000000e+00 2.995643e+00 4.816288e+00 2.995643e+00 0.000000e+00 
2.995653e+00 5.000000e+00 2.995653e+00 4.816288e+00 2.995653e+00 0.000000e+00 
2.995663e+00 5.000000e+00 2.995663e+00 4.816288e+00 2.995663e+00 0.000000e+00 
2.995673e+00 5.000000e+00 2.995673e+00 4.816288e+00 2.995673e+00 0.000000e+00 
2.995683e+00 5.000000e+00 2.995683e+00 4.816288e+00 2.995683e+00 0.000000e+00 
2.995693e+00 5.000000e+00 2.995693e+00 4.816288e+00 2.995693e+00 0.000000e+00 
2.995703e+00 5.000000e+00 2.995703e+00 4.816288e+00 2.995703e+00 0.000000e+00 
2.995713e+00 5.000000e+00 2.995713e+00 4.816288e+00 2.995713e+00 0.000000e+00 
2.995723e+00 5.000000e+00 2.995723e+00 4.816288e+00 2.995723e+00 0.000000e+00 
2.995733e+00 5.000000e+00 2.995733e+00 4.816288e+00 2.995733e+00 0.000000e+00 
2.995743e+00 5.000000e+00 2.995743e+00 4.816288e+00 2.995743e+00 0.000000e+00 
2.995753e+00 5.000000e+00 2.995753e+00 4.816288e+00 2.995753e+00 0.000000e+00 
2.995763e+00 5.000000e+00 2.995763e+00 4.816288e+00 2.995763e+00 0.000000e+00 
2.995773e+00 5.000000e+00 2.995773e+00 4.816288e+00 2.995773e+00 0.000000e+00 
2.995783e+00 5.000000e+00 2.995783e+00 4.816288e+00 2.995783e+00 0.000000e+00 
2.995793e+00 5.000000e+00 2.995793e+00 4.816288e+00 2.995793e+00 0.000000e+00 
2.995803e+00 5.000000e+00 2.995803e+00 4.816288e+00 2.995803e+00 0.000000e+00 
2.995813e+00 5.000000e+00 2.995813e+00 4.816288e+00 2.995813e+00 0.000000e+00 
2.995823e+00 5.000000e+00 2.995823e+00 4.816288e+00 2.995823e+00 0.000000e+00 
2.995833e+00 5.000000e+00 2.995833e+00 4.816288e+00 2.995833e+00 0.000000e+00 
2.995843e+00 5.000000e+00 2.995843e+00 4.816288e+00 2.995843e+00 0.000000e+00 
2.995853e+00 5.000000e+00 2.995853e+00 4.816288e+00 2.995853e+00 0.000000e+00 
2.995863e+00 5.000000e+00 2.995863e+00 4.816288e+00 2.995863e+00 0.000000e+00 
2.995873e+00 5.000000e+00 2.995873e+00 4.816288e+00 2.995873e+00 0.000000e+00 
2.995883e+00 5.000000e+00 2.995883e+00 4.816288e+00 2.995883e+00 0.000000e+00 
2.995893e+00 5.000000e+00 2.995893e+00 4.816288e+00 2.995893e+00 0.000000e+00 
2.995903e+00 5.000000e+00 2.995903e+00 4.816288e+00 2.995903e+00 0.000000e+00 
2.995913e+00 5.000000e+00 2.995913e+00 4.816288e+00 2.995913e+00 0.000000e+00 
2.995923e+00 5.000000e+00 2.995923e+00 4.816288e+00 2.995923e+00 0.000000e+00 
2.995933e+00 5.000000e+00 2.995933e+00 4.816288e+00 2.995933e+00 0.000000e+00 
2.995943e+00 5.000000e+00 2.995943e+00 4.816288e+00 2.995943e+00 0.000000e+00 
2.995953e+00 5.000000e+00 2.995953e+00 4.816288e+00 2.995953e+00 0.000000e+00 
2.995963e+00 5.000000e+00 2.995963e+00 4.816288e+00 2.995963e+00 0.000000e+00 
2.995973e+00 5.000000e+00 2.995973e+00 4.816288e+00 2.995973e+00 0.000000e+00 
2.995983e+00 5.000000e+00 2.995983e+00 4.816288e+00 2.995983e+00 0.000000e+00 
2.995993e+00 5.000000e+00 2.995993e+00 4.816288e+00 2.995993e+00 0.000000e+00 
2.996003e+00 5.000000e+00 2.996003e+00 4.816288e+00 2.996003e+00 0.000000e+00 
2.996013e+00 5.000000e+00 2.996013e+00 4.816288e+00 2.996013e+00 0.000000e+00 
2.996023e+00 5.000000e+00 2.996023e+00 4.816288e+00 2.996023e+00 0.000000e+00 
2.996033e+00 5.000000e+00 2.996033e+00 4.816288e+00 2.996033e+00 0.000000e+00 
2.996043e+00 5.000000e+00 2.996043e+00 4.816288e+00 2.996043e+00 0.000000e+00 
2.996053e+00 5.000000e+00 2.996053e+00 4.816288e+00 2.996053e+00 0.000000e+00 
2.996063e+00 5.000000e+00 2.996063e+00 4.816288e+00 2.996063e+00 0.000000e+00 
2.996073e+00 5.000000e+00 2.996073e+00 4.816288e+00 2.996073e+00 0.000000e+00 
2.996083e+00 5.000000e+00 2.996083e+00 4.816288e+00 2.996083e+00 0.000000e+00 
2.996093e+00 5.000000e+00 2.996093e+00 4.816288e+00 2.996093e+00 0.000000e+00 
2.996103e+00 5.000000e+00 2.996103e+00 4.816288e+00 2.996103e+00 0.000000e+00 
2.996113e+00 5.000000e+00 2.996113e+00 4.816288e+00 2.996113e+00 0.000000e+00 
2.996123e+00 5.000000e+00 2.996123e+00 4.816288e+00 2.996123e+00 0.000000e+00 
2.996133e+00 5.000000e+00 2.996133e+00 4.816288e+00 2.996133e+00 0.000000e+00 
2.996143e+00 5.000000e+00 2.996143e+00 4.816288e+00 2.996143e+00 0.000000e+00 
2.996153e+00 5.000000e+00 2.996153e+00 4.816288e+00 2.996153e+00 0.000000e+00 
2.996163e+00 5.000000e+00 2.996163e+00 4.816288e+00 2.996163e+00 0.000000e+00 
2.996173e+00 5.000000e+00 2.996173e+00 4.816288e+00 2.996173e+00 0.000000e+00 
2.996183e+00 5.000000e+00 2.996183e+00 4.816288e+00 2.996183e+00 0.000000e+00 
2.996193e+00 5.000000e+00 2.996193e+00 4.816288e+00 2.996193e+00 0.000000e+00 
2.996203e+00 5.000000e+00 2.996203e+00 4.816288e+00 2.996203e+00 0.000000e+00 
2.996213e+00 5.000000e+00 2.996213e+00 4.816288e+00 2.996213e+00 0.000000e+00 
2.996223e+00 5.000000e+00 2.996223e+00 4.816288e+00 2.996223e+00 0.000000e+00 
2.996233e+00 5.000000e+00 2.996233e+00 4.816288e+00 2.996233e+00 0.000000e+00 
2.996243e+00 5.000000e+00 2.996243e+00 4.816288e+00 2.996243e+00 0.000000e+00 
2.996253e+00 5.000000e+00 2.996253e+00 4.816288e+00 2.996253e+00 0.000000e+00 
2.996263e+00 5.000000e+00 2.996263e+00 4.816288e+00 2.996263e+00 0.000000e+00 
2.996273e+00 5.000000e+00 2.996273e+00 4.816288e+00 2.996273e+00 0.000000e+00 
2.996283e+00 5.000000e+00 2.996283e+00 4.816288e+00 2.996283e+00 0.000000e+00 
2.996293e+00 5.000000e+00 2.996293e+00 4.816288e+00 2.996293e+00 0.000000e+00 
2.996303e+00 5.000000e+00 2.996303e+00 4.816288e+00 2.996303e+00 0.000000e+00 
2.996313e+00 5.000000e+00 2.996313e+00 4.816288e+00 2.996313e+00 0.000000e+00 
2.996323e+00 5.000000e+00 2.996323e+00 4.816288e+00 2.996323e+00 0.000000e+00 
2.996333e+00 5.000000e+00 2.996333e+00 4.816288e+00 2.996333e+00 0.000000e+00 
2.996343e+00 5.000000e+00 2.996343e+00 4.816288e+00 2.996343e+00 0.000000e+00 
2.996353e+00 5.000000e+00 2.996353e+00 4.816288e+00 2.996353e+00 0.000000e+00 
2.996363e+00 5.000000e+00 2.996363e+00 4.816288e+00 2.996363e+00 0.000000e+00 
2.996373e+00 5.000000e+00 2.996373e+00 4.816288e+00 2.996373e+00 0.000000e+00 
2.996383e+00 5.000000e+00 2.996383e+00 4.816288e+00 2.996383e+00 0.000000e+00 
2.996393e+00 5.000000e+00 2.996393e+00 4.816288e+00 2.996393e+00 0.000000e+00 
2.996403e+00 5.000000e+00 2.996403e+00 4.816288e+00 2.996403e+00 0.000000e+00 
2.996413e+00 5.000000e+00 2.996413e+00 4.816288e+00 2.996413e+00 0.000000e+00 
2.996423e+00 5.000000e+00 2.996423e+00 4.816288e+00 2.996423e+00 0.000000e+00 
2.996433e+00 5.000000e+00 2.996433e+00 4.816288e+00 2.996433e+00 0.000000e+00 
2.996443e+00 5.000000e+00 2.996443e+00 4.816288e+00 2.996443e+00 0.000000e+00 
2.996453e+00 5.000000e+00 2.996453e+00 4.816288e+00 2.996453e+00 0.000000e+00 
2.996463e+00 5.000000e+00 2.996463e+00 4.816288e+00 2.996463e+00 0.000000e+00 
2.996473e+00 5.000000e+00 2.996473e+00 4.816288e+00 2.996473e+00 0.000000e+00 
2.996483e+00 5.000000e+00 2.996483e+00 4.816288e+00 2.996483e+00 0.000000e+00 
2.996493e+00 5.000000e+00 2.996493e+00 4.816288e+00 2.996493e+00 0.000000e+00 
2.996503e+00 5.000000e+00 2.996503e+00 4.816288e+00 2.996503e+00 0.000000e+00 
2.996513e+00 5.000000e+00 2.996513e+00 4.816288e+00 2.996513e+00 0.000000e+00 
2.996523e+00 5.000000e+00 2.996523e+00 4.816288e+00 2.996523e+00 0.000000e+00 
2.996533e+00 5.000000e+00 2.996533e+00 4.816288e+00 2.996533e+00 0.000000e+00 
2.996543e+00 5.000000e+00 2.996543e+00 4.816288e+00 2.996543e+00 0.000000e+00 
2.996553e+00 5.000000e+00 2.996553e+00 4.816288e+00 2.996553e+00 0.000000e+00 
2.996563e+00 5.000000e+00 2.996563e+00 4.816288e+00 2.996563e+00 0.000000e+00 
2.996573e+00 5.000000e+00 2.996573e+00 4.816288e+00 2.996573e+00 0.000000e+00 
2.996583e+00 5.000000e+00 2.996583e+00 4.816288e+00 2.996583e+00 0.000000e+00 
2.996593e+00 5.000000e+00 2.996593e+00 4.816288e+00 2.996593e+00 0.000000e+00 
2.996603e+00 5.000000e+00 2.996603e+00 4.816288e+00 2.996603e+00 0.000000e+00 
2.996613e+00 5.000000e+00 2.996613e+00 4.816288e+00 2.996613e+00 0.000000e+00 
2.996623e+00 5.000000e+00 2.996623e+00 4.816288e+00 2.996623e+00 0.000000e+00 
2.996633e+00 5.000000e+00 2.996633e+00 4.816288e+00 2.996633e+00 0.000000e+00 
2.996643e+00 5.000000e+00 2.996643e+00 4.816288e+00 2.996643e+00 0.000000e+00 
2.996653e+00 5.000000e+00 2.996653e+00 4.816288e+00 2.996653e+00 0.000000e+00 
2.996663e+00 5.000000e+00 2.996663e+00 4.816288e+00 2.996663e+00 0.000000e+00 
2.996673e+00 5.000000e+00 2.996673e+00 4.816288e+00 2.996673e+00 0.000000e+00 
2.996683e+00 5.000000e+00 2.996683e+00 4.816288e+00 2.996683e+00 0.000000e+00 
2.996693e+00 5.000000e+00 2.996693e+00 4.816288e+00 2.996693e+00 0.000000e+00 
2.996703e+00 5.000000e+00 2.996703e+00 4.816288e+00 2.996703e+00 0.000000e+00 
2.996713e+00 5.000000e+00 2.996713e+00 4.816288e+00 2.996713e+00 0.000000e+00 
2.996723e+00 5.000000e+00 2.996723e+00 4.816288e+00 2.996723e+00 0.000000e+00 
2.996733e+00 5.000000e+00 2.996733e+00 4.816288e+00 2.996733e+00 0.000000e+00 
2.996743e+00 5.000000e+00 2.996743e+00 4.816288e+00 2.996743e+00 0.000000e+00 
2.996753e+00 5.000000e+00 2.996753e+00 4.816288e+00 2.996753e+00 0.000000e+00 
2.996763e+00 5.000000e+00 2.996763e+00 4.816288e+00 2.996763e+00 0.000000e+00 
2.996773e+00 5.000000e+00 2.996773e+00 4.816288e+00 2.996773e+00 0.000000e+00 
2.996783e+00 5.000000e+00 2.996783e+00 4.816288e+00 2.996783e+00 0.000000e+00 
2.996793e+00 5.000000e+00 2.996793e+00 4.816288e+00 2.996793e+00 0.000000e+00 
2.996803e+00 5.000000e+00 2.996803e+00 4.816288e+00 2.996803e+00 0.000000e+00 
2.996813e+00 5.000000e+00 2.996813e+00 4.816288e+00 2.996813e+00 0.000000e+00 
2.996823e+00 5.000000e+00 2.996823e+00 4.816288e+00 2.996823e+00 0.000000e+00 
2.996833e+00 5.000000e+00 2.996833e+00 4.816288e+00 2.996833e+00 0.000000e+00 
2.996843e+00 5.000000e+00 2.996843e+00 4.816288e+00 2.996843e+00 0.000000e+00 
2.996853e+00 5.000000e+00 2.996853e+00 4.816288e+00 2.996853e+00 0.000000e+00 
2.996863e+00 5.000000e+00 2.996863e+00 4.816288e+00 2.996863e+00 0.000000e+00 
2.996873e+00 5.000000e+00 2.996873e+00 4.816288e+00 2.996873e+00 0.000000e+00 
2.996883e+00 5.000000e+00 2.996883e+00 4.816288e+00 2.996883e+00 0.000000e+00 
2.996893e+00 5.000000e+00 2.996893e+00 4.816288e+00 2.996893e+00 0.000000e+00 
2.996903e+00 5.000000e+00 2.996903e+00 4.816288e+00 2.996903e+00 0.000000e+00 
2.996913e+00 5.000000e+00 2.996913e+00 4.816288e+00 2.996913e+00 0.000000e+00 
2.996923e+00 5.000000e+00 2.996923e+00 4.816288e+00 2.996923e+00 0.000000e+00 
2.996933e+00 5.000000e+00 2.996933e+00 4.816288e+00 2.996933e+00 0.000000e+00 
2.996943e+00 5.000000e+00 2.996943e+00 4.816288e+00 2.996943e+00 0.000000e+00 
2.996953e+00 5.000000e+00 2.996953e+00 4.816288e+00 2.996953e+00 0.000000e+00 
2.996963e+00 5.000000e+00 2.996963e+00 4.816288e+00 2.996963e+00 0.000000e+00 
2.996973e+00 5.000000e+00 2.996973e+00 4.816288e+00 2.996973e+00 0.000000e+00 
2.996983e+00 5.000000e+00 2.996983e+00 4.816288e+00 2.996983e+00 0.000000e+00 
2.996993e+00 5.000000e+00 2.996993e+00 4.816288e+00 2.996993e+00 0.000000e+00 
2.997003e+00 5.000000e+00 2.997003e+00 4.816288e+00 2.997003e+00 0.000000e+00 
2.997013e+00 5.000000e+00 2.997013e+00 4.816288e+00 2.997013e+00 0.000000e+00 
2.997023e+00 5.000000e+00 2.997023e+00 4.816288e+00 2.997023e+00 0.000000e+00 
2.997033e+00 5.000000e+00 2.997033e+00 4.816288e+00 2.997033e+00 0.000000e+00 
2.997043e+00 5.000000e+00 2.997043e+00 4.816288e+00 2.997043e+00 0.000000e+00 
2.997053e+00 5.000000e+00 2.997053e+00 4.816288e+00 2.997053e+00 0.000000e+00 
2.997063e+00 5.000000e+00 2.997063e+00 4.816288e+00 2.997063e+00 0.000000e+00 
2.997073e+00 5.000000e+00 2.997073e+00 4.816288e+00 2.997073e+00 0.000000e+00 
2.997083e+00 5.000000e+00 2.997083e+00 4.816288e+00 2.997083e+00 0.000000e+00 
2.997093e+00 5.000000e+00 2.997093e+00 4.816288e+00 2.997093e+00 0.000000e+00 
2.997103e+00 5.000000e+00 2.997103e+00 4.816288e+00 2.997103e+00 0.000000e+00 
2.997113e+00 5.000000e+00 2.997113e+00 4.816288e+00 2.997113e+00 0.000000e+00 
2.997123e+00 5.000000e+00 2.997123e+00 4.816288e+00 2.997123e+00 0.000000e+00 
2.997133e+00 5.000000e+00 2.997133e+00 4.816288e+00 2.997133e+00 0.000000e+00 
2.997143e+00 5.000000e+00 2.997143e+00 4.816288e+00 2.997143e+00 0.000000e+00 
2.997153e+00 5.000000e+00 2.997153e+00 4.816288e+00 2.997153e+00 0.000000e+00 
2.997163e+00 5.000000e+00 2.997163e+00 4.816288e+00 2.997163e+00 0.000000e+00 
2.997173e+00 5.000000e+00 2.997173e+00 4.816288e+00 2.997173e+00 0.000000e+00 
2.997183e+00 5.000000e+00 2.997183e+00 4.816288e+00 2.997183e+00 0.000000e+00 
2.997193e+00 5.000000e+00 2.997193e+00 4.816288e+00 2.997193e+00 0.000000e+00 
2.997203e+00 5.000000e+00 2.997203e+00 4.816288e+00 2.997203e+00 0.000000e+00 
2.997213e+00 5.000000e+00 2.997213e+00 4.816288e+00 2.997213e+00 0.000000e+00 
2.997223e+00 5.000000e+00 2.997223e+00 4.816288e+00 2.997223e+00 0.000000e+00 
2.997233e+00 5.000000e+00 2.997233e+00 4.816288e+00 2.997233e+00 0.000000e+00 
2.997243e+00 5.000000e+00 2.997243e+00 4.816288e+00 2.997243e+00 0.000000e+00 
2.997253e+00 5.000000e+00 2.997253e+00 4.816288e+00 2.997253e+00 0.000000e+00 
2.997263e+00 5.000000e+00 2.997263e+00 4.816288e+00 2.997263e+00 0.000000e+00 
2.997273e+00 5.000000e+00 2.997273e+00 4.816288e+00 2.997273e+00 0.000000e+00 
2.997283e+00 5.000000e+00 2.997283e+00 4.816288e+00 2.997283e+00 0.000000e+00 
2.997293e+00 5.000000e+00 2.997293e+00 4.816288e+00 2.997293e+00 0.000000e+00 
2.997303e+00 5.000000e+00 2.997303e+00 4.816288e+00 2.997303e+00 0.000000e+00 
2.997313e+00 5.000000e+00 2.997313e+00 4.816288e+00 2.997313e+00 0.000000e+00 
2.997323e+00 5.000000e+00 2.997323e+00 4.816288e+00 2.997323e+00 0.000000e+00 
2.997333e+00 5.000000e+00 2.997333e+00 4.816288e+00 2.997333e+00 0.000000e+00 
2.997343e+00 5.000000e+00 2.997343e+00 4.816288e+00 2.997343e+00 0.000000e+00 
2.997353e+00 5.000000e+00 2.997353e+00 4.816288e+00 2.997353e+00 0.000000e+00 
2.997363e+00 5.000000e+00 2.997363e+00 4.816288e+00 2.997363e+00 0.000000e+00 
2.997373e+00 5.000000e+00 2.997373e+00 4.816288e+00 2.997373e+00 0.000000e+00 
2.997383e+00 5.000000e+00 2.997383e+00 4.816288e+00 2.997383e+00 0.000000e+00 
2.997393e+00 5.000000e+00 2.997393e+00 4.816288e+00 2.997393e+00 0.000000e+00 
2.997403e+00 5.000000e+00 2.997403e+00 4.816288e+00 2.997403e+00 0.000000e+00 
2.997413e+00 5.000000e+00 2.997413e+00 4.816288e+00 2.997413e+00 0.000000e+00 
2.997423e+00 5.000000e+00 2.997423e+00 4.816288e+00 2.997423e+00 0.000000e+00 
2.997433e+00 5.000000e+00 2.997433e+00 4.816288e+00 2.997433e+00 0.000000e+00 
2.997443e+00 5.000000e+00 2.997443e+00 4.816288e+00 2.997443e+00 0.000000e+00 
2.997453e+00 5.000000e+00 2.997453e+00 4.816288e+00 2.997453e+00 0.000000e+00 
2.997463e+00 5.000000e+00 2.997463e+00 4.816288e+00 2.997463e+00 0.000000e+00 
2.997473e+00 5.000000e+00 2.997473e+00 4.816288e+00 2.997473e+00 0.000000e+00 
2.997483e+00 5.000000e+00 2.997483e+00 4.816288e+00 2.997483e+00 0.000000e+00 
2.997493e+00 5.000000e+00 2.997493e+00 4.816288e+00 2.997493e+00 0.000000e+00 
2.997503e+00 5.000000e+00 2.997503e+00 4.816288e+00 2.997503e+00 0.000000e+00 
2.997513e+00 5.000000e+00 2.997513e+00 4.816288e+00 2.997513e+00 0.000000e+00 
2.997523e+00 5.000000e+00 2.997523e+00 4.816288e+00 2.997523e+00 0.000000e+00 
2.997533e+00 5.000000e+00 2.997533e+00 4.816288e+00 2.997533e+00 0.000000e+00 
2.997543e+00 5.000000e+00 2.997543e+00 4.816288e+00 2.997543e+00 0.000000e+00 
2.997553e+00 5.000000e+00 2.997553e+00 4.816288e+00 2.997553e+00 0.000000e+00 
2.997563e+00 5.000000e+00 2.997563e+00 4.816288e+00 2.997563e+00 0.000000e+00 
2.997573e+00 5.000000e+00 2.997573e+00 4.816288e+00 2.997573e+00 0.000000e+00 
2.997583e+00 5.000000e+00 2.997583e+00 4.816288e+00 2.997583e+00 0.000000e+00 
2.997593e+00 5.000000e+00 2.997593e+00 4.816288e+00 2.997593e+00 0.000000e+00 
2.997603e+00 5.000000e+00 2.997603e+00 4.816288e+00 2.997603e+00 0.000000e+00 
2.997613e+00 5.000000e+00 2.997613e+00 4.816288e+00 2.997613e+00 0.000000e+00 
2.997623e+00 5.000000e+00 2.997623e+00 4.816288e+00 2.997623e+00 0.000000e+00 
2.997633e+00 5.000000e+00 2.997633e+00 4.816288e+00 2.997633e+00 0.000000e+00 
2.997643e+00 5.000000e+00 2.997643e+00 4.816288e+00 2.997643e+00 0.000000e+00 
2.997653e+00 5.000000e+00 2.997653e+00 4.816288e+00 2.997653e+00 0.000000e+00 
2.997663e+00 5.000000e+00 2.997663e+00 4.816288e+00 2.997663e+00 0.000000e+00 
2.997673e+00 5.000000e+00 2.997673e+00 4.816288e+00 2.997673e+00 0.000000e+00 
2.997683e+00 5.000000e+00 2.997683e+00 4.816288e+00 2.997683e+00 0.000000e+00 
2.997693e+00 5.000000e+00 2.997693e+00 4.816288e+00 2.997693e+00 0.000000e+00 
2.997703e+00 5.000000e+00 2.997703e+00 4.816288e+00 2.997703e+00 0.000000e+00 
2.997713e+00 5.000000e+00 2.997713e+00 4.816288e+00 2.997713e+00 0.000000e+00 
2.997723e+00 5.000000e+00 2.997723e+00 4.816288e+00 2.997723e+00 0.000000e+00 
2.997733e+00 5.000000e+00 2.997733e+00 4.816288e+00 2.997733e+00 0.000000e+00 
2.997743e+00 5.000000e+00 2.997743e+00 4.816288e+00 2.997743e+00 0.000000e+00 
2.997753e+00 5.000000e+00 2.997753e+00 4.816288e+00 2.997753e+00 0.000000e+00 
2.997763e+00 5.000000e+00 2.997763e+00 4.816288e+00 2.997763e+00 0.000000e+00 
2.997773e+00 5.000000e+00 2.997773e+00 4.816288e+00 2.997773e+00 0.000000e+00 
2.997783e+00 5.000000e+00 2.997783e+00 4.816288e+00 2.997783e+00 0.000000e+00 
2.997793e+00 5.000000e+00 2.997793e+00 4.816288e+00 2.997793e+00 0.000000e+00 
2.997803e+00 5.000000e+00 2.997803e+00 4.816288e+00 2.997803e+00 0.000000e+00 
2.997813e+00 5.000000e+00 2.997813e+00 4.816288e+00 2.997813e+00 0.000000e+00 
2.997823e+00 5.000000e+00 2.997823e+00 4.816288e+00 2.997823e+00 0.000000e+00 
2.997833e+00 5.000000e+00 2.997833e+00 4.816288e+00 2.997833e+00 0.000000e+00 
2.997843e+00 5.000000e+00 2.997843e+00 4.816288e+00 2.997843e+00 0.000000e+00 
2.997853e+00 5.000000e+00 2.997853e+00 4.816288e+00 2.997853e+00 0.000000e+00 
2.997863e+00 5.000000e+00 2.997863e+00 4.816288e+00 2.997863e+00 0.000000e+00 
2.997873e+00 5.000000e+00 2.997873e+00 4.816288e+00 2.997873e+00 0.000000e+00 
2.997883e+00 5.000000e+00 2.997883e+00 4.816288e+00 2.997883e+00 0.000000e+00 
2.997893e+00 5.000000e+00 2.997893e+00 4.816288e+00 2.997893e+00 0.000000e+00 
2.997903e+00 5.000000e+00 2.997903e+00 4.816288e+00 2.997903e+00 0.000000e+00 
2.997913e+00 5.000000e+00 2.997913e+00 4.816288e+00 2.997913e+00 0.000000e+00 
2.997923e+00 5.000000e+00 2.997923e+00 4.816288e+00 2.997923e+00 0.000000e+00 
2.997933e+00 5.000000e+00 2.997933e+00 4.816288e+00 2.997933e+00 0.000000e+00 
2.997943e+00 5.000000e+00 2.997943e+00 4.816288e+00 2.997943e+00 0.000000e+00 
2.997953e+00 5.000000e+00 2.997953e+00 4.816288e+00 2.997953e+00 0.000000e+00 
2.997963e+00 5.000000e+00 2.997963e+00 4.816288e+00 2.997963e+00 0.000000e+00 
2.997973e+00 5.000000e+00 2.997973e+00 4.816288e+00 2.997973e+00 0.000000e+00 
2.997983e+00 5.000000e+00 2.997983e+00 4.816288e+00 2.997983e+00 0.000000e+00 
2.997993e+00 5.000000e+00 2.997993e+00 4.816288e+00 2.997993e+00 0.000000e+00 
2.998003e+00 5.000000e+00 2.998003e+00 4.816288e+00 2.998003e+00 0.000000e+00 
2.998013e+00 5.000000e+00 2.998013e+00 4.816288e+00 2.998013e+00 0.000000e+00 
2.998023e+00 5.000000e+00 2.998023e+00 4.816288e+00 2.998023e+00 0.000000e+00 
2.998033e+00 5.000000e+00 2.998033e+00 4.816288e+00 2.998033e+00 0.000000e+00 
2.998043e+00 5.000000e+00 2.998043e+00 4.816288e+00 2.998043e+00 0.000000e+00 
2.998053e+00 5.000000e+00 2.998053e+00 4.816288e+00 2.998053e+00 0.000000e+00 
2.998063e+00 5.000000e+00 2.998063e+00 4.816288e+00 2.998063e+00 0.000000e+00 
2.998073e+00 5.000000e+00 2.998073e+00 4.816288e+00 2.998073e+00 0.000000e+00 
2.998083e+00 5.000000e+00 2.998083e+00 4.816288e+00 2.998083e+00 0.000000e+00 
2.998093e+00 5.000000e+00 2.998093e+00 4.816288e+00 2.998093e+00 0.000000e+00 
2.998103e+00 5.000000e+00 2.998103e+00 4.816288e+00 2.998103e+00 0.000000e+00 
2.998113e+00 5.000000e+00 2.998113e+00 4.816288e+00 2.998113e+00 0.000000e+00 
2.998123e+00 5.000000e+00 2.998123e+00 4.816288e+00 2.998123e+00 0.000000e+00 
2.998133e+00 5.000000e+00 2.998133e+00 4.816288e+00 2.998133e+00 0.000000e+00 
2.998143e+00 5.000000e+00 2.998143e+00 4.816288e+00 2.998143e+00 0.000000e+00 
2.998153e+00 5.000000e+00 2.998153e+00 4.816288e+00 2.998153e+00 0.000000e+00 
2.998163e+00 5.000000e+00 2.998163e+00 4.816288e+00 2.998163e+00 0.000000e+00 
2.998173e+00 5.000000e+00 2.998173e+00 4.816288e+00 2.998173e+00 0.000000e+00 
2.998183e+00 5.000000e+00 2.998183e+00 4.816288e+00 2.998183e+00 0.000000e+00 
2.998193e+00 5.000000e+00 2.998193e+00 4.816288e+00 2.998193e+00 0.000000e+00 
2.998203e+00 5.000000e+00 2.998203e+00 4.816288e+00 2.998203e+00 0.000000e+00 
2.998213e+00 5.000000e+00 2.998213e+00 4.816288e+00 2.998213e+00 0.000000e+00 
2.998223e+00 5.000000e+00 2.998223e+00 4.816288e+00 2.998223e+00 0.000000e+00 
2.998233e+00 5.000000e+00 2.998233e+00 4.816288e+00 2.998233e+00 0.000000e+00 
2.998243e+00 5.000000e+00 2.998243e+00 4.816288e+00 2.998243e+00 0.000000e+00 
2.998253e+00 5.000000e+00 2.998253e+00 4.816288e+00 2.998253e+00 0.000000e+00 
2.998263e+00 5.000000e+00 2.998263e+00 4.816288e+00 2.998263e+00 0.000000e+00 
2.998273e+00 5.000000e+00 2.998273e+00 4.816288e+00 2.998273e+00 0.000000e+00 
2.998283e+00 5.000000e+00 2.998283e+00 4.816288e+00 2.998283e+00 0.000000e+00 
2.998293e+00 5.000000e+00 2.998293e+00 4.816288e+00 2.998293e+00 0.000000e+00 
2.998303e+00 5.000000e+00 2.998303e+00 4.816288e+00 2.998303e+00 0.000000e+00 
2.998313e+00 5.000000e+00 2.998313e+00 4.816288e+00 2.998313e+00 0.000000e+00 
2.998323e+00 5.000000e+00 2.998323e+00 4.816288e+00 2.998323e+00 0.000000e+00 
2.998333e+00 5.000000e+00 2.998333e+00 4.816288e+00 2.998333e+00 0.000000e+00 
2.998343e+00 5.000000e+00 2.998343e+00 4.816288e+00 2.998343e+00 0.000000e+00 
2.998353e+00 5.000000e+00 2.998353e+00 4.816288e+00 2.998353e+00 0.000000e+00 
2.998363e+00 5.000000e+00 2.998363e+00 4.816288e+00 2.998363e+00 0.000000e+00 
2.998373e+00 5.000000e+00 2.998373e+00 4.816288e+00 2.998373e+00 0.000000e+00 
2.998383e+00 5.000000e+00 2.998383e+00 4.816288e+00 2.998383e+00 0.000000e+00 
2.998393e+00 5.000000e+00 2.998393e+00 4.816288e+00 2.998393e+00 0.000000e+00 
2.998403e+00 5.000000e+00 2.998403e+00 4.816288e+00 2.998403e+00 0.000000e+00 
2.998413e+00 5.000000e+00 2.998413e+00 4.816288e+00 2.998413e+00 0.000000e+00 
2.998423e+00 5.000000e+00 2.998423e+00 4.816288e+00 2.998423e+00 0.000000e+00 
2.998433e+00 5.000000e+00 2.998433e+00 4.816288e+00 2.998433e+00 0.000000e+00 
2.998443e+00 5.000000e+00 2.998443e+00 4.816288e+00 2.998443e+00 0.000000e+00 
2.998453e+00 5.000000e+00 2.998453e+00 4.816288e+00 2.998453e+00 0.000000e+00 
2.998463e+00 5.000000e+00 2.998463e+00 4.816288e+00 2.998463e+00 0.000000e+00 
2.998473e+00 5.000000e+00 2.998473e+00 4.816288e+00 2.998473e+00 0.000000e+00 
2.998483e+00 5.000000e+00 2.998483e+00 4.816288e+00 2.998483e+00 0.000000e+00 
2.998493e+00 5.000000e+00 2.998493e+00 4.816288e+00 2.998493e+00 0.000000e+00 
2.998503e+00 5.000000e+00 2.998503e+00 4.816288e+00 2.998503e+00 0.000000e+00 
2.998513e+00 5.000000e+00 2.998513e+00 4.816288e+00 2.998513e+00 0.000000e+00 
2.998523e+00 5.000000e+00 2.998523e+00 4.816288e+00 2.998523e+00 0.000000e+00 
2.998533e+00 5.000000e+00 2.998533e+00 4.816288e+00 2.998533e+00 0.000000e+00 
2.998543e+00 5.000000e+00 2.998543e+00 4.816288e+00 2.998543e+00 0.000000e+00 
2.998553e+00 5.000000e+00 2.998553e+00 4.816288e+00 2.998553e+00 0.000000e+00 
2.998563e+00 5.000000e+00 2.998563e+00 4.816288e+00 2.998563e+00 0.000000e+00 
2.998573e+00 5.000000e+00 2.998573e+00 4.816288e+00 2.998573e+00 0.000000e+00 
2.998583e+00 5.000000e+00 2.998583e+00 4.816288e+00 2.998583e+00 0.000000e+00 
2.998593e+00 5.000000e+00 2.998593e+00 4.816288e+00 2.998593e+00 0.000000e+00 
2.998603e+00 5.000000e+00 2.998603e+00 4.816288e+00 2.998603e+00 0.000000e+00 
2.998613e+00 5.000000e+00 2.998613e+00 4.816288e+00 2.998613e+00 0.000000e+00 
2.998623e+00 5.000000e+00 2.998623e+00 4.816288e+00 2.998623e+00 0.000000e+00 
2.998633e+00 5.000000e+00 2.998633e+00 4.816288e+00 2.998633e+00 0.000000e+00 
2.998643e+00 5.000000e+00 2.998643e+00 4.816288e+00 2.998643e+00 0.000000e+00 
2.998653e+00 5.000000e+00 2.998653e+00 4.816288e+00 2.998653e+00 0.000000e+00 
2.998663e+00 5.000000e+00 2.998663e+00 4.816288e+00 2.998663e+00 0.000000e+00 
2.998673e+00 5.000000e+00 2.998673e+00 4.816288e+00 2.998673e+00 0.000000e+00 
2.998683e+00 5.000000e+00 2.998683e+00 4.816288e+00 2.998683e+00 0.000000e+00 
2.998693e+00 5.000000e+00 2.998693e+00 4.816288e+00 2.998693e+00 0.000000e+00 
2.998703e+00 5.000000e+00 2.998703e+00 4.816288e+00 2.998703e+00 0.000000e+00 
2.998713e+00 5.000000e+00 2.998713e+00 4.816288e+00 2.998713e+00 0.000000e+00 
2.998723e+00 5.000000e+00 2.998723e+00 4.816288e+00 2.998723e+00 0.000000e+00 
2.998733e+00 5.000000e+00 2.998733e+00 4.816288e+00 2.998733e+00 0.000000e+00 
2.998743e+00 5.000000e+00 2.998743e+00 4.816288e+00 2.998743e+00 0.000000e+00 
2.998753e+00 5.000000e+00 2.998753e+00 4.816288e+00 2.998753e+00 0.000000e+00 
2.998763e+00 5.000000e+00 2.998763e+00 4.816288e+00 2.998763e+00 0.000000e+00 
2.998773e+00 5.000000e+00 2.998773e+00 4.816288e+00 2.998773e+00 0.000000e+00 
2.998783e+00 5.000000e+00 2.998783e+00 4.816288e+00 2.998783e+00 0.000000e+00 
2.998793e+00 5.000000e+00 2.998793e+00 4.816288e+00 2.998793e+00 0.000000e+00 
2.998803e+00 5.000000e+00 2.998803e+00 4.816288e+00 2.998803e+00 0.000000e+00 
2.998813e+00 5.000000e+00 2.998813e+00 4.816288e+00 2.998813e+00 0.000000e+00 
2.998823e+00 5.000000e+00 2.998823e+00 4.816288e+00 2.998823e+00 0.000000e+00 
2.998833e+00 5.000000e+00 2.998833e+00 4.816288e+00 2.998833e+00 0.000000e+00 
2.998843e+00 5.000000e+00 2.998843e+00 4.816288e+00 2.998843e+00 0.000000e+00 
2.998853e+00 5.000000e+00 2.998853e+00 4.816288e+00 2.998853e+00 0.000000e+00 
2.998863e+00 5.000000e+00 2.998863e+00 4.816288e+00 2.998863e+00 0.000000e+00 
2.998873e+00 5.000000e+00 2.998873e+00 4.816288e+00 2.998873e+00 0.000000e+00 
2.998883e+00 5.000000e+00 2.998883e+00 4.816288e+00 2.998883e+00 0.000000e+00 
2.998893e+00 5.000000e+00 2.998893e+00 4.816288e+00 2.998893e+00 0.000000e+00 
2.998903e+00 5.000000e+00 2.998903e+00 4.816288e+00 2.998903e+00 0.000000e+00 
2.998913e+00 5.000000e+00 2.998913e+00 4.816288e+00 2.998913e+00 0.000000e+00 
2.998923e+00 5.000000e+00 2.998923e+00 4.816288e+00 2.998923e+00 0.000000e+00 
2.998933e+00 5.000000e+00 2.998933e+00 4.816288e+00 2.998933e+00 0.000000e+00 
2.998943e+00 5.000000e+00 2.998943e+00 4.816288e+00 2.998943e+00 0.000000e+00 
2.998953e+00 5.000000e+00 2.998953e+00 4.816288e+00 2.998953e+00 0.000000e+00 
2.998963e+00 5.000000e+00 2.998963e+00 4.816288e+00 2.998963e+00 0.000000e+00 
2.998973e+00 5.000000e+00 2.998973e+00 4.816288e+00 2.998973e+00 0.000000e+00 
2.998983e+00 5.000000e+00 2.998983e+00 4.816288e+00 2.998983e+00 0.000000e+00 
2.998993e+00 5.000000e+00 2.998993e+00 4.816288e+00 2.998993e+00 0.000000e+00 
2.999003e+00 5.000000e+00 2.999003e+00 4.816288e+00 2.999003e+00 0.000000e+00 
2.999013e+00 5.000000e+00 2.999013e+00 4.816288e+00 2.999013e+00 0.000000e+00 
2.999023e+00 5.000000e+00 2.999023e+00 4.816288e+00 2.999023e+00 0.000000e+00 
2.999033e+00 5.000000e+00 2.999033e+00 4.816288e+00 2.999033e+00 0.000000e+00 
2.999043e+00 5.000000e+00 2.999043e+00 4.816288e+00 2.999043e+00 0.000000e+00 
2.999053e+00 5.000000e+00 2.999053e+00 4.816288e+00 2.999053e+00 0.000000e+00 
2.999063e+00 5.000000e+00 2.999063e+00 4.816288e+00 2.999063e+00 0.000000e+00 
2.999073e+00 5.000000e+00 2.999073e+00 4.816288e+00 2.999073e+00 0.000000e+00 
2.999083e+00 5.000000e+00 2.999083e+00 4.816288e+00 2.999083e+00 0.000000e+00 
2.999093e+00 5.000000e+00 2.999093e+00 4.816288e+00 2.999093e+00 0.000000e+00 
2.999103e+00 5.000000e+00 2.999103e+00 4.816288e+00 2.999103e+00 0.000000e+00 
2.999113e+00 5.000000e+00 2.999113e+00 4.816288e+00 2.999113e+00 0.000000e+00 
2.999123e+00 5.000000e+00 2.999123e+00 4.816288e+00 2.999123e+00 0.000000e+00 
2.999133e+00 5.000000e+00 2.999133e+00 4.816288e+00 2.999133e+00 0.000000e+00 
2.999143e+00 5.000000e+00 2.999143e+00 4.816288e+00 2.999143e+00 0.000000e+00 
2.999153e+00 5.000000e+00 2.999153e+00 4.816288e+00 2.999153e+00 0.000000e+00 
2.999163e+00 5.000000e+00 2.999163e+00 4.816288e+00 2.999163e+00 0.000000e+00 
2.999173e+00 5.000000e+00 2.999173e+00 4.816288e+00 2.999173e+00 0.000000e+00 
2.999183e+00 5.000000e+00 2.999183e+00 4.816288e+00 2.999183e+00 0.000000e+00 
2.999193e+00 5.000000e+00 2.999193e+00 4.816288e+00 2.999193e+00 0.000000e+00 
2.999203e+00 5.000000e+00 2.999203e+00 4.816288e+00 2.999203e+00 0.000000e+00 
2.999213e+00 5.000000e+00 2.999213e+00 4.816288e+00 2.999213e+00 0.000000e+00 
2.999223e+00 5.000000e+00 2.999223e+00 4.816288e+00 2.999223e+00 0.000000e+00 
2.999233e+00 5.000000e+00 2.999233e+00 4.816288e+00 2.999233e+00 0.000000e+00 
2.999243e+00 5.000000e+00 2.999243e+00 4.816288e+00 2.999243e+00 0.000000e+00 
2.999253e+00 5.000000e+00 2.999253e+00 4.816288e+00 2.999253e+00 0.000000e+00 
2.999263e+00 5.000000e+00 2.999263e+00 4.816288e+00 2.999263e+00 0.000000e+00 
2.999273e+00 5.000000e+00 2.999273e+00 4.816288e+00 2.999273e+00 0.000000e+00 
2.999283e+00 5.000000e+00 2.999283e+00 4.816288e+00 2.999283e+00 0.000000e+00 
2.999293e+00 5.000000e+00 2.999293e+00 4.816288e+00 2.999293e+00 0.000000e+00 
2.999303e+00 5.000000e+00 2.999303e+00 4.816288e+00 2.999303e+00 0.000000e+00 
2.999313e+00 5.000000e+00 2.999313e+00 4.816288e+00 2.999313e+00 0.000000e+00 
2.999323e+00 5.000000e+00 2.999323e+00 4.816288e+00 2.999323e+00 0.000000e+00 
2.999333e+00 5.000000e+00 2.999333e+00 4.816288e+00 2.999333e+00 0.000000e+00 
2.999343e+00 5.000000e+00 2.999343e+00 4.816288e+00 2.999343e+00 0.000000e+00 
2.999353e+00 5.000000e+00 2.999353e+00 4.816288e+00 2.999353e+00 0.000000e+00 
2.999363e+00 5.000000e+00 2.999363e+00 4.816288e+00 2.999363e+00 0.000000e+00 
2.999373e+00 5.000000e+00 2.999373e+00 4.816288e+00 2.999373e+00 0.000000e+00 
2.999383e+00 5.000000e+00 2.999383e+00 4.816288e+00 2.999383e+00 0.000000e+00 
2.999393e+00 5.000000e+00 2.999393e+00 4.816288e+00 2.999393e+00 0.000000e+00 
2.999403e+00 5.000000e+00 2.999403e+00 4.816288e+00 2.999403e+00 0.000000e+00 
2.999413e+00 5.000000e+00 2.999413e+00 4.816288e+00 2.999413e+00 0.000000e+00 
2.999423e+00 5.000000e+00 2.999423e+00 4.816288e+00 2.999423e+00 0.000000e+00 
2.999433e+00 5.000000e+00 2.999433e+00 4.816288e+00 2.999433e+00 0.000000e+00 
2.999443e+00 5.000000e+00 2.999443e+00 4.816288e+00 2.999443e+00 0.000000e+00 
2.999453e+00 5.000000e+00 2.999453e+00 4.816288e+00 2.999453e+00 0.000000e+00 
2.999463e+00 5.000000e+00 2.999463e+00 4.816288e+00 2.999463e+00 0.000000e+00 
2.999473e+00 5.000000e+00 2.999473e+00 4.816288e+00 2.999473e+00 0.000000e+00 
2.999483e+00 5.000000e+00 2.999483e+00 4.816288e+00 2.999483e+00 0.000000e+00 
2.999493e+00 5.000000e+00 2.999493e+00 4.816288e+00 2.999493e+00 0.000000e+00 
2.999503e+00 5.000000e+00 2.999503e+00 4.816288e+00 2.999503e+00 0.000000e+00 
2.999513e+00 5.000000e+00 2.999513e+00 4.816288e+00 2.999513e+00 0.000000e+00 
2.999523e+00 5.000000e+00 2.999523e+00 4.816288e+00 2.999523e+00 0.000000e+00 
2.999533e+00 5.000000e+00 2.999533e+00 4.816288e+00 2.999533e+00 0.000000e+00 
2.999543e+00 5.000000e+00 2.999543e+00 4.816288e+00 2.999543e+00 0.000000e+00 
2.999553e+00 5.000000e+00 2.999553e+00 4.816288e+00 2.999553e+00 0.000000e+00 
2.999563e+00 5.000000e+00 2.999563e+00 4.816288e+00 2.999563e+00 0.000000e+00 
2.999573e+00 5.000000e+00 2.999573e+00 4.816288e+00 2.999573e+00 0.000000e+00 
2.999583e+00 5.000000e+00 2.999583e+00 4.816288e+00 2.999583e+00 0.000000e+00 
2.999593e+00 5.000000e+00 2.999593e+00 4.816288e+00 2.999593e+00 0.000000e+00 
2.999603e+00 5.000000e+00 2.999603e+00 4.816288e+00 2.999603e+00 0.000000e+00 
2.999613e+00 5.000000e+00 2.999613e+00 4.816288e+00 2.999613e+00 0.000000e+00 
2.999623e+00 5.000000e+00 2.999623e+00 4.816288e+00 2.999623e+00 0.000000e+00 
2.999633e+00 5.000000e+00 2.999633e+00 4.816288e+00 2.999633e+00 0.000000e+00 
2.999643e+00 5.000000e+00 2.999643e+00 4.816288e+00 2.999643e+00 0.000000e+00 
2.999653e+00 5.000000e+00 2.999653e+00 4.816288e+00 2.999653e+00 0.000000e+00 
2.999663e+00 5.000000e+00 2.999663e+00 4.816288e+00 2.999663e+00 0.000000e+00 
2.999673e+00 5.000000e+00 2.999673e+00 4.816288e+00 2.999673e+00 0.000000e+00 
2.999683e+00 5.000000e+00 2.999683e+00 4.816288e+00 2.999683e+00 0.000000e+00 
2.999693e+00 5.000000e+00 2.999693e+00 4.816288e+00 2.999693e+00 0.000000e+00 
2.999703e+00 5.000000e+00 2.999703e+00 4.816288e+00 2.999703e+00 0.000000e+00 
2.999713e+00 5.000000e+00 2.999713e+00 4.816288e+00 2.999713e+00 0.000000e+00 
2.999723e+00 5.000000e+00 2.999723e+00 4.816288e+00 2.999723e+00 0.000000e+00 
2.999733e+00 5.000000e+00 2.999733e+00 4.816288e+00 2.999733e+00 0.000000e+00 
2.999743e+00 5.000000e+00 2.999743e+00 4.816288e+00 2.999743e+00 0.000000e+00 
2.999753e+00 5.000000e+00 2.999753e+00 4.816288e+00 2.999753e+00 0.000000e+00 
2.999763e+00 5.000000e+00 2.999763e+00 4.816288e+00 2.999763e+00 0.000000e+00 
2.999773e+00 5.000000e+00 2.999773e+00 4.816288e+00 2.999773e+00 0.000000e+00 
2.999783e+00 5.000000e+00 2.999783e+00 4.816288e+00 2.999783e+00 0.000000e+00 
2.999793e+00 5.000000e+00 2.999793e+00 4.816288e+00 2.999793e+00 0.000000e+00 
2.999803e+00 5.000000e+00 2.999803e+00 4.816288e+00 2.999803e+00 0.000000e+00 
2.999813e+00 5.000000e+00 2.999813e+00 4.816288e+00 2.999813e+00 0.000000e+00 
2.999823e+00 5.000000e+00 2.999823e+00 4.816288e+00 2.999823e+00 0.000000e+00 
2.999833e+00 5.000000e+00 2.999833e+00 4.816288e+00 2.999833e+00 0.000000e+00 
2.999843e+00 5.000000e+00 2.999843e+00 4.816288e+00 2.999843e+00 0.000000e+00 
2.999853e+00 5.000000e+00 2.999853e+00 4.816288e+00 2.999853e+00 0.000000e+00 
2.999863e+00 5.000000e+00 2.999863e+00 4.816288e+00 2.999863e+00 0.000000e+00 
2.999873e+00 5.000000e+00 2.999873e+00 4.816288e+00 2.999873e+00 0.000000e+00 
2.999883e+00 5.000000e+00 2.999883e+00 4.816288e+00 2.999883e+00 0.000000e+00 
2.999893e+00 5.000000e+00 2.999893e+00 4.816288e+00 2.999893e+00 0.000000e+00 
2.999903e+00 5.000000e+00 2.999903e+00 4.816288e+00 2.999903e+00 0.000000e+00 
2.999913e+00 5.000000e+00 2.999913e+00 4.816288e+00 2.999913e+00 0.000000e+00 
2.999923e+00 5.000000e+00 2.999923e+00 4.816288e+00 2.999923e+00 0.000000e+00 
2.999933e+00 5.000000e+00 2.999933e+00 4.816288e+00 2.999933e+00 0.000000e+00 
2.999943e+00 5.000000e+00 2.999943e+00 4.816288e+00 2.999943e+00 0.000000e+00 
2.999953e+00 5.000000e+00 2.999953e+00 4.816288e+00 2.999953e+00 0.000000e+00 
2.999963e+00 5.000000e+00 2.999963e+00 4.816288e+00 2.999963e+00 0.000000e+00 
2.999973e+00 5.000000e+00 2.999973e+00 4.816288e+00 2.999973e+00 0.000000e+00 
2.999983e+00 5.000000e+00 2.999983e+00 4.816288e+00 2.999983e+00 0.000000e+00 
2.999993e+00 5.000000e+00 2.999993e+00 4.816288e+00 2.999993e+00 0.000000e+00 
3.000000e+00 5.000000e+00 3.000000e+00 4.816288e+00 3.000000e+00 0.000000e+00 
