2.970000e+00 -2.499840e+00 2.970000e+00 -1.367126e-03 
2.970000e+00 -2.499520e+00 2.970000e+00 -1.364061e-03 
2.970001e+00 -2.498880e+00 2.970001e+00 -1.366651e-03 
2.970002e+00 -2.497601e+00 2.970002e+00 -1.364267e-03 
2.970005e+00 -2.495041e+00 2.970005e+00 -1.366555e-03 
2.970010e+00 -2.489923e+00 2.970010e+00 -1.364313e-03 
2.970020e+00 -2.479921e+00 2.970020e+00 -1.366532e-03 
2.970030e+00 -2.469919e+00 2.970030e+00 -1.364328e-03 
2.970040e+00 -2.459917e+00 2.970040e+00 -1.366517e-03 
2.970050e+00 -2.449915e+00 2.970050e+00 -1.364344e-03 
2.970060e+00 -2.439913e+00 2.970060e+00 -1.366502e-03 
2.970070e+00 -2.429911e+00 2.970070e+00 -1.364359e-03 
2.970080e+00 -2.419909e+00 2.970080e+00 -1.366487e-03 
2.970090e+00 -2.409907e+00 2.970090e+00 -1.364373e-03 
2.970100e+00 -2.399905e+00 2.970100e+00 -1.366472e-03 
2.970110e+00 -2.389903e+00 2.970110e+00 -1.364388e-03 
2.970120e+00 -2.379901e+00 2.970120e+00 -1.366458e-03 
2.970130e+00 -2.369899e+00 2.970130e+00 -1.364402e-03 
2.970140e+00 -2.359897e+00 2.970140e+00 -1.366443e-03 
2.970150e+00 -2.349895e+00 2.970150e+00 -1.364416e-03 
2.970160e+00 -2.339893e+00 2.970160e+00 -1.366429e-03 
2.970170e+00 -2.329891e+00 2.970170e+00 -1.364430e-03 
2.970180e+00 -2.319889e+00 2.970180e+00 -1.366415e-03 
2.970190e+00 -2.309887e+00 2.970190e+00 -1.364444e-03 
2.970200e+00 -2.299885e+00 2.970200e+00 -1.366402e-03 
2.970210e+00 -2.289883e+00 2.970210e+00 -1.364458e-03 
2.970220e+00 -2.279881e+00 2.970220e+00 -1.366388e-03 
2.970230e+00 -2.269879e+00 2.970230e+00 -1.364471e-03 
2.970240e+00 -2.259877e+00 2.970240e+00 -1.366375e-03 
2.970250e+00 -2.249875e+00 2.970250e+00 -1.364484e-03 
2.970260e+00 -2.239873e+00 2.970260e+00 -1.366362e-03 
2.970270e+00 -2.229871e+00 2.970270e+00 -1.364497e-03 
2.970280e+00 -2.219869e+00 2.970280e+00 -1.366349e-03 
2.970290e+00 -2.209867e+00 2.970290e+00 -1.364510e-03 
2.970300e+00 -2.199865e+00 2.970300e+00 -1.366336e-03 
2.970310e+00 -2.189863e+00 2.970310e+00 -1.364523e-03 
2.970320e+00 -2.179861e+00 2.970320e+00 -1.366323e-03 
2.970330e+00 -2.169859e+00 2.970330e+00 -1.364535e-03 
2.970340e+00 -2.159857e+00 2.970340e+00 -1.366311e-03 
2.970350e+00 -2.149855e+00 2.970350e+00 -1.364548e-03 
2.970360e+00 -2.139853e+00 2.970360e+00 -1.366299e-03 
2.970370e+00 -2.129851e+00 2.970370e+00 -1.364560e-03 
2.970380e+00 -2.119849e+00 2.970380e+00 -1.366287e-03 
2.970390e+00 -2.109847e+00 2.970390e+00 -1.364572e-03 
2.970400e+00 -2.099845e+00 2.970400e+00 -1.366275e-03 
2.970410e+00 -2.089843e+00 2.970410e+00 -1.364584e-03 
2.970420e+00 -2.079841e+00 2.970420e+00 -1.366263e-03 
2.970430e+00 -2.069839e+00 2.970430e+00 -1.364595e-03 
2.970440e+00 -2.059837e+00 2.970440e+00 -1.366251e-03 
2.970450e+00 -2.049835e+00 2.970450e+00 -1.364607e-03 
2.970460e+00 -2.039833e+00 2.970460e+00 -1.366240e-03 
2.970470e+00 -2.029831e+00 2.970470e+00 -1.364618e-03 
2.970480e+00 -2.019829e+00 2.970480e+00 -1.366229e-03 
2.970490e+00 -2.009827e+00 2.970490e+00 -1.364629e-03 
2.970500e+00 -1.999825e+00 2.970500e+00 -1.366218e-03 
2.970510e+00 -1.989823e+00 2.970510e+00 -1.364640e-03 
2.970520e+00 -1.979821e+00 2.970520e+00 -1.366207e-03 
2.970530e+00 -1.969819e+00 2.970530e+00 -1.364651e-03 
2.970540e+00 -1.959817e+00 2.970540e+00 -1.366196e-03 
2.970550e+00 -1.949815e+00 2.970550e+00 -1.364662e-03 
2.970560e+00 -1.939813e+00 2.970560e+00 -1.366185e-03 
2.970570e+00 -1.929811e+00 2.970570e+00 -1.364673e-03 
2.970580e+00 -1.919809e+00 2.970580e+00 -1.366175e-03 
2.970590e+00 -1.909807e+00 2.970590e+00 -1.364683e-03 
2.970600e+00 -1.899805e+00 2.970600e+00 -1.366164e-03 
2.970610e+00 -1.889803e+00 2.970610e+00 -1.364693e-03 
2.970620e+00 -1.879801e+00 2.970620e+00 -1.366154e-03 
2.970630e+00 -1.869799e+00 2.970630e+00 -1.364703e-03 
2.970640e+00 -1.859797e+00 2.970640e+00 -1.366144e-03 
2.970650e+00 -1.849795e+00 2.970650e+00 -1.364713e-03 
2.970660e+00 -1.839793e+00 2.970660e+00 -1.366134e-03 
2.970670e+00 -1.829791e+00 2.970670e+00 -1.364723e-03 
2.970680e+00 -1.819789e+00 2.970680e+00 -1.366124e-03 
2.970690e+00 -1.809787e+00 2.970690e+00 -1.364733e-03 
2.970700e+00 -1.799785e+00 2.970700e+00 -1.366115e-03 
2.970710e+00 -1.789783e+00 2.970710e+00 -1.364743e-03 
2.970720e+00 -1.779781e+00 2.970720e+00 -1.366105e-03 
2.970730e+00 -1.769779e+00 2.970730e+00 -1.364752e-03 
2.970740e+00 -1.759777e+00 2.970740e+00 -1.366096e-03 
2.970750e+00 -1.749775e+00 2.970750e+00 -1.364761e-03 
2.970760e+00 -1.739773e+00 2.970760e+00 -1.366086e-03 
2.970770e+00 -1.729771e+00 2.970770e+00 -1.364771e-03 
2.970780e+00 -1.719769e+00 2.970780e+00 -1.366077e-03 
2.970790e+00 -1.709767e+00 2.970790e+00 -1.364780e-03 
2.970800e+00 -1.699765e+00 2.970800e+00 -1.366068e-03 
2.970810e+00 -1.689763e+00 2.970810e+00 -1.364789e-03 
2.970820e+00 -1.679761e+00 2.970820e+00 -1.366059e-03 
2.970830e+00 -1.669759e+00 2.970830e+00 -1.364797e-03 
2.970840e+00 -1.659757e+00 2.970840e+00 -1.366051e-03 
2.970850e+00 -1.649755e+00 2.970850e+00 -1.364806e-03 
2.970860e+00 -1.639753e+00 2.970860e+00 -1.366042e-03 
2.970870e+00 -1.629751e+00 2.970870e+00 -1.364815e-03 
2.970880e+00 -1.619749e+00 2.970880e+00 -1.366034e-03 
2.970890e+00 -1.609747e+00 2.970890e+00 -1.364823e-03 
2.970900e+00 -1.599745e+00 2.970900e+00 -1.366025e-03 
2.970910e+00 -1.589743e+00 2.970910e+00 -1.364832e-03 
2.970920e+00 -1.579741e+00 2.970920e+00 -1.366017e-03 
2.970930e+00 -1.569739e+00 2.970930e+00 -1.364840e-03 
2.970940e+00 -1.559737e+00 2.970940e+00 -1.366009e-03 
2.970950e+00 -1.549735e+00 2.970950e+00 -1.364848e-03 
2.970960e+00 -1.539733e+00 2.970960e+00 -1.366001e-03 
2.970970e+00 -1.529731e+00 2.970970e+00 -1.364856e-03 
2.970980e+00 -1.519729e+00 2.970980e+00 -1.365993e-03 
2.970990e+00 -1.509727e+00 2.970990e+00 -1.364864e-03 
2.971000e+00 -1.499725e+00 2.971000e+00 -1.365985e-03 
2.971010e+00 -1.489723e+00 2.971010e+00 -1.364872e-03 
2.971020e+00 -1.479721e+00 2.971020e+00 -1.365977e-03 
2.971030e+00 -1.469719e+00 2.971030e+00 -1.364879e-03 
2.971040e+00 -1.459717e+00 2.971040e+00 -1.365969e-03 
2.971050e+00 -1.449715e+00 2.971050e+00 -1.364887e-03 
2.971060e+00 -1.439713e+00 2.971060e+00 -1.365962e-03 
2.971070e+00 -1.429711e+00 2.971070e+00 -1.364894e-03 
2.971080e+00 -1.419709e+00 2.971080e+00 -1.365954e-03 
2.971090e+00 -1.409707e+00 2.971090e+00 -1.364902e-03 
2.971100e+00 -1.399705e+00 2.971100e+00 -1.365947e-03 
2.971110e+00 -1.389703e+00 2.971110e+00 -1.364909e-03 
2.971120e+00 -1.379701e+00 2.971120e+00 -1.365940e-03 
2.971130e+00 -1.369699e+00 2.971130e+00 -1.364916e-03 
2.971140e+00 -1.359697e+00 2.971140e+00 -1.365933e-03 
2.971150e+00 -1.349695e+00 2.971150e+00 -1.364923e-03 
2.971160e+00 -1.339693e+00 2.971160e+00 -1.365926e-03 
2.971170e+00 -1.329691e+00 2.971170e+00 -1.364930e-03 
2.971180e+00 -1.319689e+00 2.971180e+00 -1.365919e-03 
2.971190e+00 -1.309687e+00 2.971190e+00 -1.364937e-03 
2.971200e+00 -1.299685e+00 2.971200e+00 -1.365912e-03 
2.971210e+00 -1.289683e+00 2.971210e+00 -1.364944e-03 
2.971220e+00 -1.279681e+00 2.971220e+00 -1.365905e-03 
2.971230e+00 -1.269679e+00 2.971230e+00 -1.364950e-03 
2.971240e+00 -1.259677e+00 2.971240e+00 -1.365899e-03 
2.971250e+00 -1.249675e+00 2.971250e+00 -1.364957e-03 
2.971260e+00 -1.239673e+00 2.971260e+00 -1.365892e-03 
2.971270e+00 -1.229671e+00 2.971270e+00 -1.364963e-03 
2.971280e+00 -1.219669e+00 2.971280e+00 -1.365886e-03 
2.971290e+00 -1.209667e+00 2.971290e+00 -1.364970e-03 
2.971300e+00 -1.199665e+00 2.971300e+00 -1.365879e-03 
2.971310e+00 -1.189663e+00 2.971310e+00 -1.364976e-03 
2.971320e+00 -1.179661e+00 2.971320e+00 -1.365873e-03 
2.971330e+00 -1.169659e+00 2.971330e+00 -1.364982e-03 
2.971340e+00 -1.159657e+00 2.971340e+00 -1.365867e-03 
2.971350e+00 -1.149655e+00 2.971350e+00 -1.364989e-03 
2.971360e+00 -1.139653e+00 2.971360e+00 -1.365861e-03 
2.971370e+00 -1.129651e+00 2.971370e+00 -1.364995e-03 
2.971380e+00 -1.119649e+00 2.971380e+00 -1.365855e-03 
2.971390e+00 -1.109647e+00 2.971390e+00 -1.365001e-03 
2.971400e+00 -1.099645e+00 2.971400e+00 -1.365849e-03 
2.971410e+00 -1.089643e+00 2.971410e+00 -1.365006e-03 
2.971420e+00 -1.079641e+00 2.971420e+00 -1.365843e-03 
2.971430e+00 -1.069639e+00 2.971430e+00 -1.365012e-03 
2.971440e+00 -1.059637e+00 2.971440e+00 -1.365837e-03 
2.971450e+00 -1.049635e+00 2.971450e+00 -1.365018e-03 
2.971460e+00 -1.039633e+00 2.971460e+00 -1.365832e-03 
2.971470e+00 -1.029631e+00 2.971470e+00 -1.365024e-03 
2.971480e+00 -1.019629e+00 2.971480e+00 -1.365826e-03 
2.971490e+00 -1.009627e+00 2.971490e+00 -1.365029e-03 
2.971500e+00 -9.996250e-01 2.971500e+00 -1.365820e-03 
2.971510e+00 -9.896230e-01 2.971510e+00 -1.365035e-03 
2.971520e+00 -9.796210e-01 2.971520e+00 -1.365815e-03 
2.971530e+00 -9.696190e-01 2.971530e+00 -1.365040e-03 
2.971540e+00 -9.596170e-01 2.971540e+00 -1.365810e-03 
2.971550e+00 -9.496150e-01 2.971550e+00 -1.365045e-03 
2.971560e+00 -9.396130e-01 2.971560e+00 -1.365804e-03 
2.971570e+00 -9.296110e-01 2.971570e+00 -1.365051e-03 
2.971580e+00 -9.196090e-01 2.971580e+00 -1.365799e-03 
2.971590e+00 -9.096070e-01 2.971590e+00 -1.365056e-03 
2.971600e+00 -8.996050e-01 2.971600e+00 -1.365794e-03 
2.971610e+00 -8.896030e-01 2.971610e+00 -1.365061e-03 
2.971620e+00 -8.796010e-01 2.971620e+00 -1.365789e-03 
2.971630e+00 -8.695990e-01 2.971630e+00 -1.365066e-03 
2.971640e+00 -8.595970e-01 2.971640e+00 -1.365784e-03 
2.971650e+00 -8.495950e-01 2.971650e+00 -1.365071e-03 
2.971660e+00 -8.395930e-01 2.971660e+00 -1.365779e-03 
2.971670e+00 -8.295910e-01 2.971670e+00 -1.365076e-03 
2.971680e+00 -8.195890e-01 2.971680e+00 -1.365774e-03 
2.971690e+00 -8.095870e-01 2.971690e+00 -1.365081e-03 
2.971700e+00 -7.995850e-01 2.971700e+00 -1.365769e-03 
2.971710e+00 -7.895830e-01 2.971710e+00 -1.365086e-03 
2.971720e+00 -7.795810e-01 2.971720e+00 -1.365764e-03 
2.971730e+00 -7.695790e-01 2.971730e+00 -1.365090e-03 
2.971740e+00 -7.595770e-01 2.971740e+00 -1.365760e-03 
2.971750e+00 -7.495750e-01 2.971750e+00 -1.365095e-03 
2.971760e+00 -7.395730e-01 2.971760e+00 -1.365755e-03 
2.971770e+00 -7.295710e-01 2.971770e+00 -1.365100e-03 
2.971780e+00 -7.195690e-01 2.971780e+00 -1.365751e-03 
2.971790e+00 -7.095670e-01 2.971790e+00 -1.365104e-03 
2.971800e+00 -6.995650e-01 2.971800e+00 -1.365746e-03 
2.971810e+00 -6.895630e-01 2.971810e+00 -1.365109e-03 
2.971820e+00 -6.795610e-01 2.971820e+00 -1.365742e-03 
2.971830e+00 -6.695590e-01 2.971830e+00 -1.365113e-03 
2.971840e+00 -6.595570e-01 2.971840e+00 -1.365737e-03 
2.971850e+00 -6.495550e-01 2.971850e+00 -1.365117e-03 
2.971860e+00 -6.395530e-01 2.971860e+00 -1.365733e-03 
2.971870e+00 -6.295510e-01 2.971870e+00 -1.365122e-03 
2.971880e+00 -6.195489e-01 2.971880e+00 -1.365729e-03 
2.971890e+00 -6.095469e-01 2.971890e+00 -1.365126e-03 
2.971900e+00 -5.995449e-01 2.971900e+00 -1.365725e-03 
2.971910e+00 -5.895429e-01 2.971910e+00 -1.365130e-03 
2.971920e+00 -5.795409e-01 2.971920e+00 -1.365720e-03 
2.971930e+00 -5.695389e-01 2.971930e+00 -1.365134e-03 
2.971940e+00 -5.595369e-01 2.971940e+00 -1.365716e-03 
2.971950e+00 -5.495349e-01 2.971950e+00 -1.365138e-03 
2.971960e+00 -5.395329e-01 2.971960e+00 -1.365712e-03 
2.971970e+00 -5.295309e-01 2.971970e+00 -1.365142e-03 
2.971980e+00 -5.195289e-01 2.971980e+00 -1.365708e-03 
2.971990e+00 -5.095269e-01 2.971990e+00 -1.365146e-03 
2.972000e+00 -4.995249e-01 2.972000e+00 -1.365704e-03 
2.972010e+00 -4.895229e-01 2.972010e+00 -1.365150e-03 
2.972020e+00 -4.795209e-01 2.972020e+00 -1.365701e-03 
2.972030e+00 -4.695189e-01 2.972030e+00 -1.365154e-03 
2.972040e+00 -4.595169e-01 2.972040e+00 -1.365697e-03 
2.972050e+00 -4.495149e-01 2.972050e+00 -1.365157e-03 
2.972060e+00 -4.395129e-01 2.972060e+00 -1.365693e-03 
2.972070e+00 -4.295109e-01 2.972070e+00 -1.365161e-03 
2.972080e+00 -4.195089e-01 2.972080e+00 -1.365689e-03 
2.972090e+00 -4.095069e-01 2.972090e+00 -1.365164e-03 
2.972100e+00 -3.995049e-01 2.972100e+00 -1.365685e-03 
2.972110e+00 -3.895029e-01 2.972110e+00 -1.365167e-03 
2.972120e+00 -3.795009e-01 2.972120e+00 -1.365680e-03 
2.972130e+00 -3.694989e-01 2.972130e+00 -1.365169e-03 
2.972140e+00 -3.594969e-01 2.972140e+00 -1.365675e-03 
2.972150e+00 -3.494949e-01 2.972150e+00 -1.365170e-03 
2.972160e+00 -3.394929e-01 2.972160e+00 -1.365667e-03 
2.972170e+00 -3.294909e-01 2.972170e+00 -1.365167e-03 
2.972180e+00 -3.194889e-01 2.972180e+00 -1.365654e-03 
2.972190e+00 -3.094869e-01 2.972190e+00 -1.365157e-03 
2.972200e+00 -2.994849e-01 2.972200e+00 -1.365631e-03 
2.972210e+00 -2.894829e-01 2.972210e+00 -1.365130e-03 
2.972220e+00 -2.794809e-01 2.972220e+00 -1.365583e-03 
2.972230e+00 -2.694789e-01 2.972230e+00 -1.365069e-03 
2.972240e+00 -2.594769e-01 2.972240e+00 -1.365485e-03 
2.972250e+00 -2.494749e-01 2.972250e+00 -1.364932e-03 
2.972260e+00 -2.394729e-01 2.972260e+00 -1.365275e-03 
2.972270e+00 -2.294709e-01 2.972270e+00 -1.364632e-03 
2.972280e+00 -2.194689e-01 2.972280e+00 -1.364825e-03 
2.972290e+00 -2.094669e-01 2.972290e+00 -1.363978e-03 
2.972300e+00 -1.994649e-01 2.972300e+00 -1.363858e-03 
2.972310e+00 -1.894629e-01 2.972310e+00 -1.362566e-03 
2.972320e+00 -1.794609e-01 2.972320e+00 -1.361781e-03 
2.972330e+00 -1.694589e-01 2.972330e+00 -1.359536e-03 
2.972340e+00 -1.594569e-01 2.972340e+00 -1.357353e-03 
2.972350e+00 -1.494549e-01 2.972350e+00 -1.353114e-03 
2.972360e+00 -1.394529e-01 2.972360e+00 -1.348076e-03 
2.972370e+00 -1.294509e-01 2.972370e+00 -1.339842e-03 
2.972380e+00 -1.194489e-01 2.972380e+00 -1.329289e-03 
2.972390e+00 -1.094469e-01 2.972390e+00 -1.313675e-03 
2.972400e+00 -9.944493e-02 2.972400e+00 -1.293540e-03 
2.972410e+00 -8.944293e-02 2.972410e+00 -1.266032e-03 
2.972420e+00 -7.944093e-02 2.972420e+00 -1.231821e-03 
2.972430e+00 -6.943893e-02 2.972430e+00 -1.188593e-03 
2.972440e+00 -5.943693e-02 2.972440e+00 -1.137825e-03 
2.972450e+00 -4.943493e-02 2.972450e+00 -1.078235e-03 
2.972460e+00 -3.943293e-02 2.972460e+00 -1.012265e-03 
2.972470e+00 -2.943093e-02 2.972470e+00 -9.394821e-04 
2.972480e+00 -1.942893e-02 2.972480e+00 -8.627918e-04 
2.972490e+00 -9.426925e-03 2.972490e+00 -7.688433e-04 
2.972500e+00 5.750750e-04 2.972500e+00 -6.798933e-04 
2.972510e+00 1.057708e-02 2.972510e+00 -5.539359e-04 
2.972514e+00 1.447374e-02 2.972514e+00 -3.916894e-04 
2.972517e+00 1.707485e-02 2.972517e+00 5.994693e-04 
2.972519e+00 1.929183e-02 2.972519e+00 1.895743e-03 
2.972520e+00 2.025372e-02 2.972520e+00 1.015581e-03 
2.972521e+00 2.120180e-02 2.972521e+00 2.061721e-03 
2.972522e+00 2.202760e-02 2.972522e+00 1.268510e-03 
2.972522e+00 2.287739e-02 2.972522e+00 2.186811e-03 
2.972523e+00 2.391276e-02 2.972523e+00 1.536819e-03 
2.972525e+00 2.530083e-02 2.972525e+00 2.418026e-03 
2.972527e+00 2.795556e-02 2.972527e+00 2.029244e-03 
2.972533e+00 3.326502e-02 2.972533e+00 3.349744e-03 
2.972540e+00 4.043184e-02 2.972540e+00 3.616683e-03 
2.972550e+00 5.043384e-02 2.972550e+00 5.834793e-03 
2.972560e+00 6.043584e-02 2.972560e+00 7.355061e-03 
2.972570e+00 7.043784e-02 2.972570e+00 1.188282e-02 
2.972575e+00 7.520166e-02 2.972575e+00 1.628392e-02 
2.972577e+00 7.786371e-02 2.972577e+00 2.224785e-02 
2.972579e+00 7.909216e-02 2.972579e+00 3.077386e-02 
2.972579e+00 7.962636e-02 2.972579e+00 5.519635e-02 
2.972580e+00 8.007665e-02 2.972580e+00 7.536259e-02 
2.972580e+00 8.019359e-02 2.972580e+00 7.691269e-02 
2.972580e+00 8.031156e-02 2.972580e+00 7.802118e-02 
2.972580e+00 8.037076e-02 2.972580e+00 7.838804e-02 
2.972580e+00 8.045208e-02 2.972580e+00 7.895113e-02 
2.972580e+00 8.053601e-02 2.972580e+00 7.932158e-02 
2.972580e+00 8.067430e-02 2.972580e+00 7.990999e-02 
2.972580e+00 8.080378e-02 2.972580e+00 8.020377e-02 
2.972580e+00 8.095267e-02 2.972580e+00 8.055588e-02 
2.972581e+00 8.109623e-02 2.972581e+00 8.072363e-02 
2.972581e+00 8.126567e-02 2.972581e+00 8.100000e-02 
2.972581e+00 8.145727e-02 2.972581e+00 8.116676e-02 
2.972581e+00 8.170477e-02 2.972581e+00 8.148537e-02 
2.972582e+00 8.202210e-02 2.972582e+00 8.175612e-02 
2.972582e+00 8.244452e-02 2.972582e+00 8.223488e-02 
2.972583e+00 8.307536e-02 2.972583e+00 8.281299e-02 
2.972584e+00 8.405301e-02 2.972584e+00 8.384521e-02 
2.972585e+00 8.600831e-02 2.972585e+00 8.574893e-02 
2.972589e+00 8.991892e-02 2.972589e+00 8.971669e-02 
2.972597e+00 9.774013e-02 2.972597e+00 9.749082e-02 
2.972607e+00 1.077421e-01 2.972607e+00 1.075530e-01 
2.972617e+00 1.177441e-01 2.972617e+00 1.175070e-01 
2.972627e+00 1.277461e-01 2.972627e+00 1.275670e-01 
2.972637e+00 1.377481e-01 2.972637e+00 1.375194e-01 
2.972647e+00 1.477501e-01 2.972647e+00 1.475781e-01 
2.972657e+00 1.577521e-01 2.972657e+00 1.575295e-01 
2.972667e+00 1.677541e-01 2.972667e+00 1.675873e-01 
2.972677e+00 1.777561e-01 2.972677e+00 1.775380e-01 
2.972687e+00 1.877581e-01 2.972687e+00 1.875953e-01 
2.972697e+00 1.977601e-01 2.972697e+00 1.975455e-01 
2.972707e+00 2.077621e-01 2.972707e+00 2.076023e-01 
2.972717e+00 2.177641e-01 2.972717e+00 2.175522e-01 
2.972727e+00 2.277661e-01 2.972727e+00 2.276087e-01 
2.972737e+00 2.377681e-01 2.972737e+00 2.375584e-01 
2.972747e+00 2.477701e-01 2.972747e+00 2.476146e-01 
2.972757e+00 2.577721e-01 2.972757e+00 2.575641e-01 
2.972767e+00 2.677741e-01 2.972767e+00 2.676201e-01 
2.972777e+00 2.777761e-01 2.972777e+00 2.775694e-01 
2.972787e+00 2.877781e-01 2.972787e+00 2.876253e-01 
2.972797e+00 2.977801e-01 2.972797e+00 2.975745e-01 
2.972807e+00 3.077821e-01 2.972807e+00 3.076302e-01 
2.972817e+00 3.177841e-01 2.972817e+00 3.175793e-01 
2.972827e+00 3.277861e-01 2.972827e+00 3.276350e-01 
2.972837e+00 3.377881e-01 2.972837e+00 3.375840e-01 
2.972847e+00 3.477901e-01 2.972847e+00 3.476395e-01 
2.972857e+00 3.577921e-01 2.972857e+00 3.575885e-01 
2.972867e+00 3.677941e-01 2.972867e+00 3.676439e-01 
2.972877e+00 3.777961e-01 2.972877e+00 3.775928e-01 
2.972887e+00 3.877981e-01 2.972887e+00 3.876482e-01 
2.972897e+00 3.978001e-01 2.972897e+00 3.975971e-01 
2.972907e+00 4.078021e-01 2.972907e+00 4.076524e-01 
2.972917e+00 4.178041e-01 2.972917e+00 4.176013e-01 
2.972927e+00 4.278061e-01 2.972927e+00 4.276566e-01 
2.972937e+00 4.378081e-01 2.972937e+00 4.376054e-01 
2.972947e+00 4.478101e-01 2.972947e+00 4.476606e-01 
2.972957e+00 4.578121e-01 2.972957e+00 4.576094e-01 
2.972967e+00 4.678141e-01 2.972967e+00 4.676646e-01 
2.972977e+00 4.778161e-01 2.972977e+00 4.776133e-01 
2.972987e+00 4.878181e-01 2.972987e+00 4.876685e-01 
2.972997e+00 4.978201e-01 2.972997e+00 4.976172e-01 
2.973007e+00 5.078221e-01 2.973007e+00 5.076723e-01 
2.973017e+00 5.178241e-01 2.973017e+00 5.176211e-01 
2.973027e+00 5.278261e-01 2.973027e+00 5.276762e-01 
2.973037e+00 5.378281e-01 2.973037e+00 5.376249e-01 
2.973047e+00 5.478301e-01 2.973047e+00 5.476799e-01 
2.973057e+00 5.578321e-01 2.973057e+00 5.576287e-01 
2.973067e+00 5.678341e-01 2.973067e+00 5.676837e-01 
2.973077e+00 5.778361e-01 2.973077e+00 5.776324e-01 
2.973087e+00 5.878381e-01 2.973087e+00 5.876874e-01 
2.973097e+00 5.978401e-01 2.973097e+00 5.976361e-01 
2.973107e+00 6.078421e-01 2.973107e+00 6.076911e-01 
2.973117e+00 6.178441e-01 2.973117e+00 6.176398e-01 
2.973127e+00 6.278461e-01 2.973127e+00 6.276947e-01 
2.973137e+00 6.378481e-01 2.973137e+00 6.376434e-01 
2.973147e+00 6.478502e-01 2.973147e+00 6.476983e-01 
2.973157e+00 6.578522e-01 2.973157e+00 6.576471e-01 
2.973167e+00 6.678542e-01 2.973167e+00 6.677020e-01 
2.973177e+00 6.778562e-01 2.973177e+00 6.776507e-01 
2.973187e+00 6.878582e-01 2.973187e+00 6.877055e-01 
2.973197e+00 6.978602e-01 2.973197e+00 6.976543e-01 
2.973207e+00 7.078622e-01 2.973207e+00 7.077091e-01 
2.973217e+00 7.178642e-01 2.973217e+00 7.176578e-01 
2.973227e+00 7.278662e-01 2.973227e+00 7.277127e-01 
2.973237e+00 7.378682e-01 2.973237e+00 7.376614e-01 
2.973247e+00 7.478702e-01 2.973247e+00 7.477162e-01 
2.973257e+00 7.578722e-01 2.973257e+00 7.576650e-01 
2.973267e+00 7.678742e-01 2.973267e+00 7.677197e-01 
2.973277e+00 7.778762e-01 2.973277e+00 7.776685e-01 
2.973287e+00 7.878782e-01 2.973287e+00 7.877232e-01 
2.973297e+00 7.978802e-01 2.973297e+00 7.976720e-01 
2.973307e+00 8.078822e-01 2.973307e+00 8.077267e-01 
2.973317e+00 8.178842e-01 2.973317e+00 8.176755e-01 
2.973327e+00 8.278862e-01 2.973327e+00 8.277302e-01 
2.973337e+00 8.378882e-01 2.973337e+00 8.376790e-01 
2.973347e+00 8.478902e-01 2.973347e+00 8.477337e-01 
2.973357e+00 8.578922e-01 2.973357e+00 8.576825e-01 
2.973367e+00 8.678942e-01 2.973367e+00 8.677372e-01 
2.973377e+00 8.778962e-01 2.973377e+00 8.776860e-01 
2.973387e+00 8.878982e-01 2.973387e+00 8.877406e-01 
2.973397e+00 8.979002e-01 2.973397e+00 8.976894e-01 
2.973407e+00 9.079022e-01 2.973407e+00 9.077441e-01 
2.973417e+00 9.179042e-01 2.973417e+00 9.176929e-01 
2.973427e+00 9.279062e-01 2.973427e+00 9.277475e-01 
2.973437e+00 9.379082e-01 2.973437e+00 9.376964e-01 
2.973447e+00 9.479102e-01 2.973447e+00 9.477510e-01 
2.973457e+00 9.579122e-01 2.973457e+00 9.576998e-01 
2.973467e+00 9.679142e-01 2.973467e+00 9.677544e-01 
2.973477e+00 9.779162e-01 2.973477e+00 9.777032e-01 
2.973487e+00 9.879182e-01 2.973487e+00 9.877578e-01 
2.973497e+00 9.979202e-01 2.973497e+00 9.977067e-01 
2.973507e+00 1.007922e+00 2.973507e+00 1.007761e+00 
2.973517e+00 1.017924e+00 2.973517e+00 1.017710e+00 
2.973527e+00 1.027926e+00 2.973527e+00 1.027765e+00 
2.973537e+00 1.037928e+00 2.973537e+00 1.037714e+00 
2.973547e+00 1.047930e+00 2.973547e+00 1.047768e+00 
2.973557e+00 1.057932e+00 2.973557e+00 1.057717e+00 
2.973567e+00 1.067934e+00 2.973567e+00 1.067771e+00 
2.973577e+00 1.077936e+00 2.973577e+00 1.077720e+00 
2.973587e+00 1.087938e+00 2.973587e+00 1.087775e+00 
2.973597e+00 1.097940e+00 2.973597e+00 1.097724e+00 
2.973607e+00 1.107942e+00 2.973607e+00 1.107778e+00 
2.973617e+00 1.117944e+00 2.973617e+00 1.117727e+00 
2.973627e+00 1.127946e+00 2.973627e+00 1.127782e+00 
2.973637e+00 1.137948e+00 2.973637e+00 1.137731e+00 
2.973647e+00 1.147950e+00 2.973647e+00 1.147785e+00 
2.973657e+00 1.157952e+00 2.973657e+00 1.157734e+00 
2.973667e+00 1.167954e+00 2.973667e+00 1.167788e+00 
2.973677e+00 1.177956e+00 2.973677e+00 1.177737e+00 
2.973687e+00 1.187958e+00 2.973687e+00 1.187792e+00 
2.973697e+00 1.197960e+00 2.973697e+00 1.197741e+00 
2.973707e+00 1.207962e+00 2.973707e+00 1.207795e+00 
2.973717e+00 1.217964e+00 2.973717e+00 1.217744e+00 
2.973727e+00 1.227966e+00 2.973727e+00 1.227799e+00 
2.973737e+00 1.237968e+00 2.973737e+00 1.237748e+00 
2.973747e+00 1.247970e+00 2.973747e+00 1.247802e+00 
2.973757e+00 1.257972e+00 2.973757e+00 1.257751e+00 
2.973767e+00 1.267974e+00 2.973767e+00 1.267805e+00 
2.973777e+00 1.277976e+00 2.973777e+00 1.277754e+00 
2.973787e+00 1.287978e+00 2.973787e+00 1.287809e+00 
2.973797e+00 1.297980e+00 2.973797e+00 1.297758e+00 
2.973807e+00 1.307982e+00 2.973807e+00 1.307812e+00 
2.973817e+00 1.317984e+00 2.973817e+00 1.317761e+00 
2.973827e+00 1.327986e+00 2.973827e+00 1.327815e+00 
2.973837e+00 1.337988e+00 2.973837e+00 1.337764e+00 
2.973847e+00 1.347990e+00 2.973847e+00 1.347819e+00 
2.973857e+00 1.357992e+00 2.973857e+00 1.357768e+00 
2.973867e+00 1.367994e+00 2.973867e+00 1.367822e+00 
2.973877e+00 1.377996e+00 2.973877e+00 1.377771e+00 
2.973887e+00 1.387998e+00 2.973887e+00 1.387825e+00 
2.973897e+00 1.398000e+00 2.973897e+00 1.397774e+00 
2.973907e+00 1.408002e+00 2.973907e+00 1.407829e+00 
2.973917e+00 1.418004e+00 2.973917e+00 1.417778e+00 
2.973927e+00 1.428006e+00 2.973927e+00 1.427832e+00 
2.973937e+00 1.438008e+00 2.973937e+00 1.437781e+00 
2.973947e+00 1.448010e+00 2.973947e+00 1.447835e+00 
2.973957e+00 1.458012e+00 2.973957e+00 1.457785e+00 
2.973967e+00 1.468014e+00 2.973967e+00 1.467839e+00 
2.973977e+00 1.478016e+00 2.973977e+00 1.477788e+00 
2.973987e+00 1.488018e+00 2.973987e+00 1.487842e+00 
2.973997e+00 1.498020e+00 2.973997e+00 1.497791e+00 
2.974007e+00 1.508022e+00 2.974007e+00 1.507845e+00 
2.974017e+00 1.518024e+00 2.974017e+00 1.517795e+00 
2.974027e+00 1.528026e+00 2.974027e+00 1.527849e+00 
2.974037e+00 1.538028e+00 2.974037e+00 1.537798e+00 
2.974047e+00 1.548030e+00 2.974047e+00 1.547852e+00 
2.974057e+00 1.558032e+00 2.974057e+00 1.557801e+00 
2.974067e+00 1.568034e+00 2.974067e+00 1.567855e+00 
2.974077e+00 1.578036e+00 2.974077e+00 1.577805e+00 
2.974087e+00 1.588038e+00 2.974087e+00 1.587859e+00 
2.974097e+00 1.598040e+00 2.974097e+00 1.597808e+00 
2.974107e+00 1.608042e+00 2.974107e+00 1.607862e+00 
2.974117e+00 1.618044e+00 2.974117e+00 1.617811e+00 
2.974127e+00 1.628046e+00 2.974127e+00 1.627865e+00 
2.974137e+00 1.638048e+00 2.974137e+00 1.637815e+00 
2.974147e+00 1.648050e+00 2.974147e+00 1.647869e+00 
2.974157e+00 1.658052e+00 2.974157e+00 1.657818e+00 
2.974167e+00 1.668054e+00 2.974167e+00 1.667872e+00 
2.974177e+00 1.678056e+00 2.974177e+00 1.677821e+00 
2.974187e+00 1.688058e+00 2.974187e+00 1.687875e+00 
2.974197e+00 1.698060e+00 2.974197e+00 1.697825e+00 
2.974207e+00 1.708062e+00 2.974207e+00 1.707879e+00 
2.974217e+00 1.718064e+00 2.974217e+00 1.717828e+00 
2.974227e+00 1.728066e+00 2.974227e+00 1.727882e+00 
2.974237e+00 1.738068e+00 2.974237e+00 1.737831e+00 
2.974247e+00 1.748070e+00 2.974247e+00 1.747885e+00 
2.974257e+00 1.758072e+00 2.974257e+00 1.757835e+00 
2.974267e+00 1.768074e+00 2.974267e+00 1.767889e+00 
2.974277e+00 1.778076e+00 2.974277e+00 1.777838e+00 
2.974287e+00 1.788078e+00 2.974287e+00 1.787892e+00 
2.974297e+00 1.798080e+00 2.974297e+00 1.797841e+00 
2.974307e+00 1.808082e+00 2.974307e+00 1.807895e+00 
2.974317e+00 1.818084e+00 2.974317e+00 1.817845e+00 
2.974327e+00 1.828086e+00 2.974327e+00 1.827899e+00 
2.974337e+00 1.838088e+00 2.974337e+00 1.837848e+00 
2.974347e+00 1.848090e+00 2.974347e+00 1.847902e+00 
2.974357e+00 1.858092e+00 2.974357e+00 1.857851e+00 
2.974367e+00 1.868094e+00 2.974367e+00 1.867905e+00 
2.974377e+00 1.878096e+00 2.974377e+00 1.877855e+00 
2.974387e+00 1.888098e+00 2.974387e+00 1.887909e+00 
2.974397e+00 1.898100e+00 2.974397e+00 1.897858e+00 
2.974407e+00 1.908102e+00 2.974407e+00 1.907912e+00 
2.974417e+00 1.918104e+00 2.974417e+00 1.917861e+00 
2.974427e+00 1.928106e+00 2.974427e+00 1.927915e+00 
2.974437e+00 1.938108e+00 2.974437e+00 1.937865e+00 
2.974447e+00 1.948110e+00 2.974447e+00 1.947919e+00 
2.974457e+00 1.958112e+00 2.974457e+00 1.957868e+00 
2.974467e+00 1.968114e+00 2.974467e+00 1.967922e+00 
2.974477e+00 1.978116e+00 2.974477e+00 1.977871e+00 
2.974487e+00 1.988118e+00 2.974487e+00 1.987925e+00 
2.974497e+00 1.998120e+00 2.974497e+00 1.997875e+00 
2.974507e+00 2.008122e+00 2.974507e+00 2.007929e+00 
2.974517e+00 2.018124e+00 2.974517e+00 2.017878e+00 
2.974527e+00 2.028126e+00 2.974527e+00 2.027932e+00 
2.974537e+00 2.038128e+00 2.974537e+00 2.037881e+00 
2.974547e+00 2.048130e+00 2.974547e+00 2.047935e+00 
2.974557e+00 2.058132e+00 2.974557e+00 2.057885e+00 
2.974567e+00 2.068134e+00 2.974567e+00 2.067938e+00 
2.974577e+00 2.078136e+00 2.974577e+00 2.077888e+00 
2.974587e+00 2.088138e+00 2.974587e+00 2.087942e+00 
2.974597e+00 2.098140e+00 2.974597e+00 2.097891e+00 
2.974607e+00 2.108142e+00 2.974607e+00 2.107945e+00 
2.974617e+00 2.118144e+00 2.974617e+00 2.117895e+00 
2.974627e+00 2.128146e+00 2.974627e+00 2.127948e+00 
2.974637e+00 2.138148e+00 2.974637e+00 2.137898e+00 
2.974647e+00 2.148150e+00 2.974647e+00 2.147952e+00 
2.974657e+00 2.158152e+00 2.974657e+00 2.157901e+00 
2.974667e+00 2.168154e+00 2.974667e+00 2.167955e+00 
2.974677e+00 2.178156e+00 2.974677e+00 2.177905e+00 
2.974687e+00 2.188158e+00 2.974687e+00 2.187958e+00 
2.974697e+00 2.198160e+00 2.974697e+00 2.197908e+00 
2.974707e+00 2.208162e+00 2.974707e+00 2.207962e+00 
2.974717e+00 2.218164e+00 2.974717e+00 2.217911e+00 
2.974727e+00 2.228166e+00 2.974727e+00 2.227965e+00 
2.974737e+00 2.238168e+00 2.974737e+00 2.237915e+00 
2.974747e+00 2.248170e+00 2.974747e+00 2.247968e+00 
2.974757e+00 2.258172e+00 2.974757e+00 2.257918e+00 
2.974767e+00 2.268174e+00 2.974767e+00 2.267972e+00 
2.974777e+00 2.278176e+00 2.974777e+00 2.277921e+00 
2.974787e+00 2.288178e+00 2.974787e+00 2.287975e+00 
2.974797e+00 2.298180e+00 2.974797e+00 2.297924e+00 
2.974807e+00 2.308182e+00 2.974807e+00 2.307978e+00 
2.974817e+00 2.318184e+00 2.974817e+00 2.317928e+00 
2.974827e+00 2.328186e+00 2.974827e+00 2.327981e+00 
2.974837e+00 2.338188e+00 2.974837e+00 2.337931e+00 
2.974847e+00 2.348190e+00 2.974847e+00 2.347985e+00 
2.974857e+00 2.358192e+00 2.974857e+00 2.357934e+00 
2.974867e+00 2.368194e+00 2.974867e+00 2.367988e+00 
2.974877e+00 2.378196e+00 2.974877e+00 2.377938e+00 
2.974887e+00 2.388198e+00 2.974887e+00 2.387991e+00 
2.974897e+00 2.398200e+00 2.974897e+00 2.397941e+00 
2.974907e+00 2.408202e+00 2.974907e+00 2.407995e+00 
2.974917e+00 2.418204e+00 2.974917e+00 2.417944e+00 
2.974927e+00 2.428206e+00 2.974927e+00 2.427998e+00 
2.974937e+00 2.438208e+00 2.974937e+00 2.437948e+00 
2.974947e+00 2.448210e+00 2.974947e+00 2.448001e+00 
2.974957e+00 2.458212e+00 2.974957e+00 2.457951e+00 
2.974967e+00 2.468214e+00 2.974967e+00 2.468005e+00 
2.974977e+00 2.478216e+00 2.974977e+00 2.477954e+00 
2.974987e+00 2.488218e+00 2.974987e+00 2.488008e+00 
2.974997e+00 2.498220e+00 2.974997e+00 2.497958e+00 
2.974999e+00 2.500000e+00 2.974999e+00 2.499789e+00 
2.974999e+00 2.500000e+00 2.974999e+00 2.499783e+00 
2.974999e+00 2.500000e+00 2.974999e+00 2.499774e+00 
2.974999e+00 2.500000e+00 2.974999e+00 2.499766e+00 
2.974999e+00 2.500000e+00 2.974999e+00 2.499765e+00 
2.974999e+00 2.500000e+00 2.974999e+00 2.499765e+00 
2.974999e+00 2.500000e+00 2.974999e+00 2.499765e+00 
2.974999e+00 2.499999e+00 2.974999e+00 2.499765e+00 
2.974999e+00 2.499999e+00 2.974999e+00 2.499765e+00 
2.974999e+00 2.499998e+00 2.974999e+00 2.499767e+00 
2.974999e+00 2.499995e+00 2.974999e+00 2.499769e+00 
2.974999e+00 2.499990e+00 2.974999e+00 2.499774e+00 
2.974999e+00 2.499980e+00 2.974999e+00 2.499784e+00 
2.974999e+00 2.499959e+00 2.974999e+00 2.499804e+00 
2.974999e+00 2.499918e+00 2.974999e+00 2.499836e+00 
2.974999e+00 2.499836e+00 2.974999e+00 2.499866e+00 
2.974999e+00 2.499752e+00 2.974999e+00 2.499847e+00 
2.974999e+00 2.499640e+00 2.974999e+00 2.499763e+00 
2.975000e+00 2.499499e+00 2.975000e+00 2.499612e+00 
2.975000e+00 2.499356e+00 2.975000e+00 2.499449e+00 
2.975000e+00 2.499158e+00 2.975000e+00 2.499241e+00 
2.975000e+00 2.498964e+00 2.975000e+00 2.499049e+00 
2.975000e+00 2.498576e+00 2.975000e+00 2.498665e+00 
2.975001e+00 2.498088e+00 2.975001e+00 2.498176e+00 
2.975002e+00 2.497382e+00 2.975002e+00 2.497469e+00 
2.975003e+00 2.495968e+00 2.975003e+00 2.496056e+00 
2.975006e+00 2.493141e+00 2.975006e+00 2.493229e+00 
2.975010e+00 2.488796e+00 2.975010e+00 2.488884e+00 
2.975019e+00 2.480106e+00 2.975019e+00 2.480194e+00 
2.975029e+00 2.470104e+00 2.975029e+00 2.470193e+00 
2.975039e+00 2.460102e+00 2.975039e+00 2.460191e+00 
2.975049e+00 2.450100e+00 2.975049e+00 2.450189e+00 
2.975059e+00 2.440098e+00 2.975059e+00 2.440187e+00 
2.975069e+00 2.430096e+00 2.975069e+00 2.430186e+00 
2.975079e+00 2.420094e+00 2.975079e+00 2.420184e+00 
2.975089e+00 2.410092e+00 2.975089e+00 2.410183e+00 
2.975099e+00 2.400090e+00 2.975099e+00 2.400181e+00 
2.975109e+00 2.390088e+00 2.975109e+00 2.390180e+00 
2.975119e+00 2.380086e+00 2.975119e+00 2.380178e+00 
2.975129e+00 2.370084e+00 2.975129e+00 2.370176e+00 
2.975139e+00 2.360082e+00 2.975139e+00 2.360174e+00 
2.975149e+00 2.350080e+00 2.975149e+00 2.350173e+00 
2.975159e+00 2.340078e+00 2.975159e+00 2.340171e+00 
2.975169e+00 2.330076e+00 2.975169e+00 2.330170e+00 
2.975179e+00 2.320074e+00 2.975179e+00 2.320168e+00 
2.975189e+00 2.310072e+00 2.975189e+00 2.310167e+00 
2.975199e+00 2.300070e+00 2.975199e+00 2.300165e+00 
2.975209e+00 2.290068e+00 2.975209e+00 2.290163e+00 
2.975219e+00 2.280066e+00 2.975219e+00 2.280161e+00 
2.975229e+00 2.270064e+00 2.975229e+00 2.270160e+00 
2.975239e+00 2.260062e+00 2.975239e+00 2.260158e+00 
2.975249e+00 2.250060e+00 2.975249e+00 2.250157e+00 
2.975259e+00 2.240058e+00 2.975259e+00 2.240155e+00 
2.975269e+00 2.230056e+00 2.975269e+00 2.230154e+00 
2.975279e+00 2.220054e+00 2.975279e+00 2.220152e+00 
2.975289e+00 2.210052e+00 2.975289e+00 2.210150e+00 
2.975299e+00 2.200050e+00 2.975299e+00 2.200149e+00 
2.975309e+00 2.190048e+00 2.975309e+00 2.190147e+00 
2.975319e+00 2.180046e+00 2.975319e+00 2.180145e+00 
2.975329e+00 2.170044e+00 2.975329e+00 2.170144e+00 
2.975339e+00 2.160042e+00 2.975339e+00 2.160142e+00 
2.975349e+00 2.150040e+00 2.975349e+00 2.150141e+00 
2.975359e+00 2.140038e+00 2.975359e+00 2.140139e+00 
2.975369e+00 2.130036e+00 2.975369e+00 2.130137e+00 
2.975379e+00 2.120034e+00 2.975379e+00 2.120136e+00 
2.975389e+00 2.110032e+00 2.975389e+00 2.110134e+00 
2.975399e+00 2.100030e+00 2.975399e+00 2.100132e+00 
2.975409e+00 2.090028e+00 2.975409e+00 2.090131e+00 
2.975419e+00 2.080026e+00 2.975419e+00 2.080129e+00 
2.975429e+00 2.070024e+00 2.975429e+00 2.070128e+00 
2.975439e+00 2.060022e+00 2.975439e+00 2.060126e+00 
2.975449e+00 2.050020e+00 2.975449e+00 2.050125e+00 
2.975459e+00 2.040018e+00 2.975459e+00 2.040123e+00 
2.975469e+00 2.030016e+00 2.975469e+00 2.030121e+00 
2.975479e+00 2.020014e+00 2.975479e+00 2.020120e+00 
2.975489e+00 2.010012e+00 2.975489e+00 2.010118e+00 
2.975499e+00 2.000010e+00 2.975499e+00 2.000116e+00 
2.975509e+00 1.990008e+00 2.975509e+00 1.990115e+00 
2.975519e+00 1.980006e+00 2.975519e+00 1.980113e+00 
2.975529e+00 1.970004e+00 2.975529e+00 1.970112e+00 
2.975539e+00 1.960002e+00 2.975539e+00 1.960110e+00 
2.975549e+00 1.950000e+00 2.975549e+00 1.950108e+00 
2.975559e+00 1.939998e+00 2.975559e+00 1.940107e+00 
2.975569e+00 1.929996e+00 2.975569e+00 1.930105e+00 
2.975579e+00 1.919994e+00 2.975579e+00 1.920104e+00 
2.975589e+00 1.909992e+00 2.975589e+00 1.910102e+00 
2.975599e+00 1.899990e+00 2.975599e+00 1.900100e+00 
2.975609e+00 1.889988e+00 2.975609e+00 1.890099e+00 
2.975619e+00 1.879986e+00 2.975619e+00 1.880097e+00 
2.975629e+00 1.869984e+00 2.975629e+00 1.870095e+00 
2.975639e+00 1.859982e+00 2.975639e+00 1.860094e+00 
2.975649e+00 1.849980e+00 2.975649e+00 1.850092e+00 
2.975659e+00 1.839978e+00 2.975659e+00 1.840091e+00 
2.975669e+00 1.829976e+00 2.975669e+00 1.830089e+00 
2.975679e+00 1.819974e+00 2.975679e+00 1.820087e+00 
2.975689e+00 1.809972e+00 2.975689e+00 1.810086e+00 
2.975699e+00 1.799970e+00 2.975699e+00 1.800084e+00 
2.975709e+00 1.789968e+00 2.975709e+00 1.790083e+00 
2.975719e+00 1.779966e+00 2.975719e+00 1.780081e+00 
2.975729e+00 1.769964e+00 2.975729e+00 1.770079e+00 
2.975739e+00 1.759962e+00 2.975739e+00 1.760078e+00 
2.975749e+00 1.749960e+00 2.975749e+00 1.750076e+00 
2.975759e+00 1.739958e+00 2.975759e+00 1.740075e+00 
2.975769e+00 1.729956e+00 2.975769e+00 1.730073e+00 
2.975779e+00 1.719954e+00 2.975779e+00 1.720071e+00 
2.975789e+00 1.709952e+00 2.975789e+00 1.710070e+00 
2.975799e+00 1.699950e+00 2.975799e+00 1.700068e+00 
2.975809e+00 1.689948e+00 2.975809e+00 1.690067e+00 
2.975819e+00 1.679946e+00 2.975819e+00 1.680065e+00 
2.975829e+00 1.669944e+00 2.975829e+00 1.670063e+00 
2.975839e+00 1.659942e+00 2.975839e+00 1.660062e+00 
2.975849e+00 1.649940e+00 2.975849e+00 1.650060e+00 
2.975859e+00 1.639938e+00 2.975859e+00 1.640059e+00 
2.975869e+00 1.629936e+00 2.975869e+00 1.630057e+00 
2.975879e+00 1.619934e+00 2.975879e+00 1.620055e+00 
2.975889e+00 1.609932e+00 2.975889e+00 1.610054e+00 
2.975899e+00 1.599930e+00 2.975899e+00 1.600052e+00 
2.975909e+00 1.589928e+00 2.975909e+00 1.590051e+00 
2.975919e+00 1.579926e+00 2.975919e+00 1.580049e+00 
2.975929e+00 1.569924e+00 2.975929e+00 1.570047e+00 
2.975939e+00 1.559922e+00 2.975939e+00 1.560046e+00 
2.975949e+00 1.549920e+00 2.975949e+00 1.550044e+00 
2.975959e+00 1.539918e+00 2.975959e+00 1.540043e+00 
2.975969e+00 1.529916e+00 2.975969e+00 1.530041e+00 
2.975979e+00 1.519914e+00 2.975979e+00 1.520039e+00 
2.975989e+00 1.509912e+00 2.975989e+00 1.510038e+00 
2.975999e+00 1.499910e+00 2.975999e+00 1.500036e+00 
2.976009e+00 1.489908e+00 2.976009e+00 1.490035e+00 
2.976019e+00 1.479906e+00 2.976019e+00 1.480033e+00 
2.976029e+00 1.469904e+00 2.976029e+00 1.470031e+00 
2.976039e+00 1.459902e+00 2.976039e+00 1.460030e+00 
2.976049e+00 1.449900e+00 2.976049e+00 1.450028e+00 
2.976059e+00 1.439898e+00 2.976059e+00 1.440027e+00 
2.976069e+00 1.429896e+00 2.976069e+00 1.430025e+00 
2.976079e+00 1.419894e+00 2.976079e+00 1.420023e+00 
2.976089e+00 1.409892e+00 2.976089e+00 1.410022e+00 
2.976099e+00 1.399890e+00 2.976099e+00 1.400020e+00 
2.976109e+00 1.389888e+00 2.976109e+00 1.390019e+00 
2.976119e+00 1.379886e+00 2.976119e+00 1.380017e+00 
2.976129e+00 1.369884e+00 2.976129e+00 1.370015e+00 
2.976139e+00 1.359882e+00 2.976139e+00 1.360014e+00 
2.976149e+00 1.349880e+00 2.976149e+00 1.350012e+00 
2.976159e+00 1.339878e+00 2.976159e+00 1.340011e+00 
2.976169e+00 1.329876e+00 2.976169e+00 1.330009e+00 
2.976179e+00 1.319874e+00 2.976179e+00 1.320008e+00 
2.976189e+00 1.309872e+00 2.976189e+00 1.310006e+00 
2.976199e+00 1.299870e+00 2.976199e+00 1.300004e+00 
2.976209e+00 1.289868e+00 2.976209e+00 1.290003e+00 
2.976219e+00 1.279866e+00 2.976219e+00 1.280001e+00 
2.976229e+00 1.269864e+00 2.976229e+00 1.270000e+00 
2.976239e+00 1.259862e+00 2.976239e+00 1.259998e+00 
2.976249e+00 1.249860e+00 2.976249e+00 1.249996e+00 
2.976259e+00 1.239858e+00 2.976259e+00 1.239995e+00 
2.976269e+00 1.229856e+00 2.976269e+00 1.229993e+00 
2.976279e+00 1.219854e+00 2.976279e+00 1.219992e+00 
2.976289e+00 1.209852e+00 2.976289e+00 1.209990e+00 
2.976299e+00 1.199850e+00 2.976299e+00 1.199989e+00 
2.976309e+00 1.189848e+00 2.976309e+00 1.189987e+00 
2.976319e+00 1.179846e+00 2.976319e+00 1.179985e+00 
2.976329e+00 1.169844e+00 2.976329e+00 1.169984e+00 
2.976339e+00 1.159842e+00 2.976339e+00 1.159982e+00 
2.976349e+00 1.149840e+00 2.976349e+00 1.149981e+00 
2.976359e+00 1.139838e+00 2.976359e+00 1.139979e+00 
2.976369e+00 1.129836e+00 2.976369e+00 1.129978e+00 
2.976379e+00 1.119834e+00 2.976379e+00 1.119976e+00 
2.976389e+00 1.109832e+00 2.976389e+00 1.109974e+00 
2.976399e+00 1.099830e+00 2.976399e+00 1.099973e+00 
2.976409e+00 1.089828e+00 2.976409e+00 1.089971e+00 
2.976419e+00 1.079826e+00 2.976419e+00 1.079970e+00 
2.976429e+00 1.069824e+00 2.976429e+00 1.069968e+00 
2.976439e+00 1.059822e+00 2.976439e+00 1.059967e+00 
2.976449e+00 1.049820e+00 2.976449e+00 1.049965e+00 
2.976459e+00 1.039818e+00 2.976459e+00 1.039963e+00 
2.976469e+00 1.029816e+00 2.976469e+00 1.029962e+00 
2.976479e+00 1.019814e+00 2.976479e+00 1.019960e+00 
2.976489e+00 1.009812e+00 2.976489e+00 1.009959e+00 
2.976499e+00 9.998096e-01 2.976499e+00 9.999573e-01 
2.976509e+00 9.898076e-01 2.976509e+00 9.899557e-01 
2.976519e+00 9.798056e-01 2.976519e+00 9.799542e-01 
2.976529e+00 9.698036e-01 2.976529e+00 9.699526e-01 
2.976539e+00 9.598016e-01 2.976539e+00 9.599511e-01 
2.976549e+00 9.497996e-01 2.976549e+00 9.499495e-01 
2.976559e+00 9.397976e-01 2.976559e+00 9.399480e-01 
2.976569e+00 9.297956e-01 2.976569e+00 9.299464e-01 
2.976579e+00 9.197936e-01 2.976579e+00 9.199449e-01 
2.976589e+00 9.097916e-01 2.976589e+00 9.099434e-01 
2.976599e+00 8.997896e-01 2.976599e+00 8.999418e-01 
2.976609e+00 8.897876e-01 2.976609e+00 8.899403e-01 
2.976619e+00 8.797856e-01 2.976619e+00 8.799388e-01 
2.976629e+00 8.697836e-01 2.976629e+00 8.699372e-01 
2.976639e+00 8.597816e-01 2.976639e+00 8.599357e-01 
2.976649e+00 8.497796e-01 2.976649e+00 8.499342e-01 
2.976659e+00 8.397776e-01 2.976659e+00 8.399327e-01 
2.976669e+00 8.297756e-01 2.976669e+00 8.299311e-01 
2.976679e+00 8.197736e-01 2.976679e+00 8.199296e-01 
2.976689e+00 8.097716e-01 2.976689e+00 8.099281e-01 
2.976699e+00 7.997696e-01 2.976699e+00 7.999266e-01 
2.976709e+00 7.897676e-01 2.976709e+00 7.899251e-01 
2.976719e+00 7.797656e-01 2.976719e+00 7.799236e-01 
2.976729e+00 7.697636e-01 2.976729e+00 7.699221e-01 
2.976739e+00 7.597616e-01 2.976739e+00 7.599206e-01 
2.976749e+00 7.497596e-01 2.976749e+00 7.499191e-01 
2.976759e+00 7.397576e-01 2.976759e+00 7.399176e-01 
2.976769e+00 7.297556e-01 2.976769e+00 7.299161e-01 
2.976779e+00 7.197536e-01 2.976779e+00 7.199146e-01 
2.976789e+00 7.097516e-01 2.976789e+00 7.099131e-01 
2.976799e+00 6.997496e-01 2.976799e+00 6.999117e-01 
2.976809e+00 6.897476e-01 2.976809e+00 6.899102e-01 
2.976819e+00 6.797456e-01 2.976819e+00 6.799087e-01 
2.976829e+00 6.697436e-01 2.976829e+00 6.699073e-01 
2.976839e+00 6.597416e-01 2.976839e+00 6.599058e-01 
2.976849e+00 6.497396e-01 2.976849e+00 6.499044e-01 
2.976859e+00 6.397376e-01 2.976859e+00 6.399029e-01 
2.976869e+00 6.297356e-01 2.976869e+00 6.299015e-01 
2.976879e+00 6.197336e-01 2.976879e+00 6.199000e-01 
2.976889e+00 6.097316e-01 2.976889e+00 6.098986e-01 
2.976899e+00 5.997296e-01 2.976899e+00 5.998972e-01 
2.976909e+00 5.897276e-01 2.976909e+00 5.898958e-01 
2.976919e+00 5.797256e-01 2.976919e+00 5.798944e-01 
2.976929e+00 5.697236e-01 2.976929e+00 5.698930e-01 
2.976939e+00 5.597216e-01 2.976939e+00 5.598916e-01 
2.976949e+00 5.497196e-01 2.976949e+00 5.498902e-01 
2.976959e+00 5.397176e-01 2.976959e+00 5.398888e-01 
2.976969e+00 5.297156e-01 2.976969e+00 5.298875e-01 
2.976979e+00 5.197136e-01 2.976979e+00 5.198861e-01 
2.976989e+00 5.097116e-01 2.976989e+00 5.098848e-01 
2.976999e+00 4.997096e-01 2.976999e+00 4.998834e-01 
2.977009e+00 4.897076e-01 2.977009e+00 4.898821e-01 
2.977019e+00 4.797056e-01 2.977019e+00 4.798808e-01 
2.977029e+00 4.697036e-01 2.977029e+00 4.698795e-01 
2.977039e+00 4.597016e-01 2.977039e+00 4.598782e-01 
2.977049e+00 4.496996e-01 2.977049e+00 4.498770e-01 
2.977059e+00 4.396976e-01 2.977059e+00 4.398757e-01 
2.977069e+00 4.296956e-01 2.977069e+00 4.298745e-01 
2.977079e+00 4.196936e-01 2.977079e+00 4.198733e-01 
2.977089e+00 4.096916e-01 2.977089e+00 4.098721e-01 
2.977099e+00 3.996896e-01 2.977099e+00 3.998709e-01 
2.977109e+00 3.896876e-01 2.977109e+00 3.898698e-01 
2.977119e+00 3.796856e-01 2.977119e+00 3.798687e-01 
2.977129e+00 3.696836e-01 2.977129e+00 3.698676e-01 
2.977139e+00 3.596816e-01 2.977139e+00 3.598665e-01 
2.977149e+00 3.496796e-01 2.977149e+00 3.498655e-01 
2.977159e+00 3.396776e-01 2.977159e+00 3.398645e-01 
2.977169e+00 3.296756e-01 2.977169e+00 3.298635e-01 
2.977179e+00 3.196736e-01 2.977179e+00 3.198626e-01 
2.977189e+00 3.096716e-01 2.977189e+00 3.098617e-01 
2.977199e+00 2.996696e-01 2.977199e+00 2.998609e-01 
2.977209e+00 2.896676e-01 2.977209e+00 2.898601e-01 
2.977219e+00 2.796656e-01 2.977219e+00 2.798594e-01 
2.977229e+00 2.696636e-01 2.977229e+00 2.698588e-01 
2.977239e+00 2.596616e-01 2.977239e+00 2.598582e-01 
2.977249e+00 2.496596e-01 2.977249e+00 2.498577e-01 
2.977259e+00 2.396576e-01 2.977259e+00 2.398574e-01 
2.977269e+00 2.296556e-01 2.977269e+00 2.298571e-01 
2.977279e+00 2.196536e-01 2.977279e+00 2.198569e-01 
2.977289e+00 2.096516e-01 2.977289e+00 2.098569e-01 
2.977299e+00 1.996496e-01 2.977299e+00 1.998570e-01 
2.977309e+00 1.896476e-01 2.977309e+00 1.898574e-01 
2.977319e+00 1.796456e-01 2.977319e+00 1.798579e-01 
2.977329e+00 1.696436e-01 2.977329e+00 1.698587e-01 
2.977339e+00 1.596416e-01 2.977339e+00 1.598598e-01 
2.977349e+00 1.496396e-01 2.977349e+00 1.498613e-01 
2.977359e+00 1.396376e-01 2.977359e+00 1.398631e-01 
2.977369e+00 1.296356e-01 2.977369e+00 1.298656e-01 
2.977379e+00 1.196336e-01 2.977379e+00 1.198686e-01 
2.977389e+00 1.096316e-01 2.977389e+00 1.098726e-01 
2.977399e+00 9.962960e-02 2.977399e+00 9.987758e-02 
2.977409e+00 8.962760e-02 2.977409e+00 8.988403e-02 
2.977419e+00 7.962560e-02 2.977419e+00 7.989245e-02 
2.977429e+00 6.962360e-02 2.977429e+00 6.990364e-02 
2.977439e+00 5.962159e-02 2.977439e+00 5.991892e-02 
2.977449e+00 4.961959e-02 2.977449e+00 4.994111e-02 
2.977459e+00 3.961759e-02 2.977459e+00 3.997312e-02 
2.977469e+00 2.961559e-02 2.977469e+00 3.002680e-02 
2.977479e+00 1.961359e-02 2.977479e+00 2.012516e-02 
2.977489e+00 9.611593e-03 2.977489e+00 1.035699e-02 
2.977495e+00 3.613868e-03 2.977495e+00 4.766885e-03 
2.977499e+00 -3.955647e-04 2.977499e+00 1.353190e-03 
2.977502e+00 -3.663584e-03 2.977502e+00 -9.816328e-04 
2.977505e+00 -6.781810e-03 2.977505e+00 -2.639776e-03 
2.977508e+00 -9.610976e-03 2.977508e+00 -3.686029e-03 
2.977511e+00 -1.236764e-02 2.977511e+00 -4.465745e-03 
2.977514e+00 -1.593106e-02 2.977514e+00 -5.277003e-03 
2.977521e+00 -2.245594e-02 2.977521e+00 -6.362341e-03 
2.977528e+00 -2.934240e-02 2.977528e+00 -6.980865e-03 
2.977538e+00 -3.903770e-02 2.977538e+00 -7.570597e-03 
2.977548e+00 -4.903970e-02 2.977548e+00 -7.731314e-03 
2.977558e+00 -5.904170e-02 2.977558e+00 -7.888492e-03 
2.977568e+00 -6.904370e-02 2.977568e+00 -7.774932e-03 
2.977573e+00 -7.440995e-02 2.977573e+00 -7.812692e-03 
2.977579e+00 -8.098699e-02 2.977579e+00 -3.735816e-03 
2.977581e+00 -8.261805e-02 2.977581e+00 8.315149e-04 
2.977583e+00 -8.433319e-02 2.977583e+00 -3.432426e-03 
2.977584e+00 -8.594682e-02 2.977584e+00 7.059218e-04 
2.977586e+00 -8.748542e-02 2.977586e+00 -3.169924e-03 
2.977588e+00 -8.930561e-02 2.977588e+00 5.728006e-04 
2.977590e+00 -9.136406e-02 2.977590e+00 -3.049357e-03 
2.977593e+00 -9.413531e-02 2.977593e+00 4.542520e-04 
2.977597e+00 -9.822722e-02 2.977597e+00 -2.995355e-03 
2.977604e+00 -1.055921e-01 2.977604e+00 3.833600e-04 
2.977614e+00 -1.155941e-01 2.977614e+00 -3.002694e-03 
2.977624e+00 -1.255961e-01 2.977624e+00 3.318828e-04 
2.977634e+00 -1.355981e-01 2.977634e+00 -3.002085e-03 
2.977644e+00 -1.456001e-01 2.977644e+00 2.944241e-04 
2.977654e+00 -1.556021e-01 2.977654e+00 -2.990461e-03 
2.977664e+00 -1.656041e-01 2.977664e+00 2.646439e-04 
2.977674e+00 -1.756061e-01 2.977674e+00 -2.973256e-03 
2.977684e+00 -1.856081e-01 2.977684e+00 2.388468e-04 
2.977694e+00 -1.956101e-01 2.977694e+00 -2.953476e-03 
2.977704e+00 -2.056121e-01 2.977704e+00 2.151182e-04 
2.977714e+00 -2.156141e-01 2.977714e+00 -2.932635e-03 
2.977724e+00 -2.256161e-01 2.977724e+00 1.925223e-04 
2.977734e+00 -2.356181e-01 2.977734e+00 -2.911459e-03 
2.977744e+00 -2.456201e-01 2.977744e+00 1.706137e-04 
2.977754e+00 -2.556221e-01 2.977754e+00 -2.890294e-03 
2.977764e+00 -2.656241e-01 2.977764e+00 1.491756e-04 
2.977774e+00 -2.756261e-01 2.977774e+00 -2.869278e-03 
2.977784e+00 -2.856281e-01 2.977784e+00 1.281232e-04 
2.977794e+00 -2.956301e-01 2.977794e+00 -2.848492e-03 
2.977804e+00 -3.056321e-01 2.977804e+00 1.073980e-04 
2.977814e+00 -3.156341e-01 2.977814e+00 -2.827967e-03 
2.977824e+00 -3.256361e-01 2.977824e+00 8.697613e-05 
2.977834e+00 -3.356381e-01 2.977834e+00 -2.807713e-03 
2.977844e+00 -3.456401e-01 2.977844e+00 6.684458e-05 
2.977854e+00 -3.556421e-01 2.977854e+00 -2.787733e-03 
2.977864e+00 -3.656441e-01 2.977864e+00 4.699518e-05 
2.977874e+00 -3.756461e-01 2.977874e+00 -2.768026e-03 
2.977884e+00 -3.856481e-01 2.977884e+00 2.742210e-05 
2.977894e+00 -3.956501e-01 2.977894e+00 -2.748592e-03 
2.977904e+00 -4.056521e-01 2.977904e+00 8.120637e-06 
2.977914e+00 -4.156541e-01 2.977914e+00 -2.729425e-03 
2.977924e+00 -4.256561e-01 2.977924e+00 -1.091337e-05 
2.977934e+00 -4.356581e-01 2.977934e+00 -2.710524e-03 
2.977944e+00 -4.456601e-01 2.977944e+00 -2.968380e-05 
2.977954e+00 -4.556621e-01 2.977954e+00 -2.691884e-03 
2.977964e+00 -4.656641e-01 2.977964e+00 -4.819441e-05 
2.977974e+00 -4.756661e-01 2.977974e+00 -2.673502e-03 
2.977984e+00 -4.856681e-01 2.977984e+00 -6.644882e-05 
2.977994e+00 -4.956701e-01 2.977994e+00 -2.655374e-03 
2.978004e+00 -5.056721e-01 2.978004e+00 -8.445060e-05 
2.978014e+00 -5.156741e-01 2.978014e+00 -2.637497e-03 
2.978024e+00 -5.256761e-01 2.978024e+00 -1.022033e-04 
2.978034e+00 -5.356781e-01 2.978034e+00 -2.619868e-03 
2.978044e+00 -5.456801e-01 2.978044e+00 -1.197102e-04 
2.978054e+00 -5.556821e-01 2.978054e+00 -2.602482e-03 
2.978064e+00 -5.656841e-01 2.978064e+00 -1.369749e-04 
2.978074e+00 -5.756861e-01 2.978074e+00 -2.585338e-03 
2.978084e+00 -5.856881e-01 2.978084e+00 -1.540007e-04 
2.978094e+00 -5.956901e-01 2.978094e+00 -2.568430e-03 
2.978104e+00 -6.056921e-01 2.978104e+00 -1.707909e-04 
2.978114e+00 -6.156941e-01 2.978114e+00 -2.551756e-03 
2.978124e+00 -6.256961e-01 2.978124e+00 -1.873487e-04 
2.978134e+00 -6.356981e-01 2.978134e+00 -2.535313e-03 
2.978144e+00 -6.457001e-01 2.978144e+00 -2.036774e-04 
2.978154e+00 -6.557021e-01 2.978154e+00 -2.519098e-03 
2.978164e+00 -6.657041e-01 2.978164e+00 -2.197801e-04 
2.978174e+00 -6.757061e-01 2.978174e+00 -2.503107e-03 
2.978184e+00 -6.857081e-01 2.978184e+00 -2.356600e-04 
2.978194e+00 -6.957101e-01 2.978194e+00 -2.487337e-03 
2.978204e+00 -7.057121e-01 2.978204e+00 -2.513201e-04 
2.978214e+00 -7.157141e-01 2.978214e+00 -2.471786e-03 
2.978224e+00 -7.257161e-01 2.978224e+00 -2.667635e-04 
2.978234e+00 -7.357181e-01 2.978234e+00 -2.456450e-03 
2.978244e+00 -7.457201e-01 2.978244e+00 -2.819932e-04 
2.978254e+00 -7.557221e-01 2.978254e+00 -2.441326e-03 
2.978264e+00 -7.657241e-01 2.978264e+00 -2.970122e-04 
2.978274e+00 -7.757261e-01 2.978274e+00 -2.426411e-03 
2.978284e+00 -7.857281e-01 2.978284e+00 -3.118233e-04 
2.978294e+00 -7.957302e-01 2.978294e+00 -2.411703e-03 
2.978304e+00 -8.057322e-01 2.978304e+00 -3.264294e-04 
2.978314e+00 -8.157342e-01 2.978314e+00 -2.397198e-03 
2.978324e+00 -8.257362e-01 2.978324e+00 -3.408334e-04 
2.978334e+00 -8.357382e-01 2.978334e+00 -2.382894e-03 
2.978344e+00 -8.457402e-01 2.978344e+00 -3.550381e-04 
2.978354e+00 -8.557422e-01 2.978354e+00 -2.368788e-03 
2.978364e+00 -8.657442e-01 2.978364e+00 -3.690462e-04 
2.978374e+00 -8.757462e-01 2.978374e+00 -2.354877e-03 
2.978384e+00 -8.857482e-01 2.978384e+00 -3.828604e-04 
2.978394e+00 -8.957502e-01 2.978394e+00 -2.341158e-03 
2.978404e+00 -9.057522e-01 2.978404e+00 -3.964835e-04 
2.978414e+00 -9.157542e-01 2.978414e+00 -2.327630e-03 
2.978424e+00 -9.257562e-01 2.978424e+00 -4.099181e-04 
2.978434e+00 -9.357582e-01 2.978434e+00 -2.314289e-03 
2.978444e+00 -9.457602e-01 2.978444e+00 -4.231667e-04 
2.978454e+00 -9.557622e-01 2.978454e+00 -2.301132e-03 
2.978464e+00 -9.657642e-01 2.978464e+00 -4.362320e-04 
2.978474e+00 -9.757662e-01 2.978474e+00 -2.288157e-03 
2.978484e+00 -9.857682e-01 2.978484e+00 -4.491165e-04 
2.978494e+00 -9.957702e-01 2.978494e+00 -2.275362e-03 
2.978504e+00 -1.005772e+00 2.978504e+00 -4.618227e-04 
2.978514e+00 -1.015774e+00 2.978514e+00 -2.262744e-03 
2.978524e+00 -1.025776e+00 2.978524e+00 -4.743531e-04 
2.978534e+00 -1.035778e+00 2.978534e+00 -2.250301e-03 
2.978544e+00 -1.045780e+00 2.978544e+00 -4.867100e-04 
2.978554e+00 -1.055782e+00 2.978554e+00 -2.238030e-03 
2.978564e+00 -1.065784e+00 2.978564e+00 -4.988960e-04 
2.978574e+00 -1.075786e+00 2.978574e+00 -2.225928e-03 
2.978584e+00 -1.085788e+00 2.978584e+00 -5.109133e-04 
2.978594e+00 -1.095790e+00 2.978594e+00 -2.213994e-03 
2.978604e+00 -1.105792e+00 2.978604e+00 -5.227643e-04 
2.978614e+00 -1.115794e+00 2.978614e+00 -2.202226e-03 
2.978624e+00 -1.125796e+00 2.978624e+00 -5.344513e-04 
2.978634e+00 -1.135798e+00 2.978634e+00 -2.190620e-03 
2.978644e+00 -1.145800e+00 2.978644e+00 -5.459766e-04 
2.978654e+00 -1.155802e+00 2.978654e+00 -2.179174e-03 
2.978664e+00 -1.165804e+00 2.978664e+00 -5.573424e-04 
2.978674e+00 -1.175806e+00 2.978674e+00 -2.167887e-03 
2.978684e+00 -1.185808e+00 2.978684e+00 -5.685509e-04 
2.978694e+00 -1.195810e+00 2.978694e+00 -2.156757e-03 
2.978704e+00 -1.205812e+00 2.978704e+00 -5.796043e-04 
2.978714e+00 -1.215814e+00 2.978714e+00 -2.145780e-03 
2.978724e+00 -1.225816e+00 2.978724e+00 -5.905047e-04 
2.978734e+00 -1.235818e+00 2.978734e+00 -2.134955e-03 
2.978744e+00 -1.245820e+00 2.978744e+00 -6.012543e-04 
2.978754e+00 -1.255822e+00 2.978754e+00 -2.124280e-03 
2.978764e+00 -1.265824e+00 2.978764e+00 -6.118552e-04 
2.978774e+00 -1.275826e+00 2.978774e+00 -2.113753e-03 
2.978784e+00 -1.285828e+00 2.978784e+00 -6.223093e-04 
2.978794e+00 -1.295830e+00 2.978794e+00 -2.103371e-03 
2.978804e+00 -1.305832e+00 2.978804e+00 -6.326188e-04 
2.978814e+00 -1.315834e+00 2.978814e+00 -2.093134e-03 
2.978824e+00 -1.325836e+00 2.978824e+00 -6.427855e-04 
2.978834e+00 -1.335838e+00 2.978834e+00 -2.083037e-03 
2.978844e+00 -1.345840e+00 2.978844e+00 -6.528116e-04 
2.978854e+00 -1.355842e+00 2.978854e+00 -2.073081e-03 
2.978864e+00 -1.365844e+00 2.978864e+00 -6.626990e-04 
2.978874e+00 -1.375846e+00 2.978874e+00 -2.063262e-03 
2.978884e+00 -1.385848e+00 2.978884e+00 -6.724495e-04 
2.978894e+00 -1.395850e+00 2.978894e+00 -2.053579e-03 
2.978904e+00 -1.405852e+00 2.978904e+00 -6.820651e-04 
2.978914e+00 -1.415854e+00 2.978914e+00 -2.044030e-03 
2.978924e+00 -1.425856e+00 2.978924e+00 -6.915476e-04 
2.978934e+00 -1.435858e+00 2.978934e+00 -2.034614e-03 
2.978944e+00 -1.445860e+00 2.978944e+00 -7.008989e-04 
2.978954e+00 -1.455862e+00 2.978954e+00 -2.025327e-03 
2.978964e+00 -1.465864e+00 2.978964e+00 -7.101208e-04 
2.978974e+00 -1.475866e+00 2.978974e+00 -2.016169e-03 
2.978984e+00 -1.485868e+00 2.978984e+00 -7.192151e-04 
2.978994e+00 -1.495870e+00 2.978994e+00 -2.007138e-03 
2.979004e+00 -1.505872e+00 2.979004e+00 -7.281835e-04 
2.979014e+00 -1.515874e+00 2.979014e+00 -1.998232e-03 
2.979024e+00 -1.525876e+00 2.979024e+00 -7.370278e-04 
2.979034e+00 -1.535878e+00 2.979034e+00 -1.989449e-03 
2.979044e+00 -1.545880e+00 2.979044e+00 -7.457497e-04 
2.979054e+00 -1.555882e+00 2.979054e+00 -1.980788e-03 
2.979064e+00 -1.565884e+00 2.979064e+00 -7.543510e-04 
2.979074e+00 -1.575886e+00 2.979074e+00 -1.972246e-03 
2.979084e+00 -1.585888e+00 2.979084e+00 -7.628332e-04 
2.979094e+00 -1.595890e+00 2.979094e+00 -1.963823e-03 
2.979104e+00 -1.605892e+00 2.979104e+00 -7.711980e-04 
2.979114e+00 -1.615894e+00 2.979114e+00 -1.955516e-03 
2.979124e+00 -1.625896e+00 2.979124e+00 -7.794470e-04 
2.979134e+00 -1.635898e+00 2.979134e+00 -1.947324e-03 
2.979144e+00 -1.645900e+00 2.979144e+00 -7.875819e-04 
2.979154e+00 -1.655902e+00 2.979154e+00 -1.939246e-03 
2.979164e+00 -1.665904e+00 2.979164e+00 -7.956043e-04 
2.979174e+00 -1.675906e+00 2.979174e+00 -1.931279e-03 
2.979184e+00 -1.685908e+00 2.979184e+00 -8.035156e-04 
2.979194e+00 -1.695910e+00 2.979194e+00 -1.923423e-03 
2.979204e+00 -1.705912e+00 2.979204e+00 -8.113174e-04 
2.979214e+00 -1.715914e+00 2.979214e+00 -1.915675e-03 
2.979224e+00 -1.725916e+00 2.979224e+00 -8.190112e-04 
2.979234e+00 -1.735918e+00 2.979234e+00 -1.908035e-03 
2.979244e+00 -1.745920e+00 2.979244e+00 -8.265986e-04 
2.979254e+00 -1.755922e+00 2.979254e+00 -1.900500e-03 
2.979264e+00 -1.765924e+00 2.979264e+00 -8.340810e-04 
2.979274e+00 -1.775926e+00 2.979274e+00 -1.893070e-03 
2.979284e+00 -1.785928e+00 2.979284e+00 -8.414599e-04 
2.979294e+00 -1.795930e+00 2.979294e+00 -1.885742e-03 
2.979304e+00 -1.805932e+00 2.979304e+00 -8.487366e-04 
2.979314e+00 -1.815934e+00 2.979314e+00 -1.878516e-03 
2.979324e+00 -1.825936e+00 2.979324e+00 -8.559126e-04 
2.979334e+00 -1.835938e+00 2.979334e+00 -1.871390e-03 
2.979344e+00 -1.845940e+00 2.979344e+00 -8.629894e-04 
2.979354e+00 -1.855942e+00 2.979354e+00 -1.864362e-03 
2.979364e+00 -1.865944e+00 2.979364e+00 -8.699682e-04 
2.979374e+00 -1.875946e+00 2.979374e+00 -1.857432e-03 
2.979384e+00 -1.885948e+00 2.979384e+00 -8.768504e-04 
2.979394e+00 -1.895950e+00 2.979394e+00 -1.850597e-03 
2.979404e+00 -1.905952e+00 2.979404e+00 -8.836374e-04 
2.979414e+00 -1.915954e+00 2.979414e+00 -1.843857e-03 
2.979424e+00 -1.925956e+00 2.979424e+00 -8.903304e-04 
2.979434e+00 -1.935958e+00 2.979434e+00 -1.837211e-03 
2.979444e+00 -1.945960e+00 2.979444e+00 -8.969308e-04 
2.979454e+00 -1.955962e+00 2.979454e+00 -1.830656e-03 
2.979464e+00 -1.965964e+00 2.979464e+00 -9.034399e-04 
2.979474e+00 -1.975966e+00 2.979474e+00 -1.824192e-03 
2.979484e+00 -1.985968e+00 2.979484e+00 -9.098590e-04 
2.979494e+00 -1.995970e+00 2.979494e+00 -1.817818e-03 
2.979504e+00 -2.005972e+00 2.979504e+00 -9.161891e-04 
2.979514e+00 -2.015974e+00 2.979514e+00 -1.811532e-03 
2.979524e+00 -2.025976e+00 2.979524e+00 -9.224317e-04 
2.979534e+00 -2.035978e+00 2.979534e+00 -1.805332e-03 
2.979544e+00 -2.045980e+00 2.979544e+00 -9.285879e-04 
2.979554e+00 -2.055982e+00 2.979554e+00 -1.799219e-03 
2.979564e+00 -2.065984e+00 2.979564e+00 -9.346589e-04 
2.979574e+00 -2.075986e+00 2.979574e+00 -1.793190e-03 
2.979584e+00 -2.085988e+00 2.979584e+00 -9.406459e-04 
2.979594e+00 -2.095990e+00 2.979594e+00 -1.787245e-03 
2.979604e+00 -2.105992e+00 2.979604e+00 -9.465501e-04 
2.979614e+00 -2.115994e+00 2.979614e+00 -1.781382e-03 
2.979624e+00 -2.125996e+00 2.979624e+00 -9.523725e-04 
2.979634e+00 -2.135998e+00 2.979634e+00 -1.775599e-03 
2.979644e+00 -2.146000e+00 2.979644e+00 -9.581144e-04 
2.979654e+00 -2.156002e+00 2.979654e+00 -1.769897e-03 
2.979664e+00 -2.166004e+00 2.979664e+00 -9.637768e-04 
2.979674e+00 -2.176006e+00 2.979674e+00 -1.764274e-03 
2.979684e+00 -2.186008e+00 2.979684e+00 -9.693608e-04 
2.979694e+00 -2.196010e+00 2.979694e+00 -1.758729e-03 
2.979704e+00 -2.206012e+00 2.979704e+00 -9.748676e-04 
2.979714e+00 -2.216014e+00 2.979714e+00 -1.753261e-03 
2.979724e+00 -2.226016e+00 2.979724e+00 -9.802981e-04 
2.979734e+00 -2.236018e+00 2.979734e+00 -1.747868e-03 
2.979744e+00 -2.246020e+00 2.979744e+00 -9.856535e-04 
2.979754e+00 -2.256022e+00 2.979754e+00 -1.742550e-03 
2.979764e+00 -2.266024e+00 2.979764e+00 -9.909348e-04 
2.979774e+00 -2.276026e+00 2.979774e+00 -1.737305e-03 
2.979784e+00 -2.286028e+00 2.979784e+00 -9.961431e-04 
2.979794e+00 -2.296030e+00 2.979794e+00 -1.732133e-03 
2.979804e+00 -2.306032e+00 2.979804e+00 -1.001279e-03 
2.979814e+00 -2.316034e+00 2.979814e+00 -1.727032e-03 
2.979824e+00 -2.326036e+00 2.979824e+00 -1.006344e-03 
2.979834e+00 -2.336038e+00 2.979834e+00 -1.722002e-03 
2.979844e+00 -2.346040e+00 2.979844e+00 -1.011339e-03 
2.979854e+00 -2.356042e+00 2.979854e+00 -1.717042e-03 
2.979864e+00 -2.366044e+00 2.979864e+00 -1.016265e-03 
2.979874e+00 -2.376046e+00 2.979874e+00 -1.712151e-03 
2.979884e+00 -2.386048e+00 2.979884e+00 -1.021123e-03 
2.979894e+00 -2.396050e+00 2.979894e+00 -1.707327e-03 
2.979904e+00 -2.406052e+00 2.979904e+00 -1.025913e-03 
2.979914e+00 -2.416054e+00 2.979914e+00 -1.702569e-03 
2.979924e+00 -2.426056e+00 2.979924e+00 -1.030637e-03 
2.979934e+00 -2.436058e+00 2.979934e+00 -1.697878e-03 
2.979944e+00 -2.446060e+00 2.979944e+00 -1.035296e-03 
2.979954e+00 -2.456062e+00 2.979954e+00 -1.693252e-03 
2.979964e+00 -2.466064e+00 2.979964e+00 -1.039890e-03 
2.979974e+00 -2.476066e+00 2.979974e+00 -1.688689e-03 
2.979984e+00 -2.486068e+00 2.979984e+00 -1.044421e-03 
2.979994e+00 -2.496070e+00 2.979994e+00 -1.684190e-03 
2.979998e+00 -2.500000e+00 2.979998e+00 -1.052299e-03 
2.979998e+00 -2.500000e+00 2.979998e+00 -1.340179e-03 
2.979999e+00 -2.500000e+00 2.979999e+00 -1.386627e-03 
2.979999e+00 -2.500000e+00 2.979999e+00 -1.345996e-03 
2.980000e+00 -2.500000e+00 2.980000e+00 -1.382723e-03 
2.980000e+00 -2.499840e+00 2.980000e+00 -1.367125e-03 
2.980000e+00 -2.499520e+00 2.980000e+00 -1.364061e-03 
2.980001e+00 -2.498880e+00 2.980001e+00 -1.366651e-03 
2.980002e+00 -2.497601e+00 2.980002e+00 -1.364267e-03 
2.980005e+00 -2.495041e+00 2.980005e+00 -1.366554e-03 
2.980010e+00 -2.489923e+00 2.980010e+00 -1.364313e-03 
2.980020e+00 -2.479921e+00 2.980020e+00 -1.366531e-03 
2.980030e+00 -2.469919e+00 2.980030e+00 -1.364329e-03 
2.980040e+00 -2.459917e+00 2.980040e+00 -1.366516e-03 
2.980050e+00 -2.449915e+00 2.980050e+00 -1.364344e-03 
2.980060e+00 -2.439913e+00 2.980060e+00 -1.366501e-03 
2.980070e+00 -2.429911e+00 2.980070e+00 -1.364359e-03 
2.980080e+00 -2.419909e+00 2.980080e+00 -1.366486e-03 
2.980090e+00 -2.409907e+00 2.980090e+00 -1.364374e-03 
2.980100e+00 -2.399905e+00 2.980100e+00 -1.366472e-03 
2.980110e+00 -2.389903e+00 2.980110e+00 -1.364388e-03 
2.980120e+00 -2.379901e+00 2.980120e+00 -1.366457e-03 
2.980130e+00 -2.369899e+00 2.980130e+00 -1.364403e-03 
2.980140e+00 -2.359897e+00 2.980140e+00 -1.366443e-03 
2.980150e+00 -2.349895e+00 2.980150e+00 -1.364417e-03 
2.980160e+00 -2.339893e+00 2.980160e+00 -1.366429e-03 
2.980170e+00 -2.329891e+00 2.980170e+00 -1.364431e-03 
2.980180e+00 -2.319889e+00 2.980180e+00 -1.366415e-03 
2.980190e+00 -2.309887e+00 2.980190e+00 -1.364445e-03 
2.980200e+00 -2.299885e+00 2.980200e+00 -1.366401e-03 
2.980210e+00 -2.289883e+00 2.980210e+00 -1.364458e-03 
2.980220e+00 -2.279881e+00 2.980220e+00 -1.366388e-03 
2.980230e+00 -2.269879e+00 2.980230e+00 -1.364472e-03 
2.980240e+00 -2.259877e+00 2.980240e+00 -1.366374e-03 
2.980250e+00 -2.249875e+00 2.980250e+00 -1.364485e-03 
2.980260e+00 -2.239873e+00 2.980260e+00 -1.366361e-03 
2.980270e+00 -2.229871e+00 2.980270e+00 -1.364498e-03 
2.980280e+00 -2.219869e+00 2.980280e+00 -1.366348e-03 
2.980290e+00 -2.209867e+00 2.980290e+00 -1.364511e-03 
2.980300e+00 -2.199865e+00 2.980300e+00 -1.366336e-03 
2.980310e+00 -2.189863e+00 2.980310e+00 -1.364523e-03 
2.980320e+00 -2.179861e+00 2.980320e+00 -1.366323e-03 
2.980330e+00 -2.169859e+00 2.980330e+00 -1.364536e-03 
2.980340e+00 -2.159857e+00 2.980340e+00 -1.366311e-03 
2.980350e+00 -2.149855e+00 2.980350e+00 -1.364548e-03 
2.980360e+00 -2.139853e+00 2.980360e+00 -1.366298e-03 
2.980370e+00 -2.129851e+00 2.980370e+00 -1.364560e-03 
2.980380e+00 -2.119849e+00 2.980380e+00 -1.366286e-03 
2.980390e+00 -2.109847e+00 2.980390e+00 -1.364572e-03 
2.980400e+00 -2.099845e+00 2.980400e+00 -1.366274e-03 
2.980410e+00 -2.089843e+00 2.980410e+00 -1.364584e-03 
2.980420e+00 -2.079841e+00 2.980420e+00 -1.366263e-03 
2.980430e+00 -2.069839e+00 2.980430e+00 -1.364596e-03 
2.980440e+00 -2.059837e+00 2.980440e+00 -1.366251e-03 
2.980450e+00 -2.049835e+00 2.980450e+00 -1.364607e-03 
2.980460e+00 -2.039833e+00 2.980460e+00 -1.366240e-03 
2.980470e+00 -2.029831e+00 2.980470e+00 -1.364619e-03 
2.980480e+00 -2.019829e+00 2.980480e+00 -1.366228e-03 
2.980490e+00 -2.009827e+00 2.980490e+00 -1.364630e-03 
2.980500e+00 -1.999825e+00 2.980500e+00 -1.366217e-03 
2.980510e+00 -1.989823e+00 2.980510e+00 -1.364641e-03 
2.980520e+00 -1.979821e+00 2.980520e+00 -1.366206e-03 
2.980530e+00 -1.969819e+00 2.980530e+00 -1.364652e-03 
2.980540e+00 -1.959817e+00 2.980540e+00 -1.366196e-03 
2.980550e+00 -1.949815e+00 2.980550e+00 -1.364662e-03 
2.980560e+00 -1.939813e+00 2.980560e+00 -1.366185e-03 
2.980570e+00 -1.929811e+00 2.980570e+00 -1.364673e-03 
2.980580e+00 -1.919809e+00 2.980580e+00 -1.366174e-03 
2.980590e+00 -1.909807e+00 2.980590e+00 -1.364683e-03 
2.980600e+00 -1.899805e+00 2.980600e+00 -1.366164e-03 
2.980610e+00 -1.889803e+00 2.980610e+00 -1.364694e-03 
2.980620e+00 -1.879801e+00 2.980620e+00 -1.366154e-03 
2.980630e+00 -1.869799e+00 2.980630e+00 -1.364704e-03 
2.980640e+00 -1.859797e+00 2.980640e+00 -1.366144e-03 
2.980650e+00 -1.849795e+00 2.980650e+00 -1.364714e-03 
2.980660e+00 -1.839793e+00 2.980660e+00 -1.366134e-03 
2.980670e+00 -1.829791e+00 2.980670e+00 -1.364724e-03 
2.980680e+00 -1.819789e+00 2.980680e+00 -1.366124e-03 
2.980690e+00 -1.809787e+00 2.980690e+00 -1.364733e-03 
2.980700e+00 -1.799785e+00 2.980700e+00 -1.366114e-03 
2.980710e+00 -1.789783e+00 2.980710e+00 -1.364743e-03 
2.980720e+00 -1.779781e+00 2.980720e+00 -1.366105e-03 
2.980730e+00 -1.769779e+00 2.980730e+00 -1.364752e-03 
2.980740e+00 -1.759777e+00 2.980740e+00 -1.366095e-03 
2.980750e+00 -1.749775e+00 2.980750e+00 -1.364762e-03 
2.980760e+00 -1.739773e+00 2.980760e+00 -1.366086e-03 
2.980770e+00 -1.729771e+00 2.980770e+00 -1.364771e-03 
2.980780e+00 -1.719769e+00 2.980780e+00 -1.366077e-03 
2.980790e+00 -1.709767e+00 2.980790e+00 -1.364780e-03 
2.980800e+00 -1.699765e+00 2.980800e+00 -1.366068e-03 
2.980810e+00 -1.689763e+00 2.980810e+00 -1.364789e-03 
2.980820e+00 -1.679761e+00 2.980820e+00 -1.366059e-03 
2.980830e+00 -1.669759e+00 2.980830e+00 -1.364798e-03 
2.980840e+00 -1.659757e+00 2.980840e+00 -1.366050e-03 
2.980850e+00 -1.649755e+00 2.980850e+00 -1.364806e-03 
2.980860e+00 -1.639753e+00 2.980860e+00 -1.366042e-03 
2.980870e+00 -1.629751e+00 2.980870e+00 -1.364815e-03 
2.980880e+00 -1.619749e+00 2.980880e+00 -1.366033e-03 
2.980890e+00 -1.609747e+00 2.980890e+00 -1.364823e-03 
2.980900e+00 -1.599745e+00 2.980900e+00 -1.366025e-03 
2.980910e+00 -1.589743e+00 2.980910e+00 -1.364832e-03 
2.980920e+00 -1.579741e+00 2.980920e+00 -1.366017e-03 
2.980930e+00 -1.569739e+00 2.980930e+00 -1.364840e-03 
2.980940e+00 -1.559737e+00 2.980940e+00 -1.366008e-03 
2.980950e+00 -1.549735e+00 2.980950e+00 -1.364848e-03 
2.980960e+00 -1.539733e+00 2.980960e+00 -1.366000e-03 
2.980970e+00 -1.529731e+00 2.980970e+00 -1.364856e-03 
2.980980e+00 -1.519729e+00 2.980980e+00 -1.365992e-03 
2.980990e+00 -1.509727e+00 2.980990e+00 -1.364864e-03 
2.981000e+00 -1.499725e+00 2.981000e+00 -1.365985e-03 
2.981010e+00 -1.489723e+00 2.981010e+00 -1.364872e-03 
2.981020e+00 -1.479721e+00 2.981020e+00 -1.365977e-03 
2.981030e+00 -1.469719e+00 2.981030e+00 -1.364879e-03 
2.981040e+00 -1.459717e+00 2.981040e+00 -1.365969e-03 
2.981050e+00 -1.449715e+00 2.981050e+00 -1.364887e-03 
2.981060e+00 -1.439713e+00 2.981060e+00 -1.365962e-03 
2.981070e+00 -1.429711e+00 2.981070e+00 -1.364895e-03 
2.981080e+00 -1.419709e+00 2.981080e+00 -1.365954e-03 
2.981090e+00 -1.409707e+00 2.981090e+00 -1.364902e-03 
2.981100e+00 -1.399705e+00 2.981100e+00 -1.365947e-03 
2.981110e+00 -1.389703e+00 2.981110e+00 -1.364909e-03 
2.981120e+00 -1.379701e+00 2.981120e+00 -1.365940e-03 
2.981130e+00 -1.369699e+00 2.981130e+00 -1.364916e-03 
2.981140e+00 -1.359697e+00 2.981140e+00 -1.365933e-03 
2.981150e+00 -1.349695e+00 2.981150e+00 -1.364923e-03 
2.981160e+00 -1.339693e+00 2.981160e+00 -1.365926e-03 
2.981170e+00 -1.329691e+00 2.981170e+00 -1.364930e-03 
2.981180e+00 -1.319689e+00 2.981180e+00 -1.365919e-03 
2.981190e+00 -1.309687e+00 2.981190e+00 -1.364937e-03 
2.981200e+00 -1.299685e+00 2.981200e+00 -1.365912e-03 
2.981210e+00 -1.289683e+00 2.981210e+00 -1.364944e-03 
2.981220e+00 -1.279681e+00 2.981220e+00 -1.365905e-03 
2.981230e+00 -1.269679e+00 2.981230e+00 -1.364951e-03 
2.981240e+00 -1.259677e+00 2.981240e+00 -1.365899e-03 
2.981250e+00 -1.249675e+00 2.981250e+00 -1.364957e-03 
2.981260e+00 -1.239673e+00 2.981260e+00 -1.365892e-03 
2.981270e+00 -1.229671e+00 2.981270e+00 -1.364964e-03 
2.981280e+00 -1.219669e+00 2.981280e+00 -1.365886e-03 
2.981290e+00 -1.209667e+00 2.981290e+00 -1.364970e-03 
2.981300e+00 -1.199665e+00 2.981300e+00 -1.365879e-03 
2.981310e+00 -1.189663e+00 2.981310e+00 -1.364976e-03 
2.981320e+00 -1.179661e+00 2.981320e+00 -1.365873e-03 
2.981330e+00 -1.169659e+00 2.981330e+00 -1.364983e-03 
2.981340e+00 -1.159657e+00 2.981340e+00 -1.365867e-03 
2.981350e+00 -1.149655e+00 2.981350e+00 -1.364989e-03 
2.981360e+00 -1.139653e+00 2.981360e+00 -1.365861e-03 
2.981370e+00 -1.129651e+00 2.981370e+00 -1.364995e-03 
2.981380e+00 -1.119649e+00 2.981380e+00 -1.365855e-03 
2.981390e+00 -1.109647e+00 2.981390e+00 -1.365001e-03 
2.981400e+00 -1.099645e+00 2.981400e+00 -1.365849e-03 
2.981410e+00 -1.089643e+00 2.981410e+00 -1.365007e-03 
2.981420e+00 -1.079641e+00 2.981420e+00 -1.365843e-03 
2.981430e+00 -1.069639e+00 2.981430e+00 -1.365012e-03 
2.981440e+00 -1.059637e+00 2.981440e+00 -1.365837e-03 
2.981450e+00 -1.049635e+00 2.981450e+00 -1.365018e-03 
2.981460e+00 -1.039633e+00 2.981460e+00 -1.365831e-03 
2.981470e+00 -1.029631e+00 2.981470e+00 -1.365024e-03 
2.981480e+00 -1.019629e+00 2.981480e+00 -1.365826e-03 
2.981490e+00 -1.009627e+00 2.981490e+00 -1.365029e-03 
2.981500e+00 -9.996250e-01 2.981500e+00 -1.365820e-03 
2.981510e+00 -9.896230e-01 2.981510e+00 -1.365035e-03 
2.981520e+00 -9.796210e-01 2.981520e+00 -1.365815e-03 
2.981530e+00 -9.696190e-01 2.981530e+00 -1.365040e-03 
2.981540e+00 -9.596170e-01 2.981540e+00 -1.365809e-03 
2.981550e+00 -9.496150e-01 2.981550e+00 -1.365046e-03 
2.981560e+00 -9.396130e-01 2.981560e+00 -1.365804e-03 
2.981570e+00 -9.296110e-01 2.981570e+00 -1.365051e-03 
2.981580e+00 -9.196090e-01 2.981580e+00 -1.365799e-03 
2.981590e+00 -9.096070e-01 2.981590e+00 -1.365056e-03 
2.981600e+00 -8.996050e-01 2.981600e+00 -1.365794e-03 
2.981610e+00 -8.896030e-01 2.981610e+00 -1.365061e-03 
2.981620e+00 -8.796010e-01 2.981620e+00 -1.365789e-03 
2.981630e+00 -8.695990e-01 2.981630e+00 -1.365066e-03 
2.981640e+00 -8.595970e-01 2.981640e+00 -1.365784e-03 
2.981650e+00 -8.495950e-01 2.981650e+00 -1.365071e-03 
2.981660e+00 -8.395930e-01 2.981660e+00 -1.365779e-03 
2.981670e+00 -8.295910e-01 2.981670e+00 -1.365076e-03 
2.981680e+00 -8.195890e-01 2.981680e+00 -1.365774e-03 
2.981690e+00 -8.095870e-01 2.981690e+00 -1.365081e-03 
2.981700e+00 -7.995850e-01 2.981700e+00 -1.365769e-03 
2.981710e+00 -7.895830e-01 2.981710e+00 -1.365086e-03 
2.981720e+00 -7.795810e-01 2.981720e+00 -1.365764e-03 
2.981730e+00 -7.695790e-01 2.981730e+00 -1.365090e-03 
2.981740e+00 -7.595770e-01 2.981740e+00 -1.365760e-03 
2.981750e+00 -7.495750e-01 2.981750e+00 -1.365095e-03 
2.981760e+00 -7.395730e-01 2.981760e+00 -1.365755e-03 
2.981770e+00 -7.295710e-01 2.981770e+00 -1.365100e-03 
2.981780e+00 -7.195690e-01 2.981780e+00 -1.365750e-03 
2.981790e+00 -7.095670e-01 2.981790e+00 -1.365104e-03 
2.981800e+00 -6.995650e-01 2.981800e+00 -1.365746e-03 
2.981810e+00 -6.895630e-01 2.981810e+00 -1.365109e-03 
2.981820e+00 -6.795610e-01 2.981820e+00 -1.365741e-03 
2.981830e+00 -6.695590e-01 2.981830e+00 -1.365113e-03 
2.981840e+00 -6.595570e-01 2.981840e+00 -1.365737e-03 
2.981850e+00 -6.495550e-01 2.981850e+00 -1.365117e-03 
2.981860e+00 -6.395530e-01 2.981860e+00 -1.365733e-03 
2.981870e+00 -6.295510e-01 2.981870e+00 -1.365122e-03 
2.981880e+00 -6.195489e-01 2.981880e+00 -1.365729e-03 
2.981890e+00 -6.095469e-01 2.981890e+00 -1.365126e-03 
2.981900e+00 -5.995449e-01 2.981900e+00 -1.365724e-03 
2.981910e+00 -5.895429e-01 2.981910e+00 -1.365130e-03 
2.981920e+00 -5.795409e-01 2.981920e+00 -1.365720e-03 
2.981930e+00 -5.695389e-01 2.981930e+00 -1.365134e-03 
2.981940e+00 -5.595369e-01 2.981940e+00 -1.365716e-03 
2.981950e+00 -5.495349e-01 2.981950e+00 -1.365138e-03 
2.981960e+00 -5.395329e-01 2.981960e+00 -1.365712e-03 
2.981970e+00 -5.295309e-01 2.981970e+00 -1.365142e-03 
2.981980e+00 -5.195289e-01 2.981980e+00 -1.365708e-03 
2.981990e+00 -5.095269e-01 2.981990e+00 -1.365146e-03 
2.982000e+00 -4.995249e-01 2.982000e+00 -1.365704e-03 
2.982010e+00 -4.895229e-01 2.982010e+00 -1.365150e-03 
2.982020e+00 -4.795209e-01 2.982020e+00 -1.365700e-03 
2.982030e+00 -4.695189e-01 2.982030e+00 -1.365154e-03 
2.982040e+00 -4.595169e-01 2.982040e+00 -1.365697e-03 
2.982050e+00 -4.495149e-01 2.982050e+00 -1.365157e-03 
2.982060e+00 -4.395129e-01 2.982060e+00 -1.365693e-03 
2.982070e+00 -4.295109e-01 2.982070e+00 -1.365161e-03 
2.982080e+00 -4.195089e-01 2.982080e+00 -1.365689e-03 
2.982090e+00 -4.095069e-01 2.982090e+00 -1.365164e-03 
2.982100e+00 -3.995049e-01 2.982100e+00 -1.365685e-03 
2.982110e+00 -3.895029e-01 2.982110e+00 -1.365167e-03 
2.982120e+00 -3.795009e-01 2.982120e+00 -1.365680e-03 
2.982130e+00 -3.694989e-01 2.982130e+00 -1.365170e-03 
2.982140e+00 -3.594969e-01 2.982140e+00 -1.365675e-03 
2.982150e+00 -3.494949e-01 2.982150e+00 -1.365170e-03 
2.982160e+00 -3.394929e-01 2.982160e+00 -1.365667e-03 
2.982170e+00 -3.294909e-01 2.982170e+00 -1.365167e-03 
2.982180e+00 -3.194889e-01 2.982180e+00 -1.365654e-03 
2.982190e+00 -3.094869e-01 2.982190e+00 -1.365157e-03 
2.982200e+00 -2.994849e-01 2.982200e+00 -1.365630e-03 
2.982210e+00 -2.894829e-01 2.982210e+00 -1.365130e-03 
2.982220e+00 -2.794809e-01 2.982220e+00 -1.365583e-03 
2.982230e+00 -2.694789e-01 2.982230e+00 -1.365069e-03 
2.982240e+00 -2.594769e-01 2.982240e+00 -1.365484e-03 
2.982250e+00 -2.494749e-01 2.982250e+00 -1.364932e-03 
2.982260e+00 -2.394729e-01 2.982260e+00 -1.365275e-03 
2.982270e+00 -2.294709e-01 2.982270e+00 -1.364632e-03 
2.982280e+00 -2.194689e-01 2.982280e+00 -1.364825e-03 
2.982290e+00 -2.094669e-01 2.982290e+00 -1.363979e-03 
2.982300e+00 -1.994649e-01 2.982300e+00 -1.363858e-03 
2.982310e+00 -1.894629e-01 2.982310e+00 -1.362566e-03 
2.982320e+00 -1.794609e-01 2.982320e+00 -1.361780e-03 
2.982330e+00 -1.694589e-01 2.982330e+00 -1.359536e-03 
2.982340e+00 -1.594569e-01 2.982340e+00 -1.357353e-03 
2.982350e+00 -1.494549e-01 2.982350e+00 -1.353114e-03 
2.982360e+00 -1.394529e-01 2.982360e+00 -1.348075e-03 
2.982370e+00 -1.294509e-01 2.982370e+00 -1.339842e-03 
2.982380e+00 -1.194489e-01 2.982380e+00 -1.329289e-03 
2.982390e+00 -1.094469e-01 2.982390e+00 -1.313675e-03 
2.982400e+00 -9.944493e-02 2.982400e+00 -1.293540e-03 
2.982410e+00 -8.944293e-02 2.982410e+00 -1.266032e-03 
2.982420e+00 -7.944093e-02 2.982420e+00 -1.231821e-03 
2.982430e+00 -6.943893e-02 2.982430e+00 -1.188593e-03 
2.982440e+00 -5.943693e-02 2.982440e+00 -1.137825e-03 
2.982450e+00 -4.943493e-02 2.982450e+00 -1.078235e-03 
2.982460e+00 -3.943293e-02 2.982460e+00 -1.012265e-03 
2.982470e+00 -2.943093e-02 2.982470e+00 -9.394822e-04 
2.982480e+00 -1.942893e-02 2.982480e+00 -8.627918e-04 
2.982490e+00 -9.426925e-03 2.982490e+00 -7.688434e-04 
2.982500e+00 5.750750e-04 2.982500e+00 -6.798932e-04 
2.982510e+00 1.057708e-02 2.982510e+00 -5.539360e-04 
2.982514e+00 1.447374e-02 2.982514e+00 -3.916893e-04 
2.982517e+00 1.707485e-02 2.982517e+00 5.994692e-04 
2.982519e+00 1.929183e-02 2.982519e+00 1.895743e-03 
2.982520e+00 2.025372e-02 2.982520e+00 1.015581e-03 
2.982521e+00 2.120180e-02 2.982521e+00 2.061721e-03 
2.982522e+00 2.202760e-02 2.982522e+00 1.268510e-03 
2.982522e+00 2.287739e-02 2.982522e+00 2.186811e-03 
2.982523e+00 2.391276e-02 2.982523e+00 1.536818e-03 
2.982525e+00 2.530083e-02 2.982525e+00 2.418026e-03 
2.982527e+00 2.795556e-02 2.982527e+00 2.029244e-03 
2.982533e+00 3.326502e-02 2.982533e+00 3.349744e-03 
2.982540e+00 4.043183e-02 2.982540e+00 3.616683e-03 
2.982550e+00 5.043384e-02 2.982550e+00 5.834793e-03 
2.982560e+00 6.043584e-02 2.982560e+00 7.355060e-03 
2.982570e+00 7.043784e-02 2.982570e+00 1.188282e-02 
2.982575e+00 7.520166e-02 2.982575e+00 1.628392e-02 
2.982577e+00 7.786371e-02 2.982577e+00 2.224785e-02 
2.982579e+00 7.909216e-02 2.982579e+00 3.077387e-02 
2.982579e+00 7.962636e-02 2.982579e+00 5.519636e-02 
2.982580e+00 8.007665e-02 2.982580e+00 7.536259e-02 
2.982580e+00 8.019359e-02 2.982580e+00 7.691269e-02 
2.982580e+00 8.031156e-02 2.982580e+00 7.802118e-02 
2.982580e+00 8.037076e-02 2.982580e+00 7.838805e-02 
2.982580e+00 8.045208e-02 2.982580e+00 7.895113e-02 
2.982580e+00 8.053601e-02 2.982580e+00 7.932158e-02 
2.982580e+00 8.067430e-02 2.982580e+00 7.990999e-02 
2.982580e+00 8.080378e-02 2.982580e+00 8.020377e-02 
2.982580e+00 8.095267e-02 2.982580e+00 8.055589e-02 
2.982581e+00 8.109623e-02 2.982581e+00 8.072363e-02 
2.982581e+00 8.126567e-02 2.982581e+00 8.100000e-02 
2.982581e+00 8.145727e-02 2.982581e+00 8.116676e-02 
2.982581e+00 8.170477e-02 2.982581e+00 8.148537e-02 
2.982582e+00 8.202210e-02 2.982582e+00 8.175612e-02 
2.982582e+00 8.244452e-02 2.982582e+00 8.223488e-02 
2.982583e+00 8.307536e-02 2.982583e+00 8.281299e-02 
2.982584e+00 8.405302e-02 2.982584e+00 8.384521e-02 
2.982585e+00 8.600833e-02 2.982585e+00 8.574895e-02 
2.982589e+00 8.991895e-02 2.982589e+00 8.971672e-02 
2.982597e+00 9.774019e-02 2.982597e+00 9.749088e-02 
2.982607e+00 1.077422e-01 2.982607e+00 1.075530e-01 
2.982617e+00 1.177442e-01 2.982617e+00 1.175071e-01 
2.982627e+00 1.277462e-01 2.982627e+00 1.275670e-01 
2.982637e+00 1.377482e-01 2.982637e+00 1.375195e-01 
2.982647e+00 1.477502e-01 2.982647e+00 1.475782e-01 
2.982657e+00 1.577522e-01 2.982657e+00 1.575295e-01 
2.982667e+00 1.677542e-01 2.982667e+00 1.675874e-01 
2.982677e+00 1.777562e-01 2.982677e+00 1.775381e-01 
2.982687e+00 1.877582e-01 2.982687e+00 1.875953e-01 
2.982697e+00 1.977602e-01 2.982697e+00 1.975456e-01 
2.982707e+00 2.077622e-01 2.982707e+00 2.076024e-01 
2.982717e+00 2.177642e-01 2.982717e+00 2.175523e-01 
2.982727e+00 2.277662e-01 2.982727e+00 2.276088e-01 
2.982737e+00 2.377682e-01 2.982737e+00 2.375584e-01 
2.982747e+00 2.477702e-01 2.982747e+00 2.476147e-01 
2.982757e+00 2.577722e-01 2.982757e+00 2.575641e-01 
2.982767e+00 2.677742e-01 2.982767e+00 2.676202e-01 
2.982777e+00 2.777762e-01 2.982777e+00 2.775695e-01 
2.982787e+00 2.877782e-01 2.982787e+00 2.876254e-01 
2.982797e+00 2.977802e-01 2.982797e+00 2.975745e-01 
2.982807e+00 3.077822e-01 2.982807e+00 3.076303e-01 
2.982817e+00 3.177842e-01 2.982817e+00 3.175794e-01 
2.982827e+00 3.277862e-01 2.982827e+00 3.276350e-01 
2.982837e+00 3.377882e-01 2.982837e+00 3.375840e-01 
2.982847e+00 3.477902e-01 2.982847e+00 3.476396e-01 
2.982857e+00 3.577922e-01 2.982857e+00 3.575885e-01 
2.982867e+00 3.677942e-01 2.982867e+00 3.676440e-01 
2.982877e+00 3.777962e-01 2.982877e+00 3.775929e-01 
2.982887e+00 3.877982e-01 2.982887e+00 3.876483e-01 
2.982897e+00 3.978002e-01 2.982897e+00 3.975972e-01 
2.982907e+00 4.078022e-01 2.982907e+00 4.076525e-01 
2.982917e+00 4.178042e-01 2.982917e+00 4.176013e-01 
2.982927e+00 4.278062e-01 2.982927e+00 4.276566e-01 
2.982937e+00 4.378082e-01 2.982937e+00 4.376054e-01 
2.982947e+00 4.478102e-01 2.982947e+00 4.476607e-01 
2.982957e+00 4.578122e-01 2.982957e+00 4.576094e-01 
2.982967e+00 4.678142e-01 2.982967e+00 4.676646e-01 
2.982977e+00 4.778162e-01 2.982977e+00 4.776134e-01 
2.982987e+00 4.878182e-01 2.982987e+00 4.876685e-01 
2.982997e+00 4.978202e-01 2.982997e+00 4.976173e-01 
2.983007e+00 5.078222e-01 2.983007e+00 5.076724e-01 
2.983017e+00 5.178242e-01 2.983017e+00 5.176211e-01 
2.983027e+00 5.278262e-01 2.983027e+00 5.276762e-01 
2.983037e+00 5.378282e-01 2.983037e+00 5.376249e-01 
2.983047e+00 5.478302e-01 2.983047e+00 5.476800e-01 
2.983057e+00 5.578322e-01 2.983057e+00 5.576287e-01 
2.983067e+00 5.678342e-01 2.983067e+00 5.676837e-01 
2.983077e+00 5.778362e-01 2.983077e+00 5.776325e-01 
2.983087e+00 5.878382e-01 2.983087e+00 5.876874e-01 
2.983097e+00 5.978402e-01 2.983097e+00 5.976362e-01 
2.983107e+00 6.078422e-01 2.983107e+00 6.076911e-01 
2.983117e+00 6.178442e-01 2.983117e+00 6.176398e-01 
2.983127e+00 6.278462e-01 2.983127e+00 6.276948e-01 
2.983137e+00 6.378482e-01 2.983137e+00 6.376435e-01 
2.983147e+00 6.478502e-01 2.983147e+00 6.476984e-01 
2.983157e+00 6.578522e-01 2.983157e+00 6.576471e-01 
2.983167e+00 6.678542e-01 2.983167e+00 6.677020e-01 
2.983177e+00 6.778562e-01 2.983177e+00 6.776507e-01 
2.983187e+00 6.878582e-01 2.983187e+00 6.877056e-01 
2.983197e+00 6.978602e-01 2.983197e+00 6.976543e-01 
2.983207e+00 7.078622e-01 2.983207e+00 7.077092e-01 
2.983217e+00 7.178642e-01 2.983217e+00 7.176579e-01 
2.983227e+00 7.278662e-01 2.983227e+00 7.277127e-01 
2.983237e+00 7.378682e-01 2.983237e+00 7.376615e-01 
2.983247e+00 7.478702e-01 2.983247e+00 7.477163e-01 
2.983257e+00 7.578722e-01 2.983257e+00 7.576650e-01 
2.983267e+00 7.678742e-01 2.983267e+00 7.677198e-01 
2.983277e+00 7.778762e-01 2.983277e+00 7.776685e-01 
2.983287e+00 7.878782e-01 2.983287e+00 7.877233e-01 
2.983297e+00 7.978802e-01 2.983297e+00 7.976721e-01 
2.983307e+00 8.078822e-01 2.983307e+00 8.077268e-01 
2.983317e+00 8.178842e-01 2.983317e+00 8.176756e-01 
2.983327e+00 8.278862e-01 2.983327e+00 8.277303e-01 
2.983337e+00 8.378882e-01 2.983337e+00 8.376791e-01 
2.983347e+00 8.478902e-01 2.983347e+00 8.477338e-01 
2.983357e+00 8.578922e-01 2.983357e+00 8.576826e-01 
2.983367e+00 8.678942e-01 2.983367e+00 8.677372e-01 
2.983377e+00 8.778962e-01 2.983377e+00 8.776860e-01 
2.983387e+00 8.878982e-01 2.983387e+00 8.877407e-01 
2.983397e+00 8.979002e-01 2.983397e+00 8.976895e-01 
2.983407e+00 9.079022e-01 2.983407e+00 9.077442e-01 
2.983417e+00 9.179042e-01 2.983417e+00 9.176930e-01 
2.983427e+00 9.279062e-01 2.983427e+00 9.277476e-01 
2.983437e+00 9.379082e-01 2.983437e+00 9.376964e-01 
2.983447e+00 9.479102e-01 2.983447e+00 9.477510e-01 
2.983457e+00 9.579122e-01 2.983457e+00 9.576999e-01 
2.983467e+00 9.679142e-01 2.983467e+00 9.677545e-01 
2.983477e+00 9.779162e-01 2.983477e+00 9.777033e-01 
2.983487e+00 9.879182e-01 2.983487e+00 9.877579e-01 
2.983497e+00 9.979202e-01 2.983497e+00 9.977067e-01 
2.983507e+00 1.007922e+00 2.983507e+00 1.007761e+00 
2.983517e+00 1.017924e+00 2.983517e+00 1.017710e+00 
2.983527e+00 1.027926e+00 2.983527e+00 1.027765e+00 
2.983537e+00 1.037928e+00 2.983537e+00 1.037714e+00 
2.983547e+00 1.047930e+00 2.983547e+00 1.047768e+00 
2.983557e+00 1.057932e+00 2.983557e+00 1.057717e+00 
2.983567e+00 1.067934e+00 2.983567e+00 1.067772e+00 
2.983577e+00 1.077936e+00 2.983577e+00 1.077720e+00 
2.983587e+00 1.087938e+00 2.983587e+00 1.087775e+00 
2.983597e+00 1.097940e+00 2.983597e+00 1.097724e+00 
2.983607e+00 1.107942e+00 2.983607e+00 1.107778e+00 
2.983617e+00 1.117944e+00 2.983617e+00 1.117727e+00 
2.983627e+00 1.127946e+00 2.983627e+00 1.127782e+00 
2.983637e+00 1.137948e+00 2.983637e+00 1.137731e+00 
2.983647e+00 1.147950e+00 2.983647e+00 1.147785e+00 
2.983657e+00 1.157952e+00 2.983657e+00 1.157734e+00 
2.983667e+00 1.167954e+00 2.983667e+00 1.167788e+00 
2.983677e+00 1.177956e+00 2.983677e+00 1.177737e+00 
2.983687e+00 1.187958e+00 2.983687e+00 1.187792e+00 
2.983697e+00 1.197960e+00 2.983697e+00 1.197741e+00 
2.983707e+00 1.207962e+00 2.983707e+00 1.207795e+00 
2.983717e+00 1.217964e+00 2.983717e+00 1.217744e+00 
2.983727e+00 1.227966e+00 2.983727e+00 1.227799e+00 
2.983737e+00 1.237968e+00 2.983737e+00 1.237748e+00 
2.983747e+00 1.247970e+00 2.983747e+00 1.247802e+00 
2.983757e+00 1.257972e+00 2.983757e+00 1.257751e+00 
2.983767e+00 1.267974e+00 2.983767e+00 1.267805e+00 
2.983777e+00 1.277976e+00 2.983777e+00 1.277754e+00 
2.983787e+00 1.287978e+00 2.983787e+00 1.287809e+00 
2.983797e+00 1.297980e+00 2.983797e+00 1.297758e+00 
2.983807e+00 1.307982e+00 2.983807e+00 1.307812e+00 
2.983817e+00 1.317984e+00 2.983817e+00 1.317761e+00 
2.983827e+00 1.327986e+00 2.983827e+00 1.327815e+00 
2.983837e+00 1.337988e+00 2.983837e+00 1.337764e+00 
2.983847e+00 1.347990e+00 2.983847e+00 1.347819e+00 
2.983857e+00 1.357992e+00 2.983857e+00 1.357768e+00 
2.983867e+00 1.367994e+00 2.983867e+00 1.367822e+00 
2.983877e+00 1.377996e+00 2.983877e+00 1.377771e+00 
2.983887e+00 1.387998e+00 2.983887e+00 1.387825e+00 
2.983897e+00 1.398000e+00 2.983897e+00 1.397775e+00 
2.983907e+00 1.408002e+00 2.983907e+00 1.407829e+00 
2.983917e+00 1.418004e+00 2.983917e+00 1.417778e+00 
2.983927e+00 1.428006e+00 2.983927e+00 1.427832e+00 
2.983937e+00 1.438008e+00 2.983937e+00 1.437781e+00 
2.983947e+00 1.448010e+00 2.983947e+00 1.447835e+00 
2.983957e+00 1.458012e+00 2.983957e+00 1.457785e+00 
2.983967e+00 1.468014e+00 2.983967e+00 1.467839e+00 
2.983977e+00 1.478016e+00 2.983977e+00 1.477788e+00 
2.983987e+00 1.488018e+00 2.983987e+00 1.487842e+00 
2.983997e+00 1.498020e+00 2.983997e+00 1.497791e+00 
2.984007e+00 1.508022e+00 2.984007e+00 1.507846e+00 
2.984017e+00 1.518024e+00 2.984017e+00 1.517795e+00 
2.984027e+00 1.528026e+00 2.984027e+00 1.527849e+00 
2.984037e+00 1.538028e+00 2.984037e+00 1.537798e+00 
2.984047e+00 1.548030e+00 2.984047e+00 1.547852e+00 
2.984057e+00 1.558032e+00 2.984057e+00 1.557801e+00 
2.984067e+00 1.568034e+00 2.984067e+00 1.567856e+00 
2.984077e+00 1.578036e+00 2.984077e+00 1.577805e+00 
2.984087e+00 1.588038e+00 2.984087e+00 1.587859e+00 
2.984097e+00 1.598040e+00 2.984097e+00 1.597808e+00 
2.984107e+00 1.608042e+00 2.984107e+00 1.607862e+00 
2.984117e+00 1.618044e+00 2.984117e+00 1.617811e+00 
2.984127e+00 1.628046e+00 2.984127e+00 1.627866e+00 
2.984137e+00 1.638048e+00 2.984137e+00 1.637815e+00 
2.984147e+00 1.648050e+00 2.984147e+00 1.647869e+00 
2.984157e+00 1.658052e+00 2.984157e+00 1.657818e+00 
2.984167e+00 1.668054e+00 2.984167e+00 1.667872e+00 
2.984177e+00 1.678056e+00 2.984177e+00 1.677821e+00 
2.984187e+00 1.688058e+00 2.984187e+00 1.687875e+00 
2.984197e+00 1.698060e+00 2.984197e+00 1.697825e+00 
2.984207e+00 1.708062e+00 2.984207e+00 1.707879e+00 
2.984217e+00 1.718064e+00 2.984217e+00 1.717828e+00 
2.984227e+00 1.728066e+00 2.984227e+00 1.727882e+00 
2.984237e+00 1.738068e+00 2.984237e+00 1.737831e+00 
2.984247e+00 1.748070e+00 2.984247e+00 1.747885e+00 
2.984257e+00 1.758072e+00 2.984257e+00 1.757835e+00 
2.984267e+00 1.768074e+00 2.984267e+00 1.767889e+00 
2.984277e+00 1.778076e+00 2.984277e+00 1.777838e+00 
2.984287e+00 1.788078e+00 2.984287e+00 1.787892e+00 
2.984297e+00 1.798080e+00 2.984297e+00 1.797841e+00 
2.984307e+00 1.808082e+00 2.984307e+00 1.807895e+00 
2.984317e+00 1.818084e+00 2.984317e+00 1.817845e+00 
2.984327e+00 1.828086e+00 2.984327e+00 1.827899e+00 
2.984337e+00 1.838088e+00 2.984337e+00 1.837848e+00 
2.984347e+00 1.848090e+00 2.984347e+00 1.847902e+00 
2.984357e+00 1.858092e+00 2.984357e+00 1.857851e+00 
2.984367e+00 1.868094e+00 2.984367e+00 1.867905e+00 
2.984377e+00 1.878096e+00 2.984377e+00 1.877855e+00 
2.984387e+00 1.888098e+00 2.984387e+00 1.887909e+00 
2.984397e+00 1.898100e+00 2.984397e+00 1.897858e+00 
2.984407e+00 1.908102e+00 2.984407e+00 1.907912e+00 
2.984417e+00 1.918104e+00 2.984417e+00 1.917861e+00 
2.984427e+00 1.928106e+00 2.984427e+00 1.927915e+00 
2.984437e+00 1.938108e+00 2.984437e+00 1.937865e+00 
2.984447e+00 1.948110e+00 2.984447e+00 1.947919e+00 
2.984457e+00 1.958112e+00 2.984457e+00 1.957868e+00 
2.984467e+00 1.968114e+00 2.984467e+00 1.967922e+00 
2.984477e+00 1.978116e+00 2.984477e+00 1.977871e+00 
2.984487e+00 1.988118e+00 2.984487e+00 1.987925e+00 
2.984497e+00 1.998120e+00 2.984497e+00 1.997875e+00 
2.984507e+00 2.008122e+00 2.984507e+00 2.007929e+00 
2.984517e+00 2.018124e+00 2.984517e+00 2.017878e+00 
2.984527e+00 2.028126e+00 2.984527e+00 2.027932e+00 
2.984537e+00 2.038128e+00 2.984537e+00 2.037881e+00 
2.984547e+00 2.048130e+00 2.984547e+00 2.047935e+00 
2.984557e+00 2.058132e+00 2.984557e+00 2.057885e+00 
2.984567e+00 2.068134e+00 2.984567e+00 2.067939e+00 
2.984577e+00 2.078136e+00 2.984577e+00 2.077888e+00 
2.984587e+00 2.088138e+00 2.984587e+00 2.087942e+00 
2.984597e+00 2.098140e+00 2.984597e+00 2.097891e+00 
2.984607e+00 2.108142e+00 2.984607e+00 2.107945e+00 
2.984617e+00 2.118144e+00 2.984617e+00 2.117895e+00 
2.984627e+00 2.128146e+00 2.984627e+00 2.127948e+00 
2.984637e+00 2.138148e+00 2.984637e+00 2.137898e+00 
2.984647e+00 2.148150e+00 2.984647e+00 2.147952e+00 
2.984657e+00 2.158152e+00 2.984657e+00 2.157901e+00 
2.984667e+00 2.168154e+00 2.984667e+00 2.167955e+00 
2.984677e+00 2.178156e+00 2.984677e+00 2.177905e+00 
2.984687e+00 2.188158e+00 2.984687e+00 2.187958e+00 
2.984697e+00 2.198160e+00 2.984697e+00 2.197908e+00 
2.984707e+00 2.208162e+00 2.984707e+00 2.207962e+00 
2.984717e+00 2.218164e+00 2.984717e+00 2.217911e+00 
2.984727e+00 2.228166e+00 2.984727e+00 2.227965e+00 
2.984737e+00 2.238168e+00 2.984737e+00 2.237915e+00 
2.984747e+00 2.248170e+00 2.984747e+00 2.247968e+00 
2.984757e+00 2.258172e+00 2.984757e+00 2.257918e+00 
2.984767e+00 2.268174e+00 2.984767e+00 2.267972e+00 
2.984777e+00 2.278176e+00 2.984777e+00 2.277921e+00 
2.984787e+00 2.288178e+00 2.984787e+00 2.287975e+00 
2.984797e+00 2.298180e+00 2.984797e+00 2.297925e+00 
2.984807e+00 2.308182e+00 2.984807e+00 2.307978e+00 
2.984817e+00 2.318184e+00 2.984817e+00 2.317928e+00 
2.984827e+00 2.328186e+00 2.984827e+00 2.327982e+00 
2.984837e+00 2.338188e+00 2.984837e+00 2.337931e+00 
2.984847e+00 2.348190e+00 2.984847e+00 2.347985e+00 
2.984857e+00 2.358192e+00 2.984857e+00 2.357934e+00 
2.984867e+00 2.368194e+00 2.984867e+00 2.367988e+00 
2.984877e+00 2.378196e+00 2.984877e+00 2.377938e+00 
2.984887e+00 2.388198e+00 2.984887e+00 2.387991e+00 
2.984897e+00 2.398200e+00 2.984897e+00 2.397941e+00 
2.984907e+00 2.408202e+00 2.984907e+00 2.407995e+00 
2.984917e+00 2.418204e+00 2.984917e+00 2.417944e+00 
2.984927e+00 2.428206e+00 2.984927e+00 2.427998e+00 
2.984937e+00 2.438208e+00 2.984937e+00 2.437948e+00 
2.984947e+00 2.448210e+00 2.984947e+00 2.448001e+00 
2.984957e+00 2.458212e+00 2.984957e+00 2.457951e+00 
2.984967e+00 2.468214e+00 2.984967e+00 2.468005e+00 
2.984977e+00 2.478216e+00 2.984977e+00 2.477954e+00 
2.984987e+00 2.488218e+00 2.984987e+00 2.488008e+00 
2.984997e+00 2.498220e+00 2.984997e+00 2.497958e+00 
2.984999e+00 2.500000e+00 2.984999e+00 2.499789e+00 
2.984999e+00 2.500000e+00 2.984999e+00 2.499783e+00 
2.984999e+00 2.500000e+00 2.984999e+00 2.499774e+00 
2.984999e+00 2.500000e+00 2.984999e+00 2.499766e+00 
2.984999e+00 2.500000e+00 2.984999e+00 2.499765e+00 
2.984999e+00 2.500000e+00 2.984999e+00 2.499765e+00 
2.984999e+00 2.500000e+00 2.984999e+00 2.499765e+00 
2.984999e+00 2.499999e+00 2.984999e+00 2.499765e+00 
2.984999e+00 2.499999e+00 2.984999e+00 2.499765e+00 
2.984999e+00 2.499998e+00 2.984999e+00 2.499767e+00 
2.984999e+00 2.499995e+00 2.984999e+00 2.499769e+00 
2.984999e+00 2.499990e+00 2.984999e+00 2.499774e+00 
2.984999e+00 2.499980e+00 2.984999e+00 2.499784e+00 
2.984999e+00 2.499959e+00 2.984999e+00 2.499804e+00 
2.984999e+00 2.499918e+00 2.984999e+00 2.499836e+00 
2.984999e+00 2.499836e+00 2.984999e+00 2.499866e+00 
2.984999e+00 2.499752e+00 2.984999e+00 2.499847e+00 
2.984999e+00 2.499640e+00 2.984999e+00 2.499763e+00 
2.985000e+00 2.499499e+00 2.985000e+00 2.499612e+00 
2.985000e+00 2.499356e+00 2.985000e+00 2.499449e+00 
2.985000e+00 2.499158e+00 2.985000e+00 2.499241e+00 
2.985000e+00 2.498964e+00 2.985000e+00 2.499049e+00 
2.985000e+00 2.498576e+00 2.985000e+00 2.498665e+00 
2.985001e+00 2.498088e+00 2.985001e+00 2.498176e+00 
2.985002e+00 2.497382e+00 2.985002e+00 2.497469e+00 
2.985003e+00 2.495968e+00 2.985003e+00 2.496056e+00 
2.985006e+00 2.493141e+00 2.985006e+00 2.493229e+00 
2.985010e+00 2.488796e+00 2.985010e+00 2.488884e+00 
2.985019e+00 2.480106e+00 2.985019e+00 2.480194e+00 
2.985029e+00 2.470104e+00 2.985029e+00 2.470193e+00 
2.985039e+00 2.460102e+00 2.985039e+00 2.460191e+00 
2.985049e+00 2.450100e+00 2.985049e+00 2.450190e+00 
2.985059e+00 2.440098e+00 2.985059e+00 2.440188e+00 
2.985069e+00 2.430096e+00 2.985069e+00 2.430186e+00 
2.985079e+00 2.420094e+00 2.985079e+00 2.420184e+00 
2.985089e+00 2.410092e+00 2.985089e+00 2.410183e+00 
2.985099e+00 2.400090e+00 2.985099e+00 2.400181e+00 
2.985109e+00 2.390088e+00 2.985109e+00 2.390180e+00 
2.985119e+00 2.380086e+00 2.985119e+00 2.380178e+00 
2.985129e+00 2.370084e+00 2.985129e+00 2.370177e+00 
2.985139e+00 2.360082e+00 2.985139e+00 2.360175e+00 
2.985149e+00 2.350080e+00 2.985149e+00 2.350173e+00 
2.985159e+00 2.340078e+00 2.985159e+00 2.340171e+00 
2.985169e+00 2.330076e+00 2.985169e+00 2.330170e+00 
2.985179e+00 2.320074e+00 2.985179e+00 2.320168e+00 
2.985189e+00 2.310072e+00 2.985189e+00 2.310167e+00 
2.985199e+00 2.300070e+00 2.985199e+00 2.300165e+00 
2.985209e+00 2.290068e+00 2.985209e+00 2.290164e+00 
2.985219e+00 2.280066e+00 2.985219e+00 2.280162e+00 
2.985229e+00 2.270064e+00 2.985229e+00 2.270160e+00 
2.985239e+00 2.260062e+00 2.985239e+00 2.260158e+00 
2.985249e+00 2.250060e+00 2.985249e+00 2.250157e+00 
2.985259e+00 2.240058e+00 2.985259e+00 2.240155e+00 
2.985269e+00 2.230056e+00 2.985269e+00 2.230154e+00 
2.985279e+00 2.220054e+00 2.985279e+00 2.220152e+00 
2.985289e+00 2.210052e+00 2.985289e+00 2.210151e+00 
2.985299e+00 2.200050e+00 2.985299e+00 2.200149e+00 
2.985309e+00 2.190048e+00 2.985309e+00 2.190147e+00 
2.985319e+00 2.180046e+00 2.985319e+00 2.180146e+00 
2.985329e+00 2.170044e+00 2.985329e+00 2.170144e+00 
2.985339e+00 2.160042e+00 2.985339e+00 2.160142e+00 
2.985349e+00 2.150040e+00 2.985349e+00 2.150141e+00 
2.985359e+00 2.140038e+00 2.985359e+00 2.140139e+00 
2.985369e+00 2.130036e+00 2.985369e+00 2.130138e+00 
2.985379e+00 2.120034e+00 2.985379e+00 2.120136e+00 
2.985389e+00 2.110032e+00 2.985389e+00 2.110134e+00 
2.985399e+00 2.100030e+00 2.985399e+00 2.100133e+00 
2.985409e+00 2.090028e+00 2.985409e+00 2.090131e+00 
2.985419e+00 2.080026e+00 2.985419e+00 2.080129e+00 
2.985429e+00 2.070024e+00 2.985429e+00 2.070128e+00 
2.985439e+00 2.060022e+00 2.985439e+00 2.060126e+00 
2.985449e+00 2.050020e+00 2.985449e+00 2.050125e+00 
2.985459e+00 2.040018e+00 2.985459e+00 2.040123e+00 
2.985469e+00 2.030016e+00 2.985469e+00 2.030122e+00 
2.985479e+00 2.020014e+00 2.985479e+00 2.020120e+00 
2.985489e+00 2.010012e+00 2.985489e+00 2.010118e+00 
2.985499e+00 2.000010e+00 2.985499e+00 2.000117e+00 
2.985509e+00 1.990008e+00 2.985509e+00 1.990115e+00 
2.985519e+00 1.980006e+00 2.985519e+00 1.980113e+00 
2.985529e+00 1.970004e+00 2.985529e+00 1.970112e+00 
2.985539e+00 1.960002e+00 2.985539e+00 1.960110e+00 
2.985549e+00 1.950000e+00 2.985549e+00 1.950109e+00 
2.985559e+00 1.939998e+00 2.985559e+00 1.940107e+00 
2.985569e+00 1.929996e+00 2.985569e+00 1.930105e+00 
2.985579e+00 1.919994e+00 2.985579e+00 1.920104e+00 
2.985589e+00 1.909992e+00 2.985589e+00 1.910102e+00 
2.985599e+00 1.899990e+00 2.985599e+00 1.900101e+00 
2.985609e+00 1.889988e+00 2.985609e+00 1.890099e+00 
2.985619e+00 1.879986e+00 2.985619e+00 1.880097e+00 
2.985629e+00 1.869984e+00 2.985629e+00 1.870096e+00 
2.985639e+00 1.859982e+00 2.985639e+00 1.860094e+00 
2.985649e+00 1.849980e+00 2.985649e+00 1.850092e+00 
2.985659e+00 1.839978e+00 2.985659e+00 1.840091e+00 
2.985669e+00 1.829976e+00 2.985669e+00 1.830089e+00 
2.985679e+00 1.819974e+00 2.985679e+00 1.820088e+00 
2.985689e+00 1.809972e+00 2.985689e+00 1.810086e+00 
2.985699e+00 1.799970e+00 2.985699e+00 1.800084e+00 
2.985709e+00 1.789968e+00 2.985709e+00 1.790083e+00 
2.985719e+00 1.779966e+00 2.985719e+00 1.780081e+00 
2.985729e+00 1.769964e+00 2.985729e+00 1.770080e+00 
2.985739e+00 1.759962e+00 2.985739e+00 1.760078e+00 
2.985749e+00 1.749960e+00 2.985749e+00 1.750076e+00 
2.985759e+00 1.739958e+00 2.985759e+00 1.740075e+00 
2.985769e+00 1.729956e+00 2.985769e+00 1.730073e+00 
2.985779e+00 1.719954e+00 2.985779e+00 1.720072e+00 
2.985789e+00 1.709952e+00 2.985789e+00 1.710070e+00 
2.985799e+00 1.699950e+00 2.985799e+00 1.700068e+00 
2.985809e+00 1.689948e+00 2.985809e+00 1.690067e+00 
2.985819e+00 1.679946e+00 2.985819e+00 1.680065e+00 
2.985829e+00 1.669944e+00 2.985829e+00 1.670064e+00 
2.985839e+00 1.659942e+00 2.985839e+00 1.660062e+00 
2.985849e+00 1.649940e+00 2.985849e+00 1.650060e+00 
2.985859e+00 1.639938e+00 2.985859e+00 1.640059e+00 
2.985869e+00 1.629936e+00 2.985869e+00 1.630057e+00 
2.985879e+00 1.619934e+00 2.985879e+00 1.620056e+00 
2.985889e+00 1.609932e+00 2.985889e+00 1.610054e+00 
2.985899e+00 1.599930e+00 2.985899e+00 1.600052e+00 
2.985909e+00 1.589928e+00 2.985909e+00 1.590051e+00 
2.985919e+00 1.579926e+00 2.985919e+00 1.580049e+00 
2.985929e+00 1.569924e+00 2.985929e+00 1.570048e+00 
2.985939e+00 1.559922e+00 2.985939e+00 1.560046e+00 
2.985949e+00 1.549920e+00 2.985949e+00 1.550044e+00 
2.985959e+00 1.539918e+00 2.985959e+00 1.540043e+00 
2.985969e+00 1.529916e+00 2.985969e+00 1.530041e+00 
2.985979e+00 1.519914e+00 2.985979e+00 1.520040e+00 
2.985989e+00 1.509912e+00 2.985989e+00 1.510038e+00 
2.985999e+00 1.499910e+00 2.985999e+00 1.500036e+00 
2.986009e+00 1.489908e+00 2.986009e+00 1.490035e+00 
2.986019e+00 1.479906e+00 2.986019e+00 1.480033e+00 
2.986029e+00 1.469904e+00 2.986029e+00 1.470032e+00 
2.986039e+00 1.459902e+00 2.986039e+00 1.460030e+00 
2.986049e+00 1.449900e+00 2.986049e+00 1.450028e+00 
2.986059e+00 1.439898e+00 2.986059e+00 1.440027e+00 
2.986069e+00 1.429896e+00 2.986069e+00 1.430025e+00 
2.986079e+00 1.419894e+00 2.986079e+00 1.420024e+00 
2.986089e+00 1.409892e+00 2.986089e+00 1.410022e+00 
2.986099e+00 1.399890e+00 2.986099e+00 1.400020e+00 
2.986109e+00 1.389888e+00 2.986109e+00 1.390019e+00 
2.986119e+00 1.379886e+00 2.986119e+00 1.380017e+00 
2.986129e+00 1.369884e+00 2.986129e+00 1.370016e+00 
2.986139e+00 1.359882e+00 2.986139e+00 1.360014e+00 
2.986149e+00 1.349880e+00 2.986149e+00 1.350013e+00 
2.986159e+00 1.339878e+00 2.986159e+00 1.340011e+00 
2.986169e+00 1.329876e+00 2.986169e+00 1.330009e+00 
2.986179e+00 1.319874e+00 2.986179e+00 1.320008e+00 
2.986189e+00 1.309872e+00 2.986189e+00 1.310006e+00 
2.986199e+00 1.299870e+00 2.986199e+00 1.300005e+00 
2.986209e+00 1.289868e+00 2.986209e+00 1.290003e+00 
2.986219e+00 1.279866e+00 2.986219e+00 1.280001e+00 
2.986229e+00 1.269864e+00 2.986229e+00 1.270000e+00 
2.986239e+00 1.259862e+00 2.986239e+00 1.259998e+00 
2.986249e+00 1.249860e+00 2.986249e+00 1.249997e+00 
2.986259e+00 1.239858e+00 2.986259e+00 1.239995e+00 
2.986269e+00 1.229856e+00 2.986269e+00 1.229994e+00 
2.986279e+00 1.219854e+00 2.986279e+00 1.219992e+00 
2.986289e+00 1.209852e+00 2.986289e+00 1.209990e+00 
2.986299e+00 1.199850e+00 2.986299e+00 1.199989e+00 
2.986309e+00 1.189848e+00 2.986309e+00 1.189987e+00 
2.986319e+00 1.179846e+00 2.986319e+00 1.179986e+00 
2.986329e+00 1.169844e+00 2.986329e+00 1.169984e+00 
2.986339e+00 1.159842e+00 2.986339e+00 1.159982e+00 
2.986349e+00 1.149840e+00 2.986349e+00 1.149981e+00 
2.986359e+00 1.139838e+00 2.986359e+00 1.139979e+00 
2.986369e+00 1.129836e+00 2.986369e+00 1.129978e+00 
2.986379e+00 1.119834e+00 2.986379e+00 1.119976e+00 
2.986389e+00 1.109832e+00 2.986389e+00 1.109975e+00 
2.986399e+00 1.099830e+00 2.986399e+00 1.099973e+00 
2.986409e+00 1.089828e+00 2.986409e+00 1.089972e+00 
2.986419e+00 1.079826e+00 2.986419e+00 1.079970e+00 
2.986429e+00 1.069824e+00 2.986429e+00 1.069968e+00 
2.986439e+00 1.059822e+00 2.986439e+00 1.059967e+00 
2.986449e+00 1.049820e+00 2.986449e+00 1.049965e+00 
2.986459e+00 1.039818e+00 2.986459e+00 1.039964e+00 
2.986469e+00 1.029816e+00 2.986469e+00 1.029962e+00 
2.986479e+00 1.019814e+00 2.986479e+00 1.019961e+00 
2.986489e+00 1.009812e+00 2.986489e+00 1.009959e+00 
2.986499e+00 9.998099e-01 2.986499e+00 9.999575e-01 
2.986509e+00 9.898079e-01 2.986509e+00 9.899559e-01 
2.986519e+00 9.798059e-01 2.986519e+00 9.799544e-01 
2.986529e+00 9.698039e-01 2.986529e+00 9.699528e-01 
2.986539e+00 9.598019e-01 2.986539e+00 9.599513e-01 
2.986549e+00 9.497999e-01 2.986549e+00 9.499497e-01 
2.986559e+00 9.397978e-01 2.986559e+00 9.399482e-01 
2.986569e+00 9.297958e-01 2.986569e+00 9.299467e-01 
2.986579e+00 9.197938e-01 2.986579e+00 9.199451e-01 
2.986589e+00 9.097918e-01 2.986589e+00 9.099436e-01 
2.986599e+00 8.997898e-01 2.986599e+00 8.999420e-01 
2.986609e+00 8.897878e-01 2.986609e+00 8.899405e-01 
2.986619e+00 8.797858e-01 2.986619e+00 8.799390e-01 
2.986629e+00 8.697838e-01 2.986629e+00 8.699374e-01 
2.986639e+00 8.597818e-01 2.986639e+00 8.599359e-01 
2.986649e+00 8.497798e-01 2.986649e+00 8.499344e-01 
2.986659e+00 8.397778e-01 2.986659e+00 8.399329e-01 
2.986669e+00 8.297758e-01 2.986669e+00 8.299314e-01 
2.986679e+00 8.197738e-01 2.986679e+00 8.199298e-01 
2.986689e+00 8.097718e-01 2.986689e+00 8.099283e-01 
2.986699e+00 7.997698e-01 2.986699e+00 7.999268e-01 
2.986709e+00 7.897678e-01 2.986709e+00 7.899253e-01 
2.986719e+00 7.797658e-01 2.986719e+00 7.799238e-01 
2.986729e+00 7.697638e-01 2.986729e+00 7.699223e-01 
2.986739e+00 7.597618e-01 2.986739e+00 7.599208e-01 
2.986749e+00 7.497598e-01 2.986749e+00 7.499193e-01 
2.986759e+00 7.397578e-01 2.986759e+00 7.399178e-01 
2.986769e+00 7.297558e-01 2.986769e+00 7.299163e-01 
2.986779e+00 7.197538e-01 2.986779e+00 7.199148e-01 
2.986789e+00 7.097518e-01 2.986789e+00 7.099134e-01 
2.986799e+00 6.997498e-01 2.986799e+00 6.999119e-01 
2.986809e+00 6.897478e-01 2.986809e+00 6.899104e-01 
2.986819e+00 6.797458e-01 2.986819e+00 6.799089e-01 
2.986829e+00 6.697438e-01 2.986829e+00 6.699075e-01 
2.986839e+00 6.597418e-01 2.986839e+00 6.599060e-01 
2.986849e+00 6.497398e-01 2.986849e+00 6.499046e-01 
2.986859e+00 6.397378e-01 2.986859e+00 6.399031e-01 
2.986869e+00 6.297358e-01 2.986869e+00 6.299017e-01 
2.986879e+00 6.197338e-01 2.986879e+00 6.199003e-01 
2.986889e+00 6.097318e-01 2.986889e+00 6.098988e-01 
2.986899e+00 5.997298e-01 2.986899e+00 5.998974e-01 
2.986909e+00 5.897278e-01 2.986909e+00 5.898960e-01 
2.986919e+00 5.797258e-01 2.986919e+00 5.798946e-01 
2.986929e+00 5.697238e-01 2.986929e+00 5.698932e-01 
2.986939e+00 5.597218e-01 2.986939e+00 5.598918e-01 
2.986949e+00 5.497198e-01 2.986949e+00 5.498904e-01 
2.986959e+00 5.397178e-01 2.986959e+00 5.398890e-01 
2.986969e+00 5.297158e-01 2.986969e+00 5.298877e-01 
2.986979e+00 5.197138e-01 2.986979e+00 5.198863e-01 
2.986989e+00 5.097118e-01 2.986989e+00 5.098850e-01 
2.986999e+00 4.997098e-01 2.986999e+00 4.998837e-01 
2.987009e+00 4.897078e-01 2.987009e+00 4.898823e-01 
2.987019e+00 4.797058e-01 2.987019e+00 4.798810e-01 
2.987029e+00 4.697038e-01 2.987029e+00 4.698797e-01 
2.987039e+00 4.597018e-01 2.987039e+00 4.598785e-01 
2.987049e+00 4.496998e-01 2.987049e+00 4.498772e-01 
2.987059e+00 4.396978e-01 2.987059e+00 4.398759e-01 
2.987069e+00 4.296958e-01 2.987069e+00 4.298747e-01 
2.987079e+00 4.196938e-01 2.987079e+00 4.198735e-01 
2.987089e+00 4.096918e-01 2.987089e+00 4.098723e-01 
2.987099e+00 3.996898e-01 2.987099e+00 3.998711e-01 
2.987109e+00 3.896878e-01 2.987109e+00 3.898700e-01 
2.987119e+00 3.796858e-01 2.987119e+00 3.798689e-01 
2.987129e+00 3.696838e-01 2.987129e+00 3.698678e-01 
2.987139e+00 3.596818e-01 2.987139e+00 3.598667e-01 
2.987149e+00 3.496798e-01 2.987149e+00 3.498657e-01 
2.987159e+00 3.396778e-01 2.987159e+00 3.398647e-01 
2.987169e+00 3.296758e-01 2.987169e+00 3.298637e-01 
2.987179e+00 3.196738e-01 2.987179e+00 3.198628e-01 
2.987189e+00 3.096718e-01 2.987189e+00 3.098619e-01 
2.987199e+00 2.996698e-01 2.987199e+00 2.998611e-01 
2.987209e+00 2.896678e-01 2.987209e+00 2.898603e-01 
2.987219e+00 2.796658e-01 2.987219e+00 2.798596e-01 
2.987229e+00 2.696638e-01 2.987229e+00 2.698590e-01 
2.987239e+00 2.596618e-01 2.987239e+00 2.598584e-01 
2.987249e+00 2.496598e-01 2.987249e+00 2.498580e-01 
2.987259e+00 2.396578e-01 2.987259e+00 2.398576e-01 
2.987269e+00 2.296558e-01 2.987269e+00 2.298573e-01 
2.987279e+00 2.196538e-01 2.987279e+00 2.198571e-01 
2.987289e+00 2.096518e-01 2.987289e+00 2.098571e-01 
2.987299e+00 1.996498e-01 2.987299e+00 1.998573e-01 
2.987309e+00 1.896478e-01 2.987309e+00 1.898576e-01 
2.987319e+00 1.796458e-01 2.987319e+00 1.798581e-01 
2.987329e+00 1.696438e-01 2.987329e+00 1.698589e-01 
2.987339e+00 1.596418e-01 2.987339e+00 1.598600e-01 
2.987349e+00 1.496398e-01 2.987349e+00 1.498615e-01 
2.987359e+00 1.396378e-01 2.987359e+00 1.398634e-01 
2.987369e+00 1.296358e-01 2.987369e+00 1.298658e-01 
2.987379e+00 1.196338e-01 2.987379e+00 1.198689e-01 
2.987389e+00 1.096318e-01 2.987389e+00 1.098728e-01 
2.987399e+00 9.962982e-02 2.987399e+00 9.987780e-02 
2.987409e+00 8.962782e-02 2.987409e+00 8.988425e-02 
2.987419e+00 7.962582e-02 2.987419e+00 7.989267e-02 
2.987429e+00 6.962381e-02 2.987429e+00 6.990386e-02 
2.987439e+00 5.962181e-02 2.987439e+00 5.991914e-02 
2.987449e+00 4.961981e-02 2.987449e+00 4.994133e-02 
2.987459e+00 3.961781e-02 2.987459e+00 3.997334e-02 
2.987469e+00 2.961581e-02 2.987469e+00 3.002702e-02 
2.987479e+00 1.961381e-02 2.987479e+00 2.012538e-02 
2.987489e+00 9.611812e-03 2.987489e+00 1.035721e-02 
2.987495e+00 3.613920e-03 2.987495e+00 4.766928e-03 
2.987499e+00 -3.954048e-04 2.987499e+00 1.353321e-03 
2.987502e+00 -3.663526e-03 2.987502e+00 -9.816003e-04 
2.987505e+00 -6.781744e-03 2.987505e+00 -2.639744e-03 
2.987508e+00 -9.610894e-03 2.987508e+00 -3.686006e-03 
2.987511e+00 -1.236754e-02 2.987511e+00 -4.465715e-03 
2.987514e+00 -1.593091e-02 2.987514e+00 -5.276977e-03 
2.987521e+00 -2.245541e-02 2.987521e+00 -6.362265e-03 
2.987528e+00 -2.934190e-02 2.987528e+00 -6.980839e-03 
2.987538e+00 -3.903693e-02 2.987538e+00 -7.570557e-03 
2.987548e+00 -4.903893e-02 2.987548e+00 -7.731316e-03 
2.987558e+00 -5.904093e-02 2.987558e+00 -7.888477e-03 
2.987568e+00 -6.904293e-02 2.987568e+00 -7.774951e-03 
2.987573e+00 -7.440902e-02 2.987573e+00 -7.812689e-03 
2.987579e+00 -8.098694e-02 2.987579e+00 -3.736430e-03 
2.987581e+00 -8.261805e-02 2.987581e+00 8.320979e-04 
2.987583e+00 -8.433328e-02 2.987583e+00 -3.432990e-03 
2.987584e+00 -8.594705e-02 2.987584e+00 7.064726e-04 
2.987586e+00 -8.748552e-02 2.987586e+00 -3.170433e-03 
2.987588e+00 -8.930566e-02 2.987588e+00 5.732884e-04 
2.987590e+00 -9.136384e-02 2.987590e+00 -3.049820e-03 
2.987593e+00 -9.413465e-02 2.987593e+00 4.546991e-04 
2.987597e+00 -9.822585e-02 2.987597e+00 -2.995784e-03 
2.987604e+00 -1.055890e-01 2.987604e+00 3.837913e-04 
2.987614e+00 -1.155910e-01 2.987614e+00 -3.003112e-03 
2.987624e+00 -1.255930e-01 2.987624e+00 3.323058e-04 
2.987634e+00 -1.355950e-01 2.987634e+00 -3.002499e-03 
2.987644e+00 -1.455970e-01 2.987644e+00 2.948400e-04 
2.987654e+00 -1.555990e-01 2.987654e+00 -2.990872e-03 
2.987664e+00 -1.656010e-01 2.987664e+00 2.650533e-04 
2.987674e+00 -1.756030e-01 2.987674e+00 -2.973661e-03 
2.987684e+00 -1.856050e-01 2.987684e+00 2.392502e-04 
2.987694e+00 -1.956070e-01 2.987694e+00 -2.953876e-03 
2.987704e+00 -2.056090e-01 2.987704e+00 2.155159e-04 
2.987714e+00 -2.156110e-01 2.987714e+00 -2.933029e-03 
2.987724e+00 -2.256130e-01 2.987724e+00 1.929145e-04 
2.987734e+00 -2.356150e-01 2.987734e+00 -2.911848e-03 
2.987744e+00 -2.456170e-01 2.987744e+00 1.710004e-04 
2.987754e+00 -2.556190e-01 2.987754e+00 -2.890678e-03 
2.987764e+00 -2.656210e-01 2.987764e+00 1.495569e-04 
2.987774e+00 -2.756230e-01 2.987774e+00 -2.869656e-03 
2.987784e+00 -2.856250e-01 2.987784e+00 1.284992e-04 
2.987794e+00 -2.956270e-01 2.987794e+00 -2.848866e-03 
2.987804e+00 -3.056290e-01 2.987804e+00 1.077687e-04 
2.987814e+00 -3.156310e-01 2.987814e+00 -2.828335e-03 
2.987824e+00 -3.256330e-01 2.987824e+00 8.734179e-05 
2.987834e+00 -3.356350e-01 2.987834e+00 -2.808076e-03 
2.987844e+00 -3.456370e-01 2.987844e+00 6.720518e-05 
2.987854e+00 -3.556390e-01 2.987854e+00 -2.788091e-03 
2.987864e+00 -3.656410e-01 2.987864e+00 4.735078e-05 
2.987874e+00 -3.756430e-01 2.987874e+00 -2.768380e-03 
2.987884e+00 -3.856450e-01 2.987884e+00 2.777278e-05 
2.987894e+00 -3.956470e-01 2.987894e+00 -2.748940e-03 
2.987904e+00 -4.056490e-01 2.987904e+00 8.466464e-06 
2.987914e+00 -4.156510e-01 2.987914e+00 -2.729769e-03 
2.987924e+00 -4.256530e-01 2.987924e+00 -1.057233e-05 
2.987934e+00 -4.356550e-01 2.987934e+00 -2.710863e-03 
2.987944e+00 -4.456570e-01 2.987944e+00 -2.934749e-05 
2.987954e+00 -4.556590e-01 2.987954e+00 -2.692218e-03 
2.987964e+00 -4.656610e-01 2.987964e+00 -4.786275e-05 
2.987974e+00 -4.756630e-01 2.987974e+00 -2.673831e-03 
2.987984e+00 -4.856650e-01 2.987984e+00 -6.612175e-05 
2.987994e+00 -4.956670e-01 2.987994e+00 -2.655699e-03 
2.988004e+00 -5.056690e-01 2.988004e+00 -8.412806e-05 
2.988014e+00 -5.156710e-01 2.988014e+00 -2.637818e-03 
2.988024e+00 -5.256730e-01 2.988024e+00 -1.018852e-04 
2.988034e+00 -5.356750e-01 2.988034e+00 -2.620184e-03 
2.988044e+00 -5.456770e-01 2.988044e+00 -1.193966e-04 
2.988054e+00 -5.556791e-01 2.988054e+00 -2.602794e-03 
2.988064e+00 -5.656811e-01 2.988064e+00 -1.366656e-04 
2.988074e+00 -5.756831e-01 2.988074e+00 -2.585645e-03 
2.988084e+00 -5.856851e-01 2.988084e+00 -1.536957e-04 
2.988094e+00 -5.956871e-01 2.988094e+00 -2.568733e-03 
2.988104e+00 -6.056891e-01 2.988104e+00 -1.704901e-04 
2.988114e+00 -6.156911e-01 2.988114e+00 -2.552055e-03 
2.988124e+00 -6.256931e-01 2.988124e+00 -1.870521e-04 
2.988134e+00 -6.356951e-01 2.988134e+00 -2.535608e-03 
2.988144e+00 -6.456971e-01 2.988144e+00 -2.033848e-04 
2.988154e+00 -6.556991e-01 2.988154e+00 -2.519389e-03 
2.988164e+00 -6.657011e-01 2.988164e+00 -2.194916e-04 
2.988174e+00 -6.757031e-01 2.988174e+00 -2.503394e-03 
2.988184e+00 -6.857051e-01 2.988184e+00 -2.353755e-04 
2.988194e+00 -6.957071e-01 2.988194e+00 -2.487620e-03 
2.988204e+00 -7.057091e-01 2.988204e+00 -2.510395e-04 
2.988214e+00 -7.157111e-01 2.988214e+00 -2.472065e-03 
2.988224e+00 -7.257131e-01 2.988224e+00 -2.664868e-04 
2.988234e+00 -7.357151e-01 2.988234e+00 -2.456724e-03 
2.988244e+00 -7.457171e-01 2.988244e+00 -2.817204e-04 
2.988254e+00 -7.557191e-01 2.988254e+00 -2.441597e-03 
2.988264e+00 -7.657211e-01 2.988264e+00 -2.967431e-04 
2.988274e+00 -7.757231e-01 2.988274e+00 -2.426678e-03 
2.988284e+00 -7.857251e-01 2.988284e+00 -3.115579e-04 
2.988294e+00 -7.957271e-01 2.988294e+00 -2.411966e-03 
2.988304e+00 -8.057291e-01 2.988304e+00 -3.261677e-04 
2.988314e+00 -8.157311e-01 2.988314e+00 -2.397458e-03 
2.988324e+00 -8.257331e-01 2.988324e+00 -3.405754e-04 
2.988334e+00 -8.357351e-01 2.988334e+00 -2.383150e-03 
2.988344e+00 -8.457371e-01 2.988344e+00 -3.547836e-04 
2.988354e+00 -8.557391e-01 2.988354e+00 -2.369040e-03 
2.988364e+00 -8.657411e-01 2.988364e+00 -3.687952e-04 
2.988374e+00 -8.757431e-01 2.988374e+00 -2.355126e-03 
2.988384e+00 -8.857451e-01 2.988384e+00 -3.826130e-04 
2.988394e+00 -8.957471e-01 2.988394e+00 -2.341404e-03 
2.988404e+00 -9.057491e-01 2.988404e+00 -3.962395e-04 
2.988414e+00 -9.157511e-01 2.988414e+00 -2.327872e-03 
2.988424e+00 -9.257531e-01 2.988424e+00 -4.096774e-04 
2.988434e+00 -9.357551e-01 2.988434e+00 -2.314528e-03 
2.988444e+00 -9.457571e-01 2.988444e+00 -4.229294e-04 
2.988454e+00 -9.557591e-01 2.988454e+00 -2.301368e-03 
2.988464e+00 -9.657611e-01 2.988464e+00 -4.359980e-04 
2.988474e+00 -9.757631e-01 2.988474e+00 -2.288390e-03 
2.988484e+00 -9.857651e-01 2.988484e+00 -4.488857e-04 
2.988494e+00 -9.957671e-01 2.988494e+00 -2.275591e-03 
2.988504e+00 -1.005769e+00 2.988504e+00 -4.615951e-04 
2.988514e+00 -1.015771e+00 2.988514e+00 -2.262970e-03 
2.988524e+00 -1.025773e+00 2.988524e+00 -4.741286e-04 
2.988534e+00 -1.035775e+00 2.988534e+00 -2.250524e-03 
2.988544e+00 -1.045777e+00 2.988544e+00 -4.864887e-04 
2.988554e+00 -1.055779e+00 2.988554e+00 -2.238249e-03 
2.988564e+00 -1.065781e+00 2.988564e+00 -4.986777e-04 
2.988574e+00 -1.075783e+00 2.988574e+00 -2.226145e-03 
2.988584e+00 -1.085785e+00 2.988584e+00 -5.106980e-04 
2.988594e+00 -1.095787e+00 2.988594e+00 -2.214208e-03 
2.988604e+00 -1.105789e+00 2.988604e+00 -5.225520e-04 
2.988614e+00 -1.115791e+00 2.988614e+00 -2.202436e-03 
2.988624e+00 -1.125793e+00 2.988624e+00 -5.342420e-04 
2.988634e+00 -1.135795e+00 2.988634e+00 -2.190828e-03 
2.988644e+00 -1.145797e+00 2.988644e+00 -5.457702e-04 
2.988654e+00 -1.155799e+00 2.988654e+00 -2.179379e-03 
2.988664e+00 -1.165801e+00 2.988664e+00 -5.571388e-04 
2.988674e+00 -1.175803e+00 2.988674e+00 -2.168090e-03 
2.988684e+00 -1.185805e+00 2.988684e+00 -5.683502e-04 
2.988694e+00 -1.195807e+00 2.988694e+00 -2.156956e-03 
2.988704e+00 -1.205809e+00 2.988704e+00 -5.794063e-04 
2.988714e+00 -1.215811e+00 2.988714e+00 -2.145977e-03 
2.988724e+00 -1.225813e+00 2.988724e+00 -5.903095e-04 
2.988734e+00 -1.235815e+00 2.988734e+00 -2.135149e-03 
2.988744e+00 -1.245817e+00 2.988744e+00 -6.010618e-04 
2.988754e+00 -1.255819e+00 2.988754e+00 -2.124472e-03 
2.988764e+00 -1.265821e+00 2.988764e+00 -6.116653e-04 
2.988774e+00 -1.275823e+00 2.988774e+00 -2.113942e-03 
2.988784e+00 -1.285825e+00 2.988784e+00 -6.221220e-04 
2.988794e+00 -1.295827e+00 2.988794e+00 -2.103557e-03 
2.988804e+00 -1.305829e+00 2.988804e+00 -6.324341e-04 
2.988814e+00 -1.315831e+00 2.988814e+00 -2.093317e-03 
2.988824e+00 -1.325833e+00 2.988824e+00 -6.426034e-04 
2.988834e+00 -1.335835e+00 2.988834e+00 -2.083218e-03 
2.988844e+00 -1.345837e+00 2.988844e+00 -6.526321e-04 
2.988854e+00 -1.355839e+00 2.988854e+00 -2.073259e-03 
2.988864e+00 -1.365841e+00 2.988864e+00 -6.625219e-04 
2.988874e+00 -1.375843e+00 2.988874e+00 -2.063438e-03 
2.988884e+00 -1.385845e+00 2.988884e+00 -6.722749e-04 
2.988894e+00 -1.395847e+00 2.988894e+00 -2.053753e-03 
2.988904e+00 -1.405849e+00 2.988904e+00 -6.818929e-04 
2.988914e+00 -1.415851e+00 2.988914e+00 -2.044201e-03 
2.988924e+00 -1.425853e+00 2.988924e+00 -6.913778e-04 
2.988934e+00 -1.435855e+00 2.988934e+00 -2.034782e-03 
2.988944e+00 -1.445857e+00 2.988944e+00 -7.007315e-04 
2.988954e+00 -1.455859e+00 2.988954e+00 -2.025494e-03 
2.988964e+00 -1.465861e+00 2.988964e+00 -7.099557e-04 
2.988974e+00 -1.475863e+00 2.988974e+00 -2.016333e-03 
2.988984e+00 -1.485865e+00 2.988984e+00 -7.190522e-04 
2.988994e+00 -1.495867e+00 2.988994e+00 -2.007300e-03 
2.989004e+00 -1.505869e+00 2.989004e+00 -7.280229e-04 
2.989014e+00 -1.515871e+00 2.989014e+00 -1.998392e-03 
2.989024e+00 -1.525873e+00 2.989024e+00 -7.368694e-04 
2.989034e+00 -1.535875e+00 2.989034e+00 -1.989607e-03 
2.989044e+00 -1.545877e+00 2.989044e+00 -7.455936e-04 
2.989054e+00 -1.555879e+00 2.989054e+00 -1.980943e-03 
2.989064e+00 -1.565881e+00 2.989064e+00 -7.541969e-04 
2.989074e+00 -1.575883e+00 2.989074e+00 -1.972399e-03 
2.989084e+00 -1.585885e+00 2.989084e+00 -7.626813e-04 
2.989094e+00 -1.595887e+00 2.989094e+00 -1.963974e-03 
2.989104e+00 -1.605889e+00 2.989104e+00 -7.710482e-04 
2.989114e+00 -1.615891e+00 2.989114e+00 -1.955665e-03 
2.989124e+00 -1.625893e+00 2.989124e+00 -7.792993e-04 
2.989134e+00 -1.635895e+00 2.989134e+00 -1.947471e-03 
2.989144e+00 -1.645897e+00 2.989144e+00 -7.874363e-04 
2.989154e+00 -1.655899e+00 2.989154e+00 -1.939391e-03 
2.989164e+00 -1.665901e+00 2.989164e+00 -7.954606e-04 
2.989174e+00 -1.675903e+00 2.989174e+00 -1.931422e-03 
2.989184e+00 -1.685905e+00 2.989184e+00 -8.033739e-04 
2.989194e+00 -1.695907e+00 2.989194e+00 -1.923564e-03 
2.989204e+00 -1.705909e+00 2.989204e+00 -8.111777e-04 
2.989214e+00 -1.715911e+00 2.989214e+00 -1.915814e-03 
2.989224e+00 -1.725913e+00 2.989224e+00 -8.188735e-04 
2.989234e+00 -1.735915e+00 2.989234e+00 -1.908172e-03 
2.989244e+00 -1.745917e+00 2.989244e+00 -8.264628e-04 
2.989254e+00 -1.755919e+00 2.989254e+00 -1.900635e-03 
2.989264e+00 -1.765921e+00 2.989264e+00 -8.339471e-04 
2.989274e+00 -1.775923e+00 2.989274e+00 -1.893203e-03 
2.989284e+00 -1.785925e+00 2.989284e+00 -8.413278e-04 
2.989294e+00 -1.795927e+00 2.989294e+00 -1.885873e-03 
2.989304e+00 -1.805929e+00 2.989304e+00 -8.486063e-04 
2.989314e+00 -1.815931e+00 2.989314e+00 -1.878645e-03 
2.989324e+00 -1.825933e+00 2.989324e+00 -8.557842e-04 
2.989334e+00 -1.835935e+00 2.989334e+00 -1.871517e-03 
2.989344e+00 -1.845937e+00 2.989344e+00 -8.628627e-04 
2.989354e+00 -1.855939e+00 2.989354e+00 -1.864488e-03 
2.989364e+00 -1.865941e+00 2.989364e+00 -8.698432e-04 
2.989374e+00 -1.875943e+00 2.989374e+00 -1.857556e-03 
2.989384e+00 -1.885945e+00 2.989384e+00 -8.767272e-04 
2.989394e+00 -1.895947e+00 2.989394e+00 -1.850720e-03 
2.989404e+00 -1.905949e+00 2.989404e+00 -8.835159e-04 
2.989414e+00 -1.915951e+00 2.989414e+00 -1.843978e-03 
2.989424e+00 -1.925953e+00 2.989424e+00 -8.902106e-04 
2.989434e+00 -1.935955e+00 2.989434e+00 -1.837330e-03 
2.989444e+00 -1.945957e+00 2.989444e+00 -8.968127e-04 
2.989454e+00 -1.955959e+00 2.989454e+00 -1.830774e-03 
2.989464e+00 -1.965961e+00 2.989464e+00 -9.033234e-04 
2.989474e+00 -1.975963e+00 2.989474e+00 -1.824308e-03 
2.989484e+00 -1.985965e+00 2.989484e+00 -9.097440e-04 
2.989494e+00 -1.995967e+00 2.989494e+00 -1.817932e-03 
2.989504e+00 -2.005969e+00 2.989504e+00 -9.160758e-04 
2.989514e+00 -2.015971e+00 2.989514e+00 -1.811644e-03 
2.989524e+00 -2.025973e+00 2.989524e+00 -9.223200e-04 
2.989534e+00 -2.035975e+00 2.989534e+00 -1.805443e-03 
2.989544e+00 -2.045977e+00 2.989544e+00 -9.284777e-04 
2.989554e+00 -2.055979e+00 2.989554e+00 -1.799328e-03 
2.989564e+00 -2.065981e+00 2.989564e+00 -9.345503e-04 
2.989574e+00 -2.075983e+00 2.989574e+00 -1.793298e-03 
2.989584e+00 -2.085985e+00 2.989584e+00 -9.405388e-04 
2.989594e+00 -2.095987e+00 2.989594e+00 -1.787351e-03 
2.989604e+00 -2.105989e+00 2.989604e+00 -9.464444e-04 
2.989614e+00 -2.115991e+00 2.989614e+00 -1.781486e-03 
2.989624e+00 -2.125993e+00 2.989624e+00 -9.522683e-04 
2.989634e+00 -2.135995e+00 2.989634e+00 -1.775703e-03 
2.989644e+00 -2.145997e+00 2.989644e+00 -9.580116e-04 
2.989654e+00 -2.155999e+00 2.989654e+00 -1.770000e-03 
2.989664e+00 -2.166001e+00 2.989664e+00 -9.636754e-04 
2.989674e+00 -2.176003e+00 2.989674e+00 -1.764375e-03 
2.989684e+00 -2.186005e+00 2.989684e+00 -9.692609e-04 
2.989694e+00 -2.196007e+00 2.989694e+00 -1.758828e-03 
2.989704e+00 -2.206009e+00 2.989704e+00 -9.747690e-04 
2.989714e+00 -2.216011e+00 2.989714e+00 -1.753358e-03 
2.989724e+00 -2.226013e+00 2.989724e+00 -9.802009e-04 
2.989734e+00 -2.236015e+00 2.989734e+00 -1.747964e-03 
2.989744e+00 -2.246017e+00 2.989744e+00 -9.855577e-04 
2.989754e+00 -2.256019e+00 2.989754e+00 -1.742645e-03 
2.989764e+00 -2.266021e+00 2.989764e+00 -9.908403e-04 
2.989774e+00 -2.276023e+00 2.989774e+00 -1.737399e-03 
2.989784e+00 -2.286025e+00 2.989784e+00 -9.960498e-04 
2.989794e+00 -2.296027e+00 2.989794e+00 -1.732225e-03 
2.989804e+00 -2.306029e+00 2.989804e+00 -1.001187e-03 
2.989814e+00 -2.316031e+00 2.989814e+00 -1.727124e-03 
2.989824e+00 -2.326033e+00 2.989824e+00 -1.006254e-03 
2.989834e+00 -2.336035e+00 2.989834e+00 -1.722092e-03 
2.989844e+00 -2.346037e+00 2.989844e+00 -1.011250e-03 
2.989854e+00 -2.356039e+00 2.989854e+00 -1.717131e-03 
2.989864e+00 -2.366041e+00 2.989864e+00 -1.016177e-03 
2.989874e+00 -2.376043e+00 2.989874e+00 -1.712238e-03 
2.989884e+00 -2.386045e+00 2.989884e+00 -1.021036e-03 
2.989894e+00 -2.396047e+00 2.989894e+00 -1.707413e-03 
2.989904e+00 -2.406049e+00 2.989904e+00 -1.025827e-03 
2.989914e+00 -2.416051e+00 2.989914e+00 -1.702654e-03 
2.989924e+00 -2.426053e+00 2.989924e+00 -1.030553e-03 
2.989934e+00 -2.436055e+00 2.989934e+00 -1.697962e-03 
2.989944e+00 -2.446057e+00 2.989944e+00 -1.035213e-03 
2.989954e+00 -2.456059e+00 2.989954e+00 -1.693334e-03 
2.989964e+00 -2.466061e+00 2.989964e+00 -1.039808e-03 
2.989974e+00 -2.476063e+00 2.989974e+00 -1.688771e-03 
2.989984e+00 -2.486065e+00 2.989984e+00 -1.044340e-03 
2.989994e+00 -2.496067e+00 2.989994e+00 -1.684270e-03 
2.989998e+00 -2.500000e+00 2.989998e+00 -1.052215e-03 
2.989998e+00 -2.500000e+00 2.989998e+00 -1.340172e-03 
2.989999e+00 -2.500000e+00 2.989999e+00 -1.386633e-03 
2.989999e+00 -2.500000e+00 2.989999e+00 -1.345991e-03 
2.990000e+00 -2.500000e+00 2.990000e+00 -1.382727e-03 
2.990000e+00 -2.499840e+00 2.990000e+00 -1.367126e-03 
2.990000e+00 -2.499520e+00 2.990000e+00 -1.364061e-03 
2.990001e+00 -2.498880e+00 2.990001e+00 -1.366651e-03 
2.990002e+00 -2.497601e+00 2.990002e+00 -1.364267e-03 
2.990005e+00 -2.495041e+00 2.990005e+00 -1.366555e-03 
2.990010e+00 -2.489923e+00 2.990010e+00 -1.364313e-03 
2.990020e+00 -2.479921e+00 2.990020e+00 -1.366532e-03 
2.990030e+00 -2.469919e+00 2.990030e+00 -1.364329e-03 
2.990040e+00 -2.459917e+00 2.990040e+00 -1.366516e-03 
2.990050e+00 -2.449915e+00 2.990050e+00 -1.364344e-03 
2.990060e+00 -2.439913e+00 2.990060e+00 -1.366501e-03 
2.990070e+00 -2.429911e+00 2.990070e+00 -1.364359e-03 
2.990080e+00 -2.419909e+00 2.990080e+00 -1.366487e-03 
2.990090e+00 -2.409907e+00 2.990090e+00 -1.364374e-03 
2.990100e+00 -2.399905e+00 2.990100e+00 -1.366472e-03 
2.990110e+00 -2.389903e+00 2.990110e+00 -1.364388e-03 
2.990120e+00 -2.379901e+00 2.990120e+00 -1.366457e-03 
2.990130e+00 -2.369899e+00 2.990130e+00 -1.364402e-03 
2.990140e+00 -2.359897e+00 2.990140e+00 -1.366443e-03 
2.990150e+00 -2.349895e+00 2.990150e+00 -1.364417e-03 
2.990160e+00 -2.339893e+00 2.990160e+00 -1.366429e-03 
2.990170e+00 -2.329891e+00 2.990170e+00 -1.364431e-03 
2.990180e+00 -2.319889e+00 2.990180e+00 -1.366415e-03 
2.990190e+00 -2.309887e+00 2.990190e+00 -1.364444e-03 
2.990200e+00 -2.299885e+00 2.990200e+00 -1.366401e-03 
2.990210e+00 -2.289883e+00 2.990210e+00 -1.364458e-03 
2.990220e+00 -2.279881e+00 2.990220e+00 -1.366388e-03 
2.990230e+00 -2.269879e+00 2.990230e+00 -1.364471e-03 
2.990240e+00 -2.259877e+00 2.990240e+00 -1.366375e-03 
2.990250e+00 -2.249875e+00 2.990250e+00 -1.364485e-03 
2.990260e+00 -2.239873e+00 2.990260e+00 -1.366362e-03 
2.990270e+00 -2.229871e+00 2.990270e+00 -1.364498e-03 
2.990280e+00 -2.219869e+00 2.990280e+00 -1.366349e-03 
2.990290e+00 -2.209867e+00 2.990290e+00 -1.364510e-03 
2.990300e+00 -2.199865e+00 2.990300e+00 -1.366336e-03 
2.990310e+00 -2.189863e+00 2.990310e+00 -1.364523e-03 
2.990320e+00 -2.179861e+00 2.990320e+00 -1.366323e-03 
2.990330e+00 -2.169859e+00 2.990330e+00 -1.364536e-03 
2.990340e+00 -2.159857e+00 2.990340e+00 -1.366311e-03 
2.990350e+00 -2.149855e+00 2.990350e+00 -1.364548e-03 
2.990360e+00 -2.139853e+00 2.990360e+00 -1.366299e-03 
2.990370e+00 -2.129851e+00 2.990370e+00 -1.364560e-03 
2.990380e+00 -2.119849e+00 2.990380e+00 -1.366286e-03 
2.990390e+00 -2.109847e+00 2.990390e+00 -1.364572e-03 
2.990400e+00 -2.099845e+00 2.990400e+00 -1.366275e-03 
2.990410e+00 -2.089843e+00 2.990410e+00 -1.364584e-03 
2.990420e+00 -2.079841e+00 2.990420e+00 -1.366263e-03 
2.990430e+00 -2.069839e+00 2.990430e+00 -1.364596e-03 
2.990440e+00 -2.059837e+00 2.990440e+00 -1.366251e-03 
2.990450e+00 -2.049835e+00 2.990450e+00 -1.364607e-03 
2.990460e+00 -2.039833e+00 2.990460e+00 -1.366240e-03 
2.990470e+00 -2.029831e+00 2.990470e+00 -1.364618e-03 
2.990480e+00 -2.019829e+00 2.990480e+00 -1.366229e-03 
2.990490e+00 -2.009827e+00 2.990490e+00 -1.364630e-03 
2.990500e+00 -1.999825e+00 2.990500e+00 -1.366217e-03 
2.990510e+00 -1.989823e+00 2.990510e+00 -1.364641e-03 
2.990520e+00 -1.979821e+00 2.990520e+00 -1.366207e-03 
2.990530e+00 -1.969819e+00 2.990530e+00 -1.364651e-03 
2.990540e+00 -1.959817e+00 2.990540e+00 -1.366196e-03 
2.990550e+00 -1.949815e+00 2.990550e+00 -1.364662e-03 
2.990560e+00 -1.939813e+00 2.990560e+00 -1.366185e-03 
2.990570e+00 -1.929811e+00 2.990570e+00 -1.364673e-03 
2.990580e+00 -1.919809e+00 2.990580e+00 -1.366175e-03 
2.990590e+00 -1.909807e+00 2.990590e+00 -1.364683e-03 
2.990600e+00 -1.899805e+00 2.990600e+00 -1.366164e-03 
2.990610e+00 -1.889803e+00 2.990610e+00 -1.364693e-03 
2.990620e+00 -1.879801e+00 2.990620e+00 -1.366154e-03 
2.990630e+00 -1.869799e+00 2.990630e+00 -1.364704e-03 
2.990640e+00 -1.859797e+00 2.990640e+00 -1.366144e-03 
2.990650e+00 -1.849795e+00 2.990650e+00 -1.364714e-03 
2.990660e+00 -1.839793e+00 2.990660e+00 -1.366134e-03 
2.990670e+00 -1.829791e+00 2.990670e+00 -1.364723e-03 
2.990680e+00 -1.819789e+00 2.990680e+00 -1.366124e-03 
2.990690e+00 -1.809787e+00 2.990690e+00 -1.364733e-03 
2.990700e+00 -1.799785e+00 2.990700e+00 -1.366115e-03 
2.990710e+00 -1.789783e+00 2.990710e+00 -1.364743e-03 
2.990720e+00 -1.779781e+00 2.990720e+00 -1.366105e-03 
2.990730e+00 -1.769779e+00 2.990730e+00 -1.364752e-03 
2.990740e+00 -1.759777e+00 2.990740e+00 -1.366096e-03 
2.990750e+00 -1.749775e+00 2.990750e+00 -1.364762e-03 
2.990760e+00 -1.739773e+00 2.990760e+00 -1.366086e-03 
2.990770e+00 -1.729771e+00 2.990770e+00 -1.364771e-03 
2.990780e+00 -1.719769e+00 2.990780e+00 -1.366077e-03 
2.990790e+00 -1.709767e+00 2.990790e+00 -1.364780e-03 
2.990800e+00 -1.699765e+00 2.990800e+00 -1.366068e-03 
2.990810e+00 -1.689763e+00 2.990810e+00 -1.364789e-03 
2.990820e+00 -1.679761e+00 2.990820e+00 -1.366059e-03 
2.990830e+00 -1.669759e+00 2.990830e+00 -1.364798e-03 
2.990840e+00 -1.659757e+00 2.990840e+00 -1.366051e-03 
2.990850e+00 -1.649755e+00 2.990850e+00 -1.364806e-03 
2.990860e+00 -1.639753e+00 2.990860e+00 -1.366042e-03 
2.990870e+00 -1.629751e+00 2.990870e+00 -1.364815e-03 
2.990880e+00 -1.619749e+00 2.990880e+00 -1.366033e-03 
2.990890e+00 -1.609747e+00 2.990890e+00 -1.364823e-03 
2.990900e+00 -1.599745e+00 2.990900e+00 -1.366025e-03 
2.990910e+00 -1.589743e+00 2.990910e+00 -1.364832e-03 
2.990920e+00 -1.579741e+00 2.990920e+00 -1.366017e-03 
2.990930e+00 -1.569739e+00 2.990930e+00 -1.364840e-03 
2.990940e+00 -1.559737e+00 2.990940e+00 -1.366009e-03 
2.990950e+00 -1.549735e+00 2.990950e+00 -1.364848e-03 
2.990960e+00 -1.539733e+00 2.990960e+00 -1.366000e-03 
2.990970e+00 -1.529731e+00 2.990970e+00 -1.364856e-03 
2.990980e+00 -1.519729e+00 2.990980e+00 -1.365993e-03 
2.990990e+00 -1.509727e+00 2.990990e+00 -1.364864e-03 
2.991000e+00 -1.499725e+00 2.991000e+00 -1.365985e-03 
2.991010e+00 -1.489723e+00 2.991010e+00 -1.364872e-03 
2.991020e+00 -1.479721e+00 2.991020e+00 -1.365977e-03 
2.991030e+00 -1.469719e+00 2.991030e+00 -1.364879e-03 
2.991040e+00 -1.459717e+00 2.991040e+00 -1.365969e-03 
2.991050e+00 -1.449715e+00 2.991050e+00 -1.364887e-03 
2.991060e+00 -1.439713e+00 2.991060e+00 -1.365962e-03 
2.991070e+00 -1.429711e+00 2.991070e+00 -1.364894e-03 
2.991080e+00 -1.419709e+00 2.991080e+00 -1.365954e-03 
2.991090e+00 -1.409707e+00 2.991090e+00 -1.364902e-03 
2.991100e+00 -1.399705e+00 2.991100e+00 -1.365947e-03 
2.991110e+00 -1.389703e+00 2.991110e+00 -1.364909e-03 
2.991120e+00 -1.379701e+00 2.991120e+00 -1.365940e-03 
2.991130e+00 -1.369699e+00 2.991130e+00 -1.364916e-03 
2.991140e+00 -1.359697e+00 2.991140e+00 -1.365933e-03 
2.991150e+00 -1.349695e+00 2.991150e+00 -1.364923e-03 
2.991160e+00 -1.339693e+00 2.991160e+00 -1.365926e-03 
2.991170e+00 -1.329691e+00 2.991170e+00 -1.364930e-03 
2.991180e+00 -1.319689e+00 2.991180e+00 -1.365919e-03 
2.991190e+00 -1.309687e+00 2.991190e+00 -1.364937e-03 
2.991200e+00 -1.299685e+00 2.991200e+00 -1.365912e-03 
2.991210e+00 -1.289683e+00 2.991210e+00 -1.364944e-03 
2.991220e+00 -1.279681e+00 2.991220e+00 -1.365905e-03 
2.991230e+00 -1.269679e+00 2.991230e+00 -1.364950e-03 
2.991240e+00 -1.259677e+00 2.991240e+00 -1.365899e-03 
2.991250e+00 -1.249675e+00 2.991250e+00 -1.364957e-03 
2.991260e+00 -1.239673e+00 2.991260e+00 -1.365892e-03 
2.991270e+00 -1.229671e+00 2.991270e+00 -1.364964e-03 
2.991280e+00 -1.219669e+00 2.991280e+00 -1.365886e-03 
2.991290e+00 -1.209667e+00 2.991290e+00 -1.364970e-03 
2.991300e+00 -1.199665e+00 2.991300e+00 -1.365879e-03 
2.991310e+00 -1.189663e+00 2.991310e+00 -1.364976e-03 
2.991320e+00 -1.179661e+00 2.991320e+00 -1.365873e-03 
2.991330e+00 -1.169659e+00 2.991330e+00 -1.364982e-03 
2.991340e+00 -1.159657e+00 2.991340e+00 -1.365867e-03 
2.991350e+00 -1.149655e+00 2.991350e+00 -1.364989e-03 
2.991360e+00 -1.139653e+00 2.991360e+00 -1.365861e-03 
2.991370e+00 -1.129651e+00 2.991370e+00 -1.364995e-03 
2.991380e+00 -1.119649e+00 2.991380e+00 -1.365855e-03 
2.991390e+00 -1.109647e+00 2.991390e+00 -1.365001e-03 
2.991400e+00 -1.099645e+00 2.991400e+00 -1.365849e-03 
2.991410e+00 -1.089643e+00 2.991410e+00 -1.365007e-03 
2.991420e+00 -1.079641e+00 2.991420e+00 -1.365843e-03 
2.991430e+00 -1.069639e+00 2.991430e+00 -1.365012e-03 
2.991440e+00 -1.059637e+00 2.991440e+00 -1.365837e-03 
2.991450e+00 -1.049635e+00 2.991450e+00 -1.365018e-03 
2.991460e+00 -1.039633e+00 2.991460e+00 -1.365832e-03 
2.991470e+00 -1.029631e+00 2.991470e+00 -1.365024e-03 
2.991480e+00 -1.019629e+00 2.991480e+00 -1.365826e-03 
2.991490e+00 -1.009627e+00 2.991490e+00 -1.365029e-03 
2.991500e+00 -9.996250e-01 2.991500e+00 -1.365820e-03 
2.991510e+00 -9.896230e-01 2.991510e+00 -1.365035e-03 
2.991520e+00 -9.796210e-01 2.991520e+00 -1.365815e-03 
2.991530e+00 -9.696190e-01 2.991530e+00 -1.365040e-03 
2.991540e+00 -9.596170e-01 2.991540e+00 -1.365810e-03 
2.991550e+00 -9.496150e-01 2.991550e+00 -1.365046e-03 
2.991560e+00 -9.396130e-01 2.991560e+00 -1.365804e-03 
2.991570e+00 -9.296110e-01 2.991570e+00 -1.365051e-03 
2.991580e+00 -9.196090e-01 2.991580e+00 -1.365799e-03 
2.991590e+00 -9.096070e-01 2.991590e+00 -1.365056e-03 
2.991600e+00 -8.996050e-01 2.991600e+00 -1.365794e-03 
2.991610e+00 -8.896030e-01 2.991610e+00 -1.365061e-03 
2.991620e+00 -8.796010e-01 2.991620e+00 -1.365789e-03 
2.991630e+00 -8.695990e-01 2.991630e+00 -1.365066e-03 
2.991640e+00 -8.595970e-01 2.991640e+00 -1.365784e-03 
2.991650e+00 -8.495950e-01 2.991650e+00 -1.365071e-03 
2.991660e+00 -8.395930e-01 2.991660e+00 -1.365779e-03 
2.991670e+00 -8.295910e-01 2.991670e+00 -1.365076e-03 
2.991680e+00 -8.195890e-01 2.991680e+00 -1.365774e-03 
2.991690e+00 -8.095870e-01 2.991690e+00 -1.365081e-03 
2.991700e+00 -7.995850e-01 2.991700e+00 -1.365769e-03 
2.991710e+00 -7.895830e-01 2.991710e+00 -1.365086e-03 
2.991720e+00 -7.795810e-01 2.991720e+00 -1.365764e-03 
2.991730e+00 -7.695790e-01 2.991730e+00 -1.365090e-03 
2.991740e+00 -7.595770e-01 2.991740e+00 -1.365760e-03 
2.991750e+00 -7.495750e-01 2.991750e+00 -1.365095e-03 
2.991760e+00 -7.395730e-01 2.991760e+00 -1.365755e-03 
2.991770e+00 -7.295710e-01 2.991770e+00 -1.365100e-03 
2.991780e+00 -7.195690e-01 2.991780e+00 -1.365750e-03 
2.991790e+00 -7.095670e-01 2.991790e+00 -1.365104e-03 
2.991800e+00 -6.995650e-01 2.991800e+00 -1.365746e-03 
2.991810e+00 -6.895630e-01 2.991810e+00 -1.365109e-03 
2.991820e+00 -6.795610e-01 2.991820e+00 -1.365742e-03 
2.991830e+00 -6.695590e-01 2.991830e+00 -1.365113e-03 
2.991840e+00 -6.595570e-01 2.991840e+00 -1.365737e-03 
2.991850e+00 -6.495550e-01 2.991850e+00 -1.365117e-03 
2.991860e+00 -6.395530e-01 2.991860e+00 -1.365733e-03 
2.991870e+00 -6.295510e-01 2.991870e+00 -1.365122e-03 
2.991880e+00 -6.195489e-01 2.991880e+00 -1.365729e-03 
2.991890e+00 -6.095469e-01 2.991890e+00 -1.365126e-03 
2.991900e+00 -5.995449e-01 2.991900e+00 -1.365724e-03 
2.991910e+00 -5.895429e-01 2.991910e+00 -1.365130e-03 
2.991920e+00 -5.795409e-01 2.991920e+00 -1.365720e-03 
2.991930e+00 -5.695389e-01 2.991930e+00 -1.365134e-03 
2.991940e+00 -5.595369e-01 2.991940e+00 -1.365716e-03 
2.991950e+00 -5.495349e-01 2.991950e+00 -1.365138e-03 
2.991960e+00 -5.395329e-01 2.991960e+00 -1.365712e-03 
2.991970e+00 -5.295309e-01 2.991970e+00 -1.365142e-03 
2.991980e+00 -5.195289e-01 2.991980e+00 -1.365708e-03 
2.991990e+00 -5.095269e-01 2.991990e+00 -1.365146e-03 
2.992000e+00 -4.995249e-01 2.992000e+00 -1.365704e-03 
2.992010e+00 -4.895229e-01 2.992010e+00 -1.365150e-03 
2.992020e+00 -4.795209e-01 2.992020e+00 -1.365700e-03 
2.992030e+00 -4.695189e-01 2.992030e+00 -1.365154e-03 
2.992040e+00 -4.595169e-01 2.992040e+00 -1.365697e-03 
2.992050e+00 -4.495149e-01 2.992050e+00 -1.365157e-03 
2.992060e+00 -4.395129e-01 2.992060e+00 -1.365693e-03 
2.992070e+00 -4.295109e-01 2.992070e+00 -1.365161e-03 
2.992080e+00 -4.195089e-01 2.992080e+00 -1.365689e-03 
2.992090e+00 -4.095069e-01 2.992090e+00 -1.365164e-03 
2.992100e+00 -3.995049e-01 2.992100e+00 -1.365685e-03 
2.992110e+00 -3.895029e-01 2.992110e+00 -1.365167e-03 
2.992120e+00 -3.795009e-01 2.992120e+00 -1.365680e-03 
2.992130e+00 -3.694989e-01 2.992130e+00 -1.365170e-03 
2.992140e+00 -3.594969e-01 2.992140e+00 -1.365675e-03 
2.992150e+00 -3.494949e-01 2.992150e+00 -1.365170e-03 
2.992160e+00 -3.394929e-01 2.992160e+00 -1.365667e-03 
2.992170e+00 -3.294909e-01 2.992170e+00 -1.365167e-03 
2.992180e+00 -3.194889e-01 2.992180e+00 -1.365654e-03 
2.992190e+00 -3.094869e-01 2.992190e+00 -1.365157e-03 
2.992200e+00 -2.994849e-01 2.992200e+00 -1.365630e-03 
2.992210e+00 -2.894829e-01 2.992210e+00 -1.365130e-03 
2.992220e+00 -2.794809e-01 2.992220e+00 -1.365583e-03 
2.992230e+00 -2.694789e-01 2.992230e+00 -1.365069e-03 
2.992240e+00 -2.594769e-01 2.992240e+00 -1.365485e-03 
2.992250e+00 -2.494749e-01 2.992250e+00 -1.364932e-03 
2.992260e+00 -2.394729e-01 2.992260e+00 -1.365275e-03 
2.992270e+00 -2.294709e-01 2.992270e+00 -1.364632e-03 
2.992280e+00 -2.194689e-01 2.992280e+00 -1.364825e-03 
2.992290e+00 -2.094669e-01 2.992290e+00 -1.363978e-03 
2.992300e+00 -1.994649e-01 2.992300e+00 -1.363858e-03 
2.992310e+00 -1.894629e-01 2.992310e+00 -1.362566e-03 
2.992320e+00 -1.794609e-01 2.992320e+00 -1.361781e-03 
2.992330e+00 -1.694589e-01 2.992330e+00 -1.359536e-03 
2.992340e+00 -1.594569e-01 2.992340e+00 -1.357353e-03 
2.992350e+00 -1.494549e-01 2.992350e+00 -1.353114e-03 
2.992360e+00 -1.394529e-01 2.992360e+00 -1.348076e-03 
2.992370e+00 -1.294509e-01 2.992370e+00 -1.339842e-03 
2.992380e+00 -1.194489e-01 2.992380e+00 -1.329289e-03 
2.992390e+00 -1.094469e-01 2.992390e+00 -1.313675e-03 
2.992400e+00 -9.944493e-02 2.992400e+00 -1.293540e-03 
2.992410e+00 -8.944293e-02 2.992410e+00 -1.266032e-03 
2.992420e+00 -7.944093e-02 2.992420e+00 -1.231821e-03 
2.992430e+00 -6.943893e-02 2.992430e+00 -1.188593e-03 
2.992440e+00 -5.943693e-02 2.992440e+00 -1.137825e-03 
2.992450e+00 -4.943493e-02 2.992450e+00 -1.078235e-03 
2.992460e+00 -3.943293e-02 2.992460e+00 -1.012265e-03 
2.992470e+00 -2.943093e-02 2.992470e+00 -9.394822e-04 
2.992480e+00 -1.942893e-02 2.992480e+00 -8.627918e-04 
2.992490e+00 -9.426925e-03 2.992490e+00 -7.688434e-04 
2.992500e+00 5.750750e-04 2.992500e+00 -6.798932e-04 
2.992510e+00 1.057708e-02 2.992510e+00 -5.539359e-04 
2.992514e+00 1.447374e-02 2.992514e+00 -3.916894e-04 
2.992517e+00 1.707485e-02 2.992517e+00 5.994693e-04 
2.992519e+00 1.929183e-02 2.992519e+00 1.895743e-03 
2.992520e+00 2.025372e-02 2.992520e+00 1.015581e-03 
2.992521e+00 2.120180e-02 2.992521e+00 2.061721e-03 
2.992522e+00 2.202760e-02 2.992522e+00 1.268510e-03 
2.992522e+00 2.287739e-02 2.992522e+00 2.186811e-03 
2.992523e+00 2.391276e-02 2.992523e+00 1.536818e-03 
2.992525e+00 2.530083e-02 2.992525e+00 2.418026e-03 
2.992527e+00 2.795556e-02 2.992527e+00 2.029244e-03 
2.992533e+00 3.326502e-02 2.992533e+00 3.349744e-03 
2.992540e+00 4.043183e-02 2.992540e+00 3.616683e-03 
2.992550e+00 5.043384e-02 2.992550e+00 5.834793e-03 
2.992560e+00 6.043584e-02 2.992560e+00 7.355060e-03 
2.992570e+00 7.043784e-02 2.992570e+00 1.188282e-02 
2.992575e+00 7.520166e-02 2.992575e+00 1.628392e-02 
2.992577e+00 7.786371e-02 2.992577e+00 2.224785e-02 
2.992579e+00 7.909216e-02 2.992579e+00 3.077387e-02 
2.992579e+00 7.962636e-02 2.992579e+00 5.519636e-02 
2.992580e+00 8.007665e-02 2.992580e+00 7.536259e-02 
2.992580e+00 8.019359e-02 2.992580e+00 7.691269e-02 
2.992580e+00 8.031156e-02 2.992580e+00 7.802118e-02 
2.992580e+00 8.037076e-02 2.992580e+00 7.838805e-02 
2.992580e+00 8.045208e-02 2.992580e+00 7.895113e-02 
2.992580e+00 8.053601e-02 2.992580e+00 7.932158e-02 
2.992580e+00 8.067430e-02 2.992580e+00 7.990999e-02 
2.992580e+00 8.080378e-02 2.992580e+00 8.020377e-02 
2.992580e+00 8.095267e-02 2.992580e+00 8.055589e-02 
2.992581e+00 8.109623e-02 2.992581e+00 8.072363e-02 
2.992581e+00 8.126567e-02 2.992581e+00 8.100000e-02 
2.992581e+00 8.145727e-02 2.992581e+00 8.116676e-02 
2.992581e+00 8.170477e-02 2.992581e+00 8.148537e-02 
2.992582e+00 8.202210e-02 2.992582e+00 8.175613e-02 
2.992582e+00 8.244452e-02 2.992582e+00 8.223488e-02 
2.992583e+00 8.307536e-02 2.992583e+00 8.281299e-02 
2.992584e+00 8.405302e-02 2.992584e+00 8.384521e-02 
2.992585e+00 8.600833e-02 2.992585e+00 8.574895e-02 
2.992589e+00 8.991894e-02 2.992589e+00 8.971672e-02 
2.992597e+00 9.774018e-02 2.992597e+00 9.749087e-02 
2.992607e+00 1.077422e-01 2.992607e+00 1.075530e-01 
2.992617e+00 1.177442e-01 2.992617e+00 1.175071e-01 
2.992627e+00 1.277462e-01 2.992627e+00 1.275670e-01 
2.992637e+00 1.377482e-01 2.992637e+00 1.375194e-01 
2.992647e+00 1.477502e-01 2.992647e+00 1.475781e-01 
2.992657e+00 1.577522e-01 2.992657e+00 1.575295e-01 
2.992667e+00 1.677542e-01 2.992667e+00 1.675874e-01 
2.992677e+00 1.777562e-01 2.992677e+00 1.775381e-01 
2.992687e+00 1.877582e-01 2.992687e+00 1.875953e-01 
2.992697e+00 1.977602e-01 2.992697e+00 1.975456e-01 
2.992707e+00 2.077622e-01 2.992707e+00 2.076024e-01 
2.992717e+00 2.177642e-01 2.992717e+00 2.175523e-01 
2.992727e+00 2.277662e-01 2.992727e+00 2.276088e-01 
2.992737e+00 2.377682e-01 2.992737e+00 2.375584e-01 
2.992747e+00 2.477702e-01 2.992747e+00 2.476147e-01 
2.992757e+00 2.577722e-01 2.992757e+00 2.575641e-01 
2.992767e+00 2.677742e-01 2.992767e+00 2.676202e-01 
2.992777e+00 2.777762e-01 2.992777e+00 2.775695e-01 
2.992787e+00 2.877782e-01 2.992787e+00 2.876253e-01 
2.992797e+00 2.977802e-01 2.992797e+00 2.975745e-01 
2.992807e+00 3.077822e-01 2.992807e+00 3.076303e-01 
2.992817e+00 3.177842e-01 2.992817e+00 3.175794e-01 
2.992827e+00 3.277862e-01 2.992827e+00 3.276350e-01 
2.992837e+00 3.377882e-01 2.992837e+00 3.375840e-01 
2.992847e+00 3.477902e-01 2.992847e+00 3.476396e-01 
2.992857e+00 3.577922e-01 2.992857e+00 3.575885e-01 
2.992867e+00 3.677942e-01 2.992867e+00 3.676440e-01 
2.992877e+00 3.777962e-01 2.992877e+00 3.775929e-01 
2.992887e+00 3.877982e-01 2.992887e+00 3.876483e-01 
2.992897e+00 3.978002e-01 2.992897e+00 3.975971e-01 
2.992907e+00 4.078022e-01 2.992907e+00 4.076525e-01 
2.992917e+00 4.178042e-01 2.992917e+00 4.176013e-01 
2.992927e+00 4.278062e-01 2.992927e+00 4.276566e-01 
2.992937e+00 4.378082e-01 2.992937e+00 4.376054e-01 
2.992947e+00 4.478102e-01 2.992947e+00 4.476606e-01 
2.992957e+00 4.578122e-01 2.992957e+00 4.576094e-01 
2.992967e+00 4.678142e-01 2.992967e+00 4.676646e-01 
2.992977e+00 4.778162e-01 2.992977e+00 4.776134e-01 
2.992987e+00 4.878182e-01 2.992987e+00 4.876685e-01 
2.992997e+00 4.978202e-01 2.992997e+00 4.976173e-01 
2.993007e+00 5.078222e-01 2.993007e+00 5.076724e-01 
2.993017e+00 5.178242e-01 2.993017e+00 5.176211e-01 
2.993027e+00 5.278262e-01 2.993027e+00 5.276762e-01 
2.993037e+00 5.378282e-01 2.993037e+00 5.376249e-01 
2.993047e+00 5.478302e-01 2.993047e+00 5.476800e-01 
2.993057e+00 5.578322e-01 2.993057e+00 5.576287e-01 
2.993067e+00 5.678342e-01 2.993067e+00 5.676837e-01 
2.993077e+00 5.778362e-01 2.993077e+00 5.776324e-01 
2.993087e+00 5.878382e-01 2.993087e+00 5.876874e-01 
2.993097e+00 5.978402e-01 2.993097e+00 5.976362e-01 
2.993107e+00 6.078422e-01 2.993107e+00 6.076911e-01 
2.993117e+00 6.178442e-01 2.993117e+00 6.176398e-01 
2.993127e+00 6.278462e-01 2.993127e+00 6.276948e-01 
2.993137e+00 6.378482e-01 2.993137e+00 6.376435e-01 
2.993147e+00 6.478502e-01 2.993147e+00 6.476984e-01 
2.993157e+00 6.578522e-01 2.993157e+00 6.576471e-01 
2.993167e+00 6.678542e-01 2.993167e+00 6.677020e-01 
2.993177e+00 6.778562e-01 2.993177e+00 6.776507e-01 
2.993187e+00 6.878582e-01 2.993187e+00 6.877056e-01 
2.993197e+00 6.978602e-01 2.993197e+00 6.976543e-01 
2.993207e+00 7.078622e-01 2.993207e+00 7.077092e-01 
2.993217e+00 7.178642e-01 2.993217e+00 7.176579e-01 
2.993227e+00 7.278662e-01 2.993227e+00 7.277127e-01 
2.993237e+00 7.378682e-01 2.993237e+00 7.376615e-01 
2.993247e+00 7.478702e-01 2.993247e+00 7.477163e-01 
2.993257e+00 7.578722e-01 2.993257e+00 7.576650e-01 
2.993267e+00 7.678742e-01 2.993267e+00 7.677198e-01 
2.993277e+00 7.778762e-01 2.993277e+00 7.776685e-01 
2.993287e+00 7.878782e-01 2.993287e+00 7.877233e-01 
2.993297e+00 7.978802e-01 2.993297e+00 7.976721e-01 
2.993307e+00 8.078822e-01 2.993307e+00 8.077268e-01 
2.993317e+00 8.178842e-01 2.993317e+00 8.176756e-01 
2.993327e+00 8.278862e-01 2.993327e+00 8.277303e-01 
2.993337e+00 8.378882e-01 2.993337e+00 8.376791e-01 
2.993347e+00 8.478902e-01 2.993347e+00 8.477338e-01 
2.993357e+00 8.578922e-01 2.993357e+00 8.576825e-01 
2.993367e+00 8.678942e-01 2.993367e+00 8.677372e-01 
2.993377e+00 8.778962e-01 2.993377e+00 8.776860e-01 
2.993387e+00 8.878982e-01 2.993387e+00 8.877407e-01 
2.993397e+00 8.979002e-01 2.993397e+00 8.976895e-01 
2.993407e+00 9.079022e-01 2.993407e+00 9.077441e-01 
2.993417e+00 9.179042e-01 2.993417e+00 9.176929e-01 
2.993427e+00 9.279062e-01 2.993427e+00 9.277476e-01 
2.993437e+00 9.379082e-01 2.993437e+00 9.376964e-01 
2.993447e+00 9.479102e-01 2.993447e+00 9.477510e-01 
2.993457e+00 9.579122e-01 2.993457e+00 9.576998e-01 
2.993467e+00 9.679142e-01 2.993467e+00 9.677545e-01 
2.993477e+00 9.779162e-01 2.993477e+00 9.777033e-01 
2.993487e+00 9.879182e-01 2.993487e+00 9.877579e-01 
2.993497e+00 9.979202e-01 2.993497e+00 9.977067e-01 
2.993507e+00 1.007922e+00 2.993507e+00 1.007761e+00 
2.993517e+00 1.017924e+00 2.993517e+00 1.017710e+00 
2.993527e+00 1.027926e+00 2.993527e+00 1.027765e+00 
2.993537e+00 1.037928e+00 2.993537e+00 1.037714e+00 
2.993547e+00 1.047930e+00 2.993547e+00 1.047768e+00 
2.993557e+00 1.057932e+00 2.993557e+00 1.057717e+00 
2.993567e+00 1.067934e+00 2.993567e+00 1.067772e+00 
2.993577e+00 1.077936e+00 2.993577e+00 1.077720e+00 
2.993587e+00 1.087938e+00 2.993587e+00 1.087775e+00 
2.993597e+00 1.097940e+00 2.993597e+00 1.097724e+00 
2.993607e+00 1.107942e+00 2.993607e+00 1.107778e+00 
2.993617e+00 1.117944e+00 2.993617e+00 1.117727e+00 
2.993627e+00 1.127946e+00 2.993627e+00 1.127782e+00 
2.993637e+00 1.137948e+00 2.993637e+00 1.137731e+00 
2.993647e+00 1.147950e+00 2.993647e+00 1.147785e+00 
2.993657e+00 1.157952e+00 2.993657e+00 1.157734e+00 
2.993667e+00 1.167954e+00 2.993667e+00 1.167788e+00 
2.993677e+00 1.177956e+00 2.993677e+00 1.177737e+00 
2.993687e+00 1.187958e+00 2.993687e+00 1.187792e+00 
2.993697e+00 1.197960e+00 2.993697e+00 1.197741e+00 
2.993707e+00 1.207962e+00 2.993707e+00 1.207795e+00 
2.993717e+00 1.217964e+00 2.993717e+00 1.217744e+00 
2.993727e+00 1.227966e+00 2.993727e+00 1.227799e+00 
2.993737e+00 1.237968e+00 2.993737e+00 1.237748e+00 
2.993747e+00 1.247970e+00 2.993747e+00 1.247802e+00 
2.993757e+00 1.257972e+00 2.993757e+00 1.257751e+00 
2.993767e+00 1.267974e+00 2.993767e+00 1.267805e+00 
2.993777e+00 1.277976e+00 2.993777e+00 1.277754e+00 
2.993787e+00 1.287978e+00 2.993787e+00 1.287809e+00 
2.993797e+00 1.297980e+00 2.993797e+00 1.297758e+00 
2.993807e+00 1.307982e+00 2.993807e+00 1.307812e+00 
2.993817e+00 1.317984e+00 2.993817e+00 1.317761e+00 
2.993827e+00 1.327986e+00 2.993827e+00 1.327815e+00 
2.993837e+00 1.337988e+00 2.993837e+00 1.337764e+00 
2.993847e+00 1.347990e+00 2.993847e+00 1.347819e+00 
2.993857e+00 1.357992e+00 2.993857e+00 1.357768e+00 
2.993867e+00 1.367994e+00 2.993867e+00 1.367822e+00 
2.993877e+00 1.377996e+00 2.993877e+00 1.377771e+00 
2.993887e+00 1.387998e+00 2.993887e+00 1.387825e+00 
2.993897e+00 1.398000e+00 2.993897e+00 1.397775e+00 
2.993907e+00 1.408002e+00 2.993907e+00 1.407829e+00 
2.993917e+00 1.418004e+00 2.993917e+00 1.417778e+00 
2.993927e+00 1.428006e+00 2.993927e+00 1.427832e+00 
2.993937e+00 1.438008e+00 2.993937e+00 1.437781e+00 
2.993947e+00 1.448010e+00 2.993947e+00 1.447835e+00 
2.993957e+00 1.458012e+00 2.993957e+00 1.457785e+00 
2.993967e+00 1.468014e+00 2.993967e+00 1.467839e+00 
2.993977e+00 1.478016e+00 2.993977e+00 1.477788e+00 
2.993987e+00 1.488018e+00 2.993987e+00 1.487842e+00 
2.993997e+00 1.498020e+00 2.993997e+00 1.497791e+00 
2.994007e+00 1.508022e+00 2.994007e+00 1.507845e+00 
2.994017e+00 1.518024e+00 2.994017e+00 1.517795e+00 
2.994027e+00 1.528026e+00 2.994027e+00 1.527849e+00 
2.994037e+00 1.538028e+00 2.994037e+00 1.537798e+00 
2.994047e+00 1.548030e+00 2.994047e+00 1.547852e+00 
2.994057e+00 1.558032e+00 2.994057e+00 1.557801e+00 
2.994067e+00 1.568034e+00 2.994067e+00 1.567856e+00 
2.994077e+00 1.578036e+00 2.994077e+00 1.577805e+00 
2.994087e+00 1.588038e+00 2.994087e+00 1.587859e+00 
2.994097e+00 1.598040e+00 2.994097e+00 1.597808e+00 
2.994107e+00 1.608042e+00 2.994107e+00 1.607862e+00 
2.994117e+00 1.618044e+00 2.994117e+00 1.617811e+00 
2.994127e+00 1.628046e+00 2.994127e+00 1.627865e+00 
2.994137e+00 1.638048e+00 2.994137e+00 1.637815e+00 
2.994147e+00 1.648050e+00 2.994147e+00 1.647869e+00 
2.994157e+00 1.658052e+00 2.994157e+00 1.657818e+00 
2.994167e+00 1.668054e+00 2.994167e+00 1.667872e+00 
2.994177e+00 1.678056e+00 2.994177e+00 1.677821e+00 
2.994187e+00 1.688058e+00 2.994187e+00 1.687875e+00 
2.994197e+00 1.698060e+00 2.994197e+00 1.697825e+00 
2.994207e+00 1.708062e+00 2.994207e+00 1.707879e+00 
2.994217e+00 1.718064e+00 2.994217e+00 1.717828e+00 
2.994227e+00 1.728066e+00 2.994227e+00 1.727882e+00 
2.994237e+00 1.738068e+00 2.994237e+00 1.737831e+00 
2.994247e+00 1.748070e+00 2.994247e+00 1.747885e+00 
2.994257e+00 1.758072e+00 2.994257e+00 1.757835e+00 
2.994267e+00 1.768074e+00 2.994267e+00 1.767889e+00 
2.994277e+00 1.778076e+00 2.994277e+00 1.777838e+00 
2.994287e+00 1.788078e+00 2.994287e+00 1.787892e+00 
2.994297e+00 1.798080e+00 2.994297e+00 1.797841e+00 
2.994307e+00 1.808082e+00 2.994307e+00 1.807895e+00 
2.994317e+00 1.818084e+00 2.994317e+00 1.817845e+00 
2.994327e+00 1.828086e+00 2.994327e+00 1.827899e+00 
2.994337e+00 1.838088e+00 2.994337e+00 1.837848e+00 
2.994347e+00 1.848090e+00 2.994347e+00 1.847902e+00 
2.994357e+00 1.858092e+00 2.994357e+00 1.857851e+00 
2.994367e+00 1.868094e+00 2.994367e+00 1.867905e+00 
2.994377e+00 1.878096e+00 2.994377e+00 1.877855e+00 
2.994387e+00 1.888098e+00 2.994387e+00 1.887909e+00 
2.994397e+00 1.898100e+00 2.994397e+00 1.897858e+00 
2.994407e+00 1.908102e+00 2.994407e+00 1.907912e+00 
2.994417e+00 1.918104e+00 2.994417e+00 1.917861e+00 
2.994427e+00 1.928106e+00 2.994427e+00 1.927915e+00 
2.994437e+00 1.938108e+00 2.994437e+00 1.937865e+00 
2.994447e+00 1.948110e+00 2.994447e+00 1.947919e+00 
2.994457e+00 1.958112e+00 2.994457e+00 1.957868e+00 
2.994467e+00 1.968114e+00 2.994467e+00 1.967922e+00 
2.994477e+00 1.978116e+00 2.994477e+00 1.977871e+00 
2.994487e+00 1.988118e+00 2.994487e+00 1.987925e+00 
2.994497e+00 1.998120e+00 2.994497e+00 1.997875e+00 
2.994507e+00 2.008122e+00 2.994507e+00 2.007929e+00 
2.994517e+00 2.018124e+00 2.994517e+00 2.017878e+00 
2.994527e+00 2.028126e+00 2.994527e+00 2.027932e+00 
2.994537e+00 2.038128e+00 2.994537e+00 2.037881e+00 
2.994547e+00 2.048130e+00 2.994547e+00 2.047935e+00 
2.994557e+00 2.058132e+00 2.994557e+00 2.057885e+00 
2.994567e+00 2.068134e+00 2.994567e+00 2.067939e+00 
2.994577e+00 2.078136e+00 2.994577e+00 2.077888e+00 
2.994587e+00 2.088138e+00 2.994587e+00 2.087942e+00 
2.994597e+00 2.098140e+00 2.994597e+00 2.097891e+00 
2.994607e+00 2.108142e+00 2.994607e+00 2.107945e+00 
2.994617e+00 2.118144e+00 2.994617e+00 2.117895e+00 
2.994627e+00 2.128146e+00 2.994627e+00 2.127948e+00 
2.994637e+00 2.138148e+00 2.994637e+00 2.137898e+00 
2.994647e+00 2.148150e+00 2.994647e+00 2.147952e+00 
2.994657e+00 2.158152e+00 2.994657e+00 2.157901e+00 
2.994667e+00 2.168154e+00 2.994667e+00 2.167955e+00 
2.994677e+00 2.178156e+00 2.994677e+00 2.177905e+00 
2.994687e+00 2.188158e+00 2.994687e+00 2.187958e+00 
2.994697e+00 2.198160e+00 2.994697e+00 2.197908e+00 
2.994707e+00 2.208162e+00 2.994707e+00 2.207962e+00 
2.994717e+00 2.218164e+00 2.994717e+00 2.217911e+00 
2.994727e+00 2.228166e+00 2.994727e+00 2.227965e+00 
2.994737e+00 2.238168e+00 2.994737e+00 2.237915e+00 
2.994747e+00 2.248170e+00 2.994747e+00 2.247968e+00 
2.994757e+00 2.258172e+00 2.994757e+00 2.257918e+00 
2.994767e+00 2.268174e+00 2.994767e+00 2.267972e+00 
2.994777e+00 2.278176e+00 2.994777e+00 2.277921e+00 
2.994787e+00 2.288178e+00 2.994787e+00 2.287975e+00 
2.994797e+00 2.298180e+00 2.994797e+00 2.297925e+00 
2.994807e+00 2.308182e+00 2.994807e+00 2.307978e+00 
2.994817e+00 2.318184e+00 2.994817e+00 2.317928e+00 
2.994827e+00 2.328186e+00 2.994827e+00 2.327981e+00 
2.994837e+00 2.338188e+00 2.994837e+00 2.337931e+00 
2.994847e+00 2.348190e+00 2.994847e+00 2.347985e+00 
2.994857e+00 2.358192e+00 2.994857e+00 2.357934e+00 
2.994867e+00 2.368194e+00 2.994867e+00 2.367988e+00 
2.994877e+00 2.378196e+00 2.994877e+00 2.377938e+00 
2.994887e+00 2.388198e+00 2.994887e+00 2.387991e+00 
2.994897e+00 2.398200e+00 2.994897e+00 2.397941e+00 
2.994907e+00 2.408202e+00 2.994907e+00 2.407995e+00 
2.994917e+00 2.418204e+00 2.994917e+00 2.417944e+00 
2.994927e+00 2.428206e+00 2.994927e+00 2.427998e+00 
2.994937e+00 2.438208e+00 2.994937e+00 2.437948e+00 
2.994947e+00 2.448210e+00 2.994947e+00 2.448001e+00 
2.994957e+00 2.458212e+00 2.994957e+00 2.457951e+00 
2.994967e+00 2.468214e+00 2.994967e+00 2.468005e+00 
2.994977e+00 2.478216e+00 2.994977e+00 2.477954e+00 
2.994987e+00 2.488218e+00 2.994987e+00 2.488008e+00 
2.994997e+00 2.498220e+00 2.994997e+00 2.497958e+00 
2.994999e+00 2.500000e+00 2.994999e+00 2.499789e+00 
2.994999e+00 2.500000e+00 2.994999e+00 2.499783e+00 
2.994999e+00 2.500000e+00 2.994999e+00 2.499774e+00 
2.994999e+00 2.500000e+00 2.994999e+00 2.499766e+00 
2.994999e+00 2.500000e+00 2.994999e+00 2.499765e+00 
2.994999e+00 2.500000e+00 2.994999e+00 2.499765e+00 
2.994999e+00 2.500000e+00 2.994999e+00 2.499765e+00 
2.994999e+00 2.499999e+00 2.994999e+00 2.499765e+00 
2.994999e+00 2.499999e+00 2.994999e+00 2.499765e+00 
2.994999e+00 2.499998e+00 2.994999e+00 2.499767e+00 
2.994999e+00 2.499995e+00 2.994999e+00 2.499769e+00 
2.994999e+00 2.499990e+00 2.994999e+00 2.499774e+00 
2.994999e+00 2.499980e+00 2.994999e+00 2.499784e+00 
2.994999e+00 2.499959e+00 2.994999e+00 2.499804e+00 
2.994999e+00 2.499918e+00 2.994999e+00 2.499836e+00 
2.994999e+00 2.499836e+00 2.994999e+00 2.499866e+00 
2.994999e+00 2.499752e+00 2.994999e+00 2.499847e+00 
2.994999e+00 2.499640e+00 2.994999e+00 2.499763e+00 
2.995000e+00 2.499499e+00 2.995000e+00 2.499612e+00 
2.995000e+00 2.499356e+00 2.995000e+00 2.499449e+00 
2.995000e+00 2.499158e+00 2.995000e+00 2.499241e+00 
2.995000e+00 2.498964e+00 2.995000e+00 2.499049e+00 
2.995000e+00 2.498576e+00 2.995000e+00 2.498665e+00 
2.995001e+00 2.498088e+00 2.995001e+00 2.498176e+00 
2.995002e+00 2.497382e+00 2.995002e+00 2.497469e+00 
2.995003e+00 2.495968e+00 2.995003e+00 2.496056e+00 
2.995006e+00 2.493141e+00 2.995006e+00 2.493229e+00 
2.995010e+00 2.488796e+00 2.995010e+00 2.488884e+00 
2.995019e+00 2.480106e+00 2.995019e+00 2.480194e+00 
2.995029e+00 2.470104e+00 2.995029e+00 2.470193e+00 
2.995039e+00 2.460102e+00 2.995039e+00 2.460191e+00 
2.995049e+00 2.450100e+00 2.995049e+00 2.450189e+00 
2.995059e+00 2.440098e+00 2.995059e+00 2.440187e+00 
2.995069e+00 2.430096e+00 2.995069e+00 2.430186e+00 
2.995079e+00 2.420094e+00 2.995079e+00 2.420184e+00 
2.995089e+00 2.410092e+00 2.995089e+00 2.410183e+00 
2.995099e+00 2.400090e+00 2.995099e+00 2.400181e+00 
2.995109e+00 2.390088e+00 2.995109e+00 2.390180e+00 
2.995119e+00 2.380086e+00 2.995119e+00 2.380178e+00 
2.995129e+00 2.370084e+00 2.995129e+00 2.370176e+00 
2.995139e+00 2.360082e+00 2.995139e+00 2.360174e+00 
2.995149e+00 2.350080e+00 2.995149e+00 2.350173e+00 
2.995159e+00 2.340078e+00 2.995159e+00 2.340171e+00 
2.995169e+00 2.330076e+00 2.995169e+00 2.330170e+00 
2.995179e+00 2.320074e+00 2.995179e+00 2.320168e+00 
2.995189e+00 2.310072e+00 2.995189e+00 2.310167e+00 
2.995199e+00 2.300070e+00 2.995199e+00 2.300165e+00 
2.995209e+00 2.290068e+00 2.995209e+00 2.290163e+00 
2.995219e+00 2.280066e+00 2.995219e+00 2.280162e+00 
2.995229e+00 2.270064e+00 2.995229e+00 2.270160e+00 
2.995239e+00 2.260062e+00 2.995239e+00 2.260158e+00 
2.995249e+00 2.250060e+00 2.995249e+00 2.250157e+00 
2.995259e+00 2.240058e+00 2.995259e+00 2.240155e+00 
2.995269e+00 2.230056e+00 2.995269e+00 2.230154e+00 
2.995279e+00 2.220054e+00 2.995279e+00 2.220152e+00 
2.995289e+00 2.210052e+00 2.995289e+00 2.210151e+00 
2.995299e+00 2.200050e+00 2.995299e+00 2.200149e+00 
2.995309e+00 2.190048e+00 2.995309e+00 2.190147e+00 
2.995319e+00 2.180046e+00 2.995319e+00 2.180145e+00 
2.995329e+00 2.170044e+00 2.995329e+00 2.170144e+00 
2.995339e+00 2.160042e+00 2.995339e+00 2.160142e+00 
2.995349e+00 2.150040e+00 2.995349e+00 2.150141e+00 
2.995359e+00 2.140038e+00 2.995359e+00 2.140139e+00 
2.995369e+00 2.130036e+00 2.995369e+00 2.130138e+00 
2.995379e+00 2.120034e+00 2.995379e+00 2.120136e+00 
2.995389e+00 2.110032e+00 2.995389e+00 2.110134e+00 
2.995399e+00 2.100030e+00 2.995399e+00 2.100133e+00 
2.995409e+00 2.090028e+00 2.995409e+00 2.090131e+00 
2.995419e+00 2.080026e+00 2.995419e+00 2.080129e+00 
2.995429e+00 2.070024e+00 2.995429e+00 2.070128e+00 
2.995439e+00 2.060022e+00 2.995439e+00 2.060126e+00 
2.995449e+00 2.050020e+00 2.995449e+00 2.050125e+00 
2.995459e+00 2.040018e+00 2.995459e+00 2.040123e+00 
2.995469e+00 2.030016e+00 2.995469e+00 2.030121e+00 
2.995479e+00 2.020014e+00 2.995479e+00 2.020120e+00 
2.995489e+00 2.010012e+00 2.995489e+00 2.010118e+00 
2.995499e+00 2.000010e+00 2.995499e+00 2.000116e+00 
2.995509e+00 1.990008e+00 2.995509e+00 1.990115e+00 
2.995519e+00 1.980006e+00 2.995519e+00 1.980113e+00 
2.995529e+00 1.970004e+00 2.995529e+00 1.970112e+00 
2.995539e+00 1.960002e+00 2.995539e+00 1.960110e+00 
2.995549e+00 1.950000e+00 2.995549e+00 1.950108e+00 
2.995559e+00 1.939998e+00 2.995559e+00 1.940107e+00 
2.995569e+00 1.929996e+00 2.995569e+00 1.930105e+00 
2.995579e+00 1.919994e+00 2.995579e+00 1.920104e+00 
2.995589e+00 1.909992e+00 2.995589e+00 1.910102e+00 
2.995599e+00 1.899990e+00 2.995599e+00 1.900100e+00 
2.995609e+00 1.889988e+00 2.995609e+00 1.890099e+00 
2.995619e+00 1.879986e+00 2.995619e+00 1.880097e+00 
2.995629e+00 1.869984e+00 2.995629e+00 1.870096e+00 
2.995639e+00 1.859982e+00 2.995639e+00 1.860094e+00 
2.995649e+00 1.849980e+00 2.995649e+00 1.850092e+00 
2.995659e+00 1.839978e+00 2.995659e+00 1.840091e+00 
2.995669e+00 1.829976e+00 2.995669e+00 1.830089e+00 
2.995679e+00 1.819974e+00 2.995679e+00 1.820088e+00 
2.995689e+00 1.809972e+00 2.995689e+00 1.810086e+00 
2.995699e+00 1.799970e+00 2.995699e+00 1.800084e+00 
2.995709e+00 1.789968e+00 2.995709e+00 1.790083e+00 
2.995719e+00 1.779966e+00 2.995719e+00 1.780081e+00 
2.995729e+00 1.769964e+00 2.995729e+00 1.770079e+00 
2.995739e+00 1.759962e+00 2.995739e+00 1.760078e+00 
2.995749e+00 1.749960e+00 2.995749e+00 1.750076e+00 
2.995759e+00 1.739958e+00 2.995759e+00 1.740075e+00 
2.995769e+00 1.729956e+00 2.995769e+00 1.730073e+00 
2.995779e+00 1.719954e+00 2.995779e+00 1.720071e+00 
2.995789e+00 1.709952e+00 2.995789e+00 1.710070e+00 
2.995799e+00 1.699950e+00 2.995799e+00 1.700068e+00 
2.995809e+00 1.689948e+00 2.995809e+00 1.690067e+00 
2.995819e+00 1.679946e+00 2.995819e+00 1.680065e+00 
2.995829e+00 1.669944e+00 2.995829e+00 1.670063e+00 
2.995839e+00 1.659942e+00 2.995839e+00 1.660062e+00 
2.995849e+00 1.649940e+00 2.995849e+00 1.650060e+00 
2.995859e+00 1.639938e+00 2.995859e+00 1.640059e+00 
2.995869e+00 1.629936e+00 2.995869e+00 1.630057e+00 
2.995879e+00 1.619934e+00 2.995879e+00 1.620055e+00 
2.995889e+00 1.609932e+00 2.995889e+00 1.610054e+00 
2.995899e+00 1.599930e+00 2.995899e+00 1.600052e+00 
2.995909e+00 1.589928e+00 2.995909e+00 1.590051e+00 
2.995919e+00 1.579926e+00 2.995919e+00 1.580049e+00 
2.995929e+00 1.569924e+00 2.995929e+00 1.570047e+00 
2.995939e+00 1.559922e+00 2.995939e+00 1.560046e+00 
2.995949e+00 1.549920e+00 2.995949e+00 1.550044e+00 
2.995959e+00 1.539918e+00 2.995959e+00 1.540043e+00 
2.995969e+00 1.529916e+00 2.995969e+00 1.530041e+00 
2.995979e+00 1.519914e+00 2.995979e+00 1.520039e+00 
2.995989e+00 1.509912e+00 2.995989e+00 1.510038e+00 
2.995999e+00 1.499910e+00 2.995999e+00 1.500036e+00 
2.996009e+00 1.489908e+00 2.996009e+00 1.490035e+00 
2.996019e+00 1.479906e+00 2.996019e+00 1.480033e+00 
2.996029e+00 1.469904e+00 2.996029e+00 1.470031e+00 
2.996039e+00 1.459902e+00 2.996039e+00 1.460030e+00 
2.996049e+00 1.449900e+00 2.996049e+00 1.450028e+00 
2.996059e+00 1.439898e+00 2.996059e+00 1.440027e+00 
2.996069e+00 1.429896e+00 2.996069e+00 1.430025e+00 
2.996079e+00 1.419894e+00 2.996079e+00 1.420024e+00 
2.996089e+00 1.409892e+00 2.996089e+00 1.410022e+00 
2.996099e+00 1.399890e+00 2.996099e+00 1.400020e+00 
2.996109e+00 1.389888e+00 2.996109e+00 1.390019e+00 
2.996119e+00 1.379886e+00 2.996119e+00 1.380017e+00 
2.996129e+00 1.369884e+00 2.996129e+00 1.370016e+00 
2.996139e+00 1.359882e+00 2.996139e+00 1.360014e+00 
2.996149e+00 1.349880e+00 2.996149e+00 1.350012e+00 
2.996159e+00 1.339878e+00 2.996159e+00 1.340011e+00 
2.996169e+00 1.329876e+00 2.996169e+00 1.330009e+00 
2.996179e+00 1.319874e+00 2.996179e+00 1.320008e+00 
2.996189e+00 1.309872e+00 2.996189e+00 1.310006e+00 
2.996199e+00 1.299870e+00 2.996199e+00 1.300004e+00 
2.996209e+00 1.289868e+00 2.996209e+00 1.290003e+00 
2.996219e+00 1.279866e+00 2.996219e+00 1.280001e+00 
2.996229e+00 1.269864e+00 2.996229e+00 1.270000e+00 
2.996239e+00 1.259862e+00 2.996239e+00 1.259998e+00 
2.996249e+00 1.249860e+00 2.996249e+00 1.249997e+00 
2.996259e+00 1.239858e+00 2.996259e+00 1.239995e+00 
2.996269e+00 1.229856e+00 2.996269e+00 1.229993e+00 
2.996279e+00 1.219854e+00 2.996279e+00 1.219992e+00 
2.996289e+00 1.209852e+00 2.996289e+00 1.209990e+00 
2.996299e+00 1.199850e+00 2.996299e+00 1.199989e+00 
2.996309e+00 1.189848e+00 2.996309e+00 1.189987e+00 
2.996319e+00 1.179846e+00 2.996319e+00 1.179985e+00 
2.996329e+00 1.169844e+00 2.996329e+00 1.169984e+00 
2.996339e+00 1.159842e+00 2.996339e+00 1.159982e+00 
2.996349e+00 1.149840e+00 2.996349e+00 1.149981e+00 
2.996359e+00 1.139838e+00 2.996359e+00 1.139979e+00 
2.996369e+00 1.129836e+00 2.996369e+00 1.129978e+00 
2.996379e+00 1.119834e+00 2.996379e+00 1.119976e+00 
2.996389e+00 1.109832e+00 2.996389e+00 1.109974e+00 
2.996399e+00 1.099830e+00 2.996399e+00 1.099973e+00 
2.996409e+00 1.089828e+00 2.996409e+00 1.089971e+00 
2.996419e+00 1.079826e+00 2.996419e+00 1.079970e+00 
2.996429e+00 1.069824e+00 2.996429e+00 1.069968e+00 
2.996439e+00 1.059822e+00 2.996439e+00 1.059967e+00 
2.996449e+00 1.049820e+00 2.996449e+00 1.049965e+00 
2.996459e+00 1.039818e+00 2.996459e+00 1.039964e+00 
2.996469e+00 1.029816e+00 2.996469e+00 1.029962e+00 
2.996479e+00 1.019814e+00 2.996479e+00 1.019960e+00 
2.996489e+00 1.009812e+00 2.996489e+00 1.009959e+00 
2.996499e+00 9.998097e-01 2.996499e+00 9.999573e-01 
2.996509e+00 9.898077e-01 2.996509e+00 9.899558e-01 
2.996519e+00 9.798057e-01 2.996519e+00 9.799542e-01 
2.996529e+00 9.698037e-01 2.996529e+00 9.699527e-01 
2.996539e+00 9.598017e-01 2.996539e+00 9.599511e-01 
2.996549e+00 9.497997e-01 2.996549e+00 9.499496e-01 
2.996559e+00 9.397977e-01 2.996559e+00 9.399480e-01 
2.996569e+00 9.297957e-01 2.996569e+00 9.299465e-01 
2.996579e+00 9.197937e-01 2.996579e+00 9.199450e-01 
2.996589e+00 9.097917e-01 2.996589e+00 9.099434e-01 
2.996599e+00 8.997897e-01 2.996599e+00 8.999419e-01 
2.996609e+00 8.897877e-01 2.996609e+00 8.899404e-01 
2.996619e+00 8.797857e-01 2.996619e+00 8.799388e-01 
2.996629e+00 8.697837e-01 2.996629e+00 8.699373e-01 
2.996639e+00 8.597817e-01 2.996639e+00 8.599358e-01 
2.996649e+00 8.497797e-01 2.996649e+00 8.499342e-01 
2.996659e+00 8.397777e-01 2.996659e+00 8.399327e-01 
2.996669e+00 8.297757e-01 2.996669e+00 8.299312e-01 
2.996679e+00 8.197737e-01 2.996679e+00 8.199297e-01 
2.996689e+00 8.097717e-01 2.996689e+00 8.099282e-01 
2.996699e+00 7.997697e-01 2.996699e+00 7.999267e-01 
2.996709e+00 7.897677e-01 2.996709e+00 7.899252e-01 
2.996719e+00 7.797657e-01 2.996719e+00 7.799237e-01 
2.996729e+00 7.697637e-01 2.996729e+00 7.699222e-01 
2.996739e+00 7.597617e-01 2.996739e+00 7.599207e-01 
2.996749e+00 7.497597e-01 2.996749e+00 7.499192e-01 
2.996759e+00 7.397577e-01 2.996759e+00 7.399177e-01 
2.996769e+00 7.297557e-01 2.996769e+00 7.299162e-01 
2.996779e+00 7.197537e-01 2.996779e+00 7.199147e-01 
2.996789e+00 7.097517e-01 2.996789e+00 7.099132e-01 
2.996799e+00 6.997497e-01 2.996799e+00 6.999117e-01 
2.996809e+00 6.897477e-01 2.996809e+00 6.899103e-01 
2.996819e+00 6.797457e-01 2.996819e+00 6.799088e-01 
2.996829e+00 6.697437e-01 2.996829e+00 6.699073e-01 
2.996839e+00 6.597417e-01 2.996839e+00 6.599059e-01 
2.996849e+00 6.497397e-01 2.996849e+00 6.499044e-01 
2.996859e+00 6.397377e-01 2.996859e+00 6.399030e-01 
2.996869e+00 6.297357e-01 2.996869e+00 6.299015e-01 
2.996879e+00 6.197337e-01 2.996879e+00 6.199001e-01 
2.996889e+00 6.097317e-01 2.996889e+00 6.098987e-01 
2.996899e+00 5.997297e-01 2.996899e+00 5.998973e-01 
2.996909e+00 5.897277e-01 2.996909e+00 5.898959e-01 
2.996919e+00 5.797257e-01 2.996919e+00 5.798944e-01 
2.996929e+00 5.697237e-01 2.996929e+00 5.698930e-01 
2.996939e+00 5.597217e-01 2.996939e+00 5.598917e-01 
2.996949e+00 5.497197e-01 2.996949e+00 5.498903e-01 
2.996959e+00 5.397177e-01 2.996959e+00 5.398889e-01 
2.996969e+00 5.297157e-01 2.996969e+00 5.298875e-01 
2.996979e+00 5.197137e-01 2.996979e+00 5.198862e-01 
2.996989e+00 5.097117e-01 2.996989e+00 5.098848e-01 
2.996999e+00 4.997097e-01 2.996999e+00 4.998835e-01 
2.997009e+00 4.897077e-01 2.997009e+00 4.898822e-01 
2.997019e+00 4.797057e-01 2.997019e+00 4.798809e-01 
2.997029e+00 4.697037e-01 2.997029e+00 4.698796e-01 
2.997039e+00 4.597017e-01 2.997039e+00 4.598783e-01 
2.997049e+00 4.496997e-01 2.997049e+00 4.498770e-01 
2.997059e+00 4.396977e-01 2.997059e+00 4.398758e-01 
2.997069e+00 4.296957e-01 2.997069e+00 4.298746e-01 
2.997079e+00 4.196937e-01 2.997079e+00 4.198734e-01 
2.997089e+00 4.096917e-01 2.997089e+00 4.098722e-01 
2.997099e+00 3.996897e-01 2.997099e+00 3.998710e-01 
2.997109e+00 3.896877e-01 2.997109e+00 3.898698e-01 
2.997119e+00 3.796857e-01 2.997119e+00 3.798687e-01 
2.997129e+00 3.696837e-01 2.997129e+00 3.698676e-01 
2.997139e+00 3.596817e-01 2.997139e+00 3.598666e-01 
2.997149e+00 3.496797e-01 2.997149e+00 3.498655e-01 
2.997159e+00 3.396777e-01 2.997159e+00 3.398645e-01 
2.997169e+00 3.296757e-01 2.997169e+00 3.298636e-01 
2.997179e+00 3.196737e-01 2.997179e+00 3.198627e-01 
2.997189e+00 3.096717e-01 2.997189e+00 3.098618e-01 
2.997199e+00 2.996697e-01 2.997199e+00 2.998610e-01 
2.997209e+00 2.896677e-01 2.997209e+00 2.898602e-01 
2.997219e+00 2.796657e-01 2.997219e+00 2.798595e-01 
2.997229e+00 2.696637e-01 2.997229e+00 2.698589e-01 
2.997239e+00 2.596617e-01 2.997239e+00 2.598583e-01 
2.997249e+00 2.496597e-01 2.997249e+00 2.498578e-01 
2.997259e+00 2.396577e-01 2.997259e+00 2.398574e-01 
2.997269e+00 2.296557e-01 2.997269e+00 2.298572e-01 
2.997279e+00 2.196537e-01 2.997279e+00 2.198570e-01 
2.997289e+00 2.096517e-01 2.997289e+00 2.098570e-01 
2.997299e+00 1.996497e-01 2.997299e+00 1.998571e-01 
2.997309e+00 1.896477e-01 2.997309e+00 1.898574e-01 
2.997319e+00 1.796457e-01 2.997319e+00 1.798580e-01 
2.997329e+00 1.696437e-01 2.997329e+00 1.698588e-01 
2.997339e+00 1.596417e-01 2.997339e+00 1.598599e-01 
2.997349e+00 1.496397e-01 2.997349e+00 1.498613e-01 
2.997359e+00 1.396377e-01 2.997359e+00 1.398632e-01 
2.997369e+00 1.296357e-01 2.997369e+00 1.298656e-01 
2.997379e+00 1.196337e-01 2.997379e+00 1.198687e-01 
2.997389e+00 1.096317e-01 2.997389e+00 1.098726e-01 
2.997399e+00 9.962967e-02 2.997399e+00 9.987765e-02 
2.997409e+00 8.962767e-02 2.997409e+00 8.988410e-02 
2.997419e+00 7.962567e-02 2.997419e+00 7.989252e-02 
2.997429e+00 6.962367e-02 2.997429e+00 6.990371e-02 
2.997439e+00 5.962167e-02 2.997439e+00 5.991899e-02 
2.997449e+00 4.961967e-02 2.997449e+00 4.994118e-02 
2.997459e+00 3.961767e-02 2.997459e+00 3.997319e-02 
2.997469e+00 2.961567e-02 2.997469e+00 3.002687e-02 
2.997479e+00 1.961367e-02 2.997479e+00 2.012523e-02 
2.997489e+00 9.611665e-03 2.997489e+00 1.035706e-02 
2.997495e+00 3.613915e-03 2.997495e+00 4.766926e-03 
2.997499e+00 -3.955194e-04 2.997499e+00 1.353226e-03 
2.997502e+00 -3.663542e-03 2.997502e+00 -9.816069e-04 
2.997505e+00 -6.781781e-03 2.997505e+00 -2.639764e-03 
2.997508e+00 -9.610944e-03 2.997508e+00 -3.686019e-03 
2.997511e+00 -1.236761e-02 2.997511e+00 -4.465736e-03 
2.997514e+00 -1.593100e-02 2.997514e+00 -5.276992e-03 
2.997521e+00 -2.245586e-02 2.997521e+00 -6.362331e-03 
2.997528e+00 -2.934231e-02 2.997528e+00 -6.980858e-03 
2.997538e+00 -3.903757e-02 2.997538e+00 -7.570593e-03 
2.997548e+00 -4.903957e-02 2.997548e+00 -7.731312e-03 
2.997558e+00 -5.904157e-02 2.997558e+00 -7.888492e-03 
2.997568e+00 -6.904357e-02 2.997568e+00 -7.774933e-03 
2.997573e+00 -7.440980e-02 2.997573e+00 -7.812694e-03 
2.997579e+00 -8.098698e-02 2.997579e+00 -3.735915e-03 
2.997581e+00 -8.261805e-02 2.997581e+00 8.316090e-04 
2.997583e+00 -8.433321e-02 2.997583e+00 -3.432517e-03 
2.997584e+00 -8.594686e-02 2.997584e+00 7.060107e-04 
2.997586e+00 -8.748543e-02 2.997586e+00 -3.170006e-03 
2.997588e+00 -8.930562e-02 2.997588e+00 5.728793e-04 
2.997590e+00 -9.136402e-02 2.997590e+00 -3.049432e-03 
2.997593e+00 -9.413520e-02 2.997593e+00 4.543240e-04 
2.997597e+00 -9.822700e-02 2.997597e+00 -2.995424e-03 
2.997604e+00 -1.055916e-01 2.997604e+00 3.834295e-04 
2.997614e+00 -1.155936e-01 2.997614e+00 -3.002761e-03 
2.997624e+00 -1.255956e-01 2.997624e+00 3.319509e-04 
2.997634e+00 -1.355976e-01 2.997634e+00 -3.002151e-03 
2.997644e+00 -1.455996e-01 2.997644e+00 2.944911e-04 
2.997654e+00 -1.556016e-01 2.997654e+00 -2.990527e-03 
2.997664e+00 -1.656036e-01 2.997664e+00 2.647098e-04 
2.997674e+00 -1.756056e-01 2.997674e+00 -2.973321e-03 
2.997684e+00 -1.856076e-01 2.997684e+00 2.389117e-04 
2.997694e+00 -1.956096e-01 2.997694e+00 -2.953540e-03 
2.997704e+00 -2.056116e-01 2.997704e+00 2.151822e-04 
2.997714e+00 -2.156136e-01 2.997714e+00 -2.932698e-03 
2.997724e+00 -2.256156e-01 2.997724e+00 1.925855e-04 
2.997734e+00 -2.356176e-01 2.997734e+00 -2.911521e-03 
2.997744e+00 -2.456196e-01 2.997744e+00 1.706760e-04 
2.997754e+00 -2.556216e-01 2.997754e+00 -2.890356e-03 
2.997764e+00 -2.656236e-01 2.997764e+00 1.492370e-04 
2.997774e+00 -2.756256e-01 2.997774e+00 -2.869339e-03 
2.997784e+00 -2.856276e-01 2.997784e+00 1.281837e-04 
2.997794e+00 -2.956296e-01 2.997794e+00 -2.848553e-03 
2.997804e+00 -3.056316e-01 2.997804e+00 1.074576e-04 
2.997814e+00 -3.156336e-01 2.997814e+00 -2.828026e-03 
2.997824e+00 -3.256356e-01 2.997824e+00 8.703500e-05 
2.997834e+00 -3.356376e-01 2.997834e+00 -2.807771e-03 
2.997844e+00 -3.456396e-01 2.997844e+00 6.690264e-05 
2.997854e+00 -3.556416e-01 2.997854e+00 -2.787790e-03 
2.997864e+00 -3.656436e-01 2.997864e+00 4.705243e-05 
2.997874e+00 -3.756456e-01 2.997874e+00 -2.768083e-03 
2.997884e+00 -3.856476e-01 2.997884e+00 2.747856e-05 
2.997894e+00 -3.956496e-01 2.997894e+00 -2.748648e-03 
2.997904e+00 -4.056516e-01 2.997904e+00 8.176316e-06 
2.997914e+00 -4.156536e-01 2.997914e+00 -2.729481e-03 
2.997924e+00 -4.256556e-01 2.997924e+00 -1.085846e-05 
2.997934e+00 -4.356576e-01 2.997934e+00 -2.710578e-03 
2.997944e+00 -4.456596e-01 2.997944e+00 -2.962966e-05 
2.997954e+00 -4.556616e-01 2.997954e+00 -2.691938e-03 
2.997964e+00 -4.656636e-01 2.997964e+00 -4.814101e-05 
2.997974e+00 -4.756656e-01 2.997974e+00 -2.673555e-03 
2.997984e+00 -4.856676e-01 2.997984e+00 -6.639616e-05 
2.997994e+00 -4.956696e-01 2.997994e+00 -2.655427e-03 
2.998004e+00 -5.056716e-01 2.998004e+00 -8.439867e-05 
2.998014e+00 -5.156736e-01 2.998014e+00 -2.637549e-03 
2.998024e+00 -5.256756e-01 2.998024e+00 -1.021520e-04 
2.998034e+00 -5.356776e-01 2.998034e+00 -2.619919e-03 
2.998044e+00 -5.456796e-01 2.998044e+00 -1.196597e-04 
2.998054e+00 -5.556816e-01 2.998054e+00 -2.602533e-03 
2.998064e+00 -5.656836e-01 2.998064e+00 -1.369251e-04 
2.998074e+00 -5.756856e-01 2.998074e+00 -2.585387e-03 
2.998084e+00 -5.856876e-01 2.998084e+00 -1.539516e-04 
2.998094e+00 -5.956896e-01 2.998094e+00 -2.568479e-03 
2.998104e+00 -6.056916e-01 2.998104e+00 -1.707425e-04 
2.998114e+00 -6.156936e-01 2.998114e+00 -2.551804e-03 
2.998124e+00 -6.256956e-01 2.998124e+00 -1.873009e-04 
2.998134e+00 -6.356976e-01 2.998134e+00 -2.535361e-03 
2.998144e+00 -6.456996e-01 2.998144e+00 -2.036303e-04 
2.998154e+00 -6.557016e-01 2.998154e+00 -2.519145e-03 
2.998164e+00 -6.657036e-01 2.998164e+00 -2.197337e-04 
2.998174e+00 -6.757056e-01 2.998174e+00 -2.503153e-03 
2.998184e+00 -6.857076e-01 2.998184e+00 -2.356142e-04 
2.998194e+00 -6.957096e-01 2.998194e+00 -2.487383e-03 
2.998204e+00 -7.057116e-01 2.998204e+00 -2.512749e-04 
2.998214e+00 -7.157136e-01 2.998214e+00 -2.471831e-03 
2.998224e+00 -7.257156e-01 2.998224e+00 -2.667190e-04 
2.998234e+00 -7.357176e-01 2.998234e+00 -2.456494e-03 
2.998244e+00 -7.457196e-01 2.998244e+00 -2.819493e-04 
2.998254e+00 -7.557216e-01 2.998254e+00 -2.441369e-03 
2.998264e+00 -7.657236e-01 2.998264e+00 -2.969688e-04 
2.998274e+00 -7.757256e-01 2.998274e+00 -2.426454e-03 
2.998284e+00 -7.857276e-01 2.998284e+00 -3.117805e-04 
2.998294e+00 -7.957296e-01 2.998294e+00 -2.411745e-03 
2.998304e+00 -8.057316e-01 2.998304e+00 -3.263873e-04 
2.998314e+00 -8.157336e-01 2.998314e+00 -2.397240e-03 
2.998324e+00 -8.257356e-01 2.998324e+00 -3.407919e-04 
2.998334e+00 -8.357376e-01 2.998334e+00 -2.382935e-03 
2.998344e+00 -8.457396e-01 2.998344e+00 -3.549971e-04 
2.998354e+00 -8.557416e-01 2.998354e+00 -2.368828e-03 
2.998364e+00 -8.657436e-01 2.998364e+00 -3.690058e-04 
2.998374e+00 -8.757456e-01 2.998374e+00 -2.354917e-03 
2.998384e+00 -8.857476e-01 2.998384e+00 -3.828206e-04 
2.998394e+00 -8.957496e-01 2.998394e+00 -2.341198e-03 
2.998404e+00 -9.057516e-01 2.998404e+00 -3.964442e-04 
2.998414e+00 -9.157536e-01 2.998414e+00 -2.327669e-03 
2.998424e+00 -9.257556e-01 2.998424e+00 -4.098793e-04 
2.998434e+00 -9.357576e-01 2.998434e+00 -2.314327e-03 
2.998444e+00 -9.457596e-01 2.998444e+00 -4.231285e-04 
2.998454e+00 -9.557616e-01 2.998454e+00 -2.301170e-03 
2.998464e+00 -9.657636e-01 2.998464e+00 -4.361943e-04 
2.998474e+00 -9.757656e-01 2.998474e+00 -2.288195e-03 
2.998484e+00 -9.857676e-01 2.998484e+00 -4.490794e-04 
2.998494e+00 -9.957696e-01 2.998494e+00 -2.275399e-03 
2.998504e+00 -1.005772e+00 2.998504e+00 -4.617861e-04 
2.998514e+00 -1.015774e+00 2.998514e+00 -2.262781e-03 
2.998524e+00 -1.025776e+00 2.998524e+00 -4.743169e-04 
2.998534e+00 -1.035778e+00 2.998534e+00 -2.250337e-03 
2.998544e+00 -1.045780e+00 2.998544e+00 -4.866744e-04 
2.998554e+00 -1.055782e+00 2.998554e+00 -2.238065e-03 
2.998564e+00 -1.065784e+00 2.998564e+00 -4.988608e-04 
2.998574e+00 -1.075786e+00 2.998574e+00 -2.225963e-03 
2.998584e+00 -1.085788e+00 2.998584e+00 -5.108786e-04 
2.998594e+00 -1.095790e+00 2.998594e+00 -2.214029e-03 
2.998604e+00 -1.105792e+00 2.998604e+00 -5.227301e-04 
2.998614e+00 -1.115794e+00 2.998614e+00 -2.202259e-03 
2.998624e+00 -1.125796e+00 2.998624e+00 -5.344176e-04 
2.998634e+00 -1.135798e+00 2.998634e+00 -2.190653e-03 
2.998644e+00 -1.145800e+00 2.998644e+00 -5.459434e-04 
2.998654e+00 -1.155802e+00 2.998654e+00 -2.179207e-03 
2.998664e+00 -1.165804e+00 2.998664e+00 -5.573096e-04 
2.998674e+00 -1.175806e+00 2.998674e+00 -2.167920e-03 
2.998684e+00 -1.185808e+00 2.998684e+00 -5.685186e-04 
2.998694e+00 -1.195810e+00 2.998694e+00 -2.156789e-03 
2.998704e+00 -1.205812e+00 2.998704e+00 -5.795724e-04 
2.998714e+00 -1.215814e+00 2.998714e+00 -2.145812e-03 
2.998724e+00 -1.225816e+00 2.998724e+00 -5.904733e-04 
2.998734e+00 -1.235818e+00 2.998734e+00 -2.134986e-03 
2.998744e+00 -1.245820e+00 2.998744e+00 -6.012233e-04 
2.998754e+00 -1.255822e+00 2.998754e+00 -2.124311e-03 
2.998764e+00 -1.265824e+00 2.998764e+00 -6.118246e-04 
2.998774e+00 -1.275826e+00 2.998774e+00 -2.113783e-03 
2.998784e+00 -1.285828e+00 2.998784e+00 -6.222791e-04 
2.998794e+00 -1.295830e+00 2.998794e+00 -2.103401e-03 
2.998804e+00 -1.305832e+00 2.998804e+00 -6.325890e-04 
2.998814e+00 -1.315834e+00 2.998814e+00 -2.093163e-03 
2.998824e+00 -1.325836e+00 2.998824e+00 -6.427562e-04 
2.998834e+00 -1.335838e+00 2.998834e+00 -2.083066e-03 
2.998844e+00 -1.345840e+00 2.998844e+00 -6.527827e-04 
2.998854e+00 -1.355842e+00 2.998854e+00 -2.073110e-03 
2.998864e+00 -1.365844e+00 2.998864e+00 -6.626705e-04 
2.998874e+00 -1.375846e+00 2.998874e+00 -2.063290e-03 
2.998884e+00 -1.385848e+00 2.998884e+00 -6.724214e-04 
2.998894e+00 -1.395850e+00 2.998894e+00 -2.053607e-03 
2.998904e+00 -1.405852e+00 2.998904e+00 -6.820374e-04 
2.998914e+00 -1.415854e+00 2.998914e+00 -2.044058e-03 
2.998924e+00 -1.425856e+00 2.998924e+00 -6.915203e-04 
2.998934e+00 -1.435858e+00 2.998934e+00 -2.034641e-03 
2.998944e+00 -1.445860e+00 2.998944e+00 -7.008720e-04 
2.998954e+00 -1.455862e+00 2.998954e+00 -2.025354e-03 
2.998964e+00 -1.465864e+00 2.998964e+00 -7.100942e-04 
2.998974e+00 -1.475866e+00 2.998974e+00 -2.016196e-03 
2.998984e+00 -1.485868e+00 2.998984e+00 -7.191889e-04 
2.998994e+00 -1.495870e+00 2.998994e+00 -2.007164e-03 
2.999004e+00 -1.505872e+00 2.999004e+00 -7.281577e-04 
2.999014e+00 -1.515874e+00 2.999014e+00 -1.998258e-03 
2.999024e+00 -1.525876e+00 2.999024e+00 -7.370023e-04 
2.999034e+00 -1.535878e+00 2.999034e+00 -1.989475e-03 
2.999044e+00 -1.545880e+00 2.999044e+00 -7.457246e-04 
2.999054e+00 -1.555882e+00 2.999054e+00 -1.980813e-03 
2.999064e+00 -1.565884e+00 2.999064e+00 -7.543262e-04 
2.999074e+00 -1.575886e+00 2.999074e+00 -1.972271e-03 
2.999084e+00 -1.585888e+00 2.999084e+00 -7.628087e-04 
2.999094e+00 -1.595890e+00 2.999094e+00 -1.963847e-03 
2.999104e+00 -1.605892e+00 2.999104e+00 -7.711739e-04 
2.999114e+00 -1.615894e+00 2.999114e+00 -1.955540e-03 
2.999124e+00 -1.625896e+00 2.999124e+00 -7.794232e-04 
2.999134e+00 -1.635898e+00 2.999134e+00 -1.947348e-03 
2.999144e+00 -1.645900e+00 2.999144e+00 -7.875585e-04 
2.999154e+00 -1.655902e+00 2.999154e+00 -1.939269e-03 
2.999164e+00 -1.665904e+00 2.999164e+00 -7.955811e-04 
2.999174e+00 -1.675906e+00 2.999174e+00 -1.931302e-03 
2.999184e+00 -1.685908e+00 2.999184e+00 -8.034928e-04 
2.999194e+00 -1.695910e+00 2.999194e+00 -1.923446e-03 
2.999204e+00 -1.705912e+00 2.999204e+00 -8.112949e-04 
2.999214e+00 -1.715914e+00 2.999214e+00 -1.915698e-03 
2.999224e+00 -1.725916e+00 2.999224e+00 -8.189891e-04 
2.999234e+00 -1.735918e+00 2.999234e+00 -1.908057e-03 
2.999244e+00 -1.745920e+00 2.999244e+00 -8.265768e-04 
2.999254e+00 -1.755922e+00 2.999254e+00 -1.900522e-03 
2.999264e+00 -1.765924e+00 2.999264e+00 -8.340595e-04 
2.999274e+00 -1.775926e+00 2.999274e+00 -1.893091e-03 
2.999284e+00 -1.785928e+00 2.999284e+00 -8.414386e-04 
2.999294e+00 -1.795930e+00 2.999294e+00 -1.885763e-03 
2.999304e+00 -1.805932e+00 2.999304e+00 -8.487156e-04 
2.999314e+00 -1.815934e+00 2.999314e+00 -1.878537e-03 
2.999324e+00 -1.825936e+00 2.999324e+00 -8.558920e-04 
2.999334e+00 -1.835938e+00 2.999334e+00 -1.871410e-03 
2.999344e+00 -1.845940e+00 2.999344e+00 -8.629690e-04 
2.999354e+00 -1.855942e+00 2.999354e+00 -1.864382e-03 
2.999364e+00 -1.865944e+00 2.999364e+00 -8.699480e-04 
2.999374e+00 -1.875946e+00 2.999374e+00 -1.857452e-03 
2.999384e+00 -1.885948e+00 2.999384e+00 -8.768305e-04 
2.999394e+00 -1.895950e+00 2.999394e+00 -1.850617e-03 
2.999404e+00 -1.905952e+00 2.999404e+00 -8.836178e-04 
2.999414e+00 -1.915954e+00 2.999414e+00 -1.843877e-03 
2.999424e+00 -1.925956e+00 2.999424e+00 -8.903111e-04 
2.999434e+00 -1.935958e+00 2.999434e+00 -1.837230e-03 
2.999444e+00 -1.945960e+00 2.999444e+00 -8.969118e-04 
2.999454e+00 -1.955962e+00 2.999454e+00 -1.830675e-03 
2.999464e+00 -1.965964e+00 2.999464e+00 -9.034212e-04 
2.999474e+00 -1.975966e+00 2.999474e+00 -1.824211e-03 
2.999484e+00 -1.985968e+00 2.999484e+00 -9.098405e-04 
2.999494e+00 -1.995970e+00 2.999494e+00 -1.817836e-03 
2.999504e+00 -2.005972e+00 2.999504e+00 -9.161709e-04 
2.999514e+00 -2.015974e+00 2.999514e+00 -1.811550e-03 
2.999524e+00 -2.025976e+00 2.999524e+00 -9.224137e-04 
2.999534e+00 -2.035978e+00 2.999534e+00 -1.805350e-03 
2.999544e+00 -2.045980e+00 2.999544e+00 -9.285702e-04 
2.999554e+00 -2.055982e+00 2.999554e+00 -1.799237e-03 
2.999564e+00 -2.065984e+00 2.999564e+00 -9.346414e-04 
2.999574e+00 -2.075986e+00 2.999574e+00 -1.793207e-03 
2.999584e+00 -2.085988e+00 2.999584e+00 -9.406287e-04 
2.999594e+00 -2.095990e+00 2.999594e+00 -1.787262e-03 
2.999604e+00 -2.105992e+00 2.999604e+00 -9.465330e-04 
2.999614e+00 -2.115994e+00 2.999614e+00 -1.781398e-03 
2.999624e+00 -2.125996e+00 2.999624e+00 -9.523557e-04 
2.999634e+00 -2.135998e+00 2.999634e+00 -1.775616e-03 
2.999644e+00 -2.146000e+00 2.999644e+00 -9.580978e-04 
2.999654e+00 -2.156002e+00 2.999654e+00 -1.769914e-03 
2.999664e+00 -2.166004e+00 2.999664e+00 -9.637604e-04 
2.999674e+00 -2.176006e+00 2.999674e+00 -1.764291e-03 
2.999684e+00 -2.186008e+00 2.999684e+00 -9.693447e-04 
2.999694e+00 -2.196010e+00 2.999694e+00 -1.758745e-03 
2.999704e+00 -2.206012e+00 2.999704e+00 -9.748517e-04 
2.999714e+00 -2.216014e+00 2.999714e+00 -1.753276e-03 
2.999724e+00 -2.226016e+00 2.999724e+00 -9.802825e-04 
2.999734e+00 -2.236018e+00 2.999734e+00 -1.747883e-03 
2.999744e+00 -2.246020e+00 2.999744e+00 -9.856381e-04 
2.999754e+00 -2.256022e+00 2.999754e+00 -1.742565e-03 
2.999764e+00 -2.266024e+00 2.999764e+00 -9.909196e-04 
2.999774e+00 -2.276026e+00 2.999774e+00 -1.737320e-03 
2.999784e+00 -2.286028e+00 2.999784e+00 -9.961280e-04 
2.999794e+00 -2.296030e+00 2.999794e+00 -1.732148e-03 
2.999804e+00 -2.306032e+00 2.999804e+00 -1.001264e-03 
2.999814e+00 -2.316034e+00 2.999814e+00 -1.727047e-03 
2.999824e+00 -2.326036e+00 2.999824e+00 -1.006330e-03 
2.999834e+00 -2.336038e+00 2.999834e+00 -1.722017e-03 
2.999844e+00 -2.346040e+00 2.999844e+00 -1.011325e-03 
2.999854e+00 -2.356042e+00 2.999854e+00 -1.717056e-03 
2.999864e+00 -2.366044e+00 2.999864e+00 -1.016251e-03 
2.999874e+00 -2.376046e+00 2.999874e+00 -1.712165e-03 
2.999884e+00 -2.386048e+00 2.999884e+00 -1.021109e-03 
2.999894e+00 -2.396050e+00 2.999894e+00 -1.707340e-03 
2.999904e+00 -2.406052e+00 2.999904e+00 -1.025899e-03 
2.999914e+00 -2.416054e+00 2.999914e+00 -1.702583e-03 
2.999924e+00 -2.426056e+00 2.999924e+00 -1.030624e-03 
2.999934e+00 -2.436058e+00 2.999934e+00 -1.697892e-03 
2.999944e+00 -2.446060e+00 2.999944e+00 -1.035283e-03 
2.999954e+00 -2.456062e+00 2.999954e+00 -1.693265e-03 
2.999964e+00 -2.466064e+00 2.999964e+00 -1.039877e-03 
2.999974e+00 -2.476066e+00 2.999974e+00 -1.688702e-03 
2.999984e+00 -2.486068e+00 2.999984e+00 -1.044408e-03 
2.999994e+00 -2.496070e+00 2.999994e+00 -1.684203e-03 
2.999998e+00 -2.500000e+00 2.999998e+00 -1.052285e-03 
2.999998e+00 -2.500000e+00 2.999998e+00 -1.340178e-03 
2.999999e+00 -2.500000e+00 2.999999e+00 -1.386628e-03 
2.999999e+00 -2.500000e+00 2.999999e+00 -1.345996e-03 
3.000000e+00 -2.500000e+00 3.000000e+00 -1.382724e-03 
