 0.00000000e+00  0.00000000e+00  0.00000000e+00  0.00000000e+00 
 1.00000000e-07  0.00000000e+00  1.00000000e-07  0.00000000e+00 
 2.00000000e-07  0.00000000e+00  2.00000000e-07  0.00000000e+00 
 4.00000000e-07  0.00000000e+00  4.00000000e-07  0.00000000e+00 
 8.00000000e-07  0.00000000e+00  8.00000000e-07  0.00000000e+00 
 1.60000000e-06  0.00000000e+00  1.60000000e-06  0.00000000e+00 
 3.20000000e-06  0.00000000e+00  3.20000000e-06  0.00000000e+00 
 6.40000000e-06  0.00000000e+00  6.40000000e-06  0.00000000e+00 
 1.28000000e-05  0.00000000e+00  1.28000000e-05  0.00000000e+00 
 2.28000000e-05  0.00000000e+00  2.28000000e-05  0.00000000e+00 
 3.28000000e-05  0.00000000e+00  3.28000000e-05  0.00000000e+00 
 4.28000000e-05  0.00000000e+00  4.28000000e-05  0.00000000e+00 
 5.28000000e-05  0.00000000e+00  5.28000000e-05  0.00000000e+00 
 6.28000000e-05  0.00000000e+00  6.28000000e-05  0.00000000e+00 
 7.28000000e-05  0.00000000e+00  7.28000000e-05  0.00000000e+00 
 8.28000000e-05  0.00000000e+00  8.28000000e-05  0.00000000e+00 
 9.28000000e-05  0.00000000e+00  9.28000000e-05  0.00000000e+00 
 1.00000000e-04  0.00000000e+00  1.00000000e-04  0.00000000e+00 
 1.00000100e-04  4.99999939e-01  1.00000100e-04  5.00000000e-01 
 1.00000300e-04  1.49999970e+00  1.00000300e-04  1.50000000e+00 
 1.00000700e-04  3.49999848e+00  1.00000700e-04  3.50000000e+00 
 1.00001000e-04  4.99999692e+00  1.00001000e-04  5.00000000e+00 
 1.00001050e-04  4.99999662e+00  1.00001050e-04  5.00000000e+00 
 1.00001149e-04  4.99999601e+00  1.00001149e-04  5.00000000e+00 
 1.00001348e-04  4.99999480e+00  1.00001348e-04  5.00000000e+00 
 1.00001745e-04  4.99999238e+00  1.00001745e-04  5.00000000e+00 
 1.00002541e-04  4.99998753e+00  1.00002541e-04  5.00000000e+00 
 1.00004131e-04  4.99997783e+00  1.00004131e-04  5.00000000e+00 
 1.00007311e-04  4.99995844e+00  1.00007311e-04  5.00000000e+00 
 1.00013672e-04  4.99991965e+00  1.00013672e-04  5.00000000e+00 
 1.00026394e-04  4.99984208e+00  1.00026394e-04  5.00000000e+00 
 1.00051838e-04  4.99968694e+00  1.00051838e-04  5.00000000e+00 
 1.00102726e-04  4.99937668e+00  1.00102726e-04  5.00000000e+00 
 1.00204501e-04  4.99875621e+00  1.00204501e-04  5.00000000e+00 
 1.00408052e-04  4.99751551e+00  1.00408052e-04  5.00000000e+00 
 1.00815155e-04  4.99503503e+00  1.00815155e-04  5.00000000e+00 
 1.01629359e-04  4.99007776e+00  1.01629359e-04  5.00000000e+00 
 1.03257768e-04  4.98017797e+00  1.03257768e-04  5.00000000e+00 
 1.06514585e-04  4.96043726e+00  1.06514585e-04  5.00000000e+00 
 1.13028220e-04  4.92119012e+00  1.13028220e-04  5.00000000e+00 
 1.23028220e-04  4.86153933e+00  1.23028220e-04  5.00000000e+00 
 1.33028220e-04  4.80261158e+00  1.33028220e-04  5.00000000e+00 
 1.43028220e-04  4.74439811e+00  1.43028220e-04  5.00000000e+00 
 1.53028220e-04  4.68689025e+00  1.53028220e-04  5.00000000e+00 
 1.63028220e-04  4.63007946e+00  1.63028220e-04  5.00000000e+00 
 1.73028220e-04  4.57395728e+00  1.73028220e-04  5.00000000e+00 
 1.83028220e-04  4.51851538e+00  1.83028220e-04  5.00000000e+00 
 1.93028220e-04  4.46374550e+00  1.93028220e-04  5.00000000e+00 
 2.03028220e-04  4.40963949e+00  2.03028220e-04  5.00000000e+00 
 2.13028220e-04  4.35618931e+00  2.13028220e-04  5.00000000e+00 
 2.23028220e-04  4.30338702e+00  2.23028220e-04  5.00000000e+00 
 2.33028220e-04  4.25122475e+00  2.33028220e-04  5.00000000e+00 
 2.43028220e-04  4.19969475e+00  2.43028220e-04  5.00000000e+00 
 2.53028220e-04  4.14878936e+00  2.53028220e-04  5.00000000e+00 
 2.63028220e-04  4.09850101e+00  2.63028220e-04  5.00000000e+00 
 2.73028220e-04  4.04882221e+00  2.73028220e-04  5.00000000e+00 
 2.83028220e-04  3.99974558e+00  2.83028220e-04  5.00000000e+00 
 2.93028220e-04  3.95126381e+00  2.93028220e-04  5.00000000e+00 
 3.03028220e-04  3.90336970e+00  3.03028220e-04  5.00000000e+00 
 3.13028220e-04  3.85605613e+00  3.13028220e-04  5.00000000e+00 
 3.23028220e-04  3.80931606e+00  3.23028220e-04  5.00000000e+00 
 3.33028220e-04  3.76314253e+00  3.33028220e-04  5.00000000e+00 
 3.43028220e-04  3.71752868e+00  3.43028220e-04  5.00000000e+00 
 3.53028220e-04  3.67246773e+00  3.53028220e-04  5.00000000e+00 
 3.63028220e-04  3.62795297e+00  3.63028220e-04  5.00000000e+00 
 3.73028220e-04  3.58397778e+00  3.73028220e-04  5.00000000e+00 
 3.83028220e-04  3.54053562e+00  3.83028220e-04  5.00000000e+00 
 3.93028220e-04  3.49762004e+00  3.93028220e-04  5.00000000e+00 
 4.03028220e-04  3.45522465e+00  4.03028220e-04  5.00000000e+00 
 4.13028220e-04  3.41334314e+00  4.13028220e-04  5.00000000e+00 
 4.23028220e-04  3.37196928e+00  4.23028220e-04  5.00000000e+00 
 4.33028220e-04  3.33109692e+00  4.33028220e-04  5.00000000e+00 
 4.43028220e-04  3.29071999e+00  4.43028220e-04  5.00000000e+00 
 4.53028220e-04  3.25083248e+00  4.53028220e-04  5.00000000e+00 
 4.63028220e-04  3.21142845e+00  4.63028220e-04  5.00000000e+00 
 4.73028220e-04  3.17250204e+00  4.73028220e-04  5.00000000e+00 
 4.83028220e-04  3.13404747e+00  4.83028220e-04  5.00000000e+00 
 4.93028220e-04  3.09605902e+00  4.93028220e-04  5.00000000e+00 
 5.03028220e-04  3.05853103e+00  5.03028220e-04  5.00000000e+00 
 5.13028220e-04  3.02145793e+00  5.13028220e-04  5.00000000e+00 
 5.23028220e-04  2.98483419e+00  5.23028220e-04  5.00000000e+00 
 5.33028220e-04  2.94865438e+00  5.33028220e-04  5.00000000e+00 
 5.43028220e-04  2.91291312e+00  5.43028220e-04  5.00000000e+00 
 5.53028220e-04  2.87760508e+00  5.53028220e-04  5.00000000e+00 
 5.63028220e-04  2.84272502e+00  5.63028220e-04  5.00000000e+00 
 5.73028220e-04  2.80826775e+00  5.73028220e-04  5.00000000e+00 
 5.83028220e-04  2.77422814e+00  5.83028220e-04  5.00000000e+00 
 5.93028220e-04  2.74060113e+00  5.93028220e-04  5.00000000e+00 
 6.03028220e-04  2.70738172e+00  6.03028220e-04  5.00000000e+00 
 6.13028220e-04  2.67456497e+00  6.13028220e-04  5.00000000e+00 
 6.23028220e-04  2.64214601e+00  6.23028220e-04  5.00000000e+00 
 6.33028220e-04  2.61011999e+00  6.33028220e-04  5.00000000e+00 
 6.43028220e-04  2.57848217e+00  6.43028220e-04  5.00000000e+00 
 6.53028220e-04  2.54722785e+00  6.53028220e-04  5.00000000e+00 
 6.63028220e-04  2.51635236e+00  6.63028220e-04  5.00000000e+00 
 6.73028220e-04  2.48585112e+00  6.73028220e-04  5.00000000e+00 
 6.83028220e-04  2.45571959e+00  6.83028220e-04  5.00000000e+00 
 6.93028220e-04  2.42595329e+00  6.93028220e-04  5.00000000e+00 
 7.03028220e-04  2.39654779e+00  7.03028220e-04  5.00000000e+00 
 7.13028220e-04  2.36749873e+00  7.13028220e-04  5.00000000e+00 
 7.23028220e-04  2.33880178e+00  7.23028220e-04  5.00000000e+00 
 7.33028220e-04  2.31045266e+00  7.33028220e-04  5.00000000e+00 
 7.43028220e-04  2.28244718e+00  7.43028220e-04  5.00000000e+00 
 7.53028220e-04  2.25478115e+00  7.53028220e-04  5.00000000e+00 
 7.63028220e-04  2.22745047e+00  7.63028220e-04  5.00000000e+00 
 7.73028220e-04  2.20045107e+00  7.73028220e-04  5.00000000e+00 
 7.83028220e-04  2.17377894e+00  7.83028220e-04  5.00000000e+00 
 7.93028220e-04  2.14743010e+00  7.93028220e-04  5.00000000e+00 
 8.03028220e-04  2.12140064e+00  8.03028220e-04  5.00000000e+00 
 8.13028220e-04  2.09568670e+00  8.13028220e-04  5.00000000e+00 
 8.23028220e-04  2.07028443e+00  8.23028220e-04  5.00000000e+00 
 8.33028220e-04  2.04519008e+00  8.33028220e-04  5.00000000e+00 
 8.43028220e-04  2.02039989e+00  8.43028220e-04  5.00000000e+00 
 8.53028220e-04  1.99591020e+00  8.53028220e-04  5.00000000e+00 
 8.63028220e-04  1.97171735e+00  8.63028220e-04  5.00000000e+00 
 8.73028220e-04  1.94781774e+00  8.73028220e-04  5.00000000e+00 
 8.83028220e-04  1.92420783e+00  8.83028220e-04  5.00000000e+00 
 8.93028220e-04  1.90088410e+00  8.93028220e-04  5.00000000e+00 
 9.03028220e-04  1.87784308e+00  9.03028220e-04  5.00000000e+00 
 9.13028220e-04  1.85508135e+00  9.13028220e-04  5.00000000e+00 
 9.23028220e-04  1.83259551e+00  9.23028220e-04  5.00000000e+00 
 9.33028220e-04  1.81038223e+00  9.33028220e-04  5.00000000e+00 
 9.43028220e-04  1.78843821e+00  9.43028220e-04  5.00000000e+00 
 9.53028220e-04  1.76676017e+00  9.53028220e-04  5.00000000e+00 
 9.63028220e-04  1.74534489e+00  9.63028220e-04  5.00000000e+00 
 9.73028220e-04  1.72418920e+00  9.73028220e-04  5.00000000e+00 
 9.83028220e-04  1.70328993e+00  9.83028220e-04  5.00000000e+00 
 9.93028220e-04  1.68264400e+00  9.93028220e-04  5.00000000e+00 
 1.00302822e-03  1.66224831e+00  1.00302822e-03  5.00000000e+00 
 1.01302822e-03  1.64209985e+00  1.01302822e-03  5.00000000e+00 
 1.02302822e-03  1.62219561e+00  1.02302822e-03  5.00000000e+00 
 1.03302822e-03  1.60253263e+00  1.03302822e-03  5.00000000e+00 
 1.04302822e-03  1.58310799e+00  1.04302822e-03  5.00000000e+00 
 1.05302822e-03  1.56391880e+00  1.05302822e-03  5.00000000e+00 
 1.06302822e-03  1.54496221e+00  1.06302822e-03  5.00000000e+00 
 1.07302822e-03  1.52623540e+00  1.07302822e-03  5.00000000e+00 
 1.08302822e-03  1.50773557e+00  1.08302822e-03  5.00000000e+00 
 1.09302822e-03  1.48945999e+00  1.09302822e-03  5.00000000e+00 
 1.10302822e-03  1.47140593e+00  1.10302822e-03  5.00000000e+00 
 1.11302822e-03  1.45357071e+00  1.11302822e-03  5.00000000e+00 
 1.12302822e-03  1.43595167e+00  1.12302822e-03  5.00000000e+00 
 1.13302822e-03  1.41854619e+00  1.13302822e-03  5.00000000e+00 
 1.14302822e-03  1.40135169e+00  1.14302822e-03  5.00000000e+00 
 1.15302822e-03  1.38436561e+00  1.15302822e-03  5.00000000e+00 
 1.16302822e-03  1.36758542e+00  1.16302822e-03  5.00000000e+00 
 1.17302822e-03  1.35100863e+00  1.17302822e-03  5.00000000e+00 
 1.18302822e-03  1.33463277e+00  1.18302822e-03  5.00000000e+00 
 1.19302822e-03  1.31845540e+00  1.19302822e-03  5.00000000e+00 
 1.20302822e-03  1.30247412e+00  1.20302822e-03  5.00000000e+00 
 1.21302822e-03  1.28668656e+00  1.21302822e-03  5.00000000e+00 
 1.22302822e-03  1.27109036e+00  1.22302822e-03  5.00000000e+00 
 1.23302822e-03  1.25568320e+00  1.23302822e-03  5.00000000e+00 
 1.24302822e-03  1.24046280e+00  1.24302822e-03  5.00000000e+00 
 1.25302822e-03  1.22542689e+00  1.25302822e-03  5.00000000e+00 
 1.26302822e-03  1.21057323e+00  1.26302822e-03  5.00000000e+00 
 1.27302822e-03  1.19589961e+00  1.27302822e-03  5.00000000e+00 
 1.28302822e-03  1.18140386e+00  1.28302822e-03  5.00000000e+00 
 1.29302822e-03  1.16708381e+00  1.29302822e-03  5.00000000e+00 
 1.30302822e-03  1.15293734e+00  1.30302822e-03  5.00000000e+00 
 1.31302822e-03  1.13896234e+00  1.31302822e-03  5.00000000e+00 
 1.32302822e-03  1.12515674e+00  1.32302822e-03  5.00000000e+00 
 1.33302822e-03  1.11151848e+00  1.33302822e-03  5.00000000e+00 
 1.34302822e-03  1.09804553e+00  1.34302822e-03  5.00000000e+00 
 1.35302822e-03  1.08473588e+00  1.35302822e-03  5.00000000e+00 
 1.36302822e-03  1.07158757e+00  1.36302822e-03  5.00000000e+00 
 1.37302822e-03  1.05859863e+00  1.37302822e-03  5.00000000e+00 
 1.38302822e-03  1.04576713e+00  1.38302822e-03  5.00000000e+00 
 1.39302822e-03  1.03309117e+00  1.39302822e-03  5.00000000e+00 
 1.40302822e-03  1.02056885e+00  1.40302822e-03  5.00000000e+00 
 1.41302822e-03  1.00819832e+00  1.41302822e-03  5.00000000e+00 
 1.42302822e-03  9.95977731e-01  1.42302822e-03  5.00000000e+00 
 1.43302822e-03  9.83905274e-01  1.43302822e-03  5.00000000e+00 
 1.44302822e-03  9.71979149e-01  1.44302822e-03  5.00000000e+00 
 1.45302822e-03  9.60197584e-01  1.45302822e-03  5.00000000e+00 
 1.46302822e-03  9.48558825e-01  1.46302822e-03  5.00000000e+00 
 1.47302822e-03  9.37061143e-01  1.47302822e-03  5.00000000e+00 
 1.48302822e-03  9.25702826e-01  1.48302822e-03  5.00000000e+00 
 1.49302822e-03  9.14482185e-01  1.49302822e-03  5.00000000e+00 
 1.50302822e-03  9.03397553e-01  1.50302822e-03  5.00000000e+00 
 1.51302822e-03  8.92447279e-01  1.51302822e-03  5.00000000e+00 
 1.52302822e-03  8.81629737e-01  1.52302822e-03  5.00000000e+00 
 1.53302822e-03  8.70943316e-01  1.53302822e-03  5.00000000e+00 
 1.54302822e-03  8.60386427e-01  1.54302822e-03  5.00000000e+00 
 1.55302822e-03  8.49957501e-01  1.55302822e-03  5.00000000e+00 
 1.56302822e-03  8.39654985e-01  1.56302822e-03  5.00000000e+00 
 1.57302822e-03  8.29477349e-01  1.57302822e-03  5.00000000e+00 
 1.58302822e-03  8.19423078e-01  1.58302822e-03  5.00000000e+00 
 1.59302822e-03  8.09490677e-01  1.59302822e-03  5.00000000e+00 
 1.60302822e-03  7.99678669e-01  1.60302822e-03  5.00000000e+00 
 1.61302822e-03  7.89985594e-01  1.61302822e-03  5.00000000e+00 
 1.62302822e-03  7.80410011e-01  1.62302822e-03  5.00000000e+00 
 1.63302822e-03  7.70950496e-01  1.63302822e-03  5.00000000e+00 
 1.64302822e-03  7.61605642e-01  1.64302822e-03  5.00000000e+00 
 1.65302822e-03  7.52374058e-01  1.65302822e-03  5.00000000e+00 
 1.66302822e-03  7.43254373e-01  1.66302822e-03  5.00000000e+00 
 1.67302822e-03  7.34245229e-01  1.67302822e-03  5.00000000e+00 
 1.68302822e-03  7.25345286e-01  1.68302822e-03  5.00000000e+00 
 1.69302822e-03  7.16553222e-01  1.69302822e-03  5.00000000e+00 
 1.70302822e-03  7.07867729e-01  1.70302822e-03  5.00000000e+00 
 1.71302822e-03  6.99287514e-01  1.71302822e-03  5.00000000e+00 
 1.72302822e-03  6.90811302e-01  1.72302822e-03  5.00000000e+00 
 1.73302822e-03  6.82437831e-01  1.73302822e-03  5.00000000e+00 
 1.74302822e-03  6.74165858e-01  1.74302822e-03  5.00000000e+00 
 1.75302822e-03  6.65994150e-01  1.75302822e-03  5.00000000e+00 
 1.76302822e-03  6.57921494e-01  1.76302822e-03  5.00000000e+00 
 1.77302822e-03  6.49946688e-01  1.77302822e-03  5.00000000e+00 
 1.78302822e-03  6.42068546e-01  1.78302822e-03  5.00000000e+00 
 1.79302822e-03  6.34285897e-01  1.79302822e-03  5.00000000e+00 
 1.80302822e-03  6.26597583e-01  1.80302822e-03  5.00000000e+00 
 1.81302822e-03  6.19002461e-01  1.81302822e-03  5.00000000e+00 
 1.82302822e-03  6.11499401e-01  1.82302822e-03  5.00000000e+00 
 1.83302822e-03  6.04087287e-01  1.83302822e-03  5.00000000e+00 
 1.84302822e-03  5.96765017e-01  1.84302822e-03  5.00000000e+00 
 1.85302822e-03  5.89531501e-01  1.85302822e-03  5.00000000e+00 
 1.86302822e-03  5.82385665e-01  1.86302822e-03  5.00000000e+00 
 1.87302822e-03  5.75326445e-01  1.87302822e-03  5.00000000e+00 
 1.88302822e-03  5.68352791e-01  1.88302822e-03  5.00000000e+00 
 1.89302822e-03  5.61463666e-01  1.89302822e-03  5.00000000e+00 
 1.90302822e-03  5.54658046e-01  1.90302822e-03  5.00000000e+00 
 1.91302822e-03  5.47934918e-01  1.91302822e-03  5.00000000e+00 
 1.92302822e-03  5.41293283e-01  1.92302822e-03  5.00000000e+00 
 1.93302822e-03  5.34732152e-01  1.93302822e-03  5.00000000e+00 
 1.94302822e-03  5.28250550e-01  1.94302822e-03  5.00000000e+00 
 1.95302822e-03  5.21847513e-01  1.95302822e-03  5.00000000e+00 
 1.96302822e-03  5.15522089e-01  1.96302822e-03  5.00000000e+00 
 1.97302822e-03  5.09273336e-01  1.97302822e-03  5.00000000e+00 
 1.98302822e-03  5.03100326e-01  1.98302822e-03  5.00000000e+00 
 1.99302822e-03  4.97002140e-01  1.99302822e-03  5.00000000e+00 
 2.00302822e-03  4.90977872e-01  2.00302822e-03  5.00000000e+00 
 2.01302822e-03  4.85026625e-01  2.01302822e-03  5.00000000e+00 
 2.02302822e-03  4.79147515e-01  2.02302822e-03  5.00000000e+00 
 2.03302822e-03  4.73339666e-01  2.03302822e-03  5.00000000e+00 
 2.04302822e-03  4.67602215e-01  2.04302822e-03  5.00000000e+00 
 2.05302822e-03  4.61934310e-01  2.05302822e-03  5.00000000e+00 
 2.06302822e-03  4.56335106e-01  2.06302822e-03  5.00000000e+00 
 2.07302822e-03  4.50803771e-01  2.07302822e-03  5.00000000e+00 
 2.08302822e-03  4.45339483e-01  2.08302822e-03  5.00000000e+00 
 2.09302822e-03  4.39941429e-01  2.09302822e-03  5.00000000e+00 
 2.10302822e-03  4.34608805e-01  2.10302822e-03  5.00000000e+00 
 2.11302822e-03  4.29340820e-01  2.11302822e-03  5.00000000e+00 
 2.12302822e-03  4.24136689e-01  2.12302822e-03  5.00000000e+00 
 2.13302822e-03  4.18995638e-01  2.13302822e-03  5.00000000e+00 
 2.14302822e-03  4.13916903e-01  2.14302822e-03  5.00000000e+00 
 2.15302822e-03  4.08899728e-01  2.15302822e-03  5.00000000e+00 
 2.16302822e-03  4.03943368e-01  2.16302822e-03  5.00000000e+00 
 2.17302822e-03  3.99047085e-01  2.17302822e-03  5.00000000e+00 
 2.18302822e-03  3.94210151e-01  2.18302822e-03  5.00000000e+00 
 2.19302822e-03  3.89431846e-01  2.19302822e-03  5.00000000e+00 
 2.20302822e-03  3.84711460e-01  2.20302822e-03  5.00000000e+00 
 2.21302822e-03  3.80048290e-01  2.21302822e-03  5.00000000e+00 
 2.22302822e-03  3.75441644e-01  2.22302822e-03  5.00000000e+00 
 2.23302822e-03  3.70890837e-01  2.23302822e-03  5.00000000e+00 
 2.24302822e-03  3.66395190e-01  2.24302822e-03  5.00000000e+00 
 2.25302822e-03  3.61954036e-01  2.25302822e-03  5.00000000e+00 
 2.26302822e-03  3.57566715e-01  2.26302822e-03  5.00000000e+00 
 2.27302822e-03  3.53232573e-01  2.27302822e-03  5.00000000e+00 
 2.28302822e-03  3.48950966e-01  2.28302822e-03  5.00000000e+00 
 2.29302822e-03  3.44721257e-01  2.29302822e-03  5.00000000e+00 
 2.30302822e-03  3.40542818e-01  2.30302822e-03  5.00000000e+00 
 2.31302822e-03  3.36415026e-01  2.31302822e-03  5.00000000e+00 
 2.32302822e-03  3.32337268e-01  2.32302822e-03  5.00000000e+00 
 2.33302822e-03  3.28308937e-01  2.33302822e-03  5.00000000e+00 
 2.34302822e-03  3.24329435e-01  2.34302822e-03  5.00000000e+00 
 2.35302822e-03  3.20398169e-01  2.35302822e-03  5.00000000e+00 
 2.36302822e-03  3.16514555e-01  2.36302822e-03  5.00000000e+00 
 2.37302822e-03  3.12678015e-01  2.37302822e-03  5.00000000e+00 
 2.38302822e-03  3.08887979e-01  2.38302822e-03  5.00000000e+00 
 2.39302822e-03  3.05143882e-01  2.39302822e-03  5.00000000e+00 
 2.40302822e-03  3.01445168e-01  2.40302822e-03  5.00000000e+00 
 2.41302822e-03  2.97791287e-01  2.41302822e-03  5.00000000e+00 
 2.42302822e-03  2.94181696e-01  2.42302822e-03  5.00000000e+00 
 2.43302822e-03  2.90615857e-01  2.43302822e-03  5.00000000e+00 
 2.44302822e-03  2.87093241e-01  2.44302822e-03  5.00000000e+00 
 2.45302822e-03  2.83613323e-01  2.45302822e-03  5.00000000e+00 
 2.46302822e-03  2.80175585e-01  2.46302822e-03  5.00000000e+00 
 2.47302822e-03  2.76779518e-01  2.47302822e-03  5.00000000e+00 
 2.48302822e-03  2.73424614e-01  2.48302822e-03  5.00000000e+00 
 2.49302822e-03  2.70110377e-01  2.49302822e-03  5.00000000e+00 
 2.50302822e-03  2.66836312e-01  2.50302822e-03  5.00000000e+00 
 2.51302822e-03  2.63601932e-01  2.51302822e-03  5.00000000e+00 
 2.52302822e-03  2.60406757e-01  2.52302822e-03  5.00000000e+00 
 2.53302822e-03  2.57250312e-01  2.53302822e-03  5.00000000e+00 
 2.54302822e-03  2.54132126e-01  2.54302822e-03  5.00000000e+00 
 2.55302822e-03  2.51051737e-01  2.55302822e-03  5.00000000e+00 
 2.56302822e-03  2.48008685e-01  2.56302822e-03  5.00000000e+00 
 2.57302822e-03  2.45002519e-01  2.57302822e-03  5.00000000e+00 
 2.58302822e-03  2.42032792e-01  2.58302822e-03  5.00000000e+00 
 2.59302822e-03  2.39099061e-01  2.59302822e-03  5.00000000e+00 
 2.60302822e-03  2.36200891e-01  2.60302822e-03  5.00000000e+00 
 2.61302822e-03  2.33337849e-01  2.61302822e-03  5.00000000e+00 
 2.62302822e-03  2.30509512e-01  2.62302822e-03  5.00000000e+00 
 2.63302822e-03  2.27715457e-01  2.63302822e-03  5.00000000e+00 
 2.64302822e-03  2.24955270e-01  2.64302822e-03  5.00000000e+00 
 2.65302822e-03  2.22228539e-01  2.65302822e-03  5.00000000e+00 
 2.66302822e-03  2.19534860e-01  2.66302822e-03  5.00000000e+00 
 2.67302822e-03  2.16873831e-01  2.67302822e-03  5.00000000e+00 
 2.68302822e-03  2.14245058e-01  2.68302822e-03  5.00000000e+00 
 2.69302822e-03  2.11648148e-01  2.69302822e-03  5.00000000e+00 
 2.70302822e-03  2.09082716e-01  2.70302822e-03  5.00000000e+00 
 2.71302822e-03  2.06548380e-01  2.71302822e-03  5.00000000e+00 
 2.72302822e-03  2.04044763e-01  2.72302822e-03  5.00000000e+00 
 2.73302822e-03  2.01571493e-01  2.73302822e-03  5.00000000e+00 
 2.74302822e-03  1.99128202e-01  2.74302822e-03  5.00000000e+00 
 2.75302822e-03  1.96714527e-01  2.75302822e-03  5.00000000e+00 
 2.76302822e-03  1.94330109e-01  2.76302822e-03  5.00000000e+00 
 2.77302822e-03  1.91974592e-01  2.77302822e-03  5.00000000e+00 
 2.78302822e-03  1.89647628e-01  2.78302822e-03  5.00000000e+00 
 2.79302822e-03  1.87348868e-01  2.79302822e-03  5.00000000e+00 
 2.80302822e-03  1.85077973e-01  2.80302822e-03  5.00000000e+00 
 2.81302822e-03  1.82834604e-01  2.81302822e-03  5.00000000e+00 
 2.82302822e-03  1.80618427e-01  2.82302822e-03  5.00000000e+00 
 2.83302822e-03  1.78429112e-01  2.83302822e-03  5.00000000e+00 
 2.84302822e-03  1.76266335e-01  2.84302822e-03  5.00000000e+00 
 2.85302822e-03  1.74129774e-01  2.85302822e-03  5.00000000e+00 
 2.86302822e-03  1.72019110e-01  2.86302822e-03  5.00000000e+00 
 2.87302822e-03  1.69934030e-01  2.87302822e-03  5.00000000e+00 
 2.88302822e-03  1.67874223e-01  2.88302822e-03  5.00000000e+00 
 2.89302822e-03  1.65839384e-01  2.89302822e-03  5.00000000e+00 
 2.90302822e-03  1.63829210e-01  2.90302822e-03  5.00000000e+00 
 2.91302822e-03  1.61843401e-01  2.91302822e-03  5.00000000e+00 
 2.92302822e-03  1.59881663e-01  2.92302822e-03  5.00000000e+00 
 2.93302822e-03  1.57943703e-01  2.93302822e-03  5.00000000e+00 
 2.94302822e-03  1.56029234e-01  2.94302822e-03  5.00000000e+00 
 2.95302822e-03  1.54137971e-01  2.95302822e-03  5.00000000e+00 
 2.96302822e-03  1.52269632e-01  2.96302822e-03  5.00000000e+00 
 2.97302822e-03  1.50423939e-01  2.97302822e-03  5.00000000e+00 
 2.98302822e-03  1.48600619e-01  2.98302822e-03  5.00000000e+00 
 2.99302822e-03  1.46799399e-01  2.99302822e-03  5.00000000e+00 
 3.00302822e-03  1.45020013e-01  3.00302822e-03  5.00000000e+00 
 3.01302822e-03  1.43262194e-01  3.01302822e-03  5.00000000e+00 
 3.02302822e-03  1.41525683e-01  3.02302822e-03  5.00000000e+00 
 3.03302822e-03  1.39810220e-01  3.03302822e-03  5.00000000e+00 
 3.04302822e-03  1.38115551e-01  3.04302822e-03  5.00000000e+00 
 3.05302822e-03  1.36441423e-01  3.05302822e-03  5.00000000e+00 
 3.06302822e-03  1.34787587e-01  3.06302822e-03  5.00000000e+00 
 3.07302822e-03  1.33153798e-01  3.07302822e-03  5.00000000e+00 
 3.08302822e-03  1.31539813e-01  3.08302822e-03  5.00000000e+00 
 3.09302822e-03  1.29945391e-01  3.09302822e-03  5.00000000e+00 
 3.10302822e-03  1.28370295e-01  3.10302822e-03  5.00000000e+00 
 3.11302822e-03  1.26814292e-01  3.11302822e-03  5.00000000e+00 
 3.12302822e-03  1.25277149e-01  3.12302822e-03  5.00000000e+00 
 3.13302822e-03  1.23758638e-01  3.13302822e-03  5.00000000e+00 
 3.14302822e-03  1.22258533e-01  3.14302822e-03  5.00000000e+00 
 3.15302822e-03  1.20776612e-01  3.15302822e-03  5.00000000e+00 
 3.16302822e-03  1.19312653e-01  3.16302822e-03  5.00000000e+00 
 3.17302822e-03  1.17866439e-01  3.17302822e-03  5.00000000e+00 
 3.18302822e-03  1.16437755e-01  3.18302822e-03  5.00000000e+00 
 3.19302822e-03  1.15026388e-01  3.19302822e-03  5.00000000e+00 
 3.20302822e-03  1.13632129e-01  3.20302822e-03  5.00000000e+00 
 3.21302822e-03  1.12254769e-01  3.21302822e-03  5.00000000e+00 
 3.22302822e-03  1.10894106e-01  3.22302822e-03  5.00000000e+00 
 3.23302822e-03  1.09549935e-01  3.23302822e-03  5.00000000e+00 
 3.24302822e-03  1.08222057e-01  3.24302822e-03  5.00000000e+00 
 3.25302822e-03  1.06910274e-01  3.25302822e-03  5.00000000e+00 
 3.26302822e-03  1.05614392e-01  3.26302822e-03  5.00000000e+00 
 3.27302822e-03  1.04334218e-01  3.27302822e-03  5.00000000e+00 
 3.28302822e-03  1.03069560e-01  3.28302822e-03  5.00000000e+00 
 3.29302822e-03  1.01820232e-01  3.29302822e-03  5.00000000e+00 
 3.30302822e-03  1.00586048e-01  3.30302822e-03  5.00000000e+00 
 3.31302822e-03  9.93668229e-02  3.31302822e-03  5.00000000e+00 
 3.32302822e-03  9.81623766e-02  3.32302822e-03  5.00000000e+00 
 3.33302822e-03  9.69725296e-02  3.33302822e-03  5.00000000e+00 
 3.34302822e-03  9.57971050e-02  3.34302822e-03  5.00000000e+00 
 3.35302822e-03  9.46359280e-02  3.35302822e-03  5.00000000e+00 
 3.36302822e-03  9.34888258e-02  3.36302822e-03  5.00000000e+00 
 3.37302822e-03  9.23556279e-02  3.37302822e-03  5.00000000e+00 
 3.38302822e-03  9.12361658e-02  3.38302822e-03  5.00000000e+00 
 3.39302822e-03  9.01302728e-02  3.39302822e-03  5.00000000e+00 
 3.40302822e-03  8.90377847e-02  3.40302822e-03  5.00000000e+00 
 3.41302822e-03  8.79585388e-02  3.41302822e-03  5.00000000e+00 
 3.42302822e-03  8.68923747e-02  3.42302822e-03  5.00000000e+00 
 3.43302822e-03  8.58391338e-02  3.43302822e-03  5.00000000e+00 
 3.44302822e-03  8.47986594e-02  3.44302822e-03  5.00000000e+00 
 3.45302822e-03  8.37707969e-02  3.45302822e-03  5.00000000e+00 
 3.46302822e-03  8.27553933e-02  3.46302822e-03  5.00000000e+00 
 3.47302822e-03  8.17522976e-02  3.47302822e-03  5.00000000e+00 
 3.48302822e-03  8.07613607e-02  3.48302822e-03  5.00000000e+00 
 3.49302822e-03  7.97824351e-02  3.49302822e-03  5.00000000e+00 
 3.50302822e-03  7.88153753e-02  3.50302822e-03  5.00000000e+00 
 3.51302822e-03  7.78600374e-02  3.51302822e-03  5.00000000e+00 
 3.52302822e-03  7.69162794e-02  3.52302822e-03  5.00000000e+00 
 3.53302822e-03  7.59839608e-02  3.53302822e-03  5.00000000e+00 
 3.54302822e-03  7.50629431e-02  3.54302822e-03  5.00000000e+00 
 3.55302822e-03  7.41530893e-02  3.55302822e-03  5.00000000e+00 
 3.56302822e-03  7.32542639e-02  3.56302822e-03  5.00000000e+00 
 3.57302822e-03  7.23663335e-02  3.57302822e-03  5.00000000e+00 
 3.58302822e-03  7.14891658e-02  3.58302822e-03  5.00000000e+00 
 3.59302822e-03  7.06226305e-02  3.59302822e-03  5.00000000e+00 
 3.60302822e-03  6.97665986e-02  3.60302822e-03  5.00000000e+00 
 3.61302822e-03  6.89209428e-02  3.61302822e-03  5.00000000e+00 
 3.62302822e-03  6.80855375e-02  3.62302822e-03  5.00000000e+00 
 3.63302822e-03  6.72602582e-02  3.63302822e-03  5.00000000e+00 
 3.64302822e-03  6.64449824e-02  3.64302822e-03  5.00000000e+00 
 3.65302822e-03  6.56395886e-02  3.65302822e-03  5.00000000e+00 
 3.66302822e-03  6.48439573e-02  3.66302822e-03  5.00000000e+00 
 3.67302822e-03  6.40579699e-02  3.67302822e-03  5.00000000e+00 
 3.68302822e-03  6.32815097e-02  3.68302822e-03  5.00000000e+00 
 3.69302822e-03  6.25144611e-02  3.69302822e-03  5.00000000e+00 
 3.70302822e-03  6.17567100e-02  3.70302822e-03  5.00000000e+00 
 3.71302822e-03  6.10081438e-02  3.71302822e-03  5.00000000e+00 
 3.72302822e-03  6.02686512e-02  3.72302822e-03  5.00000000e+00 
 3.73302822e-03  5.95381221e-02  3.73302822e-03  5.00000000e+00 
 3.74302822e-03  5.88164479e-02  3.74302822e-03  5.00000000e+00 
 3.75302822e-03  5.81035212e-02  3.75302822e-03  5.00000000e+00 
 3.76302822e-03  5.73992361e-02  3.76302822e-03  5.00000000e+00 
 3.77302822e-03  5.67034878e-02  3.77302822e-03  5.00000000e+00 
 3.78302822e-03  5.60161728e-02  3.78302822e-03  5.00000000e+00 
 3.79302822e-03  5.53371889e-02  3.79302822e-03  5.00000000e+00 
 3.80302822e-03  5.46664351e-02  3.80302822e-03  5.00000000e+00 
 3.81302822e-03  5.40038116e-02  3.81302822e-03  5.00000000e+00 
 3.82302822e-03  5.33492200e-02  3.82302822e-03  5.00000000e+00 
 3.83302822e-03  5.27025628e-02  3.83302822e-03  5.00000000e+00 
 3.84302822e-03  5.20637438e-02  3.84302822e-03  5.00000000e+00 
 3.85302822e-03  5.14326681e-02  3.85302822e-03  5.00000000e+00 
 3.86302822e-03  5.08092419e-02  3.86302822e-03  5.00000000e+00 
 3.87302822e-03  5.01933723e-02  3.87302822e-03  5.00000000e+00 
 3.88302822e-03  4.95849677e-02  3.88302822e-03  5.00000000e+00 
 3.89302822e-03  4.89839378e-02  3.89302822e-03  5.00000000e+00 
 3.90302822e-03  4.83901931e-02  3.90302822e-03  5.00000000e+00 
 3.91302822e-03  4.78036453e-02  3.91302822e-03  5.00000000e+00 
 3.92302822e-03  4.72242072e-02  3.92302822e-03  5.00000000e+00 
 3.93302822e-03  4.66517926e-02  3.93302822e-03  5.00000000e+00 
 3.94302822e-03  4.60863163e-02  3.94302822e-03  5.00000000e+00 
 3.95302822e-03  4.55276943e-02  3.95302822e-03  5.00000000e+00 
 3.96302822e-03  4.49758434e-02  3.96302822e-03  5.00000000e+00 
 3.97302822e-03  4.44306817e-02  3.97302822e-03  5.00000000e+00 
 3.98302822e-03  4.38921280e-02  3.98302822e-03  5.00000000e+00 
 3.99302822e-03  4.33601022e-02  3.99302822e-03  5.00000000e+00 
 4.00302822e-03  4.28345252e-02  4.00302822e-03  5.00000000e+00 
 4.01302822e-03  4.23153188e-02  4.01302822e-03  5.00000000e+00 
 4.02302822e-03  4.18024059e-02  4.02302822e-03  5.00000000e+00 
 4.03302822e-03  4.12957100e-02  4.03302822e-03  5.00000000e+00 
 4.04302822e-03  4.07951560e-02  4.04302822e-03  5.00000000e+00 
 4.05302822e-03  4.03006692e-02  4.05302822e-03  5.00000000e+00 
 4.06302822e-03  3.98121763e-02  4.06302822e-03  5.00000000e+00 
 4.07302822e-03  3.93296045e-02  4.07302822e-03  5.00000000e+00 
 4.08302822e-03  3.88528820e-02  4.08302822e-03  5.00000000e+00 
 4.09302822e-03  3.83819380e-02  4.09302822e-03  5.00000000e+00 
 4.10302822e-03  3.79167023e-02  4.10302822e-03  5.00000000e+00 
 4.11302822e-03  3.74571059e-02  4.11302822e-03  5.00000000e+00 
 4.12302822e-03  3.70030804e-02  4.12302822e-03  5.00000000e+00 
 4.13302822e-03  3.65545582e-02  4.13302822e-03  5.00000000e+00 
 4.14302822e-03  3.61114727e-02  4.14302822e-03  5.00000000e+00 
 4.15302822e-03  3.56737579e-02  4.15302822e-03  5.00000000e+00 
 4.16302822e-03  3.52413487e-02  4.16302822e-03  5.00000000e+00 
 4.17302822e-03  3.48141808e-02  4.17302822e-03  5.00000000e+00 
 4.18302822e-03  3.43921907e-02  4.18302822e-03  5.00000000e+00 
 4.19302822e-03  3.39753157e-02  4.19302822e-03  5.00000000e+00 
 4.20302822e-03  3.35634937e-02  4.20302822e-03  5.00000000e+00 
 4.21302822e-03  3.31566635e-02  4.21302822e-03  5.00000000e+00 
 4.22302822e-03  3.27547645e-02  4.22302822e-03  5.00000000e+00 
 4.23302822e-03  3.23577371e-02  4.23302822e-03  5.00000000e+00 
 4.24302822e-03  3.19655221e-02  4.24302822e-03  5.00000000e+00 
 4.25302822e-03  3.15780612e-02  4.25302822e-03  5.00000000e+00 
 4.26302822e-03  3.11952968e-02  4.26302822e-03  5.00000000e+00 
 4.27302822e-03  3.08171720e-02  4.27302822e-03  5.00000000e+00 
 4.28302822e-03  3.04436305e-02  4.28302822e-03  5.00000000e+00 
 4.29302822e-03  3.00746168e-02  4.29302822e-03  5.00000000e+00 
 4.30302822e-03  2.97100760e-02  4.30302822e-03  5.00000000e+00 
 4.31302822e-03  2.93499539e-02  4.31302822e-03  5.00000000e+00 
 4.32302822e-03  2.89941969e-02  4.32302822e-03  5.00000000e+00 
 4.33302822e-03  2.86427521e-02  4.33302822e-03  5.00000000e+00 
 4.34302822e-03  2.82955672e-02  4.34302822e-03  5.00000000e+00 
 4.35302822e-03  2.79525906e-02  4.35302822e-03  5.00000000e+00 
 4.36302822e-03  2.76137713e-02  4.36302822e-03  5.00000000e+00 
 4.37302822e-03  2.72790590e-02  4.37302822e-03  5.00000000e+00 
 4.38302822e-03  2.69484037e-02  4.38302822e-03  5.00000000e+00 
 4.39302822e-03  2.66217564e-02  4.39302822e-03  5.00000000e+00 
 4.40302822e-03  2.62990684e-02  4.40302822e-03  5.00000000e+00 
 4.41302822e-03  2.59802918e-02  4.41302822e-03  5.00000000e+00 
 4.42302822e-03  2.56653792e-02  4.42302822e-03  5.00000000e+00 
 4.43302822e-03  2.53542837e-02  4.43302822e-03  5.00000000e+00 
 4.44302822e-03  2.50469590e-02  4.44302822e-03  5.00000000e+00 
 4.45302822e-03  2.47433595e-02  4.45302822e-03  5.00000000e+00 
 4.46302822e-03  2.44434400e-02  4.46302822e-03  5.00000000e+00 
 4.47302822e-03  2.41471559e-02  4.47302822e-03  5.00000000e+00 
 4.48302822e-03  2.38544631e-02  4.48302822e-03  5.00000000e+00 
 4.49302822e-03  2.35653181e-02  4.49302822e-03  5.00000000e+00 
 4.50302822e-03  2.32796779e-02  4.50302822e-03  5.00000000e+00 
 4.51302822e-03  2.29975000e-02  4.51302822e-03  5.00000000e+00 
 4.52302822e-03  2.27187424e-02  4.52302822e-03  5.00000000e+00 
 4.53302822e-03  2.24433637e-02  4.53302822e-03  5.00000000e+00 
 4.54302822e-03  2.21713229e-02  4.54302822e-03  5.00000000e+00 
 4.55302822e-03  2.19025796e-02  4.55302822e-03  5.00000000e+00 
 4.56302822e-03  2.16370938e-02  4.56302822e-03  5.00000000e+00 
 4.57302822e-03  2.13748260e-02  4.57302822e-03  5.00000000e+00 
 4.58302822e-03  2.11157372e-02  4.58302822e-03  5.00000000e+00 
 4.59302822e-03  2.08597889e-02  4.59302822e-03  5.00000000e+00 
 4.60302822e-03  2.06069429e-02  4.60302822e-03  5.00000000e+00 
 4.61302822e-03  2.03571618e-02  4.61302822e-03  5.00000000e+00 
 4.62302822e-03  2.01104083e-02  4.62302822e-03  5.00000000e+00 
 4.63302822e-03  1.98666458e-02  4.63302822e-03  5.00000000e+00 
 4.64302822e-03  1.96258380e-02  4.64302822e-03  5.00000000e+00 
 4.65302822e-03  1.93879490e-02  4.65302822e-03  5.00000000e+00 
 4.66302822e-03  1.91529436e-02  4.66302822e-03  5.00000000e+00 
 4.67302822e-03  1.89207867e-02  4.67302822e-03  5.00000000e+00 
 4.68302822e-03  1.86914438e-02  4.68302822e-03  5.00000000e+00 
 4.69302822e-03  1.84648809e-02  4.69302822e-03  5.00000000e+00 
 4.70302822e-03  1.82410641e-02  4.70302822e-03  5.00000000e+00 
 4.71302822e-03  1.80199603e-02  4.71302822e-03  5.00000000e+00 
 4.72302822e-03  1.78015366e-02  4.72302822e-03  5.00000000e+00 
 4.73302822e-03  1.75857604e-02  4.73302822e-03  5.00000000e+00 
 4.74302822e-03  1.73725996e-02  4.74302822e-03  5.00000000e+00 
 4.75302822e-03  1.71620227e-02  4.75302822e-03  5.00000000e+00 
 4.76302822e-03  1.69539982e-02  4.76302822e-03  5.00000000e+00 
 4.77302822e-03  1.67484952e-02  4.77302822e-03  5.00000000e+00 
 4.78302822e-03  1.65454831e-02  4.78302822e-03  5.00000000e+00 
 4.79302822e-03  1.63449318e-02  4.79302822e-03  5.00000000e+00 
 4.80302822e-03  1.61468114e-02  4.80302822e-03  5.00000000e+00 
 4.81302822e-03  1.59510925e-02  4.81302822e-03  5.00000000e+00 
 4.82302822e-03  1.57577459e-02  4.82302822e-03  5.00000000e+00 
 4.83302822e-03  1.55667429e-02  4.83302822e-03  5.00000000e+00 
 4.84302822e-03  1.53780551e-02  4.84302822e-03  5.00000000e+00 
 4.85302822e-03  1.51916545e-02  4.85302822e-03  5.00000000e+00 
 4.86302822e-03  1.50075132e-02  4.86302822e-03  5.00000000e+00 
 4.87302822e-03  1.48256039e-02  4.87302822e-03  5.00000000e+00 
 4.88302822e-03  1.46458996e-02  4.88302822e-03  5.00000000e+00 
 4.89302822e-03  1.44683736e-02  4.89302822e-03  5.00000000e+00 
 4.90302822e-03  1.42929994e-02  4.90302822e-03  5.00000000e+00 
 4.91302822e-03  1.41197509e-02  4.91302822e-03  5.00000000e+00 
 4.92302822e-03  1.39486024e-02  4.92302822e-03  5.00000000e+00 
 4.93302822e-03  1.37795284e-02  4.93302822e-03  5.00000000e+00 
 4.94302822e-03  1.36125038e-02  4.94302822e-03  5.00000000e+00 
 4.95302822e-03  1.34475038e-02  4.95302822e-03  5.00000000e+00 
 4.96302822e-03  1.32845037e-02  4.96302822e-03  5.00000000e+00 
 4.97302822e-03  1.31234795e-02  4.97302822e-03  5.00000000e+00 
 4.98302822e-03  1.29644070e-02  4.98302822e-03  5.00000000e+00 
 4.99302822e-03  1.28072627e-02  4.99302822e-03  5.00000000e+00 
 5.00302822e-03  1.26520231e-02  5.00302822e-03  5.00000000e+00 
 5.01302822e-03  1.24986652e-02  5.01302822e-03  5.00000000e+00 
 5.02302822e-03  1.23471663e-02  5.02302822e-03  5.00000000e+00 
 5.03302822e-03  1.21975037e-02  5.03302822e-03  5.00000000e+00 
 5.04302822e-03  1.20496551e-02  5.04302822e-03  5.00000000e+00 
 5.05302822e-03  1.19035987e-02  5.05302822e-03  5.00000000e+00 
 5.06302822e-03  1.17593127e-02  5.06302822e-03  5.00000000e+00 
 5.07302822e-03  1.16167755e-02  5.07302822e-03  5.00000000e+00 
 5.08302822e-03  1.14759661e-02  5.08302822e-03  5.00000000e+00 
 5.09302822e-03  1.13368635e-02  5.09302822e-03  5.00000000e+00 
 5.10302822e-03  1.11994470e-02  5.10302822e-03  5.00000000e+00 
 5.11302822e-03  1.10636961e-02  5.11302822e-03  5.00000000e+00 
 5.12302822e-03  1.09295907e-02  5.12302822e-03  5.00000000e+00 
 5.13302822e-03  1.07971108e-02  5.13302822e-03  5.00000000e+00 
 5.14302822e-03  1.06662367e-02  5.14302822e-03  5.00000000e+00 
 5.15302822e-03  1.05369490e-02  5.15302822e-03  5.00000000e+00 
 5.16302822e-03  1.04092284e-02  5.16302822e-03  5.00000000e+00 
 5.17302822e-03  1.02830560e-02  5.17302822e-03  5.00000000e+00 
 5.18302822e-03  1.01584129e-02  5.18302822e-03  5.00000000e+00 
 5.19302822e-03  1.00352806e-02  5.19302822e-03  5.00000000e+00 
 5.20302822e-03  9.91364082e-03  5.20302822e-03  5.00000000e+00 
 5.21302822e-03  9.79347548e-03  5.21302822e-03  5.00000000e+00 
 5.22302822e-03  9.67476669e-03  5.22302822e-03  5.00000000e+00 
 5.23302822e-03  9.55749679e-03  5.23302822e-03  5.00000000e+00 
 5.24302822e-03  9.44164834e-03  5.24302822e-03  5.00000000e+00 
 5.25302822e-03  9.32720412e-03  5.25302822e-03  5.00000000e+00 
 5.26302822e-03  9.21414710e-03  5.26302822e-03  5.00000000e+00 
 5.27302822e-03  9.10246047e-03  5.27302822e-03  5.00000000e+00 
 5.28302822e-03  8.99212761e-03  5.28302822e-03  5.00000000e+00 
 5.29302822e-03  8.88313213e-03  5.29302822e-03  5.00000000e+00 
 5.30302822e-03  8.77545780e-03  5.30302822e-03  5.00000000e+00 
 5.31302822e-03  8.66908861e-03  5.31302822e-03  5.00000000e+00 
 5.32302822e-03  8.56400875e-03  5.32302822e-03  5.00000000e+00 
 5.33302822e-03  8.46020258e-03  5.33302822e-03  5.00000000e+00 
 5.34302822e-03  8.35765467e-03  5.34302822e-03  5.00000000e+00 
 5.35302822e-03  8.25634977e-03  5.35302822e-03  5.00000000e+00 
 5.36302822e-03  8.15627280e-03  5.36302822e-03  5.00000000e+00 
 5.37302822e-03  8.05740889e-03  5.37302822e-03  5.00000000e+00 
 5.38302822e-03  7.95974333e-03  5.38302822e-03  5.00000000e+00 
 5.39302822e-03  7.86326159e-03  5.39302822e-03  5.00000000e+00 
 5.40302822e-03  7.76794933e-03  5.40302822e-03  5.00000000e+00 
 5.41302822e-03  7.67379237e-03  5.41302822e-03  5.00000000e+00 
 5.42302822e-03  7.58077670e-03  5.42302822e-03  5.00000000e+00 
 5.43302822e-03  7.48888850e-03  5.43302822e-03  5.00000000e+00 
 5.44302822e-03  7.39811409e-03  5.44302822e-03  5.00000000e+00 
 5.45302822e-03  7.30843998e-03  5.45302822e-03  5.00000000e+00 
 5.46302822e-03  7.21985283e-03  5.46302822e-03  5.00000000e+00 
 5.47302822e-03  7.13233946e-03  5.47302822e-03  5.00000000e+00 
 5.48302822e-03  7.04588686e-03  5.48302822e-03  5.00000000e+00 
 5.49302822e-03  6.96048217e-03  5.49302822e-03  5.00000000e+00 
 5.50302822e-03  6.87611269e-03  5.50302822e-03  5.00000000e+00 
 5.51302822e-03  6.79276587e-03  5.51302822e-03  5.00000000e+00 
 5.52302822e-03  6.71042932e-03  5.52302822e-03  5.00000000e+00 
 5.53302822e-03  6.62909078e-03  5.53302822e-03  5.00000000e+00 
 5.54302822e-03  6.54873816e-03  5.54302822e-03  5.00000000e+00 
 5.55302822e-03  6.46935952e-03  5.55302822e-03  5.00000000e+00 
 5.56302822e-03  6.39094304e-03  5.56302822e-03  5.00000000e+00 
 5.57302822e-03  6.31347706e-03  5.57302822e-03  5.00000000e+00 
 5.58302822e-03  6.23695007e-03  5.58302822e-03  5.00000000e+00 
 5.59302822e-03  6.16135068e-03  5.59302822e-03  5.00000000e+00 
 5.60302822e-03  6.08666764e-03  5.60302822e-03  5.00000000e+00 
 5.61302822e-03  6.01288985e-03  5.61302822e-03  5.00000000e+00 
 5.62302822e-03  5.94000633e-03  5.62302822e-03  5.00000000e+00 
 5.63302822e-03  5.86800626e-03  5.63302822e-03  5.00000000e+00 
 5.64302822e-03  5.79687891e-03  5.64302822e-03  5.00000000e+00 
 5.65302822e-03  5.72661371e-03  5.65302822e-03  5.00000000e+00 
 5.66302822e-03  5.65720021e-03  5.66302822e-03  5.00000000e+00 
 5.67302822e-03  5.58862809e-03  5.67302822e-03  5.00000000e+00 
 5.68302822e-03  5.52088714e-03  5.68302822e-03  5.00000000e+00 
 5.69302822e-03  5.45396730e-03  5.69302822e-03  5.00000000e+00 
 5.70302822e-03  5.38785860e-03  5.70302822e-03  5.00000000e+00 
 5.71302822e-03  5.32255122e-03  5.71302822e-03  5.00000000e+00 
 5.72302822e-03  5.25803545e-03  5.72302822e-03  5.00000000e+00 
 5.73302822e-03  5.19430169e-03  5.73302822e-03  5.00000000e+00 
 5.74302822e-03  5.13134046e-03  5.74302822e-03  5.00000000e+00 
 5.75302822e-03  5.06914239e-03  5.75302822e-03  5.00000000e+00 
 5.76302822e-03  5.00769824e-03  5.76302822e-03  5.00000000e+00 
 5.77302822e-03  4.94699887e-03  5.77302822e-03  5.00000000e+00 
 5.78302822e-03  4.88703524e-03  5.78302822e-03  5.00000000e+00 
 5.79302822e-03  4.82779845e-03  5.79302822e-03  5.00000000e+00 
 5.80302822e-03  4.76927968e-03  5.80302822e-03  5.00000000e+00 
 5.81302822e-03  4.71147023e-03  5.81302822e-03  5.00000000e+00 
 5.82302822e-03  4.65436150e-03  5.82302822e-03  5.00000000e+00 
 5.83302822e-03  4.59794500e-03  5.83302822e-03  5.00000000e+00 
 5.84302822e-03  4.54221233e-03  5.84302822e-03  5.00000000e+00 
 5.85302822e-03  4.48715522e-03  5.85302822e-03  5.00000000e+00 
 5.86302822e-03  4.43276545e-03  5.86302822e-03  5.00000000e+00 
 5.87302822e-03  4.37903496e-03  5.87302822e-03  5.00000000e+00 
 5.88302822e-03  4.32595575e-03  5.88302822e-03  5.00000000e+00 
 5.89302822e-03  4.27351993e-03  5.89302822e-03  5.00000000e+00 
 5.90302822e-03  4.22171968e-03  5.90302822e-03  5.00000000e+00 
 5.91302822e-03  4.17054732e-03  5.91302822e-03  5.00000000e+00 
 5.92302822e-03  4.11999524e-03  5.92302822e-03  5.00000000e+00 
 5.93302822e-03  4.07005590e-03  5.93302822e-03  5.00000000e+00 
 5.94302822e-03  4.02072189e-03  5.94302822e-03  5.00000000e+00 
 5.95302822e-03  3.97198587e-03  5.95302822e-03  5.00000000e+00 
 5.96302822e-03  3.92384058e-03  5.96302822e-03  5.00000000e+00 
 5.97302822e-03  3.87627888e-03  5.97302822e-03  5.00000000e+00 
 5.98302822e-03  3.82929368e-03  5.98302822e-03  5.00000000e+00 
 5.99302822e-03  3.78287800e-03  5.99302822e-03  5.00000000e+00 
 6.00302822e-03  3.73702493e-03  6.00302822e-03  5.00000000e+00 
 6.01302822e-03  3.69172766e-03  6.01302822e-03  5.00000000e+00 
 6.02302822e-03  3.64697945e-03  6.02302822e-03  5.00000000e+00 
 6.03302822e-03  3.60277363e-03  6.03302822e-03  5.00000000e+00 
 6.04302822e-03  3.55910365e-03  6.04302822e-03  5.00000000e+00 
 6.05302822e-03  3.51596300e-03  6.05302822e-03  5.00000000e+00 
 6.06302822e-03  3.47334527e-03  6.06302822e-03  5.00000000e+00 
 6.07302822e-03  3.43124411e-03  6.07302822e-03  5.00000000e+00 
 6.08302822e-03  3.38965327e-03  6.08302822e-03  5.00000000e+00 
 6.09302822e-03  3.34856657e-03  6.09302822e-03  5.00000000e+00 
 6.10302822e-03  3.30797788e-03  6.10302822e-03  5.00000000e+00 
 6.11302822e-03  3.26788118e-03  6.11302822e-03  5.00000000e+00 
 6.12302822e-03  3.22827050e-03  6.12302822e-03  5.00000000e+00 
 6.13302822e-03  3.18913995e-03  6.13302822e-03  5.00000000e+00 
 6.14302822e-03  3.15048371e-03  6.14302822e-03  5.00000000e+00 
 6.15302822e-03  3.11229603e-03  6.15302822e-03  5.00000000e+00 
 6.16302822e-03  3.07457123e-03  6.16302822e-03  5.00000000e+00 
 6.17302822e-03  3.03730370e-03  6.17302822e-03  5.00000000e+00 
 6.18302822e-03  3.00048789e-03  6.18302822e-03  5.00000000e+00 
 6.19302822e-03  2.96411834e-03  6.19302822e-03  5.00000000e+00 
 6.20302822e-03  2.92818964e-03  6.20302822e-03  5.00000000e+00 
 6.21302822e-03  2.89269643e-03  6.21302822e-03  5.00000000e+00 
 6.22302822e-03  2.85763344e-03  6.22302822e-03  5.00000000e+00 
 6.23302822e-03  2.82299546e-03  6.23302822e-03  5.00000000e+00 
 6.24302822e-03  2.78877733e-03  6.24302822e-03  5.00000000e+00 
 6.25302822e-03  2.75497397e-03  6.25302822e-03  5.00000000e+00 
 6.26302822e-03  2.72158035e-03  6.26302822e-03  5.00000000e+00 
 6.27302822e-03  2.68859149e-03  6.27302822e-03  5.00000000e+00 
 6.28302822e-03  2.65600251e-03  6.28302822e-03  5.00000000e+00 
 6.29302822e-03  2.62380854e-03  6.29302822e-03  5.00000000e+00 
 6.30302822e-03  2.59200480e-03  6.30302822e-03  5.00000000e+00 
 6.31302822e-03  2.56058656e-03  6.31302822e-03  5.00000000e+00 
 6.32302822e-03  2.52954914e-03  6.32302822e-03  5.00000000e+00 
 6.33302822e-03  2.49888794e-03  6.33302822e-03  5.00000000e+00 
 6.34302822e-03  2.46859839e-03  6.34302822e-03  5.00000000e+00 
 6.35302822e-03  2.43867599e-03  6.35302822e-03  5.00000000e+00 
 6.36302822e-03  2.40911628e-03  6.36302822e-03  5.00000000e+00 
 6.37302822e-03  2.37991487e-03  6.37302822e-03  5.00000000e+00 
 6.38302822e-03  2.35106742e-03  6.38302822e-03  5.00000000e+00 
 6.39302822e-03  2.32256963e-03  6.39302822e-03  5.00000000e+00 
 6.40302822e-03  2.29441727e-03  6.40302822e-03  5.00000000e+00 
 6.41302822e-03  2.26660615e-03  6.41302822e-03  5.00000000e+00 
 6.42302822e-03  2.23913214e-03  6.42302822e-03  5.00000000e+00 
 6.43302822e-03  2.21199114e-03  6.43302822e-03  5.00000000e+00 
 6.44302822e-03  2.18517913e-03  6.44302822e-03  5.00000000e+00 
 6.45302822e-03  2.15869211e-03  6.45302822e-03  5.00000000e+00 
 6.46302822e-03  2.13252614e-03  6.46302822e-03  5.00000000e+00 
 6.47302822e-03  2.10667734e-03  6.47302822e-03  5.00000000e+00 
 6.48302822e-03  2.08114186e-03  6.48302822e-03  5.00000000e+00 
 6.49302822e-03  2.05591590e-03  6.49302822e-03  5.00000000e+00 
 6.50302822e-03  2.03099570e-03  6.50302822e-03  5.00000000e+00 
 6.51302822e-03  2.00637757e-03  6.51302822e-03  5.00000000e+00 
 6.52302822e-03  1.98205785e-03  6.52302822e-03  5.00000000e+00 
 6.53302822e-03  1.95803290e-03  6.53302822e-03  5.00000000e+00 
 6.54302822e-03  1.93429917e-03  6.54302822e-03  5.00000000e+00 
 6.55302822e-03  1.91085312e-03  6.55302822e-03  5.00000000e+00 
 6.56302822e-03  1.88769126e-03  6.56302822e-03  5.00000000e+00 
 6.57302822e-03  1.86481016e-03  6.57302822e-03  5.00000000e+00 
 6.58302822e-03  1.84220640e-03  6.58302822e-03  5.00000000e+00 
 6.59302822e-03  1.81987662e-03  6.59302822e-03  5.00000000e+00 
 6.60302822e-03  1.79781751e-03  6.60302822e-03  5.00000000e+00 
 6.61302822e-03  1.77602579e-03  6.61302822e-03  5.00000000e+00 
 6.62302822e-03  1.75449820e-03  6.62302822e-03  5.00000000e+00 
 6.63302822e-03  1.73323156e-03  6.63302822e-03  5.00000000e+00 
 6.64302822e-03  1.71222269e-03  6.64302822e-03  5.00000000e+00 
 6.65302822e-03  1.69146847e-03  6.65302822e-03  5.00000000e+00 
 6.66302822e-03  1.67096583e-03  6.66302822e-03  5.00000000e+00 
 6.67302822e-03  1.65071169e-03  6.67302822e-03  5.00000000e+00 
 6.68302822e-03  1.63070307e-03  6.68302822e-03  5.00000000e+00 
 6.69302822e-03  1.61093697e-03  6.69302822e-03  5.00000000e+00 
 6.70302822e-03  1.59141046e-03  6.70302822e-03  5.00000000e+00 
 6.71302822e-03  1.57212064e-03  6.71302822e-03  5.00000000e+00 
 6.72302822e-03  1.55306463e-03  6.72302822e-03  5.00000000e+00 
 6.73302822e-03  1.53423960e-03  6.73302822e-03  5.00000000e+00 
 6.74302822e-03  1.51564276e-03  6.74302822e-03  5.00000000e+00 
 6.75302822e-03  1.49727133e-03  6.75302822e-03  5.00000000e+00 
 6.76302822e-03  1.47912259e-03  6.76302822e-03  5.00000000e+00 
 6.77302822e-03  1.46119383e-03  6.77302822e-03  5.00000000e+00 
 6.78302822e-03  1.44348239e-03  6.78302822e-03  5.00000000e+00 
 6.79302822e-03  1.42598563e-03  6.79302822e-03  5.00000000e+00 
 6.80302822e-03  1.40870096e-03  6.80302822e-03  5.00000000e+00 
 6.81302822e-03  1.39162580e-03  6.81302822e-03  5.00000000e+00 
 6.82302822e-03  1.37475761e-03  6.82302822e-03  5.00000000e+00 
 6.83302822e-03  1.35809388e-03  6.83302822e-03  5.00000000e+00 
 6.84302822e-03  1.34163213e-03  6.84302822e-03  5.00000000e+00 
 6.85302822e-03  1.32536992e-03  6.85302822e-03  5.00000000e+00 
 6.86302822e-03  1.30930483e-03  6.86302822e-03  5.00000000e+00 
 6.87302822e-03  1.29343447e-03  6.87302822e-03  5.00000000e+00 
 6.88302822e-03  1.27775648e-03  6.88302822e-03  5.00000000e+00 
 6.89302822e-03  1.26226852e-03  6.89302822e-03  5.00000000e+00 
 6.90302822e-03  1.24696830e-03  6.90302822e-03  5.00000000e+00 
 6.91302822e-03  1.23185353e-03  6.91302822e-03  5.00000000e+00 
 6.92302822e-03  1.21692197e-03  6.92302822e-03  5.00000000e+00 
 6.93302822e-03  1.20217140e-03  6.93302822e-03  5.00000000e+00 
 6.94302822e-03  1.18759963e-03  6.94302822e-03  5.00000000e+00 
 6.95302822e-03  1.17320448e-03  6.95302822e-03  5.00000000e+00 
 6.96302822e-03  1.15898382e-03  6.96302822e-03  5.00000000e+00 
 6.97302822e-03  1.14493553e-03  6.97302822e-03  5.00000000e+00 
 6.98302822e-03  1.13105753e-03  6.98302822e-03  5.00000000e+00 
 6.99302822e-03  1.11734774e-03  6.99302822e-03  5.00000000e+00 
 7.00302822e-03  1.10380413e-03  7.00302822e-03  5.00000000e+00 
 7.01302822e-03  1.09042468e-03  7.01302822e-03  5.00000000e+00 
 7.02302822e-03  1.07720742e-03  7.02302822e-03  5.00000000e+00 
 7.03302822e-03  1.06415036e-03  7.03302822e-03  5.00000000e+00 
 7.04302822e-03  1.05125156e-03  7.04302822e-03  5.00000000e+00 
 7.05302822e-03  1.03850912e-03  7.05302822e-03  5.00000000e+00 
 7.06302822e-03  1.02592113e-03  7.06302822e-03  5.00000000e+00 
 7.07302822e-03  1.01348572e-03  7.07302822e-03  5.00000000e+00 
 7.08302822e-03  1.00120105e-03  7.08302822e-03  5.00000000e+00 
 7.09302822e-03  9.89065278e-04  7.09302822e-03  5.00000000e+00 
 7.10302822e-03  9.77076608e-04  7.10302822e-03  5.00000000e+00 
 7.11302822e-03  9.65233255e-04  7.11302822e-03  5.00000000e+00 
 7.12302822e-03  9.53533458e-04  7.12302822e-03  5.00000000e+00 
 7.13302822e-03  9.41975477e-04  7.13302822e-03  5.00000000e+00 
 7.14302822e-03  9.30557593e-04  7.14302822e-03  5.00000000e+00 
 7.15302822e-03  9.19278107e-04  7.15302822e-03  5.00000000e+00 
 7.16302822e-03  9.08135342e-04  7.16302822e-03  5.00000000e+00 
 7.17302822e-03  8.97127641e-04  7.17302822e-03  5.00000000e+00 
 7.18302822e-03  8.86253366e-04  7.18302822e-03  5.00000000e+00 
 7.19302822e-03  8.75510901e-04  7.19302822e-03  5.00000000e+00 
 7.20302822e-03  8.64898648e-04  7.20302822e-03  5.00000000e+00 
 7.21302822e-03  8.54415028e-04  7.21302822e-03  5.00000000e+00 
 7.22302822e-03  8.44058482e-04  7.22302822e-03  5.00000000e+00 
 7.23302822e-03  8.33827470e-04  7.23302822e-03  5.00000000e+00 
 7.24302822e-03  8.23720470e-04  7.24302822e-03  5.00000000e+00 
 7.25302822e-03  8.13735980e-04  7.25302822e-03  5.00000000e+00 
 7.26302822e-03  8.03872513e-04  7.26302822e-03  5.00000000e+00 
 7.27302822e-03  7.94128604e-04  7.27302822e-03  5.00000000e+00 
 7.28302822e-03  7.84502803e-04  7.28302822e-03  5.00000000e+00 
 7.29302822e-03  7.74993678e-04  7.29302822e-03  5.00000000e+00 
 7.30302822e-03  7.65599815e-04  7.30302822e-03  5.00000000e+00 
 7.31302822e-03  7.56319818e-04  7.31302822e-03  5.00000000e+00 
 7.32302822e-03  7.47152305e-04  7.32302822e-03  5.00000000e+00 
 7.33302822e-03  7.38095913e-04  7.33302822e-03  5.00000000e+00 
 7.34302822e-03  7.29149296e-04  7.34302822e-03  5.00000000e+00 
 7.35302822e-03  7.20311123e-04  7.35302822e-03  5.00000000e+00 
 7.36302822e-03  7.11580079e-04  7.36302822e-03  5.00000000e+00 
 7.37302822e-03  7.02954866e-04  7.37302822e-03  5.00000000e+00 
 7.38302822e-03  6.94434201e-04  7.38302822e-03  5.00000000e+00 
 7.39302822e-03  6.86016816e-04  7.39302822e-03  5.00000000e+00 
 7.40302822e-03  6.77701461e-04  7.40302822e-03  5.00000000e+00 
 7.41302822e-03  6.69486898e-04  7.41302822e-03  5.00000000e+00 
 7.42302822e-03  6.61371905e-04  7.42302822e-03  5.00000000e+00 
 7.43302822e-03  6.53355276e-04  7.43302822e-03  5.00000000e+00 
 7.44302822e-03  6.45435818e-04  7.44302822e-03  5.00000000e+00 
 7.45302822e-03  6.37612354e-04  7.45302822e-03  5.00000000e+00 
 7.46302822e-03  6.29883719e-04  7.46302822e-03  5.00000000e+00 
 7.47302822e-03  6.22248765e-04  7.47302822e-03  5.00000000e+00 
 7.48302822e-03  6.14706356e-04  7.48302822e-03  5.00000000e+00 
 7.49302822e-03  6.07255369e-04  7.49302822e-03  5.00000000e+00 
 7.50302822e-03  5.99894698e-04  7.50302822e-03  5.00000000e+00 
 7.51302822e-03  5.92623247e-04  7.51302822e-03  5.00000000e+00 
 7.52302822e-03  5.85439935e-04  7.52302822e-03  5.00000000e+00 
 7.53302822e-03  5.78343694e-04  7.53302822e-03  5.00000000e+00 
 7.54302822e-03  5.71333467e-04  7.54302822e-03  5.00000000e+00 
 7.55302822e-03  5.64408213e-04  7.55302822e-03  5.00000000e+00 
 7.56302822e-03  5.57566901e-04  7.56302822e-03  5.00000000e+00 
 7.57302822e-03  5.50808515e-04  7.57302822e-03  5.00000000e+00 
 7.58302822e-03  5.44132048e-04  7.58302822e-03  5.00000000e+00 
 7.59302822e-03  5.37536508e-04  7.59302822e-03  5.00000000e+00 
 7.60302822e-03  5.31020914e-04  7.60302822e-03  5.00000000e+00 
 7.61302822e-03  5.24584297e-04  7.61302822e-03  5.00000000e+00 
 7.62302822e-03  5.18225699e-04  7.62302822e-03  5.00000000e+00 
 7.63302822e-03  5.11944175e-04  7.63302822e-03  5.00000000e+00 
 7.64302822e-03  5.05738791e-04  7.64302822e-03  5.00000000e+00 
 7.65302822e-03  4.99608624e-04  7.65302822e-03  5.00000000e+00 
 7.66302822e-03  4.93552762e-04  7.66302822e-03  5.00000000e+00 
 7.67302822e-03  4.87570304e-04  7.67302822e-03  5.00000000e+00 
 7.68302822e-03  4.81660361e-04  7.68302822e-03  5.00000000e+00 
 7.69302822e-03  4.75822054e-04  7.69302822e-03  5.00000000e+00 
 7.70302822e-03  4.70054514e-04  7.70302822e-03  5.00000000e+00 
 7.71302822e-03  4.64356883e-04  7.71302822e-03  5.00000000e+00 
 7.72302822e-03  4.58728315e-04  7.72302822e-03  5.00000000e+00 
 7.73302822e-03  4.53167972e-04  7.73302822e-03  5.00000000e+00 
 7.74302822e-03  4.47675027e-04  7.74302822e-03  5.00000000e+00 
 7.75302822e-03  4.42248663e-04  7.75302822e-03  5.00000000e+00 
 7.76302822e-03  4.36888073e-04  7.76302822e-03  5.00000000e+00 
 7.77302822e-03  4.31592460e-04  7.77302822e-03  5.00000000e+00 
 7.78302822e-03  4.26361036e-04  7.78302822e-03  5.00000000e+00 
 7.79302822e-03  4.21193024e-04  7.79302822e-03  5.00000000e+00 
 7.80302822e-03  4.16087654e-04  7.80302822e-03  5.00000000e+00 
 7.81302822e-03  4.11044167e-04  7.81302822e-03  5.00000000e+00 
 7.82302822e-03  4.06061813e-04  7.82302822e-03  5.00000000e+00 
 7.83302822e-03  4.01139852e-04  7.83302822e-03  5.00000000e+00 
 7.84302822e-03  3.96277551e-04  7.84302822e-03  5.00000000e+00 
 7.85302822e-03  3.91474187e-04  7.85302822e-03  5.00000000e+00 
 7.86302822e-03  3.86729045e-04  7.86302822e-03  5.00000000e+00 
 7.87302822e-03  3.82041420e-04  7.87302822e-03  5.00000000e+00 
 7.88302822e-03  3.77410615e-04  7.88302822e-03  5.00000000e+00 
 7.89302822e-03  3.72835941e-04  7.89302822e-03  5.00000000e+00 
 7.90302822e-03  3.68316717e-04  7.90302822e-03  5.00000000e+00 
 7.91302822e-03  3.63852272e-04  7.91302822e-03  5.00000000e+00 
 7.92302822e-03  3.59441942e-04  7.92302822e-03  5.00000000e+00 
 7.93302822e-03  3.55085070e-04  7.93302822e-03  5.00000000e+00 
 7.94302822e-03  3.50781008e-04  7.94302822e-03  5.00000000e+00 
 7.95302822e-03  3.46529117e-04  7.95302822e-03  5.00000000e+00 
 7.96302822e-03  3.42328764e-04  7.96302822e-03  5.00000000e+00 
 7.97302822e-03  3.38179325e-04  7.97302822e-03  5.00000000e+00 
 7.98302822e-03  3.34080181e-04  7.98302822e-03  5.00000000e+00 
 7.99302822e-03  3.30030725e-04  7.99302822e-03  5.00000000e+00 
 8.00302822e-03  3.26030352e-04  8.00302822e-03  5.00000000e+00 
 8.01302822e-03  3.22078469e-04  8.01302822e-03  5.00000000e+00 
 8.02302822e-03  3.18174488e-04  8.02302822e-03  5.00000000e+00 
 8.03302822e-03  3.14317827e-04  8.03302822e-03  5.00000000e+00 
 8.04302822e-03  3.10507914e-04  8.04302822e-03  5.00000000e+00 
 8.05302822e-03  3.06744182e-04  8.05302822e-03  5.00000000e+00 
 8.06302822e-03  3.03026071e-04  8.06302822e-03  5.00000000e+00 
 8.07302822e-03  2.99353027e-04  8.07302822e-03  5.00000000e+00 
 8.08302822e-03  2.95724506e-04  8.08302822e-03  5.00000000e+00 
 8.09302822e-03  2.92139966e-04  8.09302822e-03  5.00000000e+00 
 8.10302822e-03  2.88598876e-04  8.10302822e-03  5.00000000e+00 
 8.11302822e-03  2.85100708e-04  8.11302822e-03  5.00000000e+00 
 8.12302822e-03  2.81644942e-04  8.12302822e-03  5.00000000e+00 
 8.13302822e-03  2.78231063e-04  8.13302822e-03  5.00000000e+00 
 8.14302822e-03  2.74858566e-04  8.14302822e-03  5.00000000e+00 
 8.15302822e-03  2.71526947e-04  8.15302822e-03  5.00000000e+00 
 8.16302822e-03  2.68235711e-04  8.16302822e-03  5.00000000e+00 
 8.17302822e-03  2.64984369e-04  8.17302822e-03  5.00000000e+00 
 8.18302822e-03  2.61772437e-04  8.18302822e-03  5.00000000e+00 
 8.19302822e-03  2.58599438e-04  8.19302822e-03  5.00000000e+00 
 8.20302822e-03  2.55464899e-04  8.20302822e-03  5.00000000e+00 
 8.21302822e-03  2.52368355e-04  8.21302822e-03  5.00000000e+00 
 8.22302822e-03  2.49309345e-04  8.22302822e-03  5.00000000e+00 
 8.23302822e-03  2.46287413e-04  8.23302822e-03  5.00000000e+00 
 8.24302822e-03  2.43302111e-04  8.24302822e-03  5.00000000e+00 
 8.25302822e-03  2.40352995e-04  8.25302822e-03  5.00000000e+00 
 8.26302822e-03  2.37439625e-04  8.26302822e-03  5.00000000e+00 
 8.27302822e-03  2.34561569e-04  8.27302822e-03  5.00000000e+00 
 8.28302822e-03  2.31718399e-04  8.28302822e-03  5.00000000e+00 
 8.29302822e-03  2.28909691e-04  8.29302822e-03  5.00000000e+00 
 8.30302822e-03  2.26135028e-04  8.30302822e-03  5.00000000e+00 
 8.31302822e-03  2.23393997e-04  8.31302822e-03  5.00000000e+00 
 8.32302822e-03  2.20686191e-04  8.32302822e-03  5.00000000e+00 
 8.33302822e-03  2.18011207e-04  8.33302822e-03  5.00000000e+00 
 8.34302822e-03  2.15368647e-04  8.34302822e-03  5.00000000e+00 
 8.35302822e-03  2.12758118e-04  8.35302822e-03  5.00000000e+00 
 8.36302822e-03  2.10179232e-04  8.36302822e-03  5.00000000e+00 
 8.37302822e-03  2.07631605e-04  8.37302822e-03  5.00000000e+00 
 8.38302822e-03  2.05114858e-04  8.38302822e-03  5.00000000e+00 
 8.39302822e-03  2.02628617e-04  8.39302822e-03  5.00000000e+00 
 8.40302822e-03  2.00172513e-04  8.40302822e-03  5.00000000e+00 
 8.41302822e-03  1.97746179e-04  8.41302822e-03  5.00000000e+00 
 8.42302822e-03  1.95349256e-04  8.42302822e-03  5.00000000e+00 
 8.43302822e-03  1.92981386e-04  8.43302822e-03  5.00000000e+00 
 8.44302822e-03  1.90642218e-04  8.44302822e-03  5.00000000e+00 
 8.45302822e-03  1.88331403e-04  8.45302822e-03  5.00000000e+00 
 8.46302822e-03  1.86048598e-04  8.46302822e-03  5.00000000e+00 
 8.47302822e-03  1.83793464e-04  8.47302822e-03  5.00000000e+00 
 8.48302822e-03  1.81565664e-04  8.48302822e-03  5.00000000e+00 
 8.49302822e-03  1.79364868e-04  8.49302822e-03  5.00000000e+00 
 8.50302822e-03  1.77190748e-04  8.50302822e-03  5.00000000e+00 
 8.51302822e-03  1.75042982e-04  8.51302822e-03  5.00000000e+00 
 8.52302822e-03  1.72921249e-04  8.52302822e-03  5.00000000e+00 
 8.53302822e-03  1.70825234e-04  8.53302822e-03  5.00000000e+00 
 8.54302822e-03  1.68754625e-04  8.54302822e-03  5.00000000e+00 
 8.55302822e-03  1.66709114e-04  8.55302822e-03  5.00000000e+00 
 8.56302822e-03  1.64688398e-04  8.56302822e-03  5.00000000e+00 
 8.57302822e-03  1.62692175e-04  8.57302822e-03  5.00000000e+00 
 8.58302822e-03  1.60720148e-04  8.58302822e-03  5.00000000e+00 
 8.59302822e-03  1.58772025e-04  8.59302822e-03  5.00000000e+00 
 8.60302822e-03  1.56847516e-04  8.60302822e-03  5.00000000e+00 
 8.61302822e-03  1.54946334e-04  8.61302822e-03  5.00000000e+00 
 8.62302822e-03  1.53068196e-04  8.62302822e-03  5.00000000e+00 
 8.63302822e-03  1.51212824e-04  8.63302822e-03  5.00000000e+00 
 8.64302822e-03  1.49379942e-04  8.64302822e-03  5.00000000e+00 
 8.65302822e-03  1.47569276e-04  8.65302822e-03  5.00000000e+00 
 8.66302822e-03  1.45780557e-04  8.66302822e-03  5.00000000e+00 
 8.67302822e-03  1.44013520e-04  8.67302822e-03  5.00000000e+00 
 8.68302822e-03  1.42267902e-04  8.68302822e-03  5.00000000e+00 
 8.69302822e-03  1.40543442e-04  8.69302822e-03  5.00000000e+00 
 8.70302822e-03  1.38839885e-04  8.70302822e-03  5.00000000e+00 
 8.71302822e-03  1.37156978e-04  8.71302822e-03  5.00000000e+00 
 8.72302822e-03  1.35494469e-04  8.72302822e-03  5.00000000e+00 
 8.73302822e-03  1.33852112e-04  8.73302822e-03  5.00000000e+00 
 8.74302822e-03  1.32229662e-04  8.74302822e-03  5.00000000e+00 
 8.75302822e-03  1.30626878e-04  8.75302822e-03  5.00000000e+00 
 8.76302822e-03  1.29043522e-04  8.76302822e-03  5.00000000e+00 
 8.77302822e-03  1.27479358e-04  8.77302822e-03  5.00000000e+00 
 8.78302822e-03  1.25934154e-04  8.78302822e-03  5.00000000e+00 
 8.79302822e-03  1.24407679e-04  8.79302822e-03  5.00000000e+00 
 8.80302822e-03  1.22899707e-04  8.80302822e-03  5.00000000e+00 
 8.81302822e-03  1.21410014e-04  8.81302822e-03  5.00000000e+00 
 8.82302822e-03  1.19938377e-04  8.82302822e-03  5.00000000e+00 
 8.83302822e-03  1.18484579e-04  8.83302822e-03  5.00000000e+00 
 8.84302822e-03  1.17048402e-04  8.84302822e-03  5.00000000e+00 
 8.85302822e-03  1.15629634e-04  8.85302822e-03  5.00000000e+00 
 8.86302822e-03  1.14228062e-04  8.86302822e-03  5.00000000e+00 
 8.87302822e-03  1.12843480e-04  8.87302822e-03  5.00000000e+00 
 8.88302822e-03  1.11475680e-04  8.88302822e-03  5.00000000e+00 
 8.89302822e-03  1.10124460e-04  8.89302822e-03  5.00000000e+00 
 8.90302822e-03  1.08789618e-04  8.90302822e-03  5.00000000e+00 
 8.91302822e-03  1.07470956e-04  8.91302822e-03  5.00000000e+00 
 8.92302822e-03  1.06168277e-04  8.92302822e-03  5.00000000e+00 
 8.93302822e-03  1.04881389e-04  8.93302822e-03  5.00000000e+00 
 8.94302822e-03  1.03610100e-04  8.94302822e-03  5.00000000e+00 
 8.95302822e-03  1.02354220e-04  8.95302822e-03  5.00000000e+00 
 8.96302822e-03  1.01113562e-04  8.96302822e-03  5.00000000e+00 
 8.97302822e-03  9.98879434e-05  8.97302822e-03  5.00000000e+00 
 8.98302822e-03  9.86771804e-05  8.98302822e-03  5.00000000e+00 
 8.99302822e-03  9.74810934e-05  8.99302822e-03  5.00000000e+00 
 9.00302822e-03  9.62995044e-05  9.00302822e-03  5.00000000e+00 
 9.01302822e-03  9.51322377e-05  9.01302822e-03  5.00000000e+00 
 9.02302822e-03  9.39791196e-05  9.02302822e-03  5.00000000e+00 
 9.03302822e-03  9.28399788e-05  9.03302822e-03  5.00000000e+00 
 9.04302822e-03  9.17146457e-05  9.04302822e-03  5.00000000e+00 
 9.05302822e-03  9.06029530e-05  9.05302822e-03  5.00000000e+00 
 9.06302822e-03  8.95047354e-05  9.06302822e-03  5.00000000e+00 
 9.07302822e-03  8.84198295e-05  9.07302822e-03  5.00000000e+00 
 9.08302822e-03  8.73480740e-05  9.08302822e-03  5.00000000e+00 
 9.09302822e-03  8.62893095e-05  9.09302822e-03  5.00000000e+00 
 9.10302822e-03  8.52433785e-05  9.10302822e-03  5.00000000e+00 
 9.11302822e-03  8.42101254e-05  9.11302822e-03  5.00000000e+00 
 9.12302822e-03  8.31893966e-05  9.12302822e-03  5.00000000e+00 
 9.13302822e-03  8.21810403e-05  9.13302822e-03  5.00000000e+00 
 9.14302822e-03  8.11849065e-05  9.14302822e-03  5.00000000e+00 
 9.15302822e-03  8.02008470e-05  9.15302822e-03  5.00000000e+00 
 9.16302822e-03  7.92287155e-05  9.16302822e-03  5.00000000e+00 
 9.17302822e-03  7.82683674e-05  9.17302822e-03  5.00000000e+00 
 9.18302822e-03  7.73196600e-05  9.18302822e-03  5.00000000e+00 
 9.19302822e-03  7.63824520e-05  9.19302822e-03  5.00000000e+00 
 9.20302822e-03  7.54566040e-05  9.20302822e-03  5.00000000e+00 
 9.21302822e-03  7.45419785e-05  9.21302822e-03  5.00000000e+00 
 9.22302822e-03  7.36384394e-05  9.22302822e-03  5.00000000e+00 
 9.23302822e-03  7.27458523e-05  9.23302822e-03  5.00000000e+00 
 9.24302822e-03  7.18640844e-05  9.24302822e-03  5.00000000e+00 
 9.25302822e-03  7.09930045e-05  9.25302822e-03  5.00000000e+00 
 9.26302822e-03  7.01324833e-05  9.26302822e-03  5.00000000e+00 
 9.27302822e-03  6.92823926e-05  9.27302822e-03  5.00000000e+00 
 9.28302822e-03  6.84426060e-05  9.28302822e-03  5.00000000e+00 
 9.29302822e-03  6.76129986e-05  9.29302822e-03  5.00000000e+00 
 9.30302822e-03  6.67934471e-05  9.30302822e-03  5.00000000e+00 
 9.31302822e-03  6.59838296e-05  9.31302822e-03  5.00000000e+00 
 9.32302822e-03  6.51840256e-05  9.32302822e-03  5.00000000e+00 
 9.33302822e-03  6.43939162e-05  9.33302822e-03  5.00000000e+00 
 9.34302822e-03  6.36133839e-05  9.34302822e-03  5.00000000e+00 
 9.35302822e-03  6.28423126e-05  9.35302822e-03  5.00000000e+00 
 9.36302822e-03  6.20805876e-05  9.36302822e-03  5.00000000e+00 
 9.37302822e-03  6.13280956e-05  9.37302822e-03  5.00000000e+00 
 9.38302822e-03  6.05847247e-05  9.38302822e-03  5.00000000e+00 
 9.39302822e-03  5.98503644e-05  9.39302822e-03  5.00000000e+00 
 9.40302822e-03  5.91249055e-05  9.40302822e-03  5.00000000e+00 
 9.41302822e-03  5.84082400e-05  9.41302822e-03  5.00000000e+00 
 9.42302822e-03  5.77002613e-05  9.42302822e-03  5.00000000e+00 
 9.43302822e-03  5.70008642e-05  9.43302822e-03  5.00000000e+00 
 9.44302822e-03  5.63099446e-05  9.44302822e-03  5.00000000e+00 
 9.45302822e-03  5.56273998e-05  9.45302822e-03  5.00000000e+00 
 9.46302822e-03  5.49531283e-05  9.46302822e-03  5.00000000e+00 
 9.47302822e-03  5.42870298e-05  9.47302822e-03  5.00000000e+00 
 9.48302822e-03  5.36290052e-05  9.48302822e-03  5.00000000e+00 
 9.49302822e-03  5.29789566e-05  9.49302822e-03  5.00000000e+00 
 9.50302822e-03  5.23367875e-05  9.50302822e-03  5.00000000e+00 
 9.51302822e-03  5.17024022e-05  9.51302822e-03  5.00000000e+00 
 9.52302822e-03  5.10757064e-05  9.52302822e-03  5.00000000e+00 
 9.53302822e-03  5.04566069e-05  9.53302822e-03  5.00000000e+00 
 9.54302822e-03  4.98450117e-05  9.54302822e-03  5.00000000e+00 
 9.55302822e-03  4.92408297e-05  9.55302822e-03  5.00000000e+00 
 9.56302822e-03  4.86439712e-05  9.56302822e-03  5.00000000e+00 
 9.57302822e-03  4.80543473e-05  9.57302822e-03  5.00000000e+00 
 9.58302822e-03  4.74718703e-05  9.58302822e-03  5.00000000e+00 
 9.59302822e-03  4.68964537e-05  9.59302822e-03  5.00000000e+00 
 9.60302822e-03  4.63280119e-05  9.60302822e-03  5.00000000e+00 
 9.61302822e-03  4.57664602e-05  9.61302822e-03  5.00000000e+00 
 9.62302822e-03  4.52117152e-05  9.62302822e-03  5.00000000e+00 
 9.63302822e-03  4.46636944e-05  9.63302822e-03  5.00000000e+00 
 9.64302822e-03  4.41223163e-05  9.64302822e-03  5.00000000e+00 
 9.65302822e-03  4.35875004e-05  9.65302822e-03  5.00000000e+00 
 9.66302822e-03  4.30591670e-05  9.66302822e-03  5.00000000e+00 
 9.67302822e-03  4.25372377e-05  9.67302822e-03  5.00000000e+00 
 9.68302822e-03  4.20216348e-05  9.68302822e-03  5.00000000e+00 
 9.69302822e-03  4.15122817e-05  9.69302822e-03  5.00000000e+00 
 9.70302822e-03  4.10091025e-05  9.70302822e-03  5.00000000e+00 
 9.71302822e-03  4.05120225e-05  9.71302822e-03  5.00000000e+00 
 9.72302822e-03  4.00209677e-05  9.72302822e-03  5.00000000e+00 
 9.73302822e-03  3.95358650e-05  9.73302822e-03  5.00000000e+00 
 9.74302822e-03  3.90566424e-05  9.74302822e-03  5.00000000e+00 
 9.75302822e-03  3.85832286e-05  9.75302822e-03  5.00000000e+00 
 9.76302822e-03  3.81155531e-05  9.76302822e-03  5.00000000e+00 
 9.77302822e-03  3.76535464e-05  9.77302822e-03  5.00000000e+00 
 9.78302822e-03  3.71971397e-05  9.78302822e-03  5.00000000e+00 
 9.79302822e-03  3.67462653e-05  9.79302822e-03  5.00000000e+00 
 9.80302822e-03  3.63008560e-05  9.80302822e-03  5.00000000e+00 
 9.81302822e-03  3.58608457e-05  9.81302822e-03  5.00000000e+00 
 9.82302822e-03  3.54261687e-05  9.82302822e-03  5.00000000e+00 
 9.83302822e-03  3.49967606e-05  9.83302822e-03  5.00000000e+00 
 9.84302822e-03  3.45725575e-05  9.84302822e-03  5.00000000e+00 
 9.85302822e-03  3.41534962e-05  9.85302822e-03  5.00000000e+00 
 9.86302822e-03  3.37395144e-05  9.86302822e-03  5.00000000e+00 
 9.87302822e-03  3.33305506e-05  9.87302822e-03  5.00000000e+00 
 9.88302822e-03  3.29265439e-05  9.88302822e-03  5.00000000e+00 
 9.89302822e-03  3.25274343e-05  9.89302822e-03  5.00000000e+00 
 9.90302822e-03  3.21331624e-05  9.90302822e-03  5.00000000e+00 
 9.91302822e-03  3.17436695e-05  9.91302822e-03  5.00000000e+00 
 9.92302822e-03  3.13588977e-05  9.92302822e-03  5.00000000e+00 
 9.93302822e-03  3.09787899e-05  9.93302822e-03  5.00000000e+00 
 9.94302822e-03  3.06032894e-05  9.94302822e-03  5.00000000e+00 
 9.95302822e-03  3.02323404e-05  9.95302822e-03  5.00000000e+00 
 9.96302822e-03  2.98658878e-05  9.96302822e-03  5.00000000e+00 
 9.97302822e-03  2.95038771e-05  9.97302822e-03  5.00000000e+00 
 9.98302822e-03  2.91462543e-05  9.98302822e-03  5.00000000e+00 
 9.99302822e-03  2.87929664e-05  9.99302822e-03  5.00000000e+00 
 1.00030282e-02  2.84439607e-05  1.00030282e-02  5.00000000e+00 
 1.00130282e-02  2.80991854e-05  1.00130282e-02  5.00000000e+00 
 1.00230282e-02  2.77585892e-05  1.00230282e-02  5.00000000e+00 
 1.00330282e-02  2.74221215e-05  1.00330282e-02  5.00000000e+00 
 1.00430282e-02  2.70897321e-05  1.00430282e-02  5.00000000e+00 
 1.00530282e-02  2.67613718e-05  1.00530282e-02  5.00000000e+00 
 1.00630282e-02  2.64369915e-05  1.00630282e-02  5.00000000e+00 
 1.00730282e-02  2.61165431e-05  1.00730282e-02  5.00000000e+00 
 1.00830282e-02  2.57999789e-05  1.00830282e-02  5.00000000e+00 
 1.00930282e-02  2.54872519e-05  1.00930282e-02  5.00000000e+00 
 1.01030282e-02  2.51783155e-05  1.01030282e-02  5.00000000e+00 
 1.01130282e-02  2.48731238e-05  1.01130282e-02  5.00000000e+00 
 1.01230282e-02  2.45716314e-05  1.01230282e-02  5.00000000e+00 
 1.01330282e-02  2.42737935e-05  1.01330282e-02  5.00000000e+00 
 1.01430282e-02  2.39795657e-05  1.01430282e-02  5.00000000e+00 
 1.01530282e-02  2.36889043e-05  1.01530282e-02  5.00000000e+00 
 1.01630282e-02  2.34017660e-05  1.01630282e-02  5.00000000e+00 
 1.01730282e-02  2.31181083e-05  1.01730282e-02  5.00000000e+00 
 1.01830282e-02  2.28378888e-05  1.01830282e-02  5.00000000e+00 
 1.01930282e-02  2.25610659e-05  1.01930282e-02  5.00000000e+00 
 1.02030282e-02  2.22875984e-05  1.02030282e-02  5.00000000e+00 
 1.02130282e-02  2.20174457e-05  1.02130282e-02  5.00000000e+00 
 1.02230282e-02  2.17505676e-05  1.02230282e-02  5.00000000e+00 
 1.02330282e-02  2.14869243e-05  1.02330282e-02  5.00000000e+00 
 1.02430282e-02  2.12264767e-05  1.02430282e-02  5.00000000e+00 
 1.02530282e-02  2.09691861e-05  1.02530282e-02  5.00000000e+00 
 1.02630282e-02  2.07150142e-05  1.02630282e-02  5.00000000e+00 
 1.02730282e-02  2.04639231e-05  1.02730282e-02  5.00000000e+00 
 1.02830282e-02  2.02158755e-05  1.02830282e-02  5.00000000e+00 
 1.02930282e-02  1.99708346e-05  1.02930282e-02  5.00000000e+00 
 1.03030282e-02  1.97287639e-05  1.03030282e-02  5.00000000e+00 
 1.03130282e-02  1.94896274e-05  1.03130282e-02  5.00000000e+00 
 1.03230282e-02  1.92533894e-05  1.03230282e-02  5.00000000e+00 
 1.03330282e-02  1.90200150e-05  1.03330282e-02  5.00000000e+00 
 1.03430282e-02  1.87894694e-05  1.03430282e-02  5.00000000e+00 
 1.03530282e-02  1.85617182e-05  1.03530282e-02  5.00000000e+00 
 1.03630282e-02  1.83367277e-05  1.03630282e-02  5.00000000e+00 
 1.03730282e-02  1.81144643e-05  1.03730282e-02  5.00000000e+00 
 1.03830282e-02  1.78948951e-05  1.03830282e-02  5.00000000e+00 
 1.03930282e-02  1.76779873e-05  1.03930282e-02  5.00000000e+00 
 1.04030282e-02  1.74637086e-05  1.04030282e-02  5.00000000e+00 
 1.04130282e-02  1.72520273e-05  1.04130282e-02  5.00000000e+00 
 1.04230282e-02  1.70429118e-05  1.04230282e-02  5.00000000e+00 
 1.04330282e-02  1.68363311e-05  1.04330282e-02  5.00000000e+00 
 1.04430282e-02  1.66322543e-05  1.04430282e-02  5.00000000e+00 
 1.04530282e-02  1.64306513e-05  1.04530282e-02  5.00000000e+00 
 1.04630282e-02  1.62314918e-05  1.04630282e-02  5.00000000e+00 
 1.04730282e-02  1.60347465e-05  1.04730282e-02  5.00000000e+00 
 1.04830282e-02  1.58403859e-05  1.04830282e-02  5.00000000e+00 
 1.04930282e-02  1.56483812e-05  1.04930282e-02  5.00000000e+00 
 1.05030282e-02  1.54587039e-05  1.05030282e-02  5.00000000e+00 
 1.05130282e-02  1.52713257e-05  1.05130282e-02  5.00000000e+00 
 1.05230282e-02  1.50862187e-05  1.05230282e-02  5.00000000e+00 
 1.05330282e-02  1.49033554e-05  1.05330282e-02  5.00000000e+00 
 1.05430282e-02  1.47227087e-05  1.05430282e-02  5.00000000e+00 
 1.05530282e-02  1.45442516e-05  1.05530282e-02  5.00000000e+00 
 1.05630282e-02  1.43679577e-05  1.05630282e-02  5.00000000e+00 
 1.05730282e-02  1.41938006e-05  1.05730282e-02  5.00000000e+00 
 1.05830282e-02  1.40217545e-05  1.05830282e-02  5.00000000e+00 
 1.05930282e-02  1.38517939e-05  1.05930282e-02  5.00000000e+00 
 1.06030282e-02  1.36838933e-05  1.06030282e-02  5.00000000e+00 
 1.06130282e-02  1.35180280e-05  1.06130282e-02  5.00000000e+00 
 1.06230282e-02  1.33541731e-05  1.06230282e-02  5.00000000e+00 
 1.06330282e-02  1.31923043e-05  1.06330282e-02  5.00000000e+00 
 1.06430282e-02  1.30323976e-05  1.06430282e-02  5.00000000e+00 
 1.06530282e-02  1.28744291e-05  1.06530282e-02  5.00000000e+00 
 1.06630282e-02  1.27183754e-05  1.06630282e-02  5.00000000e+00 
 1.06730282e-02  1.25642133e-05  1.06730282e-02  5.00000000e+00 
 1.06830282e-02  1.24119198e-05  1.06830282e-02  5.00000000e+00 
 1.06930282e-02  1.22614723e-05  1.06930282e-02  5.00000000e+00 
 1.07030282e-02  1.21128484e-05  1.07030282e-02  5.00000000e+00 
 1.07130282e-02  1.19660260e-05  1.07130282e-02  5.00000000e+00 
 1.07230282e-02  1.18209832e-05  1.07230282e-02  5.00000000e+00 
 1.07330282e-02  1.16776986e-05  1.07330282e-02  5.00000000e+00 
 1.07430282e-02  1.15361507e-05  1.07430282e-02  5.00000000e+00 
 1.07530282e-02  1.13963186e-05  1.07530282e-02  5.00000000e+00 
 1.07630282e-02  1.12581814e-05  1.07630282e-02  5.00000000e+00 
 1.07730282e-02  1.11217186e-05  1.07730282e-02  5.00000000e+00 
 1.07830282e-02  1.09869099e-05  1.07830282e-02  5.00000000e+00 
 1.07930282e-02  1.08537352e-05  1.07930282e-02  5.00000000e+00 
 1.08030282e-02  1.07221748e-05  1.08030282e-02  5.00000000e+00 
 1.08130282e-02  1.05922090e-05  1.08130282e-02  5.00000000e+00 
 1.08230282e-02  1.04638186e-05  1.08230282e-02  5.00000000e+00 
 1.08330282e-02  1.03369845e-05  1.08330282e-02  5.00000000e+00 
 1.08430282e-02  1.02116877e-05  1.08430282e-02  5.00000000e+00 
 1.08530282e-02  1.00879096e-05  1.08530282e-02  5.00000000e+00 
 1.08630282e-02  9.96563195e-06  1.08630282e-02  5.00000000e+00 
 1.08730282e-02  9.84483641e-06  1.08730282e-02  5.00000000e+00 
 1.08830282e-02  9.72550506e-06  1.08830282e-02  5.00000000e+00 
 1.08930282e-02  9.60762015e-06  1.08930282e-02  5.00000000e+00 
 1.09030282e-02  9.49116414e-06  1.09030282e-02  5.00000000e+00 
 1.09130282e-02  9.37611973e-06  1.09130282e-02  5.00000000e+00 
 1.09230282e-02  9.26246979e-06  1.09230282e-02  5.00000000e+00 
 1.09330282e-02  9.15019743e-06  1.09330282e-02  5.00000000e+00 
 1.09430282e-02  9.03928594e-06  1.09430282e-02  5.00000000e+00 
 1.09530282e-02  8.92971884e-06  1.09530282e-02  5.00000000e+00 
 1.09630282e-02  8.82147982e-06  1.09630282e-02  5.00000000e+00 
 1.09730282e-02  8.71455279e-06  1.09730282e-02  5.00000000e+00 
 1.09830282e-02  8.60892185e-06  1.09830282e-02  5.00000000e+00 
 1.09930282e-02  8.50457128e-06  1.09930282e-02  5.00000000e+00 
 1.10030282e-02  8.40148557e-06  1.10030282e-02  5.00000000e+00 
 1.10130282e-02  8.29964938e-06  1.10130282e-02  5.00000000e+00 
 1.10230282e-02  8.19904757e-06  1.10230282e-02  5.00000000e+00 
 1.10330282e-02  8.09966517e-06  1.10330282e-02  5.00000000e+00 
 1.10430282e-02  8.00148741e-06  1.10430282e-02  5.00000000e+00 
 1.10530282e-02  7.90449968e-06  1.10530282e-02  5.00000000e+00 
 1.10630282e-02  7.80868757e-06  1.10630282e-02  5.00000000e+00 
 1.10730282e-02  7.71403681e-06  1.10730282e-02  5.00000000e+00 
 1.10830282e-02  7.62053333e-06  1.10830282e-02  5.00000000e+00 
 1.10930282e-02  7.52816323e-06  1.10930282e-02  5.00000000e+00 
 1.11030282e-02  7.43691276e-06  1.11030282e-02  5.00000000e+00 
 1.11130282e-02  7.34676837e-06  1.11130282e-02  5.00000000e+00 
 1.11230282e-02  7.25771663e-06  1.11230282e-02  5.00000000e+00 
 1.11330282e-02  7.16974431e-06  1.11330282e-02  5.00000000e+00 
 1.11430282e-02  7.08283831e-06  1.11430282e-02  5.00000000e+00 
 1.11530282e-02  6.99698573e-06  1.11530282e-02  5.00000000e+00 
 1.11630282e-02  6.91217378e-06  1.11630282e-02  5.00000000e+00 
 1.11730282e-02  6.82838985e-06  1.11730282e-02  5.00000000e+00 
 1.11830282e-02  6.74562149e-06  1.11830282e-02  5.00000000e+00 
 1.11930282e-02  6.66385638e-06  1.11930282e-02  5.00000000e+00 
 1.12030282e-02  6.58308236e-06  1.12030282e-02  5.00000000e+00 
 1.12130282e-02  6.50328742e-06  1.12130282e-02  5.00000000e+00 
 1.12230282e-02  6.42445970e-06  1.12230282e-02  5.00000000e+00 
 1.12330282e-02  6.34658746e-06  1.12330282e-02  5.00000000e+00 
 1.12430282e-02  6.26965912e-06  1.12430282e-02  5.00000000e+00 
 1.12530282e-02  6.19366325e-06  1.12530282e-02  5.00000000e+00 
 1.12630282e-02  6.11858855e-06  1.12630282e-02  5.00000000e+00 
 1.12730282e-02  6.04442384e-06  1.12730282e-02  5.00000000e+00 
 1.12830282e-02  5.97115809e-06  1.12830282e-02  5.00000000e+00 
 1.12930282e-02  5.89878042e-06  1.12930282e-02  5.00000000e+00 
 1.13030282e-02  5.82728005e-06  1.13030282e-02  5.00000000e+00 
 1.13130282e-02  5.75664635e-06  1.13130282e-02  5.00000000e+00 
 1.13230282e-02  5.68686882e-06  1.13230282e-02  5.00000000e+00 
 1.13330282e-02  5.61793707e-06  1.13330282e-02  5.00000000e+00 
 1.13430282e-02  5.54984087e-06  1.13430282e-02  5.00000000e+00 
 1.13530282e-02  5.48257007e-06  1.13530282e-02  5.00000000e+00 
 1.13630282e-02  5.41611467e-06  1.13630282e-02  5.00000000e+00 
 1.13730282e-02  5.35046480e-06  1.13730282e-02  5.00000000e+00 
 1.13830282e-02  5.28561068e-06  1.13830282e-02  5.00000000e+00 
 1.13930282e-02  5.22154267e-06  1.13930282e-02  5.00000000e+00 
 1.14030282e-02  5.15825124e-06  1.14030282e-02  5.00000000e+00 
 1.14130282e-02  5.09572698e-06  1.14130282e-02  5.00000000e+00 
 1.14230282e-02  5.03396059e-06  1.14230282e-02  5.00000000e+00 
 1.14330282e-02  4.97294289e-06  1.14330282e-02  5.00000000e+00 
 1.14430282e-02  4.91266479e-06  1.14430282e-02  5.00000000e+00 
 1.14530282e-02  4.85311734e-06  1.14530282e-02  5.00000000e+00 
 1.14630282e-02  4.79429167e-06  1.14630282e-02  5.00000000e+00 
 1.14730282e-02  4.73617905e-06  1.14730282e-02  5.00000000e+00 
 1.14830282e-02  4.67877081e-06  1.14830282e-02  5.00000000e+00 
 1.14930282e-02  4.62205844e-06  1.14930282e-02  5.00000000e+00 
 1.15030282e-02  4.56603349e-06  1.15030282e-02  5.00000000e+00 
 1.15130282e-02  4.51068762e-06  1.15130282e-02  5.00000000e+00 
 1.15230282e-02  4.45601262e-06  1.15230282e-02  5.00000000e+00 
 1.15330282e-02  4.40200035e-06  1.15330282e-02  5.00000000e+00 
 1.15430282e-02  4.34864277e-06  1.15430282e-02  5.00000000e+00 
 1.15530282e-02  4.29593194e-06  1.15530282e-02  5.00000000e+00 
 1.15630282e-02  4.24386004e-06  1.15630282e-02  5.00000000e+00 
 1.15730282e-02  4.19241931e-06  1.15730282e-02  5.00000000e+00 
 1.15830282e-02  4.14160210e-06  1.15830282e-02  5.00000000e+00 
 1.15930282e-02  4.09140087e-06  1.15930282e-02  5.00000000e+00 
 1.16030282e-02  4.04180813e-06  1.16030282e-02  5.00000000e+00 
 1.16130282e-02  3.99281651e-06  1.16130282e-02  5.00000000e+00 
 1.16230282e-02  3.94441874e-06  1.16230282e-02  5.00000000e+00 
 1.16330282e-02  3.89660760e-06  1.16330282e-02  5.00000000e+00 
 1.16430282e-02  3.84937599e-06  1.16430282e-02  5.00000000e+00 
 1.16530282e-02  3.80271689e-06  1.16530282e-02  5.00000000e+00 
 1.16630282e-02  3.75662335e-06  1.16630282e-02  5.00000000e+00 
 1.16730282e-02  3.71108852e-06  1.16730282e-02  5.00000000e+00 
 1.16830282e-02  3.66610563e-06  1.16830282e-02  5.00000000e+00 
 1.16930282e-02  3.62166798e-06  1.16930282e-02  5.00000000e+00 
 1.17030282e-02  3.57776898e-06  1.17030282e-02  5.00000000e+00 
 1.17130282e-02  3.53440208e-06  1.17130282e-02  5.00000000e+00 
 1.17230282e-02  3.49156084e-06  1.17230282e-02  5.00000000e+00 
 1.17330282e-02  3.44923889e-06  1.17330282e-02  5.00000000e+00 
 1.17430282e-02  3.40742993e-06  1.17430282e-02  5.00000000e+00 
 1.17530282e-02  3.36612775e-06  1.17530282e-02  5.00000000e+00 
 1.17630282e-02  3.32532620e-06  1.17630282e-02  5.00000000e+00 
 1.17730282e-02  3.28501922e-06  1.17730282e-02  5.00000000e+00 
 1.17830282e-02  3.24520080e-06  1.17830282e-02  5.00000000e+00 
 1.17930282e-02  3.20586504e-06  1.17930282e-02  5.00000000e+00 
 1.18030282e-02  3.16700606e-06  1.18030282e-02  5.00000000e+00 
 1.18130282e-02  3.12861811e-06  1.18130282e-02  5.00000000e+00 
 1.18230282e-02  3.09069546e-06  1.18230282e-02  5.00000000e+00 
 1.18330282e-02  3.05323249e-06  1.18330282e-02  5.00000000e+00 
 1.18430282e-02  3.01622361e-06  1.18430282e-02  5.00000000e+00 
 1.18530282e-02  2.97966332e-06  1.18530282e-02  5.00000000e+00 
 1.18630282e-02  2.94354619e-06  1.18630282e-02  5.00000000e+00 
 1.18730282e-02  2.90786684e-06  1.18730282e-02  5.00000000e+00 
 1.18830282e-02  2.87261997e-06  1.18830282e-02  5.00000000e+00 
 1.18930282e-02  2.83780033e-06  1.18930282e-02  5.00000000e+00 
 1.19030282e-02  2.80340275e-06  1.19030282e-02  5.00000000e+00 
 1.19130282e-02  2.76942211e-06  1.19130282e-02  5.00000000e+00 
 1.19230282e-02  2.73585336e-06  1.19230282e-02  5.00000000e+00 
 1.19330282e-02  2.70269150e-06  1.19330282e-02  5.00000000e+00 
 1.19430282e-02  2.66993160e-06  1.19430282e-02  5.00000000e+00 
 1.19530282e-02  2.63756879e-06  1.19530282e-02  5.00000000e+00 
 1.19630282e-02  2.60559826e-06  1.19630282e-02  5.00000000e+00 
 1.19730282e-02  2.57401525e-06  1.19730282e-02  5.00000000e+00 
 1.19830282e-02  2.54281507e-06  1.19830282e-02  5.00000000e+00 
 1.19930282e-02  2.51199306e-06  1.19930282e-02  5.00000000e+00 
 1.20030282e-02  2.48154466e-06  1.20030282e-02  5.00000000e+00 
 1.20130282e-02  2.45146533e-06  1.20130282e-02  5.00000000e+00 
 1.20230282e-02  2.42175060e-06  1.20230282e-02  5.00000000e+00 
 1.20330282e-02  2.39239605e-06  1.20330282e-02  5.00000000e+00 
 1.20430282e-02  2.36339730e-06  1.20430282e-02  5.00000000e+00 
 1.20530282e-02  2.33475006e-06  1.20530282e-02  5.00000000e+00 
 1.20630282e-02  2.30645006e-06  1.20630282e-02  5.00000000e+00 
 1.20730282e-02  2.27849309e-06  1.20730282e-02  5.00000000e+00 
 1.20830282e-02  2.25087499e-06  1.20830282e-02  5.00000000e+00 
 1.20930282e-02  2.22359166e-06  1.20930282e-02  5.00000000e+00 
 1.21030282e-02  2.19663903e-06  1.21030282e-02  5.00000000e+00 
 1.21130282e-02  2.17001311e-06  1.21130282e-02  5.00000000e+00 
 1.21230282e-02  2.14370992e-06  1.21230282e-02  5.00000000e+00 
 1.21330282e-02  2.11772555e-06  1.21330282e-02  5.00000000e+00 
 1.21430282e-02  2.09205615e-06  1.21430282e-02  5.00000000e+00 
 1.21530282e-02  2.06669789e-06  1.21530282e-02  5.00000000e+00 
 1.21630282e-02  2.04164701e-06  1.21630282e-02  5.00000000e+00 
 1.21730282e-02  2.01689977e-06  1.21730282e-02  5.00000000e+00 
 1.21830282e-02  1.99245250e-06  1.21830282e-02  5.00000000e+00 
 1.21930282e-02  1.96830156e-06  1.21930282e-02  5.00000000e+00 
 1.22030282e-02  1.94444336e-06  1.22030282e-02  5.00000000e+00 
 1.22130282e-02  1.92087435e-06  1.22130282e-02  5.00000000e+00 
 1.22230282e-02  1.89759102e-06  1.22230282e-02  5.00000000e+00 
 1.22330282e-02  1.87458992e-06  1.22330282e-02  5.00000000e+00 
 1.22430282e-02  1.85186762e-06  1.22430282e-02  5.00000000e+00 
 1.22530282e-02  1.82942073e-06  1.22530282e-02  5.00000000e+00 
 1.22630282e-02  1.80724594e-06  1.22630282e-02  5.00000000e+00 
 1.22730282e-02  1.78533993e-06  1.22730282e-02  5.00000000e+00 
 1.22830282e-02  1.76369944e-06  1.22830282e-02  5.00000000e+00 
 1.22930282e-02  1.74232127e-06  1.22930282e-02  5.00000000e+00 
 1.23030282e-02  1.72120222e-06  1.23030282e-02  5.00000000e+00 
 1.23130282e-02  1.70033916e-06  1.23130282e-02  5.00000000e+00 
 1.23230282e-02  1.67972899e-06  1.23230282e-02  5.00000000e+00 
 1.23330282e-02  1.65936864e-06  1.23330282e-02  5.00000000e+00 
 1.23430282e-02  1.63925507e-06  1.23430282e-02  5.00000000e+00 
 1.23530282e-02  1.61938531e-06  1.23530282e-02  5.00000000e+00 
 1.23630282e-02  1.59975640e-06  1.23630282e-02  5.00000000e+00 
 1.23730282e-02  1.58036541e-06  1.23730282e-02  5.00000000e+00 
 1.23830282e-02  1.56120947e-06  1.23830282e-02  5.00000000e+00 
 1.23930282e-02  1.54228572e-06  1.23930282e-02  5.00000000e+00 
 1.24030282e-02  1.52359134e-06  1.24030282e-02  5.00000000e+00 
 1.24130282e-02  1.50512357e-06  1.24130282e-02  5.00000000e+00 
 1.24230282e-02  1.48687965e-06  1.24230282e-02  5.00000000e+00 
 1.24330282e-02  1.46885686e-06  1.24330282e-02  5.00000000e+00 
 1.24430282e-02  1.45105254e-06  1.24430282e-02  5.00000000e+00 
 1.24530282e-02  1.43346402e-06  1.24530282e-02  5.00000000e+00 
 1.24630282e-02  1.41608870e-06  1.24630282e-02  5.00000000e+00 
 1.24730282e-02  1.39892399e-06  1.24730282e-02  5.00000000e+00 
 1.24830282e-02  1.38196733e-06  1.24830282e-02  5.00000000e+00 
 1.24930282e-02  1.36521621e-06  1.24930282e-02  5.00000000e+00 
 1.25030282e-02  1.34866814e-06  1.25030282e-02  5.00000000e+00 
 1.25130282e-02  1.33232064e-06  1.25130282e-02  5.00000000e+00 
 1.25230282e-02  1.31617130e-06  1.25230282e-02  5.00000000e+00 
 1.25330282e-02  1.30021771e-06  1.25330282e-02  5.00000000e+00 
 1.25430282e-02  1.28445749e-06  1.25430282e-02  5.00000000e+00 
 1.25530282e-02  1.26888831e-06  1.25530282e-02  5.00000000e+00 
 1.25630282e-02  1.25350785e-06  1.25630282e-02  5.00000000e+00 
 1.25730282e-02  1.23831381e-06  1.25730282e-02  5.00000000e+00 
 1.25830282e-02  1.22330394e-06  1.25830282e-02  5.00000000e+00 
 1.25930282e-02  1.20847602e-06  1.25930282e-02  5.00000000e+00 
 1.26030282e-02  1.19382782e-06  1.26030282e-02  5.00000000e+00 
 1.26130282e-02  1.17935718e-06  1.26130282e-02  5.00000000e+00 
 1.26230282e-02  1.16506194e-06  1.26230282e-02  5.00000000e+00 
 1.26330282e-02  1.15093998e-06  1.26330282e-02  5.00000000e+00 
 1.26430282e-02  1.13698919e-06  1.26430282e-02  5.00000000e+00 
 1.26530282e-02  1.12320750e-06  1.26530282e-02  5.00000000e+00 
 1.26630282e-02  1.10959286e-06  1.26630282e-02  5.00000000e+00 
 1.26730282e-02  1.09614325e-06  1.26730282e-02  5.00000000e+00 
 1.26830282e-02  1.08285667e-06  1.26830282e-02  5.00000000e+00 
 1.26930282e-02  1.06973113e-06  1.26930282e-02  5.00000000e+00 
 1.27030282e-02  1.05676469e-06  1.27030282e-02  5.00000000e+00 
 1.27130282e-02  1.04395542e-06  1.27130282e-02  5.00000000e+00 
 1.27230282e-02  1.03130141e-06  1.27230282e-02  5.00000000e+00 
 1.27330282e-02  1.01880079e-06  1.27330282e-02  5.00000000e+00 
 1.27430282e-02  1.00645169e-06  1.27430282e-02  5.00000000e+00 
 1.27530282e-02  9.94252276e-07  1.27530282e-02  5.00000000e+00 
 1.27630282e-02  9.82200732e-07  1.27630282e-02  5.00000000e+00 
 1.27730282e-02  9.70295267e-07  1.27730282e-02  5.00000000e+00 
 1.27830282e-02  9.58534113e-07  1.27830282e-02  5.00000000e+00 
 1.27930282e-02  9.46915517e-07  1.27930282e-02  5.00000000e+00 
 1.28030282e-02  9.35437751e-07  1.28030282e-02  5.00000000e+00 
 1.28130282e-02  9.24099111e-07  1.28130282e-02  5.00000000e+00 
 1.28230282e-02  9.12897908e-07  1.28230282e-02  5.00000000e+00 
 1.28330282e-02  9.01832478e-07  1.28330282e-02  5.00000000e+00 
 1.28430282e-02  8.90901175e-07  1.28430282e-02  5.00000000e+00 
 1.28530282e-02  8.80102372e-07  1.28530282e-02  5.00000000e+00 
 1.28630282e-02  8.69434464e-07  1.28630282e-02  5.00000000e+00 
 1.28730282e-02  8.58895864e-07  1.28730282e-02  5.00000000e+00 
 1.28830282e-02  8.48485005e-07  1.28830282e-02  5.00000000e+00 
 1.28930282e-02  8.38200338e-07  1.28930282e-02  5.00000000e+00 
 1.29030282e-02  8.28040334e-07  1.29030282e-02  5.00000000e+00 
 1.29130282e-02  8.18003481e-07  1.29130282e-02  5.00000000e+00 
 1.29230282e-02  8.08088286e-07  1.29230282e-02  5.00000000e+00 
 1.29330282e-02  7.98293276e-07  1.29330282e-02  5.00000000e+00 
 1.29430282e-02  7.88616993e-07  1.29430282e-02  5.00000000e+00 
 1.29530282e-02  7.79057999e-07  1.29530282e-02  5.00000000e+00 
 1.29630282e-02  7.69614870e-07  1.29630282e-02  5.00000000e+00 
 1.29730282e-02  7.60286205e-07  1.29730282e-02  5.00000000e+00 
 1.29830282e-02  7.51070613e-07  1.29830282e-02  5.00000000e+00 
 1.29930282e-02  7.41966725e-07  1.29930282e-02  5.00000000e+00 
 1.30030282e-02  7.32973189e-07  1.30030282e-02  5.00000000e+00 
 1.30130282e-02  7.24088665e-07  1.30130282e-02  5.00000000e+00 
 1.30230282e-02  7.15311833e-07  1.30230282e-02  5.00000000e+00 
 1.30330282e-02  7.06641386e-07  1.30330282e-02  5.00000000e+00 
 1.30430282e-02  6.98076035e-07  1.30430282e-02  5.00000000e+00 
 1.30530282e-02  6.89614508e-07  1.30530282e-02  5.00000000e+00 
 1.30630282e-02  6.81255544e-07  1.30630282e-02  5.00000000e+00 
 1.30730282e-02  6.72997900e-07  1.30730282e-02  5.00000000e+00 
 1.30830282e-02  6.64840348e-07  1.30830282e-02  5.00000000e+00 
 1.30930282e-02  6.56781676e-07  1.30930282e-02  5.00000000e+00 
 1.31030282e-02  6.48820684e-07  1.31030282e-02  5.00000000e+00 
 1.31130282e-02  6.40956189e-07  1.31130282e-02  5.00000000e+00 
 1.31230282e-02  6.33187022e-07  1.31230282e-02  5.00000000e+00 
 1.31330282e-02  6.25512026e-07  1.31330282e-02  5.00000000e+00 
 1.31430282e-02  6.17930062e-07  1.31430282e-02  5.00000000e+00 
 1.31530282e-02  6.10440000e-07  1.31530282e-02  5.00000000e+00 
 1.31630282e-02  6.03040727e-07  1.31630282e-02  5.00000000e+00 
 1.31730282e-02  5.95731141e-07  1.31730282e-02  5.00000000e+00 
 1.31830282e-02  5.88510156e-07  1.31830282e-02  5.00000000e+00 
 1.31930282e-02  5.81376699e-07  1.31930282e-02  5.00000000e+00 
 1.32030282e-02  5.74329707e-07  1.32030282e-02  5.00000000e+00 
 1.32130282e-02  5.67368135e-07  1.32130282e-02  5.00000000e+00 
 1.32230282e-02  5.60490943e-07  1.32230282e-02  5.00000000e+00 
 1.32330282e-02  5.53697113e-07  1.32330282e-02  5.00000000e+00 
 1.32430282e-02  5.46985633e-07  1.32430282e-02  5.00000000e+00 
 1.32530282e-02  5.40355502e-07  1.32530282e-02  5.00000000e+00 
 1.32630282e-02  5.33805737e-07  1.32630282e-02  5.00000000e+00 
 1.32730282e-02  5.27335363e-07  1.32730282e-02  5.00000000e+00 
 1.32830282e-02  5.20943419e-07  1.32830282e-02  5.00000000e+00 
 1.32930282e-02  5.14628952e-07  1.32930282e-02  5.00000000e+00 
 1.33030282e-02  5.08391024e-07  1.33030282e-02  5.00000000e+00 
 1.33130282e-02  5.02228706e-07  1.33130282e-02  5.00000000e+00 
 1.33230282e-02  4.96141083e-07  1.33230282e-02  5.00000000e+00 
 1.33330282e-02  4.90127252e-07  1.33330282e-02  5.00000000e+00 
 1.33430282e-02  4.84186315e-07  1.33430282e-02  5.00000000e+00 
 1.33530282e-02  4.78317388e-07  1.33530282e-02  5.00000000e+00 
 1.33630282e-02  4.72519599e-07  1.33630282e-02  5.00000000e+00 
 1.33730282e-02  4.66792087e-07  1.33730282e-02  5.00000000e+00 
 1.33830282e-02  4.61133999e-07  1.33830282e-02  5.00000000e+00 
 1.33930282e-02  4.55544496e-07  1.33930282e-02  5.00000000e+00 
 1.34030282e-02  4.50022744e-07  1.34030282e-02  5.00000000e+00 
 1.34130282e-02  4.44567923e-07  1.34130282e-02  5.00000000e+00 
 1.34230282e-02  4.39179219e-07  1.34230282e-02  5.00000000e+00 
 1.34330282e-02  4.33855834e-07  1.34330282e-02  5.00000000e+00 
 1.34430282e-02  4.28596975e-07  1.34430282e-02  5.00000000e+00 
 1.34530282e-02  4.23401859e-07  1.34530282e-02  5.00000000e+00 
 1.34630282e-02  4.18269714e-07  1.34630282e-02  5.00000000e+00 
 1.34730282e-02  4.13199777e-07  1.34730282e-02  5.00000000e+00 
 1.34830282e-02  4.08191295e-07  1.34830282e-02  5.00000000e+00 
 1.34930282e-02  4.03243521e-07  1.34930282e-02  5.00000000e+00 
 1.35030282e-02  3.98355721e-07  1.35030282e-02  5.00000000e+00 
 1.35130282e-02  3.93527166e-07  1.35130282e-02  5.00000000e+00 
 1.35230282e-02  3.88757138e-07  1.35230282e-02  5.00000000e+00 
 1.35330282e-02  3.84044929e-07  1.35330282e-02  5.00000000e+00 
 1.35430282e-02  3.79389838e-07  1.35430282e-02  5.00000000e+00 
 1.35530282e-02  3.74791172e-07  1.35530282e-02  5.00000000e+00 
 1.35630282e-02  3.70248248e-07  1.35630282e-02  5.00000000e+00 
 1.35730282e-02  3.65760389e-07  1.35730282e-02  5.00000000e+00 
 1.35830282e-02  3.61326927e-07  1.35830282e-02  5.00000000e+00 
 1.35930282e-02  3.56947206e-07  1.35930282e-02  5.00000000e+00 
 1.36030282e-02  3.52620571e-07  1.36030282e-02  5.00000000e+00 
 1.36130282e-02  3.48346380e-07  1.36130282e-02  5.00000000e+00 
 1.36230282e-02  3.44123999e-07  1.36230282e-02  5.00000000e+00 
 1.36330282e-02  3.39952798e-07  1.36330282e-02  5.00000000e+00 
 1.36430282e-02  3.35832159e-07  1.36430282e-02  5.00000000e+00 
 1.36530282e-02  3.31761465e-07  1.36530282e-02  5.00000000e+00 
 1.36630282e-02  3.27740113e-07  1.36630282e-02  5.00000000e+00 
 1.36730282e-02  3.23767504e-07  1.36730282e-02  5.00000000e+00 
 1.36830282e-02  3.19843048e-07  1.36830282e-02  5.00000000e+00 
 1.36930282e-02  3.15966162e-07  1.36930282e-02  5.00000000e+00 
 1.37030282e-02  3.12136269e-07  1.37030282e-02  5.00000000e+00 
 1.37130282e-02  3.08352798e-07  1.37130282e-02  5.00000000e+00 
 1.37230282e-02  3.04615187e-07  1.37230282e-02  5.00000000e+00 
 1.37330282e-02  3.00922880e-07  1.37330282e-02  5.00000000e+00 
 1.37430282e-02  2.97275328e-07  1.37430282e-02  5.00000000e+00 
 1.37530282e-02  2.93671990e-07  1.37530282e-02  5.00000000e+00 
 1.37630282e-02  2.90112328e-07  1.37630282e-02  5.00000000e+00 
 1.37730282e-02  2.86595813e-07  1.37730282e-02  5.00000000e+00 
 1.37830282e-02  2.83121923e-07  1.37830282e-02  5.00000000e+00 
 1.37930282e-02  2.79690141e-07  1.37930282e-02  5.00000000e+00 
 1.38030282e-02  2.76299956e-07  1.38030282e-02  5.00000000e+00 
 1.38130282e-02  2.72950865e-07  1.38130282e-02  5.00000000e+00 
 1.38230282e-02  2.69642367e-07  1.38230282e-02  5.00000000e+00 
 1.38330282e-02  2.66373974e-07  1.38330282e-02  5.00000000e+00 
 1.38430282e-02  2.63145197e-07  1.38430282e-02  5.00000000e+00 
 1.38530282e-02  2.59955558e-07  1.38530282e-02  5.00000000e+00 
 1.38630282e-02  2.56804582e-07  1.38630282e-02  5.00000000e+00 
 1.38730282e-02  2.53691797e-07  1.38730282e-02  5.00000000e+00 
 1.38830282e-02  2.50616744e-07  1.38830282e-02  5.00000000e+00 
 1.38930282e-02  2.47578964e-07  1.38930282e-02  5.00000000e+00 
 1.39030282e-02  2.44578007e-07  1.39030282e-02  5.00000000e+00 
 1.39130282e-02  2.41613423e-07  1.39130282e-02  5.00000000e+00 
 1.39230282e-02  2.38684775e-07  1.39230282e-02  5.00000000e+00 
 1.39330282e-02  2.35791625e-07  1.39330282e-02  5.00000000e+00 
 1.39430282e-02  2.32933544e-07  1.39430282e-02  5.00000000e+00 
 1.39530282e-02  2.30110107e-07  1.39530282e-02  5.00000000e+00 
 1.39630282e-02  2.27320892e-07  1.39630282e-02  5.00000000e+00 
 1.39730282e-02  2.24565486e-07  1.39730282e-02  5.00000000e+00 
 1.39830282e-02  2.21843480e-07  1.39830282e-02  5.00000000e+00 
 1.39930282e-02  2.19154467e-07  1.39930282e-02  5.00000000e+00 
 1.40030282e-02  2.16498048e-07  1.40030282e-02  5.00000000e+00 
 1.40130282e-02  2.13873828e-07  1.40130282e-02  5.00000000e+00 
 1.40230282e-02  2.11281417e-07  1.40230282e-02  5.00000000e+00 
 1.40330282e-02  2.08720430e-07  1.40330282e-02  5.00000000e+00 
 1.40430282e-02  2.06190485e-07  1.40430282e-02  5.00000000e+00 
 1.40530282e-02  2.03691206e-07  1.40530282e-02  5.00000000e+00 
 1.40630282e-02  2.01222221e-07  1.40630282e-02  5.00000000e+00 
 1.40730282e-02  1.98783163e-07  1.40730282e-02  5.00000000e+00 
 1.40830282e-02  1.96373670e-07  1.40830282e-02  5.00000000e+00 
 1.40930282e-02  1.93993382e-07  1.40930282e-02  5.00000000e+00 
 1.41030282e-02  1.91641946e-07  1.41030282e-02  5.00000000e+00 
 1.41130282e-02  1.89319012e-07  1.41130282e-02  5.00000000e+00 
 1.41230282e-02  1.87024235e-07  1.41230282e-02  5.00000000e+00 
 1.41330282e-02  1.84757274e-07  1.41330282e-02  5.00000000e+00 
 1.41430282e-02  1.82517792e-07  1.41430282e-02  5.00000000e+00 
 1.41530282e-02  1.80305455e-07  1.41530282e-02  5.00000000e+00 
 1.41630282e-02  1.78119933e-07  1.41630282e-02  5.00000000e+00 
 1.41730282e-02  1.75960901e-07  1.41730282e-02  5.00000000e+00 
 1.41830282e-02  1.73828040e-07  1.41830282e-02  5.00000000e+00 
 1.41930282e-02  1.71721032e-07  1.41930282e-02  5.00000000e+00 
 1.42030282e-02  1.69639564e-07  1.42030282e-02  5.00000000e+00 
 1.42130282e-02  1.67583326e-07  1.42130282e-02  5.00000000e+00 
 1.42230282e-02  1.65552012e-07  1.42230282e-02  5.00000000e+00 
 1.42330282e-02  1.63545320e-07  1.42330282e-02  5.00000000e+00 
 1.42430282e-02  1.61562951e-07  1.42430282e-02  5.00000000e+00 
 1.42530282e-02  1.59604611e-07  1.42530282e-02  5.00000000e+00 
 1.42630282e-02  1.57670009e-07  1.42630282e-02  5.00000000e+00 
 1.42730282e-02  1.55758856e-07  1.42730282e-02  5.00000000e+00 
 1.42830282e-02  1.53870870e-07  1.42830282e-02  5.00000000e+00 
 1.42930282e-02  1.52005766e-07  1.42930282e-02  5.00000000e+00 
 1.43030282e-02  1.50163271e-07  1.43030282e-02  5.00000000e+00 
 1.43130282e-02  1.48343108e-07  1.43130282e-02  5.00000000e+00 
 1.43230282e-02  1.46545010e-07  1.43230282e-02  5.00000000e+00 
 1.43330282e-02  1.44768707e-07  1.43330282e-02  5.00000000e+00 
 1.43430282e-02  1.43013934e-07  1.43430282e-02  5.00000000e+00 
 1.43530282e-02  1.41280431e-07  1.43530282e-02  5.00000000e+00 
 1.43630282e-02  1.39567940e-07  1.43630282e-02  5.00000000e+00 
 1.43730282e-02  1.37876207e-07  1.43730282e-02  5.00000000e+00 
 1.43830282e-02  1.36204980e-07  1.43830282e-02  5.00000000e+00 
 1.43930282e-02  1.34554011e-07  1.43930282e-02  5.00000000e+00 
 1.44030282e-02  1.32923052e-07  1.44030282e-02  5.00000000e+00 
 1.44130282e-02  1.31311863e-07  1.44130282e-02  5.00000000e+00 
 1.44230282e-02  1.29720203e-07  1.44230282e-02  5.00000000e+00 
 1.44330282e-02  1.28147835e-07  1.44330282e-02  5.00000000e+00 
 1.44430282e-02  1.26594528e-07  1.44430282e-02  5.00000000e+00 
 1.44530282e-02  1.25060047e-07  1.44530282e-02  5.00000000e+00 
 1.44630282e-02  1.23544166e-07  1.44630282e-02  5.00000000e+00 
 1.44730282e-02  1.22046660e-07  1.44730282e-02  5.00000000e+00 
 1.44830282e-02  1.20567305e-07  1.44830282e-02  5.00000000e+00 
 1.44930282e-02  1.19105882e-07  1.44930282e-02  5.00000000e+00 
 1.45030282e-02  1.17662173e-07  1.45030282e-02  5.00000000e+00 
 1.45130282e-02  1.16235965e-07  1.45130282e-02  5.00000000e+00 
 1.45230282e-02  1.14827044e-07  1.45230282e-02  5.00000000e+00 
 1.45330282e-02  1.13435201e-07  1.45330282e-02  5.00000000e+00 
 1.45430282e-02  1.12060227e-07  1.45430282e-02  5.00000000e+00 
 1.45530282e-02  1.10701921e-07  1.45530282e-02  5.00000000e+00 
 1.45630282e-02  1.09360079e-07  1.45630282e-02  5.00000000e+00 
 1.45730282e-02  1.08034502e-07  1.45730282e-02  5.00000000e+00 
 1.45830282e-02  1.06724992e-07  1.45830282e-02  5.00000000e+00 
 1.45930282e-02  1.05431354e-07  1.45930282e-02  5.00000000e+00 
 1.46030282e-02  1.04153397e-07  1.46030282e-02  5.00000000e+00 
 1.46130282e-02  1.02890931e-07  1.46130282e-02  5.00000000e+00 
 1.46230282e-02  1.01643767e-07  1.46230282e-02  5.00000000e+00 
 1.46330282e-02  1.00411721e-07  1.46330282e-02  5.00000000e+00 
 1.46430282e-02  9.91946090e-08  1.46430282e-02  5.00000000e+00 
 1.46530282e-02  9.79922508e-08  1.46530282e-02  5.00000000e+00 
 1.46630282e-02  9.68044658e-08  1.46630282e-02  5.00000000e+00 
 1.46730282e-02  9.56310773e-08  1.46730282e-02  5.00000000e+00 
 1.46830282e-02  9.44719103e-08  1.46830282e-02  5.00000000e+00 
 1.46930282e-02  9.33267934e-08  1.46930282e-02  5.00000000e+00 
 1.47030282e-02  9.21955587e-08  1.47030282e-02  5.00000000e+00 
 1.47130282e-02  9.10780367e-08  1.47130282e-02  5.00000000e+00 
 1.47230282e-02  8.99740602e-08  1.47230282e-02  5.00000000e+00 
 1.47330282e-02  8.88834641e-08  1.47330282e-02  5.00000000e+00 
 1.47430282e-02  8.78060886e-08  1.47430282e-02  5.00000000e+00 
 1.47530282e-02  8.67417711e-08  1.47530282e-02  5.00000000e+00 
 1.47630282e-02  8.56903544e-08  1.47630282e-02  5.00000000e+00 
 1.47730282e-02  8.46516821e-08  1.47730282e-02  5.00000000e+00 
 1.47830282e-02  8.36255998e-08  1.47830282e-02  5.00000000e+00 
 1.47930282e-02  8.26119555e-08  1.47930282e-02  5.00000000e+00 
 1.48030282e-02  8.16105983e-08  1.48030282e-02  5.00000000e+00 
 1.48130282e-02  8.06213780e-08  1.48130282e-02  5.00000000e+00 
 1.48230282e-02  7.96441482e-08  1.48230282e-02  5.00000000e+00 
 1.48330282e-02  7.86787648e-08  1.48330282e-02  5.00000000e+00 
 1.48430282e-02  7.77250815e-08  1.48430282e-02  5.00000000e+00 
 1.48530282e-02  7.67829587e-08  1.48530282e-02  5.00000000e+00 
 1.48630282e-02  7.58522543e-08  1.48630282e-02  5.00000000e+00 
 1.48730282e-02  7.49328324e-08  1.48730282e-02  5.00000000e+00 
 1.48830282e-02  7.40245554e-08  1.48830282e-02  5.00000000e+00 
 1.48930282e-02  7.31272882e-08  1.48930282e-02  5.00000000e+00 
 1.49030282e-02  7.22408950e-08  1.49030282e-02  5.00000000e+00 
 1.49130282e-02  7.13652462e-08  1.49130282e-02  5.00000000e+00 
 1.49230282e-02  7.05002110e-08  1.49230282e-02  5.00000000e+00 
 1.49330282e-02  6.96456617e-08  1.49330282e-02  5.00000000e+00 
 1.49430282e-02  6.88014703e-08  1.49430282e-02  5.00000000e+00 
 1.49530282e-02  6.79675116e-08  1.49530282e-02  5.00000000e+00 
 1.49630282e-02  6.71436604e-08  1.49630282e-02  5.00000000e+00 
 1.49730282e-02  6.63297968e-08  1.49730282e-02  5.00000000e+00 
 1.49830282e-02  6.55257972e-08  1.49830282e-02  5.00000000e+00 
 1.49930282e-02  6.47315437e-08  1.49930282e-02  5.00000000e+00 
 1.50030282e-02  6.39469180e-08  1.50030282e-02  5.00000000e+00 
 1.50130282e-02  6.31718020e-08  1.50130282e-02  5.00000000e+00 
 1.50230282e-02  6.24060821e-08  1.50230282e-02  5.00000000e+00 
 1.50330282e-02  6.16496436e-08  1.50330282e-02  5.00000000e+00 
 1.50430282e-02  6.09023738e-08  1.50430282e-02  5.00000000e+00 
 1.50530282e-02  6.01641617e-08  1.50530282e-02  5.00000000e+00 
 1.50630282e-02  5.94348979e-08  1.50630282e-02  5.00000000e+00 
 1.50730282e-02  5.87144733e-08  1.50730282e-02  5.00000000e+00 
 1.50830282e-02  5.80027812e-08  1.50830282e-02  5.00000000e+00 
 1.50930282e-02  5.72997152e-08  1.50930282e-02  5.00000000e+00 
 1.51030282e-02  5.66051712e-08  1.51030282e-02  5.00000000e+00 
 1.51130282e-02  5.59190472e-08  1.51130282e-02  5.00000000e+00 
 1.51230282e-02  5.52412383e-08  1.51230282e-02  5.00000000e+00 
 1.51330282e-02  5.45716459e-08  1.51330282e-02  5.00000000e+00 
 1.51430282e-02  5.39101697e-08  1.51430282e-02  5.00000000e+00 
 1.51530282e-02  5.32567110e-08  1.51530282e-02  5.00000000e+00 
 1.51630282e-02  5.26111750e-08  1.51630282e-02  5.00000000e+00 
 1.51730282e-02  5.19734620e-08  1.51730282e-02  5.00000000e+00 
 1.51830282e-02  5.13434788e-08  1.51830282e-02  5.00000000e+00 
 1.51930282e-02  5.07211340e-08  1.51930282e-02  5.00000000e+00 
 1.52030282e-02  5.01063306e-08  1.52030282e-02  5.00000000e+00 
 1.52130282e-02  4.94989800e-08  1.52130282e-02  5.00000000e+00 
 1.52230282e-02  4.88989915e-08  1.52230282e-02  5.00000000e+00 
 1.52330282e-02  4.83062745e-08  1.52330282e-02  5.00000000e+00 
 1.52430282e-02  4.77207429e-08  1.52430282e-02  5.00000000e+00 
 1.52530282e-02  4.71423078e-08  1.52530282e-02  5.00000000e+00 
 1.52630282e-02  4.65708840e-08  1.52630282e-02  5.00000000e+00 
 1.52730282e-02  4.60063871e-08  1.52730282e-02  5.00000000e+00 
 1.52830282e-02  4.54487328e-08  1.52830282e-02  5.00000000e+00 
 1.52930282e-02  4.48978383e-08  1.52930282e-02  5.00000000e+00 
 1.53030282e-02  4.43536203e-08  1.53030282e-02  5.00000000e+00 
 1.53130282e-02  4.38159988e-08  1.53130282e-02  5.00000000e+00 
 1.53230282e-02  4.32848948e-08  1.53230282e-02  5.00000000e+00 
 1.53330282e-02  4.27602291e-08  1.53330282e-02  5.00000000e+00 
 1.53430282e-02  4.22419228e-08  1.53430282e-02  5.00000000e+00 
 1.53530282e-02  4.17298986e-08  1.53530282e-02  5.00000000e+00 
 1.53630282e-02  4.12240801e-08  1.53630282e-02  5.00000000e+00 
 1.53730282e-02  4.07243927e-08  1.53730282e-02  5.00000000e+00 
 1.53830282e-02  4.02307636e-08  1.53830282e-02  5.00000000e+00 
 1.53930282e-02  3.97431172e-08  1.53930282e-02  5.00000000e+00 
 1.54030282e-02  3.92613808e-08  1.54030282e-02  5.00000000e+00 
 1.54130282e-02  3.87854833e-08  1.54130282e-02  5.00000000e+00 
 1.54230282e-02  3.83153544e-08  1.54230282e-02  5.00000000e+00 
 1.54330282e-02  3.78509242e-08  1.54330282e-02  5.00000000e+00 
 1.54430282e-02  3.73921241e-08  1.54430282e-02  5.00000000e+00 
 1.54530282e-02  3.69388848e-08  1.54530282e-02  5.00000000e+00 
 1.54630282e-02  3.64911399e-08  1.54630282e-02  5.00000000e+00 
 1.54730282e-02  3.60488217e-08  1.54730282e-02  5.00000000e+00 
 1.54830282e-02  3.56118663e-08  1.54830282e-02  5.00000000e+00 
 1.54930282e-02  3.51802072e-08  1.54930282e-02  5.00000000e+00 
 1.55030282e-02  3.47537794e-08  1.55030282e-02  5.00000000e+00 
 1.55130282e-02  3.43325208e-08  1.55130282e-02  5.00000000e+00 
 1.55230282e-02  3.39163675e-08  1.55230282e-02  5.00000000e+00 
 1.55330282e-02  3.35052590e-08  1.55330282e-02  5.00000000e+00 
 1.55430282e-02  3.30991341e-08  1.55430282e-02  5.00000000e+00 
 1.55530282e-02  3.26979315e-08  1.55530282e-02  5.00000000e+00 
 1.55630282e-02  3.23015925e-08  1.55630282e-02  5.00000000e+00 
 1.55730282e-02  3.19100568e-08  1.55730282e-02  5.00000000e+00 
 1.55830282e-02  3.15232667e-08  1.55830282e-02  5.00000000e+00 
 1.55930282e-02  3.11411652e-08  1.55930282e-02  5.00000000e+00 
 1.56030282e-02  3.07636947e-08  1.56030282e-02  5.00000000e+00 
 1.56130282e-02  3.03908001e-08  1.56130282e-02  5.00000000e+00 
 1.56230282e-02  3.00224263e-08  1.56230282e-02  5.00000000e+00 
 1.56330282e-02  2.96585183e-08  1.56330282e-02  5.00000000e+00 
 1.56430282e-02  2.92990210e-08  1.56430282e-02  5.00000000e+00 
 1.56530282e-02  2.89438793e-08  1.56530282e-02  5.00000000e+00 
 1.56630282e-02  2.85930426e-08  1.56630282e-02  5.00000000e+00 
 1.56730282e-02  2.82464585e-08  1.56730282e-02  5.00000000e+00 
 1.56830282e-02  2.79040764e-08  1.56830282e-02  5.00000000e+00 
 1.56930282e-02  2.75658456e-08  1.56930282e-02  5.00000000e+00 
 1.57030282e-02  2.72317138e-08  1.57030282e-02  5.00000000e+00 
 1.57130282e-02  2.69016320e-08  1.57130282e-02  5.00000000e+00 
 1.57230282e-02  2.65755506e-08  1.57230282e-02  5.00000000e+00 
 1.57330282e-02  2.62534217e-08  1.57330282e-02  5.00000000e+00 
 1.57430282e-02  2.59351971e-08  1.57430282e-02  5.00000000e+00 
 1.57530282e-02  2.56208299e-08  1.57530282e-02  5.00000000e+00 
 1.57630282e-02  2.53102730e-08  1.57630282e-02  5.00000000e+00 
 1.57730282e-02  2.50034811e-08  1.57730282e-02  5.00000000e+00 
 1.57830282e-02  2.47004079e-08  1.57830282e-02  5.00000000e+00 
 1.57930282e-02  2.44010074e-08  1.57930282e-02  5.00000000e+00 
 1.58030282e-02  2.41052378e-08  1.58030282e-02  5.00000000e+00 
 1.58130282e-02  2.38130529e-08  1.58130282e-02  5.00000000e+00 
 1.58230282e-02  2.35244082e-08  1.58230282e-02  5.00000000e+00 
 1.58330282e-02  2.32392638e-08  1.58330282e-02  5.00000000e+00 
 1.58430282e-02  2.29575754e-08  1.58430282e-02  5.00000000e+00 
 1.58530282e-02  2.26793011e-08  1.58530282e-02  5.00000000e+00 
 1.58630282e-02  2.24044001e-08  1.58630282e-02  5.00000000e+00 
 1.58730282e-02  2.21328316e-08  1.58730282e-02  5.00000000e+00 
 1.58830282e-02  2.18645546e-08  1.58830282e-02  5.00000000e+00 
 1.58930282e-02  2.15995302e-08  1.58930282e-02  5.00000000e+00 
 1.59030282e-02  2.13377165e-08  1.59030282e-02  5.00000000e+00 
 1.59130282e-02  2.10790763e-08  1.59130282e-02  5.00000000e+00 
 1.59230282e-02  2.08235731e-08  1.59230282e-02  5.00000000e+00 
 1.59330282e-02  2.05711670e-08  1.59330282e-02  5.00000000e+00 
 1.59430282e-02  2.03218189e-08  1.59430282e-02  5.00000000e+00 
 1.59530282e-02  2.00754933e-08  1.59530282e-02  5.00000000e+00 
 1.59630282e-02  1.98321528e-08  1.59630282e-02  5.00000000e+00 
 1.59730282e-02  1.95917611e-08  1.59730282e-02  5.00000000e+00 
 1.59830282e-02  1.93542853e-08  1.59830282e-02  5.00000000e+00 
 1.59930282e-02  1.91196881e-08  1.59930282e-02  5.00000000e+00 
 1.60030282e-02  1.88879330e-08  1.60030282e-02  5.00000000e+00 
 1.60130282e-02  1.86589872e-08  1.60130282e-02  5.00000000e+00 
 1.60230282e-02  1.84328171e-08  1.60230282e-02  5.00000000e+00 
 1.60330282e-02  1.82093878e-08  1.60330282e-02  5.00000000e+00 
 1.60430282e-02  1.79886666e-08  1.60430282e-02  5.00000000e+00 
 1.60530282e-02  1.77706214e-08  1.60530282e-02  5.00000000e+00 
 1.60630282e-02  1.75552177e-08  1.60630282e-02  5.00000000e+00 
 1.60730282e-02  1.73424262e-08  1.60730282e-02  5.00000000e+00 
 1.60830282e-02  1.71322139e-08  1.60830282e-02  5.00000000e+00 
 1.60930282e-02  1.69245498e-08  1.60930282e-02  5.00000000e+00 
 1.61000010e-02  1.67812422e-08  1.61000010e-02  5.00000000e+00 
 1.61000011e-02 -4.99999929e-01  1.61000011e-02  4.49999999e+00 
 1.61000013e-02 -1.49999968e+00  1.61000013e-02  3.50000000e+00 
 1.61000017e-02 -3.49999845e+00  1.61000017e-02  1.50000001e+00 
 1.61000020e-02 -4.99999690e+00  1.61000020e-02  0.00000000e+00 
 1.61000021e-02 -4.99999642e+00  1.61000021e-02  0.00000000e+00 
 1.61000022e-02 -4.99999544e+00  1.61000022e-02  0.00000000e+00 
 1.61000026e-02 -4.99999349e+00  1.61000026e-02  0.00000000e+00 
 1.61000032e-02 -4.99998959e+00  1.61000032e-02  0.00000000e+00 
 1.61000045e-02 -4.99998178e+00  1.61000045e-02  0.00000000e+00 
 1.61000070e-02 -4.99996617e+00  1.61000070e-02  0.00000000e+00 
 1.61000122e-02 -4.99993495e+00  1.61000122e-02  0.00000000e+00 
 1.61000224e-02 -4.99987252e+00  1.61000224e-02  0.00000000e+00 
 1.61000429e-02 -4.99974764e+00  1.61000429e-02  0.00000000e+00 
 1.61000838e-02 -4.99949790e+00  1.61000838e-02  0.00000000e+00 
 1.61001658e-02 -4.99899847e+00  1.61001658e-02  0.00000000e+00 
 1.61003296e-02 -4.99799974e+00  1.61003296e-02  0.00000000e+00 
 1.61006573e-02 -4.99600289e+00  1.61006573e-02  0.00000000e+00 
 1.61013126e-02 -4.99201158e+00  1.61013126e-02  0.00000000e+00 
 1.61026234e-02 -4.98403853e+00  1.61026234e-02  0.00000000e+00 
 1.61052448e-02 -4.96813060e+00  1.61052448e-02  0.00000000e+00 
 1.61104877e-02 -4.93646681e+00  1.61104877e-02  0.00000000e+00 
 1.61204877e-02 -4.87663084e+00  1.61204877e-02  0.00000000e+00 
 1.61304877e-02 -4.81752017e+00  1.61304877e-02  0.00000000e+00 
 1.61404877e-02 -4.75912598e+00  1.61404877e-02  0.00000000e+00 
 1.61504877e-02 -4.70143961e+00  1.61504877e-02  0.00000000e+00 
 1.61604877e-02 -4.64445246e+00  1.61604877e-02  0.00000000e+00 
 1.61704877e-02 -4.58815607e+00  1.61704877e-02  0.00000000e+00 
 1.61804877e-02 -4.53254205e+00  1.61804877e-02  0.00000000e+00 
 1.61904877e-02 -4.47760215e+00  1.61904877e-02  0.00000000e+00 
 1.62004877e-02 -4.42332819e+00  1.62004877e-02  0.00000000e+00 
 1.62104877e-02 -4.36971209e+00  1.62104877e-02  0.00000000e+00 
 1.62204877e-02 -4.31674588e+00  1.62204877e-02  0.00000000e+00 
 1.62304877e-02 -4.26442169e+00  1.62304877e-02  0.00000000e+00 
 1.62404877e-02 -4.21273173e+00  1.62404877e-02  0.00000000e+00 
 1.62504877e-02 -4.16166831e+00  1.62504877e-02  0.00000000e+00 
 1.62604877e-02 -4.11122385e+00  1.62604877e-02  0.00000000e+00 
 1.62704877e-02 -4.06139083e+00  1.62704877e-02  0.00000000e+00 
 1.62804877e-02 -4.01216185e+00  1.62804877e-02  0.00000000e+00 
 1.62904877e-02 -3.96352959e+00  1.62904877e-02  0.00000000e+00 
 1.63004877e-02 -3.91548680e+00  1.63004877e-02  0.00000000e+00 
 1.63104877e-02 -3.86802636e+00  1.63104877e-02  0.00000000e+00 
 1.63204877e-02 -3.82114119e+00  1.63204877e-02  0.00000000e+00 
 1.63304877e-02 -3.77482433e+00  1.63304877e-02  0.00000000e+00 
 1.63404877e-02 -3.72906888e+00  1.63404877e-02  0.00000000e+00 
 1.63504877e-02 -3.68386805e+00  1.63504877e-02  0.00000000e+00 
 1.63604877e-02 -3.63921510e+00  1.63604877e-02  0.00000000e+00 
 1.63704877e-02 -3.59510340e+00  1.63704877e-02  0.00000000e+00 
 1.63804877e-02 -3.55152639e+00  1.63804877e-02  0.00000000e+00 
 1.63904877e-02 -3.50847759e+00  1.63904877e-02  0.00000000e+00 
 1.64004877e-02 -3.46595058e+00  1.64004877e-02  0.00000000e+00 
 1.64104877e-02 -3.42393906e+00  1.64104877e-02  0.00000000e+00 
 1.64204877e-02 -3.38243677e+00  1.64204877e-02  0.00000000e+00 
 1.64304877e-02 -3.34143754e+00  1.64304877e-02  0.00000000e+00 
 1.64404877e-02 -3.30093526e+00  1.64404877e-02  0.00000000e+00 
 1.64504877e-02 -3.26092393e+00  1.64504877e-02  0.00000000e+00 
 1.64604877e-02 -3.22139758e+00  1.64604877e-02  0.00000000e+00 
 1.64704877e-02 -3.18235033e+00  1.64704877e-02  0.00000000e+00 
 1.64804877e-02 -3.14377639e+00  1.64804877e-02  0.00000000e+00 
 1.64904877e-02 -3.10567001e+00  1.64904877e-02  0.00000000e+00 
 1.65004877e-02 -3.06802552e+00  1.65004877e-02  0.00000000e+00 
 1.65104877e-02 -3.03083734e+00  1.65104877e-02  0.00000000e+00 
 1.65204877e-02 -2.99409991e+00  1.65204877e-02  0.00000000e+00 
 1.65304877e-02 -2.95780779e+00  1.65304877e-02  0.00000000e+00 
 1.65404877e-02 -2.92195558e+00  1.65404877e-02  0.00000000e+00 
 1.65504877e-02 -2.88653793e+00  1.65504877e-02  0.00000000e+00 
 1.65604877e-02 -2.85154960e+00  1.65604877e-02  0.00000000e+00 
 1.65704877e-02 -2.81698536e+00  1.65704877e-02  0.00000000e+00 
 1.65804877e-02 -2.78284008e+00  1.65804877e-02  0.00000000e+00 
 1.65904877e-02 -2.74910869e+00  1.65904877e-02  0.00000000e+00 
 1.66004877e-02 -2.71578616e+00  1.66004877e-02  0.00000000e+00 
 1.66104877e-02 -2.68286754e+00  1.66104877e-02  0.00000000e+00 
 1.66204877e-02 -2.65034793e+00  1.66204877e-02  0.00000000e+00 
 1.66304877e-02 -2.61822250e+00  1.66304877e-02  0.00000000e+00 
 1.66404877e-02 -2.58648647e+00  1.66404877e-02  0.00000000e+00 
 1.66504877e-02 -2.55513512e+00  1.66504877e-02  0.00000000e+00 
 1.66604877e-02 -2.52416378e+00  1.66604877e-02  0.00000000e+00 
 1.66704877e-02 -2.49356786e+00  1.66704877e-02  0.00000000e+00 
 1.66804877e-02 -2.46334280e+00  1.66804877e-02  0.00000000e+00 
 1.66904877e-02 -2.43348409e+00  1.66904877e-02  0.00000000e+00 
 1.67004877e-02 -2.40398732e+00  1.67004877e-02  0.00000000e+00 
 1.67104877e-02 -2.37484808e+00  1.67104877e-02  0.00000000e+00 
 1.67204877e-02 -2.34606204e+00  1.67204877e-02  0.00000000e+00 
 1.67304877e-02 -2.31762492e+00  1.67304877e-02  0.00000000e+00 
 1.67404877e-02 -2.28953250e+00  1.67404877e-02  0.00000000e+00 
 1.67504877e-02 -2.26178059e+00  1.67504877e-02  0.00000000e+00 
 1.67604877e-02 -2.23436507e+00  1.67604877e-02  0.00000000e+00 
 1.67704877e-02 -2.20728186e+00  1.67704877e-02  0.00000000e+00 
 1.67804877e-02 -2.18052693e+00  1.67804877e-02  0.00000000e+00 
 1.67904877e-02 -2.15409630e+00  1.67904877e-02  0.00000000e+00 
 1.68004877e-02 -2.12798604e+00  1.68004877e-02  0.00000000e+00 
 1.68104877e-02 -2.10219227e+00  1.68104877e-02  0.00000000e+00 
 1.68204877e-02 -2.07671115e+00  1.68204877e-02  0.00000000e+00 
 1.68304877e-02 -2.05153889e+00  1.68304877e-02  0.00000000e+00 
 1.68404877e-02 -2.02667175e+00  1.68404877e-02  0.00000000e+00 
 1.68504877e-02 -2.00210604e+00  1.68504877e-02  0.00000000e+00 
 1.68604877e-02 -1.97783808e+00  1.68604877e-02  0.00000000e+00 
 1.68704877e-02 -1.95386429e+00  1.68704877e-02  0.00000000e+00 
 1.68804877e-02 -1.93018109e+00  1.68804877e-02  0.00000000e+00 
 1.68904877e-02 -1.90678495e+00  1.68904877e-02  0.00000000e+00 
 1.69004877e-02 -1.88367241e+00  1.69004877e-02  0.00000000e+00 
 1.69104877e-02 -1.86084001e+00  1.69104877e-02  0.00000000e+00 
 1.69204877e-02 -1.83828438e+00  1.69204877e-02  0.00000000e+00 
 1.69304877e-02 -1.81600214e+00  1.69304877e-02  0.00000000e+00 
 1.69404877e-02 -1.79399000e+00  1.69404877e-02  0.00000000e+00 
 1.69504877e-02 -1.77224466e+00  1.69504877e-02  0.00000000e+00 
 1.69604877e-02 -1.75076291e+00  1.69604877e-02  0.00000000e+00 
 1.69704877e-02 -1.72954154e+00  1.69704877e-02  0.00000000e+00 
 1.69804877e-02 -1.70857740e+00  1.69804877e-02  0.00000000e+00 
 1.69904877e-02 -1.68786737e+00  1.69904877e-02  0.00000000e+00 
 1.70004877e-02 -1.66740837e+00  1.70004877e-02  0.00000000e+00 
 1.70104877e-02 -1.64719736e+00  1.70104877e-02  0.00000000e+00 
 1.70204877e-02 -1.62723133e+00  1.70204877e-02  0.00000000e+00 
 1.70304877e-02 -1.60750732e+00  1.70304877e-02  0.00000000e+00 
 1.70404877e-02 -1.58802238e+00  1.70404877e-02  0.00000000e+00 
 1.70504877e-02 -1.56877362e+00  1.70504877e-02  0.00000000e+00 
 1.70604877e-02 -1.54975819e+00  1.70604877e-02  0.00000000e+00 
 1.70704877e-02 -1.53097324e+00  1.70704877e-02  0.00000000e+00 
 1.70804877e-02 -1.51241599e+00  1.70804877e-02  0.00000000e+00 
 1.70904877e-02 -1.49408367e+00  1.70904877e-02  0.00000000e+00 
 1.71004877e-02 -1.47597357e+00  1.71004877e-02  0.00000000e+00 
 1.71104877e-02 -1.45808298e+00  1.71104877e-02  0.00000000e+00 
 1.71204877e-02 -1.44040925e+00  1.71204877e-02  0.00000000e+00 
 1.71304877e-02 -1.42294974e+00  1.71304877e-02  0.00000000e+00 
 1.71404877e-02 -1.40570186e+00  1.71404877e-02  0.00000000e+00 
 1.71504877e-02 -1.38866305e+00  1.71504877e-02  0.00000000e+00 
 1.71604877e-02 -1.37183077e+00  1.71604877e-02  0.00000000e+00 
 1.71704877e-02 -1.35520252e+00  1.71704877e-02  0.00000000e+00 
 1.71804877e-02 -1.33877582e+00  1.71804877e-02  0.00000000e+00 
 1.71904877e-02 -1.32254824e+00  1.71904877e-02  0.00000000e+00 
 1.72004877e-02 -1.30651735e+00  1.72004877e-02  0.00000000e+00 
 1.72104877e-02 -1.29068078e+00  1.72104877e-02  0.00000000e+00 
 1.72204877e-02 -1.27503616e+00  1.72204877e-02  0.00000000e+00 
 1.72304877e-02 -1.25958118e+00  1.72304877e-02  0.00000000e+00 
 1.72404877e-02 -1.24431353e+00  1.72404877e-02  0.00000000e+00 
 1.72504877e-02 -1.22923094e+00  1.72504877e-02  0.00000000e+00 
 1.72604877e-02 -1.21433117e+00  1.72604877e-02  0.00000000e+00 
 1.72704877e-02 -1.19961200e+00  1.72704877e-02  0.00000000e+00 
 1.72804877e-02 -1.18507125e+00  1.72804877e-02  0.00000000e+00 
 1.72904877e-02 -1.17070675e+00  1.72904877e-02  0.00000000e+00 
 1.73004877e-02 -1.15651637e+00  1.73004877e-02  0.00000000e+00 
 1.73104877e-02 -1.14249799e+00  1.73104877e-02  0.00000000e+00 
 1.73204877e-02 -1.12864953e+00  1.73204877e-02  0.00000000e+00 
 1.73304877e-02 -1.11496893e+00  1.73304877e-02  0.00000000e+00 
 1.73404877e-02 -1.10145415e+00  1.73404877e-02  0.00000000e+00 
 1.73504877e-02 -1.08810319e+00  1.73504877e-02  0.00000000e+00 
 1.73604877e-02 -1.07491406e+00  1.73604877e-02  0.00000000e+00 
 1.73704877e-02 -1.06188480e+00  1.73704877e-02  0.00000000e+00 
 1.73804877e-02 -1.04901347e+00  1.73804877e-02  0.00000000e+00 
 1.73904877e-02 -1.03629816e+00  1.73904877e-02  0.00000000e+00 
 1.74004877e-02 -1.02373697e+00  1.74004877e-02  0.00000000e+00 
 1.74104877e-02 -1.01132803e+00  1.74104877e-02  0.00000000e+00 
 1.74204877e-02 -9.99069512e-01  1.74204877e-02  0.00000000e+00 
 1.74304877e-02 -9.86959578e-01  1.74304877e-02  0.00000000e+00 
 1.74404877e-02 -9.74996432e-01  1.74404877e-02  0.00000000e+00 
 1.74504877e-02 -9.63178293e-01  1.74504877e-02  0.00000000e+00 
 1.74604877e-02 -9.51503405e-01  1.74604877e-02  0.00000000e+00 
 1.74704877e-02 -9.39970030e-01  1.74704877e-02  0.00000000e+00 
 1.74804877e-02 -9.28576454e-01  1.74804877e-02  0.00000000e+00 
 1.74904877e-02 -9.17320982e-01  1.74904877e-02  0.00000000e+00 
 1.75004877e-02 -9.06201940e-01  1.75004877e-02  0.00000000e+00 
 1.75104877e-02 -8.95217674e-01  1.75104877e-02  0.00000000e+00 
 1.75204877e-02 -8.84366550e-01  1.75204877e-02  0.00000000e+00 
 1.75304877e-02 -8.73646956e-01  1.75304877e-02  0.00000000e+00 
 1.75404877e-02 -8.63057296e-01  1.75404877e-02  0.00000000e+00 
 1.75504877e-02 -8.52595995e-01  1.75504877e-02  0.00000000e+00 
 1.75604877e-02 -8.42261498e-01  1.75604877e-02  0.00000000e+00 
 1.75704877e-02 -8.32052268e-01  1.75704877e-02  0.00000000e+00 
 1.75804877e-02 -8.21966786e-01  1.75804877e-02  0.00000000e+00 
 1.75904877e-02 -8.12003552e-01  1.75904877e-02  0.00000000e+00 
 1.76004877e-02 -8.02161085e-01  1.76004877e-02  0.00000000e+00 
 1.76104877e-02 -7.92437920e-01  1.76104877e-02  0.00000000e+00 
 1.76204877e-02 -7.82832612e-01  1.76204877e-02  0.00000000e+00 
 1.76304877e-02 -7.73343732e-01  1.76304877e-02  0.00000000e+00 
 1.76404877e-02 -7.63969869e-01  1.76404877e-02  0.00000000e+00 
 1.76504877e-02 -7.54709628e-01  1.76504877e-02  0.00000000e+00 
 1.76604877e-02 -7.45561632e-01  1.76604877e-02  0.00000000e+00 
 1.76704877e-02 -7.36524522e-01  1.76704877e-02  0.00000000e+00 
 1.76804877e-02 -7.27596952e-01  1.76804877e-02  0.00000000e+00 
 1.76904877e-02 -7.18777595e-01  1.76904877e-02  0.00000000e+00 
 1.77004877e-02 -7.10065139e-01  1.77004877e-02  0.00000000e+00 
 1.77104877e-02 -7.01458289e-01  1.77104877e-02  0.00000000e+00 
 1.77204877e-02 -6.92955764e-01  1.77204877e-02  0.00000000e+00 
 1.77304877e-02 -6.84556300e-01  1.77304877e-02  0.00000000e+00 
 1.77404877e-02 -6.76258648e-01  1.77404877e-02  0.00000000e+00 
 1.77504877e-02 -6.68061574e-01  1.77504877e-02  0.00000000e+00 
 1.77604877e-02 -6.59963858e-01  1.77604877e-02  0.00000000e+00 
 1.77704877e-02 -6.51964296e-01  1.77704877e-02  0.00000000e+00 
 1.77804877e-02 -6.44061698e-01  1.77804877e-02  0.00000000e+00 
 1.77904877e-02 -6.36254890e-01  1.77904877e-02  0.00000000e+00 
 1.78004877e-02 -6.28542709e-01  1.78004877e-02  0.00000000e+00 
 1.78104877e-02 -6.20924010e-01  1.78104877e-02  0.00000000e+00 
 1.78204877e-02 -6.13397658e-01  1.78204877e-02  0.00000000e+00 
 1.78304877e-02 -6.05962535e-01  1.78304877e-02  0.00000000e+00 
 1.78404877e-02 -5.98617534e-01  1.78404877e-02  0.00000000e+00 
 1.78504877e-02 -5.91361564e-01  1.78504877e-02  0.00000000e+00 
 1.78604877e-02 -5.84193545e-01  1.78604877e-02  0.00000000e+00 
 1.78704877e-02 -5.77112412e-01  1.78704877e-02  0.00000000e+00 
 1.78804877e-02 -5.70117110e-01  1.78804877e-02  0.00000000e+00 
 1.78904877e-02 -5.63206599e-01  1.78904877e-02  0.00000000e+00 
 1.79004877e-02 -5.56379852e-01  1.79004877e-02  0.00000000e+00 
 1.79104877e-02 -5.49635854e-01  1.79104877e-02  0.00000000e+00 
 1.79204877e-02 -5.42973601e-01  1.79204877e-02  0.00000000e+00 
 1.79304877e-02 -5.36392103e-01  1.79304877e-02  0.00000000e+00 
 1.79404877e-02 -5.29890381e-01  1.79404877e-02  0.00000000e+00 
 1.79504877e-02 -5.23467467e-01  1.79504877e-02  0.00000000e+00 
 1.79604877e-02 -5.17122407e-01  1.79604877e-02  0.00000000e+00 
 1.79704877e-02 -5.10854257e-01  1.79704877e-02  0.00000000e+00 
 1.79804877e-02 -5.04662084e-01  1.79804877e-02  0.00000000e+00 
 1.79904877e-02 -4.98544968e-01  1.79904877e-02  0.00000000e+00 
 1.80004877e-02 -4.92501998e-01  1.80004877e-02  0.00000000e+00 
 1.80104877e-02 -4.86532277e-01  1.80104877e-02  0.00000000e+00 
 1.80204877e-02 -4.80634916e-01  1.80204877e-02  0.00000000e+00 
 1.80304877e-02 -4.74809038e-01  1.80304877e-02  0.00000000e+00 
 1.80404877e-02 -4.69053777e-01  1.80404877e-02  0.00000000e+00 
 1.80504877e-02 -4.63368277e-01  1.80504877e-02  0.00000000e+00 
 1.80604877e-02 -4.57751692e-01  1.80604877e-02  0.00000000e+00 
 1.80704877e-02 -4.52203186e-01  1.80704877e-02  0.00000000e+00 
 1.80804877e-02 -4.46721936e-01  1.80804877e-02  0.00000000e+00 
 1.80904877e-02 -4.41307124e-01  1.80904877e-02  0.00000000e+00 
 1.81004877e-02 -4.35957947e-01  1.81004877e-02  0.00000000e+00 
 1.81104877e-02 -4.30673608e-01  1.81104877e-02  0.00000000e+00 
 1.81204877e-02 -4.25453322e-01  1.81204877e-02  0.00000000e+00 
 1.81304877e-02 -4.20296312e-01  1.81304877e-02  0.00000000e+00 
 1.81404877e-02 -4.15201811e-01  1.81404877e-02  0.00000000e+00 
 1.81504877e-02 -4.10169062e-01  1.81504877e-02  0.00000000e+00 
 1.81604877e-02 -4.05197316e-01  1.81604877e-02  0.00000000e+00 
 1.81704877e-02 -4.00285833e-01  1.81704877e-02  0.00000000e+00 
 1.81804877e-02 -3.95433884e-01  1.81804877e-02  0.00000000e+00 
 1.81904877e-02 -3.90640746e-01  1.81904877e-02  0.00000000e+00 
 1.82004877e-02 -3.85905707e-01  1.82004877e-02  0.00000000e+00 
 1.82104877e-02 -3.81228062e-01  1.82104877e-02  0.00000000e+00 
 1.82204877e-02 -3.76607115e-01  1.82204877e-02  0.00000000e+00 
 1.82304877e-02 -3.72042181e-01  1.82304877e-02  0.00000000e+00 
 1.82404877e-02 -3.67532578e-01  1.82404877e-02  0.00000000e+00 
 1.82504877e-02 -3.63077638e-01  1.82504877e-02  0.00000000e+00 
 1.82604877e-02 -3.58676697e-01  1.82604877e-02  0.00000000e+00 
 1.82704877e-02 -3.54329101e-01  1.82704877e-02  0.00000000e+00 
 1.82804877e-02 -3.50034203e-01  1.82804877e-02  0.00000000e+00 
 1.82904877e-02 -3.45791364e-01  1.82904877e-02  0.00000000e+00 
 1.83004877e-02 -3.41599953e-01  1.83004877e-02  0.00000000e+00 
 1.83104877e-02 -3.37459348e-01  1.83104877e-02  0.00000000e+00 
 1.83204877e-02 -3.33368931e-01  1.83204877e-02  0.00000000e+00 
 1.83304877e-02 -3.29328096e-01  1.83304877e-02  0.00000000e+00 
 1.83404877e-02 -3.25336240e-01  1.83404877e-02  0.00000000e+00 
 1.83504877e-02 -3.21392771e-01  1.83504877e-02  0.00000000e+00 
 1.83604877e-02 -3.17497101e-01  1.83604877e-02  0.00000000e+00 
 1.83704877e-02 -3.13648651e-01  1.83704877e-02  0.00000000e+00 
 1.83804877e-02 -3.09846849e-01  1.83804877e-02  0.00000000e+00 
 1.83904877e-02 -3.06091130e-01  1.83904877e-02  0.00000000e+00 
 1.84004877e-02 -3.02380934e-01  1.84004877e-02  0.00000000e+00 
 1.84104877e-02 -2.98715711e-01  1.84104877e-02  0.00000000e+00 
 1.84204877e-02 -2.95094914e-01  1.84204877e-02  0.00000000e+00 
 1.84304877e-02 -2.91518006e-01  1.84304877e-02  0.00000000e+00 
 1.84404877e-02 -2.87984455e-01  1.84404877e-02  0.00000000e+00 
 1.84504877e-02 -2.84493734e-01  1.84504877e-02  0.00000000e+00 
 1.84604877e-02 -2.81045325e-01  1.84604877e-02  0.00000000e+00 
 1.84704877e-02 -2.77638715e-01  1.84704877e-02  0.00000000e+00 
 1.84804877e-02 -2.74273397e-01  1.84804877e-02  0.00000000e+00 
 1.84904877e-02 -2.70948871e-01  1.84904877e-02  0.00000000e+00 
 1.85004877e-02 -2.67664643e-01  1.85004877e-02  0.00000000e+00 
 1.85104877e-02 -2.64420223e-01  1.85104877e-02  0.00000000e+00 
 1.85204877e-02 -2.61215129e-01  1.85204877e-02  0.00000000e+00 
 1.85304877e-02 -2.58048885e-01  1.85304877e-02  0.00000000e+00 
 1.85404877e-02 -2.54921020e-01  1.85404877e-02  0.00000000e+00 
 1.85504877e-02 -2.51831068e-01  1.85504877e-02  0.00000000e+00 
 1.85604877e-02 -2.48778570e-01  1.85604877e-02  0.00000000e+00 
 1.85704877e-02 -2.45763072e-01  1.85704877e-02  0.00000000e+00 
 1.85804877e-02 -2.42784126e-01  1.85804877e-02  0.00000000e+00 
 1.85904877e-02 -2.39841288e-01  1.85904877e-02  0.00000000e+00 
 1.86004877e-02 -2.36934121e-01  1.86004877e-02  0.00000000e+00 
 1.86104877e-02 -2.34062192e-01  1.86104877e-02  0.00000000e+00 
 1.86204877e-02 -2.31225075e-01  1.86204877e-02  0.00000000e+00 
 1.86304877e-02 -2.28422347e-01  1.86304877e-02  0.00000000e+00 
 1.86404877e-02 -2.25653591e-01  1.86404877e-02  0.00000000e+00 
 1.86504877e-02 -2.22918396e-01  1.86504877e-02  0.00000000e+00 
 1.86604877e-02 -2.20216355e-01  1.86604877e-02  0.00000000e+00 
 1.86704877e-02 -2.17547066e-01  1.86704877e-02  0.00000000e+00 
 1.86804877e-02 -2.14910131e-01  1.86804877e-02  0.00000000e+00 
 1.86904877e-02 -2.12305160e-01  1.86904877e-02  0.00000000e+00 
 1.87004877e-02 -2.09731764e-01  1.87004877e-02  0.00000000e+00 
 1.87104877e-02 -2.07189561e-01  1.87104877e-02  0.00000000e+00 
 1.87204877e-02 -2.04678172e-01  1.87204877e-02  0.00000000e+00 
 1.87304877e-02 -2.02197225e-01  1.87304877e-02  0.00000000e+00 
 1.87404877e-02 -1.99746349e-01  1.87404877e-02  0.00000000e+00 
 1.87504877e-02 -1.97325182e-01  1.87504877e-02  0.00000000e+00 
 1.87604877e-02 -1.94933361e-01  1.87604877e-02  0.00000000e+00 
 1.87704877e-02 -1.92570533e-01  1.87704877e-02  0.00000000e+00 
 1.87804877e-02 -1.90236344e-01  1.87804877e-02  0.00000000e+00 
 1.87904877e-02 -1.87930449e-01  1.87904877e-02  0.00000000e+00 
 1.88004877e-02 -1.85652504e-01  1.88004877e-02  0.00000000e+00 
 1.88104877e-02 -1.83402171e-01  1.88104877e-02  0.00000000e+00 
 1.88204877e-02 -1.81179114e-01  1.88204877e-02  0.00000000e+00 
 1.88304877e-02 -1.78983004e-01  1.88304877e-02  0.00000000e+00 
 1.88404877e-02 -1.76813513e-01  1.88404877e-02  0.00000000e+00 
 1.88504877e-02 -1.74670319e-01  1.88504877e-02  0.00000000e+00 
 1.88604877e-02 -1.72553103e-01  1.88604877e-02  0.00000000e+00 
 1.88704877e-02 -1.70461550e-01  1.88704877e-02  0.00000000e+00 
 1.88804877e-02 -1.68395350e-01  1.88804877e-02  0.00000000e+00 
 1.88904877e-02 -1.66354194e-01  1.88904877e-02  0.00000000e+00 
 1.89004877e-02 -1.64337779e-01  1.89004877e-02  0.00000000e+00 
 1.89104877e-02 -1.62345806e-01  1.89104877e-02  0.00000000e+00 
 1.89204877e-02 -1.60377978e-01  1.89204877e-02  0.00000000e+00 
 1.89304877e-02 -1.58434003e-01  1.89304877e-02  0.00000000e+00 
 1.89404877e-02 -1.56513591e-01  1.89404877e-02  0.00000000e+00 
 1.89504877e-02 -1.54616456e-01  1.89504877e-02  0.00000000e+00 
 1.89604877e-02 -1.52742317e-01  1.89604877e-02  0.00000000e+00 
 1.89704877e-02 -1.50890895e-01  1.89704877e-02  0.00000000e+00 
 1.89804877e-02 -1.49061915e-01  1.89804877e-02  0.00000000e+00 
 1.89904877e-02 -1.47255104e-01  1.89904877e-02  0.00000000e+00 
 1.90004877e-02 -1.45470193e-01  1.90004877e-02  0.00000000e+00 
 1.90104877e-02 -1.43706918e-01  1.90104877e-02  0.00000000e+00 
 1.90204877e-02 -1.41965016e-01  1.90204877e-02  0.00000000e+00 
 1.90304877e-02 -1.40244228e-01  1.90304877e-02  0.00000000e+00 
 1.90404877e-02 -1.38544298e-01  1.90404877e-02  0.00000000e+00 
 1.90504877e-02 -1.36864973e-01  1.90504877e-02  0.00000000e+00 
 1.90604877e-02 -1.35206004e-01  1.90604877e-02  0.00000000e+00 
 1.90704877e-02 -1.33567143e-01  1.90704877e-02  0.00000000e+00 
 1.90804877e-02 -1.31948148e-01  1.90804877e-02  0.00000000e+00 
 1.90904877e-02 -1.30348776e-01  1.90904877e-02  0.00000000e+00 
 1.91004877e-02 -1.28768791e-01  1.91004877e-02  0.00000000e+00 
 1.91104877e-02 -1.27207957e-01  1.91104877e-02  0.00000000e+00 
 1.91204877e-02 -1.25666042e-01  1.91204877e-02  0.00000000e+00 
 1.91304877e-02 -1.24142818e-01  1.91304877e-02  0.00000000e+00 
 1.91404877e-02 -1.22638056e-01  1.91404877e-02  0.00000000e+00 
 1.91504877e-02 -1.21151534e-01  1.91504877e-02  0.00000000e+00 
 1.91604877e-02 -1.19683031e-01  1.91604877e-02  0.00000000e+00 
 1.91704877e-02 -1.18232328e-01  1.91704877e-02  0.00000000e+00 
 1.91804877e-02 -1.16799208e-01  1.91804877e-02  0.00000000e+00 
 1.91904877e-02 -1.15383460e-01  1.91904877e-02  0.00000000e+00 
 1.92004877e-02 -1.13984873e-01  1.92004877e-02  0.00000000e+00 
 1.92104877e-02 -1.12603238e-01  1.92104877e-02  0.00000000e+00 
 1.92204877e-02 -1.11238350e-01  1.92204877e-02  0.00000000e+00 
 1.92304877e-02 -1.09890007e-01  1.92304877e-02  0.00000000e+00 
 1.92404877e-02 -1.08558007e-01  1.92404877e-02  0.00000000e+00 
 1.92504877e-02 -1.07242152e-01  1.92504877e-02  0.00000000e+00 
 1.92604877e-02 -1.05942247e-01  1.92604877e-02  0.00000000e+00 
 1.92704877e-02 -1.04658099e-01  1.92704877e-02  0.00000000e+00 
 1.92804877e-02 -1.03389516e-01  1.92804877e-02  0.00000000e+00 
 1.92904877e-02 -1.02136310e-01  1.92904877e-02  0.00000000e+00 
 1.93004877e-02 -1.00898294e-01  1.93004877e-02  0.00000000e+00 
 1.93104877e-02 -9.96752840e-02  1.93104877e-02  0.00000000e+00 
 1.93204877e-02 -9.84670988e-02  1.93204877e-02  0.00000000e+00 
 1.93304877e-02 -9.72735582e-02  1.93304877e-02  0.00000000e+00 
 1.93404877e-02 -9.60944847e-02  1.93404877e-02  0.00000000e+00 
 1.93504877e-02 -9.49297031e-02  1.93504877e-02  0.00000000e+00 
 1.93604877e-02 -9.37790400e-02  1.93604877e-02  0.00000000e+00 
 1.93704877e-02 -9.26423244e-02  1.93704877e-02  0.00000000e+00 
 1.93804877e-02 -9.15193871e-02  1.93804877e-02  0.00000000e+00 
 1.93904877e-02 -9.04100612e-02  1.93904877e-02  0.00000000e+00 
 1.94004877e-02 -8.93141817e-02  1.94004877e-02  0.00000000e+00 
 1.94104877e-02 -8.82315856e-02  1.94104877e-02  0.00000000e+00 
 1.94204877e-02 -8.71621118e-02  1.94204877e-02  0.00000000e+00 
 1.94304877e-02 -8.61056013e-02  1.94304877e-02  0.00000000e+00 
 1.94404877e-02 -8.50618971e-02  1.94404877e-02  0.00000000e+00 
 1.94504877e-02 -8.40308438e-02  1.94504877e-02  0.00000000e+00 
 1.94604877e-02 -8.30122881e-02  1.94604877e-02  0.00000000e+00 
 1.94704877e-02 -8.20060785e-02  1.94704877e-02  0.00000000e+00 
 1.94804877e-02 -8.10120655e-02  1.94804877e-02  0.00000000e+00 
 1.94904877e-02 -8.00301010e-02  1.94904877e-02  0.00000000e+00 
 1.95004877e-02 -7.90600392e-02  1.95004877e-02  0.00000000e+00 
 1.95104877e-02 -7.81017357e-02  1.95104877e-02  0.00000000e+00 
 1.95204877e-02 -7.71550480e-02  1.95204877e-02  0.00000000e+00 
 1.95304877e-02 -7.62198353e-02  1.95304877e-02  0.00000000e+00 
 1.95404877e-02 -7.52959585e-02  1.95404877e-02  0.00000000e+00 
 1.95504877e-02 -7.43832802e-02  1.95504877e-02  0.00000000e+00 
 1.95604877e-02 -7.34816647e-02  1.95604877e-02  0.00000000e+00 
 1.95704877e-02 -7.25909779e-02  1.95704877e-02  0.00000000e+00 
 1.95804877e-02 -7.17110872e-02  1.95804877e-02  0.00000000e+00 
 1.95904877e-02 -7.08418619e-02  1.95904877e-02  0.00000000e+00 
 1.96004877e-02 -6.99831727e-02  1.96004877e-02  0.00000000e+00 
 1.96104877e-02 -6.91348918e-02  1.96104877e-02  0.00000000e+00 
 1.96204877e-02 -6.82968931e-02  1.96204877e-02  0.00000000e+00 
 1.96304877e-02 -6.74690520e-02  1.96304877e-02  0.00000000e+00 
 1.96404877e-02 -6.66512453e-02  1.96404877e-02  0.00000000e+00 
 1.96504877e-02 -6.58433514e-02  1.96504877e-02  0.00000000e+00 
 1.96604877e-02 -6.50452502e-02  1.96604877e-02  0.00000000e+00 
 1.96704877e-02 -6.42568229e-02  1.96704877e-02  0.00000000e+00 
 1.96804877e-02 -6.34779523e-02  1.96804877e-02  0.00000000e+00 
 1.96904877e-02 -6.27085226e-02  1.96904877e-02  0.00000000e+00 
 1.97004877e-02 -6.19484193e-02  1.97004877e-02  0.00000000e+00 
 1.97104877e-02 -6.11975294e-02  1.97104877e-02  0.00000000e+00 
 1.97204877e-02 -6.04557411e-02  1.97204877e-02  0.00000000e+00 
 1.97304877e-02 -5.97229443e-02  1.97304877e-02  0.00000000e+00 
 1.97404877e-02 -5.89990298e-02  1.97404877e-02  0.00000000e+00 
 1.97504877e-02 -5.82838900e-02  1.97504877e-02  0.00000000e+00 
 1.97604877e-02 -5.75774186e-02  1.97604877e-02  0.00000000e+00 
 1.97704877e-02 -5.68795105e-02  1.97704877e-02  0.00000000e+00 
 1.97804877e-02 -5.61900619e-02  1.97804877e-02  0.00000000e+00 
 1.97904877e-02 -5.55089703e-02  1.97904877e-02  0.00000000e+00 
 1.98004877e-02 -5.48361343e-02  1.98004877e-02  0.00000000e+00 
 1.98104877e-02 -5.41714539e-02  1.98104877e-02  0.00000000e+00 
 1.98204877e-02 -5.35148302e-02  1.98204877e-02  0.00000000e+00 
 1.98304877e-02 -5.28661656e-02  1.98304877e-02  0.00000000e+00 
 1.98404877e-02 -5.22253636e-02  1.98404877e-02  0.00000000e+00 
 1.98504877e-02 -5.15923288e-02  1.98504877e-02  0.00000000e+00 
 1.98604877e-02 -5.09669673e-02  1.98604877e-02  0.00000000e+00 
 1.98704877e-02 -5.03491859e-02  1.98704877e-02  0.00000000e+00 
 1.98804877e-02 -4.97388927e-02  1.98804877e-02  0.00000000e+00 
 1.98904877e-02 -4.91359970e-02  1.98904877e-02  0.00000000e+00 
 1.99004877e-02 -4.85404092e-02  1.99004877e-02  0.00000000e+00 
 1.99104877e-02 -4.79520406e-02  1.99104877e-02  0.00000000e+00 
 1.99204877e-02 -4.73708037e-02  1.99204877e-02  0.00000000e+00 
 1.99304877e-02 -4.67966122e-02  1.99304877e-02  0.00000000e+00 
 1.99404877e-02 -4.62293805e-02  1.99404877e-02  0.00000000e+00 
 1.99504877e-02 -4.56690244e-02  1.99504877e-02  0.00000000e+00 
 1.99604877e-02 -4.51154605e-02  1.99604877e-02  0.00000000e+00 
 1.99704877e-02 -4.45686064e-02  1.99704877e-02  0.00000000e+00 
 1.99804877e-02 -4.40283809e-02  1.99804877e-02  0.00000000e+00 
 1.99904877e-02 -4.34947035e-02  1.99904877e-02  0.00000000e+00 
 2.00000000e-02 -4.29930576e-02  2.00000000e-02  0.00000000e+00 
