 0.00000000e+00  0.00000000e+00  0.00000000e+00  0.00000000e+00 
 1.00000000e-11  4.99999994e-02  1.00000000e-11  5.00000000e-02 
 1.45920001e-11  7.29599997e-02  1.45920001e-11  7.29600007e-02 
 2.37760004e-11  1.18880000e-01  2.37760004e-11  1.18880002e-01 
 4.21440010e-11  2.10719999e-01  4.21440010e-11  2.10720005e-01 
 7.88800021e-11  3.94399991e-01  7.88800021e-11  3.94400011e-01 
 1.52352004e-10  7.61759951e-01  1.52352004e-10  7.61760022e-01 
 2.99296009e-10  1.49647977e+00  2.99296009e-10  1.49648004e+00 
 5.93184018e-10  2.96591902e+00  5.93184018e-10  2.96592009e+00 
 1.00000000e-09  4.99999695e+00  1.00000000e-09  5.00000000e+00 
 1.05877760e-09  4.99999659e+00  1.05877760e-09  5.00000000e+00 
 1.17633281e-09  4.99999588e+00  1.17633281e-09  5.00000000e+00 
 1.41144321e-09  4.99999444e+00  1.41144321e-09  5.00000000e+00 
 1.88166403e-09  4.99999157e+00  1.88166403e-09  5.00000000e+00 
 2.82210566e-09  4.99998584e+00  2.82210566e-09  5.00000000e+00 
 4.70298891e-09  4.99997437e+00  4.70298891e-09  5.00000000e+00 
 8.46475543e-09  4.99995143e+00  8.46475543e-09  5.00000000e+00 
 1.59882885e-08  4.99990556e+00  1.59882885e-08  5.00000000e+00 
 3.10353545e-08  4.99981381e+00  3.10353545e-08  5.00000000e+00 
 6.11294866e-08  4.99963032e+00  6.11294866e-08  5.00000000e+00 
 1.21317751e-07  4.99926336e+00  1.21317751e-07  5.00000000e+00 
 2.41694279e-07  4.99852952e+00  2.41694279e-07  5.00000000e+00 
 4.82447336e-07  4.99706216e+00  4.82447336e-07  5.00000000e+00 
 9.63953450e-07  4.99412873e+00  9.63953450e-07  5.00000000e+00 
 1.92696568e-06  4.98826704e+00  1.92696568e-06  5.00000000e+00 
 2.92696568e-06  4.98218750e+00  2.92696568e-06  5.00000000e+00 
 3.92696568e-06  4.97611536e+00  3.92696568e-06  5.00000000e+00 
 4.92696568e-06  4.97005063e+00  4.92696568e-06  5.00000000e+00 
 5.92696568e-06  4.96399328e+00  5.92696568e-06  5.00000000e+00 
 6.92696568e-06  4.95794332e+00  6.92696568e-06  5.00000000e+00 
 7.92696568e-06  4.95190073e+00  7.92696568e-06  5.00000000e+00 
 8.92696568e-06  4.94586551e+00  8.92696568e-06  5.00000000e+00 
 9.92696568e-06  4.93983764e+00  9.92696568e-06  5.00000000e+00 
 1.09269657e-05  4.93381712e+00  1.09269657e-05  5.00000000e+00 
 1.19269657e-05  4.92780394e+00  1.19269657e-05  5.00000000e+00 
 1.29269657e-05  4.92179808e+00  1.29269657e-05  5.00000000e+00 
 1.39269657e-05  4.91579955e+00  1.39269657e-05  5.00000000e+00 
 1.49269657e-05  4.90980832e+00  1.49269657e-05  5.00000000e+00 
 1.59269657e-05  4.90382440e+00  1.59269657e-05  5.00000000e+00 
 1.69269657e-05  4.89784777e+00  1.69269657e-05  5.00000000e+00 
 1.79269657e-05  4.89187843e+00  1.79269657e-05  5.00000000e+00 
 1.89269657e-05  4.88591636e+00  1.89269657e-05  5.00000000e+00 
 1.99269657e-05  4.87996155e+00  1.99269657e-05  5.00000000e+00 
 2.09269657e-05  4.87401401e+00  2.09269657e-05  5.00000000e+00 
 2.19269657e-05  4.86807371e+00  2.19269657e-05  5.00000000e+00 
 2.29269657e-05  4.86214065e+00  2.29269657e-05  5.00000000e+00 
 2.39269657e-05  4.85621483e+00  2.39269657e-05  5.00000000e+00 
 2.49269657e-05  4.85029622e+00  2.49269657e-05  5.00000000e+00 
 2.59269657e-05  4.84438483e+00  2.59269657e-05  5.00000000e+00 
 2.69269657e-05  4.83848065e+00  2.69269657e-05  5.00000000e+00 
 2.79269657e-05  4.83258365e+00  2.79269657e-05  5.00000000e+00 
 2.89269657e-05  4.82669385e+00  2.89269657e-05  5.00000000e+00 
 2.99269657e-05  4.82081123e+00  2.99269657e-05  5.00000000e+00 
 3.09269657e-05  4.81493577e+00  3.09269657e-05  5.00000000e+00 
 3.19269657e-05  4.80906748e+00  3.19269657e-05  5.00000000e+00 
 3.29269657e-05  4.80320633e+00  3.29269657e-05  5.00000000e+00 
 3.39269657e-05  4.79735233e+00  3.39269657e-05  5.00000000e+00 
 3.49269657e-05  4.79150547e+00  3.49269657e-05  5.00000000e+00 
 3.59269657e-05  4.78566573e+00  3.59269657e-05  5.00000000e+00 
 3.69269657e-05  4.77983311e+00  3.69269657e-05  5.00000000e+00 
 3.79269657e-05  4.77400760e+00  3.79269657e-05  5.00000000e+00 
 3.89269657e-05  4.76818918e+00  3.89269657e-05  5.00000000e+00 
 3.99269657e-05  4.76237786e+00  3.99269657e-05  5.00000000e+00 
 4.09269657e-05  4.75657362e+00  4.09269657e-05  5.00000000e+00 
 4.19269657e-05  4.75077646e+00  4.19269657e-05  5.00000000e+00 
 4.29269657e-05  4.74498636e+00  4.29269657e-05  5.00000000e+00 
 4.39269657e-05  4.73920332e+00  4.39269657e-05  5.00000000e+00 
 4.49269657e-05  4.73342732e+00  4.49269657e-05  5.00000000e+00 
 4.59269657e-05  4.72765837e+00  4.59269657e-05  5.00000000e+00 
 4.69269657e-05  4.72189645e+00  4.69269657e-05  5.00000000e+00 
 4.79269657e-05  4.71614154e+00  4.79269657e-05  5.00000000e+00 
 4.89269657e-05  4.71039366e+00  4.89269657e-05  5.00000000e+00 
 4.99269657e-05  4.70465278e+00  4.99269657e-05  5.00000000e+00 
 5.09269657e-05  4.69891889e+00  5.09269657e-05  5.00000000e+00 
 5.19269657e-05  4.69319199e+00  5.19269657e-05  5.00000000e+00 
 5.29269657e-05  4.68747208e+00  5.29269657e-05  5.00000000e+00 
 5.39269657e-05  4.68175913e+00  5.39269657e-05  5.00000000e+00 
 5.49269657e-05  4.67605315e+00  5.49269657e-05  5.00000000e+00 
 5.59269657e-05  4.67035412e+00  5.59269657e-05  5.00000000e+00 
 5.69269657e-05  4.66466204e+00  5.69269657e-05  5.00000000e+00 
 5.79269657e-05  4.65897689e+00  5.79269657e-05  5.00000000e+00 
 5.89269657e-05  4.65329867e+00  5.89269657e-05  5.00000000e+00 
 5.99269657e-05  4.64762738e+00  5.99269657e-05  5.00000000e+00 
 6.09269657e-05  4.64196299e+00  6.09269657e-05  5.00000000e+00 
 6.19269657e-05  4.63630551e+00  6.19269657e-05  5.00000000e+00 
 6.29269657e-05  4.63065493e+00  6.29269657e-05  5.00000000e+00 
 6.39269657e-05  4.62501123e+00  6.39269657e-05  5.00000000e+00 
 6.49269657e-05  4.61937441e+00  6.49269657e-05  5.00000000e+00 
 6.59269657e-05  4.61374446e+00  6.59269657e-05  5.00000000e+00 
 6.69269657e-05  4.60812137e+00  6.69269657e-05  5.00000000e+00 
 6.79269657e-05  4.60250513e+00  6.79269657e-05  5.00000000e+00 
 6.89269657e-05  4.59689574e+00  6.89269657e-05  5.00000000e+00 
 6.99269657e-05  4.59129319e+00  6.99269657e-05  5.00000000e+00 
 7.09269657e-05  4.58569746e+00  7.09269657e-05  5.00000000e+00 
 7.19269657e-05  4.58010855e+00  7.19269657e-05  5.00000000e+00 
 7.29269657e-05  4.57452646e+00  7.29269657e-05  5.00000000e+00 
 7.39269657e-05  4.56895117e+00  7.39269657e-05  5.00000000e+00 
 7.49269657e-05  4.56338267e+00  7.49269657e-05  5.00000000e+00 
 7.59269657e-05  4.55782096e+00  7.59269657e-05  5.00000000e+00 
 7.69269657e-05  4.55226603e+00  7.69269657e-05  5.00000000e+00 
 7.79269657e-05  4.54671787e+00  7.79269657e-05  5.00000000e+00 
 7.89269657e-05  4.54117647e+00  7.89269657e-05  5.00000000e+00 
 7.99269657e-05  4.53564183e+00  7.99269657e-05  5.00000000e+00 
 8.09269657e-05  4.53011393e+00  8.09269657e-05  5.00000000e+00 
 8.19269657e-05  4.52459276e+00  8.19269657e-05  5.00000000e+00 
 8.29269657e-05  4.51907833e+00  8.29269657e-05  5.00000000e+00 
 8.39269657e-05  4.51357062e+00  8.39269657e-05  5.00000000e+00 
 8.49269657e-05  4.50806962e+00  8.49269657e-05  5.00000000e+00 
 8.59269657e-05  4.50257532e+00  8.59269657e-05  5.00000000e+00 
 8.69269657e-05  4.49708772e+00  8.69269657e-05  5.00000000e+00 
 8.79269657e-05  4.49160681e+00  8.79269657e-05  5.00000000e+00 
 8.89269657e-05  4.48613258e+00  8.89269657e-05  5.00000000e+00 
 8.99269657e-05  4.48066502e+00  8.99269657e-05  5.00000000e+00 
 9.09269657e-05  4.47520412e+00  9.09269657e-05  5.00000000e+00 
 9.19269657e-05  4.46974988e+00  9.19269657e-05  5.00000000e+00 
 9.29269657e-05  4.46430229e+00  9.29269657e-05  5.00000000e+00 
 9.39269657e-05  4.45886134e+00  9.39269657e-05  5.00000000e+00 
 9.49269657e-05  4.45342702e+00  9.49269657e-05  5.00000000e+00 
 9.59269657e-05  4.44799932e+00  9.59269657e-05  5.00000000e+00 
 9.69269657e-05  4.44257823e+00  9.69269657e-05  5.00000000e+00 
 9.79269657e-05  4.43716376e+00  9.79269657e-05  5.00000000e+00 
 9.89269657e-05  4.43175588e+00  9.89269657e-05  5.00000000e+00 
 9.99269657e-05  4.42635459e+00  9.99269657e-05  5.00000000e+00 
 1.00926966e-04  4.42095989e+00  1.00926966e-04  5.00000000e+00 
 1.01926966e-04  4.41557176e+00  1.01926966e-04  5.00000000e+00 
 1.02926966e-04  4.41019020e+00  1.02926966e-04  5.00000000e+00 
 1.03926966e-04  4.40481519e+00  1.03926966e-04  5.00000000e+00 
 1.04926966e-04  4.39944674e+00  1.04926966e-04  5.00000000e+00 
 1.05926966e-04  4.39408483e+00  1.05926966e-04  5.00000000e+00 
 1.06926966e-04  4.38872946e+00  1.06926966e-04  5.00000000e+00 
 1.07926966e-04  4.38338061e+00  1.07926966e-04  5.00000000e+00 
 1.08926966e-04  4.37803828e+00  1.08926966e-04  5.00000000e+00 
 1.09926966e-04  4.37270246e+00  1.09926966e-04  5.00000000e+00 
 1.10926966e-04  4.36737315e+00  1.10926966e-04  5.00000000e+00 
 1.11926966e-04  4.36205033e+00  1.11926966e-04  5.00000000e+00 
 1.12926966e-04  4.35673400e+00  1.12926966e-04  5.00000000e+00 
 1.13926966e-04  4.35142414e+00  1.13926966e-04  5.00000000e+00 
 1.14926966e-04  4.34612076e+00  1.14926966e-04  5.00000000e+00 
 1.15926966e-04  4.34082385e+00  1.15926966e-04  5.00000000e+00 
 1.16926966e-04  4.33553338e+00  1.16926966e-04  5.00000000e+00 
 1.17926966e-04  4.33024937e+00  1.17926966e-04  5.00000000e+00 
 1.18926966e-04  4.32497180e+00  1.18926966e-04  5.00000000e+00 
 1.19926966e-04  4.31970065e+00  1.19926966e-04  5.00000000e+00 
 1.20926966e-04  4.31443594e+00  1.20926966e-04  5.00000000e+00 
 1.21926966e-04  4.30917764e+00  1.21926966e-04  5.00000000e+00 
 1.22926966e-04  4.30392574e+00  1.22926966e-04  5.00000000e+00 
 1.23926966e-04  4.29868025e+00  1.23926966e-04  5.00000000e+00 
 1.24926966e-04  4.29344115e+00  1.24926966e-04  5.00000000e+00 
 1.25926966e-04  4.28820844e+00  1.25926966e-04  5.00000000e+00 
 1.26926966e-04  4.28298211e+00  1.26926966e-04  5.00000000e+00 
 1.27926966e-04  4.27776214e+00  1.27926966e-04  5.00000000e+00 
 1.28926966e-04  4.27254854e+00  1.28926966e-04  5.00000000e+00 
 1.29926966e-04  4.26734129e+00  1.29926966e-04  5.00000000e+00 
 1.30926966e-04  4.26214038e+00  1.30926966e-04  5.00000000e+00 
 1.31926966e-04  4.25694582e+00  1.31926966e-04  5.00000000e+00 
 1.32926966e-04  4.25175758e+00  1.32926966e-04  5.00000000e+00 
 1.33926966e-04  4.24657567e+00  1.33926966e-04  5.00000000e+00 
 1.34926966e-04  4.24140008e+00  1.34926966e-04  5.00000000e+00 
 1.35926966e-04  4.23623079e+00  1.35926966e-04  5.00000000e+00 
 1.36926966e-04  4.23106780e+00  1.36926966e-04  5.00000000e+00 
 1.37926966e-04  4.22591111e+00  1.37926966e-04  5.00000000e+00 
 1.38926966e-04  4.22076070e+00  1.38926966e-04  5.00000000e+00 
 1.39926966e-04  4.21561657e+00  1.39926966e-04  5.00000000e+00 
 1.40926966e-04  4.21047870e+00  1.40926966e-04  5.00000000e+00 
 1.41926966e-04  4.20534710e+00  1.41926966e-04  5.00000000e+00 
 1.42926966e-04  4.20022176e+00  1.42926966e-04  5.00000000e+00 
 1.43926966e-04  4.19510266e+00  1.43926966e-04  5.00000000e+00 
 1.44926966e-04  4.18998979e+00  1.44926966e-04  5.00000000e+00 
 1.45926966e-04  4.18488316e+00  1.45926966e-04  5.00000000e+00 
 1.46926966e-04  4.17978276e+00  1.46926966e-04  5.00000000e+00 
 1.47926966e-04  4.17468857e+00  1.47926966e-04  5.00000000e+00 
 1.48926966e-04  4.16960059e+00  1.48926966e-04  5.00000000e+00 
 1.49926966e-04  4.16451881e+00  1.49926966e-04  5.00000000e+00 
 1.50926966e-04  4.15944322e+00  1.50926966e-04  5.00000000e+00 
 1.51926966e-04  4.15437382e+00  1.51926966e-04  5.00000000e+00 
 1.52926966e-04  4.14931060e+00  1.52926966e-04  5.00000000e+00 
 1.53926966e-04  4.14425355e+00  1.53926966e-04  5.00000000e+00 
 1.54926966e-04  4.13920266e+00  1.54926966e-04  5.00000000e+00 
 1.55926966e-04  4.13415793e+00  1.55926966e-04  5.00000000e+00 
 1.56926966e-04  4.12911934e+00  1.56926966e-04  5.00000000e+00 
 1.57926966e-04  4.12408690e+00  1.57926966e-04  5.00000000e+00 
 1.58926966e-04  4.11906059e+00  1.58926966e-04  5.00000000e+00 
 1.59926966e-04  4.11404041e+00  1.59926966e-04  5.00000000e+00 
 1.60926966e-04  4.10902634e+00  1.60926966e-04  5.00000000e+00 
 1.61926966e-04  4.10401839e+00  1.61926966e-04  5.00000000e+00 
 1.62926966e-04  4.09901654e+00  1.62926966e-04  5.00000000e+00 
 1.63926966e-04  4.09402078e+00  1.63926966e-04  5.00000000e+00 
 1.64926966e-04  4.08903112e+00  1.64926966e-04  5.00000000e+00 
 1.65926966e-04  4.08404753e+00  1.65926966e-04  5.00000000e+00 
 1.66926966e-04  4.07907002e+00  1.66926966e-04  5.00000000e+00 
 1.67926966e-04  4.07409858e+00  1.67926966e-04  5.00000000e+00 
 1.68926966e-04  4.06913319e+00  1.68926966e-04  5.00000000e+00 
 1.69926966e-04  4.06417386e+00  1.69926966e-04  5.00000000e+00 
 1.70926966e-04  4.05922057e+00  1.70926966e-04  5.00000000e+00 
 1.71926966e-04  4.05427332e+00  1.71926966e-04  5.00000000e+00 
 1.72926966e-04  4.04933209e+00  1.72926966e-04  5.00000000e+00 
 1.73926966e-04  4.04439689e+00  1.73926966e-04  5.00000000e+00 
 1.74926966e-04  4.03946771e+00  1.74926966e-04  5.00000000e+00 
 1.75926966e-04  4.03454453e+00  1.75926966e-04  5.00000000e+00 
 1.76926966e-04  4.02962735e+00  1.76926966e-04  5.00000000e+00 
 1.77926966e-04  4.02471617e+00  1.77926966e-04  5.00000000e+00 
 1.78926966e-04  4.01981097e+00  1.78926966e-04  5.00000000e+00 
 1.79926966e-04  4.01491175e+00  1.79926966e-04  5.00000000e+00 
 1.80926966e-04  4.01001850e+00  1.80926966e-04  5.00000000e+00 
 1.81926966e-04  4.00513121e+00  1.81926966e-04  5.00000000e+00 
 1.82926966e-04  4.00024988e+00  1.82926966e-04  5.00000000e+00 
 1.83926966e-04  3.99537450e+00  1.83926966e-04  5.00000000e+00 
 1.84926966e-04  3.99050506e+00  1.84926966e-04  5.00000000e+00 
 1.85926966e-04  3.98564156e+00  1.85926966e-04  5.00000000e+00 
 1.86926966e-04  3.98078398e+00  1.86926966e-04  5.00000000e+00 
 1.87926966e-04  3.97593232e+00  1.87926966e-04  5.00000000e+00 
 1.88926966e-04  3.97108658e+00  1.88926966e-04  5.00000000e+00 
 1.89926966e-04  3.96624674e+00  1.89926966e-04  5.00000000e+00 
 1.90926966e-04  3.96141280e+00  1.90926966e-04  5.00000000e+00 
 1.91926966e-04  3.95658476e+00  1.91926966e-04  5.00000000e+00 
 1.92926966e-04  3.95176259e+00  1.92926966e-04  5.00000000e+00 
 1.93926966e-04  3.94694631e+00  1.93926966e-04  5.00000000e+00 
 1.94926966e-04  3.94213589e+00  1.94926966e-04  5.00000000e+00 
 1.95926966e-04  3.93733134e+00  1.95926966e-04  5.00000000e+00 
 1.96926966e-04  3.93253264e+00  1.96926966e-04  5.00000000e+00 
 1.97926966e-04  3.92773979e+00  1.97926966e-04  5.00000000e+00 
 1.98926966e-04  3.92295278e+00  1.98926966e-04  5.00000000e+00 
 1.99926966e-04  3.91817161e+00  1.99926966e-04  5.00000000e+00 
 2.00926966e-04  3.91339626e+00  2.00926966e-04  5.00000000e+00 
 2.01926966e-04  3.90862674e+00  2.01926966e-04  5.00000000e+00 
 2.02926966e-04  3.90386303e+00  2.02926966e-04  5.00000000e+00 
 2.03926966e-04  3.89910512e+00  2.03926966e-04  5.00000000e+00 
 2.04926966e-04  3.89435301e+00  2.04926966e-04  5.00000000e+00 
 2.05926966e-04  3.88960669e+00  2.05926966e-04  5.00000000e+00 
 2.06926966e-04  3.88486616e+00  2.06926966e-04  5.00000000e+00 
 2.07926966e-04  3.88013141e+00  2.07926966e-04  5.00000000e+00 
 2.08926966e-04  3.87540242e+00  2.08926966e-04  5.00000000e+00 
 2.09926966e-04  3.87067920e+00  2.09926966e-04  5.00000000e+00 
 2.10926966e-04  3.86596174e+00  2.10926966e-04  5.00000000e+00 
 2.11926966e-04  3.86125002e+00  2.11926966e-04  5.00000000e+00 
 2.12926966e-04  3.85654405e+00  2.12926966e-04  5.00000000e+00 
 2.13926966e-04  3.85184381e+00  2.13926966e-04  5.00000000e+00 
 2.14926966e-04  3.84714931e+00  2.14926966e-04  5.00000000e+00 
 2.15926966e-04  3.84246052e+00  2.15926966e-04  5.00000000e+00 
 2.16926966e-04  3.83777745e+00  2.16926966e-04  5.00000000e+00 
 2.17926966e-04  3.83310008e+00  2.17926966e-04  5.00000000e+00 
 2.18926966e-04  3.82842842e+00  2.18926966e-04  5.00000000e+00 
 2.19926966e-04  3.82376245e+00  2.19926966e-04  5.00000000e+00 
 2.20926966e-04  3.81910217e+00  2.20926966e-04  5.00000000e+00 
 2.21926966e-04  3.81444756e+00  2.21926966e-04  5.00000000e+00 
 2.22926966e-04  3.80979863e+00  2.22926966e-04  5.00000000e+00 
 2.23926966e-04  3.80515537e+00  2.23926966e-04  5.00000000e+00 
 2.24926966e-04  3.80051776e+00  2.24926966e-04  5.00000000e+00 
 2.25926966e-04  3.79588581e+00  2.25926966e-04  5.00000000e+00 
 2.26926966e-04  3.79125950e+00  2.26926966e-04  5.00000000e+00 
 2.27926966e-04  3.78663883e+00  2.27926966e-04  5.00000000e+00 
 2.28926966e-04  3.78202379e+00  2.28926966e-04  5.00000000e+00 
 2.29926966e-04  3.77741438e+00  2.29926966e-04  5.00000000e+00 
 2.30926966e-04  3.77281058e+00  2.30926966e-04  5.00000000e+00 
 2.31926966e-04  3.76821240e+00  2.31926966e-04  5.00000000e+00 
 2.32926966e-04  3.76361982e+00  2.32926966e-04  5.00000000e+00 
 2.33926966e-04  3.75903283e+00  2.33926966e-04  5.00000000e+00 
 2.34926966e-04  3.75445144e+00  2.34926966e-04  5.00000000e+00 
 2.35926966e-04  3.74987563e+00  2.35926966e-04  5.00000000e+00 
 2.36926966e-04  3.74530540e+00  2.36926966e-04  5.00000000e+00 
 2.37926966e-04  3.74074074e+00  2.37926966e-04  5.00000000e+00 
 2.38926966e-04  3.73618164e+00  2.38926966e-04  5.00000000e+00 
 2.39926966e-04  3.73162810e+00  2.39926966e-04  5.00000000e+00 
 2.40926966e-04  3.72708010e+00  2.40926966e-04  5.00000000e+00 
 2.41926966e-04  3.72253765e+00  2.41926966e-04  5.00000000e+00 
 2.42926966e-04  3.71800074e+00  2.42926966e-04  5.00000000e+00 
 2.43926966e-04  3.71346936e+00  2.43926966e-04  5.00000000e+00 
 2.44926966e-04  3.70894349e+00  2.44926966e-04  5.00000000e+00 
 2.45926966e-04  3.70442315e+00  2.45926966e-04  5.00000000e+00 
 2.46926966e-04  3.69990831e+00  2.46926966e-04  5.00000000e+00 
 2.47926966e-04  3.69539898e+00  2.47926966e-04  5.00000000e+00 
 2.48926966e-04  3.69089514e+00  2.48926966e-04  5.00000000e+00 
 2.49926966e-04  3.68639679e+00  2.49926966e-04  5.00000000e+00 
 2.50926966e-04  3.68190393e+00  2.50926966e-04  5.00000000e+00 
 2.51926966e-04  3.67741654e+00  2.51926966e-04  5.00000000e+00 
 2.52926966e-04  3.67293461e+00  2.52926966e-04  5.00000000e+00 
 2.53926966e-04  3.66845816e+00  2.53926966e-04  5.00000000e+00 
 2.54926966e-04  3.66398715e+00  2.54926966e-04  5.00000000e+00 
 2.55926966e-04  3.65952160e+00  2.55926966e-04  5.00000000e+00 
 2.56926966e-04  3.65506149e+00  2.56926966e-04  5.00000000e+00 
 2.57926966e-04  3.65060681e+00  2.57926966e-04  5.00000000e+00 
 2.58926966e-04  3.64615756e+00  2.58926966e-04  5.00000000e+00 
 2.59926966e-04  3.64171374e+00  2.59926966e-04  5.00000000e+00 
 2.60926966e-04  3.63727533e+00  2.60926966e-04  5.00000000e+00 
 2.61926966e-04  3.63284233e+00  2.61926966e-04  5.00000000e+00 
 2.62926966e-04  3.62841474e+00  2.62926966e-04  5.00000000e+00 
 2.63926966e-04  3.62399254e+00  2.63926966e-04  5.00000000e+00 
 2.64926966e-04  3.61957573e+00  2.64926966e-04  5.00000000e+00 
 2.65926966e-04  3.61516430e+00  2.65926966e-04  5.00000000e+00 
 2.66926966e-04  3.61075825e+00  2.66926966e-04  5.00000000e+00 
 2.67926966e-04  3.60635757e+00  2.67926966e-04  5.00000000e+00 
 2.68926966e-04  3.60196225e+00  2.68926966e-04  5.00000000e+00 
 2.69926966e-04  3.59757229e+00  2.69926966e-04  5.00000000e+00 
 2.70926966e-04  3.59318768e+00  2.70926966e-04  5.00000000e+00 
 2.71926966e-04  3.58880842e+00  2.71926966e-04  5.00000000e+00 
 2.72926966e-04  3.58443449e+00  2.72926966e-04  5.00000000e+00 
 2.73926966e-04  3.58006589e+00  2.73926966e-04  5.00000000e+00 
 2.74926966e-04  3.57570262e+00  2.74926966e-04  5.00000000e+00 
 2.75926966e-04  3.57134466e+00  2.75926966e-04  5.00000000e+00 
 2.76926966e-04  3.56699202e+00  2.76926966e-04  5.00000000e+00 
 2.77926966e-04  3.56264468e+00  2.77926966e-04  5.00000000e+00 
 2.78926966e-04  3.55830264e+00  2.78926966e-04  5.00000000e+00 
 2.79926966e-04  3.55396589e+00  2.79926966e-04  5.00000000e+00 
 2.80926966e-04  3.54963442e+00  2.80926966e-04  5.00000000e+00 
 2.81926966e-04  3.54530824e+00  2.81926966e-04  5.00000000e+00 
 2.82926966e-04  3.54098733e+00  2.82926966e-04  5.00000000e+00 
 2.83926966e-04  3.53667168e+00  2.83926966e-04  5.00000000e+00 
 2.84926966e-04  3.53236130e+00  2.84926966e-04  5.00000000e+00 
 2.85926966e-04  3.52805616e+00  2.85926966e-04  5.00000000e+00 
 2.86926966e-04  3.52375628e+00  2.86926966e-04  5.00000000e+00 
 2.87926966e-04  3.51946163e+00  2.87926966e-04  5.00000000e+00 
 2.88926966e-04  3.51517222e+00  2.88926966e-04  5.00000000e+00 
 2.89926966e-04  3.51088804e+00  2.89926966e-04  5.00000000e+00 
 2.90926966e-04  3.50660908e+00  2.90926966e-04  5.00000000e+00 
 2.91926966e-04  3.50233533e+00  2.91926966e-04  5.00000000e+00 
 2.92926966e-04  3.49806679e+00  2.92926966e-04  5.00000000e+00 
 2.93926966e-04  3.49380346e+00  2.93926966e-04  5.00000000e+00 
 2.94926966e-04  3.48954532e+00  2.94926966e-04  5.00000000e+00 
 2.95926966e-04  3.48529237e+00  2.95926966e-04  5.00000000e+00 
 2.96926966e-04  3.48104460e+00  2.96926966e-04  5.00000000e+00 
 2.97926966e-04  3.47680201e+00  2.97926966e-04  5.00000000e+00 
 2.98926966e-04  3.47256459e+00  2.98926966e-04  5.00000000e+00 
 2.99926966e-04  3.46833234e+00  2.99926966e-04  5.00000000e+00 
 3.00926966e-04  3.46410524e+00  3.00926966e-04  5.00000000e+00 
 3.01926966e-04  3.45988330e+00  3.01926966e-04  5.00000000e+00 
 3.02926966e-04  3.45566650e+00  3.02926966e-04  5.00000000e+00 
 3.03926966e-04  3.45145484e+00  3.03926966e-04  5.00000000e+00 
 3.04926966e-04  3.44724831e+00  3.04926966e-04  5.00000000e+00 
 3.05926966e-04  3.44304692e+00  3.05926966e-04  5.00000000e+00 
 3.06926966e-04  3.43885064e+00  3.06926966e-04  5.00000000e+00 
 3.07926966e-04  3.43465947e+00  3.07926966e-04  5.00000000e+00 
 3.08926966e-04  3.43047341e+00  3.08926966e-04  5.00000000e+00 
 3.09926966e-04  3.42629246e+00  3.09926966e-04  5.00000000e+00 
 3.10926966e-04  3.42211660e+00  3.10926966e-04  5.00000000e+00 
 3.11926966e-04  3.41794583e+00  3.11926966e-04  5.00000000e+00 
 3.12926966e-04  3.41378014e+00  3.12926966e-04  5.00000000e+00 
 3.13926966e-04  3.40961954e+00  3.13926966e-04  5.00000000e+00 
 3.14926966e-04  3.40546400e+00  3.14926966e-04  5.00000000e+00 
 3.15926966e-04  3.40131352e+00  3.15926966e-04  5.00000000e+00 
 3.16926966e-04  3.39716811e+00  3.16926966e-04  5.00000000e+00 
 3.17926966e-04  3.39302774e+00  3.17926966e-04  5.00000000e+00 
 3.18926966e-04  3.38889243e+00  3.18926966e-04  5.00000000e+00 
 3.19926966e-04  3.38476215e+00  3.19926966e-04  5.00000000e+00 
 3.20926966e-04  3.38063691e+00  3.20926966e-04  5.00000000e+00 
 3.21926966e-04  3.37651669e+00  3.21926966e-04  5.00000000e+00 
 3.22926966e-04  3.37240150e+00  3.22926966e-04  5.00000000e+00 
 3.23926966e-04  3.36829132e+00  3.23926966e-04  5.00000000e+00 
 3.24926966e-04  3.36418615e+00  3.24926966e-04  5.00000000e+00 
 3.25926966e-04  3.36008598e+00  3.25926966e-04  5.00000000e+00 
 3.26926966e-04  3.35599081e+00  3.26926966e-04  5.00000000e+00 
 3.27926966e-04  3.35190064e+00  3.27926966e-04  5.00000000e+00 
 3.28926966e-04  3.34781544e+00  3.28926966e-04  5.00000000e+00 
 3.29926966e-04  3.34373523e+00  3.29926966e-04  5.00000000e+00 
 3.30926966e-04  3.33965999e+00  3.30926966e-04  5.00000000e+00 
 3.31926966e-04  3.33558971e+00  3.31926966e-04  5.00000000e+00 
 3.32926966e-04  3.33152440e+00  3.32926966e-04  5.00000000e+00 
 3.33926966e-04  3.32746404e+00  3.33926966e-04  5.00000000e+00 
 3.34926966e-04  3.32340863e+00  3.34926966e-04  5.00000000e+00 
 3.35926966e-04  3.31935816e+00  3.35926966e-04  5.00000000e+00 
 3.36926966e-04  3.31531263e+00  3.36926966e-04  5.00000000e+00 
 3.37926966e-04  3.31127203e+00  3.37926966e-04  5.00000000e+00 
 3.38926966e-04  3.30723636e+00  3.38926966e-04  5.00000000e+00 
 3.39926966e-04  3.30320560e+00  3.39926966e-04  5.00000000e+00 
 3.40926966e-04  3.29917975e+00  3.40926966e-04  5.00000000e+00 
 3.41926966e-04  3.29515882e+00  3.41926966e-04  5.00000000e+00 
 3.42926966e-04  3.29114278e+00  3.42926966e-04  5.00000000e+00 
 3.43926966e-04  3.28713164e+00  3.43926966e-04  5.00000000e+00 
 3.44926966e-04  3.28312538e+00  3.44926966e-04  5.00000000e+00 
 3.45926966e-04  3.27912401e+00  3.45926966e-04  5.00000000e+00 
 3.46926966e-04  3.27512752e+00  3.46926966e-04  5.00000000e+00 
 3.47926966e-04  3.27113589e+00  3.47926966e-04  5.00000000e+00 
 3.48926966e-04  3.26714913e+00  3.48926966e-04  5.00000000e+00 
 3.49926966e-04  3.26316723e+00  3.49926966e-04  5.00000000e+00 
 3.50926966e-04  3.25919018e+00  3.50926966e-04  5.00000000e+00 
 3.51926966e-04  3.25521798e+00  3.51926966e-04  5.00000000e+00 
 3.52926966e-04  3.25125063e+00  3.52926966e-04  5.00000000e+00 
 3.53926966e-04  3.24728810e+00  3.53926966e-04  5.00000000e+00 
 3.54926966e-04  3.24333041e+00  3.54926966e-04  5.00000000e+00 
 3.55926966e-04  3.23937754e+00  3.55926966e-04  5.00000000e+00 
 3.56926966e-04  3.23542948e+00  3.56926966e-04  5.00000000e+00 
 3.57926966e-04  3.23148624e+00  3.57926966e-04  5.00000000e+00 
 3.58926966e-04  3.22754781e+00  3.58926966e-04  5.00000000e+00 
 3.59926966e-04  3.22361417e+00  3.59926966e-04  5.00000000e+00 
 3.60926966e-04  3.21968533e+00  3.60926966e-04  5.00000000e+00 
 3.61926966e-04  3.21576128e+00  3.61926966e-04  5.00000000e+00 
 3.62926966e-04  3.21184201e+00  3.62926966e-04  5.00000000e+00 
 3.63926966e-04  3.20792751e+00  3.63926966e-04  5.00000000e+00 
 3.64926966e-04  3.20401779e+00  3.64926966e-04  5.00000000e+00 
 3.65926966e-04  3.20011283e+00  3.65926966e-04  5.00000000e+00 
 3.66926966e-04  3.19621264e+00  3.66926966e-04  5.00000000e+00 
 3.67926966e-04  3.19231719e+00  3.67926966e-04  5.00000000e+00 
 3.68926966e-04  3.18842649e+00  3.68926966e-04  5.00000000e+00 
 3.69926966e-04  3.18454054e+00  3.69926966e-04  5.00000000e+00 
 3.70926966e-04  3.18065932e+00  3.70926966e-04  5.00000000e+00 
 3.71926966e-04  3.17678283e+00  3.71926966e-04  5.00000000e+00 
 3.72926966e-04  3.17291106e+00  3.72926966e-04  5.00000000e+00 
 3.73926966e-04  3.16904402e+00  3.73926966e-04  5.00000000e+00 
 3.74926966e-04  3.16518169e+00  3.74926966e-04  5.00000000e+00 
 3.75926966e-04  3.16132406e+00  3.75926966e-04  5.00000000e+00 
 3.76926966e-04  3.15747114e+00  3.76926966e-04  5.00000000e+00 
 3.77926966e-04  3.15362291e+00  3.77926966e-04  5.00000000e+00 
 3.78926966e-04  3.14977937e+00  3.78926966e-04  5.00000000e+00 
 3.79926966e-04  3.14594052e+00  3.79926966e-04  5.00000000e+00 
 3.80926966e-04  3.14210634e+00  3.80926966e-04  5.00000000e+00 
 3.81926966e-04  3.13827684e+00  3.81926966e-04  5.00000000e+00 
 3.82926966e-04  3.13445201e+00  3.82926966e-04  5.00000000e+00 
 3.83926966e-04  3.13063183e+00  3.83926966e-04  5.00000000e+00 
 3.84926966e-04  3.12681632e+00  3.84926966e-04  5.00000000e+00 
 3.85926966e-04  3.12300545e+00  3.85926966e-04  5.00000000e+00 
 3.86926966e-04  3.11919923e+00  3.86926966e-04  5.00000000e+00 
 3.87926966e-04  3.11539764e+00  3.87926966e-04  5.00000000e+00 
 3.88926966e-04  3.11160069e+00  3.88926966e-04  5.00000000e+00 
 3.89926966e-04  3.10780837e+00  3.89926966e-04  5.00000000e+00 
 3.90926966e-04  3.10402067e+00  3.90926966e-04  5.00000000e+00 
 3.91926966e-04  3.10023758e+00  3.91926966e-04  5.00000000e+00 
 3.92926966e-04  3.09645911e+00  3.92926966e-04  5.00000000e+00 
 3.93926966e-04  3.09268524e+00  3.93926966e-04  5.00000000e+00 
 3.94926966e-04  3.08891597e+00  3.94926966e-04  5.00000000e+00 
 3.95926966e-04  3.08515130e+00  3.95926966e-04  5.00000000e+00 
 3.96926966e-04  3.08139121e+00  3.96926966e-04  5.00000000e+00 
 3.97926966e-04  3.07763571e+00  3.97926966e-04  5.00000000e+00 
 3.98926966e-04  3.07388478e+00  3.98926966e-04  5.00000000e+00 
 3.99926966e-04  3.07013842e+00  3.99926966e-04  5.00000000e+00 
 4.00926966e-04  3.06639663e+00  4.00926966e-04  5.00000000e+00 
 4.01926966e-04  3.06265941e+00  4.01926966e-04  5.00000000e+00 
 4.02926966e-04  3.05892673e+00  4.02926966e-04  5.00000000e+00 
 4.03926966e-04  3.05519861e+00  4.03926966e-04  5.00000000e+00 
 4.04926966e-04  3.05147502e+00  4.04926966e-04  5.00000000e+00 
 4.05926966e-04  3.04775598e+00  4.05926966e-04  5.00000000e+00 
 4.06926966e-04  3.04404147e+00  4.06926966e-04  5.00000000e+00 
 4.07926966e-04  3.04033149e+00  4.07926966e-04  5.00000000e+00 
 4.08926966e-04  3.03662603e+00  4.08926966e-04  5.00000000e+00 
 4.09926966e-04  3.03292508e+00  4.09926966e-04  5.00000000e+00 
 4.10001000e-04  3.03265126e+00  4.10001000e-04  5.00000000e+00 
 4.10001100e-04  2.53265095e+00  4.10001100e-04  4.50000000e+00 
 4.10001300e-04  1.53265046e+00  4.10001300e-04  3.50000000e+00 
 4.10001700e-04 -4.67349803e-01  4.10001700e-04  1.50000000e+00 
 4.10002000e-04 -1.96734936e+00  4.10002000e-04  0.00000000e+00 
 4.10002080e-04 -1.96734917e+00  4.10002080e-04  0.00000000e+00 
 4.10002240e-04 -1.96734878e+00  4.10002240e-04  0.00000000e+00 
 4.10002560e-04 -1.96734801e+00  4.10002560e-04  0.00000000e+00 
 4.10003200e-04 -1.96734648e+00  4.10003200e-04  0.00000000e+00 
 4.10004480e-04 -1.96734341e+00  4.10004480e-04  0.00000000e+00 
 4.10007040e-04 -1.96733727e+00  4.10007040e-04  0.00000000e+00 
 4.10012160e-04 -1.96732498e+00  4.10012160e-04  0.00000000e+00 
 4.10022400e-04 -1.96730041e+00  4.10022400e-04  0.00000000e+00 
 4.10042880e-04 -1.96725128e+00  4.10042880e-04  0.00000000e+00 
 4.10083840e-04 -1.96715302e+00  4.10083840e-04  0.00000000e+00 
 4.10165760e-04 -1.96695650e+00  4.10165760e-04  0.00000000e+00 
 4.10329600e-04 -1.96656353e+00  4.10329600e-04  0.00000000e+00 
 4.10657280e-04 -1.96577783e+00  4.10657280e-04  0.00000000e+00 
 4.11312640e-04 -1.96420737e+00  4.11312640e-04  0.00000000e+00 
 4.12312640e-04 -1.96181346e+00  4.12312640e-04  0.00000000e+00 
 4.13312640e-04 -1.95942246e+00  4.13312640e-04  0.00000000e+00 
 4.14312640e-04 -1.95703438e+00  4.14312640e-04  0.00000000e+00 
 4.15312640e-04 -1.95464920e+00  4.15312640e-04  0.00000000e+00 
 4.16312640e-04 -1.95226694e+00  4.16312640e-04  0.00000000e+00 
 4.17312640e-04 -1.94988758e+00  4.17312640e-04  0.00000000e+00 
 4.18312640e-04 -1.94751111e+00  4.18312640e-04  0.00000000e+00 
 4.19312640e-04 -1.94513755e+00  4.19312640e-04  0.00000000e+00 
 4.20312640e-04 -1.94276687e+00  4.20312640e-04  0.00000000e+00 
 4.21312640e-04 -1.94039909e+00  4.21312640e-04  0.00000000e+00 
 4.22312640e-04 -1.93803419e+00  4.22312640e-04  0.00000000e+00 
 4.23312640e-04 -1.93567217e+00  4.23312640e-04  0.00000000e+00 
 4.24312640e-04 -1.93331304e+00  4.24312640e-04  0.00000000e+00 
 4.25312640e-04 -1.93095678e+00  4.25312640e-04  0.00000000e+00 
 4.26312640e-04 -1.92860338e+00  4.26312640e-04  0.00000000e+00 
 4.27312640e-04 -1.92625286e+00  4.27312640e-04  0.00000000e+00 
 4.28312640e-04 -1.92390521e+00  4.28312640e-04  0.00000000e+00 
 4.29312640e-04 -1.92156041e+00  4.29312640e-04  0.00000000e+00 
 4.30312640e-04 -1.91921847e+00  4.30312640e-04  0.00000000e+00 
 4.31312640e-04 -1.91687939e+00  4.31312640e-04  0.00000000e+00 
 4.32312640e-04 -1.91454315e+00  4.32312640e-04  0.00000000e+00 
 4.33312640e-04 -1.91220977e+00  4.33312640e-04  0.00000000e+00 
 4.34312640e-04 -1.90987923e+00  4.34312640e-04  0.00000000e+00 
 4.35312640e-04 -1.90755152e+00  4.35312640e-04  0.00000000e+00 
 4.36312640e-04 -1.90522666e+00  4.36312640e-04  0.00000000e+00 
 4.37312640e-04 -1.90290463e+00  4.37312640e-04  0.00000000e+00 
 4.38312640e-04 -1.90058543e+00  4.38312640e-04  0.00000000e+00 
 4.39312640e-04 -1.89826905e+00  4.39312640e-04  0.00000000e+00 
 4.40312640e-04 -1.89595550e+00  4.40312640e-04  0.00000000e+00 
 4.41312640e-04 -1.89364477e+00  4.41312640e-04  0.00000000e+00 
 4.42312640e-04 -1.89133685e+00  4.42312640e-04  0.00000000e+00 
 4.43312640e-04 -1.88903175e+00  4.43312640e-04  0.00000000e+00 
 4.44312640e-04 -1.88672946e+00  4.44312640e-04  0.00000000e+00 
 4.45312640e-04 -1.88442997e+00  4.45312640e-04  0.00000000e+00 
 4.46312640e-04 -1.88213328e+00  4.46312640e-04  0.00000000e+00 
 4.47312640e-04 -1.87983940e+00  4.47312640e-04  0.00000000e+00 
 4.48312640e-04 -1.87754831e+00  4.48312640e-04  0.00000000e+00 
 4.49312640e-04 -1.87526001e+00  4.49312640e-04  0.00000000e+00 
 4.50312640e-04 -1.87297450e+00  4.50312640e-04  0.00000000e+00 
 4.51312640e-04 -1.87069178e+00  4.51312640e-04  0.00000000e+00 
 4.52312640e-04 -1.86841184e+00  4.52312640e-04  0.00000000e+00 
 4.53312640e-04 -1.86613467e+00  4.53312640e-04  0.00000000e+00 
 4.54312640e-04 -1.86386029e+00  4.54312640e-04  0.00000000e+00 
 4.55312640e-04 -1.86158867e+00  4.55312640e-04  0.00000000e+00 
 4.56312640e-04 -1.85931983e+00  4.56312640e-04  0.00000000e+00 
 4.57312640e-04 -1.85705374e+00  4.57312640e-04  0.00000000e+00 
 4.58312640e-04 -1.85479042e+00  4.58312640e-04  0.00000000e+00 
 4.59312640e-04 -1.85252986e+00  4.59312640e-04  0.00000000e+00 
 4.60312640e-04 -1.85027206e+00  4.60312640e-04  0.00000000e+00 
 4.61312640e-04 -1.84801700e+00  4.61312640e-04  0.00000000e+00 
 4.62312640e-04 -1.84576470e+00  4.62312640e-04  0.00000000e+00 
 4.63312640e-04 -1.84351514e+00  4.63312640e-04  0.00000000e+00 
 4.64312640e-04 -1.84126832e+00  4.64312640e-04  0.00000000e+00 
 4.65312640e-04 -1.83902424e+00  4.65312640e-04  0.00000000e+00 
 4.66312640e-04 -1.83678289e+00  4.66312640e-04  0.00000000e+00 
 4.67312640e-04 -1.83454428e+00  4.67312640e-04  0.00000000e+00 
 4.68312640e-04 -1.83230839e+00  4.68312640e-04  0.00000000e+00 
 4.69312640e-04 -1.83007523e+00  4.69312640e-04  0.00000000e+00 
 4.70312640e-04 -1.82784479e+00  4.70312640e-04  0.00000000e+00 
 4.71312640e-04 -1.82561707e+00  4.71312640e-04  0.00000000e+00 
 4.72312640e-04 -1.82339206e+00  4.72312640e-04  0.00000000e+00 
 4.73312640e-04 -1.82116977e+00  4.73312640e-04  0.00000000e+00 
 4.74312640e-04 -1.81895019e+00  4.74312640e-04  0.00000000e+00 
 4.75312640e-04 -1.81673331e+00  4.75312640e-04  0.00000000e+00 
 4.76312640e-04 -1.81451913e+00  4.76312640e-04  0.00000000e+00 
 4.77312640e-04 -1.81230765e+00  4.77312640e-04  0.00000000e+00 
 4.78312640e-04 -1.81009886e+00  4.78312640e-04  0.00000000e+00 
 4.79312640e-04 -1.80789277e+00  4.79312640e-04  0.00000000e+00 
 4.80312640e-04 -1.80568937e+00  4.80312640e-04  0.00000000e+00 
 4.81312640e-04 -1.80348865e+00  4.81312640e-04  0.00000000e+00 
 4.82312640e-04 -1.80129061e+00  4.82312640e-04  0.00000000e+00 
 4.83312640e-04 -1.79909526e+00  4.83312640e-04  0.00000000e+00 
 4.84312640e-04 -1.79690257e+00  4.84312640e-04  0.00000000e+00 
 4.85312640e-04 -1.79471256e+00  4.85312640e-04  0.00000000e+00 
 4.86312640e-04 -1.79252522e+00  4.86312640e-04  0.00000000e+00 
 4.87312640e-04 -1.79034055e+00  4.87312640e-04  0.00000000e+00 
 4.88312640e-04 -1.78815854e+00  4.88312640e-04  0.00000000e+00 
 4.89312640e-04 -1.78597919e+00  4.89312640e-04  0.00000000e+00 
 4.90312640e-04 -1.78380249e+00  4.90312640e-04  0.00000000e+00 
 4.91312640e-04 -1.78162845e+00  4.91312640e-04  0.00000000e+00 
 4.92312640e-04 -1.77945705e+00  4.92312640e-04  0.00000000e+00 
 4.93312640e-04 -1.77728831e+00  4.93312640e-04  0.00000000e+00 
 4.94312640e-04 -1.77512220e+00  4.94312640e-04  0.00000000e+00 
 4.95312640e-04 -1.77295874e+00  4.95312640e-04  0.00000000e+00 
 4.96312640e-04 -1.77079791e+00  4.96312640e-04  0.00000000e+00 
 4.97312640e-04 -1.76863972e+00  4.97312640e-04  0.00000000e+00 
 4.98312640e-04 -1.76648415e+00  4.98312640e-04  0.00000000e+00 
 4.99312640e-04 -1.76433122e+00  4.99312640e-04  0.00000000e+00 
 5.00312640e-04 -1.76218091e+00  5.00312640e-04  0.00000000e+00 
 5.01312640e-04 -1.76003321e+00  5.01312640e-04  0.00000000e+00 
 5.02312640e-04 -1.75788814e+00  5.02312640e-04  0.00000000e+00 
 5.03312640e-04 -1.75574568e+00  5.03312640e-04  0.00000000e+00 
 5.04312640e-04 -1.75360583e+00  5.04312640e-04  0.00000000e+00 
 5.05312640e-04 -1.75146859e+00  5.05312640e-04  0.00000000e+00 
 5.06312640e-04 -1.74933396e+00  5.06312640e-04  0.00000000e+00 
 5.07312640e-04 -1.74720192e+00  5.07312640e-04  0.00000000e+00 
 5.08312640e-04 -1.74507249e+00  5.08312640e-04  0.00000000e+00 
 5.09312640e-04 -1.74294565e+00  5.09312640e-04  0.00000000e+00 
 5.10312640e-04 -1.74082140e+00  5.10312640e-04  0.00000000e+00 
 5.11312640e-04 -1.73869974e+00  5.11312640e-04  0.00000000e+00 
 5.12312640e-04 -1.73658066e+00  5.12312640e-04  0.00000000e+00 
 5.13312640e-04 -1.73446417e+00  5.13312640e-04  0.00000000e+00 
 5.14312640e-04 -1.73235026e+00  5.14312640e-04  0.00000000e+00 
 5.15312640e-04 -1.73023893e+00  5.15312640e-04  0.00000000e+00 
 5.16312640e-04 -1.72813017e+00  5.16312640e-04  0.00000000e+00 
 5.17312640e-04 -1.72602397e+00  5.17312640e-04  0.00000000e+00 
 5.18312640e-04 -1.72392035e+00  5.18312640e-04  0.00000000e+00 
 5.19312640e-04 -1.72181929e+00  5.19312640e-04  0.00000000e+00 
 5.20312640e-04 -1.71972079e+00  5.20312640e-04  0.00000000e+00 
 5.21312640e-04 -1.71762485e+00  5.21312640e-04  0.00000000e+00 
 5.22312640e-04 -1.71553146e+00  5.22312640e-04  0.00000000e+00 
 5.23312640e-04 -1.71344062e+00  5.23312640e-04  0.00000000e+00 
 5.24312640e-04 -1.71135233e+00  5.24312640e-04  0.00000000e+00 
 5.25312640e-04 -1.70926659e+00  5.25312640e-04  0.00000000e+00 
 5.26312640e-04 -1.70718339e+00  5.26312640e-04  0.00000000e+00 
 5.27312640e-04 -1.70510273e+00  5.27312640e-04  0.00000000e+00 
 5.28312640e-04 -1.70302460e+00  5.28312640e-04  0.00000000e+00 
 5.29312640e-04 -1.70094901e+00  5.29312640e-04  0.00000000e+00 
 5.30312640e-04 -1.69887594e+00  5.30312640e-04  0.00000000e+00 
 5.31312640e-04 -1.69680541e+00  5.31312640e-04  0.00000000e+00 
 5.32312640e-04 -1.69473739e+00  5.32312640e-04  0.00000000e+00 
 5.33312640e-04 -1.69267190e+00  5.33312640e-04  0.00000000e+00 
 5.34312640e-04 -1.69060892e+00  5.34312640e-04  0.00000000e+00 
 5.35312640e-04 -1.68854846e+00  5.35312640e-04  0.00000000e+00 
 5.36312640e-04 -1.68649051e+00  5.36312640e-04  0.00000000e+00 
 5.37312640e-04 -1.68443507e+00  5.37312640e-04  0.00000000e+00 
 5.38312640e-04 -1.68238213e+00  5.38312640e-04  0.00000000e+00 
 5.39312640e-04 -1.68033169e+00  5.39312640e-04  0.00000000e+00 
 5.40312640e-04 -1.67828376e+00  5.40312640e-04  0.00000000e+00 
 5.41312640e-04 -1.67623832e+00  5.41312640e-04  0.00000000e+00 
 5.42312640e-04 -1.67419537e+00  5.42312640e-04  0.00000000e+00 
 5.43312640e-04 -1.67215491e+00  5.43312640e-04  0.00000000e+00 
 5.44312640e-04 -1.67011694e+00  5.44312640e-04  0.00000000e+00 
 5.45312640e-04 -1.66808146e+00  5.45312640e-04  0.00000000e+00 
 5.46312640e-04 -1.66604845e+00  5.46312640e-04  0.00000000e+00 
 5.47312640e-04 -1.66401792e+00  5.47312640e-04  0.00000000e+00 
 5.48312640e-04 -1.66198987e+00  5.48312640e-04  0.00000000e+00 
 5.49312640e-04 -1.65996429e+00  5.49312640e-04  0.00000000e+00 
 5.50312640e-04 -1.65794117e+00  5.50312640e-04  0.00000000e+00 
 5.51312640e-04 -1.65592053e+00  5.51312640e-04  0.00000000e+00 
 5.52312640e-04 -1.65390234e+00  5.52312640e-04  0.00000000e+00 
 5.53312640e-04 -1.65188662e+00  5.53312640e-04  0.00000000e+00 
 5.54312640e-04 -1.64987335e+00  5.54312640e-04  0.00000000e+00 
 5.55312640e-04 -1.64786253e+00  5.55312640e-04  0.00000000e+00 
 5.56312640e-04 -1.64585417e+00  5.56312640e-04  0.00000000e+00 
 5.57312640e-04 -1.64384825e+00  5.57312640e-04  0.00000000e+00 
 5.58312640e-04 -1.64184478e+00  5.58312640e-04  0.00000000e+00 
 5.59312640e-04 -1.63984375e+00  5.59312640e-04  0.00000000e+00 
 5.60312640e-04 -1.63784516e+00  5.60312640e-04  0.00000000e+00 
 5.61312640e-04 -1.63584901e+00  5.61312640e-04  0.00000000e+00 
 5.62312640e-04 -1.63385528e+00  5.62312640e-04  0.00000000e+00 
 5.63312640e-04 -1.63186399e+00  5.63312640e-04  0.00000000e+00 
 5.64312640e-04 -1.62987513e+00  5.64312640e-04  0.00000000e+00 
 5.65312640e-04 -1.62788869e+00  5.65312640e-04  0.00000000e+00 
 5.66312640e-04 -1.62590466e+00  5.66312640e-04  0.00000000e+00 
 5.67312640e-04 -1.62392306e+00  5.67312640e-04  0.00000000e+00 
 5.68312640e-04 -1.62194388e+00  5.68312640e-04  0.00000000e+00 
 5.69312640e-04 -1.61996710e+00  5.69312640e-04  0.00000000e+00 
 5.70312640e-04 -1.61799273e+00  5.70312640e-04  0.00000000e+00 
 5.71312640e-04 -1.61602078e+00  5.71312640e-04  0.00000000e+00 
 5.72312640e-04 -1.61405122e+00  5.72312640e-04  0.00000000e+00 
 5.73312640e-04 -1.61208406e+00  5.73312640e-04  0.00000000e+00 
 5.74312640e-04 -1.61011931e+00  5.74312640e-04  0.00000000e+00 
 5.75312640e-04 -1.60815694e+00  5.75312640e-04  0.00000000e+00 
 5.76312640e-04 -1.60619697e+00  5.76312640e-04  0.00000000e+00 
 5.77312640e-04 -1.60423939e+00  5.77312640e-04  0.00000000e+00 
 5.78312640e-04 -1.60228419e+00  5.78312640e-04  0.00000000e+00 
 5.79312640e-04 -1.60033138e+00  5.79312640e-04  0.00000000e+00 
 5.80312640e-04 -1.59838094e+00  5.80312640e-04  0.00000000e+00 
 5.81312640e-04 -1.59643288e+00  5.81312640e-04  0.00000000e+00 
 5.82312640e-04 -1.59448720e+00  5.82312640e-04  0.00000000e+00 
 5.83312640e-04 -1.59254389e+00  5.83312640e-04  0.00000000e+00 
 5.84312640e-04 -1.59060295e+00  5.84312640e-04  0.00000000e+00 
 5.85312640e-04 -1.58866437e+00  5.85312640e-04  0.00000000e+00 
 5.86312640e-04 -1.58672815e+00  5.86312640e-04  0.00000000e+00 
 5.87312640e-04 -1.58479430e+00  5.87312640e-04  0.00000000e+00 
 5.88312640e-04 -1.58286280e+00  5.88312640e-04  0.00000000e+00 
 5.89312640e-04 -1.58093366e+00  5.89312640e-04  0.00000000e+00 
 5.90312640e-04 -1.57900686e+00  5.90312640e-04  0.00000000e+00 
 5.91312640e-04 -1.57708242e+00  5.91312640e-04  0.00000000e+00 
 5.92312640e-04 -1.57516032e+00  5.92312640e-04  0.00000000e+00 
 5.93312640e-04 -1.57324056e+00  5.93312640e-04  0.00000000e+00 
 5.94312640e-04 -1.57132315e+00  5.94312640e-04  0.00000000e+00 
 5.95312640e-04 -1.56940807e+00  5.95312640e-04  0.00000000e+00 
 5.96312640e-04 -1.56749532e+00  5.96312640e-04  0.00000000e+00 
 5.97312640e-04 -1.56558490e+00  5.97312640e-04  0.00000000e+00 
 5.98312640e-04 -1.56367682e+00  5.98312640e-04  0.00000000e+00 
 5.99312640e-04 -1.56177106e+00  5.99312640e-04  0.00000000e+00 
 6.00312640e-04 -1.55986762e+00  6.00312640e-04  0.00000000e+00 
 6.01312640e-04 -1.55796650e+00  6.01312640e-04  0.00000000e+00 
 6.02312640e-04 -1.55606770e+00  6.02312640e-04  0.00000000e+00 
 6.03312640e-04 -1.55417121e+00  6.03312640e-04  0.00000000e+00 
 6.04312640e-04 -1.55227704e+00  6.04312640e-04  0.00000000e+00 
 6.05312640e-04 -1.55038517e+00  6.05312640e-04  0.00000000e+00 
 6.06312640e-04 -1.54849561e+00  6.06312640e-04  0.00000000e+00 
 6.07312640e-04 -1.54660835e+00  6.07312640e-04  0.00000000e+00 
 6.08312640e-04 -1.54472339e+00  6.08312640e-04  0.00000000e+00 
 6.09312640e-04 -1.54284073e+00  6.09312640e-04  0.00000000e+00 
 6.10312640e-04 -1.54096036e+00  6.10312640e-04  0.00000000e+00 
 6.11312640e-04 -1.53908229e+00  6.11312640e-04  0.00000000e+00 
 6.12312640e-04 -1.53720650e+00  6.12312640e-04  0.00000000e+00 
 6.13312640e-04 -1.53533300e+00  6.13312640e-04  0.00000000e+00 
 6.14312640e-04 -1.53346179e+00  6.14312640e-04  0.00000000e+00 
 6.15312640e-04 -1.53159285e+00  6.15312640e-04  0.00000000e+00 
 6.16312640e-04 -1.52972619e+00  6.16312640e-04  0.00000000e+00 
 6.17312640e-04 -1.52786181e+00  6.17312640e-04  0.00000000e+00 
 6.18312640e-04 -1.52599970e+00  6.18312640e-04  0.00000000e+00 
 6.19312640e-04 -1.52413986e+00  6.19312640e-04  0.00000000e+00 
 6.20312640e-04 -1.52228228e+00  6.20312640e-04  0.00000000e+00 
 6.21312640e-04 -1.52042697e+00  6.21312640e-04  0.00000000e+00 
 6.22312640e-04 -1.51857392e+00  6.22312640e-04  0.00000000e+00 
 6.23312640e-04 -1.51672313e+00  6.23312640e-04  0.00000000e+00 
 6.24312640e-04 -1.51487460e+00  6.24312640e-04  0.00000000e+00 
 6.25312640e-04 -1.51302832e+00  6.25312640e-04  0.00000000e+00 
 6.26312640e-04 -1.51118428e+00  6.26312640e-04  0.00000000e+00 
 6.27312640e-04 -1.50934250e+00  6.27312640e-04  0.00000000e+00 
 6.28312640e-04 -1.50750296e+00  6.28312640e-04  0.00000000e+00 
 6.29312640e-04 -1.50566566e+00  6.29312640e-04  0.00000000e+00 
 6.30312640e-04 -1.50383060e+00  6.30312640e-04  0.00000000e+00 
 6.31312640e-04 -1.50199778e+00  6.31312640e-04  0.00000000e+00 
 6.32312640e-04 -1.50016719e+00  6.32312640e-04  0.00000000e+00 
 6.33312640e-04 -1.49833883e+00  6.33312640e-04  0.00000000e+00 
 6.34312640e-04 -1.49651271e+00  6.34312640e-04  0.00000000e+00 
 6.35312640e-04 -1.49468880e+00  6.35312640e-04  0.00000000e+00 
 6.36312640e-04 -1.49286712e+00  6.36312640e-04  0.00000000e+00 
 6.37312640e-04 -1.49104766e+00  6.37312640e-04  0.00000000e+00 
 6.38312640e-04 -1.48923042e+00  6.38312640e-04  0.00000000e+00 
 6.39312640e-04 -1.48741539e+00  6.39312640e-04  0.00000000e+00 
 6.40312640e-04 -1.48560257e+00  6.40312640e-04  0.00000000e+00 
 6.41312640e-04 -1.48379197e+00  6.41312640e-04  0.00000000e+00 
 6.42312640e-04 -1.48198357e+00  6.42312640e-04  0.00000000e+00 
 6.43312640e-04 -1.48017737e+00  6.43312640e-04  0.00000000e+00 
 6.44312640e-04 -1.47837338e+00  6.44312640e-04  0.00000000e+00 
 6.45312640e-04 -1.47657158e+00  6.45312640e-04  0.00000000e+00 
 6.46312640e-04 -1.47477198e+00  6.46312640e-04  0.00000000e+00 
 6.47312640e-04 -1.47297458e+00  6.47312640e-04  0.00000000e+00 
 6.48312640e-04 -1.47117936e+00  6.48312640e-04  0.00000000e+00 
 6.49312640e-04 -1.46938633e+00  6.49312640e-04  0.00000000e+00 
 6.50312640e-04 -1.46759549e+00  6.50312640e-04  0.00000000e+00 
 6.51312640e-04 -1.46580683e+00  6.51312640e-04  0.00000000e+00 
 6.52312640e-04 -1.46402035e+00  6.52312640e-04  0.00000000e+00 
 6.53312640e-04 -1.46223605e+00  6.53312640e-04  0.00000000e+00 
 6.54312640e-04 -1.46045392e+00  6.54312640e-04  0.00000000e+00 
 6.55312640e-04 -1.45867396e+00  6.55312640e-04  0.00000000e+00 
 6.56312640e-04 -1.45689618e+00  6.56312640e-04  0.00000000e+00 
 6.57312640e-04 -1.45512056e+00  6.57312640e-04  0.00000000e+00 
 6.58312640e-04 -1.45334710e+00  6.58312640e-04  0.00000000e+00 
 6.59312640e-04 -1.45157581e+00  6.59312640e-04  0.00000000e+00 
 6.60312640e-04 -1.44980667e+00  6.60312640e-04  0.00000000e+00 
 6.61312640e-04 -1.44803969e+00  6.61312640e-04  0.00000000e+00 
 6.62312640e-04 -1.44627487e+00  6.62312640e-04  0.00000000e+00 
 6.63312640e-04 -1.44451219e+00  6.63312640e-04  0.00000000e+00 
 6.64312640e-04 -1.44275166e+00  6.64312640e-04  0.00000000e+00 
 6.65312640e-04 -1.44099328e+00  6.65312640e-04  0.00000000e+00 
 6.66312640e-04 -1.43923704e+00  6.66312640e-04  0.00000000e+00 
 6.67312640e-04 -1.43748295e+00  6.67312640e-04  0.00000000e+00 
 6.68312640e-04 -1.43573099e+00  6.68312640e-04  0.00000000e+00 
 6.69312640e-04 -1.43398116e+00  6.69312640e-04  0.00000000e+00 
 6.70312640e-04 -1.43223347e+00  6.70312640e-04  0.00000000e+00 
 6.71312640e-04 -1.43048791e+00  6.71312640e-04  0.00000000e+00 
 6.72312640e-04 -1.42874447e+00  6.72312640e-04  0.00000000e+00 
 6.73312640e-04 -1.42700317e+00  6.73312640e-04  0.00000000e+00 
 6.74312640e-04 -1.42526398e+00  6.74312640e-04  0.00000000e+00 
 6.75312640e-04 -1.42352691e+00  6.75312640e-04  0.00000000e+00 
 6.76312640e-04 -1.42179196e+00  6.76312640e-04  0.00000000e+00 
 6.77312640e-04 -1.42005912e+00  6.77312640e-04  0.00000000e+00 
 6.78312640e-04 -1.41832840e+00  6.78312640e-04  0.00000000e+00 
 6.79312640e-04 -1.41659979e+00  6.79312640e-04  0.00000000e+00 
 6.80312640e-04 -1.41487328e+00  6.80312640e-04  0.00000000e+00 
 6.81312640e-04 -1.41314887e+00  6.81312640e-04  0.00000000e+00 
 6.82312640e-04 -1.41142657e+00  6.82312640e-04  0.00000000e+00 
 6.83312640e-04 -1.40970637e+00  6.83312640e-04  0.00000000e+00 
 6.84312640e-04 -1.40798826e+00  6.84312640e-04  0.00000000e+00 
 6.85312640e-04 -1.40627225e+00  6.85312640e-04  0.00000000e+00 
 6.86312640e-04 -1.40455833e+00  6.86312640e-04  0.00000000e+00 
 6.87312640e-04 -1.40284650e+00  6.87312640e-04  0.00000000e+00 
 6.88312640e-04 -1.40113675e+00  6.88312640e-04  0.00000000e+00 
 6.89312640e-04 -1.39942909e+00  6.89312640e-04  0.00000000e+00 
 6.90312640e-04 -1.39772351e+00  6.90312640e-04  0.00000000e+00 
 6.91312640e-04 -1.39602000e+00  6.91312640e-04  0.00000000e+00 
 6.92312640e-04 -1.39431858e+00  6.92312640e-04  0.00000000e+00 
 6.93312640e-04 -1.39261923e+00  6.93312640e-04  0.00000000e+00 
 6.94312640e-04 -1.39092195e+00  6.94312640e-04  0.00000000e+00 
 6.95312640e-04 -1.38922673e+00  6.95312640e-04  0.00000000e+00 
 6.96312640e-04 -1.38753359e+00  6.96312640e-04  0.00000000e+00 
 6.97312640e-04 -1.38584250e+00  6.97312640e-04  0.00000000e+00 
 6.98312640e-04 -1.38415348e+00  6.98312640e-04  0.00000000e+00 
 6.99312640e-04 -1.38246652e+00  6.99312640e-04  0.00000000e+00 
 7.00312640e-04 -1.38078161e+00  7.00312640e-04  0.00000000e+00 
 7.01312640e-04 -1.37909876e+00  7.01312640e-04  0.00000000e+00 
 7.02312640e-04 -1.37741795e+00  7.02312640e-04  0.00000000e+00 
 7.03312640e-04 -1.37573920e+00  7.03312640e-04  0.00000000e+00 
 7.04312640e-04 -1.37406249e+00  7.04312640e-04  0.00000000e+00 
 7.05312640e-04 -1.37238783e+00  7.05312640e-04  0.00000000e+00 
 7.06312640e-04 -1.37071520e+00  7.06312640e-04  0.00000000e+00 
 7.07312640e-04 -1.36904462e+00  7.07312640e-04  0.00000000e+00 
 7.08312640e-04 -1.36737607e+00  7.08312640e-04  0.00000000e+00 
 7.09312640e-04 -1.36570955e+00  7.09312640e-04  0.00000000e+00 
 7.10312640e-04 -1.36404507e+00  7.10312640e-04  0.00000000e+00 
 7.11312640e-04 -1.36238261e+00  7.11312640e-04  0.00000000e+00 
 7.12312640e-04 -1.36072218e+00  7.12312640e-04  0.00000000e+00 
 7.13312640e-04 -1.35906378e+00  7.13312640e-04  0.00000000e+00 
 7.14312640e-04 -1.35740739e+00  7.14312640e-04  0.00000000e+00 
 7.15312640e-04 -1.35575303e+00  7.15312640e-04  0.00000000e+00 
 7.16312640e-04 -1.35410068e+00  7.16312640e-04  0.00000000e+00 
 7.17312640e-04 -1.35245034e+00  7.17312640e-04  0.00000000e+00 
 7.18312640e-04 -1.35080201e+00  7.18312640e-04  0.00000000e+00 
 7.19312640e-04 -1.34915570e+00  7.19312640e-04  0.00000000e+00 
 7.20312640e-04 -1.34751139e+00  7.20312640e-04  0.00000000e+00 
 7.21312640e-04 -1.34586908e+00  7.21312640e-04  0.00000000e+00 
 7.22312640e-04 -1.34422878e+00  7.22312640e-04  0.00000000e+00 
 7.23312640e-04 -1.34259048e+00  7.23312640e-04  0.00000000e+00 
 7.24312640e-04 -1.34095417e+00  7.24312640e-04  0.00000000e+00 
 7.25312640e-04 -1.33931986e+00  7.25312640e-04  0.00000000e+00 
 7.26312640e-04 -1.33768753e+00  7.26312640e-04  0.00000000e+00 
 7.27312640e-04 -1.33605720e+00  7.27312640e-04  0.00000000e+00 
 7.28312640e-04 -1.33442886e+00  7.28312640e-04  0.00000000e+00 
 7.29312640e-04 -1.33280250e+00  7.29312640e-04  0.00000000e+00 
 7.30312640e-04 -1.33117812e+00  7.30312640e-04  0.00000000e+00 
 7.31312640e-04 -1.32955572e+00  7.31312640e-04  0.00000000e+00 
 7.32312640e-04 -1.32793530e+00  7.32312640e-04  0.00000000e+00 
 7.33312640e-04 -1.32631685e+00  7.33312640e-04  0.00000000e+00 
 7.34312640e-04 -1.32470038e+00  7.34312640e-04  0.00000000e+00 
 7.35312640e-04 -1.32308587e+00  7.35312640e-04  0.00000000e+00 
 7.36312640e-04 -1.32147334e+00  7.36312640e-04  0.00000000e+00 
 7.37312640e-04 -1.31986277e+00  7.37312640e-04  0.00000000e+00 
 7.38312640e-04 -1.31825416e+00  7.38312640e-04  0.00000000e+00 
 7.39312640e-04 -1.31664751e+00  7.39312640e-04  0.00000000e+00 
 7.40312640e-04 -1.31504282e+00  7.40312640e-04  0.00000000e+00 
 7.41312640e-04 -1.31344009e+00  7.41312640e-04  0.00000000e+00 
 7.42312640e-04 -1.31183931e+00  7.42312640e-04  0.00000000e+00 
 7.43312640e-04 -1.31024048e+00  7.43312640e-04  0.00000000e+00 
 7.44312640e-04 -1.30864360e+00  7.44312640e-04  0.00000000e+00 
 7.45312640e-04 -1.30704866e+00  7.45312640e-04  0.00000000e+00 
 7.46312640e-04 -1.30545567e+00  7.46312640e-04  0.00000000e+00 
 7.47312640e-04 -1.30386463e+00  7.47312640e-04  0.00000000e+00 
 7.48312640e-04 -1.30227552e+00  7.48312640e-04  0.00000000e+00 
 7.49312640e-04 -1.30068834e+00  7.49312640e-04  0.00000000e+00 
 7.50312640e-04 -1.29910310e+00  7.50312640e-04  0.00000000e+00 
 7.51312640e-04 -1.29751980e+00  7.51312640e-04  0.00000000e+00 
 7.52312640e-04 -1.29593842e+00  7.52312640e-04  0.00000000e+00 
 7.53312640e-04 -1.29435897e+00  7.53312640e-04  0.00000000e+00 
 7.54312640e-04 -1.29278145e+00  7.54312640e-04  0.00000000e+00 
 7.55312640e-04 -1.29120584e+00  7.55312640e-04  0.00000000e+00 
 7.56312640e-04 -1.28963216e+00  7.56312640e-04  0.00000000e+00 
 7.57312640e-04 -1.28806040e+00  7.57312640e-04  0.00000000e+00 
 7.58312640e-04 -1.28649055e+00  7.58312640e-04  0.00000000e+00 
 7.59312640e-04 -1.28492262e+00  7.59312640e-04  0.00000000e+00 
 7.60312640e-04 -1.28335659e+00  7.60312640e-04  0.00000000e+00 
 7.61312640e-04 -1.28179248e+00  7.61312640e-04  0.00000000e+00 
 7.62312640e-04 -1.28023027e+00  7.62312640e-04  0.00000000e+00 
 7.63312640e-04 -1.27866996e+00  7.63312640e-04  0.00000000e+00 
 7.64312640e-04 -1.27711156e+00  7.64312640e-04  0.00000000e+00 
 7.65312640e-04 -1.27555505e+00  7.65312640e-04  0.00000000e+00 
 7.66312640e-04 -1.27400045e+00  7.66312640e-04  0.00000000e+00 
 7.67312640e-04 -1.27244774e+00  7.67312640e-04  0.00000000e+00 
 7.68312640e-04 -1.27089692e+00  7.68312640e-04  0.00000000e+00 
 7.69312640e-04 -1.26934799e+00  7.69312640e-04  0.00000000e+00 
 7.70312640e-04 -1.26780094e+00  7.70312640e-04  0.00000000e+00 
 7.71312640e-04 -1.26625579e+00  7.71312640e-04  0.00000000e+00 
 7.72312640e-04 -1.26471251e+00  7.72312640e-04  0.00000000e+00 
 7.73312640e-04 -1.26317112e+00  7.73312640e-04  0.00000000e+00 
 7.74312640e-04 -1.26163161e+00  7.74312640e-04  0.00000000e+00 
 7.75312640e-04 -1.26009397e+00  7.75312640e-04  0.00000000e+00 
 7.76312640e-04 -1.25855821e+00  7.76312640e-04  0.00000000e+00 
 7.77312640e-04 -1.25702431e+00  7.77312640e-04  0.00000000e+00 
 7.78312640e-04 -1.25549229e+00  7.78312640e-04  0.00000000e+00 
 7.79312640e-04 -1.25396214e+00  7.79312640e-04  0.00000000e+00 
 7.80312640e-04 -1.25243385e+00  7.80312640e-04  0.00000000e+00 
 7.81312640e-04 -1.25090742e+00  7.81312640e-04  0.00000000e+00 
 7.82312640e-04 -1.24938285e+00  7.82312640e-04  0.00000000e+00 
 7.83312640e-04 -1.24786014e+00  7.83312640e-04  0.00000000e+00 
 7.84312640e-04 -1.24633929e+00  7.84312640e-04  0.00000000e+00 
 7.85312640e-04 -1.24482029e+00  7.85312640e-04  0.00000000e+00 
 7.86312640e-04 -1.24330314e+00  7.86312640e-04  0.00000000e+00 
 7.87312640e-04 -1.24178784e+00  7.87312640e-04  0.00000000e+00 
 7.88312640e-04 -1.24027439e+00  7.88312640e-04  0.00000000e+00 
 7.89312640e-04 -1.23876278e+00  7.89312640e-04  0.00000000e+00 
 7.90312640e-04 -1.23725302e+00  7.90312640e-04  0.00000000e+00 
 7.91312640e-04 -1.23574509e+00  7.91312640e-04  0.00000000e+00 
 7.92312640e-04 -1.23423900e+00  7.92312640e-04  0.00000000e+00 
 7.93312640e-04 -1.23273475e+00  7.93312640e-04  0.00000000e+00 
 7.94312640e-04 -1.23123233e+00  7.94312640e-04  0.00000000e+00 
 7.95312640e-04 -1.22973174e+00  7.95312640e-04  0.00000000e+00 
 7.96312640e-04 -1.22823298e+00  7.96312640e-04  0.00000000e+00 
 7.97312640e-04 -1.22673605e+00  7.97312640e-04  0.00000000e+00 
 7.98312640e-04 -1.22524094e+00  7.98312640e-04  0.00000000e+00 
 7.99312640e-04 -1.22374766e+00  7.99312640e-04  0.00000000e+00 
 8.00312640e-04 -1.22225619e+00  8.00312640e-04  0.00000000e+00 
 8.01312640e-04 -1.22076654e+00  8.01312640e-04  0.00000000e+00 
 8.02312640e-04 -1.21927871e+00  8.02312640e-04  0.00000000e+00 
 8.03312640e-04 -1.21779269e+00  8.03312640e-04  0.00000000e+00 
 8.04312640e-04 -1.21630848e+00  8.04312640e-04  0.00000000e+00 
 8.05312640e-04 -1.21482609e+00  8.05312640e-04  0.00000000e+00 
 8.06312640e-04 -1.21334549e+00  8.06312640e-04  0.00000000e+00 
 8.07312640e-04 -1.21186671e+00  8.07312640e-04  0.00000000e+00 
 8.08312640e-04 -1.21038972e+00  8.08312640e-04  0.00000000e+00 
 8.09312640e-04 -1.20891453e+00  8.09312640e-04  0.00000000e+00 
 8.10312640e-04 -1.20744115e+00  8.10312640e-04  0.00000000e+00 
 8.11312640e-04 -1.20596955e+00  8.11312640e-04  0.00000000e+00 
 8.12312640e-04 -1.20449976e+00  8.12312640e-04  0.00000000e+00 
 8.13312640e-04 -1.20303175e+00  8.13312640e-04  0.00000000e+00 
 8.14312640e-04 -1.20156553e+00  8.14312640e-04  0.00000000e+00 
 8.15312640e-04 -1.20010110e+00  8.15312640e-04  0.00000000e+00 
 8.16312640e-04 -1.19863845e+00  8.16312640e-04  0.00000000e+00 
 8.17312640e-04 -1.19717759e+00  8.17312640e-04  0.00000000e+00 
 8.18312640e-04 -1.19571851e+00  8.18312640e-04  0.00000000e+00 
 8.19312640e-04 -1.19426120e+00  8.19312640e-04  0.00000000e+00 
 8.20000000e-04 -1.19326054e+00  8.20000000e-04  0.00000000e+00 
 8.20000100e-04 -6.93260456e-01  8.20000100e-04  5.00000000e-01 
 8.20000300e-04  3.06739591e-01  8.20000300e-04  1.50000000e+00 
 8.20000700e-04  2.30673895e+00  8.20000700e-04  3.50000000e+00 
 8.20001000e-04  3.80673784e+00  8.20001000e-04  5.00000000e+00 
 8.20001080e-04  3.80673746e+00  8.20001080e-04  5.00000000e+00 
 8.20001240e-04  3.80673672e+00  8.20001240e-04  5.00000000e+00 
 8.20001560e-04  3.80673524e+00  8.20001560e-04  5.00000000e+00 
 8.20002200e-04  3.80673226e+00  8.20002200e-04  5.00000000e+00 
 8.20003480e-04  3.80672632e+00  8.20003480e-04  5.00000000e+00 
 8.20006040e-04  3.80671444e+00  8.20006040e-04  5.00000000e+00 
 8.20011160e-04  3.80669067e+00  8.20011160e-04  5.00000000e+00 
 8.20021400e-04  3.80664313e+00  8.20021400e-04  5.00000000e+00 
 8.20041880e-04  3.80654806e+00  8.20041880e-04  5.00000000e+00 
 8.20082840e-04  3.80635792e+00  8.20082840e-04  5.00000000e+00 
 8.20164760e-04  3.80597768e+00  8.20164760e-04  5.00000000e+00 
 8.20328600e-04  3.80521730e+00  8.20328600e-04  5.00000000e+00 
 8.20656280e-04  3.80369700e+00  8.20656280e-04  5.00000000e+00 
 8.21311640e-04  3.80065823e+00  8.21311640e-04  5.00000000e+00 
 8.22311640e-04  3.79602610e+00  8.22311640e-04  5.00000000e+00 
 8.23311640e-04  3.79139962e+00  8.23311640e-04  5.00000000e+00 
 8.24311640e-04  3.78677878e+00  8.24311640e-04  5.00000000e+00 
 8.25311640e-04  3.78216358e+00  8.25311640e-04  5.00000000e+00 
 8.26311640e-04  3.77755399e+00  8.26311640e-04  5.00000000e+00 
 8.27311640e-04  3.77295003e+00  8.27311640e-04  5.00000000e+00 
 8.28311640e-04  3.76835167e+00  8.28311640e-04  5.00000000e+00 
 8.29311640e-04  3.76375892e+00  8.29311640e-04  5.00000000e+00 
 8.30311640e-04  3.75917177e+00  8.30311640e-04  5.00000000e+00 
 8.31311640e-04  3.75459021e+00  8.31311640e-04  5.00000000e+00 
 8.32311640e-04  3.75001423e+00  8.32311640e-04  5.00000000e+00 
 8.33311640e-04  3.74544383e+00  8.33311640e-04  5.00000000e+00 
 8.34311640e-04  3.74087900e+00  8.34311640e-04  5.00000000e+00 
 8.35311640e-04  3.73631973e+00  8.35311640e-04  5.00000000e+00 
 8.36311640e-04  3.73176602e+00  8.36311640e-04  5.00000000e+00 
 8.37311640e-04  3.72721786e+00  8.37311640e-04  5.00000000e+00 
 8.38311640e-04  3.72267524e+00  8.38311640e-04  5.00000000e+00 
 8.39311640e-04  3.71813816e+00  8.39311640e-04  5.00000000e+00 
 8.40311640e-04  3.71360661e+00  8.40311640e-04  5.00000000e+00 
 8.41311640e-04  3.70908058e+00  8.41311640e-04  5.00000000e+00 
 8.42311640e-04  3.70456006e+00  8.42311640e-04  5.00000000e+00 
 8.43311640e-04  3.70004506e+00  8.43311640e-04  5.00000000e+00 
 8.44311640e-04  3.69553556e+00  8.44311640e-04  5.00000000e+00 
 8.45311640e-04  3.69103156e+00  8.45311640e-04  5.00000000e+00 
 8.46311640e-04  3.68653304e+00  8.46311640e-04  5.00000000e+00 
 8.47311640e-04  3.68204001e+00  8.47311640e-04  5.00000000e+00 
 8.48311640e-04  3.67755245e+00  8.48311640e-04  5.00000000e+00 
 8.49311640e-04  3.67307037e+00  8.49311640e-04  5.00000000e+00 
 8.50311640e-04  3.66859374e+00  8.50311640e-04  5.00000000e+00 
 8.51311640e-04  3.66412257e+00  8.51311640e-04  5.00000000e+00 
 8.52311640e-04  3.65965685e+00  8.52311640e-04  5.00000000e+00 
 8.53311640e-04  3.65519658e+00  8.53311640e-04  5.00000000e+00 
 8.54311640e-04  3.65074174e+00  8.54311640e-04  5.00000000e+00 
 8.55311640e-04  3.64629233e+00  8.55311640e-04  5.00000000e+00 
 8.56311640e-04  3.64184834e+00  8.56311640e-04  5.00000000e+00 
 8.57311640e-04  3.63740976e+00  8.57311640e-04  5.00000000e+00 
 8.58311640e-04  3.63297660e+00  8.58311640e-04  5.00000000e+00 
 8.59311640e-04  3.62854884e+00  8.59311640e-04  5.00000000e+00 
 8.60311640e-04  3.62412648e+00  8.60311640e-04  5.00000000e+00 
 8.61311640e-04  3.61970951e+00  8.61311640e-04  5.00000000e+00 
 8.62311640e-04  3.61529792e+00  8.62311640e-04  5.00000000e+00 
 8.63311640e-04  3.61089170e+00  8.63311640e-04  5.00000000e+00 
 8.64311640e-04  3.60649086e+00  8.64311640e-04  5.00000000e+00 
 8.65311640e-04  3.60209538e+00  8.65311640e-04  5.00000000e+00 
 8.66311640e-04  3.59770526e+00  8.66311640e-04  5.00000000e+00 
 8.67311640e-04  3.59332049e+00  8.67311640e-04  5.00000000e+00 
 8.68311640e-04  3.58894106e+00  8.68311640e-04  5.00000000e+00 
 8.69311640e-04  3.58456697e+00  8.69311640e-04  5.00000000e+00 
 8.70311640e-04  3.58019821e+00  8.70311640e-04  5.00000000e+00 
 8.71311640e-04  3.57583478e+00  8.71311640e-04  5.00000000e+00 
 8.72311640e-04  3.57147666e+00  8.72311640e-04  5.00000000e+00 
 8.73311640e-04  3.56712385e+00  8.73311640e-04  5.00000000e+00 
 8.74311640e-04  3.56277635e+00  8.74311640e-04  5.00000000e+00 
 8.75311640e-04  3.55843415e+00  8.75311640e-04  5.00000000e+00 
 8.76311640e-04  3.55409724e+00  8.76311640e-04  5.00000000e+00 
 8.77311640e-04  3.54976562e+00  8.77311640e-04  5.00000000e+00 
 8.78311640e-04  3.54543927e+00  8.78311640e-04  5.00000000e+00 
 8.79311640e-04  3.54111820e+00  8.79311640e-04  5.00000000e+00 
 8.80311640e-04  3.53680240e+00  8.80311640e-04  5.00000000e+00 
 8.81311640e-04  3.53249185e+00  8.81311640e-04  5.00000000e+00 
 8.82311640e-04  3.52818656e+00  8.82311640e-04  5.00000000e+00 
 8.83311640e-04  3.52388652e+00  8.83311640e-04  5.00000000e+00 
 8.84311640e-04  3.51959171e+00  8.84311640e-04  5.00000000e+00 
 8.85311640e-04  3.51530214e+00  8.85311640e-04  5.00000000e+00 
 8.86311640e-04  3.51101780e+00  8.86311640e-04  5.00000000e+00 
 8.87311640e-04  3.50673868e+00  8.87311640e-04  5.00000000e+00 
 8.88311640e-04  3.50246478e+00  8.88311640e-04  5.00000000e+00 
 8.89311640e-04  3.49819608e+00  8.89311640e-04  5.00000000e+00 
 8.90311640e-04  3.49393259e+00  8.90311640e-04  5.00000000e+00 
 8.91311640e-04  3.48967429e+00  8.91311640e-04  5.00000000e+00 
 8.92311640e-04  3.48542118e+00  8.92311640e-04  5.00000000e+00 
 8.93311640e-04  3.48117326e+00  8.93311640e-04  5.00000000e+00 
 8.94311640e-04  3.47693051e+00  8.94311640e-04  5.00000000e+00 
 8.95311640e-04  3.47269294e+00  8.95311640e-04  5.00000000e+00 
 8.96311640e-04  3.46846053e+00  8.96311640e-04  5.00000000e+00 
 8.97311640e-04  3.46423328e+00  8.97311640e-04  5.00000000e+00 
 8.98311640e-04  3.46001118e+00  8.98311640e-04  5.00000000e+00 
 8.99311640e-04  3.45579422e+00  8.99311640e-04  5.00000000e+00 
 9.00311640e-04  3.45158241e+00  9.00311640e-04  5.00000000e+00 
 9.01311640e-04  3.44737572e+00  9.01311640e-04  5.00000000e+00 
 9.02311640e-04  3.44317417e+00  9.02311640e-04  5.00000000e+00 
 9.03311640e-04  3.43897774e+00  9.03311640e-04  5.00000000e+00 
 9.04311640e-04  3.43478642e+00  9.04311640e-04  5.00000000e+00 
 9.05311640e-04  3.43060020e+00  9.05311640e-04  5.00000000e+00 
 9.06311640e-04  3.42641910e+00  9.06311640e-04  5.00000000e+00 
 9.07311640e-04  3.42224308e+00  9.07311640e-04  5.00000000e+00 
 9.08311640e-04  3.41807216e+00  9.08311640e-04  5.00000000e+00 
 9.09311640e-04  3.41390632e+00  9.09311640e-04  5.00000000e+00 
 9.10311640e-04  3.40974555e+00  9.10311640e-04  5.00000000e+00 
 9.11311640e-04  3.40558986e+00  9.11311640e-04  5.00000000e+00 
 9.12311640e-04  3.40143923e+00  9.12311640e-04  5.00000000e+00 
 9.13311640e-04  3.39729367e+00  9.13311640e-04  5.00000000e+00 
 9.14311640e-04  3.39315315e+00  9.14311640e-04  5.00000000e+00 
 9.15311640e-04  3.38901768e+00  9.15311640e-04  5.00000000e+00 
 9.16311640e-04  3.38488725e+00  9.16311640e-04  5.00000000e+00 
 9.17311640e-04  3.38076185e+00  9.17311640e-04  5.00000000e+00 
 9.18311640e-04  3.37664149e+00  9.18311640e-04  5.00000000e+00 
 9.19311640e-04  3.37252614e+00  9.19311640e-04  5.00000000e+00 
 9.20311640e-04  3.36841581e+00  9.20311640e-04  5.00000000e+00 
 9.21311640e-04  3.36431049e+00  9.21311640e-04  5.00000000e+00 
 9.22311640e-04  3.36021017e+00  9.22311640e-04  5.00000000e+00 
 9.23311640e-04  3.35611485e+00  9.23311640e-04  5.00000000e+00 
 9.24311640e-04  3.35202452e+00  9.24311640e-04  5.00000000e+00 
 9.25311640e-04  3.34793918e+00  9.25311640e-04  5.00000000e+00 
 9.26311640e-04  3.34385881e+00  9.26311640e-04  5.00000000e+00 
 9.27311640e-04  3.33978342e+00  9.27311640e-04  5.00000000e+00 
 9.28311640e-04  3.33571300e+00  9.28311640e-04  5.00000000e+00 
 9.29311640e-04  3.33164753e+00  9.29311640e-04  5.00000000e+00 
 9.30311640e-04  3.32758702e+00  9.30311640e-04  5.00000000e+00 
 9.31311640e-04  3.32353146e+00  9.31311640e-04  5.00000000e+00 
 9.32311640e-04  3.31948085e+00  9.32311640e-04  5.00000000e+00 
 9.33311640e-04  3.31543517e+00  9.33311640e-04  5.00000000e+00 
 9.34311640e-04  3.31139442e+00  9.34311640e-04  5.00000000e+00 
 9.35311640e-04  3.30735859e+00  9.35311640e-04  5.00000000e+00 
 9.36311640e-04  3.30332769e+00  9.36311640e-04  5.00000000e+00 
 9.37311640e-04  3.29930169e+00  9.37311640e-04  5.00000000e+00 
 9.38311640e-04  3.29528061e+00  9.38311640e-04  5.00000000e+00 
 9.39311640e-04  3.29126442e+00  9.39311640e-04  5.00000000e+00 
 9.40311640e-04  3.28725313e+00  9.40311640e-04  5.00000000e+00 
 9.41311640e-04  3.28324673e+00  9.41311640e-04  5.00000000e+00 
 9.42311640e-04  3.27924521e+00  9.42311640e-04  5.00000000e+00 
 9.43311640e-04  3.27524856e+00  9.43311640e-04  5.00000000e+00 
 9.44311640e-04  3.27125679e+00  9.44311640e-04  5.00000000e+00 
 9.45311640e-04  3.26726989e+00  9.45311640e-04  5.00000000e+00 
 9.46311640e-04  3.26328784e+00  9.46311640e-04  5.00000000e+00 
 9.47311640e-04  3.25931064e+00  9.47311640e-04  5.00000000e+00 
 9.48311640e-04  3.25533830e+00  9.48311640e-04  5.00000000e+00 
 9.49311640e-04  3.25137079e+00  9.49311640e-04  5.00000000e+00 
 9.50311640e-04  3.24740812e+00  9.50311640e-04  5.00000000e+00 
 9.51311640e-04  3.24345028e+00  9.51311640e-04  5.00000000e+00 
 9.52311640e-04  3.23949726e+00  9.52311640e-04  5.00000000e+00 
 9.53311640e-04  3.23554907e+00  9.53311640e-04  5.00000000e+00 
 9.54311640e-04  3.23160568e+00  9.54311640e-04  5.00000000e+00 
 9.55311640e-04  3.22766710e+00  9.55311640e-04  5.00000000e+00 
 9.56311640e-04  3.22373332e+00  9.56311640e-04  5.00000000e+00 
 9.57311640e-04  3.21980433e+00  9.57311640e-04  5.00000000e+00 
 9.58311640e-04  3.21588013e+00  9.58311640e-04  5.00000000e+00 
 9.59311640e-04  3.21196072e+00  9.59311640e-04  5.00000000e+00 
 9.60311640e-04  3.20804608e+00  9.60311640e-04  5.00000000e+00 
 9.61311640e-04  3.20413621e+00  9.61311640e-04  5.00000000e+00 
 9.62311640e-04  3.20023111e+00  9.62311640e-04  5.00000000e+00 
 9.63311640e-04  3.19633077e+00  9.63311640e-04  5.00000000e+00 
 9.64311640e-04  3.19243518e+00  9.64311640e-04  5.00000000e+00 
 9.65311640e-04  3.18854434e+00  9.65311640e-04  5.00000000e+00 
 9.66311640e-04  3.18465824e+00  9.66311640e-04  5.00000000e+00 
 9.67311640e-04  3.18077687e+00  9.67311640e-04  5.00000000e+00 
 9.68311640e-04  3.17690024e+00  9.68311640e-04  5.00000000e+00 
 9.69311640e-04  3.17302833e+00  9.69311640e-04  5.00000000e+00 
 9.70311640e-04  3.16916115e+00  9.70311640e-04  5.00000000e+00 
 9.71311640e-04  3.16529867e+00  9.71311640e-04  5.00000000e+00 
 9.72311640e-04  3.16144090e+00  9.72311640e-04  5.00000000e+00 
 9.73311640e-04  3.15758784e+00  9.73311640e-04  5.00000000e+00 
 9.74311640e-04  3.15373947e+00  9.74311640e-04  5.00000000e+00 
 9.75311640e-04  3.14989579e+00  9.75311640e-04  5.00000000e+00 
 9.76311640e-04  3.14605679e+00  9.76311640e-04  5.00000000e+00 
 9.77311640e-04  3.14222247e+00  9.77311640e-04  5.00000000e+00 
 9.78311640e-04  3.13839283e+00  9.78311640e-04  5.00000000e+00 
 9.79311640e-04  3.13456785e+00  9.79311640e-04  5.00000000e+00 
 9.80311640e-04  3.13074754e+00  9.80311640e-04  5.00000000e+00 
 9.81311640e-04  3.12693188e+00  9.81311640e-04  5.00000000e+00 
 9.82311640e-04  3.12312087e+00  9.82311640e-04  5.00000000e+00 
 9.83311640e-04  3.11931451e+00  9.83311640e-04  5.00000000e+00 
 9.84311640e-04  3.11551279e+00  9.84311640e-04  5.00000000e+00 
 9.85311640e-04  3.11171570e+00  9.85311640e-04  5.00000000e+00 
 9.86311640e-04  3.10792323e+00  9.86311640e-04  5.00000000e+00 
 9.87311640e-04  3.10413539e+00  9.87311640e-04  5.00000000e+00 
 9.88311640e-04  3.10035217e+00  9.88311640e-04  5.00000000e+00 
 9.89311640e-04  3.09657356e+00  9.89311640e-04  5.00000000e+00 
 9.90311640e-04  3.09279955e+00  9.90311640e-04  5.00000000e+00 
 9.91311640e-04  3.08903014e+00  9.91311640e-04  5.00000000e+00 
 9.92311640e-04  3.08526533e+00  9.92311640e-04  5.00000000e+00 
 9.93311640e-04  3.08150510e+00  9.93311640e-04  5.00000000e+00 
 9.94311640e-04  3.07774946e+00  9.94311640e-04  5.00000000e+00 
 9.95311640e-04  3.07399839e+00  9.95311640e-04  5.00000000e+00 
 9.96311640e-04  3.07025190e+00  9.96311640e-04  5.00000000e+00 
 9.97311640e-04  3.06650997e+00  9.97311640e-04  5.00000000e+00 
 9.98311640e-04  3.06277260e+00  9.98311640e-04  5.00000000e+00 
 9.99311640e-04  3.05903979e+00  9.99311640e-04  5.00000000e+00 
 1.00031164e-03  3.05531153e+00  1.00031164e-03  5.00000000e+00 
 1.00131164e-03  3.05158781e+00  1.00131164e-03  5.00000000e+00 
 1.00231164e-03  3.04786863e+00  1.00231164e-03  5.00000000e+00 
 1.00331164e-03  3.04415398e+00  1.00331164e-03  5.00000000e+00 
 1.00431164e-03  3.04044386e+00  1.00431164e-03  5.00000000e+00 
 1.00531164e-03  3.03673826e+00  1.00531164e-03  5.00000000e+00 
 1.00631164e-03  3.03303718e+00  1.00631164e-03  5.00000000e+00 
 1.00731164e-03  3.02934060e+00  1.00731164e-03  5.00000000e+00 
 1.00831164e-03  3.02564854e+00  1.00831164e-03  5.00000000e+00 
 1.00931164e-03  3.02196097e+00  1.00931164e-03  5.00000000e+00 
 1.01031164e-03  3.01827790e+00  1.01031164e-03  5.00000000e+00 
 1.01131164e-03  3.01459931e+00  1.01131164e-03  5.00000000e+00 
 1.01231164e-03  3.01092521e+00  1.01231164e-03  5.00000000e+00 
 1.01331164e-03  3.00725559e+00  1.01331164e-03  5.00000000e+00 
 1.01431164e-03  3.00359044e+00  1.01431164e-03  5.00000000e+00 
 1.01531164e-03  2.99992976e+00  1.01531164e-03  5.00000000e+00 
 1.01631164e-03  2.99627354e+00  1.01631164e-03  5.00000000e+00 
 1.01731164e-03  2.99262177e+00  1.01731164e-03  5.00000000e+00 
 1.01831164e-03  2.98897446e+00  1.01831164e-03  5.00000000e+00 
 1.01931164e-03  2.98533159e+00  1.01931164e-03  5.00000000e+00 
 1.02031164e-03  2.98169316e+00  1.02031164e-03  5.00000000e+00 
 1.02131164e-03  2.97805916e+00  1.02131164e-03  5.00000000e+00 
 1.02231164e-03  2.97442960e+00  1.02231164e-03  5.00000000e+00 
 1.02331164e-03  2.97080445e+00  1.02331164e-03  5.00000000e+00 
 1.02431164e-03  2.96718373e+00  1.02431164e-03  5.00000000e+00 
 1.02531164e-03  2.96356742e+00  1.02531164e-03  5.00000000e+00 
 1.02631164e-03  2.95995551e+00  1.02631164e-03  5.00000000e+00 
 1.02731164e-03  2.95634801e+00  1.02731164e-03  5.00000000e+00 
 1.02831164e-03  2.95274491e+00  1.02831164e-03  5.00000000e+00 
 1.02931164e-03  2.94914619e+00  1.02931164e-03  5.00000000e+00 
 1.03031164e-03  2.94555186e+00  1.03031164e-03  5.00000000e+00 
 1.03131164e-03  2.94196192e+00  1.03131164e-03  5.00000000e+00 
 1.03231164e-03  2.93837634e+00  1.03231164e-03  5.00000000e+00 
 1.03331164e-03  2.93479514e+00  1.03331164e-03  5.00000000e+00 
 1.03431164e-03  2.93121830e+00  1.03431164e-03  5.00000000e+00 
 1.03531164e-03  2.92764583e+00  1.03531164e-03  5.00000000e+00 
 1.03631164e-03  2.92407770e+00  1.03631164e-03  5.00000000e+00 
 1.03731164e-03  2.92051393e+00  1.03731164e-03  5.00000000e+00 
 1.03831164e-03  2.91695449e+00  1.03831164e-03  5.00000000e+00 
 1.03931164e-03  2.91339940e+00  1.03931164e-03  5.00000000e+00 
 1.04031164e-03  2.90984864e+00  1.04031164e-03  5.00000000e+00 
 1.04131164e-03  2.90630221e+00  1.04131164e-03  5.00000000e+00 
 1.04231164e-03  2.90276009e+00  1.04231164e-03  5.00000000e+00 
 1.04331164e-03  2.89922230e+00  1.04331164e-03  5.00000000e+00 
 1.04431164e-03  2.89568882e+00  1.04431164e-03  5.00000000e+00 
 1.04531164e-03  2.89215964e+00  1.04531164e-03  5.00000000e+00 
 1.04631164e-03  2.88863477e+00  1.04631164e-03  5.00000000e+00 
 1.04731164e-03  2.88511419e+00  1.04731164e-03  5.00000000e+00 
 1.04831164e-03  2.88159790e+00  1.04831164e-03  5.00000000e+00 
 1.04931164e-03  2.87808590e+00  1.04931164e-03  5.00000000e+00 
 1.05031164e-03  2.87457818e+00  1.05031164e-03  5.00000000e+00 
 1.05131164e-03  2.87107473e+00  1.05131164e-03  5.00000000e+00 
 1.05231164e-03  2.86757555e+00  1.05231164e-03  5.00000000e+00 
 1.05331164e-03  2.86408064e+00  1.05331164e-03  5.00000000e+00 
 1.05431164e-03  2.86058999e+00  1.05431164e-03  5.00000000e+00 
 1.05531164e-03  2.85710359e+00  1.05531164e-03  5.00000000e+00 
 1.05631164e-03  2.85362144e+00  1.05631164e-03  5.00000000e+00 
 1.05731164e-03  2.85014353e+00  1.05731164e-03  5.00000000e+00 
 1.05831164e-03  2.84666987e+00  1.05831164e-03  5.00000000e+00 
 1.05931164e-03  2.84320043e+00  1.05931164e-03  5.00000000e+00 
 1.06031164e-03  2.83973523e+00  1.06031164e-03  5.00000000e+00 
 1.06131164e-03  2.83627425e+00  1.06131164e-03  5.00000000e+00 
 1.06231164e-03  2.83281749e+00  1.06231164e-03  5.00000000e+00 
 1.06331164e-03  2.82936494e+00  1.06331164e-03  5.00000000e+00 
 1.06431164e-03  2.82591659e+00  1.06431164e-03  5.00000000e+00 
 1.06531164e-03  2.82247245e+00  1.06531164e-03  5.00000000e+00 
 1.06631164e-03  2.81903251e+00  1.06631164e-03  5.00000000e+00 
 1.06731164e-03  2.81559676e+00  1.06731164e-03  5.00000000e+00 
 1.06831164e-03  2.81216520e+00  1.06831164e-03  5.00000000e+00 
 1.06931164e-03  2.80873782e+00  1.06931164e-03  5.00000000e+00 
 1.07031164e-03  2.80531462e+00  1.07031164e-03  5.00000000e+00 
 1.07131164e-03  2.80189559e+00  1.07131164e-03  5.00000000e+00 
 1.07231164e-03  2.79848072e+00  1.07231164e-03  5.00000000e+00 
 1.07331164e-03  2.79507002e+00  1.07331164e-03  5.00000000e+00 
 1.07431164e-03  2.79166348e+00  1.07431164e-03  5.00000000e+00 
 1.07531164e-03  2.78826108e+00  1.07531164e-03  5.00000000e+00 
 1.07631164e-03  2.78486284e+00  1.07631164e-03  5.00000000e+00 
 1.07731164e-03  2.78146873e+00  1.07731164e-03  5.00000000e+00 
 1.07831164e-03  2.77807876e+00  1.07831164e-03  5.00000000e+00 
 1.07931164e-03  2.77469293e+00  1.07931164e-03  5.00000000e+00 
 1.08031164e-03  2.77131122e+00  1.08031164e-03  5.00000000e+00 
 1.08131164e-03  2.76793363e+00  1.08131164e-03  5.00000000e+00 
 1.08231164e-03  2.76456016e+00  1.08231164e-03  5.00000000e+00 
 1.08331164e-03  2.76119080e+00  1.08331164e-03  5.00000000e+00 
 1.08431164e-03  2.75782554e+00  1.08431164e-03  5.00000000e+00 
 1.08531164e-03  2.75446439e+00  1.08531164e-03  5.00000000e+00 
 1.08631164e-03  2.75110734e+00  1.08631164e-03  5.00000000e+00 
 1.08731164e-03  2.74775437e+00  1.08731164e-03  5.00000000e+00 
 1.08831164e-03  2.74440549e+00  1.08831164e-03  5.00000000e+00 
 1.08931164e-03  2.74106070e+00  1.08931164e-03  5.00000000e+00 
 1.09031164e-03  2.73771998e+00  1.09031164e-03  5.00000000e+00 
 1.09131164e-03  2.73438333e+00  1.09131164e-03  5.00000000e+00 
 1.09231164e-03  2.73105075e+00  1.09231164e-03  5.00000000e+00 
 1.09331164e-03  2.72772223e+00  1.09331164e-03  5.00000000e+00 
 1.09431164e-03  2.72439776e+00  1.09431164e-03  5.00000000e+00 
 1.09531164e-03  2.72107735e+00  1.09531164e-03  5.00000000e+00 
 1.09631164e-03  2.71776099e+00  1.09631164e-03  5.00000000e+00 
 1.09731164e-03  2.71444866e+00  1.09731164e-03  5.00000000e+00 
 1.09831164e-03  2.71114038e+00  1.09831164e-03  5.00000000e+00 
 1.09931164e-03  2.70783612e+00  1.09931164e-03  5.00000000e+00 
 1.10031164e-03  2.70453590e+00  1.10031164e-03  5.00000000e+00 
 1.10131164e-03  2.70123969e+00  1.10131164e-03  5.00000000e+00 
 1.10231164e-03  2.69794750e+00  1.10231164e-03  5.00000000e+00 
 1.10331164e-03  2.69465933e+00  1.10331164e-03  5.00000000e+00 
 1.10431164e-03  2.69137516e+00  1.10431164e-03  5.00000000e+00 
 1.10531164e-03  2.68809500e+00  1.10531164e-03  5.00000000e+00 
 1.10631164e-03  2.68481883e+00  1.10631164e-03  5.00000000e+00 
 1.10731164e-03  2.68154666e+00  1.10731164e-03  5.00000000e+00 
 1.10831164e-03  2.67827847e+00  1.10831164e-03  5.00000000e+00 
 1.10931164e-03  2.67501427e+00  1.10931164e-03  5.00000000e+00 
 1.11031164e-03  2.67175404e+00  1.11031164e-03  5.00000000e+00 
 1.11131164e-03  2.66849779e+00  1.11131164e-03  5.00000000e+00 
 1.11231164e-03  2.66524551e+00  1.11231164e-03  5.00000000e+00 
 1.11331164e-03  2.66199719e+00  1.11331164e-03  5.00000000e+00 
 1.11431164e-03  2.65875283e+00  1.11431164e-03  5.00000000e+00 
 1.11531164e-03  2.65551243e+00  1.11531164e-03  5.00000000e+00 
 1.11631164e-03  2.65227597e+00  1.11631164e-03  5.00000000e+00 
 1.11731164e-03  2.64904346e+00  1.11731164e-03  5.00000000e+00 
 1.11831164e-03  2.64581488e+00  1.11831164e-03  5.00000000e+00 
 1.11931164e-03  2.64259025e+00  1.11931164e-03  5.00000000e+00 
 1.12031164e-03  2.63936954e+00  1.12031164e-03  5.00000000e+00 
 1.12131164e-03  2.63615276e+00  1.12131164e-03  5.00000000e+00 
 1.12231164e-03  2.63293990e+00  1.12231164e-03  5.00000000e+00 
 1.12331164e-03  2.62973095e+00  1.12331164e-03  5.00000000e+00 
 1.12431164e-03  2.62652592e+00  1.12431164e-03  5.00000000e+00 
 1.12531164e-03  2.62332479e+00  1.12531164e-03  5.00000000e+00 
 1.12631164e-03  2.62012756e+00  1.12631164e-03  5.00000000e+00 
 1.12731164e-03  2.61693423e+00  1.12731164e-03  5.00000000e+00 
 1.12831164e-03  2.61374479e+00  1.12831164e-03  5.00000000e+00 
 1.12931164e-03  2.61055924e+00  1.12931164e-03  5.00000000e+00 
 1.13031164e-03  2.60737757e+00  1.13031164e-03  5.00000000e+00 
 1.13131164e-03  2.60419978e+00  1.13131164e-03  5.00000000e+00 
 1.13231164e-03  2.60102586e+00  1.13231164e-03  5.00000000e+00 
 1.13331164e-03  2.59785581e+00  1.13331164e-03  5.00000000e+00 
 1.13431164e-03  2.59468963e+00  1.13431164e-03  5.00000000e+00 
 1.13531164e-03  2.59152730e+00  1.13531164e-03  5.00000000e+00 
 1.13631164e-03  2.58836883e+00  1.13631164e-03  5.00000000e+00 
 1.13731164e-03  2.58521420e+00  1.13731164e-03  5.00000000e+00 
 1.13831164e-03  2.58206342e+00  1.13831164e-03  5.00000000e+00 
 1.13931164e-03  2.57891648e+00  1.13931164e-03  5.00000000e+00 
 1.14031164e-03  2.57577338e+00  1.14031164e-03  5.00000000e+00 
 1.14131164e-03  2.57263411e+00  1.14131164e-03  5.00000000e+00 
 1.14231164e-03  2.56949866e+00  1.14231164e-03  5.00000000e+00 
 1.14331164e-03  2.56636704e+00  1.14331164e-03  5.00000000e+00 
 1.14431164e-03  2.56323923e+00  1.14431164e-03  5.00000000e+00 
 1.14531164e-03  2.56011523e+00  1.14531164e-03  5.00000000e+00 
 1.14631164e-03  2.55699504e+00  1.14631164e-03  5.00000000e+00 
 1.14731164e-03  2.55387866e+00  1.14731164e-03  5.00000000e+00 
 1.14831164e-03  2.55076607e+00  1.14831164e-03  5.00000000e+00 
 1.14931164e-03  2.54765727e+00  1.14931164e-03  5.00000000e+00 
 1.15031164e-03  2.54455227e+00  1.15031164e-03  5.00000000e+00 
 1.15131164e-03  2.54145105e+00  1.15131164e-03  5.00000000e+00 
 1.15231164e-03  2.53835360e+00  1.15231164e-03  5.00000000e+00 
 1.15331164e-03  2.53525994e+00  1.15331164e-03  5.00000000e+00 
 1.15431164e-03  2.53217004e+00  1.15431164e-03  5.00000000e+00 
 1.15531164e-03  2.52908391e+00  1.15531164e-03  5.00000000e+00 
 1.15631164e-03  2.52600154e+00  1.15631164e-03  5.00000000e+00 
 1.15731164e-03  2.52292293e+00  1.15731164e-03  5.00000000e+00 
 1.15831164e-03  2.51984807e+00  1.15831164e-03  5.00000000e+00 
 1.15931164e-03  2.51677695e+00  1.15931164e-03  5.00000000e+00 
 1.16031164e-03  2.51370958e+00  1.16031164e-03  5.00000000e+00 
 1.16131164e-03  2.51064595e+00  1.16131164e-03  5.00000000e+00 
 1.16231164e-03  2.50758606e+00  1.16231164e-03  5.00000000e+00 
 1.16331164e-03  2.50452989e+00  1.16331164e-03  5.00000000e+00 
 1.16431164e-03  2.50147744e+00  1.16431164e-03  5.00000000e+00 
 1.16531164e-03  2.49842872e+00  1.16531164e-03  5.00000000e+00 
 1.16631164e-03  2.49538371e+00  1.16631164e-03  5.00000000e+00 
 1.16731164e-03  2.49234242e+00  1.16731164e-03  5.00000000e+00 
 1.16831164e-03  2.48930483e+00  1.16831164e-03  5.00000000e+00 
 1.16931164e-03  2.48627094e+00  1.16931164e-03  5.00000000e+00 
 1.17031164e-03  2.48324075e+00  1.17031164e-03  5.00000000e+00 
 1.17131164e-03  2.48021425e+00  1.17131164e-03  5.00000000e+00 
 1.17231164e-03  2.47719144e+00  1.17231164e-03  5.00000000e+00 
 1.17331164e-03  2.47417232e+00  1.17331164e-03  5.00000000e+00 
 1.17431164e-03  2.47115688e+00  1.17431164e-03  5.00000000e+00 
 1.17531164e-03  2.46814511e+00  1.17531164e-03  5.00000000e+00 
 1.17631164e-03  2.46513701e+00  1.17631164e-03  5.00000000e+00 
 1.17731164e-03  2.46213257e+00  1.17731164e-03  5.00000000e+00 
 1.17831164e-03  2.45913180e+00  1.17831164e-03  5.00000000e+00 
 1.17931164e-03  2.45613469e+00  1.17931164e-03  5.00000000e+00 
 1.18031164e-03  2.45314123e+00  1.18031164e-03  5.00000000e+00 
 1.18131164e-03  2.45015142e+00  1.18131164e-03  5.00000000e+00 
 1.18231164e-03  2.44716525e+00  1.18231164e-03  5.00000000e+00 
 1.18331164e-03  2.44418272e+00  1.18331164e-03  5.00000000e+00 
 1.18431164e-03  2.44120382e+00  1.18431164e-03  5.00000000e+00 
 1.18531164e-03  2.43822856e+00  1.18531164e-03  5.00000000e+00 
 1.18631164e-03  2.43525692e+00  1.18631164e-03  5.00000000e+00 
 1.18731164e-03  2.43228891e+00  1.18731164e-03  5.00000000e+00 
 1.18831164e-03  2.42932451e+00  1.18831164e-03  5.00000000e+00 
 1.18931164e-03  2.42636372e+00  1.18931164e-03  5.00000000e+00 
 1.19031164e-03  2.42340655e+00  1.19031164e-03  5.00000000e+00 
 1.19131164e-03  2.42045297e+00  1.19131164e-03  5.00000000e+00 
 1.19231164e-03  2.41750300e+00  1.19231164e-03  5.00000000e+00 
 1.19331164e-03  2.41455662e+00  1.19331164e-03  5.00000000e+00 
 1.19431164e-03  2.41161384e+00  1.19431164e-03  5.00000000e+00 
 1.19531164e-03  2.40867463e+00  1.19531164e-03  5.00000000e+00 
 1.19631164e-03  2.40573902e+00  1.19631164e-03  5.00000000e+00 
 1.19731164e-03  2.40280698e+00  1.19731164e-03  5.00000000e+00 
 1.19831164e-03  2.39987851e+00  1.19831164e-03  5.00000000e+00 
 1.19931164e-03  2.39695361e+00  1.19931164e-03  5.00000000e+00 
 1.20031164e-03  2.39403228e+00  1.20031164e-03  5.00000000e+00 
 1.20131164e-03  2.39111451e+00  1.20131164e-03  5.00000000e+00 
 1.20231164e-03  2.38820029e+00  1.20231164e-03  5.00000000e+00 
 1.20331164e-03  2.38528963e+00  1.20331164e-03  5.00000000e+00 
 1.20431164e-03  2.38238251e+00  1.20431164e-03  5.00000000e+00 
 1.20531164e-03  2.37947893e+00  1.20531164e-03  5.00000000e+00 
 1.20631164e-03  2.37657890e+00  1.20631164e-03  5.00000000e+00 
 1.20731164e-03  2.37368240e+00  1.20731164e-03  5.00000000e+00 
 1.20831164e-03  2.37078943e+00  1.20831164e-03  5.00000000e+00 
 1.20931164e-03  2.36789998e+00  1.20931164e-03  5.00000000e+00 
 1.21031164e-03  2.36501406e+00  1.21031164e-03  5.00000000e+00 
 1.21131164e-03  2.36213165e+00  1.21131164e-03  5.00000000e+00 
 1.21231164e-03  2.35925276e+00  1.21231164e-03  5.00000000e+00 
 1.21331164e-03  2.35637738e+00  1.21331164e-03  5.00000000e+00 
 1.21431164e-03  2.35350550e+00  1.21431164e-03  5.00000000e+00 
 1.21531164e-03  2.35063712e+00  1.21531164e-03  5.00000000e+00 
 1.21631164e-03  2.34777223e+00  1.21631164e-03  5.00000000e+00 
 1.21731164e-03  2.34491084e+00  1.21731164e-03  5.00000000e+00 
 1.21831164e-03  2.34205294e+00  1.21831164e-03  5.00000000e+00 
 1.21931164e-03  2.33919852e+00  1.21931164e-03  5.00000000e+00 
 1.22031164e-03  2.33634757e+00  1.22031164e-03  5.00000000e+00 
 1.22131164e-03  2.33350010e+00  1.22131164e-03  5.00000000e+00 
 1.22231164e-03  2.33065611e+00  1.22231164e-03  5.00000000e+00 
 1.22331164e-03  2.32781558e+00  1.22331164e-03  5.00000000e+00 
 1.22431164e-03  2.32497851e+00  1.22431164e-03  5.00000000e+00 
 1.22531164e-03  2.32214489e+00  1.22531164e-03  5.00000000e+00 
 1.22631164e-03  2.31931474e+00  1.22631164e-03  5.00000000e+00 
 1.22731164e-03  2.31648803e+00  1.22731164e-03  5.00000000e+00 
 1.22831164e-03  2.31366476e+00  1.22831164e-03  5.00000000e+00 
 1.22931164e-03  2.31084494e+00  1.22931164e-03  5.00000000e+00 
 1.23000100e-03  2.30890307e+00  1.23000100e-03  5.00000000e+00 
 1.23000110e-03  1.80890285e+00  1.23000110e-03  4.50000000e+00 
 1.23000130e-03  8.08902527e-01  1.23000130e-03  3.50000000e+00 
 1.23000170e-03 -1.19109738e+00  1.23000170e-03  1.50000000e+00 
 1.23000200e-03 -2.69109667e+00  1.23000200e-03  0.00000000e+00 
 1.23000208e-03 -2.69109641e+00  1.23000208e-03  0.00000000e+00 
 1.23000224e-03 -2.69109588e+00  1.23000224e-03  0.00000000e+00 
 1.23000256e-03 -2.69109483e+00  1.23000256e-03  0.00000000e+00 
 1.23000320e-03 -2.69109273e+00  1.23000320e-03  0.00000000e+00 
 1.23000448e-03 -2.69108853e+00  1.23000448e-03  0.00000000e+00 
 1.23000704e-03 -2.69108013e+00  1.23000704e-03  0.00000000e+00 
 1.23001216e-03 -2.69106333e+00  1.23001216e-03  0.00000000e+00 
 1.23002240e-03 -2.69102972e+00  1.23002240e-03  0.00000000e+00 
 1.23004288e-03 -2.69096251e+00  1.23004288e-03  0.00000000e+00 
 1.23008384e-03 -2.69082810e+00  1.23008384e-03  0.00000000e+00 
 1.23016576e-03 -2.69055929e+00  1.23016576e-03  0.00000000e+00 
 1.23032960e-03 -2.69002176e+00  1.23032960e-03  0.00000000e+00 
 1.23065728e-03 -2.68894701e+00  1.23065728e-03  0.00000000e+00 
 1.23131264e-03 -2.68679881e+00  1.23131264e-03  0.00000000e+00 
 1.23231264e-03 -2.68352423e+00  1.23231264e-03  0.00000000e+00 
 1.23331264e-03 -2.68025363e+00  1.23331264e-03  0.00000000e+00 
 1.23431264e-03 -2.67698702e+00  1.23431264e-03  0.00000000e+00 
 1.23531264e-03 -2.67372439e+00  1.23531264e-03  0.00000000e+00 
 1.23631264e-03 -2.67046574e+00  1.23631264e-03  0.00000000e+00 
 1.23731264e-03 -2.66721106e+00  1.23731264e-03  0.00000000e+00 
 1.23831264e-03 -2.66396034e+00  1.23831264e-03  0.00000000e+00 
 1.23931264e-03 -2.66071359e+00  1.23931264e-03  0.00000000e+00 
 1.24031264e-03 -2.65747079e+00  1.24031264e-03  0.00000000e+00 
 1.24131264e-03 -2.65423195e+00  1.24131264e-03  0.00000000e+00 
 1.24231264e-03 -2.65099706e+00  1.24231264e-03  0.00000000e+00 
 1.24331264e-03 -2.64776610e+00  1.24331264e-03  0.00000000e+00 
 1.24431264e-03 -2.64453909e+00  1.24431264e-03  0.00000000e+00 
 1.24531264e-03 -2.64131600e+00  1.24531264e-03  0.00000000e+00 
 1.24631264e-03 -2.63809685e+00  1.24631264e-03  0.00000000e+00 
 1.24731264e-03 -2.63488162e+00  1.24731264e-03  0.00000000e+00 
 1.24831264e-03 -2.63167031e+00  1.24831264e-03  0.00000000e+00 
 1.24931264e-03 -2.62846291e+00  1.24931264e-03  0.00000000e+00 
 1.25031264e-03 -2.62525942e+00  1.25031264e-03  0.00000000e+00 
 1.25131264e-03 -2.62205984e+00  1.25131264e-03  0.00000000e+00 
 1.25231264e-03 -2.61886415e+00  1.25231264e-03  0.00000000e+00 
 1.25331264e-03 -2.61567236e+00  1.25331264e-03  0.00000000e+00 
 1.25431264e-03 -2.61248446e+00  1.25431264e-03  0.00000000e+00 
 1.25531264e-03 -2.60930044e+00  1.25531264e-03  0.00000000e+00 
 1.25631264e-03 -2.60612031e+00  1.25631264e-03  0.00000000e+00 
 1.25731264e-03 -2.60294405e+00  1.25731264e-03  0.00000000e+00 
 1.25831264e-03 -2.59977166e+00  1.25831264e-03  0.00000000e+00 
 1.25931264e-03 -2.59660314e+00  1.25931264e-03  0.00000000e+00 
 1.26031264e-03 -2.59343848e+00  1.26031264e-03  0.00000000e+00 
 1.26131264e-03 -2.59027768e+00  1.26131264e-03  0.00000000e+00 
 1.26231264e-03 -2.58712073e+00  1.26231264e-03  0.00000000e+00 
 1.26331264e-03 -2.58396763e+00  1.26331264e-03  0.00000000e+00 
 1.26431264e-03 -2.58081837e+00  1.26431264e-03  0.00000000e+00 
 1.26531264e-03 -2.57767295e+00  1.26531264e-03  0.00000000e+00 
 1.26631264e-03 -2.57453136e+00  1.26631264e-03  0.00000000e+00 
 1.26731264e-03 -2.57139360e+00  1.26731264e-03  0.00000000e+00 
 1.26831264e-03 -2.56825966e+00  1.26831264e-03  0.00000000e+00 
 1.26931264e-03 -2.56512955e+00  1.26931264e-03  0.00000000e+00 
 1.27031264e-03 -2.56200325e+00  1.27031264e-03  0.00000000e+00 
 1.27131264e-03 -2.55888076e+00  1.27131264e-03  0.00000000e+00 
 1.27231264e-03 -2.55576207e+00  1.27231264e-03  0.00000000e+00 
 1.27331264e-03 -2.55264719e+00  1.27331264e-03  0.00000000e+00 
 1.27431264e-03 -2.54953610e+00  1.27431264e-03  0.00000000e+00 
 1.27531264e-03 -2.54642881e+00  1.27531264e-03  0.00000000e+00 
 1.27631264e-03 -2.54332530e+00  1.27631264e-03  0.00000000e+00 
 1.27731264e-03 -2.54022557e+00  1.27731264e-03  0.00000000e+00 
 1.27831264e-03 -2.53712962e+00  1.27831264e-03  0.00000000e+00 
 1.27931264e-03 -2.53403745e+00  1.27931264e-03  0.00000000e+00 
 1.28031264e-03 -2.53094904e+00  1.28031264e-03  0.00000000e+00 
 1.28131264e-03 -2.52786440e+00  1.28131264e-03  0.00000000e+00 
 1.28231264e-03 -2.52478352e+00  1.28231264e-03  0.00000000e+00 
 1.28331264e-03 -2.52170639e+00  1.28331264e-03  0.00000000e+00 
 1.28431264e-03 -2.51863301e+00  1.28431264e-03  0.00000000e+00 
 1.28531264e-03 -2.51556338e+00  1.28531264e-03  0.00000000e+00 
 1.28631264e-03 -2.51249749e+00  1.28631264e-03  0.00000000e+00 
 1.28731264e-03 -2.50943533e+00  1.28731264e-03  0.00000000e+00 
 1.28831264e-03 -2.50637691e+00  1.28831264e-03  0.00000000e+00 
 1.28931264e-03 -2.50332222e+00  1.28931264e-03  0.00000000e+00 
 1.29031264e-03 -2.50027124e+00  1.29031264e-03  0.00000000e+00 
 1.29131264e-03 -2.49722399e+00  1.29131264e-03  0.00000000e+00 
 1.29231264e-03 -2.49418045e+00  1.29231264e-03  0.00000000e+00 
 1.29331264e-03 -2.49114062e+00  1.29331264e-03  0.00000000e+00 
 1.29431264e-03 -2.48810450e+00  1.29431264e-03  0.00000000e+00 
 1.29531264e-03 -2.48507207e+00  1.29531264e-03  0.00000000e+00 
 1.29631264e-03 -2.48204334e+00  1.29631264e-03  0.00000000e+00 
 1.29731264e-03 -2.47901831e+00  1.29731264e-03  0.00000000e+00 
 1.29831264e-03 -2.47599696e+00  1.29831264e-03  0.00000000e+00 
 1.29931264e-03 -2.47297929e+00  1.29931264e-03  0.00000000e+00 
 1.30031264e-03 -2.46996530e+00  1.30031264e-03  0.00000000e+00 
 1.30131264e-03 -2.46695498e+00  1.30131264e-03  0.00000000e+00 
 1.30231264e-03 -2.46394833e+00  1.30231264e-03  0.00000000e+00 
 1.30331264e-03 -2.46094535e+00  1.30331264e-03  0.00000000e+00 
 1.30431264e-03 -2.45794602e+00  1.30431264e-03  0.00000000e+00 
 1.30531264e-03 -2.45495035e+00  1.30531264e-03  0.00000000e+00 
 1.30631264e-03 -2.45195834e+00  1.30631264e-03  0.00000000e+00 
 1.30731264e-03 -2.44896997e+00  1.30731264e-03  0.00000000e+00 
 1.30831264e-03 -2.44598524e+00  1.30831264e-03  0.00000000e+00 
 1.30931264e-03 -2.44300415e+00  1.30931264e-03  0.00000000e+00 
 1.31031264e-03 -2.44002669e+00  1.31031264e-03  0.00000000e+00 
 1.31131264e-03 -2.43705286e+00  1.31131264e-03  0.00000000e+00 
 1.31231264e-03 -2.43408265e+00  1.31231264e-03  0.00000000e+00 
 1.31331264e-03 -2.43111607e+00  1.31331264e-03  0.00000000e+00 
 1.31431264e-03 -2.42815310e+00  1.31431264e-03  0.00000000e+00 
 1.31531264e-03 -2.42519374e+00  1.31531264e-03  0.00000000e+00 
 1.31631264e-03 -2.42223799e+00  1.31631264e-03  0.00000000e+00 
 1.31731264e-03 -2.41928584e+00  1.31731264e-03  0.00000000e+00 
 1.31831264e-03 -2.41633729e+00  1.31831264e-03  0.00000000e+00 
 1.31931264e-03 -2.41339234e+00  1.31931264e-03  0.00000000e+00 
 1.32031264e-03 -2.41045097e+00  1.32031264e-03  0.00000000e+00 
 1.32131264e-03 -2.40751318e+00  1.32131264e-03  0.00000000e+00 
 1.32231264e-03 -2.40457898e+00  1.32231264e-03  0.00000000e+00 
 1.32331264e-03 -2.40164836e+00  1.32331264e-03  0.00000000e+00 
 1.32431264e-03 -2.39872130e+00  1.32431264e-03  0.00000000e+00 
 1.32531264e-03 -2.39579781e+00  1.32531264e-03  0.00000000e+00 
 1.32631264e-03 -2.39287789e+00  1.32631264e-03  0.00000000e+00 
 1.32731264e-03 -2.38996152e+00  1.32731264e-03  0.00000000e+00 
 1.32831264e-03 -2.38704871e+00  1.32831264e-03  0.00000000e+00 
 1.32931264e-03 -2.38413945e+00  1.32931264e-03  0.00000000e+00 
 1.33031264e-03 -2.38123374e+00  1.33031264e-03  0.00000000e+00 
 1.33131264e-03 -2.37833156e+00  1.33131264e-03  0.00000000e+00 
 1.33231264e-03 -2.37543293e+00  1.33231264e-03  0.00000000e+00 
 1.33331264e-03 -2.37253782e+00  1.33331264e-03  0.00000000e+00 
 1.33431264e-03 -2.36964625e+00  1.33431264e-03  0.00000000e+00 
 1.33531264e-03 -2.36675819e+00  1.33531264e-03  0.00000000e+00 
 1.33631264e-03 -2.36387366e+00  1.33631264e-03  0.00000000e+00 
 1.33731264e-03 -2.36099265e+00  1.33731264e-03  0.00000000e+00 
 1.33831264e-03 -2.35811514e+00  1.33831264e-03  0.00000000e+00 
 1.33931264e-03 -2.35524114e+00  1.33931264e-03  0.00000000e+00 
 1.34031264e-03 -2.35237065e+00  1.34031264e-03  0.00000000e+00 
 1.34131264e-03 -2.34950365e+00  1.34131264e-03  0.00000000e+00 
 1.34231264e-03 -2.34664015e+00  1.34231264e-03  0.00000000e+00 
 1.34331264e-03 -2.34378014e+00  1.34331264e-03  0.00000000e+00 
 1.34431264e-03 -2.34092361e+00  1.34431264e-03  0.00000000e+00 
 1.34531264e-03 -2.33807057e+00  1.34531264e-03  0.00000000e+00 
 1.34631264e-03 -2.33522100e+00  1.34631264e-03  0.00000000e+00 
 1.34731264e-03 -2.33237490e+00  1.34731264e-03  0.00000000e+00 
 1.34831264e-03 -2.32953228e+00  1.34831264e-03  0.00000000e+00 
 1.34931264e-03 -2.32669312e+00  1.34931264e-03  0.00000000e+00 
 1.35031264e-03 -2.32385741e+00  1.35031264e-03  0.00000000e+00 
 1.35131264e-03 -2.32102517e+00  1.35131264e-03  0.00000000e+00 
 1.35231264e-03 -2.31819637e+00  1.35231264e-03  0.00000000e+00 
 1.35331264e-03 -2.31537103e+00  1.35331264e-03  0.00000000e+00 
 1.35431264e-03 -2.31254913e+00  1.35431264e-03  0.00000000e+00 
 1.35531264e-03 -2.30973066e+00  1.35531264e-03  0.00000000e+00 
 1.35631264e-03 -2.30691563e+00  1.35631264e-03  0.00000000e+00 
 1.35731264e-03 -2.30410404e+00  1.35731264e-03  0.00000000e+00 
 1.35831264e-03 -2.30129587e+00  1.35831264e-03  0.00000000e+00 
 1.35931264e-03 -2.29849112e+00  1.35931264e-03  0.00000000e+00 
 1.36031264e-03 -2.29568979e+00  1.36031264e-03  0.00000000e+00 
 1.36131264e-03 -2.29289187e+00  1.36131264e-03  0.00000000e+00 
 1.36231264e-03 -2.29009737e+00  1.36231264e-03  0.00000000e+00 
 1.36331264e-03 -2.28730627e+00  1.36331264e-03  0.00000000e+00 
 1.36431264e-03 -2.28451857e+00  1.36431264e-03  0.00000000e+00 
 1.36531264e-03 -2.28173427e+00  1.36531264e-03  0.00000000e+00 
 1.36631264e-03 -2.27895336e+00  1.36631264e-03  0.00000000e+00 
 1.36731264e-03 -2.27617584e+00  1.36731264e-03  0.00000000e+00 
 1.36831264e-03 -2.27340171e+00  1.36831264e-03  0.00000000e+00 
 1.36931264e-03 -2.27063096e+00  1.36931264e-03  0.00000000e+00 
 1.37031264e-03 -2.26786358e+00  1.37031264e-03  0.00000000e+00 
 1.37131264e-03 -2.26509958e+00  1.37131264e-03  0.00000000e+00 
 1.37231264e-03 -2.26233895e+00  1.37231264e-03  0.00000000e+00 
 1.37331264e-03 -2.25958168e+00  1.37331264e-03  0.00000000e+00 
 1.37431264e-03 -2.25682777e+00  1.37431264e-03  0.00000000e+00 
 1.37531264e-03 -2.25407722e+00  1.37531264e-03  0.00000000e+00 
 1.37631264e-03 -2.25133002e+00  1.37631264e-03  0.00000000e+00 
 1.37731264e-03 -2.24858617e+00  1.37731264e-03  0.00000000e+00 
 1.37831264e-03 -2.24584566e+00  1.37831264e-03  0.00000000e+00 
 1.37931264e-03 -2.24310850e+00  1.37931264e-03  0.00000000e+00 
 1.38031264e-03 -2.24037466e+00  1.38031264e-03  0.00000000e+00 
 1.38131264e-03 -2.23764417e+00  1.38131264e-03  0.00000000e+00 
 1.38231264e-03 -2.23491699e+00  1.38231264e-03  0.00000000e+00 
 1.38331264e-03 -2.23219315e+00  1.38331264e-03  0.00000000e+00 
 1.38431264e-03 -2.22947262e+00  1.38431264e-03  0.00000000e+00 
 1.38531264e-03 -2.22675541e+00  1.38531264e-03  0.00000000e+00 
 1.38631264e-03 -2.22404151e+00  1.38631264e-03  0.00000000e+00 
 1.38731264e-03 -2.22133091e+00  1.38731264e-03  0.00000000e+00 
 1.38831264e-03 -2.21862362e+00  1.38831264e-03  0.00000000e+00 
 1.38931264e-03 -2.21591963e+00  1.38931264e-03  0.00000000e+00 
 1.39031264e-03 -2.21321894e+00  1.39031264e-03  0.00000000e+00 
 1.39131264e-03 -2.21052154e+00  1.39131264e-03  0.00000000e+00 
 1.39231264e-03 -2.20782742e+00  1.39231264e-03  0.00000000e+00 
 1.39331264e-03 -2.20513659e+00  1.39331264e-03  0.00000000e+00 
 1.39431264e-03 -2.20244904e+00  1.39431264e-03  0.00000000e+00 
 1.39531264e-03 -2.19976476e+00  1.39531264e-03  0.00000000e+00 
 1.39631264e-03 -2.19708376e+00  1.39631264e-03  0.00000000e+00 
 1.39731264e-03 -2.19440602e+00  1.39731264e-03  0.00000000e+00 
 1.39831264e-03 -2.19173154e+00  1.39831264e-03  0.00000000e+00 
 1.39931264e-03 -2.18906033e+00  1.39931264e-03  0.00000000e+00 
 1.40031264e-03 -2.18639237e+00  1.40031264e-03  0.00000000e+00 
 1.40131264e-03 -2.18372766e+00  1.40131264e-03  0.00000000e+00 
 1.40231264e-03 -2.18106620e+00  1.40231264e-03  0.00000000e+00 
 1.40331264e-03 -2.17840799e+00  1.40331264e-03  0.00000000e+00 
 1.40431264e-03 -2.17575301e+00  1.40431264e-03  0.00000000e+00 
 1.40531264e-03 -2.17310127e+00  1.40531264e-03  0.00000000e+00 
 1.40631264e-03 -2.17045276e+00  1.40631264e-03  0.00000000e+00 
 1.40731264e-03 -2.16780748e+00  1.40731264e-03  0.00000000e+00 
 1.40831264e-03 -2.16516542e+00  1.40831264e-03  0.00000000e+00 
 1.40931264e-03 -2.16252659e+00  1.40931264e-03  0.00000000e+00 
 1.41031264e-03 -2.15989097e+00  1.41031264e-03  0.00000000e+00 
 1.41131264e-03 -2.15725856e+00  1.41131264e-03  0.00000000e+00 
 1.41231264e-03 -2.15462936e+00  1.41231264e-03  0.00000000e+00 
 1.41331264e-03 -2.15200336e+00  1.41331264e-03  0.00000000e+00 
 1.41431264e-03 -2.14938057e+00  1.41431264e-03  0.00000000e+00 
 1.41531264e-03 -2.14676097e+00  1.41531264e-03  0.00000000e+00 
 1.41631264e-03 -2.14414456e+00  1.41631264e-03  0.00000000e+00 
 1.41731264e-03 -2.14153135e+00  1.41731264e-03  0.00000000e+00 
 1.41831264e-03 -2.13892132e+00  1.41831264e-03  0.00000000e+00 
 1.41931264e-03 -2.13631446e+00  1.41931264e-03  0.00000000e+00 
 1.42031264e-03 -2.13371079e+00  1.42031264e-03  0.00000000e+00 
 1.42131264e-03 -2.13111029e+00  1.42131264e-03  0.00000000e+00 
 1.42231264e-03 -2.12851296e+00  1.42231264e-03  0.00000000e+00 
 1.42331264e-03 -2.12591879e+00  1.42331264e-03  0.00000000e+00 
 1.42431264e-03 -2.12332779e+00  1.42431264e-03  0.00000000e+00 
 1.42531264e-03 -2.12073994e+00  1.42531264e-03  0.00000000e+00 
 1.42631264e-03 -2.11815525e+00  1.42631264e-03  0.00000000e+00 
 1.42731264e-03 -2.11557371e+00  1.42731264e-03  0.00000000e+00 
 1.42831264e-03 -2.11299531e+00  1.42831264e-03  0.00000000e+00 
 1.42931264e-03 -2.11042006e+00  1.42931264e-03  0.00000000e+00 
 1.43031264e-03 -2.10784794e+00  1.43031264e-03  0.00000000e+00 
 1.43131264e-03 -2.10527896e+00  1.43131264e-03  0.00000000e+00 
 1.43231264e-03 -2.10271312e+00  1.43231264e-03  0.00000000e+00 
 1.43331264e-03 -2.10015039e+00  1.43331264e-03  0.00000000e+00 
 1.43431264e-03 -2.09759080e+00  1.43431264e-03  0.00000000e+00 
 1.43531264e-03 -2.09503432e+00  1.43531264e-03  0.00000000e+00 
 1.43631264e-03 -2.09248095e+00  1.43631264e-03  0.00000000e+00 
 1.43731264e-03 -2.08993070e+00  1.43731264e-03  0.00000000e+00 
 1.43831264e-03 -2.08738356e+00  1.43831264e-03  0.00000000e+00 
 1.43931264e-03 -2.08483952e+00  1.43931264e-03  0.00000000e+00 
 1.44031264e-03 -2.08229858e+00  1.44031264e-03  0.00000000e+00 
 1.44131264e-03 -2.07976074e+00  1.44131264e-03  0.00000000e+00 
 1.44231264e-03 -2.07722599e+00  1.44231264e-03  0.00000000e+00 
 1.44331264e-03 -2.07469434e+00  1.44331264e-03  0.00000000e+00 
 1.44431264e-03 -2.07216576e+00  1.44431264e-03  0.00000000e+00 
 1.44531264e-03 -2.06964027e+00  1.44531264e-03  0.00000000e+00 
 1.44631264e-03 -2.06711786e+00  1.44631264e-03  0.00000000e+00 
 1.44731264e-03 -2.06459852e+00  1.44731264e-03  0.00000000e+00 
 1.44831264e-03 -2.06208225e+00  1.44831264e-03  0.00000000e+00 
 1.44931264e-03 -2.05956905e+00  1.44931264e-03  0.00000000e+00 
 1.45031264e-03 -2.05705891e+00  1.45031264e-03  0.00000000e+00 
 1.45131264e-03 -2.05455183e+00  1.45131264e-03  0.00000000e+00 
 1.45231264e-03 -2.05204781e+00  1.45231264e-03  0.00000000e+00 
 1.45331264e-03 -2.04954683e+00  1.45331264e-03  0.00000000e+00 
 1.45431264e-03 -2.04704891e+00  1.45431264e-03  0.00000000e+00 
 1.45531264e-03 -2.04455403e+00  1.45531264e-03  0.00000000e+00 
 1.45631264e-03 -2.04206219e+00  1.45631264e-03  0.00000000e+00 
 1.45731264e-03 -2.03957339e+00  1.45731264e-03  0.00000000e+00 
 1.45831264e-03 -2.03708762e+00  1.45831264e-03  0.00000000e+00 
 1.45931264e-03 -2.03460488e+00  1.45931264e-03  0.00000000e+00 
 1.46031264e-03 -2.03212517e+00  1.46031264e-03  0.00000000e+00 
 1.46131264e-03 -2.02964847e+00  1.46131264e-03  0.00000000e+00 
 1.46231264e-03 -2.02717480e+00  1.46231264e-03  0.00000000e+00 
 1.46331264e-03 -2.02470414e+00  1.46331264e-03  0.00000000e+00 
 1.46431264e-03 -2.02223650e+00  1.46431264e-03  0.00000000e+00 
 1.46531264e-03 -2.01977186e+00  1.46531264e-03  0.00000000e+00 
 1.46631264e-03 -2.01731022e+00  1.46631264e-03  0.00000000e+00 
 1.46731264e-03 -2.01485159e+00  1.46731264e-03  0.00000000e+00 
 1.46831264e-03 -2.01239595e+00  1.46831264e-03  0.00000000e+00 
 1.46931264e-03 -2.00994330e+00  1.46931264e-03  0.00000000e+00 
 1.47031264e-03 -2.00749365e+00  1.47031264e-03  0.00000000e+00 
 1.47131264e-03 -2.00504697e+00  1.47131264e-03  0.00000000e+00 
 1.47231264e-03 -2.00260329e+00  1.47231264e-03  0.00000000e+00 
 1.47331264e-03 -2.00016257e+00  1.47331264e-03  0.00000000e+00 
 1.47431264e-03 -1.99772484e+00  1.47431264e-03  0.00000000e+00 
 1.47531264e-03 -1.99529007e+00  1.47531264e-03  0.00000000e+00 
 1.47631264e-03 -1.99285828e+00  1.47631264e-03  0.00000000e+00 
 1.47731264e-03 -1.99042944e+00  1.47731264e-03  0.00000000e+00 
 1.47831264e-03 -1.98800357e+00  1.47831264e-03  0.00000000e+00 
 1.47931264e-03 -1.98558065e+00  1.47931264e-03  0.00000000e+00 
 1.48031264e-03 -1.98316069e+00  1.48031264e-03  0.00000000e+00 
 1.48131264e-03 -1.98074367e+00  1.48131264e-03  0.00000000e+00 
 1.48231264e-03 -1.97832960e+00  1.48231264e-03  0.00000000e+00 
 1.48331264e-03 -1.97591848e+00  1.48331264e-03  0.00000000e+00 
 1.48431264e-03 -1.97351029e+00  1.48431264e-03  0.00000000e+00 
 1.48531264e-03 -1.97110503e+00  1.48531264e-03  0.00000000e+00 
 1.48631264e-03 -1.96870271e+00  1.48631264e-03  0.00000000e+00 
 1.48731264e-03 -1.96630332e+00  1.48731264e-03  0.00000000e+00 
 1.48831264e-03 -1.96390685e+00  1.48831264e-03  0.00000000e+00 
 1.48931264e-03 -1.96151330e+00  1.48931264e-03  0.00000000e+00 
 1.49031264e-03 -1.95912267e+00  1.49031264e-03  0.00000000e+00 
 1.49131264e-03 -1.95673495e+00  1.49131264e-03  0.00000000e+00 
 1.49231264e-03 -1.95435014e+00  1.49231264e-03  0.00000000e+00 
 1.49331264e-03 -1.95196824e+00  1.49331264e-03  0.00000000e+00 
 1.49431264e-03 -1.94958924e+00  1.49431264e-03  0.00000000e+00 
 1.49531264e-03 -1.94721314e+00  1.49531264e-03  0.00000000e+00 
 1.49631264e-03 -1.94483994e+00  1.49631264e-03  0.00000000e+00 
 1.49731264e-03 -1.94246963e+00  1.49731264e-03  0.00000000e+00 
 1.49831264e-03 -1.94010221e+00  1.49831264e-03  0.00000000e+00 
 1.49931264e-03 -1.93773767e+00  1.49931264e-03  0.00000000e+00 
 1.50031264e-03 -1.93537602e+00  1.50031264e-03  0.00000000e+00 
 1.50131264e-03 -1.93301724e+00  1.50131264e-03  0.00000000e+00 
 1.50231264e-03 -1.93066134e+00  1.50231264e-03  0.00000000e+00 
 1.50331264e-03 -1.92830831e+00  1.50331264e-03  0.00000000e+00 
 1.50431264e-03 -1.92595815e+00  1.50431264e-03  0.00000000e+00 
 1.50531264e-03 -1.92361085e+00  1.50531264e-03  0.00000000e+00 
 1.50631264e-03 -1.92126641e+00  1.50631264e-03  0.00000000e+00 
 1.50731264e-03 -1.91892483e+00  1.50731264e-03  0.00000000e+00 
 1.50831264e-03 -1.91658610e+00  1.50831264e-03  0.00000000e+00 
 1.50931264e-03 -1.91425023e+00  1.50931264e-03  0.00000000e+00 
 1.51031264e-03 -1.91191720e+00  1.51031264e-03  0.00000000e+00 
 1.51131264e-03 -1.90958701e+00  1.51131264e-03  0.00000000e+00 
 1.51231264e-03 -1.90725967e+00  1.51231264e-03  0.00000000e+00 
 1.51331264e-03 -1.90493516e+00  1.51331264e-03  0.00000000e+00 
 1.51431264e-03 -1.90261348e+00  1.51431264e-03  0.00000000e+00 
 1.51531264e-03 -1.90029464e+00  1.51531264e-03  0.00000000e+00 
 1.51631264e-03 -1.89797862e+00  1.51631264e-03  0.00000000e+00 
 1.51731264e-03 -1.89566542e+00  1.51731264e-03  0.00000000e+00 
 1.51831264e-03 -1.89335504e+00  1.51831264e-03  0.00000000e+00 
 1.51931264e-03 -1.89104748e+00  1.51931264e-03  0.00000000e+00 
 1.52031264e-03 -1.88874273e+00  1.52031264e-03  0.00000000e+00 
 1.52131264e-03 -1.88644079e+00  1.52131264e-03  0.00000000e+00 
 1.52231264e-03 -1.88414165e+00  1.52231264e-03  0.00000000e+00 
 1.52331264e-03 -1.88184532e+00  1.52331264e-03  0.00000000e+00 
 1.52431264e-03 -1.87955178e+00  1.52431264e-03  0.00000000e+00 
 1.52531264e-03 -1.87726104e+00  1.52531264e-03  0.00000000e+00 
 1.52631264e-03 -1.87497310e+00  1.52631264e-03  0.00000000e+00 
 1.52731264e-03 -1.87268794e+00  1.52731264e-03  0.00000000e+00 
 1.52831264e-03 -1.87040556e+00  1.52831264e-03  0.00000000e+00 
 1.52931264e-03 -1.86812597e+00  1.52931264e-03  0.00000000e+00 
 1.53031264e-03 -1.86584916e+00  1.53031264e-03  0.00000000e+00 
 1.53131264e-03 -1.86357512e+00  1.53131264e-03  0.00000000e+00 
 1.53231264e-03 -1.86130385e+00  1.53231264e-03  0.00000000e+00 
 1.53331264e-03 -1.85903535e+00  1.53331264e-03  0.00000000e+00 
 1.53431264e-03 -1.85676961e+00  1.53431264e-03  0.00000000e+00 
 1.53531264e-03 -1.85450664e+00  1.53531264e-03  0.00000000e+00 
 1.53631264e-03 -1.85224643e+00  1.53631264e-03  0.00000000e+00 
 1.53731264e-03 -1.84998897e+00  1.53731264e-03  0.00000000e+00 
 1.53831264e-03 -1.84773426e+00  1.53831264e-03  0.00000000e+00 
 1.53931264e-03 -1.84548229e+00  1.53931264e-03  0.00000000e+00 
 1.54031264e-03 -1.84323308e+00  1.54031264e-03  0.00000000e+00 
 1.54131264e-03 -1.84098660e+00  1.54131264e-03  0.00000000e+00 
 1.54231264e-03 -1.83874287e+00  1.54231264e-03  0.00000000e+00 
 1.54331264e-03 -1.83650186e+00  1.54331264e-03  0.00000000e+00 
 1.54431264e-03 -1.83426359e+00  1.54431264e-03  0.00000000e+00 
 1.54531264e-03 -1.83202805e+00  1.54531264e-03  0.00000000e+00 
 1.54631264e-03 -1.82979523e+00  1.54631264e-03  0.00000000e+00 
 1.54731264e-03 -1.82756513e+00  1.54731264e-03  0.00000000e+00 
 1.54831264e-03 -1.82533775e+00  1.54831264e-03  0.00000000e+00 
 1.54931264e-03 -1.82311309e+00  1.54931264e-03  0.00000000e+00 
 1.55031264e-03 -1.82089113e+00  1.55031264e-03  0.00000000e+00 
 1.55131264e-03 -1.81867189e+00  1.55131264e-03  0.00000000e+00 
 1.55231264e-03 -1.81645534e+00  1.55231264e-03  0.00000000e+00 
 1.55331264e-03 -1.81424151e+00  1.55331264e-03  0.00000000e+00 
 1.55431264e-03 -1.81203036e+00  1.55431264e-03  0.00000000e+00 
 1.55531264e-03 -1.80982192e+00  1.55531264e-03  0.00000000e+00 
 1.55631264e-03 -1.80761616e+00  1.55631264e-03  0.00000000e+00 
 1.55731264e-03 -1.80541310e+00  1.55731264e-03  0.00000000e+00 
 1.55831264e-03 -1.80321271e+00  1.55831264e-03  0.00000000e+00 
 1.55931264e-03 -1.80101501e+00  1.55931264e-03  0.00000000e+00 
 1.56031264e-03 -1.79881999e+00  1.56031264e-03  0.00000000e+00 
 1.56131264e-03 -1.79662765e+00  1.56131264e-03  0.00000000e+00 
 1.56231264e-03 -1.79443797e+00  1.56231264e-03  0.00000000e+00 
 1.56331264e-03 -1.79225097e+00  1.56331264e-03  0.00000000e+00 
 1.56431264e-03 -1.79006663e+00  1.56431264e-03  0.00000000e+00 
 1.56531264e-03 -1.78788495e+00  1.56531264e-03  0.00000000e+00 
 1.56631264e-03 -1.78570593e+00  1.56631264e-03  0.00000000e+00 
 1.56731264e-03 -1.78352957e+00  1.56731264e-03  0.00000000e+00 
 1.56831264e-03 -1.78135586e+00  1.56831264e-03  0.00000000e+00 
 1.56931264e-03 -1.77918480e+00  1.56931264e-03  0.00000000e+00 
 1.57031264e-03 -1.77701638e+00  1.57031264e-03  0.00000000e+00 
 1.57131264e-03 -1.77485061e+00  1.57131264e-03  0.00000000e+00 
 1.57231264e-03 -1.77268747e+00  1.57231264e-03  0.00000000e+00 
 1.57331264e-03 -1.77052698e+00  1.57331264e-03  0.00000000e+00 
 1.57431264e-03 -1.76836911e+00  1.57431264e-03  0.00000000e+00 
 1.57531264e-03 -1.76621388e+00  1.57531264e-03  0.00000000e+00 
 1.57631264e-03 -1.76406127e+00  1.57631264e-03  0.00000000e+00 
 1.57731264e-03 -1.76191129e+00  1.57731264e-03  0.00000000e+00 
 1.57831264e-03 -1.75976393e+00  1.57831264e-03  0.00000000e+00 
 1.57931264e-03 -1.75761918e+00  1.57931264e-03  0.00000000e+00 
 1.58031264e-03 -1.75547705e+00  1.58031264e-03  0.00000000e+00 
 1.58131264e-03 -1.75333753e+00  1.58131264e-03  0.00000000e+00 
 1.58231264e-03 -1.75120062e+00  1.58231264e-03  0.00000000e+00 
 1.58331264e-03 -1.74906631e+00  1.58331264e-03  0.00000000e+00 
 1.58431264e-03 -1.74693460e+00  1.58431264e-03  0.00000000e+00 
 1.58531264e-03 -1.74480549e+00  1.58531264e-03  0.00000000e+00 
 1.58631264e-03 -1.74267897e+00  1.58631264e-03  0.00000000e+00 
 1.58731264e-03 -1.74055505e+00  1.58731264e-03  0.00000000e+00 
 1.58831264e-03 -1.73843372e+00  1.58831264e-03  0.00000000e+00 
 1.58931264e-03 -1.73631497e+00  1.58931264e-03  0.00000000e+00 
 1.59031264e-03 -1.73419880e+00  1.59031264e-03  0.00000000e+00 
 1.59131264e-03 -1.73208521e+00  1.59131264e-03  0.00000000e+00 
 1.59231264e-03 -1.72997420e+00  1.59231264e-03  0.00000000e+00 
 1.59331264e-03 -1.72786576e+00  1.59331264e-03  0.00000000e+00 
 1.59431264e-03 -1.72575989e+00  1.59431264e-03  0.00000000e+00 
 1.59531264e-03 -1.72365659e+00  1.59531264e-03  0.00000000e+00 
 1.59631264e-03 -1.72155585e+00  1.59631264e-03  0.00000000e+00 
 1.59731264e-03 -1.71945767e+00  1.59731264e-03  0.00000000e+00 
 1.59831264e-03 -1.71736205e+00  1.59831264e-03  0.00000000e+00 
 1.59931264e-03 -1.71526898e+00  1.59931264e-03  0.00000000e+00 
 1.60031264e-03 -1.71317846e+00  1.60031264e-03  0.00000000e+00 
 1.60131264e-03 -1.71109050e+00  1.60131264e-03  0.00000000e+00 
 1.60231264e-03 -1.70900507e+00  1.60231264e-03  0.00000000e+00 
 1.60331264e-03 -1.70692219e+00  1.60331264e-03  0.00000000e+00 
 1.60431264e-03 -1.70484185e+00  1.60431264e-03  0.00000000e+00 
 1.60531264e-03 -1.70276404e+00  1.60531264e-03  0.00000000e+00 
 1.60631264e-03 -1.70068876e+00  1.60631264e-03  0.00000000e+00 
 1.60731264e-03 -1.69861601e+00  1.60731264e-03  0.00000000e+00 
 1.60831264e-03 -1.69654579e+00  1.60831264e-03  0.00000000e+00 
 1.60931264e-03 -1.69447810e+00  1.60931264e-03  0.00000000e+00 
 1.61031264e-03 -1.69241292e+00  1.61031264e-03  0.00000000e+00 
 1.61131264e-03 -1.69035026e+00  1.61131264e-03  0.00000000e+00 
 1.61231264e-03 -1.68829011e+00  1.61231264e-03  0.00000000e+00 
 1.61331264e-03 -1.68623248e+00  1.61331264e-03  0.00000000e+00 
 1.61431264e-03 -1.68417735e+00  1.61431264e-03  0.00000000e+00 
 1.61531264e-03 -1.68212472e+00  1.61531264e-03  0.00000000e+00 
 1.61631264e-03 -1.68007460e+00  1.61631264e-03  0.00000000e+00 
 1.61731264e-03 -1.67802698e+00  1.61731264e-03  0.00000000e+00 
 1.61831264e-03 -1.67598185e+00  1.61831264e-03  0.00000000e+00 
 1.61931264e-03 -1.67393922e+00  1.61931264e-03  0.00000000e+00 
 1.62031264e-03 -1.67189907e+00  1.62031264e-03  0.00000000e+00 
 1.62131264e-03 -1.66986141e+00  1.62131264e-03  0.00000000e+00 
 1.62231264e-03 -1.66782624e+00  1.62231264e-03  0.00000000e+00 
 1.62331264e-03 -1.66579354e+00  1.62331264e-03  0.00000000e+00 
 1.62431264e-03 -1.66376333e+00  1.62431264e-03  0.00000000e+00 
 1.62531264e-03 -1.66173558e+00  1.62531264e-03  0.00000000e+00 
 1.62631264e-03 -1.65971031e+00  1.62631264e-03  0.00000000e+00 
 1.62731264e-03 -1.65768751e+00  1.62731264e-03  0.00000000e+00 
 1.62831264e-03 -1.65566717e+00  1.62831264e-03  0.00000000e+00 
 1.62931264e-03 -1.65364929e+00  1.62931264e-03  0.00000000e+00 
 1.63031264e-03 -1.65163388e+00  1.63031264e-03  0.00000000e+00 
 1.63131264e-03 -1.64962092e+00  1.63131264e-03  0.00000000e+00 
 1.63231264e-03 -1.64761041e+00  1.63231264e-03  0.00000000e+00 
 1.63331264e-03 -1.64560235e+00  1.63331264e-03  0.00000000e+00 
 1.63431264e-03 -1.64359674e+00  1.63431264e-03  0.00000000e+00 
 1.63531264e-03 -1.64159358e+00  1.63531264e-03  0.00000000e+00 
 1.63631264e-03 -1.63959286e+00  1.63631264e-03  0.00000000e+00 
 1.63731264e-03 -1.63759457e+00  1.63731264e-03  0.00000000e+00 
 1.63831264e-03 -1.63559872e+00  1.63831264e-03  0.00000000e+00 
 1.63931264e-03 -1.63360530e+00  1.63931264e-03  0.00000000e+00 
 1.64000000e-03 -1.63223652e+00  1.64000000e-03  0.00000000e+00 
 1.64000010e-03 -1.13223638e+00  1.64000010e-03  5.00000000e-01 
 1.64000030e-03 -1.32236225e-01  1.64000030e-03  1.50000000e+00 
 1.64000070e-03  1.86776335e+00  1.64000070e-03  3.50000000e+00 
 1.64000100e-03  3.36776239e+00  1.64000100e-03  5.00000000e+00 
 1.64000108e-03  3.36776206e+00  1.64000108e-03  5.00000000e+00 
 1.64000124e-03  3.36776141e+00  1.64000124e-03  5.00000000e+00 
 1.64000156e-03  3.36776009e+00  1.64000156e-03  5.00000000e+00 
 1.64000220e-03  3.36775747e+00  1.64000220e-03  5.00000000e+00 
 1.64000348e-03  3.36775221e+00  1.64000348e-03  5.00000000e+00 
 1.64000604e-03  3.36774169e+00  1.64000604e-03  5.00000000e+00 
 1.64001116e-03  3.36772067e+00  1.64001116e-03  5.00000000e+00 
 1.64002140e-03  3.36767861e+00  1.64002140e-03  5.00000000e+00 
 1.64004188e-03  3.36759450e+00  1.64004188e-03  5.00000000e+00 
 1.64008284e-03  3.36742629e+00  1.64008284e-03  5.00000000e+00 
 1.64016476e-03  3.36708989e+00  1.64016476e-03  5.00000000e+00 
 1.64032860e-03  3.36641720e+00  1.64032860e-03  5.00000000e+00 
 1.64065628e-03  3.36507222e+00  1.64065628e-03  5.00000000e+00 
 1.64131164e-03  3.36238386e+00  1.64131164e-03  5.00000000e+00 
 1.64231164e-03  3.35828589e+00  1.64231164e-03  5.00000000e+00 
 1.64331164e-03  3.35419291e+00  1.64331164e-03  5.00000000e+00 
 1.64431164e-03  3.35010493e+00  1.64431164e-03  5.00000000e+00 
 1.64531164e-03  3.34602192e+00  1.64531164e-03  5.00000000e+00 
 1.64631164e-03  3.34194390e+00  1.64631164e-03  5.00000000e+00 
 1.64731164e-03  3.33787084e+00  1.64731164e-03  5.00000000e+00 
 1.64831164e-03  3.33380274e+00  1.64831164e-03  5.00000000e+00 
 1.64931164e-03  3.32973961e+00  1.64931164e-03  5.00000000e+00 
 1.65031164e-03  3.32568143e+00  1.65031164e-03  5.00000000e+00 
 1.65131164e-03  3.32162819e+00  1.65131164e-03  5.00000000e+00 
 1.65231164e-03  3.31757989e+00  1.65231164e-03  5.00000000e+00 
 1.65331164e-03  3.31353653e+00  1.65331164e-03  5.00000000e+00 
 1.65431164e-03  3.30949809e+00  1.65431164e-03  5.00000000e+00 
 1.65531164e-03  3.30546458e+00  1.65531164e-03  5.00000000e+00 
 1.65631164e-03  3.30143598e+00  1.65631164e-03  5.00000000e+00 
 1.65731164e-03  3.29741229e+00  1.65731164e-03  5.00000000e+00 
 1.65831164e-03  3.29339351e+00  1.65831164e-03  5.00000000e+00 
 1.65931164e-03  3.28937962e+00  1.65931164e-03  5.00000000e+00 
 1.66031164e-03  3.28537063e+00  1.66031164e-03  5.00000000e+00 
 1.66131164e-03  3.28136652e+00  1.66131164e-03  5.00000000e+00 
 1.66231164e-03  3.27736729e+00  1.66231164e-03  5.00000000e+00 
 1.66331164e-03  3.27337294e+00  1.66331164e-03  5.00000000e+00 
 1.66431164e-03  3.26938345e+00  1.66431164e-03  5.00000000e+00 
 1.66531164e-03  3.26539883e+00  1.66531164e-03  5.00000000e+00 
 1.66631164e-03  3.26141906e+00  1.66631164e-03  5.00000000e+00 
 1.66731164e-03  3.25744414e+00  1.66731164e-03  5.00000000e+00 
 1.66831164e-03  3.25347407e+00  1.66831164e-03  5.00000000e+00 
 1.66931164e-03  3.24950884e+00  1.66931164e-03  5.00000000e+00 
 1.67031164e-03  3.24554844e+00  1.67031164e-03  5.00000000e+00 
 1.67131164e-03  3.24159286e+00  1.67131164e-03  5.00000000e+00 
 1.67231164e-03  3.23764211e+00  1.67231164e-03  5.00000000e+00 
 1.67331164e-03  3.23369617e+00  1.67331164e-03  5.00000000e+00 
 1.67431164e-03  3.22975504e+00  1.67431164e-03  5.00000000e+00 
 1.67531164e-03  3.22581872e+00  1.67531164e-03  5.00000000e+00 
 1.67631164e-03  3.22188719e+00  1.67631164e-03  5.00000000e+00 
 1.67731164e-03  3.21796045e+00  1.67731164e-03  5.00000000e+00 
 1.67831164e-03  3.21403850e+00  1.67831164e-03  5.00000000e+00 
 1.67931164e-03  3.21012133e+00  1.67931164e-03  5.00000000e+00 
 1.68031164e-03  3.20620894e+00  1.68031164e-03  5.00000000e+00 
 1.68131164e-03  3.20230131e+00  1.68131164e-03  5.00000000e+00 
 1.68231164e-03  3.19839844e+00  1.68231164e-03  5.00000000e+00 
 1.68331164e-03  3.19450033e+00  1.68331164e-03  5.00000000e+00 
 1.68431164e-03  3.19060698e+00  1.68431164e-03  5.00000000e+00 
 1.68531164e-03  3.18671836e+00  1.68531164e-03  5.00000000e+00 
 1.68631164e-03  3.18283449e+00  1.68631164e-03  5.00000000e+00 
 1.68731164e-03  3.17895535e+00  1.68731164e-03  5.00000000e+00 
 1.68831164e-03  3.17508094e+00  1.68831164e-03  5.00000000e+00 
 1.68931164e-03  3.17121125e+00  1.68931164e-03  5.00000000e+00 
 1.69031164e-03  3.16734627e+00  1.69031164e-03  5.00000000e+00 
 1.69131164e-03  3.16348601e+00  1.69131164e-03  5.00000000e+00 
 1.69231164e-03  3.15963045e+00  1.69231164e-03  5.00000000e+00 
 1.69331164e-03  3.15577959e+00  1.69331164e-03  5.00000000e+00 
 1.69431164e-03  3.15193342e+00  1.69431164e-03  5.00000000e+00 
 1.69531164e-03  3.14809194e+00  1.69531164e-03  5.00000000e+00 
 1.69631164e-03  3.14425515e+00  1.69631164e-03  5.00000000e+00 
 1.69731164e-03  3.14042303e+00  1.69731164e-03  5.00000000e+00 
 1.69831164e-03  3.13659558e+00  1.69831164e-03  5.00000000e+00 
 1.69931164e-03  3.13277279e+00  1.69931164e-03  5.00000000e+00 
 1.70031164e-03  3.12895466e+00  1.70031164e-03  5.00000000e+00 
 1.70131164e-03  3.12514119e+00  1.70131164e-03  5.00000000e+00 
 1.70231164e-03  3.12133237e+00  1.70231164e-03  5.00000000e+00 
 1.70331164e-03  3.11752818e+00  1.70331164e-03  5.00000000e+00 
 1.70431164e-03  3.11372864e+00  1.70431164e-03  5.00000000e+00 
 1.70531164e-03  3.10993372e+00  1.70531164e-03  5.00000000e+00 
 1.70631164e-03  3.10614343e+00  1.70631164e-03  5.00000000e+00 
 1.70731164e-03  3.10235776e+00  1.70731164e-03  5.00000000e+00 
 1.70831164e-03  3.09857670e+00  1.70831164e-03  5.00000000e+00 
 1.70931164e-03  3.09480025e+00  1.70931164e-03  5.00000000e+00 
 1.71031164e-03  3.09102840e+00  1.71031164e-03  5.00000000e+00 
 1.71131164e-03  3.08726115e+00  1.71131164e-03  5.00000000e+00 
 1.71231164e-03  3.08349850e+00  1.71231164e-03  5.00000000e+00 
 1.71331164e-03  3.07974042e+00  1.71331164e-03  5.00000000e+00 
 1.71431164e-03  3.07598693e+00  1.71431164e-03  5.00000000e+00 
 1.71531164e-03  3.07223801e+00  1.71531164e-03  5.00000000e+00 
 1.71631164e-03  3.06849366e+00  1.71631164e-03  5.00000000e+00 
 1.71731164e-03  3.06475388e+00  1.71731164e-03  5.00000000e+00 
 1.71831164e-03  3.06101865e+00  1.71831164e-03  5.00000000e+00 
 1.71931164e-03  3.05728798e+00  1.71931164e-03  5.00000000e+00 
 1.72031164e-03  3.05356185e+00  1.72031164e-03  5.00000000e+00 
 1.72131164e-03  3.04984026e+00  1.72131164e-03  5.00000000e+00 
 1.72231164e-03  3.04612321e+00  1.72231164e-03  5.00000000e+00 
 1.72331164e-03  3.04241069e+00  1.72331164e-03  5.00000000e+00 
 1.72431164e-03  3.03870270e+00  1.72431164e-03  5.00000000e+00 
 1.72531164e-03  3.03499922e+00  1.72531164e-03  5.00000000e+00 
 1.72631164e-03  3.03130026e+00  1.72631164e-03  5.00000000e+00 
 1.72731164e-03  3.02760580e+00  1.72731164e-03  5.00000000e+00 
 1.72831164e-03  3.02391585e+00  1.72831164e-03  5.00000000e+00 
 1.72931164e-03  3.02023039e+00  1.72931164e-03  5.00000000e+00 
 1.73031164e-03  3.01654943e+00  1.73031164e-03  5.00000000e+00 
 1.73131164e-03  3.01287295e+00  1.73131164e-03  5.00000000e+00 
 1.73231164e-03  3.00920096e+00  1.73231164e-03  5.00000000e+00 
 1.73331164e-03  3.00553344e+00  1.73331164e-03  5.00000000e+00 
 1.73431164e-03  3.00187038e+00  1.73431164e-03  5.00000000e+00 
 1.73531164e-03  2.99821180e+00  1.73531164e-03  5.00000000e+00 
 1.73631164e-03  2.99455767e+00  1.73631164e-03  5.00000000e+00 
 1.73731164e-03  2.99090800e+00  1.73731164e-03  5.00000000e+00 
 1.73831164e-03  2.98726277e+00  1.73831164e-03  5.00000000e+00 
 1.73931164e-03  2.98362199e+00  1.73931164e-03  5.00000000e+00 
 1.74031164e-03  2.97998564e+00  1.74031164e-03  5.00000000e+00 
 1.74131164e-03  2.97635373e+00  1.74131164e-03  5.00000000e+00 
 1.74231164e-03  2.97272624e+00  1.74231164e-03  5.00000000e+00 
 1.74331164e-03  2.96910317e+00  1.74331164e-03  5.00000000e+00 
 1.74431164e-03  2.96548452e+00  1.74431164e-03  5.00000000e+00 
 1.74531164e-03  2.96187028e+00  1.74531164e-03  5.00000000e+00 
 1.74631164e-03  2.95826044e+00  1.74631164e-03  5.00000000e+00 
 1.74731164e-03  2.95465501e+00  1.74731164e-03  5.00000000e+00 
 1.74831164e-03  2.95105397e+00  1.74831164e-03  5.00000000e+00 
 1.74931164e-03  2.94745731e+00  1.74931164e-03  5.00000000e+00 
 1.75031164e-03  2.94386504e+00  1.75031164e-03  5.00000000e+00 
 1.75131164e-03  2.94027715e+00  1.75131164e-03  5.00000000e+00 
 1.75231164e-03  2.93669363e+00  1.75231164e-03  5.00000000e+00 
 1.75331164e-03  2.93311448e+00  1.75331164e-03  5.00000000e+00 
 1.75431164e-03  2.92953969e+00  1.75431164e-03  5.00000000e+00 
 1.75531164e-03  2.92596926e+00  1.75531164e-03  5.00000000e+00 
 1.75631164e-03  2.92240318e+00  1.75631164e-03  5.00000000e+00 
 1.75731164e-03  2.91884144e+00  1.75731164e-03  5.00000000e+00 
 1.75831164e-03  2.91528405e+00  1.75831164e-03  5.00000000e+00 
 1.75931164e-03  2.91173099e+00  1.75931164e-03  5.00000000e+00 
 1.76031164e-03  2.90818227e+00  1.76031164e-03  5.00000000e+00 
 1.76131164e-03  2.90463786e+00  1.76131164e-03  5.00000000e+00 
 1.76231164e-03  2.90109778e+00  1.76231164e-03  5.00000000e+00 
 1.76331164e-03  2.89756201e+00  1.76331164e-03  5.00000000e+00 
 1.76431164e-03  2.89403055e+00  1.76431164e-03  5.00000000e+00 
 1.76531164e-03  2.89050340e+00  1.76531164e-03  5.00000000e+00 
 1.76631164e-03  2.88698054e+00  1.76631164e-03  5.00000000e+00 
 1.76731164e-03  2.88346198e+00  1.76731164e-03  5.00000000e+00 
 1.76831164e-03  2.87994771e+00  1.76831164e-03  5.00000000e+00 
 1.76931164e-03  2.87643771e+00  1.76931164e-03  5.00000000e+00 
 1.77031164e-03  2.87293200e+00  1.77031164e-03  5.00000000e+00 
 1.77131164e-03  2.86943056e+00  1.77131164e-03  5.00000000e+00 
 1.77231164e-03  2.86593339e+00  1.77231164e-03  5.00000000e+00 
 1.77331164e-03  2.86244048e+00  1.77331164e-03  5.00000000e+00 
 1.77431164e-03  2.85895182e+00  1.77431164e-03  5.00000000e+00 
 1.77531164e-03  2.85546742e+00  1.77531164e-03  5.00000000e+00 
 1.77631164e-03  2.85198727e+00  1.77631164e-03  5.00000000e+00 
 1.77731164e-03  2.84851135e+00  1.77731164e-03  5.00000000e+00 
 1.77831164e-03  2.84503967e+00  1.77831164e-03  5.00000000e+00 
 1.77931164e-03  2.84157223e+00  1.77931164e-03  5.00000000e+00 
 1.78031164e-03  2.83810901e+00  1.78031164e-03  5.00000000e+00 
 1.78131164e-03  2.83465001e+00  1.78131164e-03  5.00000000e+00 
 1.78231164e-03  2.83119522e+00  1.78231164e-03  5.00000000e+00 
 1.78331164e-03  2.82774465e+00  1.78331164e-03  5.00000000e+00 
 1.78431164e-03  2.82429828e+00  1.78431164e-03  5.00000000e+00 
 1.78531164e-03  2.82085612e+00  1.78531164e-03  5.00000000e+00 
 1.78631164e-03  2.81741814e+00  1.78631164e-03  5.00000000e+00 
 1.78731164e-03  2.81398436e+00  1.78731164e-03  5.00000000e+00 
 1.78831164e-03  2.81055477e+00  1.78831164e-03  5.00000000e+00 
 1.78931164e-03  2.80712935e+00  1.78931164e-03  5.00000000e+00 
 1.79031164e-03  2.80370811e+00  1.79031164e-03  5.00000000e+00 
 1.79131164e-03  2.80029103e+00  1.79131164e-03  5.00000000e+00 
 1.79231164e-03  2.79687813e+00  1.79231164e-03  5.00000000e+00 
 1.79331164e-03  2.79346938e+00  1.79331164e-03  5.00000000e+00 
 1.79431164e-03  2.79006478e+00  1.79431164e-03  5.00000000e+00 
 1.79531164e-03  2.78666434e+00  1.79531164e-03  5.00000000e+00 
 1.79631164e-03  2.78326804e+00  1.79631164e-03  5.00000000e+00 
 1.79731164e-03  2.77987588e+00  1.79731164e-03  5.00000000e+00 
 1.79831164e-03  2.77648785e+00  1.79831164e-03  5.00000000e+00 
 1.79931164e-03  2.77310395e+00  1.79931164e-03  5.00000000e+00 
 1.80031164e-03  2.76972418e+00  1.80031164e-03  5.00000000e+00 
 1.80131164e-03  2.76634853e+00  1.80131164e-03  5.00000000e+00 
 1.80231164e-03  2.76297699e+00  1.80231164e-03  5.00000000e+00 
 1.80331164e-03  2.75960955e+00  1.80331164e-03  5.00000000e+00 
 1.80431164e-03  2.75624623e+00  1.80431164e-03  5.00000000e+00 
 1.80531164e-03  2.75288700e+00  1.80531164e-03  5.00000000e+00 
 1.80631164e-03  2.74953187e+00  1.80631164e-03  5.00000000e+00 
 1.80731164e-03  2.74618082e+00  1.80731164e-03  5.00000000e+00 
 1.80831164e-03  2.74283386e+00  1.80831164e-03  5.00000000e+00 
 1.80931164e-03  2.73949098e+00  1.80931164e-03  5.00000000e+00 
 1.81031164e-03  2.73615217e+00  1.81031164e-03  5.00000000e+00 
 1.81131164e-03  2.73281744e+00  1.81131164e-03  5.00000000e+00 
 1.81231164e-03  2.72948676e+00  1.81231164e-03  5.00000000e+00 
 1.81331164e-03  2.72616015e+00  1.81331164e-03  5.00000000e+00 
 1.81431164e-03  2.72283759e+00  1.81431164e-03  5.00000000e+00 
 1.81531164e-03  2.71951908e+00  1.81531164e-03  5.00000000e+00 
 1.81631164e-03  2.71620461e+00  1.81631164e-03  5.00000000e+00 
 1.81731164e-03  2.71289419e+00  1.81731164e-03  5.00000000e+00 
 1.81831164e-03  2.70958780e+00  1.81831164e-03  5.00000000e+00 
 1.81931164e-03  2.70628544e+00  1.81931164e-03  5.00000000e+00 
 1.82031164e-03  2.70298710e+00  1.82031164e-03  5.00000000e+00 
 1.82131164e-03  2.69969278e+00  1.82131164e-03  5.00000000e+00 
 1.82231164e-03  2.69640248e+00  1.82231164e-03  5.00000000e+00 
 1.82331164e-03  2.69311619e+00  1.82331164e-03  5.00000000e+00 
 1.82431164e-03  2.68983390e+00  1.82431164e-03  5.00000000e+00 
 1.82531164e-03  2.68655561e+00  1.82531164e-03  5.00000000e+00 
 1.82631164e-03  2.68328132e+00  1.82631164e-03  5.00000000e+00 
 1.82731164e-03  2.68001102e+00  1.82731164e-03  5.00000000e+00 
 1.82831164e-03  2.67674471e+00  1.82831164e-03  5.00000000e+00 
 1.82931164e-03  2.67348238e+00  1.82931164e-03  5.00000000e+00 
 1.83031164e-03  2.67022402e+00  1.83031164e-03  5.00000000e+00 
 1.83131164e-03  2.66696963e+00  1.83131164e-03  5.00000000e+00 
 1.83231164e-03  2.66371921e+00  1.83231164e-03  5.00000000e+00 
 1.83331164e-03  2.66047275e+00  1.83331164e-03  5.00000000e+00 
 1.83431164e-03  2.65723025e+00  1.83431164e-03  5.00000000e+00 
 1.83531164e-03  2.65399170e+00  1.83531164e-03  5.00000000e+00 
 1.83631164e-03  2.65075710e+00  1.83631164e-03  5.00000000e+00 
 1.83731164e-03  2.64752644e+00  1.83731164e-03  5.00000000e+00 
 1.83831164e-03  2.64429971e+00  1.83831164e-03  5.00000000e+00 
 1.83931164e-03  2.64107692e+00  1.83931164e-03  5.00000000e+00 
 1.84031164e-03  2.63785806e+00  1.84031164e-03  5.00000000e+00 
 1.84131164e-03  2.63464312e+00  1.84131164e-03  5.00000000e+00 
 1.84231164e-03  2.63143210e+00  1.84231164e-03  5.00000000e+00 
 1.84331164e-03  2.62822499e+00  1.84331164e-03  5.00000000e+00 
 1.84431164e-03  2.62502179e+00  1.84431164e-03  5.00000000e+00 
 1.84531164e-03  2.62182250e+00  1.84531164e-03  5.00000000e+00 
 1.84631164e-03  2.61862710e+00  1.84631164e-03  5.00000000e+00 
 1.84731164e-03  2.61543560e+00  1.84731164e-03  5.00000000e+00 
 1.84831164e-03  2.61224799e+00  1.84831164e-03  5.00000000e+00 
 1.84931164e-03  2.60906426e+00  1.84931164e-03  5.00000000e+00 
 1.85031164e-03  2.60588441e+00  1.85031164e-03  5.00000000e+00 
 1.85131164e-03  2.60270844e+00  1.85131164e-03  5.00000000e+00 
 1.85231164e-03  2.59953634e+00  1.85231164e-03  5.00000000e+00 
 1.85331164e-03  2.59636811e+00  1.85331164e-03  5.00000000e+00 
 1.85431164e-03  2.59320373e+00  1.85431164e-03  5.00000000e+00 
 1.85531164e-03  2.59004322e+00  1.85531164e-03  5.00000000e+00 
 1.85631164e-03  2.58688655e+00  1.85631164e-03  5.00000000e+00 
 1.85731164e-03  2.58373374e+00  1.85731164e-03  5.00000000e+00 
 1.85831164e-03  2.58058476e+00  1.85831164e-03  5.00000000e+00 
 1.85931164e-03  2.57743962e+00  1.85931164e-03  5.00000000e+00 
 1.86031164e-03  2.57429832e+00  1.86031164e-03  5.00000000e+00 
 1.86131164e-03  2.57116085e+00  1.86131164e-03  5.00000000e+00 
 1.86231164e-03  2.56802719e+00  1.86231164e-03  5.00000000e+00 
 1.86331164e-03  2.56489736e+00  1.86331164e-03  5.00000000e+00 
 1.86431164e-03  2.56177135e+00  1.86431164e-03  5.00000000e+00 
 1.86531164e-03  2.55864914e+00  1.86531164e-03  5.00000000e+00 
 1.86631164e-03  2.55553074e+00  1.86631164e-03  5.00000000e+00 
 1.86731164e-03  2.55241613e+00  1.86731164e-03  5.00000000e+00 
 1.86831164e-03  2.54930533e+00  1.86831164e-03  5.00000000e+00 
 1.86931164e-03  2.54619831e+00  1.86931164e-03  5.00000000e+00 
 1.87031164e-03  2.54309509e+00  1.87031164e-03  5.00000000e+00 
 1.87131164e-03  2.53999564e+00  1.87131164e-03  5.00000000e+00 
 1.87231164e-03  2.53689997e+00  1.87231164e-03  5.00000000e+00 
 1.87331164e-03  2.53380808e+00  1.87331164e-03  5.00000000e+00 
 1.87431164e-03  2.53071995e+00  1.87431164e-03  5.00000000e+00 
 1.87531164e-03  2.52763559e+00  1.87531164e-03  5.00000000e+00 
 1.87631164e-03  2.52455498e+00  1.87631164e-03  5.00000000e+00 
 1.87731164e-03  2.52147813e+00  1.87731164e-03  5.00000000e+00 
 1.87831164e-03  2.51840503e+00  1.87831164e-03  5.00000000e+00 
 1.87931164e-03  2.51533568e+00  1.87931164e-03  5.00000000e+00 
 1.88031164e-03  2.51227007e+00  1.88031164e-03  5.00000000e+00 
 1.88131164e-03  2.50920819e+00  1.88131164e-03  5.00000000e+00 
 1.88231164e-03  2.50615004e+00  1.88231164e-03  5.00000000e+00 
 1.88331164e-03  2.50309563e+00  1.88331164e-03  5.00000000e+00 
 1.88431164e-03  2.50004493e+00  1.88431164e-03  5.00000000e+00 
 1.88531164e-03  2.49699795e+00  1.88531164e-03  5.00000000e+00 
 1.88631164e-03  2.49395469e+00  1.88631164e-03  5.00000000e+00 
 1.88731164e-03  2.49091513e+00  1.88731164e-03  5.00000000e+00 
 1.88831164e-03  2.48787928e+00  1.88831164e-03  5.00000000e+00 
 1.88931164e-03  2.48484713e+00  1.88931164e-03  5.00000000e+00 
 1.89031164e-03  2.48181868e+00  1.89031164e-03  5.00000000e+00 
 1.89131164e-03  2.47879392e+00  1.89131164e-03  5.00000000e+00 
 1.89231164e-03  2.47577284e+00  1.89231164e-03  5.00000000e+00 
 1.89331164e-03  2.47275544e+00  1.89331164e-03  5.00000000e+00 
 1.89431164e-03  2.46974173e+00  1.89431164e-03  5.00000000e+00 
 1.89531164e-03  2.46673168e+00  1.89531164e-03  5.00000000e+00 
 1.89631164e-03  2.46372530e+00  1.89631164e-03  5.00000000e+00 
 1.89731164e-03  2.46072259e+00  1.89731164e-03  5.00000000e+00 
 1.89831164e-03  2.45772354e+00  1.89831164e-03  5.00000000e+00 
 1.89931164e-03  2.45472814e+00  1.89931164e-03  5.00000000e+00 
 1.90031164e-03  2.45173640e+00  1.90031164e-03  5.00000000e+00 
 1.90131164e-03  2.44874830e+00  1.90131164e-03  5.00000000e+00 
 1.90231164e-03  2.44576384e+00  1.90231164e-03  5.00000000e+00 
 1.90331164e-03  2.44278302e+00  1.90331164e-03  5.00000000e+00 
 1.90431164e-03  2.43980583e+00  1.90431164e-03  5.00000000e+00 
 1.90531164e-03  2.43683227e+00  1.90531164e-03  5.00000000e+00 
 1.90631164e-03  2.43386233e+00  1.90631164e-03  5.00000000e+00 
 1.90731164e-03  2.43089602e+00  1.90731164e-03  5.00000000e+00 
 1.90831164e-03  2.42793331e+00  1.90831164e-03  5.00000000e+00 
 1.90931164e-03  2.42497422e+00  1.90931164e-03  5.00000000e+00 
 1.91031164e-03  2.42201874e+00  1.91031164e-03  5.00000000e+00 
 1.91131164e-03  2.41906686e+00  1.91131164e-03  5.00000000e+00 
 1.91231164e-03  2.41611858e+00  1.91231164e-03  5.00000000e+00 
 1.91331164e-03  2.41317389e+00  1.91331164e-03  5.00000000e+00 
 1.91431164e-03  2.41023278e+00  1.91431164e-03  5.00000000e+00 
 1.91531164e-03  2.40729527e+00  1.91531164e-03  5.00000000e+00 
 1.91631164e-03  2.40436133e+00  1.91631164e-03  5.00000000e+00 
 1.91731164e-03  2.40143097e+00  1.91731164e-03  5.00000000e+00 
 1.91831164e-03  2.39850418e+00  1.91831164e-03  5.00000000e+00 
 1.91931164e-03  2.39558096e+00  1.91931164e-03  5.00000000e+00 
 1.92031164e-03  2.39266130e+00  1.92031164e-03  5.00000000e+00 
 1.92131164e-03  2.38974519e+00  1.92131164e-03  5.00000000e+00 
 1.92231164e-03  2.38683265e+00  1.92231164e-03  5.00000000e+00 
 1.92331164e-03  2.38392365e+00  1.92331164e-03  5.00000000e+00 
 1.92431164e-03  2.38101820e+00  1.92431164e-03  5.00000000e+00 
 1.92531164e-03  2.37811629e+00  1.92531164e-03  5.00000000e+00 
 1.92631164e-03  2.37521791e+00  1.92631164e-03  5.00000000e+00 
 1.92731164e-03  2.37232307e+00  1.92731164e-03  5.00000000e+00 
 1.92831164e-03  2.36943176e+00  1.92831164e-03  5.00000000e+00 
 1.92931164e-03  2.36654397e+00  1.92931164e-03  5.00000000e+00 
 1.93031164e-03  2.36365969e+00  1.93031164e-03  5.00000000e+00 
 1.93131164e-03  2.36077894e+00  1.93131164e-03  5.00000000e+00 
 1.93231164e-03  2.35790170e+00  1.93231164e-03  5.00000000e+00 
 1.93331164e-03  2.35502796e+00  1.93331164e-03  5.00000000e+00 
 1.93431164e-03  2.35215772e+00  1.93431164e-03  5.00000000e+00 
 1.93531164e-03  2.34929099e+00  1.93531164e-03  5.00000000e+00 
 1.93631164e-03  2.34642774e+00  1.93631164e-03  5.00000000e+00 
 1.93731164e-03  2.34356799e+00  1.93731164e-03  5.00000000e+00 
 1.93831164e-03  2.34071172e+00  1.93831164e-03  5.00000000e+00 
 1.93931164e-03  2.33785893e+00  1.93931164e-03  5.00000000e+00 
 1.94031164e-03  2.33500962e+00  1.94031164e-03  5.00000000e+00 
 1.94131164e-03  2.33216379e+00  1.94131164e-03  5.00000000e+00 
 1.94231164e-03  2.32932142e+00  1.94231164e-03  5.00000000e+00 
 1.94331164e-03  2.32648251e+00  1.94331164e-03  5.00000000e+00 
 1.94431164e-03  2.32364707e+00  1.94431164e-03  5.00000000e+00 
 1.94531164e-03  2.32081508e+00  1.94531164e-03  5.00000000e+00 
 1.94631164e-03  2.31798654e+00  1.94631164e-03  5.00000000e+00 
 1.94731164e-03  2.31516145e+00  1.94731164e-03  5.00000000e+00 
 1.94831164e-03  2.31233980e+00  1.94831164e-03  5.00000000e+00 
 1.94931164e-03  2.30952160e+00  1.94931164e-03  5.00000000e+00 
 1.95031164e-03  2.30670682e+00  1.95031164e-03  5.00000000e+00 
 1.95131164e-03  2.30389548e+00  1.95131164e-03  5.00000000e+00 
 1.95231164e-03  2.30108756e+00  1.95231164e-03  5.00000000e+00 
 1.95331164e-03  2.29828307e+00  1.95331164e-03  5.00000000e+00 
 1.95431164e-03  2.29548199e+00  1.95431164e-03  5.00000000e+00 
 1.95531164e-03  2.29268433e+00  1.95531164e-03  5.00000000e+00 
 1.95631164e-03  2.28989008e+00  1.95631164e-03  5.00000000e+00 
 1.95731164e-03  2.28709923e+00  1.95731164e-03  5.00000000e+00 
 1.95831164e-03  2.28431178e+00  1.95831164e-03  5.00000000e+00 
 1.95931164e-03  2.28152774e+00  1.95931164e-03  5.00000000e+00 
 1.96031164e-03  2.27874708e+00  1.96031164e-03  5.00000000e+00 
 1.96131164e-03  2.27596981e+00  1.96131164e-03  5.00000000e+00 
 1.96231164e-03  2.27319593e+00  1.96231164e-03  5.00000000e+00 
 1.96331164e-03  2.27042543e+00  1.96331164e-03  5.00000000e+00 
 1.96431164e-03  2.26765831e+00  1.96431164e-03  5.00000000e+00 
 1.96531164e-03  2.26489456e+00  1.96531164e-03  5.00000000e+00 
 1.96631164e-03  2.26213417e+00  1.96631164e-03  5.00000000e+00 
 1.96731164e-03  2.25937715e+00  1.96731164e-03  5.00000000e+00 
 1.96831164e-03  2.25662349e+00  1.96831164e-03  5.00000000e+00 
 1.96931164e-03  2.25387319e+00  1.96931164e-03  5.00000000e+00 
 1.97031164e-03  2.25112624e+00  1.97031164e-03  5.00000000e+00 
 1.97131164e-03  2.24838264e+00  1.97131164e-03  5.00000000e+00 
 1.97231164e-03  2.24564238e+00  1.97231164e-03  5.00000000e+00 
 1.97331164e-03  2.24290546e+00  1.97331164e-03  5.00000000e+00 
 1.97431164e-03  2.24017187e+00  1.97431164e-03  5.00000000e+00 
 1.97531164e-03  2.23744162e+00  1.97531164e-03  5.00000000e+00 
 1.97631164e-03  2.23471470e+00  1.97631164e-03  5.00000000e+00 
 1.97731164e-03  2.23199110e+00  1.97731164e-03  5.00000000e+00 
 1.97831164e-03  2.22927082e+00  1.97831164e-03  5.00000000e+00 
 1.97931164e-03  2.22655385e+00  1.97931164e-03  5.00000000e+00 
 1.98031164e-03  2.22384019e+00  1.98031164e-03  5.00000000e+00 
 1.98131164e-03  2.22112985e+00  1.98131164e-03  5.00000000e+00 
 1.98231164e-03  2.21842280e+00  1.98231164e-03  5.00000000e+00 
 1.98331164e-03  2.21571906e+00  1.98331164e-03  5.00000000e+00 
 1.98431164e-03  2.21301861e+00  1.98431164e-03  5.00000000e+00 
 1.98531164e-03  2.21032145e+00  1.98531164e-03  5.00000000e+00 
 1.98631164e-03  2.20762758e+00  1.98631164e-03  5.00000000e+00 
 1.98731164e-03  2.20493699e+00  1.98731164e-03  5.00000000e+00 
 1.98831164e-03  2.20224968e+00  1.98831164e-03  5.00000000e+00 
 1.98931164e-03  2.19956565e+00  1.98931164e-03  5.00000000e+00 
 1.99031164e-03  2.19688488e+00  1.99031164e-03  5.00000000e+00 
 1.99131164e-03  2.19420739e+00  1.99131164e-03  5.00000000e+00 
 1.99231164e-03  2.19153316e+00  1.99231164e-03  5.00000000e+00 
 1.99331164e-03  2.18886218e+00  1.99331164e-03  5.00000000e+00 
 1.99431164e-03  2.18619447e+00  1.99431164e-03  5.00000000e+00 
 1.99531164e-03  2.18353000e+00  1.99531164e-03  5.00000000e+00 
 1.99631164e-03  2.18086878e+00  1.99631164e-03  5.00000000e+00 
 1.99731164e-03  2.17821081e+00  1.99731164e-03  5.00000000e+00 
 1.99831164e-03  2.17555607e+00  1.99831164e-03  5.00000000e+00 
 1.99931164e-03  2.17290457e+00  1.99931164e-03  5.00000000e+00 
 2.00031164e-03  2.17025630e+00  2.00031164e-03  5.00000000e+00 
 2.00131164e-03  2.16761126e+00  2.00131164e-03  5.00000000e+00 
 2.00231164e-03  2.16496944e+00  2.00231164e-03  5.00000000e+00 
 2.00331164e-03  2.16233084e+00  2.00331164e-03  5.00000000e+00 
 2.00431164e-03  2.15969546e+00  2.00431164e-03  5.00000000e+00 
 2.00531164e-03  2.15706329e+00  2.00531164e-03  5.00000000e+00 
 2.00631164e-03  2.15443433e+00  2.00631164e-03  5.00000000e+00 
 2.00731164e-03  2.15180857e+00  2.00731164e-03  5.00000000e+00 
 2.00831164e-03  2.14918602e+00  2.00831164e-03  5.00000000e+00 
 2.00931164e-03  2.14656665e+00  2.00931164e-03  5.00000000e+00 
 2.01031164e-03  2.14395049e+00  2.01031164e-03  5.00000000e+00 
 2.01131164e-03  2.14133750e+00  2.01131164e-03  5.00000000e+00 
 2.01231164e-03  2.13872771e+00  2.01231164e-03  5.00000000e+00 
 2.01331164e-03  2.13612109e+00  2.01331164e-03  5.00000000e+00 
 2.01431164e-03  2.13351766e+00  2.01431164e-03  5.00000000e+00 
 2.01531164e-03  2.13091739e+00  2.01531164e-03  5.00000000e+00 
 2.01631164e-03  2.12832029e+00  2.01631164e-03  5.00000000e+00 
 2.01731164e-03  2.12572636e+00  2.01731164e-03  5.00000000e+00 
 2.01831164e-03  2.12313559e+00  2.01831164e-03  5.00000000e+00 
 2.01931164e-03  2.12054798e+00  2.01931164e-03  5.00000000e+00 
 2.02031164e-03  2.11796352e+00  2.02031164e-03  5.00000000e+00 
 2.02131164e-03  2.11538222e+00  2.02131164e-03  5.00000000e+00 
 2.02231164e-03  2.11280405e+00  2.02231164e-03  5.00000000e+00 
 2.02331164e-03  2.11022903e+00  2.02331164e-03  5.00000000e+00 
 2.02431164e-03  2.10765715e+00  2.02431164e-03  5.00000000e+00 
 2.02531164e-03  2.10508840e+00  2.02531164e-03  5.00000000e+00 
 2.02631164e-03  2.10252279e+00  2.02631164e-03  5.00000000e+00 
 2.02731164e-03  2.09996030e+00  2.02731164e-03  5.00000000e+00 
 2.02831164e-03  2.09740093e+00  2.02831164e-03  5.00000000e+00 
 2.02931164e-03  2.09484468e+00  2.02931164e-03  5.00000000e+00 
 2.03031164e-03  2.09229155e+00  2.03031164e-03  5.00000000e+00 
 2.03131164e-03  2.08974153e+00  2.03131164e-03  5.00000000e+00 
 2.03231164e-03  2.08719462e+00  2.03231164e-03  5.00000000e+00 
 2.03331164e-03  2.08465081e+00  2.03331164e-03  5.00000000e+00 
 2.03431164e-03  2.08211010e+00  2.03431164e-03  5.00000000e+00 
 2.03531164e-03  2.07957249e+00  2.03531164e-03  5.00000000e+00 
 2.03631164e-03  2.07703797e+00  2.03631164e-03  5.00000000e+00 
 2.03731164e-03  2.07450654e+00  2.03731164e-03  5.00000000e+00 
 2.03831164e-03  2.07197820e+00  2.03831164e-03  5.00000000e+00 
 2.03931164e-03  2.06945294e+00  2.03931164e-03  5.00000000e+00 
 2.04031164e-03  2.06693075e+00  2.04031164e-03  5.00000000e+00 
 2.04131164e-03  2.06441164e+00  2.04131164e-03  5.00000000e+00 
 2.04231164e-03  2.06189560e+00  2.04231164e-03  5.00000000e+00 
 2.04331164e-03  2.05938262e+00  2.04331164e-03  5.00000000e+00 
 2.04431164e-03  2.05687271e+00  2.04431164e-03  5.00000000e+00 
 2.04531164e-03  2.05436586e+00  2.04531164e-03  5.00000000e+00 
 2.04631164e-03  2.05186206e+00  2.04631164e-03  5.00000000e+00 
 2.04731164e-03  2.04936132e+00  2.04731164e-03  5.00000000e+00 
 2.04831164e-03  2.04686362e+00  2.04831164e-03  5.00000000e+00 
 2.04931164e-03  2.04436896e+00  2.04931164e-03  5.00000000e+00 
 2.05000100e-03  2.04265102e+00  2.05000100e-03  5.00000000e+00 
 2.05000110e-03  1.54265083e+00  2.05000110e-03  4.50000000e+00 
 2.05000130e-03  5.42650577e-01  2.05000130e-03  3.50000000e+00 
 2.05000170e-03 -1.45734920e+00  2.05000170e-03  1.50000000e+00 
 2.05000200e-03 -2.95734839e+00  2.05000200e-03  0.00000000e+00 
 2.05000208e-03 -2.95734810e+00  2.05000208e-03  0.00000000e+00 
 2.05000224e-03 -2.95734753e+00  2.05000224e-03  0.00000000e+00 
 2.05000256e-03 -2.95734637e+00  2.05000256e-03  0.00000000e+00 
 2.05000320e-03 -2.95734406e+00  2.05000320e-03  0.00000000e+00 
 2.05000448e-03 -2.95733945e+00  2.05000448e-03  0.00000000e+00 
 2.05000704e-03 -2.95733021e+00  2.05000704e-03  0.00000000e+00 
 2.05001216e-03 -2.95731175e+00  2.05001216e-03  0.00000000e+00 
 2.05002240e-03 -2.95727482e+00  2.05002240e-03  0.00000000e+00 
 2.05004288e-03 -2.95720096e+00  2.05004288e-03  0.00000000e+00 
 2.05008384e-03 -2.95705325e+00  2.05008384e-03  0.00000000e+00 
 2.05016576e-03 -2.95675785e+00  2.05016576e-03  0.00000000e+00 
 2.05032960e-03 -2.95616713e+00  2.05032960e-03  0.00000000e+00 
 2.05065728e-03 -2.95498605e+00  2.05065728e-03  0.00000000e+00 
 2.05131264e-03 -2.95262531e+00  2.05131264e-03  0.00000000e+00 
 2.05231264e-03 -2.94902675e+00  2.05231264e-03  0.00000000e+00 
 2.05331264e-03 -2.94543256e+00  2.05331264e-03  0.00000000e+00 
 2.05431264e-03 -2.94184276e+00  2.05431264e-03  0.00000000e+00 
 2.05531264e-03 -2.93825733e+00  2.05531264e-03  0.00000000e+00 
 2.05631264e-03 -2.93467628e+00  2.05631264e-03  0.00000000e+00 
 2.05731264e-03 -2.93109959e+00  2.05731264e-03  0.00000000e+00 
 2.05831264e-03 -2.92752725e+00  2.05831264e-03  0.00000000e+00 
 2.05931264e-03 -2.92395927e+00  2.05931264e-03  0.00000000e+00 
 2.06031264e-03 -2.92039564e+00  2.06031264e-03  0.00000000e+00 
 2.06131264e-03 -2.91683635e+00  2.06131264e-03  0.00000000e+00 
 2.06231264e-03 -2.91328140e+00  2.06231264e-03  0.00000000e+00 
 2.06331264e-03 -2.90973079e+00  2.06331264e-03  0.00000000e+00 
 2.06431264e-03 -2.90618450e+00  2.06431264e-03  0.00000000e+00 
 2.06531264e-03 -2.90264253e+00  2.06531264e-03  0.00000000e+00 
 2.06631264e-03 -2.89910488e+00  2.06631264e-03  0.00000000e+00 
 2.06731264e-03 -2.89557154e+00  2.06731264e-03  0.00000000e+00 
 2.06831264e-03 -2.89204251e+00  2.06831264e-03  0.00000000e+00 
 2.06931264e-03 -2.88851777e+00  2.06931264e-03  0.00000000e+00 
 2.07031264e-03 -2.88499734e+00  2.07031264e-03  0.00000000e+00 
 2.07131264e-03 -2.88148119e+00  2.07131264e-03  0.00000000e+00 
 2.07231264e-03 -2.87796933e+00  2.07231264e-03  0.00000000e+00 
 2.07331264e-03 -2.87446175e+00  2.07331264e-03  0.00000000e+00 
 2.07431264e-03 -2.87095845e+00  2.07431264e-03  0.00000000e+00 
 2.07531264e-03 -2.86745941e+00  2.07531264e-03  0.00000000e+00 
 2.07631264e-03 -2.86396464e+00  2.07631264e-03  0.00000000e+00 
 2.07731264e-03 -2.86047413e+00  2.07731264e-03  0.00000000e+00 
 2.07831264e-03 -2.85698787e+00  2.07831264e-03  0.00000000e+00 
 2.07931264e-03 -2.85350586e+00  2.07931264e-03  0.00000000e+00 
 2.08031264e-03 -2.85002810e+00  2.08031264e-03  0.00000000e+00 
 2.08131264e-03 -2.84655457e+00  2.08131264e-03  0.00000000e+00 
 2.08231264e-03 -2.84308528e+00  2.08231264e-03  0.00000000e+00 
 2.08331264e-03 -2.83962022e+00  2.08331264e-03  0.00000000e+00 
 2.08431264e-03 -2.83615938e+00  2.08431264e-03  0.00000000e+00 
 2.08531264e-03 -2.83270275e+00  2.08531264e-03  0.00000000e+00 
 2.08631264e-03 -2.82925034e+00  2.08631264e-03  0.00000000e+00 
 2.08731264e-03 -2.82580214e+00  2.08731264e-03  0.00000000e+00 
 2.08831264e-03 -2.82235814e+00  2.08831264e-03  0.00000000e+00 
 2.08931264e-03 -2.81891834e+00  2.08931264e-03  0.00000000e+00 
 2.09031264e-03 -2.81548273e+00  2.09031264e-03  0.00000000e+00 
 2.09131264e-03 -2.81205130e+00  2.09131264e-03  0.00000000e+00 
 2.09231264e-03 -2.80862406e+00  2.09231264e-03  0.00000000e+00 
 2.09331264e-03 -2.80520100e+00  2.09331264e-03  0.00000000e+00 
 2.09431264e-03 -2.80178211e+00  2.09431264e-03  0.00000000e+00 
 2.09531264e-03 -2.79836738e+00  2.09531264e-03  0.00000000e+00 
 2.09631264e-03 -2.79495682e+00  2.09631264e-03  0.00000000e+00 
 2.09731264e-03 -2.79155041e+00  2.09731264e-03  0.00000000e+00 
 2.09831264e-03 -2.78814815e+00  2.09831264e-03  0.00000000e+00 
 2.09931264e-03 -2.78475005e+00  2.09931264e-03  0.00000000e+00 
 2.10031264e-03 -2.78135608e+00  2.10031264e-03  0.00000000e+00 
 2.10131264e-03 -2.77796625e+00  2.10131264e-03  0.00000000e+00 
 2.10231264e-03 -2.77458055e+00  2.10231264e-03  0.00000000e+00 
 2.10331264e-03 -2.77119898e+00  2.10331264e-03  0.00000000e+00 
 2.10431264e-03 -2.76782152e+00  2.10431264e-03  0.00000000e+00 
 2.10531264e-03 -2.76444819e+00  2.10531264e-03  0.00000000e+00 
 2.10631264e-03 -2.76107896e+00  2.10631264e-03  0.00000000e+00 
 2.10731264e-03 -2.75771385e+00  2.10731264e-03  0.00000000e+00 
 2.10831264e-03 -2.75435283e+00  2.10831264e-03  0.00000000e+00 
 2.10931264e-03 -2.75099591e+00  2.10931264e-03  0.00000000e+00 
 2.11031264e-03 -2.74764308e+00  2.11031264e-03  0.00000000e+00 
 2.11131264e-03 -2.74429434e+00  2.11131264e-03  0.00000000e+00 
 2.11231264e-03 -2.74094968e+00  2.11231264e-03  0.00000000e+00 
 2.11331264e-03 -2.73760909e+00  2.11331264e-03  0.00000000e+00 
 2.11431264e-03 -2.73427258e+00  2.11431264e-03  0.00000000e+00 
 2.11531264e-03 -2.73094013e+00  2.11531264e-03  0.00000000e+00 
 2.11631264e-03 -2.72761175e+00  2.11631264e-03  0.00000000e+00 
 2.11731264e-03 -2.72428742e+00  2.11731264e-03  0.00000000e+00 
 2.11831264e-03 -2.72096714e+00  2.11831264e-03  0.00000000e+00 
 2.11931264e-03 -2.71765091e+00  2.11931264e-03  0.00000000e+00 
 2.12031264e-03 -2.71433872e+00  2.12031264e-03  0.00000000e+00 
 2.12131264e-03 -2.71103057e+00  2.12131264e-03  0.00000000e+00 
 2.12231264e-03 -2.70772645e+00  2.12231264e-03  0.00000000e+00 
 2.12331264e-03 -2.70442636e+00  2.12331264e-03  0.00000000e+00 
 2.12431264e-03 -2.70113029e+00  2.12431264e-03  0.00000000e+00 
 2.12531264e-03 -2.69783823e+00  2.12531264e-03  0.00000000e+00 
 2.12631264e-03 -2.69455019e+00  2.12631264e-03  0.00000000e+00 
 2.12731264e-03 -2.69126616e+00  2.12731264e-03  0.00000000e+00 
 2.12831264e-03 -2.68798613e+00  2.12831264e-03  0.00000000e+00 
 2.12931264e-03 -2.68471009e+00  2.12931264e-03  0.00000000e+00 
 2.13031264e-03 -2.68143805e+00  2.13031264e-03  0.00000000e+00 
 2.13131264e-03 -2.67817000e+00  2.13131264e-03  0.00000000e+00 
 2.13231264e-03 -2.67490593e+00  2.13231264e-03  0.00000000e+00 
 2.13331264e-03 -2.67164583e+00  2.13331264e-03  0.00000000e+00 
 2.13431264e-03 -2.66838971e+00  2.13431264e-03  0.00000000e+00 
 2.13531264e-03 -2.66513756e+00  2.13531264e-03  0.00000000e+00 
 2.13631264e-03 -2.66188938e+00  2.13631264e-03  0.00000000e+00 
 2.13731264e-03 -2.65864515e+00  2.13731264e-03  0.00000000e+00 
 2.13831264e-03 -2.65540487e+00  2.13831264e-03  0.00000000e+00 
 2.13931264e-03 -2.65216855e+00  2.13931264e-03  0.00000000e+00 
 2.14031264e-03 -2.64893617e+00  2.14031264e-03  0.00000000e+00 
 2.14131264e-03 -2.64570773e+00  2.14131264e-03  0.00000000e+00 
 2.14231264e-03 -2.64248322e+00  2.14231264e-03  0.00000000e+00 
 2.14331264e-03 -2.63926264e+00  2.14331264e-03  0.00000000e+00 
 2.14431264e-03 -2.63604599e+00  2.14431264e-03  0.00000000e+00 
 2.14531264e-03 -2.63283326e+00  2.14531264e-03  0.00000000e+00 
 2.14631264e-03 -2.62962444e+00  2.14631264e-03  0.00000000e+00 
 2.14731264e-03 -2.62641954e+00  2.14731264e-03  0.00000000e+00 
 2.14831264e-03 -2.62321854e+00  2.14831264e-03  0.00000000e+00 
 2.14931264e-03 -2.62002144e+00  2.14931264e-03  0.00000000e+00 
 2.15031264e-03 -2.61682824e+00  2.15031264e-03  0.00000000e+00 
 2.15131264e-03 -2.61363893e+00  2.15131264e-03  0.00000000e+00 
 2.15231264e-03 -2.61045351e+00  2.15231264e-03  0.00000000e+00 
 2.15331264e-03 -2.60727197e+00  2.15331264e-03  0.00000000e+00 
 2.15431264e-03 -2.60409431e+00  2.15431264e-03  0.00000000e+00 
 2.15531264e-03 -2.60092052e+00  2.15531264e-03  0.00000000e+00 
 2.15631264e-03 -2.59775060e+00  2.15631264e-03  0.00000000e+00 
 2.15731264e-03 -2.59458454e+00  2.15731264e-03  0.00000000e+00 
 2.15831264e-03 -2.59142234e+00  2.15831264e-03  0.00000000e+00 
 2.15931264e-03 -2.58826399e+00  2.15931264e-03  0.00000000e+00 
 2.16031264e-03 -2.58510950e+00  2.16031264e-03  0.00000000e+00 
 2.16131264e-03 -2.58195885e+00  2.16131264e-03  0.00000000e+00 
 2.16231264e-03 -2.57881203e+00  2.16231264e-03  0.00000000e+00 
 2.16331264e-03 -2.57566906e+00  2.16331264e-03  0.00000000e+00 
 2.16431264e-03 -2.57252991e+00  2.16431264e-03  0.00000000e+00 
 2.16531264e-03 -2.56939459e+00  2.16531264e-03  0.00000000e+00 
 2.16631264e-03 -2.56626309e+00  2.16631264e-03  0.00000000e+00 
 2.16731264e-03 -2.56313541e+00  2.16731264e-03  0.00000000e+00 
 2.16831264e-03 -2.56001154e+00  2.16831264e-03  0.00000000e+00 
 2.16931264e-03 -2.55689148e+00  2.16931264e-03  0.00000000e+00 
 2.17031264e-03 -2.55377522e+00  2.17031264e-03  0.00000000e+00 
 2.17131264e-03 -2.55066276e+00  2.17131264e-03  0.00000000e+00 
 2.17231264e-03 -2.54755409e+00  2.17231264e-03  0.00000000e+00 
 2.17331264e-03 -2.54444921e+00  2.17331264e-03  0.00000000e+00 
 2.17431264e-03 -2.54134811e+00  2.17431264e-03  0.00000000e+00 
 2.17531264e-03 -2.53825080e+00  2.17531264e-03  0.00000000e+00 
 2.17631264e-03 -2.53515725e+00  2.17631264e-03  0.00000000e+00 
 2.17731264e-03 -2.53206748e+00  2.17731264e-03  0.00000000e+00 
 2.17831264e-03 -2.52898148e+00  2.17831264e-03  0.00000000e+00 
 2.17931264e-03 -2.52589923e+00  2.17931264e-03  0.00000000e+00 
 2.18031264e-03 -2.52282075e+00  2.18031264e-03  0.00000000e+00 
 2.18131264e-03 -2.51974601e+00  2.18131264e-03  0.00000000e+00 
 2.18231264e-03 -2.51667502e+00  2.18231264e-03  0.00000000e+00 
 2.18331264e-03 -2.51360778e+00  2.18331264e-03  0.00000000e+00 
 2.18431264e-03 -2.51054427e+00  2.18431264e-03  0.00000000e+00 
 2.18531264e-03 -2.50748449e+00  2.18531264e-03  0.00000000e+00 
 2.18631264e-03 -2.50442845e+00  2.18631264e-03  0.00000000e+00 
 2.18731264e-03 -2.50137613e+00  2.18731264e-03  0.00000000e+00 
 2.18831264e-03 -2.49832753e+00  2.18831264e-03  0.00000000e+00 
 2.18931264e-03 -2.49528265e+00  2.18931264e-03  0.00000000e+00 
 2.19031264e-03 -2.49224147e+00  2.19031264e-03  0.00000000e+00 
 2.19131264e-03 -2.48920401e+00  2.19131264e-03  0.00000000e+00 
 2.19231264e-03 -2.48617024e+00  2.19231264e-03  0.00000000e+00 
 2.19331264e-03 -2.48314017e+00  2.19331264e-03  0.00000000e+00 
 2.19431264e-03 -2.48011380e+00  2.19431264e-03  0.00000000e+00 
 2.19531264e-03 -2.47709111e+00  2.19531264e-03  0.00000000e+00 
 2.19631264e-03 -2.47407211e+00  2.19631264e-03  0.00000000e+00 
 2.19731264e-03 -2.47105679e+00  2.19731264e-03  0.00000000e+00 
 2.19831264e-03 -2.46804514e+00  2.19831264e-03  0.00000000e+00 
 2.19931264e-03 -2.46503717e+00  2.19931264e-03  0.00000000e+00 
 2.20031264e-03 -2.46203285e+00  2.20031264e-03  0.00000000e+00 
 2.20131264e-03 -2.45903220e+00  2.20131264e-03  0.00000000e+00 
 2.20231264e-03 -2.45603521e+00  2.20231264e-03  0.00000000e+00 
 2.20331264e-03 -2.45304187e+00  2.20331264e-03  0.00000000e+00 
 2.20431264e-03 -2.45005218e+00  2.20431264e-03  0.00000000e+00 
 2.20531264e-03 -2.44706613e+00  2.20531264e-03  0.00000000e+00 
 2.20631264e-03 -2.44408372e+00  2.20631264e-03  0.00000000e+00 
 2.20731264e-03 -2.44110495e+00  2.20731264e-03  0.00000000e+00 
 2.20831264e-03 -2.43812981e+00  2.20831264e-03  0.00000000e+00 
 2.20931264e-03 -2.43515829e+00  2.20931264e-03  0.00000000e+00 
 2.21031264e-03 -2.43219040e+00  2.21031264e-03  0.00000000e+00 
 2.21131264e-03 -2.42922612e+00  2.21131264e-03  0.00000000e+00 
 2.21231264e-03 -2.42626545e+00  2.21231264e-03  0.00000000e+00 
 2.21331264e-03 -2.42330839e+00  2.21331264e-03  0.00000000e+00 
 2.21431264e-03 -2.42035494e+00  2.21431264e-03  0.00000000e+00 
 2.21531264e-03 -2.41740509e+00  2.21531264e-03  0.00000000e+00 
 2.21631264e-03 -2.41445883e+00  2.21631264e-03  0.00000000e+00 
 2.21731264e-03 -2.41151616e+00  2.21731264e-03  0.00000000e+00 
 2.21831264e-03 -2.40857708e+00  2.21831264e-03  0.00000000e+00 
 2.21931264e-03 -2.40564158e+00  2.21931264e-03  0.00000000e+00 
 2.22031264e-03 -2.40270966e+00  2.22031264e-03  0.00000000e+00 
 2.22131264e-03 -2.39978131e+00  2.22131264e-03  0.00000000e+00 
 2.22231264e-03 -2.39685653e+00  2.22231264e-03  0.00000000e+00 
 2.22331264e-03 -2.39393532e+00  2.22331264e-03  0.00000000e+00 
 2.22431264e-03 -2.39101766e+00  2.22431264e-03  0.00000000e+00 
 2.22531264e-03 -2.38810356e+00  2.22531264e-03  0.00000000e+00 
 2.22631264e-03 -2.38519302e+00  2.22631264e-03  0.00000000e+00 
 2.22731264e-03 -2.38228602e+00  2.22731264e-03  0.00000000e+00 
 2.22831264e-03 -2.37938256e+00  2.22831264e-03  0.00000000e+00 
 2.22931264e-03 -2.37648264e+00  2.22931264e-03  0.00000000e+00 
 2.23031264e-03 -2.37358626e+00  2.23031264e-03  0.00000000e+00 
 2.23131264e-03 -2.37069341e+00  2.23131264e-03  0.00000000e+00 
 2.23231264e-03 -2.36780408e+00  2.23231264e-03  0.00000000e+00 
 2.23331264e-03 -2.36491827e+00  2.23331264e-03  0.00000000e+00 
 2.23431264e-03 -2.36203598e+00  2.23431264e-03  0.00000000e+00 
 2.23531264e-03 -2.35915721e+00  2.23531264e-03  0.00000000e+00 
 2.23631264e-03 -2.35628194e+00  2.23631264e-03  0.00000000e+00 
 2.23731264e-03 -2.35341018e+00  2.23731264e-03  0.00000000e+00 
 2.23831264e-03 -2.35054191e+00  2.23831264e-03  0.00000000e+00 
 2.23931264e-03 -2.34767715e+00  2.23931264e-03  0.00000000e+00 
 2.24031264e-03 -2.34481587e+00  2.24031264e-03  0.00000000e+00 
 2.24131264e-03 -2.34195808e+00  2.24131264e-03  0.00000000e+00 
 2.24231264e-03 -2.33910377e+00  2.24231264e-03  0.00000000e+00 
 2.24331264e-03 -2.33625295e+00  2.24331264e-03  0.00000000e+00 
 2.24431264e-03 -2.33340559e+00  2.24431264e-03  0.00000000e+00 
 2.24531264e-03 -2.33056171e+00  2.24531264e-03  0.00000000e+00 
 2.24631264e-03 -2.32772130e+00  2.24631264e-03  0.00000000e+00 
 2.24731264e-03 -2.32488434e+00  2.24731264e-03  0.00000000e+00 
 2.24831264e-03 -2.32205084e+00  2.24831264e-03  0.00000000e+00 
 2.24931264e-03 -2.31922080e+00  2.24931264e-03  0.00000000e+00 
 2.25031264e-03 -2.31639421e+00  2.25031264e-03  0.00000000e+00 
 2.25131264e-03 -2.31357106e+00  2.25131264e-03  0.00000000e+00 
 2.25231264e-03 -2.31075135e+00  2.25231264e-03  0.00000000e+00 
 2.25331264e-03 -2.30793507e+00  2.25331264e-03  0.00000000e+00 
 2.25431264e-03 -2.30512224e+00  2.25431264e-03  0.00000000e+00 
 2.25531264e-03 -2.30231282e+00  2.25531264e-03  0.00000000e+00 
 2.25631264e-03 -2.29950684e+00  2.25631264e-03  0.00000000e+00 
 2.25731264e-03 -2.29670427e+00  2.25731264e-03  0.00000000e+00 
 2.25831264e-03 -2.29390512e+00  2.25831264e-03  0.00000000e+00 
 2.25931264e-03 -2.29110938e+00  2.25931264e-03  0.00000000e+00 
 2.26031264e-03 -2.28831704e+00  2.26031264e-03  0.00000000e+00 
 2.26131264e-03 -2.28552811e+00  2.26131264e-03  0.00000000e+00 
 2.26231264e-03 -2.28274258e+00  2.26231264e-03  0.00000000e+00 
 2.26331264e-03 -2.27996045e+00  2.26331264e-03  0.00000000e+00 
 2.26431264e-03 -2.27718170e+00  2.26431264e-03  0.00000000e+00 
 2.26531264e-03 -2.27440634e+00  2.26531264e-03  0.00000000e+00 
 2.26631264e-03 -2.27163437e+00  2.26631264e-03  0.00000000e+00 
 2.26731264e-03 -2.26886577e+00  2.26731264e-03  0.00000000e+00 
 2.26831264e-03 -2.26610054e+00  2.26831264e-03  0.00000000e+00 
 2.26931264e-03 -2.26333869e+00  2.26931264e-03  0.00000000e+00 
 2.27031264e-03 -2.26058020e+00  2.27031264e-03  0.00000000e+00 
 2.27131264e-03 -2.25782508e+00  2.27131264e-03  0.00000000e+00 
 2.27231264e-03 -2.25507331e+00  2.27231264e-03  0.00000000e+00 
 2.27331264e-03 -2.25232490e+00  2.27331264e-03  0.00000000e+00 
 2.27431264e-03 -2.24957983e+00  2.27431264e-03  0.00000000e+00 
 2.27531264e-03 -2.24683812e+00  2.27531264e-03  0.00000000e+00 
 2.27631264e-03 -2.24409974e+00  2.27631264e-03  0.00000000e+00 
 2.27731264e-03 -2.24136470e+00  2.27731264e-03  0.00000000e+00 
 2.27831264e-03 -2.23863299e+00  2.27831264e-03  0.00000000e+00 
 2.27931264e-03 -2.23590462e+00  2.27931264e-03  0.00000000e+00 
 2.28031264e-03 -2.23317957e+00  2.28031264e-03  0.00000000e+00 
 2.28131264e-03 -2.23045784e+00  2.28131264e-03  0.00000000e+00 
 2.28231264e-03 -2.22773942e+00  2.28231264e-03  0.00000000e+00 
 2.28331264e-03 -2.22502432e+00  2.28331264e-03  0.00000000e+00 
 2.28431264e-03 -2.22231253e+00  2.28431264e-03  0.00000000e+00 
 2.28531264e-03 -2.21960405e+00  2.28531264e-03  0.00000000e+00 
 2.28631264e-03 -2.21689886e+00  2.28631264e-03  0.00000000e+00 
 2.28731264e-03 -2.21419697e+00  2.28731264e-03  0.00000000e+00 
 2.28831264e-03 -2.21149838e+00  2.28831264e-03  0.00000000e+00 
 2.28931264e-03 -2.20880307e+00  2.28931264e-03  0.00000000e+00 
 2.29031264e-03 -2.20611105e+00  2.29031264e-03  0.00000000e+00 
 2.29131264e-03 -2.20342231e+00  2.29131264e-03  0.00000000e+00 
 2.29231264e-03 -2.20073685e+00  2.29231264e-03  0.00000000e+00 
 2.29331264e-03 -2.19805466e+00  2.29331264e-03  0.00000000e+00 
 2.29431264e-03 -2.19537574e+00  2.29431264e-03  0.00000000e+00 
 2.29531264e-03 -2.19270008e+00  2.29531264e-03  0.00000000e+00 
 2.29631264e-03 -2.19002769e+00  2.29631264e-03  0.00000000e+00 
 2.29731264e-03 -2.18735855e+00  2.29731264e-03  0.00000000e+00 
 2.29831264e-03 -2.18469267e+00  2.29831264e-03  0.00000000e+00 
 2.29931264e-03 -2.18203003e+00  2.29931264e-03  0.00000000e+00 
 2.30031264e-03 -2.17937064e+00  2.30031264e-03  0.00000000e+00 
 2.30131264e-03 -2.17671449e+00  2.30131264e-03  0.00000000e+00 
 2.30231264e-03 -2.17406158e+00  2.30231264e-03  0.00000000e+00 
 2.30331264e-03 -2.17141190e+00  2.30331264e-03  0.00000000e+00 
 2.30431264e-03 -2.16876545e+00  2.30431264e-03  0.00000000e+00 
 2.30531264e-03 -2.16612222e+00  2.30531264e-03  0.00000000e+00 
 2.30631264e-03 -2.16348222e+00  2.30631264e-03  0.00000000e+00 
 2.30731264e-03 -2.16084544e+00  2.30731264e-03  0.00000000e+00 
 2.30831264e-03 -2.15821187e+00  2.30831264e-03  0.00000000e+00 
 2.30931264e-03 -2.15558150e+00  2.30931264e-03  0.00000000e+00 
 2.31031264e-03 -2.15295435e+00  2.31031264e-03  0.00000000e+00 
 2.31131264e-03 -2.15033039e+00  2.31131264e-03  0.00000000e+00 
 2.31231264e-03 -2.14770964e+00  2.31231264e-03  0.00000000e+00 
 2.31331264e-03 -2.14509208e+00  2.31331264e-03  0.00000000e+00 
 2.31431264e-03 -2.14247770e+00  2.31431264e-03  0.00000000e+00 
 2.31531264e-03 -2.13986652e+00  2.31531264e-03  0.00000000e+00 
 2.31631264e-03 -2.13725851e+00  2.31631264e-03  0.00000000e+00 
 2.31731264e-03 -2.13465369e+00  2.31731264e-03  0.00000000e+00 
 2.31831264e-03 -2.13205204e+00  2.31831264e-03  0.00000000e+00 
 2.31931264e-03 -2.12945356e+00  2.31931264e-03  0.00000000e+00 
 2.32031264e-03 -2.12685825e+00  2.32031264e-03  0.00000000e+00 
 2.32131264e-03 -2.12426610e+00  2.32131264e-03  0.00000000e+00 
 2.32231264e-03 -2.12167711e+00  2.32231264e-03  0.00000000e+00 
 2.32331264e-03 -2.11909128e+00  2.32331264e-03  0.00000000e+00 
 2.32431264e-03 -2.11650859e+00  2.32431264e-03  0.00000000e+00 
 2.32531264e-03 -2.11392906e+00  2.32531264e-03  0.00000000e+00 
 2.32631264e-03 -2.11135267e+00  2.32631264e-03  0.00000000e+00 
 2.32731264e-03 -2.10877942e+00  2.32731264e-03  0.00000000e+00 
 2.32831264e-03 -2.10620930e+00  2.32831264e-03  0.00000000e+00 
 2.32931264e-03 -2.10364232e+00  2.32931264e-03  0.00000000e+00 
 2.33031264e-03 -2.10107846e+00  2.33031264e-03  0.00000000e+00 
 2.33131264e-03 -2.09851773e+00  2.33131264e-03  0.00000000e+00 
 2.33231264e-03 -2.09596013e+00  2.33231264e-03  0.00000000e+00 
 2.33331264e-03 -2.09340563e+00  2.33331264e-03  0.00000000e+00 
 2.33431264e-03 -2.09085426e+00  2.33431264e-03  0.00000000e+00 
 2.33531264e-03 -2.08830599e+00  2.33531264e-03  0.00000000e+00 
 2.33631264e-03 -2.08576083e+00  2.33631264e-03  0.00000000e+00 
 2.33731264e-03 -2.08321876e+00  2.33731264e-03  0.00000000e+00 
 2.33831264e-03 -2.08067980e+00  2.33831264e-03  0.00000000e+00 
 2.33931264e-03 -2.07814393e+00  2.33931264e-03  0.00000000e+00 
 2.34031264e-03 -2.07561116e+00  2.34031264e-03  0.00000000e+00 
 2.34131264e-03 -2.07308147e+00  2.34131264e-03  0.00000000e+00 
 2.34231264e-03 -2.07055486e+00  2.34231264e-03  0.00000000e+00 
 2.34331264e-03 -2.06803133e+00  2.34331264e-03  0.00000000e+00 
 2.34431264e-03 -2.06551088e+00  2.34431264e-03  0.00000000e+00 
 2.34531264e-03 -2.06299350e+00  2.34531264e-03  0.00000000e+00 
 2.34631264e-03 -2.06047918e+00  2.34631264e-03  0.00000000e+00 
 2.34731264e-03 -2.05796794e+00  2.34731264e-03  0.00000000e+00 
 2.34831264e-03 -2.05545975e+00  2.34831264e-03  0.00000000e+00 
 2.34931264e-03 -2.05295462e+00  2.34931264e-03  0.00000000e+00 
 2.35031264e-03 -2.05045254e+00  2.35031264e-03  0.00000000e+00 
 2.35131264e-03 -2.04795351e+00  2.35131264e-03  0.00000000e+00 
 2.35231264e-03 -2.04545753e+00  2.35231264e-03  0.00000000e+00 
 2.35331264e-03 -2.04296459e+00  2.35331264e-03  0.00000000e+00 
 2.35431264e-03 -2.04047469e+00  2.35431264e-03  0.00000000e+00 
 2.35531264e-03 -2.03798782e+00  2.35531264e-03  0.00000000e+00 
 2.35631264e-03 -2.03550398e+00  2.35631264e-03  0.00000000e+00 
 2.35731264e-03 -2.03302317e+00  2.35731264e-03  0.00000000e+00 
 2.35831264e-03 -2.03054539e+00  2.35831264e-03  0.00000000e+00 
 2.35931264e-03 -2.02807062e+00  2.35931264e-03  0.00000000e+00 
 2.36031264e-03 -2.02559887e+00  2.36031264e-03  0.00000000e+00 
 2.36131264e-03 -2.02313014e+00  2.36131264e-03  0.00000000e+00 
 2.36231264e-03 -2.02066441e+00  2.36231264e-03  0.00000000e+00 
 2.36331264e-03 -2.01820168e+00  2.36331264e-03  0.00000000e+00 
 2.36431264e-03 -2.01574196e+00  2.36431264e-03  0.00000000e+00 
 2.36531264e-03 -2.01328524e+00  2.36531264e-03  0.00000000e+00 
 2.36631264e-03 -2.01083151e+00  2.36631264e-03  0.00000000e+00 
 2.36731264e-03 -2.00838077e+00  2.36731264e-03  0.00000000e+00 
 2.36831264e-03 -2.00593302e+00  2.36831264e-03  0.00000000e+00 
 2.36931264e-03 -2.00348825e+00  2.36931264e-03  0.00000000e+00 
 2.37031264e-03 -2.00104646e+00  2.37031264e-03  0.00000000e+00 
 2.37131264e-03 -1.99860765e+00  2.37131264e-03  0.00000000e+00 
 2.37231264e-03 -1.99617180e+00  2.37231264e-03  0.00000000e+00 
 2.37331264e-03 -1.99373893e+00  2.37331264e-03  0.00000000e+00 
 2.37431264e-03 -1.99130902e+00  2.37431264e-03  0.00000000e+00 
 2.37531264e-03 -1.98888208e+00  2.37531264e-03  0.00000000e+00 
 2.37631264e-03 -1.98645809e+00  2.37631264e-03  0.00000000e+00 
 2.37731264e-03 -1.98403706e+00  2.37731264e-03  0.00000000e+00 
 2.37831264e-03 -1.98161897e+00  2.37831264e-03  0.00000000e+00 
 2.37931264e-03 -1.97920384e+00  2.37931264e-03  0.00000000e+00 
 2.38031264e-03 -1.97679165e+00  2.38031264e-03  0.00000000e+00 
 2.38131264e-03 -1.97438239e+00  2.38131264e-03  0.00000000e+00 
 2.38231264e-03 -1.97197608e+00  2.38231264e-03  0.00000000e+00 
 2.38331264e-03 -1.96957269e+00  2.38331264e-03  0.00000000e+00 
 2.38431264e-03 -1.96717224e+00  2.38431264e-03  0.00000000e+00 
 2.38531264e-03 -1.96477471e+00  2.38531264e-03  0.00000000e+00 
 2.38631264e-03 -1.96238010e+00  2.38631264e-03  0.00000000e+00 
 2.38731264e-03 -1.95998842e+00  2.38731264e-03  0.00000000e+00 
 2.38831264e-03 -1.95759964e+00  2.38831264e-03  0.00000000e+00 
 2.38931264e-03 -1.95521378e+00  2.38931264e-03  0.00000000e+00 
 2.39031264e-03 -1.95283083e+00  2.39031264e-03  0.00000000e+00 
 2.39131264e-03 -1.95045078e+00  2.39131264e-03  0.00000000e+00 
 2.39231264e-03 -1.94807363e+00  2.39231264e-03  0.00000000e+00 
 2.39331264e-03 -1.94569938e+00  2.39331264e-03  0.00000000e+00 
 2.39431264e-03 -1.94332802e+00  2.39431264e-03  0.00000000e+00 
 2.39531264e-03 -1.94095955e+00  2.39531264e-03  0.00000000e+00 
 2.39631264e-03 -1.93859397e+00  2.39631264e-03  0.00000000e+00 
 2.39731264e-03 -1.93623127e+00  2.39731264e-03  0.00000000e+00 
 2.39831264e-03 -1.93387145e+00  2.39831264e-03  0.00000000e+00 
 2.39931264e-03 -1.93151451e+00  2.39931264e-03  0.00000000e+00 
 2.40031264e-03 -1.92916044e+00  2.40031264e-03  0.00000000e+00 
 2.40131264e-03 -1.92680924e+00  2.40131264e-03  0.00000000e+00 
 2.40231264e-03 -1.92446090e+00  2.40231264e-03  0.00000000e+00 
 2.40331264e-03 -1.92211543e+00  2.40331264e-03  0.00000000e+00 
 2.40431264e-03 -1.91977281e+00  2.40431264e-03  0.00000000e+00 
 2.40531264e-03 -1.91743306e+00  2.40531264e-03  0.00000000e+00 
 2.40631264e-03 -1.91509615e+00  2.40631264e-03  0.00000000e+00 
 2.40731264e-03 -1.91276209e+00  2.40731264e-03  0.00000000e+00 
 2.40831264e-03 -1.91043087e+00  2.40831264e-03  0.00000000e+00 
 2.40931264e-03 -1.90810250e+00  2.40931264e-03  0.00000000e+00 
 2.41031264e-03 -1.90577696e+00  2.41031264e-03  0.00000000e+00 
 2.41131264e-03 -1.90345426e+00  2.41131264e-03  0.00000000e+00 
 2.41231264e-03 -1.90113439e+00  2.41231264e-03  0.00000000e+00 
 2.41331264e-03 -1.89881735e+00  2.41331264e-03  0.00000000e+00 
 2.41431264e-03 -1.89650313e+00  2.41431264e-03  0.00000000e+00 
 2.41531264e-03 -1.89419173e+00  2.41531264e-03  0.00000000e+00 
 2.41631264e-03 -1.89188314e+00  2.41631264e-03  0.00000000e+00 
 2.41731264e-03 -1.88957738e+00  2.41731264e-03  0.00000000e+00 
 2.41831264e-03 -1.88727442e+00  2.41831264e-03  0.00000000e+00 
 2.41931264e-03 -1.88497427e+00  2.41931264e-03  0.00000000e+00 
 2.42031264e-03 -1.88267692e+00  2.42031264e-03  0.00000000e+00 
 2.42131264e-03 -1.88038237e+00  2.42131264e-03  0.00000000e+00 
 2.42231264e-03 -1.87809062e+00  2.42231264e-03  0.00000000e+00 
 2.42331264e-03 -1.87580166e+00  2.42331264e-03  0.00000000e+00 
 2.42431264e-03 -1.87351549e+00  2.42431264e-03  0.00000000e+00 
 2.42531264e-03 -1.87123211e+00  2.42531264e-03  0.00000000e+00 
 2.42631264e-03 -1.86895151e+00  2.42631264e-03  0.00000000e+00 
 2.42731264e-03 -1.86667369e+00  2.42731264e-03  0.00000000e+00 
 2.42831264e-03 -1.86439864e+00  2.42831264e-03  0.00000000e+00 
 2.42931264e-03 -1.86212637e+00  2.42931264e-03  0.00000000e+00 
 2.43031264e-03 -1.85985687e+00  2.43031264e-03  0.00000000e+00 
 2.43131264e-03 -1.85759013e+00  2.43131264e-03  0.00000000e+00 
 2.43231264e-03 -1.85532616e+00  2.43231264e-03  0.00000000e+00 
 2.43331264e-03 -1.85306495e+00  2.43331264e-03  0.00000000e+00 
 2.43431264e-03 -1.85080649e+00  2.43431264e-03  0.00000000e+00 
 2.43531264e-03 -1.84855078e+00  2.43531264e-03  0.00000000e+00 
 2.43631264e-03 -1.84629783e+00  2.43631264e-03  0.00000000e+00 
 2.43731264e-03 -1.84404761e+00  2.43731264e-03  0.00000000e+00 
 2.43831264e-03 -1.84180015e+00  2.43831264e-03  0.00000000e+00 
 2.43931264e-03 -1.83955542e+00  2.43931264e-03  0.00000000e+00 
 2.44031264e-03 -1.83731342e+00  2.44031264e-03  0.00000000e+00 
 2.44131264e-03 -1.83507416e+00  2.44131264e-03  0.00000000e+00 
 2.44231264e-03 -1.83283763e+00  2.44231264e-03  0.00000000e+00 
 2.44331264e-03 -1.83060383e+00  2.44331264e-03  0.00000000e+00 
 2.44431264e-03 -1.82837274e+00  2.44431264e-03  0.00000000e+00 
 2.44531264e-03 -1.82614438e+00  2.44531264e-03  0.00000000e+00 
 2.44631264e-03 -1.82391873e+00  2.44631264e-03  0.00000000e+00 
 2.44731264e-03 -1.82169579e+00  2.44731264e-03  0.00000000e+00 
 2.44831264e-03 -1.81947557e+00  2.44831264e-03  0.00000000e+00 
 2.44931264e-03 -1.81725805e+00  2.44931264e-03  0.00000000e+00 
 2.45031264e-03 -1.81504323e+00  2.45031264e-03  0.00000000e+00 
 2.45131264e-03 -1.81283111e+00  2.45131264e-03  0.00000000e+00 
 2.45231264e-03 -1.81062169e+00  2.45231264e-03  0.00000000e+00 
 2.45331264e-03 -1.80841496e+00  2.45331264e-03  0.00000000e+00 
 2.45431264e-03 -1.80621092e+00  2.45431264e-03  0.00000000e+00 
 2.45531264e-03 -1.80400957e+00  2.45531264e-03  0.00000000e+00 
 2.45631264e-03 -1.80181089e+00  2.45631264e-03  0.00000000e+00 
 2.45731264e-03 -1.79961490e+00  2.45731264e-03  0.00000000e+00 
 2.45831264e-03 -1.79742159e+00  2.45831264e-03  0.00000000e+00 
 2.45931264e-03 -1.79523095e+00  2.45931264e-03  0.00000000e+00 
 2.46000000e-03 -1.79372674e+00  2.46000000e-03  0.00000000e+00 
 2.46000010e-03 -1.29372658e+00  2.46000010e-03  5.00000000e-01 
 2.46000030e-03 -2.93726383e-01  2.46000030e-03  1.50000000e+00 
 2.46000070e-03  1.70627327e+00  2.46000070e-03  3.50000000e+00 
 2.46000100e-03  3.20627237e+00  2.46000100e-03  5.00000000e+00 
 2.46000108e-03  3.20627206e+00  2.46000108e-03  5.00000000e+00 
 2.46000124e-03  3.20627143e+00  2.46000124e-03  5.00000000e+00 
 2.46000156e-03  3.20627018e+00  2.46000156e-03  5.00000000e+00 
 2.46000220e-03  3.20626768e+00  2.46000220e-03  5.00000000e+00 
 2.46000348e-03  3.20626268e+00  2.46000348e-03  5.00000000e+00 
 2.46000604e-03  3.20625267e+00  2.46000604e-03  5.00000000e+00 
 2.46001116e-03  3.20623265e+00  2.46001116e-03  5.00000000e+00 
 2.46002140e-03  3.20619261e+00  2.46002140e-03  5.00000000e+00 
 2.46004188e-03  3.20611253e+00  2.46004188e-03  5.00000000e+00 
 2.46008284e-03  3.20595239e+00  2.46008284e-03  5.00000000e+00 
 2.46016476e-03  3.20563212e+00  2.46016476e-03  5.00000000e+00 
 2.46032860e-03  3.20499168e+00  2.46032860e-03  5.00000000e+00 
 2.46065628e-03  3.20371119e+00  2.46065628e-03  5.00000000e+00 
 2.46131164e-03  3.20115175e+00  2.46131164e-03  5.00000000e+00 
 2.46231164e-03  3.19725028e+00  2.46231164e-03  5.00000000e+00 
 2.46331164e-03  3.19335357e+00  2.46331164e-03  5.00000000e+00 
 2.46431164e-03  3.18946161e+00  2.46431164e-03  5.00000000e+00 
 2.46531164e-03  3.18557440e+00  2.46531164e-03  5.00000000e+00 
 2.46631164e-03  3.18169192e+00  2.46631164e-03  5.00000000e+00 
 2.46731164e-03  3.17781417e+00  2.46731164e-03  5.00000000e+00 
 2.46831164e-03  3.17394115e+00  2.46831164e-03  5.00000000e+00 
 2.46931164e-03  3.17007285e+00  2.46931164e-03  5.00000000e+00 
 2.47031164e-03  3.16620926e+00  2.47031164e-03  5.00000000e+00 
 2.47131164e-03  3.16235038e+00  2.47131164e-03  5.00000000e+00 
 2.47231164e-03  3.15849621e+00  2.47231164e-03  5.00000000e+00 
 2.47331164e-03  3.15464673e+00  2.47331164e-03  5.00000000e+00 
 2.47431164e-03  3.15080194e+00  2.47431164e-03  5.00000000e+00 
 2.47531164e-03  3.14696184e+00  2.47531164e-03  5.00000000e+00 
 2.47631164e-03  3.14312642e+00  2.47631164e-03  5.00000000e+00 
 2.47731164e-03  3.13929568e+00  2.47731164e-03  5.00000000e+00 
 2.47831164e-03  3.13546960e+00  2.47831164e-03  5.00000000e+00 
 2.47931164e-03  3.13164819e+00  2.47931164e-03  5.00000000e+00 
 2.48031164e-03  3.12783143e+00  2.48031164e-03  5.00000000e+00 
 2.48131164e-03  3.12401933e+00  2.48131164e-03  5.00000000e+00 
 2.48231164e-03  3.12021187e+00  2.48231164e-03  5.00000000e+00 
 2.48331164e-03  3.11640905e+00  2.48331164e-03  5.00000000e+00 
 2.48431164e-03  3.11261087e+00  2.48431164e-03  5.00000000e+00 
 2.48531164e-03  3.10881732e+00  2.48531164e-03  5.00000000e+00 
 2.48631164e-03  3.10502839e+00  2.48631164e-03  5.00000000e+00 
 2.48731164e-03  3.10124407e+00  2.48731164e-03  5.00000000e+00 
 2.48831164e-03  3.09746437e+00  2.48831164e-03  5.00000000e+00 
 2.48931164e-03  3.09368928e+00  2.48931164e-03  5.00000000e+00 
 2.49031164e-03  3.08991879e+00  2.49031164e-03  5.00000000e+00 
 2.49131164e-03  3.08615289e+00  2.49131164e-03  5.00000000e+00 
 2.49231164e-03  3.08239158e+00  2.49231164e-03  5.00000000e+00 
 2.49331164e-03  3.07863486e+00  2.49331164e-03  5.00000000e+00 
 2.49431164e-03  3.07488271e+00  2.49431164e-03  5.00000000e+00 
 2.49531164e-03  3.07113514e+00  2.49531164e-03  5.00000000e+00 
 2.49631164e-03  3.06739214e+00  2.49631164e-03  5.00000000e+00 
 2.49731164e-03  3.06365370e+00  2.49731164e-03  5.00000000e+00 
 2.49831164e-03  3.05991981e+00  2.49831164e-03  5.00000000e+00 
 2.49931164e-03  3.05619047e+00  2.49931164e-03  5.00000000e+00 
 2.50031164e-03  3.05246568e+00  2.50031164e-03  5.00000000e+00 
 2.50131164e-03  3.04874543e+00  2.50131164e-03  5.00000000e+00 
 2.50231164e-03  3.04502972e+00  2.50231164e-03  5.00000000e+00 
 2.50331164e-03  3.04131853e+00  2.50331164e-03  5.00000000e+00 
 2.50431164e-03  3.03761186e+00  2.50431164e-03  5.00000000e+00 
 2.50531164e-03  3.03390972e+00  2.50531164e-03  5.00000000e+00 
 2.50631164e-03  3.03021208e+00  2.50631164e-03  5.00000000e+00 
 2.50731164e-03  3.02651895e+00  2.50731164e-03  5.00000000e+00 
 2.50831164e-03  3.02283032e+00  2.50831164e-03  5.00000000e+00 
 2.50931164e-03  3.01914619e+00  2.50931164e-03  5.00000000e+00 
 2.51031164e-03  3.01546655e+00  2.51031164e-03  5.00000000e+00 
 2.51131164e-03  3.01179139e+00  2.51131164e-03  5.00000000e+00 
 2.51231164e-03  3.00812072e+00  2.51231164e-03  5.00000000e+00 
 2.51331164e-03  3.00445451e+00  2.51331164e-03  5.00000000e+00 
 2.51431164e-03  3.00079277e+00  2.51431164e-03  5.00000000e+00 
 2.51531164e-03  2.99713550e+00  2.51531164e-03  5.00000000e+00 
 2.51631164e-03  2.99348269e+00  2.51631164e-03  5.00000000e+00 
 2.51731164e-03  2.98983432e+00  2.51731164e-03  5.00000000e+00 
 2.51831164e-03  2.98619040e+00  2.51831164e-03  5.00000000e+00 
 2.51931164e-03  2.98255093e+00  2.51931164e-03  5.00000000e+00 
 2.52031164e-03  2.97891589e+00  2.52031164e-03  5.00000000e+00 
 2.52131164e-03  2.97528528e+00  2.52131164e-03  5.00000000e+00 
 2.52231164e-03  2.97165909e+00  2.52231164e-03  5.00000000e+00 
 2.52331164e-03  2.96803732e+00  2.52331164e-03  5.00000000e+00 
 2.52431164e-03  2.96441997e+00  2.52431164e-03  5.00000000e+00 
 2.52531164e-03  2.96080703e+00  2.52531164e-03  5.00000000e+00 
 2.52631164e-03  2.95719849e+00  2.52631164e-03  5.00000000e+00 
 2.52731164e-03  2.95359435e+00  2.52731164e-03  5.00000000e+00 
 2.52831164e-03  2.94999460e+00  2.52831164e-03  5.00000000e+00 
 2.52931164e-03  2.94639924e+00  2.52931164e-03  5.00000000e+00 
 2.53031164e-03  2.94280826e+00  2.53031164e-03  5.00000000e+00 
 2.53131164e-03  2.93922165e+00  2.53131164e-03  5.00000000e+00 
 2.53231164e-03  2.93563942e+00  2.53231164e-03  5.00000000e+00 
 2.53331164e-03  2.93206155e+00  2.53331164e-03  5.00000000e+00 
 2.53431164e-03  2.92848805e+00  2.53431164e-03  5.00000000e+00 
 2.53531164e-03  2.92491890e+00  2.53531164e-03  5.00000000e+00 
 2.53631164e-03  2.92135410e+00  2.53631164e-03  5.00000000e+00 
 2.53731164e-03  2.91779364e+00  2.53731164e-03  5.00000000e+00 
 2.53831164e-03  2.91423752e+00  2.53831164e-03  5.00000000e+00 
 2.53931164e-03  2.91068574e+00  2.53931164e-03  5.00000000e+00 
 2.54031164e-03  2.90713829e+00  2.54031164e-03  5.00000000e+00 
 2.54131164e-03  2.90359516e+00  2.54131164e-03  5.00000000e+00 
 2.54231164e-03  2.90005635e+00  2.54231164e-03  5.00000000e+00 
 2.54331164e-03  2.89652185e+00  2.54331164e-03  5.00000000e+00 
 2.54431164e-03  2.89299166e+00  2.54431164e-03  5.00000000e+00 
 2.54531164e-03  2.88946577e+00  2.54531164e-03  5.00000000e+00 
 2.54631164e-03  2.88594418e+00  2.54631164e-03  5.00000000e+00 
 2.54731164e-03  2.88242688e+00  2.54731164e-03  5.00000000e+00 
 2.54831164e-03  2.87891386e+00  2.54831164e-03  5.00000000e+00 
 2.54931164e-03  2.87540513e+00  2.54931164e-03  5.00000000e+00 
 2.55031164e-03  2.87190068e+00  2.55031164e-03  5.00000000e+00 
 2.55131164e-03  2.86840049e+00  2.55131164e-03  5.00000000e+00 
 2.55231164e-03  2.86490458e+00  2.55231164e-03  5.00000000e+00 
 2.55331164e-03  2.86141292e+00  2.55331164e-03  5.00000000e+00 
 2.55431164e-03  2.85792552e+00  2.55431164e-03  5.00000000e+00 
 2.55531164e-03  2.85444237e+00  2.55531164e-03  5.00000000e+00 
 2.55631164e-03  2.85096346e+00  2.55631164e-03  5.00000000e+00 
 2.55731164e-03  2.84748879e+00  2.55731164e-03  5.00000000e+00 
 2.55831164e-03  2.84401836e+00  2.55831164e-03  5.00000000e+00 
 2.55931164e-03  2.84055216e+00  2.55931164e-03  5.00000000e+00 
 2.56031164e-03  2.83709018e+00  2.56031164e-03  5.00000000e+00 
 2.56131164e-03  2.83363243e+00  2.56131164e-03  5.00000000e+00 
 2.56231164e-03  2.83017888e+00  2.56231164e-03  5.00000000e+00 
 2.56331164e-03  2.82672955e+00  2.56331164e-03  5.00000000e+00 
 2.56431164e-03  2.82328442e+00  2.56431164e-03  5.00000000e+00 
 2.56531164e-03  2.81984349e+00  2.56531164e-03  5.00000000e+00 
 2.56631164e-03  2.81640675e+00  2.56631164e-03  5.00000000e+00 
 2.56731164e-03  2.81297420e+00  2.56731164e-03  5.00000000e+00 
 2.56831164e-03  2.80954583e+00  2.56831164e-03  5.00000000e+00 
 2.56931164e-03  2.80612165e+00  2.56931164e-03  5.00000000e+00 
 2.57031164e-03  2.80270163e+00  2.57031164e-03  5.00000000e+00 
 2.57131164e-03  2.79928579e+00  2.57131164e-03  5.00000000e+00 
 2.57231164e-03  2.79587410e+00  2.57231164e-03  5.00000000e+00 
 2.57331164e-03  2.79246658e+00  2.57331164e-03  5.00000000e+00 
 2.57431164e-03  2.78906321e+00  2.57431164e-03  5.00000000e+00 
 2.57531164e-03  2.78566398e+00  2.57531164e-03  5.00000000e+00 
 2.57631164e-03  2.78226890e+00  2.57631164e-03  5.00000000e+00 
 2.57731164e-03  2.77887796e+00  2.57731164e-03  5.00000000e+00 
 2.57831164e-03  2.77549115e+00  2.57831164e-03  5.00000000e+00 
 2.57931164e-03  2.77210847e+00  2.57931164e-03  5.00000000e+00 
 2.58031164e-03  2.76872991e+00  2.58031164e-03  5.00000000e+00 
 2.58131164e-03  2.76535546e+00  2.58131164e-03  5.00000000e+00 
 2.58231164e-03  2.76198513e+00  2.58231164e-03  5.00000000e+00 
 2.58331164e-03  2.75861891e+00  2.58331164e-03  5.00000000e+00 
 2.58431164e-03  2.75525679e+00  2.58431164e-03  5.00000000e+00 
 2.58531164e-03  2.75189877e+00  2.58531164e-03  5.00000000e+00 
 2.58631164e-03  2.74854484e+00  2.58631164e-03  5.00000000e+00 
 2.58731164e-03  2.74519500e+00  2.58731164e-03  5.00000000e+00 
 2.58831164e-03  2.74184924e+00  2.58831164e-03  5.00000000e+00 
 2.58931164e-03  2.73850756e+00  2.58931164e-03  5.00000000e+00 
 2.59031164e-03  2.73516995e+00  2.59031164e-03  5.00000000e+00 
 2.59131164e-03  2.73183641e+00  2.59131164e-03  5.00000000e+00 
 2.59231164e-03  2.72850693e+00  2.59231164e-03  5.00000000e+00 
 2.59331164e-03  2.72518151e+00  2.59331164e-03  5.00000000e+00 
 2.59431164e-03  2.72186015e+00  2.59431164e-03  5.00000000e+00 
 2.59531164e-03  2.71854283e+00  2.59531164e-03  5.00000000e+00 
 2.59631164e-03  2.71522955e+00  2.59631164e-03  5.00000000e+00 
 2.59731164e-03  2.71192031e+00  2.59731164e-03  5.00000000e+00 
 2.59831164e-03  2.70861511e+00  2.59831164e-03  5.00000000e+00 
 2.59931164e-03  2.70531393e+00  2.59931164e-03  5.00000000e+00 
 2.60031164e-03  2.70201678e+00  2.60031164e-03  5.00000000e+00 
 2.60131164e-03  2.69872365e+00  2.60131164e-03  5.00000000e+00 
 2.60231164e-03  2.69543453e+00  2.60231164e-03  5.00000000e+00 
 2.60331164e-03  2.69214941e+00  2.60331164e-03  5.00000000e+00 
 2.60431164e-03  2.68886831e+00  2.60431164e-03  5.00000000e+00 
 2.60531164e-03  2.68559120e+00  2.60531164e-03  5.00000000e+00 
 2.60631164e-03  2.68231808e+00  2.60631164e-03  5.00000000e+00 
 2.60731164e-03  2.67904895e+00  2.60731164e-03  5.00000000e+00 
 2.60831164e-03  2.67578381e+00  2.60831164e-03  5.00000000e+00 
 2.60931164e-03  2.67252265e+00  2.60931164e-03  5.00000000e+00 
 2.61031164e-03  2.66926546e+00  2.61031164e-03  5.00000000e+00 
 2.61131164e-03  2.66601224e+00  2.61131164e-03  5.00000000e+00 
 2.61231164e-03  2.66276299e+00  2.61231164e-03  5.00000000e+00 
 2.61331164e-03  2.65951770e+00  2.61331164e-03  5.00000000e+00 
 2.61431164e-03  2.65627636e+00  2.61431164e-03  5.00000000e+00 
 2.61531164e-03  2.65303897e+00  2.61531164e-03  5.00000000e+00 
 2.61631164e-03  2.64980553e+00  2.61631164e-03  5.00000000e+00 
 2.61731164e-03  2.64657603e+00  2.61731164e-03  5.00000000e+00 
 2.61831164e-03  2.64335046e+00  2.61831164e-03  5.00000000e+00 
 2.61931164e-03  2.64012883e+00  2.61931164e-03  5.00000000e+00 
 2.62031164e-03  2.63691112e+00  2.62031164e-03  5.00000000e+00 
 2.62131164e-03  2.63369734e+00  2.62131164e-03  5.00000000e+00 
 2.62231164e-03  2.63048747e+00  2.62231164e-03  5.00000000e+00 
 2.62331164e-03  2.62728151e+00  2.62331164e-03  5.00000000e+00 
 2.62431164e-03  2.62407946e+00  2.62431164e-03  5.00000000e+00 
 2.62531164e-03  2.62088132e+00  2.62531164e-03  5.00000000e+00 
 2.62631164e-03  2.61768707e+00  2.62631164e-03  5.00000000e+00 
 2.62731164e-03  2.61449671e+00  2.62731164e-03  5.00000000e+00 
 2.62831164e-03  2.61131024e+00  2.62831164e-03  5.00000000e+00 
 2.62931164e-03  2.60812766e+00  2.62931164e-03  5.00000000e+00 
 2.63031164e-03  2.60494895e+00  2.63031164e-03  5.00000000e+00 
 2.63131164e-03  2.60177412e+00  2.63131164e-03  5.00000000e+00 
 2.63231164e-03  2.59860316e+00  2.63231164e-03  5.00000000e+00 
 2.63331164e-03  2.59543606e+00  2.63331164e-03  5.00000000e+00 
 2.63431164e-03  2.59227283e+00  2.63431164e-03  5.00000000e+00 
 2.63531164e-03  2.58911345e+00  2.63531164e-03  5.00000000e+00 
 2.63631164e-03  2.58595791e+00  2.63631164e-03  5.00000000e+00 
 2.63731164e-03  2.58280623e+00  2.63731164e-03  5.00000000e+00 
 2.63831164e-03  2.57965838e+00  2.63831164e-03  5.00000000e+00 
 2.63931164e-03  2.57651438e+00  2.63931164e-03  5.00000000e+00 
 2.64031164e-03  2.57337420e+00  2.64031164e-03  5.00000000e+00 
 2.64131164e-03  2.57023785e+00  2.64131164e-03  5.00000000e+00 
 2.64231164e-03  2.56710533e+00  2.64231164e-03  5.00000000e+00 
 2.64331164e-03  2.56397662e+00  2.64331164e-03  5.00000000e+00 
 2.64431164e-03  2.56085172e+00  2.64431164e-03  5.00000000e+00 
 2.64531164e-03  2.55773063e+00  2.64531164e-03  5.00000000e+00 
 2.64631164e-03  2.55461335e+00  2.64631164e-03  5.00000000e+00 
 2.64731164e-03  2.55149987e+00  2.64731164e-03  5.00000000e+00 
 2.64831164e-03  2.54839018e+00  2.64831164e-03  5.00000000e+00 
 2.64931164e-03  2.54528428e+00  2.64931164e-03  5.00000000e+00 
 2.65031164e-03  2.54218217e+00  2.65031164e-03  5.00000000e+00 
 2.65131164e-03  2.53908383e+00  2.65131164e-03  5.00000000e+00 
 2.65231164e-03  2.53598928e+00  2.65231164e-03  5.00000000e+00 
 2.65331164e-03  2.53289849e+00  2.65331164e-03  5.00000000e+00 
 2.65431164e-03  2.52981147e+00  2.65431164e-03  5.00000000e+00 
 2.65531164e-03  2.52672822e+00  2.65531164e-03  5.00000000e+00 
 2.65631164e-03  2.52364872e+00  2.65631164e-03  5.00000000e+00 
 2.65731164e-03  2.52057297e+00  2.65731164e-03  5.00000000e+00 
 2.65831164e-03  2.51750098e+00  2.65831164e-03  5.00000000e+00 
 2.65931164e-03  2.51443273e+00  2.65931164e-03  5.00000000e+00 
 2.66031164e-03  2.51136821e+00  2.66031164e-03  5.00000000e+00 
 2.66131164e-03  2.50830744e+00  2.66131164e-03  5.00000000e+00 
 2.66231164e-03  2.50525039e+00  2.66231164e-03  5.00000000e+00 
 2.66331164e-03  2.50219707e+00  2.66331164e-03  5.00000000e+00 
 2.66431164e-03  2.49914747e+00  2.66431164e-03  5.00000000e+00 
 2.66531164e-03  2.49610158e+00  2.66531164e-03  5.00000000e+00 
 2.66631164e-03  2.49305941e+00  2.66631164e-03  5.00000000e+00 
 2.66731164e-03  2.49002095e+00  2.66731164e-03  5.00000000e+00 
 2.66831164e-03  2.48698619e+00  2.66831164e-03  5.00000000e+00 
 2.66931164e-03  2.48395513e+00  2.66931164e-03  5.00000000e+00 
 2.67031164e-03  2.48092776e+00  2.67031164e-03  5.00000000e+00 
 2.67131164e-03  2.47790408e+00  2.67131164e-03  5.00000000e+00 
 2.67231164e-03  2.47488409e+00  2.67231164e-03  5.00000000e+00 
 2.67331164e-03  2.47186777e+00  2.67331164e-03  5.00000000e+00 
 2.67431164e-03  2.46885514e+00  2.67431164e-03  5.00000000e+00 
 2.67531164e-03  2.46584617e+00  2.67531164e-03  5.00000000e+00 
 2.67631164e-03  2.46284088e+00  2.67631164e-03  5.00000000e+00 
 2.67731164e-03  2.45983924e+00  2.67731164e-03  5.00000000e+00 
 2.67831164e-03  2.45684127e+00  2.67831164e-03  5.00000000e+00 
 2.67931164e-03  2.45384695e+00  2.67931164e-03  5.00000000e+00 
 2.68031164e-03  2.45085627e+00  2.68031164e-03  5.00000000e+00 
 2.68131164e-03  2.44786924e+00  2.68131164e-03  5.00000000e+00 
 2.68231164e-03  2.44488586e+00  2.68231164e-03  5.00000000e+00 
 2.68331164e-03  2.44190611e+00  2.68331164e-03  5.00000000e+00 
 2.68431164e-03  2.43892999e+00  2.68431164e-03  5.00000000e+00 
 2.68531164e-03  2.43595749e+00  2.68531164e-03  5.00000000e+00 
 2.68631164e-03  2.43298862e+00  2.68631164e-03  5.00000000e+00 
 2.68731164e-03  2.43002337e+00  2.68731164e-03  5.00000000e+00 
 2.68831164e-03  2.42706174e+00  2.68831164e-03  5.00000000e+00 
 2.68931164e-03  2.42410371e+00  2.68931164e-03  5.00000000e+00 
 2.69031164e-03  2.42114929e+00  2.69031164e-03  5.00000000e+00 
 2.69131164e-03  2.41819846e+00  2.69131164e-03  5.00000000e+00 
 2.69231164e-03  2.41525124e+00  2.69231164e-03  5.00000000e+00 
 2.69331164e-03  2.41230761e+00  2.69331164e-03  5.00000000e+00 
 2.69431164e-03  2.40936756e+00  2.69431164e-03  5.00000000e+00 
 2.69531164e-03  2.40643110e+00  2.69531164e-03  5.00000000e+00 
 2.69631164e-03  2.40349821e+00  2.69631164e-03  5.00000000e+00 
 2.69731164e-03  2.40056890e+00  2.69731164e-03  5.00000000e+00 
 2.69831164e-03  2.39764317e+00  2.69831164e-03  5.00000000e+00 
 2.69931164e-03  2.39472099e+00  2.69931164e-03  5.00000000e+00 
 2.70031164e-03  2.39180238e+00  2.70031164e-03  5.00000000e+00 
 2.70131164e-03  2.38888733e+00  2.70131164e-03  5.00000000e+00 
 2.70231164e-03  2.38597582e+00  2.70231164e-03  5.00000000e+00 
 2.70331164e-03  2.38306787e+00  2.70331164e-03  5.00000000e+00 
 2.70431164e-03  2.38016346e+00  2.70431164e-03  5.00000000e+00 
 2.70531164e-03  2.37726259e+00  2.70531164e-03  5.00000000e+00 
 2.70631164e-03  2.37436526e+00  2.70631164e-03  5.00000000e+00 
 2.70731164e-03  2.37147145e+00  2.70731164e-03  5.00000000e+00 
 2.70831164e-03  2.36858118e+00  2.70831164e-03  5.00000000e+00 
 2.70931164e-03  2.36569442e+00  2.70931164e-03  5.00000000e+00 
 2.71031164e-03  2.36281119e+00  2.71031164e-03  5.00000000e+00 
 2.71131164e-03  2.35993147e+00  2.71131164e-03  5.00000000e+00 
 2.71231164e-03  2.35705526e+00  2.71231164e-03  5.00000000e+00 
 2.71331164e-03  2.35418255e+00  2.71331164e-03  5.00000000e+00 
 2.71431164e-03  2.35131335e+00  2.71431164e-03  5.00000000e+00 
 2.71531164e-03  2.34844764e+00  2.71531164e-03  5.00000000e+00 
 2.71631164e-03  2.34558542e+00  2.71631164e-03  5.00000000e+00 
 2.71731164e-03  2.34272670e+00  2.71731164e-03  5.00000000e+00 
 2.71831164e-03  2.33987145e+00  2.71831164e-03  5.00000000e+00 
 2.71931164e-03  2.33701969e+00  2.71931164e-03  5.00000000e+00 
 2.72031164e-03  2.33417140e+00  2.72031164e-03  5.00000000e+00 
 2.72131164e-03  2.33132659e+00  2.72131164e-03  5.00000000e+00 
 2.72231164e-03  2.32848524e+00  2.72231164e-03  5.00000000e+00 
 2.72331164e-03  2.32564735e+00  2.72331164e-03  5.00000000e+00 
 2.72431164e-03  2.32281293e+00  2.72431164e-03  5.00000000e+00 
 2.72531164e-03  2.31998195e+00  2.72531164e-03  5.00000000e+00 
 2.72631164e-03  2.31715443e+00  2.72631164e-03  5.00000000e+00 
 2.72731164e-03  2.31433036e+00  2.72731164e-03  5.00000000e+00 
 2.72831164e-03  2.31150972e+00  2.72831164e-03  5.00000000e+00 
 2.72931164e-03  2.30869252e+00  2.72931164e-03  5.00000000e+00 
 2.73031164e-03  2.30587876e+00  2.73031164e-03  5.00000000e+00 
 2.73131164e-03  2.30306843e+00  2.73131164e-03  5.00000000e+00 
 2.73231164e-03  2.30026152e+00  2.73231164e-03  5.00000000e+00 
 2.73331164e-03  2.29745803e+00  2.73331164e-03  5.00000000e+00 
 2.73431164e-03  2.29465796e+00  2.73431164e-03  5.00000000e+00 
 2.73531164e-03  2.29186130e+00  2.73531164e-03  5.00000000e+00 
 2.73631164e-03  2.28906805e+00  2.73631164e-03  5.00000000e+00 
 2.73731164e-03  2.28627821e+00  2.73731164e-03  5.00000000e+00 
 2.73831164e-03  2.28349176e+00  2.73831164e-03  5.00000000e+00 
 2.73931164e-03  2.28070871e+00  2.73931164e-03  5.00000000e+00 
 2.74031164e-03  2.27792906e+00  2.74031164e-03  5.00000000e+00 
 2.74131164e-03  2.27515279e+00  2.74131164e-03  5.00000000e+00 
 2.74231164e-03  2.27237990e+00  2.74231164e-03  5.00000000e+00 
 2.74331164e-03  2.26961040e+00  2.74331164e-03  5.00000000e+00 
 2.74431164e-03  2.26684426e+00  2.74431164e-03  5.00000000e+00 
 2.74531164e-03  2.26408150e+00  2.74531164e-03  5.00000000e+00 
 2.74631164e-03  2.26132211e+00  2.74631164e-03  5.00000000e+00 
 2.74731164e-03  2.25856608e+00  2.74731164e-03  5.00000000e+00 
 2.74831164e-03  2.25581341e+00  2.74831164e-03  5.00000000e+00 
 2.74931164e-03  2.25306410e+00  2.74931164e-03  5.00000000e+00 
 2.75031164e-03  2.25031813e+00  2.75031164e-03  5.00000000e+00 
 2.75131164e-03  2.24757551e+00  2.75131164e-03  5.00000000e+00 
 2.75231164e-03  2.24483624e+00  2.75231164e-03  5.00000000e+00 
 2.75331164e-03  2.24210030e+00  2.75331164e-03  5.00000000e+00 
 2.75431164e-03  2.23936770e+00  2.75431164e-03  5.00000000e+00 
 2.75531164e-03  2.23663843e+00  2.75531164e-03  5.00000000e+00 
 2.75631164e-03  2.23391248e+00  2.75631164e-03  5.00000000e+00 
 2.75731164e-03  2.23118986e+00  2.75731164e-03  5.00000000e+00 
 2.75831164e-03  2.22847055e+00  2.75831164e-03  5.00000000e+00 
 2.75931164e-03  2.22575456e+00  2.75931164e-03  5.00000000e+00 
 2.76031164e-03  2.22304188e+00  2.76031164e-03  5.00000000e+00 
 2.76131164e-03  2.22033251e+00  2.76131164e-03  5.00000000e+00 
 2.76231164e-03  2.21762643e+00  2.76231164e-03  5.00000000e+00 
 2.76331164e-03  2.21492366e+00  2.76331164e-03  5.00000000e+00 
 2.76431164e-03  2.21222418e+00  2.76431164e-03  5.00000000e+00 
 2.76531164e-03  2.20952799e+00  2.76531164e-03  5.00000000e+00 
 2.76631164e-03  2.20683508e+00  2.76631164e-03  5.00000000e+00 
 2.76731164e-03  2.20414546e+00  2.76731164e-03  5.00000000e+00 
 2.76831164e-03  2.20145912e+00  2.76831164e-03  5.00000000e+00 
 2.76931164e-03  2.19877605e+00  2.76931164e-03  5.00000000e+00 
 2.77031164e-03  2.19609625e+00  2.77031164e-03  5.00000000e+00 
 2.77131164e-03  2.19341971e+00  2.77131164e-03  5.00000000e+00 
 2.77231164e-03  2.19074644e+00  2.77231164e-03  5.00000000e+00 
 2.77331164e-03  2.18807643e+00  2.77331164e-03  5.00000000e+00 
 2.77431164e-03  2.18540967e+00  2.77431164e-03  5.00000000e+00 
 2.77531164e-03  2.18274616e+00  2.77531164e-03  5.00000000e+00 
 2.77631164e-03  2.18008589e+00  2.77631164e-03  5.00000000e+00 
 2.77731164e-03  2.17742887e+00  2.77731164e-03  5.00000000e+00 
 2.77831164e-03  2.17477509e+00  2.77831164e-03  5.00000000e+00 
 2.77931164e-03  2.17212454e+00  2.77931164e-03  5.00000000e+00 
 2.78031164e-03  2.16947722e+00  2.78031164e-03  5.00000000e+00 
 2.78131164e-03  2.16683313e+00  2.78131164e-03  5.00000000e+00 
 2.78231164e-03  2.16419226e+00  2.78231164e-03  5.00000000e+00 
 2.78331164e-03  2.16155461e+00  2.78331164e-03  5.00000000e+00 
 2.78431164e-03  2.15892018e+00  2.78431164e-03  5.00000000e+00 
 2.78531164e-03  2.15628895e+00  2.78531164e-03  5.00000000e+00 
 2.78631164e-03  2.15366093e+00  2.78631164e-03  5.00000000e+00 
 2.78731164e-03  2.15103612e+00  2.78731164e-03  5.00000000e+00 
 2.78831164e-03  2.14841450e+00  2.78831164e-03  5.00000000e+00 
 2.78931164e-03  2.14579608e+00  2.78931164e-03  5.00000000e+00 
 2.79031164e-03  2.14318085e+00  2.79031164e-03  5.00000000e+00 
 2.79131164e-03  2.14056881e+00  2.79131164e-03  5.00000000e+00 
 2.79231164e-03  2.13795995e+00  2.79231164e-03  5.00000000e+00 
 2.79331164e-03  2.13535427e+00  2.79331164e-03  5.00000000e+00 
 2.79431164e-03  2.13275177e+00  2.79431164e-03  5.00000000e+00 
 2.79531164e-03  2.13015243e+00  2.79531164e-03  5.00000000e+00 
 2.79631164e-03  2.12755627e+00  2.79631164e-03  5.00000000e+00 
 2.79731164e-03  2.12496327e+00  2.79731164e-03  5.00000000e+00 
 2.79831164e-03  2.12237343e+00  2.79831164e-03  5.00000000e+00 
 2.79931164e-03  2.11978675e+00  2.79931164e-03  5.00000000e+00 
 2.80031164e-03  2.11720322e+00  2.80031164e-03  5.00000000e+00 
 2.80131164e-03  2.11462284e+00  2.80131164e-03  5.00000000e+00 
 2.80231164e-03  2.11204560e+00  2.80231164e-03  5.00000000e+00 
 2.80331164e-03  2.10947150e+00  2.80331164e-03  5.00000000e+00 
 2.80431164e-03  2.10690055e+00  2.80431164e-03  5.00000000e+00 
 2.80531164e-03  2.10433272e+00  2.80531164e-03  5.00000000e+00 
 2.80631164e-03  2.10176802e+00  2.80631164e-03  5.00000000e+00 
 2.80731164e-03  2.09920645e+00  2.80731164e-03  5.00000000e+00 
 2.80831164e-03  2.09664801e+00  2.80831164e-03  5.00000000e+00 
 2.80931164e-03  2.09409268e+00  2.80931164e-03  5.00000000e+00 
 2.81031164e-03  2.09154046e+00  2.81031164e-03  5.00000000e+00 
 2.81131164e-03  2.08899136e+00  2.81131164e-03  5.00000000e+00 
 2.81231164e-03  2.08644536e+00  2.81231164e-03  5.00000000e+00 
 2.81331164e-03  2.08390246e+00  2.81331164e-03  5.00000000e+00 
 2.81431164e-03  2.08136267e+00  2.81431164e-03  5.00000000e+00 
 2.81531164e-03  2.07882597e+00  2.81531164e-03  5.00000000e+00 
 2.81631164e-03  2.07629236e+00  2.81631164e-03  5.00000000e+00 
 2.81731164e-03  2.07376184e+00  2.81731164e-03  5.00000000e+00 
 2.81831164e-03  2.07123440e+00  2.81831164e-03  5.00000000e+00 
 2.81931164e-03  2.06871005e+00  2.81931164e-03  5.00000000e+00 
 2.82031164e-03  2.06618877e+00  2.82031164e-03  5.00000000e+00 
 2.82131164e-03  2.06367056e+00  2.82131164e-03  5.00000000e+00 
 2.82231164e-03  2.06115542e+00  2.82231164e-03  5.00000000e+00 
 2.82331164e-03  2.05864335e+00  2.82331164e-03  5.00000000e+00 
 2.82431164e-03  2.05613434e+00  2.82431164e-03  5.00000000e+00 
 2.82531164e-03  2.05362838e+00  2.82531164e-03  5.00000000e+00 
 2.82631164e-03  2.05112549e+00  2.82631164e-03  5.00000000e+00 
 2.82731164e-03  2.04862564e+00  2.82731164e-03  5.00000000e+00 
 2.82831164e-03  2.04612884e+00  2.82831164e-03  5.00000000e+00 
 2.82931164e-03  2.04363508e+00  2.82931164e-03  5.00000000e+00 
 2.83031164e-03  2.04114436e+00  2.83031164e-03  5.00000000e+00 
 2.83131164e-03  2.03865667e+00  2.83131164e-03  5.00000000e+00 
 2.83231164e-03  2.03617202e+00  2.83231164e-03  5.00000000e+00 
 2.83331164e-03  2.03369040e+00  2.83331164e-03  5.00000000e+00 
 2.83431164e-03  2.03121180e+00  2.83431164e-03  5.00000000e+00 
 2.83531164e-03  2.02873622e+00  2.83531164e-03  5.00000000e+00 
 2.83631164e-03  2.02626366e+00  2.83631164e-03  5.00000000e+00 
 2.83731164e-03  2.02379411e+00  2.83731164e-03  5.00000000e+00 
 2.83831164e-03  2.02132758e+00  2.83831164e-03  5.00000000e+00 
 2.83931164e-03  2.01886405e+00  2.83931164e-03  5.00000000e+00 
 2.84031164e-03  2.01640352e+00  2.84031164e-03  5.00000000e+00 
 2.84131164e-03  2.01394599e+00  2.84131164e-03  5.00000000e+00 
 2.84231164e-03  2.01149145e+00  2.84231164e-03  5.00000000e+00 
 2.84331164e-03  2.00903991e+00  2.84331164e-03  5.00000000e+00 
 2.84431164e-03  2.00659135e+00  2.84431164e-03  5.00000000e+00 
 2.84531164e-03  2.00414578e+00  2.84531164e-03  5.00000000e+00 
 2.84631164e-03  2.00170319e+00  2.84631164e-03  5.00000000e+00 
 2.84731164e-03  1.99926358e+00  2.84731164e-03  5.00000000e+00 
 2.84831164e-03  1.99682694e+00  2.84831164e-03  5.00000000e+00 
 2.84931164e-03  1.99439326e+00  2.84931164e-03  5.00000000e+00 
 2.85031164e-03  1.99196256e+00  2.85031164e-03  5.00000000e+00 
 2.85131164e-03  1.98953482e+00  2.85131164e-03  5.00000000e+00 
 2.85231164e-03  1.98711003e+00  2.85231164e-03  5.00000000e+00 
 2.85331164e-03  1.98468821e+00  2.85331164e-03  5.00000000e+00 
 2.85431164e-03  1.98226933e+00  2.85431164e-03  5.00000000e+00 
 2.85531164e-03  1.97985340e+00  2.85531164e-03  5.00000000e+00 
 2.85631164e-03  1.97744042e+00  2.85631164e-03  5.00000000e+00 
 2.85731164e-03  1.97503037e+00  2.85731164e-03  5.00000000e+00 
 2.85831164e-03  1.97262327e+00  2.85831164e-03  5.00000000e+00 
 2.85931164e-03  1.97021910e+00  2.85931164e-03  5.00000000e+00 
 2.86031164e-03  1.96781785e+00  2.86031164e-03  5.00000000e+00 
 2.86131164e-03  1.96541954e+00  2.86131164e-03  5.00000000e+00 
 2.86231164e-03  1.96302415e+00  2.86231164e-03  5.00000000e+00 
 2.86331164e-03  1.96063167e+00  2.86331164e-03  5.00000000e+00 
 2.86431164e-03  1.95824212e+00  2.86431164e-03  5.00000000e+00 
 2.86531164e-03  1.95585547e+00  2.86531164e-03  5.00000000e+00 
 2.86631164e-03  1.95347173e+00  2.86631164e-03  5.00000000e+00 
 2.86731164e-03  1.95109090e+00  2.86731164e-03  5.00000000e+00 
 2.86831164e-03  1.94871297e+00  2.86831164e-03  5.00000000e+00 
 2.86931164e-03  1.94633794e+00  2.86931164e-03  5.00000000e+00 
 2.87000100e-03  1.94470238e+00  2.87000100e-03  5.00000000e+00 
 2.87000110e-03  1.44470220e+00  2.87000110e-03  4.50000000e+00 
 2.87000130e-03  4.44701970e-01  2.87000130e-03  3.50000000e+00 
 2.87000170e-03 -1.55529776e+00  2.87000170e-03  1.50000000e+00 
 2.87000200e-03 -3.05529691e+00  2.87000200e-03  0.00000000e+00 
 2.87000208e-03 -3.05529662e+00  2.87000208e-03  0.00000000e+00 
 2.87000224e-03 -3.05529602e+00  2.87000224e-03  0.00000000e+00 
 2.87000256e-03 -3.05529483e+00  2.87000256e-03  0.00000000e+00 
 2.87000320e-03 -3.05529244e+00  2.87000320e-03  0.00000000e+00 
 2.87000448e-03 -3.05528767e+00  2.87000448e-03  0.00000000e+00 
 2.87000704e-03 -3.05527814e+00  2.87000704e-03  0.00000000e+00 
 2.87001216e-03 -3.05525906e+00  2.87001216e-03  0.00000000e+00 
 2.87002240e-03 -3.05522091e+00  2.87002240e-03  0.00000000e+00 
 2.87004288e-03 -3.05514460e+00  2.87004288e-03  0.00000000e+00 
 2.87008384e-03 -3.05499200e+00  2.87008384e-03  0.00000000e+00 
 2.87016576e-03 -3.05468681e+00  2.87016576e-03  0.00000000e+00 
 2.87032960e-03 -3.05407653e+00  2.87032960e-03  0.00000000e+00 
 2.87065728e-03 -3.05285634e+00  2.87065728e-03  0.00000000e+00 
 2.87131264e-03 -3.05041741e+00  2.87131264e-03  0.00000000e+00 
 2.87231264e-03 -3.04669965e+00  2.87231264e-03  0.00000000e+00 
 2.87331264e-03 -3.04298643e+00  2.87331264e-03  0.00000000e+00 
 2.87431264e-03 -3.03927773e+00  2.87431264e-03  0.00000000e+00 
 2.87531264e-03 -3.03557355e+00  2.87531264e-03  0.00000000e+00 
 2.87631264e-03 -3.03187389e+00  2.87631264e-03  0.00000000e+00 
 2.87731264e-03 -3.02817874e+00  2.87731264e-03  0.00000000e+00 
 2.87831264e-03 -3.02448809e+00  2.87831264e-03  0.00000000e+00 
 2.87931264e-03 -3.02080193e+00  2.87931264e-03  0.00000000e+00 
 2.88031264e-03 -3.01712027e+00  2.88031264e-03  0.00000000e+00 
 2.88131264e-03 -3.01344310e+00  2.88131264e-03  0.00000000e+00 
 2.88231264e-03 -3.00977041e+00  2.88231264e-03  0.00000000e+00 
 2.88331264e-03 -3.00610220e+00  2.88331264e-03  0.00000000e+00 
 2.88431264e-03 -3.00243845e+00  2.88431264e-03  0.00000000e+00 
 2.88531264e-03 -2.99877917e+00  2.88531264e-03  0.00000000e+00 
 2.88631264e-03 -2.99512435e+00  2.88631264e-03  0.00000000e+00 
 2.88731264e-03 -2.99147399e+00  2.88731264e-03  0.00000000e+00 
 2.88831264e-03 -2.98782807e+00  2.88831264e-03  0.00000000e+00 
 2.88931264e-03 -2.98418660e+00  2.88931264e-03  0.00000000e+00 
 2.89031264e-03 -2.98054957e+00  2.89031264e-03  0.00000000e+00 
 2.89131264e-03 -2.97691696e+00  2.89131264e-03  0.00000000e+00 
 2.89231264e-03 -2.97328879e+00  2.89231264e-03  0.00000000e+00 
 2.89331264e-03 -2.96966504e+00  2.89331264e-03  0.00000000e+00 
 2.89431264e-03 -2.96604570e+00  2.89431264e-03  0.00000000e+00 
 2.89531264e-03 -2.96243078e+00  2.89531264e-03  0.00000000e+00 
 2.89631264e-03 -2.95882026e+00  2.89631264e-03  0.00000000e+00 
 2.89731264e-03 -2.95521414e+00  2.89731264e-03  0.00000000e+00 
 2.89831264e-03 -2.95161242e+00  2.89831264e-03  0.00000000e+00 
 2.89931264e-03 -2.94801508e+00  2.89931264e-03  0.00000000e+00 
 2.90031264e-03 -2.94442213e+00  2.90031264e-03  0.00000000e+00 
 2.90131264e-03 -2.94083356e+00  2.90131264e-03  0.00000000e+00 
 2.90231264e-03 -2.93724937e+00  2.90231264e-03  0.00000000e+00 
 2.90331264e-03 -2.93366954e+00  2.90331264e-03  0.00000000e+00 
 2.90431264e-03 -2.93009407e+00  2.90431264e-03  0.00000000e+00 
 2.90531264e-03 -2.92652296e+00  2.90531264e-03  0.00000000e+00 
 2.90631264e-03 -2.92295621e+00  2.90631264e-03  0.00000000e+00 
 2.90731264e-03 -2.91939380e+00  2.90731264e-03  0.00000000e+00 
 2.90831264e-03 -2.91583573e+00  2.90831264e-03  0.00000000e+00 
 2.90931264e-03 -2.91228200e+00  2.90931264e-03  0.00000000e+00 
 2.91031264e-03 -2.90873260e+00  2.91031264e-03  0.00000000e+00 
 2.91131264e-03 -2.90518753e+00  2.91131264e-03  0.00000000e+00 
 2.91231264e-03 -2.90164678e+00  2.91231264e-03  0.00000000e+00 
 2.91331264e-03 -2.89811034e+00  2.91331264e-03  0.00000000e+00 
 2.91431264e-03 -2.89457821e+00  2.91431264e-03  0.00000000e+00 
 2.91531264e-03 -2.89105039e+00  2.91531264e-03  0.00000000e+00 
 2.91631264e-03 -2.88752687e+00  2.91631264e-03  0.00000000e+00 
 2.91731264e-03 -2.88400764e+00  2.91731264e-03  0.00000000e+00 
 2.91831264e-03 -2.88049270e+00  2.91831264e-03  0.00000000e+00 
 2.91931264e-03 -2.87698204e+00  2.91931264e-03  0.00000000e+00 
 2.92031264e-03 -2.87347567e+00  2.92031264e-03  0.00000000e+00 
 2.92131264e-03 -2.86997356e+00  2.92131264e-03  0.00000000e+00 
 2.92231264e-03 -2.86647573e+00  2.92231264e-03  0.00000000e+00 
 2.92331264e-03 -2.86298216e+00  2.92331264e-03  0.00000000e+00 
 2.92431264e-03 -2.85949284e+00  2.92431264e-03  0.00000000e+00 
 2.92531264e-03 -2.85600778e+00  2.92531264e-03  0.00000000e+00 
 2.92631264e-03 -2.85252697e+00  2.92631264e-03  0.00000000e+00 
 2.92731264e-03 -2.84905040e+00  2.92731264e-03  0.00000000e+00 
 2.92831264e-03 -2.84557806e+00  2.92831264e-03  0.00000000e+00 
 2.92931264e-03 -2.84210996e+00  2.92931264e-03  0.00000000e+00 
 2.93031264e-03 -2.83864608e+00  2.93031264e-03  0.00000000e+00 
 2.93131264e-03 -2.83518643e+00  2.93131264e-03  0.00000000e+00 
 2.93231264e-03 -2.83173099e+00  2.93231264e-03  0.00000000e+00 
 2.93331264e-03 -2.82827977e+00  2.93331264e-03  0.00000000e+00 
 2.93431264e-03 -2.82483275e+00  2.93431264e-03  0.00000000e+00 
 2.93531264e-03 -2.82138993e+00  2.93531264e-03  0.00000000e+00 
 2.93631264e-03 -2.81795131e+00  2.93631264e-03  0.00000000e+00 
 2.93731264e-03 -2.81451687e+00  2.93731264e-03  0.00000000e+00 
 2.93831264e-03 -2.81108663e+00  2.93831264e-03  0.00000000e+00 
 2.93931264e-03 -2.80766056e+00  2.93931264e-03  0.00000000e+00 
 2.94031264e-03 -2.80423867e+00  2.94031264e-03  0.00000000e+00 
 2.94131264e-03 -2.80082095e+00  2.94131264e-03  0.00000000e+00 
 2.94231264e-03 -2.79740740e+00  2.94231264e-03  0.00000000e+00 
 2.94331264e-03 -2.79399801e+00  2.94331264e-03  0.00000000e+00 
 2.94431264e-03 -2.79059277e+00  2.94431264e-03  0.00000000e+00 
 2.94531264e-03 -2.78719168e+00  2.94531264e-03  0.00000000e+00 
 2.94631264e-03 -2.78379474e+00  2.94631264e-03  0.00000000e+00 
 2.94731264e-03 -2.78040193e+00  2.94731264e-03  0.00000000e+00 
 2.94831264e-03 -2.77701327e+00  2.94831264e-03  0.00000000e+00 
 2.94931264e-03 -2.77362873e+00  2.94931264e-03  0.00000000e+00 
 2.95031264e-03 -2.77024832e+00  2.95031264e-03  0.00000000e+00 
 2.95131264e-03 -2.76687202e+00  2.95131264e-03  0.00000000e+00 
 2.95231264e-03 -2.76349984e+00  2.95231264e-03  0.00000000e+00 
 2.95331264e-03 -2.76013178e+00  2.95331264e-03  0.00000000e+00 
 2.95431264e-03 -2.75676781e+00  2.95431264e-03  0.00000000e+00 
 2.95531264e-03 -2.75340795e+00  2.95531264e-03  0.00000000e+00 
 2.95631264e-03 -2.75005218e+00  2.95631264e-03  0.00000000e+00 
 2.95731264e-03 -2.74670050e+00  2.95731264e-03  0.00000000e+00 
 2.95831264e-03 -2.74335291e+00  2.95831264e-03  0.00000000e+00 
 2.95931264e-03 -2.74000940e+00  2.95931264e-03  0.00000000e+00 
 2.96031264e-03 -2.73666996e+00  2.96031264e-03  0.00000000e+00 
 2.96131264e-03 -2.73333459e+00  2.96131264e-03  0.00000000e+00 
 2.96231264e-03 -2.73000329e+00  2.96231264e-03  0.00000000e+00 
 2.96331264e-03 -2.72667604e+00  2.96331264e-03  0.00000000e+00 
 2.96431264e-03 -2.72335285e+00  2.96431264e-03  0.00000000e+00 
 2.96531264e-03 -2.72003372e+00  2.96531264e-03  0.00000000e+00 
 2.96631264e-03 -2.71671862e+00  2.96631264e-03  0.00000000e+00 
 2.96731264e-03 -2.71340757e+00  2.96731264e-03  0.00000000e+00 
 2.96831264e-03 -2.71010055e+00  2.96831264e-03  0.00000000e+00 
 2.96931264e-03 -2.70679757e+00  2.96931264e-03  0.00000000e+00 
 2.97031264e-03 -2.70349861e+00  2.97031264e-03  0.00000000e+00 
 2.97131264e-03 -2.70020366e+00  2.97131264e-03  0.00000000e+00 
 2.97231264e-03 -2.69691274e+00  2.97231264e-03  0.00000000e+00 
 2.97331264e-03 -2.69362583e+00  2.97331264e-03  0.00000000e+00 
 2.97431264e-03 -2.69034292e+00  2.97431264e-03  0.00000000e+00 
 2.97531264e-03 -2.68706401e+00  2.97531264e-03  0.00000000e+00 
 2.97631264e-03 -2.68378910e+00  2.97631264e-03  0.00000000e+00 
 2.97731264e-03 -2.68051818e+00  2.97731264e-03  0.00000000e+00 
 2.97831264e-03 -2.67725125e+00  2.97831264e-03  0.00000000e+00 
 2.97931264e-03 -2.67398830e+00  2.97931264e-03  0.00000000e+00 
 2.98031264e-03 -2.67072932e+00  2.98031264e-03  0.00000000e+00 
 2.98131264e-03 -2.66747432e+00  2.98131264e-03  0.00000000e+00 
 2.98231264e-03 -2.66422329e+00  2.98231264e-03  0.00000000e+00 
 2.98331264e-03 -2.66097621e+00  2.98331264e-03  0.00000000e+00 
 2.98431264e-03 -2.65773310e+00  2.98431264e-03  0.00000000e+00 
 2.98531264e-03 -2.65449394e+00  2.98531264e-03  0.00000000e+00 
 2.98631264e-03 -2.65125872e+00  2.98631264e-03  0.00000000e+00 
 2.98731264e-03 -2.64802745e+00  2.98731264e-03  0.00000000e+00 
 2.98831264e-03 -2.64480012e+00  2.98831264e-03  0.00000000e+00 
 2.98931264e-03 -2.64157671e+00  2.98931264e-03  0.00000000e+00 
 2.99031264e-03 -2.63835724e+00  2.99031264e-03  0.00000000e+00 
 2.99131264e-03 -2.63514169e+00  2.99131264e-03  0.00000000e+00 
 2.99231264e-03 -2.63193007e+00  2.99231264e-03  0.00000000e+00 
 2.99331264e-03 -2.62872235e+00  2.99331264e-03  0.00000000e+00 
 2.99431264e-03 -2.62551855e+00  2.99431264e-03  0.00000000e+00 
 2.99531264e-03 -2.62231864e+00  2.99531264e-03  0.00000000e+00 
 2.99631264e-03 -2.61912264e+00  2.99631264e-03  0.00000000e+00 
 2.99731264e-03 -2.61593054e+00  2.99731264e-03  0.00000000e+00 
 2.99831264e-03 -2.61274232e+00  2.99831264e-03  0.00000000e+00 
 2.99931264e-03 -2.60955799e+00  2.99931264e-03  0.00000000e+00 
 3.00031264e-03 -2.60637755e+00  3.00031264e-03  0.00000000e+00 
 3.00131264e-03 -2.60320097e+00  3.00131264e-03  0.00000000e+00 
 3.00231264e-03 -2.60002827e+00  3.00231264e-03  0.00000000e+00 
 3.00331264e-03 -2.59685944e+00  3.00331264e-03  0.00000000e+00 
 3.00431264e-03 -2.59369447e+00  3.00431264e-03  0.00000000e+00 
 3.00531264e-03 -2.59053335e+00  3.00531264e-03  0.00000000e+00 
 3.00631264e-03 -2.58737609e+00  3.00631264e-03  0.00000000e+00 
 3.00731264e-03 -2.58422268e+00  3.00731264e-03  0.00000000e+00 
 3.00831264e-03 -2.58107311e+00  3.00831264e-03  0.00000000e+00 
 3.00931264e-03 -2.57792737e+00  3.00931264e-03  0.00000000e+00 
 3.01031264e-03 -2.57478548e+00  3.01031264e-03  0.00000000e+00 
 3.01131264e-03 -2.57164741e+00  3.01131264e-03  0.00000000e+00 
 3.01231264e-03 -2.56851316e+00  3.01231264e-03  0.00000000e+00 
 3.01331264e-03 -2.56538274e+00  3.01331264e-03  0.00000000e+00 
 3.01431264e-03 -2.56225613e+00  3.01431264e-03  0.00000000e+00 
 3.01531264e-03 -2.55913333e+00  3.01531264e-03  0.00000000e+00 
 3.01631264e-03 -2.55601434e+00  3.01631264e-03  0.00000000e+00 
 3.01731264e-03 -2.55289915e+00  3.01731264e-03  0.00000000e+00 
 3.01831264e-03 -2.54978775e+00  3.01831264e-03  0.00000000e+00 
 3.01931264e-03 -2.54668015e+00  3.01931264e-03  0.00000000e+00 
 3.02031264e-03 -2.54357633e+00  3.02031264e-03  0.00000000e+00 
 3.02131264e-03 -2.54047630e+00  3.02131264e-03  0.00000000e+00 
 3.02231264e-03 -2.53738005e+00  3.02231264e-03  0.00000000e+00 
 3.02331264e-03 -2.53428757e+00  3.02331264e-03  0.00000000e+00 
 3.02431264e-03 -2.53119886e+00  3.02431264e-03  0.00000000e+00 
 3.02531264e-03 -2.52811391e+00  3.02531264e-03  0.00000000e+00 
 3.02631264e-03 -2.52503272e+00  3.02631264e-03  0.00000000e+00 
 3.02731264e-03 -2.52195529e+00  3.02731264e-03  0.00000000e+00 
 3.02831264e-03 -2.51888161e+00  3.02831264e-03  0.00000000e+00 
 3.02931264e-03 -2.51581168e+00  3.02931264e-03  0.00000000e+00 
 3.03031264e-03 -2.51274548e+00  3.03031264e-03  0.00000000e+00 
 3.03131264e-03 -2.50968303e+00  3.03131264e-03  0.00000000e+00 
 3.03231264e-03 -2.50662430e+00  3.03231264e-03  0.00000000e+00 
 3.03331264e-03 -2.50356931e+00  3.03331264e-03  0.00000000e+00 
 3.03431264e-03 -2.50051803e+00  3.03431264e-03  0.00000000e+00 
 3.03531264e-03 -2.49747048e+00  3.03531264e-03  0.00000000e+00 
 3.03631264e-03 -2.49442664e+00  3.03631264e-03  0.00000000e+00 
 3.03731264e-03 -2.49138651e+00  3.03731264e-03  0.00000000e+00 
 3.03831264e-03 -2.48835008e+00  3.03831264e-03  0.00000000e+00 
 3.03931264e-03 -2.48531736e+00  3.03931264e-03  0.00000000e+00 
 3.04031264e-03 -2.48228833e+00  3.04031264e-03  0.00000000e+00 
 3.04131264e-03 -2.47926300e+00  3.04131264e-03  0.00000000e+00 
 3.04231264e-03 -2.47624135e+00  3.04231264e-03  0.00000000e+00 
 3.04331264e-03 -2.47322338e+00  3.04331264e-03  0.00000000e+00 
 3.04431264e-03 -2.47020909e+00  3.04431264e-03  0.00000000e+00 
 3.04531264e-03 -2.46719848e+00  3.04531264e-03  0.00000000e+00 
 3.04631264e-03 -2.46419153e+00  3.04631264e-03  0.00000000e+00 
 3.04731264e-03 -2.46118825e+00  3.04731264e-03  0.00000000e+00 
 3.04831264e-03 -2.45818863e+00  3.04831264e-03  0.00000000e+00 
 3.04931264e-03 -2.45519267e+00  3.04931264e-03  0.00000000e+00 
 3.05031264e-03 -2.45220036e+00  3.05031264e-03  0.00000000e+00 
 3.05131264e-03 -2.44921169e+00  3.05131264e-03  0.00000000e+00 
 3.05231264e-03 -2.44622667e+00  3.05231264e-03  0.00000000e+00 
 3.05331264e-03 -2.44324528e+00  3.05331264e-03  0.00000000e+00 
 3.05431264e-03 -2.44026753e+00  3.05431264e-03  0.00000000e+00 
 3.05531264e-03 -2.43729341e+00  3.05531264e-03  0.00000000e+00 
 3.05631264e-03 -2.43432291e+00  3.05631264e-03  0.00000000e+00 
 3.05731264e-03 -2.43135603e+00  3.05731264e-03  0.00000000e+00 
 3.05831264e-03 -2.42839277e+00  3.05831264e-03  0.00000000e+00 
 3.05931264e-03 -2.42543312e+00  3.05931264e-03  0.00000000e+00 
 3.06031264e-03 -2.42247708e+00  3.06031264e-03  0.00000000e+00 
 3.06131264e-03 -2.41952464e+00  3.06131264e-03  0.00000000e+00 
 3.06231264e-03 -2.41657580e+00  3.06231264e-03  0.00000000e+00 
 3.06331264e-03 -2.41363055e+00  3.06331264e-03  0.00000000e+00 
 3.06431264e-03 -2.41068889e+00  3.06431264e-03  0.00000000e+00 
 3.06531264e-03 -2.40775082e+00  3.06531264e-03  0.00000000e+00 
 3.06631264e-03 -2.40481633e+00  3.06631264e-03  0.00000000e+00 
 3.06731264e-03 -2.40188541e+00  3.06731264e-03  0.00000000e+00 
 3.06831264e-03 -2.39895807e+00  3.06831264e-03  0.00000000e+00 
 3.06931264e-03 -2.39603429e+00  3.06931264e-03  0.00000000e+00 
 3.07031264e-03 -2.39311408e+00  3.07031264e-03  0.00000000e+00 
 3.07131264e-03 -2.39019742e+00  3.07131264e-03  0.00000000e+00 
 3.07231264e-03 -2.38728433e+00  3.07231264e-03  0.00000000e+00 
 3.07331264e-03 -2.38437478e+00  3.07331264e-03  0.00000000e+00 
 3.07431264e-03 -2.38146878e+00  3.07431264e-03  0.00000000e+00 
 3.07531264e-03 -2.37856632e+00  3.07531264e-03  0.00000000e+00 
 3.07631264e-03 -2.37566739e+00  3.07631264e-03  0.00000000e+00 
 3.07731264e-03 -2.37277200e+00  3.07731264e-03  0.00000000e+00 
 3.07831264e-03 -2.36988014e+00  3.07831264e-03  0.00000000e+00 
 3.07931264e-03 -2.36699180e+00  3.07931264e-03  0.00000000e+00 
 3.08031264e-03 -2.36410699e+00  3.08031264e-03  0.00000000e+00 
 3.08131264e-03 -2.36122569e+00  3.08131264e-03  0.00000000e+00 
 3.08231264e-03 -2.35834790e+00  3.08231264e-03  0.00000000e+00 
 3.08331264e-03 -2.35547362e+00  3.08331264e-03  0.00000000e+00 
 3.08431264e-03 -2.35260284e+00  3.08431264e-03  0.00000000e+00 
 3.08531264e-03 -2.34973556e+00  3.08531264e-03  0.00000000e+00 
 3.08631264e-03 -2.34687177e+00  3.08631264e-03  0.00000000e+00 
 3.08731264e-03 -2.34401148e+00  3.08731264e-03  0.00000000e+00 
 3.08831264e-03 -2.34115467e+00  3.08831264e-03  0.00000000e+00 
 3.08931264e-03 -2.33830134e+00  3.08931264e-03  0.00000000e+00 
 3.09031264e-03 -2.33545150e+00  3.09031264e-03  0.00000000e+00 
 3.09131264e-03 -2.33260512e+00  3.09131264e-03  0.00000000e+00 
 3.09231264e-03 -2.32976221e+00  3.09231264e-03  0.00000000e+00 
 3.09331264e-03 -2.32692277e+00  3.09331264e-03  0.00000000e+00 
 3.09431264e-03 -2.32408679e+00  3.09431264e-03  0.00000000e+00 
 3.09531264e-03 -2.32125426e+00  3.09531264e-03  0.00000000e+00 
 3.09631264e-03 -2.31842519e+00  3.09631264e-03  0.00000000e+00 
 3.09731264e-03 -2.31559957e+00  3.09731264e-03  0.00000000e+00 
 3.09831264e-03 -2.31277739e+00  3.09831264e-03  0.00000000e+00 
 3.09931264e-03 -2.30995864e+00  3.09931264e-03  0.00000000e+00 
 3.10031264e-03 -2.30714334e+00  3.10031264e-03  0.00000000e+00 
 3.10131264e-03 -2.30433146e+00  3.10131264e-03  0.00000000e+00 
 3.10231264e-03 -2.30152301e+00  3.10231264e-03  0.00000000e+00 
 3.10331264e-03 -2.29871799e+00  3.10331264e-03  0.00000000e+00 
 3.10431264e-03 -2.29591638e+00  3.10431264e-03  0.00000000e+00 
 3.10531264e-03 -2.29311819e+00  3.10531264e-03  0.00000000e+00 
 3.10631264e-03 -2.29032341e+00  3.10631264e-03  0.00000000e+00 
 3.10731264e-03 -2.28753204e+00  3.10731264e-03  0.00000000e+00 
 3.10831264e-03 -2.28474406e+00  3.10831264e-03  0.00000000e+00 
 3.10931264e-03 -2.28195949e+00  3.10931264e-03  0.00000000e+00 
 3.11031264e-03 -2.27917830e+00  3.11031264e-03  0.00000000e+00 
 3.11131264e-03 -2.27640051e+00  3.11131264e-03  0.00000000e+00 
 3.11231264e-03 -2.27362611e+00  3.11231264e-03  0.00000000e+00 
 3.11331264e-03 -2.27085508e+00  3.11331264e-03  0.00000000e+00 
 3.11431264e-03 -2.26808743e+00  3.11431264e-03  0.00000000e+00 
 3.11531264e-03 -2.26532316e+00  3.11531264e-03  0.00000000e+00 
 3.11631264e-03 -2.26256225e+00  3.11631264e-03  0.00000000e+00 
 3.11731264e-03 -2.25980471e+00  3.11731264e-03  0.00000000e+00 
 3.11831264e-03 -2.25705053e+00  3.11831264e-03  0.00000000e+00 
 3.11931264e-03 -2.25429971e+00  3.11931264e-03  0.00000000e+00 
 3.12031264e-03 -2.25155224e+00  3.12031264e-03  0.00000000e+00 
 3.12131264e-03 -2.24880812e+00  3.12131264e-03  0.00000000e+00 
 3.12231264e-03 -2.24606734e+00  3.12231264e-03  0.00000000e+00 
 3.12331264e-03 -2.24332990e+00  3.12331264e-03  0.00000000e+00 
 3.12431264e-03 -2.24059580e+00  3.12431264e-03  0.00000000e+00 
 3.12531264e-03 -2.23786503e+00  3.12531264e-03  0.00000000e+00 
 3.12631264e-03 -2.23513759e+00  3.12631264e-03  0.00000000e+00 
 3.12731264e-03 -2.23241347e+00  3.12731264e-03  0.00000000e+00 
 3.12831264e-03 -2.22969268e+00  3.12831264e-03  0.00000000e+00 
 3.12931264e-03 -2.22697520e+00  3.12931264e-03  0.00000000e+00 
 3.13031264e-03 -2.22426103e+00  3.13031264e-03  0.00000000e+00 
 3.13131264e-03 -2.22155017e+00  3.13131264e-03  0.00000000e+00 
 3.13231264e-03 -2.21884261e+00  3.13231264e-03  0.00000000e+00 
 3.13331264e-03 -2.21613835e+00  3.13331264e-03  0.00000000e+00 
 3.13431264e-03 -2.21343739e+00  3.13431264e-03  0.00000000e+00 
 3.13531264e-03 -2.21073973e+00  3.13531264e-03  0.00000000e+00 
 3.13631264e-03 -2.20804534e+00  3.13631264e-03  0.00000000e+00 
 3.13731264e-03 -2.20535425e+00  3.13731264e-03  0.00000000e+00 
 3.13831264e-03 -2.20266643e+00  3.13831264e-03  0.00000000e+00 
 3.13931264e-03 -2.19998189e+00  3.13931264e-03  0.00000000e+00 
 3.14031264e-03 -2.19730062e+00  3.14031264e-03  0.00000000e+00 
 3.14131264e-03 -2.19462262e+00  3.14131264e-03  0.00000000e+00 
 3.14231264e-03 -2.19194788e+00  3.14231264e-03  0.00000000e+00 
 3.14331264e-03 -2.18927640e+00  3.14331264e-03  0.00000000e+00 
 3.14431264e-03 -2.18660818e+00  3.14431264e-03  0.00000000e+00 
 3.14531264e-03 -2.18394321e+00  3.14531264e-03  0.00000000e+00 
 3.14631264e-03 -2.18128148e+00  3.14631264e-03  0.00000000e+00 
 3.14731264e-03 -2.17862301e+00  3.14731264e-03  0.00000000e+00 
 3.14831264e-03 -2.17596777e+00  3.14831264e-03  0.00000000e+00 
 3.14931264e-03 -2.17331577e+00  3.14931264e-03  0.00000000e+00 
 3.15031264e-03 -2.17066700e+00  3.15031264e-03  0.00000000e+00 
 3.15131264e-03 -2.16802145e+00  3.15131264e-03  0.00000000e+00 
 3.15231264e-03 -2.16537914e+00  3.15231264e-03  0.00000000e+00 
 3.15331264e-03 -2.16274004e+00  3.15331264e-03  0.00000000e+00 
 3.15431264e-03 -2.16010416e+00  3.15431264e-03  0.00000000e+00 
 3.15531264e-03 -2.15747149e+00  3.15531264e-03  0.00000000e+00 
 3.15631264e-03 -2.15484203e+00  3.15631264e-03  0.00000000e+00 
 3.15731264e-03 -2.15221578e+00  3.15731264e-03  0.00000000e+00 
 3.15831264e-03 -2.14959272e+00  3.15831264e-03  0.00000000e+00 
 3.15931264e-03 -2.14697287e+00  3.15931264e-03  0.00000000e+00 
 3.16031264e-03 -2.14435620e+00  3.16031264e-03  0.00000000e+00 
 3.16131264e-03 -2.14174273e+00  3.16131264e-03  0.00000000e+00 
 3.16231264e-03 -2.13913244e+00  3.16231264e-03  0.00000000e+00 
 3.16331264e-03 -2.13652533e+00  3.16331264e-03  0.00000000e+00 
 3.16431264e-03 -2.13392140e+00  3.16431264e-03  0.00000000e+00 
 3.16531264e-03 -2.13132064e+00  3.16531264e-03  0.00000000e+00 
 3.16631264e-03 -2.12872305e+00  3.16631264e-03  0.00000000e+00 
 3.16731264e-03 -2.12612863e+00  3.16731264e-03  0.00000000e+00 
 3.16831264e-03 -2.12353737e+00  3.16831264e-03  0.00000000e+00 
 3.16931264e-03 -2.12094927e+00  3.16931264e-03  0.00000000e+00 
 3.17031264e-03 -2.11836432e+00  3.17031264e-03  0.00000000e+00 
 3.17131264e-03 -2.11578253e+00  3.17131264e-03  0.00000000e+00 
 3.17231264e-03 -2.11320387e+00  3.17231264e-03  0.00000000e+00 
 3.17331264e-03 -2.11062837e+00  3.17331264e-03  0.00000000e+00 
 3.17431264e-03 -2.10805600e+00  3.17431264e-03  0.00000000e+00 
 3.17531264e-03 -2.10548677e+00  3.17531264e-03  0.00000000e+00 
 3.17631264e-03 -2.10292066e+00  3.17631264e-03  0.00000000e+00 
 3.17731264e-03 -2.10035769e+00  3.17731264e-03  0.00000000e+00 
 3.17831264e-03 -2.09779784e+00  3.17831264e-03  0.00000000e+00 
 3.17931264e-03 -2.09524111e+00  3.17931264e-03  0.00000000e+00 
 3.18031264e-03 -2.09268749e+00  3.18031264e-03  0.00000000e+00 
 3.18131264e-03 -2.09013699e+00  3.18131264e-03  0.00000000e+00 
 3.18231264e-03 -2.08758959e+00  3.18231264e-03  0.00000000e+00 
 3.18331264e-03 -2.08504531e+00  3.18331264e-03  0.00000000e+00 
 3.18431264e-03 -2.08250412e+00  3.18431264e-03  0.00000000e+00 
 3.18531264e-03 -2.07996603e+00  3.18531264e-03  0.00000000e+00 
 3.18631264e-03 -2.07743103e+00  3.18631264e-03  0.00000000e+00 
 3.18731264e-03 -2.07489912e+00  3.18731264e-03  0.00000000e+00 
 3.18831264e-03 -2.07237030e+00  3.18831264e-03  0.00000000e+00 
 3.18931264e-03 -2.06984455e+00  3.18931264e-03  0.00000000e+00 
 3.19031264e-03 -2.06732189e+00  3.19031264e-03  0.00000000e+00 
 3.19131264e-03 -2.06480230e+00  3.19131264e-03  0.00000000e+00 
 3.19231264e-03 -2.06228579e+00  3.19231264e-03  0.00000000e+00 
 3.19331264e-03 -2.05977234e+00  3.19331264e-03  0.00000000e+00 
 3.19431264e-03 -2.05726195e+00  3.19431264e-03  0.00000000e+00 
 3.19531264e-03 -2.05475462e+00  3.19531264e-03  0.00000000e+00 
 3.19631264e-03 -2.05225035e+00  3.19631264e-03  0.00000000e+00 
 3.19731264e-03 -2.04974913e+00  3.19731264e-03  0.00000000e+00 
 3.19831264e-03 -2.04725096e+00  3.19831264e-03  0.00000000e+00 
 3.19931264e-03 -2.04475584e+00  3.19931264e-03  0.00000000e+00 
 3.20031264e-03 -2.04226375e+00  3.20031264e-03  0.00000000e+00 
 3.20131264e-03 -2.03977470e+00  3.20131264e-03  0.00000000e+00 
 3.20231264e-03 -2.03728869e+00  3.20231264e-03  0.00000000e+00 
 3.20331264e-03 -2.03480570e+00  3.20331264e-03  0.00000000e+00 
 3.20431264e-03 -2.03232575e+00  3.20431264e-03  0.00000000e+00 
 3.20531264e-03 -2.02984881e+00  3.20531264e-03  0.00000000e+00 
 3.20631264e-03 -2.02737489e+00  3.20631264e-03  0.00000000e+00 
 3.20731264e-03 -2.02490399e+00  3.20731264e-03  0.00000000e+00 
 3.20831264e-03 -2.02243610e+00  3.20831264e-03  0.00000000e+00 
 3.20931264e-03 -2.01997122e+00  3.20931264e-03  0.00000000e+00 
 3.21031264e-03 -2.01750934e+00  3.21031264e-03  0.00000000e+00 
 3.21131264e-03 -2.01505046e+00  3.21131264e-03  0.00000000e+00 
 3.21231264e-03 -2.01259458e+00  3.21231264e-03  0.00000000e+00 
 3.21331264e-03 -2.01014169e+00  3.21331264e-03  0.00000000e+00 
 3.21431264e-03 -2.00769179e+00  3.21431264e-03  0.00000000e+00 
 3.21531264e-03 -2.00524488e+00  3.21531264e-03  0.00000000e+00 
 3.21631264e-03 -2.00280095e+00  3.21631264e-03  0.00000000e+00 
 3.21731264e-03 -2.00036000e+00  3.21731264e-03  0.00000000e+00 
 3.21831264e-03 -1.99792202e+00  3.21831264e-03  0.00000000e+00 
 3.21931264e-03 -1.99548702e+00  3.21931264e-03  0.00000000e+00 
 3.22031264e-03 -1.99305498e+00  3.22031264e-03  0.00000000e+00 
 3.22131264e-03 -1.99062591e+00  3.22131264e-03  0.00000000e+00 
 3.22231264e-03 -1.98819979e+00  3.22231264e-03  0.00000000e+00 
 3.22331264e-03 -1.98577664e+00  3.22331264e-03  0.00000000e+00 
 3.22431264e-03 -1.98335643e+00  3.22431264e-03  0.00000000e+00 
 3.22531264e-03 -1.98093918e+00  3.22531264e-03  0.00000000e+00 
 3.22631264e-03 -1.97852487e+00  3.22631264e-03  0.00000000e+00 
 3.22731264e-03 -1.97611351e+00  3.22731264e-03  0.00000000e+00 
 3.22831264e-03 -1.97370508e+00  3.22831264e-03  0.00000000e+00 
 3.22931264e-03 -1.97129959e+00  3.22931264e-03  0.00000000e+00 
 3.23031264e-03 -1.96889703e+00  3.23031264e-03  0.00000000e+00 
 3.23131264e-03 -1.96649740e+00  3.23131264e-03  0.00000000e+00 
 3.23231264e-03 -1.96410070e+00  3.23231264e-03  0.00000000e+00 
 3.23331264e-03 -1.96170691e+00  3.23331264e-03  0.00000000e+00 
 3.23431264e-03 -1.95931604e+00  3.23431264e-03  0.00000000e+00 
 3.23531264e-03 -1.95692809e+00  3.23531264e-03  0.00000000e+00 
 3.23631264e-03 -1.95454305e+00  3.23631264e-03  0.00000000e+00 
 3.23731264e-03 -1.95216091e+00  3.23731264e-03  0.00000000e+00 
 3.23831264e-03 -1.94978168e+00  3.23831264e-03  0.00000000e+00 
 3.23931264e-03 -1.94740534e+00  3.23931264e-03  0.00000000e+00 
 3.24031264e-03 -1.94503190e+00  3.24031264e-03  0.00000000e+00 
 3.24131264e-03 -1.94266136e+00  3.24131264e-03  0.00000000e+00 
 3.24231264e-03 -1.94029370e+00  3.24231264e-03  0.00000000e+00 
 3.24331264e-03 -1.93792893e+00  3.24331264e-03  0.00000000e+00 
 3.24431264e-03 -1.93556705e+00  3.24431264e-03  0.00000000e+00 
 3.24531264e-03 -1.93320804e+00  3.24531264e-03  0.00000000e+00 
 3.24631264e-03 -1.93085190e+00  3.24631264e-03  0.00000000e+00 
 3.24731264e-03 -1.92849864e+00  3.24731264e-03  0.00000000e+00 
 3.24831264e-03 -1.92614825e+00  3.24831264e-03  0.00000000e+00 
 3.24931264e-03 -1.92380072e+00  3.24931264e-03  0.00000000e+00 
 3.25031264e-03 -1.92145605e+00  3.25031264e-03  0.00000000e+00 
 3.25131264e-03 -1.91911424e+00  3.25131264e-03  0.00000000e+00 
 3.25231264e-03 -1.91677528e+00  3.25231264e-03  0.00000000e+00 
 3.25331264e-03 -1.91443917e+00  3.25331264e-03  0.00000000e+00 
 3.25431264e-03 -1.91210591e+00  3.25431264e-03  0.00000000e+00 
 3.25531264e-03 -1.90977550e+00  3.25531264e-03  0.00000000e+00 
 3.25631264e-03 -1.90744792e+00  3.25631264e-03  0.00000000e+00 
 3.25731264e-03 -1.90512318e+00  3.25731264e-03  0.00000000e+00 
 3.25831264e-03 -1.90280128e+00  3.25831264e-03  0.00000000e+00 
 3.25931264e-03 -1.90048220e+00  3.25931264e-03  0.00000000e+00 
 3.26031264e-03 -1.89816596e+00  3.26031264e-03  0.00000000e+00 
 3.26131264e-03 -1.89585253e+00  3.26131264e-03  0.00000000e+00 
 3.26231264e-03 -1.89354192e+00  3.26231264e-03  0.00000000e+00 
 3.26331264e-03 -1.89123413e+00  3.26331264e-03  0.00000000e+00 
 3.26431264e-03 -1.88892916e+00  3.26431264e-03  0.00000000e+00 
 3.26531264e-03 -1.88662699e+00  3.26531264e-03  0.00000000e+00 
 3.26631264e-03 -1.88432762e+00  3.26631264e-03  0.00000000e+00 
 3.26731264e-03 -1.88203106e+00  3.26731264e-03  0.00000000e+00 
 3.26831264e-03 -1.87973730e+00  3.26831264e-03  0.00000000e+00 
 3.26931264e-03 -1.87744634e+00  3.26931264e-03  0.00000000e+00 
 3.27031264e-03 -1.87515816e+00  3.27031264e-03  0.00000000e+00 
 3.27131264e-03 -1.87287278e+00  3.27131264e-03  0.00000000e+00 
 3.27231264e-03 -1.87059018e+00  3.27231264e-03  0.00000000e+00 
 3.27331264e-03 -1.86831036e+00  3.27331264e-03  0.00000000e+00 
 3.27431264e-03 -1.86603332e+00  3.27431264e-03  0.00000000e+00 
 3.27531264e-03 -1.86375906e+00  3.27531264e-03  0.00000000e+00 
 3.27631264e-03 -1.86148757e+00  3.27631264e-03  0.00000000e+00 
 3.27731264e-03 -1.85921884e+00  3.27731264e-03  0.00000000e+00 
 3.27831264e-03 -1.85695289e+00  3.27831264e-03  0.00000000e+00 
 3.27931264e-03 -1.85468969e+00  3.27931264e-03  0.00000000e+00 
 3.28000000e-03 -1.85313566e+00  3.28000000e-03  0.00000000e+00 
 3.28000010e-03 -1.35313549e+00  3.28000010e-03  5.00000000e-01 
 3.28000030e-03 -3.53135285e-01  3.28000030e-03  1.50000000e+00 
 3.28000070e-03  1.64686440e+00  3.28000070e-03  3.50000000e+00 
 3.28000100e-03  3.14686352e+00  3.28000100e-03  5.00000000e+00 
 3.28000108e-03  3.14686321e+00  3.28000108e-03  5.00000000e+00 
 3.28000124e-03  3.14686260e+00  3.28000124e-03  5.00000000e+00 
 3.28000156e-03  3.14686137e+00  3.28000156e-03  5.00000000e+00 
 3.28000220e-03  3.14685892e+00  3.28000220e-03  5.00000000e+00 
 3.28000348e-03  3.14685400e+00  3.28000348e-03  5.00000000e+00 
 3.28000604e-03  3.14684418e+00  3.28000604e-03  5.00000000e+00 
 3.28001116e-03  3.14682453e+00  3.28001116e-03  5.00000000e+00 
 3.28002140e-03  3.14678524e+00  3.28002140e-03  5.00000000e+00 
 3.28004188e-03  3.14670664e+00  3.28004188e-03  5.00000000e+00 
 3.28008284e-03  3.14654947e+00  3.28008284e-03  5.00000000e+00 
 3.28016476e-03  3.14623513e+00  3.28016476e-03  5.00000000e+00 
 3.28032860e-03  3.14560656e+00  3.28032860e-03  5.00000000e+00 
 3.28065628e-03  3.14434980e+00  3.28065628e-03  5.00000000e+00 
 3.28131164e-03  3.14183778e+00  3.28131164e-03  5.00000000e+00 
 3.28231164e-03  3.13800860e+00  3.28231164e-03  5.00000000e+00 
 3.28331164e-03  3.13418409e+00  3.28331164e-03  5.00000000e+00 
 3.28431164e-03  3.13036425e+00  3.28431164e-03  5.00000000e+00 
 3.28531164e-03  3.12654906e+00  3.28531164e-03  5.00000000e+00 
 3.28631164e-03  3.12273852e+00  3.28631164e-03  5.00000000e+00 
 3.28731164e-03  3.11893262e+00  3.28731164e-03  5.00000000e+00 
 3.28831164e-03  3.11513136e+00  3.28831164e-03  5.00000000e+00 
 3.28931164e-03  3.11133473e+00  3.28931164e-03  5.00000000e+00 
 3.29031164e-03  3.10754274e+00  3.29031164e-03  5.00000000e+00 
 3.29131164e-03  3.10375536e+00  3.29131164e-03  5.00000000e+00 
 3.29231164e-03  3.09997260e+00  3.29231164e-03  5.00000000e+00 
 3.29331164e-03  3.09619445e+00  3.29331164e-03  5.00000000e+00 
 3.29431164e-03  3.09242090e+00  3.29431164e-03  5.00000000e+00 
 3.29531164e-03  3.08865195e+00  3.29531164e-03  5.00000000e+00 
 3.29631164e-03  3.08488760e+00  3.29631164e-03  5.00000000e+00 
 3.29731164e-03  3.08112784e+00  3.29731164e-03  5.00000000e+00 
 3.29831164e-03  3.07737265e+00  3.29831164e-03  5.00000000e+00 
 3.29931164e-03  3.07362205e+00  3.29931164e-03  5.00000000e+00 
 3.30031164e-03  3.06987601e+00  3.30031164e-03  5.00000000e+00 
 3.30131164e-03  3.06613454e+00  3.30131164e-03  5.00000000e+00 
 3.30231164e-03  3.06239763e+00  3.30231164e-03  5.00000000e+00 
 3.30331164e-03  3.05866528e+00  3.30331164e-03  5.00000000e+00 
 3.30431164e-03  3.05493747e+00  3.30431164e-03  5.00000000e+00 
 3.30531164e-03  3.05121421e+00  3.30531164e-03  5.00000000e+00 
 3.30631164e-03  3.04749548e+00  3.30631164e-03  5.00000000e+00 
 3.30731164e-03  3.04378129e+00  3.30731164e-03  5.00000000e+00 
 3.30831164e-03  3.04007162e+00  3.30831164e-03  5.00000000e+00 
 3.30931164e-03  3.03636648e+00  3.30931164e-03  5.00000000e+00 
 3.31031164e-03  3.03266585e+00  3.31031164e-03  5.00000000e+00 
 3.31131164e-03  3.02896973e+00  3.31131164e-03  5.00000000e+00 
 3.31231164e-03  3.02527811e+00  3.31231164e-03  5.00000000e+00 
 3.31331164e-03  3.02159100e+00  3.31331164e-03  5.00000000e+00 
 3.31431164e-03  3.01790838e+00  3.31431164e-03  5.00000000e+00 
 3.31531164e-03  3.01423024e+00  3.31531164e-03  5.00000000e+00 
 3.31631164e-03  3.01055659e+00  3.31631164e-03  5.00000000e+00 
 3.31731164e-03  3.00688742e+00  3.31731164e-03  5.00000000e+00 
 3.31831164e-03  3.00322272e+00  3.31831164e-03  5.00000000e+00 
 3.31931164e-03  2.99956248e+00  3.31931164e-03  5.00000000e+00 
 3.32031164e-03  2.99590671e+00  3.32031164e-03  5.00000000e+00 
 3.32131164e-03  2.99225539e+00  3.32131164e-03  5.00000000e+00 
 3.32231164e-03  2.98860852e+00  3.32231164e-03  5.00000000e+00 
 3.32331164e-03  2.98496610e+00  3.32331164e-03  5.00000000e+00 
 3.32431164e-03  2.98132811e+00  3.32431164e-03  5.00000000e+00 
 3.32531164e-03  2.97769456e+00  3.32531164e-03  5.00000000e+00 
 3.32631164e-03  2.97406544e+00  3.32631164e-03  5.00000000e+00 
 3.32731164e-03  2.97044074e+00  3.32731164e-03  5.00000000e+00 
 3.32831164e-03  2.96682046e+00  3.32831164e-03  5.00000000e+00 
 3.32931164e-03  2.96320459e+00  3.32931164e-03  5.00000000e+00 
 3.33031164e-03  2.95959313e+00  3.33031164e-03  5.00000000e+00 
 3.33131164e-03  2.95598607e+00  3.33131164e-03  5.00000000e+00 
 3.33231164e-03  2.95238341e+00  3.33231164e-03  5.00000000e+00 
 3.33331164e-03  2.94878513e+00  3.33331164e-03  5.00000000e+00 
 3.33431164e-03  2.94519124e+00  3.33431164e-03  5.00000000e+00 
 3.33531164e-03  2.94160174e+00  3.33531164e-03  5.00000000e+00 
 3.33631164e-03  2.93801660e+00  3.33631164e-03  5.00000000e+00 
 3.33731164e-03  2.93443584e+00  3.33731164e-03  5.00000000e+00 
 3.33831164e-03  2.93085944e+00  3.33831164e-03  5.00000000e+00 
 3.33931164e-03  2.92728740e+00  3.33931164e-03  5.00000000e+00 
 3.34031164e-03  2.92371971e+00  3.34031164e-03  5.00000000e+00 
 3.34131164e-03  2.92015637e+00  3.34131164e-03  5.00000000e+00 
 3.34231164e-03  2.91659738e+00  3.34231164e-03  5.00000000e+00 
 3.34331164e-03  2.91304272e+00  3.34331164e-03  5.00000000e+00 
 3.34431164e-03  2.90949239e+00  3.34431164e-03  5.00000000e+00 
 3.34531164e-03  2.90594639e+00  3.34531164e-03  5.00000000e+00 
 3.34631164e-03  2.90240471e+00  3.34631164e-03  5.00000000e+00 
 3.34731164e-03  2.89886735e+00  3.34731164e-03  5.00000000e+00 
 3.34831164e-03  2.89533430e+00  3.34831164e-03  5.00000000e+00 
 3.34931164e-03  2.89180556e+00  3.34931164e-03  5.00000000e+00 
 3.35031164e-03  2.88828112e+00  3.35031164e-03  5.00000000e+00 
 3.35131164e-03  2.88476097e+00  3.35131164e-03  5.00000000e+00 
 3.35231164e-03  2.88124511e+00  3.35231164e-03  5.00000000e+00 
 3.35331164e-03  2.87773354e+00  3.35331164e-03  5.00000000e+00 
 3.35431164e-03  2.87422625e+00  3.35431164e-03  5.00000000e+00 
 3.35531164e-03  2.87072323e+00  3.35531164e-03  5.00000000e+00 
 3.35631164e-03  2.86722448e+00  3.35631164e-03  5.00000000e+00 
 3.35731164e-03  2.86373000e+00  3.35731164e-03  5.00000000e+00 
 3.35831164e-03  2.86023977e+00  3.35831164e-03  5.00000000e+00 
 3.35931164e-03  2.85675380e+00  3.35931164e-03  5.00000000e+00 
 3.36031164e-03  2.85327208e+00  3.36031164e-03  5.00000000e+00 
 3.36131164e-03  2.84979460e+00  3.36131164e-03  5.00000000e+00 
 3.36231164e-03  2.84632135e+00  3.36231164e-03  5.00000000e+00 
 3.36331164e-03  2.84285235e+00  3.36331164e-03  5.00000000e+00 
 3.36431164e-03  2.83938757e+00  3.36431164e-03  5.00000000e+00 
 3.36531164e-03  2.83592701e+00  3.36531164e-03  5.00000000e+00 
 3.36631164e-03  2.83247067e+00  3.36631164e-03  5.00000000e+00 
 3.36731164e-03  2.82901854e+00  3.36731164e-03  5.00000000e+00 
 3.36831164e-03  2.82557062e+00  3.36831164e-03  5.00000000e+00 
 3.36931164e-03  2.82212690e+00  3.36931164e-03  5.00000000e+00 
 3.37031164e-03  2.81868738e+00  3.37031164e-03  5.00000000e+00 
 3.37131164e-03  2.81525205e+00  3.37131164e-03  5.00000000e+00 
 3.37231164e-03  2.81182091e+00  3.37231164e-03  5.00000000e+00 
 3.37331164e-03  2.80839395e+00  3.37331164e-03  5.00000000e+00 
 3.37431164e-03  2.80497117e+00  3.37431164e-03  5.00000000e+00 
 3.37531164e-03  2.80155255e+00  3.37531164e-03  5.00000000e+00 
 3.37631164e-03  2.79813811e+00  3.37631164e-03  5.00000000e+00 
 3.37731164e-03  2.79472783e+00  3.37731164e-03  5.00000000e+00 
 3.37831164e-03  2.79132170e+00  3.37831164e-03  5.00000000e+00 
 3.37931164e-03  2.78791972e+00  3.37931164e-03  5.00000000e+00 
 3.38031164e-03  2.78452189e+00  3.38031164e-03  5.00000000e+00 
 3.38131164e-03  2.78112820e+00  3.38131164e-03  5.00000000e+00 
 3.38231164e-03  2.77773865e+00  3.38231164e-03  5.00000000e+00 
 3.38331164e-03  2.77435323e+00  3.38331164e-03  5.00000000e+00 
 3.38431164e-03  2.77097193e+00  3.38431164e-03  5.00000000e+00 
 3.38531164e-03  2.76759476e+00  3.38531164e-03  5.00000000e+00 
 3.38631164e-03  2.76422170e+00  3.38631164e-03  5.00000000e+00 
 3.38731164e-03  2.76085275e+00  3.38731164e-03  5.00000000e+00 
 3.38831164e-03  2.75748791e+00  3.38831164e-03  5.00000000e+00 
 3.38931164e-03  2.75412717e+00  3.38931164e-03  5.00000000e+00 
 3.39031164e-03  2.75077052e+00  3.39031164e-03  5.00000000e+00 
 3.39131164e-03  2.74741797e+00  3.39131164e-03  5.00000000e+00 
 3.39231164e-03  2.74406950e+00  3.39231164e-03  5.00000000e+00 
 3.39331164e-03  2.74072511e+00  3.39331164e-03  5.00000000e+00 
 3.39431164e-03  2.73738480e+00  3.39431164e-03  5.00000000e+00 
 3.39531164e-03  2.73404856e+00  3.39531164e-03  5.00000000e+00 
 3.39631164e-03  2.73071639e+00  3.39631164e-03  5.00000000e+00 
 3.39731164e-03  2.72738828e+00  3.39731164e-03  5.00000000e+00 
 3.39831164e-03  2.72406422e+00  3.39831164e-03  5.00000000e+00 
 3.39931164e-03  2.72074421e+00  3.39931164e-03  5.00000000e+00 
 3.40031164e-03  2.71742826e+00  3.40031164e-03  5.00000000e+00 
 3.40131164e-03  2.71411634e+00  3.40131164e-03  5.00000000e+00 
 3.40231164e-03  2.71080846e+00  3.40231164e-03  5.00000000e+00 
 3.40331164e-03  2.70750461e+00  3.40331164e-03  5.00000000e+00 
 3.40431164e-03  2.70420478e+00  3.40431164e-03  5.00000000e+00 
 3.40531164e-03  2.70090898e+00  3.40531164e-03  5.00000000e+00 
 3.40631164e-03  2.69761720e+00  3.40631164e-03  5.00000000e+00 
 3.40731164e-03  2.69432943e+00  3.40731164e-03  5.00000000e+00 
 3.40831164e-03  2.69104566e+00  3.40831164e-03  5.00000000e+00 
 3.40931164e-03  2.68776590e+00  3.40931164e-03  5.00000000e+00 
 3.41031164e-03  2.68449013e+00  3.41031164e-03  5.00000000e+00 
 3.41131164e-03  2.68121836e+00  3.41131164e-03  5.00000000e+00 
 3.41231164e-03  2.67795057e+00  3.41231164e-03  5.00000000e+00 
 3.41331164e-03  2.67468677e+00  3.41331164e-03  5.00000000e+00 
 3.41431164e-03  2.67142694e+00  3.41431164e-03  5.00000000e+00 
 3.41531164e-03  2.66817109e+00  3.41531164e-03  5.00000000e+00 
 3.41631164e-03  2.66491921e+00  3.41631164e-03  5.00000000e+00 
 3.41731164e-03  2.66167129e+00  3.41731164e-03  5.00000000e+00 
 3.41831164e-03  2.65842732e+00  3.41831164e-03  5.00000000e+00 
 3.41931164e-03  2.65518732e+00  3.41931164e-03  5.00000000e+00 
 3.42031164e-03  2.65195126e+00  3.42031164e-03  5.00000000e+00 
 3.42131164e-03  2.64871914e+00  3.42131164e-03  5.00000000e+00 
 3.42231164e-03  2.64549096e+00  3.42231164e-03  5.00000000e+00 
 3.42331164e-03  2.64226672e+00  3.42331164e-03  5.00000000e+00 
 3.42431164e-03  2.63904641e+00  3.42431164e-03  5.00000000e+00 
 3.42531164e-03  2.63583002e+00  3.42531164e-03  5.00000000e+00 
 3.42631164e-03  2.63261755e+00  3.42631164e-03  5.00000000e+00 
 3.42731164e-03  2.62940900e+00  3.42731164e-03  5.00000000e+00 
 3.42831164e-03  2.62620436e+00  3.42831164e-03  5.00000000e+00 
 3.42931164e-03  2.62300362e+00  3.42931164e-03  5.00000000e+00 
 3.43031164e-03  2.61980678e+00  3.43031164e-03  5.00000000e+00 
 3.43131164e-03  2.61661384e+00  3.43131164e-03  5.00000000e+00 
 3.43231164e-03  2.61342480e+00  3.43231164e-03  5.00000000e+00 
 3.43331164e-03  2.61023964e+00  3.43331164e-03  5.00000000e+00 
 3.43431164e-03  2.60705836e+00  3.43431164e-03  5.00000000e+00 
 3.43531164e-03  2.60388095e+00  3.43531164e-03  5.00000000e+00 
 3.43631164e-03  2.60070742e+00  3.43631164e-03  5.00000000e+00 
 3.43731164e-03  2.59753776e+00  3.43731164e-03  5.00000000e+00 
 3.43831164e-03  2.59437196e+00  3.43831164e-03  5.00000000e+00 
 3.43931164e-03  2.59121002e+00  3.43931164e-03  5.00000000e+00 
 3.44031164e-03  2.58805194e+00  3.44031164e-03  5.00000000e+00 
 3.44131164e-03  2.58489770e+00  3.44131164e-03  5.00000000e+00 
 3.44231164e-03  2.58174731e+00  3.44231164e-03  5.00000000e+00 
 3.44331164e-03  2.57860075e+00  3.44331164e-03  5.00000000e+00 
 3.44431164e-03  2.57545803e+00  3.44431164e-03  5.00000000e+00 
 3.44531164e-03  2.57231915e+00  3.44531164e-03  5.00000000e+00 
 3.44631164e-03  2.56918408e+00  3.44631164e-03  5.00000000e+00 
 3.44731164e-03  2.56605284e+00  3.44731164e-03  5.00000000e+00 
 3.44831164e-03  2.56292541e+00  3.44831164e-03  5.00000000e+00 
 3.44931164e-03  2.55980180e+00  3.44931164e-03  5.00000000e+00 
 3.45031164e-03  2.55668199e+00  3.45031164e-03  5.00000000e+00 
 3.45131164e-03  2.55356599e+00  3.45131164e-03  5.00000000e+00 
 3.45231164e-03  2.55045378e+00  3.45231164e-03  5.00000000e+00 
 3.45331164e-03  2.54734537e+00  3.45331164e-03  5.00000000e+00 
 3.45431164e-03  2.54424074e+00  3.45431164e-03  5.00000000e+00 
 3.45531164e-03  2.54113990e+00  3.45531164e-03  5.00000000e+00 
 3.45631164e-03  2.53804284e+00  3.45631164e-03  5.00000000e+00 
 3.45731164e-03  2.53494955e+00  3.45731164e-03  5.00000000e+00 
 3.45831164e-03  2.53186003e+00  3.45831164e-03  5.00000000e+00 
 3.45931164e-03  2.52877428e+00  3.45931164e-03  5.00000000e+00 
 3.46031164e-03  2.52569229e+00  3.46031164e-03  5.00000000e+00 
 3.46131164e-03  2.52261405e+00  3.46131164e-03  5.00000000e+00 
 3.46231164e-03  2.51953957e+00  3.46231164e-03  5.00000000e+00 
 3.46331164e-03  2.51646883e+00  3.46331164e-03  5.00000000e+00 
 3.46431164e-03  2.51340184e+00  3.46431164e-03  5.00000000e+00 
 3.46531164e-03  2.51033858e+00  3.46531164e-03  5.00000000e+00 
 3.46631164e-03  2.50727906e+00  3.46631164e-03  5.00000000e+00 
 3.46731164e-03  2.50422326e+00  3.46731164e-03  5.00000000e+00 
 3.46831164e-03  2.50117119e+00  3.46831164e-03  5.00000000e+00 
 3.46931164e-03  2.49812284e+00  3.46931164e-03  5.00000000e+00 
 3.47031164e-03  2.49507821e+00  3.47031164e-03  5.00000000e+00 
 3.47131164e-03  2.49203728e+00  3.47131164e-03  5.00000000e+00 
 3.47231164e-03  2.48900007e+00  3.47231164e-03  5.00000000e+00 
 3.47331164e-03  2.48596655e+00  3.47331164e-03  5.00000000e+00 
 3.47431164e-03  2.48293673e+00  3.47431164e-03  5.00000000e+00 
 3.47531164e-03  2.47991060e+00  3.47531164e-03  5.00000000e+00 
 3.47631164e-03  2.47688817e+00  3.47631164e-03  5.00000000e+00 
 3.47731164e-03  2.47386941e+00  3.47731164e-03  5.00000000e+00 
 3.47831164e-03  2.47085434e+00  3.47831164e-03  5.00000000e+00 
 3.47931164e-03  2.46784293e+00  3.47931164e-03  5.00000000e+00 
 3.48031164e-03  2.46483520e+00  3.48031164e-03  5.00000000e+00 
 3.48131164e-03  2.46183114e+00  3.48131164e-03  5.00000000e+00 
 3.48231164e-03  2.45883074e+00  3.48231164e-03  5.00000000e+00 
 3.48331164e-03  2.45583399e+00  3.48331164e-03  5.00000000e+00 
 3.48431164e-03  2.45284089e+00  3.48431164e-03  5.00000000e+00 
 3.48531164e-03  2.44985145e+00  3.48531164e-03  5.00000000e+00 
 3.48631164e-03  2.44686565e+00  3.48631164e-03  5.00000000e+00 
 3.48731164e-03  2.44388348e+00  3.48731164e-03  5.00000000e+00 
 3.48831164e-03  2.44090495e+00  3.48831164e-03  5.00000000e+00 
 3.48931164e-03  2.43793005e+00  3.48931164e-03  5.00000000e+00 
 3.49031164e-03  2.43495878e+00  3.49031164e-03  5.00000000e+00 
 3.49131164e-03  2.43199113e+00  3.49131164e-03  5.00000000e+00 
 3.49231164e-03  2.42902709e+00  3.49231164e-03  5.00000000e+00 
 3.49331164e-03  2.42606667e+00  3.49331164e-03  5.00000000e+00 
 3.49431164e-03  2.42310985e+00  3.49431164e-03  5.00000000e+00 
 3.49531164e-03  2.42015664e+00  3.49531164e-03  5.00000000e+00 
 3.49631164e-03  2.41720703e+00  3.49631164e-03  5.00000000e+00 
 3.49731164e-03  2.41426101e+00  3.49731164e-03  5.00000000e+00 
 3.49831164e-03  2.41131859e+00  3.49831164e-03  5.00000000e+00 
 3.49931164e-03  2.40837975e+00  3.49931164e-03  5.00000000e+00 
 3.50031164e-03  2.40544449e+00  3.50031164e-03  5.00000000e+00 
 3.50131164e-03  2.40251281e+00  3.50131164e-03  5.00000000e+00 
 3.50231164e-03  2.39958470e+00  3.50231164e-03  5.00000000e+00 
 3.50331164e-03  2.39666016e+00  3.50331164e-03  5.00000000e+00 
 3.50431164e-03  2.39373918e+00  3.50431164e-03  5.00000000e+00 
 3.50531164e-03  2.39082177e+00  3.50531164e-03  5.00000000e+00 
 3.50631164e-03  2.38790791e+00  3.50631164e-03  5.00000000e+00 
 3.50731164e-03  2.38499760e+00  3.50731164e-03  5.00000000e+00 
 3.50831164e-03  2.38209084e+00  3.50831164e-03  5.00000000e+00 
 3.50931164e-03  2.37918762e+00  3.50931164e-03  5.00000000e+00 
 3.51031164e-03  2.37628794e+00  3.51031164e-03  5.00000000e+00 
 3.51131164e-03  2.37339179e+00  3.51131164e-03  5.00000000e+00 
 3.51231164e-03  2.37049918e+00  3.51231164e-03  5.00000000e+00 
 3.51331164e-03  2.36761009e+00  3.51331164e-03  5.00000000e+00 
 3.51431164e-03  2.36472452e+00  3.51431164e-03  5.00000000e+00 
 3.51531164e-03  2.36184246e+00  3.51531164e-03  5.00000000e+00 
 3.51631164e-03  2.35896392e+00  3.51631164e-03  5.00000000e+00 
 3.51731164e-03  2.35608889e+00  3.51731164e-03  5.00000000e+00 
 3.51831164e-03  2.35321736e+00  3.51831164e-03  5.00000000e+00 
 3.51931164e-03  2.35034933e+00  3.51931164e-03  5.00000000e+00 
 3.52031164e-03  2.34748480e+00  3.52031164e-03  5.00000000e+00 
 3.52131164e-03  2.34462376e+00  3.52131164e-03  5.00000000e+00 
 3.52231164e-03  2.34176620e+00  3.52231164e-03  5.00000000e+00 
 3.52331164e-03  2.33891213e+00  3.52331164e-03  5.00000000e+00 
 3.52431164e-03  2.33606154e+00  3.52431164e-03  5.00000000e+00 
 3.52531164e-03  2.33321442e+00  3.52531164e-03  5.00000000e+00 
 3.52631164e-03  2.33037077e+00  3.52631164e-03  5.00000000e+00 
 3.52731164e-03  2.32753058e+00  3.52731164e-03  5.00000000e+00 
 3.52831164e-03  2.32469386e+00  3.52831164e-03  5.00000000e+00 
 3.52931164e-03  2.32186060e+00  3.52931164e-03  5.00000000e+00 
 3.53031164e-03  2.31903079e+00  3.53031164e-03  5.00000000e+00 
 3.53131164e-03  2.31620442e+00  3.53131164e-03  5.00000000e+00 
 3.53231164e-03  2.31338150e+00  3.53231164e-03  5.00000000e+00 
 3.53331164e-03  2.31056203e+00  3.53331164e-03  5.00000000e+00 
 3.53431164e-03  2.30774599e+00  3.53431164e-03  5.00000000e+00 
 3.53531164e-03  2.30493338e+00  3.53531164e-03  5.00000000e+00 
 3.53631164e-03  2.30212419e+00  3.53631164e-03  5.00000000e+00 
 3.53731164e-03  2.29931844e+00  3.53731164e-03  5.00000000e+00 
 3.53831164e-03  2.29651610e+00  3.53831164e-03  5.00000000e+00 
 3.53931164e-03  2.29371718e+00  3.53931164e-03  5.00000000e+00 
 3.54031164e-03  2.29092166e+00  3.54031164e-03  5.00000000e+00 
 3.54131164e-03  2.28812956e+00  3.54131164e-03  5.00000000e+00 
 3.54231164e-03  2.28534086e+00  3.54231164e-03  5.00000000e+00 
 3.54331164e-03  2.28255556e+00  3.54331164e-03  5.00000000e+00 
 3.54431164e-03  2.27977365e+00  3.54431164e-03  5.00000000e+00 
 3.54531164e-03  2.27699513e+00  3.54531164e-03  5.00000000e+00 
 3.54631164e-03  2.27422000e+00  3.54631164e-03  5.00000000e+00 
 3.54731164e-03  2.27144825e+00  3.54731164e-03  5.00000000e+00 
 3.54831164e-03  2.26867988e+00  3.54831164e-03  5.00000000e+00 
 3.54931164e-03  2.26591488e+00  3.54931164e-03  5.00000000e+00 
 3.55031164e-03  2.26315326e+00  3.55031164e-03  5.00000000e+00 
 3.55131164e-03  2.26039499e+00  3.55131164e-03  5.00000000e+00 
 3.55231164e-03  2.25764010e+00  3.55231164e-03  5.00000000e+00 
 3.55331164e-03  2.25488855e+00  3.55331164e-03  5.00000000e+00 
 3.55431164e-03  2.25214037e+00  3.55431164e-03  5.00000000e+00 
 3.55531164e-03  2.24939553e+00  3.55531164e-03  5.00000000e+00 
 3.55631164e-03  2.24665403e+00  3.55631164e-03  5.00000000e+00 
 3.55731164e-03  2.24391588e+00  3.55731164e-03  5.00000000e+00 
 3.55831164e-03  2.24118106e+00  3.55831164e-03  5.00000000e+00 
 3.55931164e-03  2.23844958e+00  3.55931164e-03  5.00000000e+00 
 3.56031164e-03  2.23572143e+00  3.56031164e-03  5.00000000e+00 
 3.56131164e-03  2.23299660e+00  3.56131164e-03  5.00000000e+00 
 3.56231164e-03  2.23027509e+00  3.56231164e-03  5.00000000e+00 
 3.56331164e-03  2.22755690e+00  3.56331164e-03  5.00000000e+00 
 3.56431164e-03  2.22484203e+00  3.56431164e-03  5.00000000e+00 
 3.56531164e-03  2.22213046e+00  3.56531164e-03  5.00000000e+00 
 3.56631164e-03  2.21942219e+00  3.56631164e-03  5.00000000e+00 
 3.56731164e-03  2.21671723e+00  3.56731164e-03  5.00000000e+00 
 3.56831164e-03  2.21401557e+00  3.56831164e-03  5.00000000e+00 
 3.56931164e-03  2.21131719e+00  3.56931164e-03  5.00000000e+00 
 3.57031164e-03  2.20862211e+00  3.57031164e-03  5.00000000e+00 
 3.57131164e-03  2.20593031e+00  3.57131164e-03  5.00000000e+00 
 3.57231164e-03  2.20324179e+00  3.57231164e-03  5.00000000e+00 
 3.57331164e-03  2.20055654e+00  3.57331164e-03  5.00000000e+00 
 3.57431164e-03  2.19787457e+00  3.57431164e-03  5.00000000e+00 
 3.57531164e-03  2.19519587e+00  3.57531164e-03  5.00000000e+00 
 3.57631164e-03  2.19252044e+00  3.57631164e-03  5.00000000e+00 
 3.57731164e-03  2.18984826e+00  3.57731164e-03  5.00000000e+00 
 3.57831164e-03  2.18717934e+00  3.57831164e-03  5.00000000e+00 
 3.57931164e-03  2.18451367e+00  3.57931164e-03  5.00000000e+00 
 3.58031164e-03  2.18185126e+00  3.58031164e-03  5.00000000e+00 
 3.58131164e-03  2.17919208e+00  3.58131164e-03  5.00000000e+00 
 3.58231164e-03  2.17653615e+00  3.58231164e-03  5.00000000e+00 
 3.58331164e-03  2.17388346e+00  3.58331164e-03  5.00000000e+00 
 3.58431164e-03  2.17123399e+00  3.58431164e-03  5.00000000e+00 
 3.58531164e-03  2.16858776e+00  3.58531164e-03  5.00000000e+00 
 3.58631164e-03  2.16594475e+00  3.58631164e-03  5.00000000e+00 
 3.58731164e-03  2.16330497e+00  3.58731164e-03  5.00000000e+00 
 3.58831164e-03  2.16066840e+00  3.58831164e-03  5.00000000e+00 
 3.58931164e-03  2.15803504e+00  3.58931164e-03  5.00000000e+00 
 3.59031164e-03  2.15540490e+00  3.59031164e-03  5.00000000e+00 
 3.59131164e-03  2.15277796e+00  3.59131164e-03  5.00000000e+00 
 3.59231164e-03  2.15015422e+00  3.59231164e-03  5.00000000e+00 
 3.59331164e-03  2.14753368e+00  3.59331164e-03  5.00000000e+00 
 3.59431164e-03  2.14491633e+00  3.59431164e-03  5.00000000e+00 
 3.59531164e-03  2.14230217e+00  3.59531164e-03  5.00000000e+00 
 3.59631164e-03  2.13969120e+00  3.59631164e-03  5.00000000e+00 
 3.59731164e-03  2.13708341e+00  3.59731164e-03  5.00000000e+00 
 3.59831164e-03  2.13447880e+00  3.59831164e-03  5.00000000e+00 
 3.59931164e-03  2.13187736e+00  3.59931164e-03  5.00000000e+00 
 3.60031164e-03  2.12927910e+00  3.60031164e-03  5.00000000e+00 
 3.60131164e-03  2.12668400e+00  3.60131164e-03  5.00000000e+00 
 3.60231164e-03  2.12409206e+00  3.60231164e-03  5.00000000e+00 
 3.60331164e-03  2.12150328e+00  3.60331164e-03  5.00000000e+00 
 3.60431164e-03  2.11891766e+00  3.60431164e-03  5.00000000e+00 
 3.60531164e-03  2.11633519e+00  3.60531164e-03  5.00000000e+00 
 3.60631164e-03  2.11375586e+00  3.60631164e-03  5.00000000e+00 
 3.60731164e-03  2.11117968e+00  3.60731164e-03  5.00000000e+00 
 3.60831164e-03  2.10860664e+00  3.60831164e-03  5.00000000e+00 
 3.60931164e-03  2.10603674e+00  3.60931164e-03  5.00000000e+00 
 3.61031164e-03  2.10346997e+00  3.61031164e-03  5.00000000e+00 
 3.61131164e-03  2.10090632e+00  3.61131164e-03  5.00000000e+00 
 3.61231164e-03  2.09834580e+00  3.61231164e-03  5.00000000e+00 
 3.61331164e-03  2.09578840e+00  3.61331164e-03  5.00000000e+00 
 3.61431164e-03  2.09323412e+00  3.61431164e-03  5.00000000e+00 
 3.61531164e-03  2.09068295e+00  3.61531164e-03  5.00000000e+00 
 3.61631164e-03  2.08813489e+00  3.61631164e-03  5.00000000e+00 
 3.61731164e-03  2.08558994e+00  3.61731164e-03  5.00000000e+00 
 3.61831164e-03  2.08304809e+00  3.61831164e-03  5.00000000e+00 
 3.61931164e-03  2.08050933e+00  3.61931164e-03  5.00000000e+00 
 3.62031164e-03  2.07797367e+00  3.62031164e-03  5.00000000e+00 
 3.62131164e-03  2.07544110e+00  3.62131164e-03  5.00000000e+00 
 3.62231164e-03  2.07291162e+00  3.62231164e-03  5.00000000e+00 
 3.62331164e-03  2.07038522e+00  3.62331164e-03  5.00000000e+00 
 3.62431164e-03  2.06786190e+00  3.62431164e-03  5.00000000e+00 
 3.62531164e-03  2.06534165e+00  3.62531164e-03  5.00000000e+00 
 3.62631164e-03  2.06282448e+00  3.62631164e-03  5.00000000e+00 
 3.62731164e-03  2.06031037e+00  3.62731164e-03  5.00000000e+00 
 3.62831164e-03  2.05779933e+00  3.62831164e-03  5.00000000e+00 
 3.62931164e-03  2.05529134e+00  3.62931164e-03  5.00000000e+00 
 3.63031164e-03  2.05278642e+00  3.63031164e-03  5.00000000e+00 
 3.63131164e-03  2.05028455e+00  3.63131164e-03  5.00000000e+00 
 3.63231164e-03  2.04778572e+00  3.63231164e-03  5.00000000e+00 
 3.63331164e-03  2.04528995e+00  3.63331164e-03  5.00000000e+00 
 3.63431164e-03  2.04279721e+00  3.63431164e-03  5.00000000e+00 
 3.63531164e-03  2.04030751e+00  3.63531164e-03  5.00000000e+00 
 3.63631164e-03  2.03782085e+00  3.63631164e-03  5.00000000e+00 
 3.63731164e-03  2.03533721e+00  3.63731164e-03  5.00000000e+00 
 3.63831164e-03  2.03285661e+00  3.63831164e-03  5.00000000e+00 
 3.63931164e-03  2.03037903e+00  3.63931164e-03  5.00000000e+00 
 3.64031164e-03  2.02790446e+00  3.64031164e-03  5.00000000e+00 
 3.64131164e-03  2.02543292e+00  3.64131164e-03  5.00000000e+00 
 3.64231164e-03  2.02296438e+00  3.64231164e-03  5.00000000e+00 
 3.64331164e-03  2.02049885e+00  3.64331164e-03  5.00000000e+00 
 3.64431164e-03  2.01803633e+00  3.64431164e-03  5.00000000e+00 
 3.64531164e-03  2.01557681e+00  3.64531164e-03  5.00000000e+00 
 3.64631164e-03  2.01312029e+00  3.64631164e-03  5.00000000e+00 
 3.64731164e-03  2.01066676e+00  3.64731164e-03  5.00000000e+00 
 3.64831164e-03  2.00821622e+00  3.64831164e-03  5.00000000e+00 
 3.64931164e-03  2.00576867e+00  3.64931164e-03  5.00000000e+00 
 3.65031164e-03  2.00332410e+00  3.65031164e-03  5.00000000e+00 
 3.65131164e-03  2.00088251e+00  3.65131164e-03  5.00000000e+00 
 3.65231164e-03  1.99844390e+00  3.65231164e-03  5.00000000e+00 
 3.65331164e-03  1.99600826e+00  3.65331164e-03  5.00000000e+00 
 3.65431164e-03  1.99357558e+00  3.65431164e-03  5.00000000e+00 
 3.65531164e-03  1.99114588e+00  3.65531164e-03  5.00000000e+00 
 3.65631164e-03  1.98871913e+00  3.65631164e-03  5.00000000e+00 
 3.65731164e-03  1.98629534e+00  3.65731164e-03  5.00000000e+00 
 3.65831164e-03  1.98387451e+00  3.65831164e-03  5.00000000e+00 
 3.65931164e-03  1.98145662e+00  3.65931164e-03  5.00000000e+00 
 3.66031164e-03  1.97904168e+00  3.66031164e-03  5.00000000e+00 
 3.66131164e-03  1.97662969e+00  3.66131164e-03  5.00000000e+00 
 3.66231164e-03  1.97422063e+00  3.66231164e-03  5.00000000e+00 
 3.66331164e-03  1.97181451e+00  3.66331164e-03  5.00000000e+00 
 3.66431164e-03  1.96941133e+00  3.66431164e-03  5.00000000e+00 
 3.66531164e-03  1.96701107e+00  3.66531164e-03  5.00000000e+00 
 3.66631164e-03  1.96461374e+00  3.66631164e-03  5.00000000e+00 
 3.66731164e-03  1.96221933e+00  3.66731164e-03  5.00000000e+00 
 3.66831164e-03  1.95982783e+00  3.66831164e-03  5.00000000e+00 
 3.66931164e-03  1.95743926e+00  3.66931164e-03  5.00000000e+00 
 3.67031164e-03  1.95505359e+00  3.67031164e-03  5.00000000e+00 
 3.67131164e-03  1.95267083e+00  3.67131164e-03  5.00000000e+00 
 3.67231164e-03  1.95029098e+00  3.67231164e-03  5.00000000e+00 
 3.67331164e-03  1.94791402e+00  3.67331164e-03  5.00000000e+00 
 3.67431164e-03  1.94553997e+00  3.67431164e-03  5.00000000e+00 
 3.67531164e-03  1.94316880e+00  3.67531164e-03  5.00000000e+00 
 3.67631164e-03  1.94080053e+00  3.67631164e-03  5.00000000e+00 
 3.67731164e-03  1.93843514e+00  3.67731164e-03  5.00000000e+00 
 3.67831164e-03  1.93607264e+00  3.67831164e-03  5.00000000e+00 
 3.67931164e-03  1.93371301e+00  3.67931164e-03  5.00000000e+00 
 3.68031164e-03  1.93135626e+00  3.68031164e-03  5.00000000e+00 
 3.68131164e-03  1.92900238e+00  3.68131164e-03  5.00000000e+00 
 3.68231164e-03  1.92665137e+00  3.68231164e-03  5.00000000e+00 
 3.68331164e-03  1.92430323e+00  3.68331164e-03  5.00000000e+00 
 3.68431164e-03  1.92195795e+00  3.68431164e-03  5.00000000e+00 
 3.68531164e-03  1.91961553e+00  3.68531164e-03  5.00000000e+00 
 3.68631164e-03  1.91727596e+00  3.68631164e-03  5.00000000e+00 
 3.68731164e-03  1.91493924e+00  3.68731164e-03  5.00000000e+00 
 3.68831164e-03  1.91260537e+00  3.68831164e-03  5.00000000e+00 
 3.68931164e-03  1.91027435e+00  3.68931164e-03  5.00000000e+00 
 3.69000100e-03  1.90866909e+00  3.69000100e-03  5.00000000e+00 
 3.69000110e-03  1.40866892e+00  3.69000110e-03  4.50000000e+00 
 3.69000130e-03  4.08668696e-01  3.69000130e-03  3.50000000e+00 
 3.69000170e-03 -1.59133102e+00  3.69000170e-03  1.50000000e+00 
 3.69000200e-03 -3.09133016e+00  3.69000200e-03  0.00000000e+00 
 3.69000208e-03 -3.09132986e+00  3.69000208e-03  0.00000000e+00 
 3.69000224e-03 -3.09132925e+00  3.69000224e-03  0.00000000e+00 
 3.69000256e-03 -3.09132805e+00  3.69000256e-03  0.00000000e+00 
 3.69000320e-03 -3.09132563e+00  3.69000320e-03  0.00000000e+00 
 3.69000448e-03 -3.09132081e+00  3.69000448e-03  0.00000000e+00 
 3.69000704e-03 -3.09131116e+00  3.69000704e-03  0.00000000e+00 
 3.69001216e-03 -3.09129186e+00  3.69001216e-03  0.00000000e+00 
 3.69002240e-03 -3.09125325e+00  3.69002240e-03  0.00000000e+00 
 3.69004288e-03 -3.09117605e+00  3.69004288e-03  0.00000000e+00 
 3.69008384e-03 -3.09102164e+00  3.69008384e-03  0.00000000e+00 
 3.69016576e-03 -3.09071286e+00  3.69016576e-03  0.00000000e+00 
 3.69032960e-03 -3.09009538e+00  3.69032960e-03  0.00000000e+00 
 3.69065728e-03 -3.08886080e+00  3.69065728e-03  0.00000000e+00 
 3.69131264e-03 -3.08639310e+00  3.69131264e-03  0.00000000e+00 
 3.69231264e-03 -3.08263150e+00  3.69231264e-03  0.00000000e+00 
 3.69331264e-03 -3.07887449e+00  3.69331264e-03  0.00000000e+00 
 3.69431264e-03 -3.07512205e+00  3.69431264e-03  0.00000000e+00 
 3.69531264e-03 -3.07137419e+00  3.69531264e-03  0.00000000e+00 
 3.69631264e-03 -3.06763089e+00  3.69631264e-03  0.00000000e+00 
 3.69731264e-03 -3.06389216e+00  3.69731264e-03  0.00000000e+00 
 3.69831264e-03 -3.06015798e+00  3.69831264e-03  0.00000000e+00 
 3.69931264e-03 -3.05642835e+00  3.69931264e-03  0.00000000e+00 
 3.70031264e-03 -3.05270327e+00  3.70031264e-03  0.00000000e+00 
 3.70131264e-03 -3.04898273e+00  3.70131264e-03  0.00000000e+00 
 3.70231264e-03 -3.04526673e+00  3.70231264e-03  0.00000000e+00 
 3.70331264e-03 -3.04155525e+00  3.70331264e-03  0.00000000e+00 
 3.70431264e-03 -3.03784830e+00  3.70431264e-03  0.00000000e+00 
 3.70531264e-03 -3.03414586e+00  3.70531264e-03  0.00000000e+00 
 3.70631264e-03 -3.03044794e+00  3.70631264e-03  0.00000000e+00 
 3.70731264e-03 -3.02675452e+00  3.70731264e-03  0.00000000e+00 
 3.70831264e-03 -3.02306561e+00  3.70831264e-03  0.00000000e+00 
 3.70931264e-03 -3.01938119e+00  3.70931264e-03  0.00000000e+00 
 3.71031264e-03 -3.01570126e+00  3.71031264e-03  0.00000000e+00 
 3.71131264e-03 -3.01202582e+00  3.71131264e-03  0.00000000e+00 
 3.71231264e-03 -3.00835485e+00  3.71231264e-03  0.00000000e+00 
 3.71331264e-03 -3.00468836e+00  3.71331264e-03  0.00000000e+00 
 3.71431264e-03 -3.00102634e+00  3.71431264e-03  0.00000000e+00 
 3.71531264e-03 -2.99736879e+00  3.71531264e-03  0.00000000e+00 
 3.71631264e-03 -2.99371569e+00  3.71631264e-03  0.00000000e+00 
 3.71731264e-03 -2.99006704e+00  3.71731264e-03  0.00000000e+00 
 3.71831264e-03 -2.98642284e+00  3.71831264e-03  0.00000000e+00 
 3.71931264e-03 -2.98278308e+00  3.71931264e-03  0.00000000e+00 
 3.72031264e-03 -2.97914775e+00  3.72031264e-03  0.00000000e+00 
 3.72131264e-03 -2.97551686e+00  3.72131264e-03  0.00000000e+00 
 3.72231264e-03 -2.97189039e+00  3.72231264e-03  0.00000000e+00 
 3.72331264e-03 -2.96826834e+00  3.72331264e-03  0.00000000e+00 
 3.72431264e-03 -2.96465071e+00  3.72431264e-03  0.00000000e+00 
 3.72531264e-03 -2.96103749e+00  3.72531264e-03  0.00000000e+00 
 3.72631264e-03 -2.95742867e+00  3.72631264e-03  0.00000000e+00 
 3.72731264e-03 -2.95382424e+00  3.72731264e-03  0.00000000e+00 
 3.72831264e-03 -2.95022421e+00  3.72831264e-03  0.00000000e+00 
 3.72931264e-03 -2.94662857e+00  3.72931264e-03  0.00000000e+00 
 3.73031264e-03 -2.94303731e+00  3.73031264e-03  0.00000000e+00 
 3.73131264e-03 -2.93945043e+00  3.73131264e-03  0.00000000e+00 
 3.73231264e-03 -2.93586792e+00  3.73231264e-03  0.00000000e+00 
 3.73331264e-03 -2.93228977e+00  3.73331264e-03  0.00000000e+00 
 3.73431264e-03 -2.92871599e+00  3.73431264e-03  0.00000000e+00 
 3.73531264e-03 -2.92514656e+00  3.73531264e-03  0.00000000e+00 
 3.73631264e-03 -2.92158148e+00  3.73631264e-03  0.00000000e+00 
 3.73731264e-03 -2.91802075e+00  3.73731264e-03  0.00000000e+00 
 3.73831264e-03 -2.91446436e+00  3.73831264e-03  0.00000000e+00 
 3.73931264e-03 -2.91091230e+00  3.73931264e-03  0.00000000e+00 
 3.74031264e-03 -2.90736457e+00  3.74031264e-03  0.00000000e+00 
 3.74131264e-03 -2.90382116e+00  3.74131264e-03  0.00000000e+00 
 3.74231264e-03 -2.90028207e+00  3.74231264e-03  0.00000000e+00 
 3.74331264e-03 -2.89674730e+00  3.74331264e-03  0.00000000e+00 
 3.74431264e-03 -2.89321683e+00  3.74431264e-03  0.00000000e+00 
 3.74531264e-03 -2.88969067e+00  3.74531264e-03  0.00000000e+00 
 3.74631264e-03 -2.88616881e+00  3.74631264e-03  0.00000000e+00 
 3.74731264e-03 -2.88265123e+00  3.74731264e-03  0.00000000e+00 
 3.74831264e-03 -2.87913795e+00  3.74831264e-03  0.00000000e+00 
 3.74931264e-03 -2.87562894e+00  3.74931264e-03  0.00000000e+00 
 3.75031264e-03 -2.87212421e+00  3.75031264e-03  0.00000000e+00 
 3.75131264e-03 -2.86862376e+00  3.75131264e-03  0.00000000e+00 
 3.75231264e-03 -2.86512757e+00  3.75231264e-03  0.00000000e+00 
 3.75331264e-03 -2.86163564e+00  3.75331264e-03  0.00000000e+00 
 3.75431264e-03 -2.85814797e+00  3.75431264e-03  0.00000000e+00 
 3.75531264e-03 -2.85466454e+00  3.75531264e-03  0.00000000e+00 
 3.75631264e-03 -2.85118537e+00  3.75631264e-03  0.00000000e+00 
 3.75731264e-03 -2.84771043e+00  3.75731264e-03  0.00000000e+00 
 3.75831264e-03 -2.84423973e+00  3.75831264e-03  0.00000000e+00 
 3.75931264e-03 -2.84077326e+00  3.75931264e-03  0.00000000e+00 
 3.76031264e-03 -2.83731101e+00  3.76031264e-03  0.00000000e+00 
 3.76131264e-03 -2.83385298e+00  3.76131264e-03  0.00000000e+00 
 3.76231264e-03 -2.83039917e+00  3.76231264e-03  0.00000000e+00 
 3.76331264e-03 -2.82694957e+00  3.76331264e-03  0.00000000e+00 
 3.76431264e-03 -2.82350417e+00  3.76431264e-03  0.00000000e+00 
 3.76531264e-03 -2.82006297e+00  3.76531264e-03  0.00000000e+00 
 3.76631264e-03 -2.81662597e+00  3.76631264e-03  0.00000000e+00 
 3.76731264e-03 -2.81319315e+00  3.76731264e-03  0.00000000e+00 
 3.76831264e-03 -2.80976452e+00  3.76831264e-03  0.00000000e+00 
 3.76931264e-03 -2.80634006e+00  3.76931264e-03  0.00000000e+00 
 3.77031264e-03 -2.80291978e+00  3.77031264e-03  0.00000000e+00 
 3.77131264e-03 -2.79950367e+00  3.77131264e-03  0.00000000e+00 
 3.77231264e-03 -2.79609172e+00  3.77231264e-03  0.00000000e+00 
 3.77331264e-03 -2.79268393e+00  3.77331264e-03  0.00000000e+00 
 3.77431264e-03 -2.78928030e+00  3.77431264e-03  0.00000000e+00 
 3.77531264e-03 -2.78588081e+00  3.77531264e-03  0.00000000e+00 
 3.77631264e-03 -2.78248546e+00  3.77631264e-03  0.00000000e+00 
 3.77731264e-03 -2.77909425e+00  3.77731264e-03  0.00000000e+00 
 3.77831264e-03 -2.77570718e+00  3.77831264e-03  0.00000000e+00 
 3.77931264e-03 -2.77232423e+00  3.77931264e-03  0.00000000e+00 
 3.78031264e-03 -2.76894541e+00  3.78031264e-03  0.00000000e+00 
 3.78131264e-03 -2.76557071e+00  3.78131264e-03  0.00000000e+00 
 3.78231264e-03 -2.76220011e+00  3.78231264e-03  0.00000000e+00 
 3.78331264e-03 -2.75883363e+00  3.78331264e-03  0.00000000e+00 
 3.78431264e-03 -2.75547125e+00  3.78431264e-03  0.00000000e+00 
 3.78531264e-03 -2.75211297e+00  3.78531264e-03  0.00000000e+00 
 3.78631264e-03 -2.74875878e+00  3.78631264e-03  0.00000000e+00 
 3.78731264e-03 -2.74540867e+00  3.78731264e-03  0.00000000e+00 
 3.78831264e-03 -2.74206266e+00  3.78831264e-03  0.00000000e+00 
 3.78931264e-03 -2.73872071e+00  3.78931264e-03  0.00000000e+00 
 3.79031264e-03 -2.73538285e+00  3.79031264e-03  0.00000000e+00 
 3.79131264e-03 -2.73204905e+00  3.79131264e-03  0.00000000e+00 
 3.79231264e-03 -2.72871931e+00  3.79231264e-03  0.00000000e+00 
 3.79331264e-03 -2.72539363e+00  3.79331264e-03  0.00000000e+00 
 3.79431264e-03 -2.72207201e+00  3.79431264e-03  0.00000000e+00 
 3.79531264e-03 -2.71875443e+00  3.79531264e-03  0.00000000e+00 
 3.79631264e-03 -2.71544089e+00  3.79631264e-03  0.00000000e+00 
 3.79731264e-03 -2.71213140e+00  3.79731264e-03  0.00000000e+00 
 3.79831264e-03 -2.70882594e+00  3.79831264e-03  0.00000000e+00 
 3.79931264e-03 -2.70552450e+00  3.79931264e-03  0.00000000e+00 
 3.80031264e-03 -2.70222709e+00  3.80031264e-03  0.00000000e+00 
 3.80131264e-03 -2.69893370e+00  3.80131264e-03  0.00000000e+00 
 3.80231264e-03 -2.69564433e+00  3.80231264e-03  0.00000000e+00 
 3.80331264e-03 -2.69235896e+00  3.80331264e-03  0.00000000e+00 
 3.80431264e-03 -2.68907760e+00  3.80431264e-03  0.00000000e+00 
 3.80531264e-03 -2.68580023e+00  3.80531264e-03  0.00000000e+00 
 3.80631264e-03 -2.68252686e+00  3.80631264e-03  0.00000000e+00 
 3.80731264e-03 -2.67925748e+00  3.80731264e-03  0.00000000e+00 
 3.80831264e-03 -2.67599208e+00  3.80831264e-03  0.00000000e+00 
 3.80931264e-03 -2.67273067e+00  3.80931264e-03  0.00000000e+00 
 3.81031264e-03 -2.66947323e+00  3.81031264e-03  0.00000000e+00 
 3.81131264e-03 -2.66621976e+00  3.81131264e-03  0.00000000e+00 
 3.81231264e-03 -2.66297025e+00  3.81231264e-03  0.00000000e+00 
 3.81331264e-03 -2.65972470e+00  3.81331264e-03  0.00000000e+00 
 3.81431264e-03 -2.65648311e+00  3.81431264e-03  0.00000000e+00 
 3.81531264e-03 -2.65324547e+00  3.81531264e-03  0.00000000e+00 
 3.81631264e-03 -2.65001178e+00  3.81631264e-03  0.00000000e+00 
 3.81731264e-03 -2.64678203e+00  3.81731264e-03  0.00000000e+00 
 3.81831264e-03 -2.64355621e+00  3.81831264e-03  0.00000000e+00 
 3.81931264e-03 -2.64033433e+00  3.81931264e-03  0.00000000e+00 
 3.82031264e-03 -2.63711637e+00  3.82031264e-03  0.00000000e+00 
 3.82131264e-03 -2.63390233e+00  3.82131264e-03  0.00000000e+00 
 3.82231264e-03 -2.63069222e+00  3.82231264e-03  0.00000000e+00 
 3.82331264e-03 -2.62748601e+00  3.82331264e-03  0.00000000e+00 
 3.82431264e-03 -2.62428371e+00  3.82431264e-03  0.00000000e+00 
 3.82531264e-03 -2.62108531e+00  3.82531264e-03  0.00000000e+00 
 3.82631264e-03 -2.61789082e+00  3.82631264e-03  0.00000000e+00 
 3.82731264e-03 -2.61470021e+00  3.82731264e-03  0.00000000e+00 
 3.82831264e-03 -2.61151350e+00  3.82831264e-03  0.00000000e+00 
 3.82931264e-03 -2.60833067e+00  3.82931264e-03  0.00000000e+00 
 3.83031264e-03 -2.60515171e+00  3.83031264e-03  0.00000000e+00 
 3.83131264e-03 -2.60197663e+00  3.83131264e-03  0.00000000e+00 
 3.83231264e-03 -2.59880543e+00  3.83231264e-03  0.00000000e+00 
 3.83331264e-03 -2.59563808e+00  3.83331264e-03  0.00000000e+00 
 3.83431264e-03 -2.59247460e+00  3.83431264e-03  0.00000000e+00 
 3.83531264e-03 -2.58931497e+00  3.83531264e-03  0.00000000e+00 
 3.83631264e-03 -2.58615919e+00  3.83631264e-03  0.00000000e+00 
 3.83731264e-03 -2.58300726e+00  3.83731264e-03  0.00000000e+00 
 3.83831264e-03 -2.57985917e+00  3.83831264e-03  0.00000000e+00 
 3.83931264e-03 -2.57671492e+00  3.83931264e-03  0.00000000e+00 
 3.84031264e-03 -2.57357450e+00  3.84031264e-03  0.00000000e+00 
 3.84131264e-03 -2.57043791e+00  3.84131264e-03  0.00000000e+00 
 3.84231264e-03 -2.56730514e+00  3.84231264e-03  0.00000000e+00 
 3.84331264e-03 -2.56417619e+00  3.84331264e-03  0.00000000e+00 
 3.84431264e-03 -2.56105105e+00  3.84431264e-03  0.00000000e+00 
 3.84531264e-03 -2.55792972e+00  3.84531264e-03  0.00000000e+00 
 3.84631264e-03 -2.55481219e+00  3.84631264e-03  0.00000000e+00 
 3.84731264e-03 -2.55169847e+00  3.84731264e-03  0.00000000e+00 
 3.84831264e-03 -2.54858854e+00  3.84831264e-03  0.00000000e+00 
 3.84931264e-03 -2.54548239e+00  3.84931264e-03  0.00000000e+00 
 3.85031264e-03 -2.54238004e+00  3.85031264e-03  0.00000000e+00 
 3.85131264e-03 -2.53928147e+00  3.85131264e-03  0.00000000e+00 
 3.85231264e-03 -2.53618667e+00  3.85231264e-03  0.00000000e+00 
 3.85331264e-03 -2.53309564e+00  3.85331264e-03  0.00000000e+00 
 3.85431264e-03 -2.53000838e+00  3.85431264e-03  0.00000000e+00 
 3.85531264e-03 -2.52692489e+00  3.85531264e-03  0.00000000e+00 
 3.85631264e-03 -2.52384515e+00  3.85631264e-03  0.00000000e+00 
 3.85731264e-03 -2.52076917e+00  3.85731264e-03  0.00000000e+00 
 3.85831264e-03 -2.51769693e+00  3.85831264e-03  0.00000000e+00 
 3.85931264e-03 -2.51462844e+00  3.85931264e-03  0.00000000e+00 
 3.86031264e-03 -2.51156369e+00  3.86031264e-03  0.00000000e+00 
 3.86131264e-03 -2.50850267e+00  3.86131264e-03  0.00000000e+00 
 3.86231264e-03 -2.50544539e+00  3.86231264e-03  0.00000000e+00 
 3.86331264e-03 -2.50239183e+00  3.86331264e-03  0.00000000e+00 
 3.86431264e-03 -2.49934199e+00  3.86431264e-03  0.00000000e+00 
 3.86531264e-03 -2.49629587e+00  3.86531264e-03  0.00000000e+00 
 3.86631264e-03 -2.49325346e+00  3.86631264e-03  0.00000000e+00 
 3.86731264e-03 -2.49021476e+00  3.86731264e-03  0.00000000e+00 
 3.86831264e-03 -2.48717976e+00  3.86831264e-03  0.00000000e+00 
 3.86931264e-03 -2.48414847e+00  3.86931264e-03  0.00000000e+00 
 3.87031264e-03 -2.48112086e+00  3.87031264e-03  0.00000000e+00 
 3.87131264e-03 -2.47809695e+00  3.87131264e-03  0.00000000e+00 
 3.87231264e-03 -2.47507672e+00  3.87231264e-03  0.00000000e+00 
 3.87331264e-03 -2.47206017e+00  3.87331264e-03  0.00000000e+00 
 3.87431264e-03 -2.46904730e+00  3.87431264e-03  0.00000000e+00 
 3.87531264e-03 -2.46603811e+00  3.87531264e-03  0.00000000e+00 
 3.87631264e-03 -2.46303257e+00  3.87631264e-03  0.00000000e+00 
 3.87731264e-03 -2.46003071e+00  3.87731264e-03  0.00000000e+00 
 3.87831264e-03 -2.45703250e+00  3.87831264e-03  0.00000000e+00 
 3.87931264e-03 -2.45403794e+00  3.87931264e-03  0.00000000e+00 
 3.88031264e-03 -2.45104704e+00  3.88031264e-03  0.00000000e+00 
 3.88131264e-03 -2.44805978e+00  3.88131264e-03  0.00000000e+00 
 3.88231264e-03 -2.44507616e+00  3.88231264e-03  0.00000000e+00 
 3.88331264e-03 -2.44209617e+00  3.88331264e-03  0.00000000e+00 
 3.88431264e-03 -2.43911982e+00  3.88431264e-03  0.00000000e+00 
 3.88531264e-03 -2.43614710e+00  3.88531264e-03  0.00000000e+00 
 3.88631264e-03 -2.43317800e+00  3.88631264e-03  0.00000000e+00 
 3.88731264e-03 -2.43021252e+00  3.88731264e-03  0.00000000e+00 
 3.88831264e-03 -2.42725065e+00  3.88831264e-03  0.00000000e+00 
 3.88931264e-03 -2.42429239e+00  3.88931264e-03  0.00000000e+00 
 3.89031264e-03 -2.42133774e+00  3.89031264e-03  0.00000000e+00 
 3.89131264e-03 -2.41838669e+00  3.89131264e-03  0.00000000e+00 
 3.89231264e-03 -2.41543923e+00  3.89231264e-03  0.00000000e+00 
 3.89331264e-03 -2.41249537e+00  3.89331264e-03  0.00000000e+00 
 3.89431264e-03 -2.40955509e+00  3.89431264e-03  0.00000000e+00 
 3.89531264e-03 -2.40661840e+00  3.89531264e-03  0.00000000e+00 
 3.89631264e-03 -2.40368529e+00  3.89631264e-03  0.00000000e+00 
 3.89731264e-03 -2.40075575e+00  3.89731264e-03  0.00000000e+00 
 3.89831264e-03 -2.39782979e+00  3.89831264e-03  0.00000000e+00 
 3.89931264e-03 -2.39490739e+00  3.89931264e-03  0.00000000e+00 
 3.90031264e-03 -2.39198855e+00  3.90031264e-03  0.00000000e+00 
 3.90131264e-03 -2.38907327e+00  3.90131264e-03  0.00000000e+00 
 3.90231264e-03 -2.38616154e+00  3.90231264e-03  0.00000000e+00 
 3.90331264e-03 -2.38325336e+00  3.90331264e-03  0.00000000e+00 
 3.90431264e-03 -2.38034872e+00  3.90431264e-03  0.00000000e+00 
 3.90531264e-03 -2.37744763e+00  3.90531264e-03  0.00000000e+00 
 3.90631264e-03 -2.37455007e+00  3.90631264e-03  0.00000000e+00 
 3.90731264e-03 -2.37165604e+00  3.90731264e-03  0.00000000e+00 
 3.90831264e-03 -2.36876554e+00  3.90831264e-03  0.00000000e+00 
 3.90931264e-03 -2.36587856e+00  3.90931264e-03  0.00000000e+00 
 3.91031264e-03 -2.36299510e+00  3.91031264e-03  0.00000000e+00 
 3.91131264e-03 -2.36011516e+00  3.91131264e-03  0.00000000e+00 
 3.91231264e-03 -2.35723872e+00  3.91231264e-03  0.00000000e+00 
 3.91331264e-03 -2.35436579e+00  3.91331264e-03  0.00000000e+00 
 3.91431264e-03 -2.35149636e+00  3.91431264e-03  0.00000000e+00 
 3.91531264e-03 -2.34863043e+00  3.91531264e-03  0.00000000e+00 
 3.91631264e-03 -2.34576799e+00  3.91631264e-03  0.00000000e+00 
 3.91731264e-03 -2.34290904e+00  3.91731264e-03  0.00000000e+00 
 3.91831264e-03 -2.34005358e+00  3.91831264e-03  0.00000000e+00 
 3.91931264e-03 -2.33720159e+00  3.91931264e-03  0.00000000e+00 
 3.92031264e-03 -2.33435309e+00  3.92031264e-03  0.00000000e+00 
 3.92131264e-03 -2.33150805e+00  3.92131264e-03  0.00000000e+00 
 3.92231264e-03 -2.32866648e+00  3.92231264e-03  0.00000000e+00 
 3.92331264e-03 -2.32582837e+00  3.92331264e-03  0.00000000e+00 
 3.92431264e-03 -2.32299372e+00  3.92431264e-03  0.00000000e+00 
 3.92531264e-03 -2.32016253e+00  3.92531264e-03  0.00000000e+00 
 3.92631264e-03 -2.31733479e+00  3.92631264e-03  0.00000000e+00 
 3.92731264e-03 -2.31451049e+00  3.92731264e-03  0.00000000e+00 
 3.92831264e-03 -2.31168964e+00  3.92831264e-03  0.00000000e+00 
 3.92931264e-03 -2.30887222e+00  3.92931264e-03  0.00000000e+00 
 3.93031264e-03 -2.30605824e+00  3.93031264e-03  0.00000000e+00 
 3.93131264e-03 -2.30324769e+00  3.93131264e-03  0.00000000e+00 
 3.93231264e-03 -2.30044056e+00  3.93231264e-03  0.00000000e+00 
 3.93331264e-03 -2.29763686e+00  3.93331264e-03  0.00000000e+00 
 3.93431264e-03 -2.29483657e+00  3.93431264e-03  0.00000000e+00 
 3.93531264e-03 -2.29203969e+00  3.93531264e-03  0.00000000e+00 
 3.93631264e-03 -2.28924622e+00  3.93631264e-03  0.00000000e+00 
 3.93731264e-03 -2.28645616e+00  3.93731264e-03  0.00000000e+00 
 3.93831264e-03 -2.28366950e+00  3.93831264e-03  0.00000000e+00 
 3.93931264e-03 -2.28088623e+00  3.93931264e-03  0.00000000e+00 
 3.94031264e-03 -2.27810636e+00  3.94031264e-03  0.00000000e+00 
 3.94131264e-03 -2.27532988e+00  3.94131264e-03  0.00000000e+00 
 3.94231264e-03 -2.27255677e+00  3.94231264e-03  0.00000000e+00 
 3.94331264e-03 -2.26978705e+00  3.94331264e-03  0.00000000e+00 
 3.94431264e-03 -2.26702071e+00  3.94431264e-03  0.00000000e+00 
 3.94531264e-03 -2.26425773e+00  3.94531264e-03  0.00000000e+00 
 3.94631264e-03 -2.26149812e+00  3.94631264e-03  0.00000000e+00 
 3.94731264e-03 -2.25874188e+00  3.94731264e-03  0.00000000e+00 
 3.94831264e-03 -2.25598900e+00  3.94831264e-03  0.00000000e+00 
 3.94931264e-03 -2.25323947e+00  3.94931264e-03  0.00000000e+00 
 3.95031264e-03 -2.25049329e+00  3.95031264e-03  0.00000000e+00 
 3.95131264e-03 -2.24775046e+00  3.95131264e-03  0.00000000e+00 
 3.95231264e-03 -2.24501097e+00  3.95231264e-03  0.00000000e+00 
 3.95331264e-03 -2.24227482e+00  3.95331264e-03  0.00000000e+00 
 3.95431264e-03 -2.23954200e+00  3.95431264e-03  0.00000000e+00 
 3.95531264e-03 -2.23681252e+00  3.95531264e-03  0.00000000e+00 
 3.95631264e-03 -2.23408636e+00  3.95631264e-03  0.00000000e+00 
 3.95731264e-03 -2.23136352e+00  3.95731264e-03  0.00000000e+00 
 3.95831264e-03 -2.22864401e+00  3.95831264e-03  0.00000000e+00 
 3.95931264e-03 -2.22592781e+00  3.95931264e-03  0.00000000e+00 
 3.96031264e-03 -2.22321491e+00  3.96031264e-03  0.00000000e+00 
 3.96131264e-03 -2.22050533e+00  3.96131264e-03  0.00000000e+00 
 3.96231264e-03 -2.21779904e+00  3.96231264e-03  0.00000000e+00 
 3.96331264e-03 -2.21509606e+00  3.96331264e-03  0.00000000e+00 
 3.96431264e-03 -2.21239637e+00  3.96431264e-03  0.00000000e+00 
 3.96531264e-03 -2.20969997e+00  3.96531264e-03  0.00000000e+00 
 3.96631264e-03 -2.20700686e+00  3.96631264e-03  0.00000000e+00 
 3.96731264e-03 -2.20431702e+00  3.96731264e-03  0.00000000e+00 
 3.96831264e-03 -2.20163047e+00  3.96831264e-03  0.00000000e+00 
 3.96931264e-03 -2.19894719e+00  3.96931264e-03  0.00000000e+00 
 3.97031264e-03 -2.19626718e+00  3.97031264e-03  0.00000000e+00 
 3.97131264e-03 -2.19359044e+00  3.97131264e-03  0.00000000e+00 
 3.97231264e-03 -2.19091696e+00  3.97231264e-03  0.00000000e+00 
 3.97331264e-03 -2.18824674e+00  3.97331264e-03  0.00000000e+00 
 3.97431264e-03 -2.18557977e+00  3.97431264e-03  0.00000000e+00 
 3.97531264e-03 -2.18291605e+00  3.97531264e-03  0.00000000e+00 
 3.97631264e-03 -2.18025558e+00  3.97631264e-03  0.00000000e+00 
 3.97731264e-03 -2.17759836e+00  3.97731264e-03  0.00000000e+00 
 3.97831264e-03 -2.17494437e+00  3.97831264e-03  0.00000000e+00 
 3.97931264e-03 -2.17229361e+00  3.97931264e-03  0.00000000e+00 
 3.98031264e-03 -2.16964609e+00  3.98031264e-03  0.00000000e+00 
 3.98131264e-03 -2.16700179e+00  3.98131264e-03  0.00000000e+00 
 3.98231264e-03 -2.16436071e+00  3.98231264e-03  0.00000000e+00 
 3.98331264e-03 -2.16172286e+00  3.98331264e-03  0.00000000e+00 
 3.98431264e-03 -2.15908822e+00  3.98431264e-03  0.00000000e+00 
 3.98531264e-03 -2.15645679e+00  3.98531264e-03  0.00000000e+00 
 3.98631264e-03 -2.15382857e+00  3.98631264e-03  0.00000000e+00 
 3.98731264e-03 -2.15120355e+00  3.98731264e-03  0.00000000e+00 
 3.98831264e-03 -2.14858173e+00  3.98831264e-03  0.00000000e+00 
 3.98931264e-03 -2.14596310e+00  3.98931264e-03  0.00000000e+00 
 3.99031264e-03 -2.14334767e+00  3.99031264e-03  0.00000000e+00 
 3.99131264e-03 -2.14073542e+00  3.99131264e-03  0.00000000e+00 
 3.99231264e-03 -2.13812636e+00  3.99231264e-03  0.00000000e+00 
 3.99331264e-03 -2.13552048e+00  3.99331264e-03  0.00000000e+00 
 3.99431264e-03 -2.13291777e+00  3.99431264e-03  0.00000000e+00 
 3.99531264e-03 -2.13031824e+00  3.99531264e-03  0.00000000e+00 
 3.99631264e-03 -2.12772187e+00  3.99631264e-03  0.00000000e+00 
 3.99731264e-03 -2.12512867e+00  3.99731264e-03  0.00000000e+00 
 3.99831264e-03 -2.12253863e+00  3.99831264e-03  0.00000000e+00 
 3.99931264e-03 -2.11995174e+00  3.99931264e-03  0.00000000e+00 
 4.00031264e-03 -2.11736801e+00  4.00031264e-03  0.00000000e+00 
 4.00131264e-03 -2.11478743e+00  4.00131264e-03  0.00000000e+00 
 4.00231264e-03 -2.11220999e+00  4.00231264e-03  0.00000000e+00 
 4.00331264e-03 -2.10963570e+00  4.00331264e-03  0.00000000e+00 
 4.00431264e-03 -2.10706454e+00  4.00431264e-03  0.00000000e+00 
 4.00531264e-03 -2.10449651e+00  4.00531264e-03  0.00000000e+00 
 4.00631264e-03 -2.10193162e+00  4.00631264e-03  0.00000000e+00 
 4.00731264e-03 -2.09936985e+00  4.00731264e-03  0.00000000e+00 
 4.00831264e-03 -2.09681120e+00  4.00831264e-03  0.00000000e+00 
 4.00931264e-03 -2.09425567e+00  4.00931264e-03  0.00000000e+00 
 4.01031264e-03 -2.09170326e+00  4.01031264e-03  0.00000000e+00 
 4.01131264e-03 -2.08915396e+00  4.01131264e-03  0.00000000e+00 
 4.01231264e-03 -2.08660776e+00  4.01231264e-03  0.00000000e+00 
 4.01331264e-03 -2.08406467e+00  4.01331264e-03  0.00000000e+00 
 4.01431264e-03 -2.08152467e+00  4.01431264e-03  0.00000000e+00 
 4.01531264e-03 -2.07898777e+00  4.01531264e-03  0.00000000e+00 
 4.01631264e-03 -2.07645397e+00  4.01631264e-03  0.00000000e+00 
 4.01731264e-03 -2.07392325e+00  4.01731264e-03  0.00000000e+00 
 4.01831264e-03 -2.07139562e+00  4.01831264e-03  0.00000000e+00 
 4.01931264e-03 -2.06887106e+00  4.01931264e-03  0.00000000e+00 
 4.02031264e-03 -2.06634959e+00  4.02031264e-03  0.00000000e+00 
 4.02131264e-03 -2.06383119e+00  4.02131264e-03  0.00000000e+00 
 4.02231264e-03 -2.06131585e+00  4.02231264e-03  0.00000000e+00 
 4.02331264e-03 -2.05880358e+00  4.02331264e-03  0.00000000e+00 
 4.02431264e-03 -2.05629438e+00  4.02431264e-03  0.00000000e+00 
 4.02531264e-03 -2.05378823e+00  4.02531264e-03  0.00000000e+00 
 4.02631264e-03 -2.05128514e+00  4.02631264e-03  0.00000000e+00 
 4.02731264e-03 -2.04878509e+00  4.02731264e-03  0.00000000e+00 
 4.02831264e-03 -2.04628810e+00  4.02831264e-03  0.00000000e+00 
 4.02931264e-03 -2.04379415e+00  4.02931264e-03  0.00000000e+00 
 4.03031264e-03 -2.04130323e+00  4.03031264e-03  0.00000000e+00 
 4.03131264e-03 -2.03881536e+00  4.03131264e-03  0.00000000e+00 
 4.03231264e-03 -2.03633051e+00  4.03231264e-03  0.00000000e+00 
 4.03331264e-03 -2.03384869e+00  4.03331264e-03  0.00000000e+00 
 4.03431264e-03 -2.03136990e+00  4.03431264e-03  0.00000000e+00 
 4.03531264e-03 -2.02889413e+00  4.03531264e-03  0.00000000e+00 
 4.03631264e-03 -2.02642138e+00  4.03631264e-03  0.00000000e+00 
 4.03731264e-03 -2.02395164e+00  4.03731264e-03  0.00000000e+00 
 4.03831264e-03 -2.02148491e+00  4.03831264e-03  0.00000000e+00 
 4.03931264e-03 -2.01902119e+00  4.03931264e-03  0.00000000e+00 
 4.04031264e-03 -2.01656046e+00  4.04031264e-03  0.00000000e+00 
 4.04131264e-03 -2.01410274e+00  4.04131264e-03  0.00000000e+00 
 4.04231264e-03 -2.01164802e+00  4.04231264e-03  0.00000000e+00 
 4.04331264e-03 -2.00919628e+00  4.04331264e-03  0.00000000e+00 
 4.04431264e-03 -2.00674754e+00  4.04431264e-03  0.00000000e+00 
 4.04531264e-03 -2.00430177e+00  4.04531264e-03  0.00000000e+00 
 4.04631264e-03 -2.00185899e+00  4.04631264e-03  0.00000000e+00 
 4.04731264e-03 -1.99941919e+00  4.04731264e-03  0.00000000e+00 
 4.04831264e-03 -1.99698236e+00  4.04831264e-03  0.00000000e+00 
 4.04931264e-03 -1.99454850e+00  4.04931264e-03  0.00000000e+00 
 4.05031264e-03 -1.99211761e+00  4.05031264e-03  0.00000000e+00 
 4.05131264e-03 -1.98968967e+00  4.05131264e-03  0.00000000e+00 
 4.05231264e-03 -1.98726470e+00  4.05231264e-03  0.00000000e+00 
 4.05331264e-03 -1.98484269e+00  4.05331264e-03  0.00000000e+00 
 4.05431264e-03 -1.98242362e+00  4.05431264e-03  0.00000000e+00 
 4.05531264e-03 -1.98000750e+00  4.05531264e-03  0.00000000e+00 
 4.05631264e-03 -1.97759433e+00  4.05631264e-03  0.00000000e+00 
 4.05731264e-03 -1.97518410e+00  4.05731264e-03  0.00000000e+00 
 4.05831264e-03 -1.97277681e+00  4.05831264e-03  0.00000000e+00 
 4.05931264e-03 -1.97037245e+00  4.05931264e-03  0.00000000e+00 
 4.06031264e-03 -1.96797102e+00  4.06031264e-03  0.00000000e+00 
 4.06131264e-03 -1.96557252e+00  4.06131264e-03  0.00000000e+00 
 4.06231264e-03 -1.96317694e+00  4.06231264e-03  0.00000000e+00 
 4.06331264e-03 -1.96078428e+00  4.06331264e-03  0.00000000e+00 
 4.06431264e-03 -1.95839454e+00  4.06431264e-03  0.00000000e+00 
 4.06531264e-03 -1.95600771e+00  4.06531264e-03  0.00000000e+00 
 4.06631264e-03 -1.95362378e+00  4.06631264e-03  0.00000000e+00 
 4.06731264e-03 -1.95124277e+00  4.06731264e-03  0.00000000e+00 
 4.06831264e-03 -1.94886465e+00  4.06831264e-03  0.00000000e+00 
 4.06931264e-03 -1.94648944e+00  4.06931264e-03  0.00000000e+00 
 4.07031264e-03 -1.94411712e+00  4.07031264e-03  0.00000000e+00 
 4.07131264e-03 -1.94174769e+00  4.07131264e-03  0.00000000e+00 
 4.07231264e-03 -1.93938115e+00  4.07231264e-03  0.00000000e+00 
 4.07331264e-03 -1.93701749e+00  4.07331264e-03  0.00000000e+00 
 4.07431264e-03 -1.93465671e+00  4.07431264e-03  0.00000000e+00 
 4.07531264e-03 -1.93229881e+00  4.07531264e-03  0.00000000e+00 
 4.07631264e-03 -1.92994378e+00  4.07631264e-03  0.00000000e+00 
 4.07731264e-03 -1.92759163e+00  4.07731264e-03  0.00000000e+00 
 4.07831264e-03 -1.92524234e+00  4.07831264e-03  0.00000000e+00 
 4.07931264e-03 -1.92289591e+00  4.07931264e-03  0.00000000e+00 
 4.08031264e-03 -1.92055235e+00  4.08031264e-03  0.00000000e+00 
 4.08131264e-03 -1.91821164e+00  4.08131264e-03  0.00000000e+00 
 4.08231264e-03 -1.91587378e+00  4.08231264e-03  0.00000000e+00 
 4.08331264e-03 -1.91353877e+00  4.08331264e-03  0.00000000e+00 
 4.08431264e-03 -1.91120661e+00  4.08431264e-03  0.00000000e+00 
 4.08531264e-03 -1.90887729e+00  4.08531264e-03  0.00000000e+00 
 4.08631264e-03 -1.90655081e+00  4.08631264e-03  0.00000000e+00 
 4.08731264e-03 -1.90422717e+00  4.08731264e-03  0.00000000e+00 
 4.08831264e-03 -1.90190635e+00  4.08831264e-03  0.00000000e+00 
 4.08931264e-03 -1.89958837e+00  4.08931264e-03  0.00000000e+00 
 4.09031264e-03 -1.89727321e+00  4.09031264e-03  0.00000000e+00 
 4.09131264e-03 -1.89496087e+00  4.09131264e-03  0.00000000e+00 
 4.09231264e-03 -1.89265135e+00  4.09231264e-03  0.00000000e+00 
 4.09331264e-03 -1.89034465e+00  4.09331264e-03  0.00000000e+00 
 4.09431264e-03 -1.88804075e+00  4.09431264e-03  0.00000000e+00 
 4.09531264e-03 -1.88573967e+00  4.09531264e-03  0.00000000e+00 
 4.09631264e-03 -1.88344139e+00  4.09631264e-03  0.00000000e+00 
 4.09731264e-03 -1.88114591e+00  4.09731264e-03  0.00000000e+00 
 4.09831264e-03 -1.87885322e+00  4.09831264e-03  0.00000000e+00 
 4.09931264e-03 -1.87656334e+00  4.09931264e-03  0.00000000e+00 
 4.10000000e-03 -1.87499098e+00  4.10000000e-03  0.00000000e+00 
 4.10010000e-03  3.12462797e+00  4.10010000e-03  5.00000000e+00 
 4.10030000e-03  3.12386596e+00  4.10030000e-03  5.00000000e+00 
 4.10070000e-03  3.12234249e+00  4.10070000e-03  5.00000000e+00 
 4.10150000e-03  3.11929779e+00  4.10150000e-03  5.00000000e+00 
 4.10250000e-03  3.11549609e+00  4.10250000e-03  5.00000000e+00 
 4.10350000e-03  3.11169902e+00  4.10350000e-03  5.00000000e+00 
 4.10450000e-03  3.10790657e+00  4.10450000e-03  5.00000000e+00 
 4.10550000e-03  3.10411875e+00  4.10550000e-03  5.00000000e+00 
 4.10650000e-03  3.10033555e+00  4.10650000e-03  5.00000000e+00 
 4.10750000e-03  3.09655696e+00  4.10750000e-03  5.00000000e+00 
 4.10850000e-03  3.09278297e+00  4.10850000e-03  5.00000000e+00 
 4.10950000e-03  3.08901358e+00  4.10950000e-03  5.00000000e+00 
 4.11050000e-03  3.08524879e+00  4.11050000e-03  5.00000000e+00 
 4.11150000e-03  3.08148858e+00  4.11150000e-03  5.00000000e+00 
 4.11250000e-03  3.07773296e+00  4.11250000e-03  5.00000000e+00 
 4.11350000e-03  3.07398191e+00  4.11350000e-03  5.00000000e+00 
 4.11450000e-03  3.07023544e+00  4.11450000e-03  5.00000000e+00 
 4.11550000e-03  3.06649353e+00  4.11550000e-03  5.00000000e+00 
 4.11650000e-03  3.06275618e+00  4.11650000e-03  5.00000000e+00 
 4.11750000e-03  3.05902339e+00  4.11750000e-03  5.00000000e+00 
 4.11850000e-03  3.05529515e+00  4.11850000e-03  5.00000000e+00 
 4.11950000e-03  3.05157145e+00  4.11950000e-03  5.00000000e+00 
 4.12050000e-03  3.04785229e+00  4.12050000e-03  5.00000000e+00 
 4.12150000e-03  3.04413766e+00  4.12150000e-03  5.00000000e+00 
 4.12250000e-03  3.04042756e+00  4.12250000e-03  5.00000000e+00 
 4.12350000e-03  3.03672198e+00  4.12350000e-03  5.00000000e+00 
 4.12450000e-03  3.03302092e+00  4.12450000e-03  5.00000000e+00 
 4.12550000e-03  3.02932437e+00  4.12550000e-03  5.00000000e+00 
 4.12650000e-03  3.02563232e+00  4.12650000e-03  5.00000000e+00 
 4.12750000e-03  3.02194477e+00  4.12750000e-03  5.00000000e+00 
 4.12850000e-03  3.01826172e+00  4.12850000e-03  5.00000000e+00 
 4.12950000e-03  3.01458316e+00  4.12950000e-03  5.00000000e+00 
 4.13050000e-03  3.01090907e+00  4.13050000e-03  5.00000000e+00 
 4.13150000e-03  3.00723947e+00  4.13150000e-03  5.00000000e+00 
 4.13250000e-03  3.00357434e+00  4.13250000e-03  5.00000000e+00 
 4.13350000e-03  2.99991368e+00  4.13350000e-03  5.00000000e+00 
 4.13450000e-03  2.99625748e+00  4.13450000e-03  5.00000000e+00 
 4.13550000e-03  2.99260573e+00  4.13550000e-03  5.00000000e+00 
 4.13650000e-03  2.98895844e+00  4.13650000e-03  5.00000000e+00 
 4.13750000e-03  2.98531559e+00  4.13750000e-03  5.00000000e+00 
 4.13850000e-03  2.98167717e+00  4.13850000e-03  5.00000000e+00 
 4.13950000e-03  2.97804320e+00  4.13950000e-03  5.00000000e+00 
 4.14050000e-03  2.97441365e+00  4.14050000e-03  5.00000000e+00 
 4.14150000e-03  2.97078853e+00  4.14150000e-03  5.00000000e+00 
 4.14250000e-03  2.96716782e+00  4.14250000e-03  5.00000000e+00 
 4.14350000e-03  2.96355153e+00  4.14350000e-03  5.00000000e+00 
 4.14450000e-03  2.95993965e+00  4.14450000e-03  5.00000000e+00 
 4.14550000e-03  2.95633216e+00  4.14550000e-03  5.00000000e+00 
 4.14650000e-03  2.95272908e+00  4.14650000e-03  5.00000000e+00 
 4.14750000e-03  2.94913038e+00  4.14750000e-03  5.00000000e+00 
 4.14850000e-03  2.94553607e+00  4.14850000e-03  5.00000000e+00 
 4.14950000e-03  2.94194615e+00  4.14950000e-03  5.00000000e+00 
 4.15050000e-03  2.93836059e+00  4.15050000e-03  5.00000000e+00 
 4.15150000e-03  2.93477941e+00  4.15150000e-03  5.00000000e+00 
 4.15250000e-03  2.93120259e+00  4.15250000e-03  5.00000000e+00 
 4.15350000e-03  2.92763013e+00  4.15350000e-03  5.00000000e+00 
 4.15450000e-03  2.92406203e+00  4.15450000e-03  5.00000000e+00 
 4.15550000e-03  2.92049827e+00  4.15550000e-03  5.00000000e+00 
 4.15650000e-03  2.91693886e+00  4.15650000e-03  5.00000000e+00 
 4.15750000e-03  2.91338378e+00  4.15750000e-03  5.00000000e+00 
 4.15850000e-03  2.90983304e+00  4.15850000e-03  5.00000000e+00 
 4.15950000e-03  2.90628663e+00  4.15950000e-03  5.00000000e+00 
 4.16050000e-03  2.90274454e+00  4.16050000e-03  5.00000000e+00 
 4.16150000e-03  2.89920676e+00  4.16150000e-03  5.00000000e+00 
 4.16250000e-03  2.89567330e+00  4.16250000e-03  5.00000000e+00 
 4.16350000e-03  2.89214414e+00  4.16350000e-03  5.00000000e+00 
 4.16450000e-03  2.88861928e+00  4.16450000e-03  5.00000000e+00 
 4.16550000e-03  2.88509872e+00  4.16550000e-03  5.00000000e+00 
 4.16650000e-03  2.88158246e+00  4.16650000e-03  5.00000000e+00 
 4.16750000e-03  2.87807047e+00  4.16750000e-03  5.00000000e+00 
 4.16850000e-03  2.87456277e+00  4.16850000e-03  5.00000000e+00 
 4.16950000e-03  2.87105934e+00  4.16950000e-03  5.00000000e+00 
 4.17050000e-03  2.86756018e+00  4.17050000e-03  5.00000000e+00 
 4.17150000e-03  2.86406529e+00  4.17150000e-03  5.00000000e+00 
 4.17250000e-03  2.86057465e+00  4.17250000e-03  5.00000000e+00 
 4.17350000e-03  2.85708827e+00  4.17350000e-03  5.00000000e+00 
 4.17450000e-03  2.85360614e+00  4.17450000e-03  5.00000000e+00 
 4.17550000e-03  2.85012826e+00  4.17550000e-03  5.00000000e+00 
 4.17650000e-03  2.84665461e+00  4.17650000e-03  5.00000000e+00 
 4.17750000e-03  2.84318519e+00  4.17750000e-03  5.00000000e+00 
 4.17850000e-03  2.83972001e+00  4.17850000e-03  5.00000000e+00 
 4.17950000e-03  2.83625905e+00  4.17950000e-03  5.00000000e+00 
 4.18050000e-03  2.83280230e+00  4.18050000e-03  5.00000000e+00 
 4.18150000e-03  2.82934977e+00  4.18150000e-03  5.00000000e+00 
 4.18250000e-03  2.82590145e+00  4.18250000e-03  5.00000000e+00 
 4.18350000e-03  2.82245732e+00  4.18350000e-03  5.00000000e+00 
 4.18450000e-03  2.81901740e+00  4.18450000e-03  5.00000000e+00 
 4.18550000e-03  2.81558167e+00  4.18550000e-03  5.00000000e+00 
 4.18650000e-03  2.81215013e+00  4.18650000e-03  5.00000000e+00 
 4.18750000e-03  2.80872276e+00  4.18750000e-03  5.00000000e+00 
 4.18850000e-03  2.80529958e+00  4.18850000e-03  5.00000000e+00 
 4.18950000e-03  2.80188057e+00  4.18950000e-03  5.00000000e+00 
 4.19050000e-03  2.79846572e+00  4.19050000e-03  5.00000000e+00 
 4.19150000e-03  2.79505504e+00  4.19150000e-03  5.00000000e+00 
 4.19250000e-03  2.79164851e+00  4.19250000e-03  5.00000000e+00 
 4.19350000e-03  2.78824614e+00  4.19350000e-03  5.00000000e+00 
 4.19450000e-03  2.78484791e+00  4.19450000e-03  5.00000000e+00 
 4.19550000e-03  2.78145382e+00  4.19550000e-03  5.00000000e+00 
 4.19650000e-03  2.77806387e+00  4.19650000e-03  5.00000000e+00 
 4.19750000e-03  2.77467805e+00  4.19750000e-03  5.00000000e+00 
 4.19850000e-03  2.77129636e+00  4.19850000e-03  5.00000000e+00 
 4.19950000e-03  2.76791879e+00  4.19950000e-03  5.00000000e+00 
 4.20050000e-03  2.76454534e+00  4.20050000e-03  5.00000000e+00 
 4.20150000e-03  2.76117600e+00  4.20150000e-03  5.00000000e+00 
 4.20250000e-03  2.75781076e+00  4.20250000e-03  5.00000000e+00 
 4.20350000e-03  2.75444963e+00  4.20350000e-03  5.00000000e+00 
 4.20450000e-03  2.75109259e+00  4.20450000e-03  5.00000000e+00 
 4.20550000e-03  2.74773964e+00  4.20550000e-03  5.00000000e+00 
 4.20650000e-03  2.74439078e+00  4.20650000e-03  5.00000000e+00 
 4.20750000e-03  2.74104600e+00  4.20750000e-03  5.00000000e+00 
 4.20850000e-03  2.73770530e+00  4.20850000e-03  5.00000000e+00 
 4.20950000e-03  2.73436867e+00  4.20950000e-03  5.00000000e+00 
 4.21050000e-03  2.73103611e+00  4.21050000e-03  5.00000000e+00 
 4.21150000e-03  2.72770760e+00  4.21150000e-03  5.00000000e+00 
 4.21250000e-03  2.72438316e+00  4.21250000e-03  5.00000000e+00 
 4.21350000e-03  2.72106277e+00  4.21350000e-03  5.00000000e+00 
 4.21450000e-03  2.71774642e+00  4.21450000e-03  5.00000000e+00 
 4.21550000e-03  2.71443411e+00  4.21550000e-03  5.00000000e+00 
 4.21650000e-03  2.71112584e+00  4.21650000e-03  5.00000000e+00 
 4.21750000e-03  2.70782161e+00  4.21750000e-03  5.00000000e+00 
 4.21850000e-03  2.70452140e+00  4.21850000e-03  5.00000000e+00 
 4.21950000e-03  2.70122521e+00  4.21950000e-03  5.00000000e+00 
 4.22050000e-03  2.69793304e+00  4.22050000e-03  5.00000000e+00 
 4.22150000e-03  2.69464489e+00  4.22150000e-03  5.00000000e+00 
 4.22250000e-03  2.69136074e+00  4.22250000e-03  5.00000000e+00 
 4.22350000e-03  2.68808059e+00  4.22350000e-03  5.00000000e+00 
 4.22450000e-03  2.68480444e+00  4.22450000e-03  5.00000000e+00 
 4.22550000e-03  2.68153228e+00  4.22550000e-03  5.00000000e+00 
 4.22650000e-03  2.67826411e+00  4.22650000e-03  5.00000000e+00 
 4.22750000e-03  2.67499993e+00  4.22750000e-03  5.00000000e+00 
 4.22850000e-03  2.67173972e+00  4.22850000e-03  5.00000000e+00 
 4.22950000e-03  2.66848349e+00  4.22950000e-03  5.00000000e+00 
 4.23050000e-03  2.66523122e+00  4.23050000e-03  5.00000000e+00 
 4.23150000e-03  2.66198292e+00  4.23150000e-03  5.00000000e+00 
 4.23250000e-03  2.65873858e+00  4.23250000e-03  5.00000000e+00 
 4.23350000e-03  2.65549819e+00  4.23350000e-03  5.00000000e+00 
 4.23450000e-03  2.65226175e+00  4.23450000e-03  5.00000000e+00 
 4.23550000e-03  2.64902926e+00  4.23550000e-03  5.00000000e+00 
 4.23650000e-03  2.64580070e+00  4.23650000e-03  5.00000000e+00 
 4.23750000e-03  2.64257608e+00  4.23750000e-03  5.00000000e+00 
 4.23850000e-03  2.63935539e+00  4.23850000e-03  5.00000000e+00 
 4.23950000e-03  2.63613863e+00  4.23950000e-03  5.00000000e+00 
 4.24050000e-03  2.63292578e+00  4.24050000e-03  5.00000000e+00 
 4.24150000e-03  2.62971686e+00  4.24150000e-03  5.00000000e+00 
 4.24250000e-03  2.62651184e+00  4.24250000e-03  5.00000000e+00 
 4.24350000e-03  2.62331073e+00  4.24350000e-03  5.00000000e+00 
 4.24450000e-03  2.62011352e+00  4.24450000e-03  5.00000000e+00 
 4.24550000e-03  2.61692020e+00  4.24550000e-03  5.00000000e+00 
 4.24650000e-03  2.61373078e+00  4.24650000e-03  5.00000000e+00 
 4.24750000e-03  2.61054525e+00  4.24750000e-03  5.00000000e+00 
 4.24850000e-03  2.60736360e+00  4.24850000e-03  5.00000000e+00 
 4.24950000e-03  2.60418582e+00  4.24950000e-03  5.00000000e+00 
 4.25050000e-03  2.60101192e+00  4.25050000e-03  5.00000000e+00 
 4.25150000e-03  2.59784189e+00  4.25150000e-03  5.00000000e+00 
 4.25250000e-03  2.59467572e+00  4.25250000e-03  5.00000000e+00 
 4.25350000e-03  2.59151341e+00  4.25350000e-03  5.00000000e+00 
 4.25450000e-03  2.58835495e+00  4.25450000e-03  5.00000000e+00 
 4.25550000e-03  2.58520035e+00  4.25550000e-03  5.00000000e+00 
 4.25650000e-03  2.58204958e+00  4.25650000e-03  5.00000000e+00 
 4.25750000e-03  2.57890266e+00  4.25750000e-03  5.00000000e+00 
 4.25850000e-03  2.57575957e+00  4.25850000e-03  5.00000000e+00 
 4.25950000e-03  2.57262032e+00  4.25950000e-03  5.00000000e+00 
 4.26050000e-03  2.56948489e+00  4.26050000e-03  5.00000000e+00 
 4.26150000e-03  2.56635328e+00  4.26150000e-03  5.00000000e+00 
 4.26250000e-03  2.56322549e+00  4.26250000e-03  5.00000000e+00 
 4.26350000e-03  2.56010151e+00  4.26350000e-03  5.00000000e+00 
 4.26450000e-03  2.55698134e+00  4.26450000e-03  5.00000000e+00 
 4.26550000e-03  2.55386497e+00  4.26550000e-03  5.00000000e+00 
 4.26650000e-03  2.55075239e+00  4.26650000e-03  5.00000000e+00 
 4.26750000e-03  2.54764362e+00  4.26750000e-03  5.00000000e+00 
 4.26850000e-03  2.54453863e+00  4.26850000e-03  5.00000000e+00 
 4.26950000e-03  2.54143742e+00  4.26950000e-03  5.00000000e+00 
 4.27050000e-03  2.53834000e+00  4.27050000e-03  5.00000000e+00 
 4.27150000e-03  2.53524635e+00  4.27150000e-03  5.00000000e+00 
 4.27250000e-03  2.53215647e+00  4.27250000e-03  5.00000000e+00 
 4.27350000e-03  2.52907035e+00  4.27350000e-03  5.00000000e+00 
 4.27450000e-03  2.52598800e+00  4.27450000e-03  5.00000000e+00 
 4.27550000e-03  2.52290940e+00  4.27550000e-03  5.00000000e+00 
 4.27650000e-03  2.51983456e+00  4.27650000e-03  5.00000000e+00 
 4.27750000e-03  2.51676346e+00  4.27750000e-03  5.00000000e+00 
 4.27850000e-03  2.51369611e+00  4.27850000e-03  5.00000000e+00 
 4.27950000e-03  2.51063250e+00  4.27950000e-03  5.00000000e+00 
 4.28050000e-03  2.50757261e+00  4.28050000e-03  5.00000000e+00 
 4.28150000e-03  2.50451646e+00  4.28150000e-03  5.00000000e+00 
 4.28250000e-03  2.50146404e+00  4.28250000e-03  5.00000000e+00 
 4.28350000e-03  2.49841533e+00  4.28350000e-03  5.00000000e+00 
 4.28450000e-03  2.49537034e+00  4.28450000e-03  5.00000000e+00 
 4.28550000e-03  2.49232906e+00  4.28550000e-03  5.00000000e+00 
 4.28650000e-03  2.48929148e+00  4.28650000e-03  5.00000000e+00 
 4.28750000e-03  2.48625761e+00  4.28750000e-03  5.00000000e+00 
 4.28850000e-03  2.48322744e+00  4.28850000e-03  5.00000000e+00 
 4.28950000e-03  2.48020096e+00  4.28950000e-03  5.00000000e+00 
 4.29050000e-03  2.47717817e+00  4.29050000e-03  5.00000000e+00 
 4.29150000e-03  2.47415906e+00  4.29150000e-03  5.00000000e+00 
 4.29250000e-03  2.47114363e+00  4.29250000e-03  5.00000000e+00 
 4.29350000e-03  2.46813188e+00  4.29350000e-03  5.00000000e+00 
 4.29450000e-03  2.46512379e+00  4.29450000e-03  5.00000000e+00 
 4.29550000e-03  2.46211938e+00  4.29550000e-03  5.00000000e+00 
 4.29650000e-03  2.45911862e+00  4.29650000e-03  5.00000000e+00 
 4.29750000e-03  2.45612152e+00  4.29750000e-03  5.00000000e+00 
 4.29850000e-03  2.45312808e+00  4.29850000e-03  5.00000000e+00 
 4.29950000e-03  2.45013828e+00  4.29950000e-03  5.00000000e+00 
 4.30050000e-03  2.44715213e+00  4.30050000e-03  5.00000000e+00 
 4.30150000e-03  2.44416962e+00  4.30150000e-03  5.00000000e+00 
 4.30250000e-03  2.44119074e+00  4.30250000e-03  5.00000000e+00 
 4.30350000e-03  2.43821549e+00  4.30350000e-03  5.00000000e+00 
 4.30450000e-03  2.43524387e+00  4.30450000e-03  5.00000000e+00 
 4.30550000e-03  2.43227587e+00  4.30550000e-03  5.00000000e+00 
 4.30650000e-03  2.42931149e+00  4.30650000e-03  5.00000000e+00 
 4.30750000e-03  2.42635072e+00  4.30750000e-03  5.00000000e+00 
 4.30850000e-03  2.42339356e+00  4.30850000e-03  5.00000000e+00 
 4.30950000e-03  2.42044000e+00  4.30950000e-03  5.00000000e+00 
 4.31050000e-03  2.41749004e+00  4.31050000e-03  5.00000000e+00 
 4.31150000e-03  2.41454368e+00  4.31150000e-03  5.00000000e+00 
 4.31250000e-03  2.41160091e+00  4.31250000e-03  5.00000000e+00 
 4.31350000e-03  2.40866172e+00  4.31350000e-03  5.00000000e+00 
 4.31450000e-03  2.40572612e+00  4.31450000e-03  5.00000000e+00 
 4.31550000e-03  2.40279410e+00  4.31550000e-03  5.00000000e+00 
 4.31650000e-03  2.39986565e+00  4.31650000e-03  5.00000000e+00 
 4.31750000e-03  2.39694076e+00  4.31750000e-03  5.00000000e+00 
 4.31850000e-03  2.39401945e+00  4.31850000e-03  5.00000000e+00 
 4.31950000e-03  2.39110169e+00  4.31950000e-03  5.00000000e+00 
 4.32050000e-03  2.38818749e+00  4.32050000e-03  5.00000000e+00 
 4.32150000e-03  2.38527684e+00  4.32150000e-03  5.00000000e+00 
 4.32250000e-03  2.38236974e+00  4.32250000e-03  5.00000000e+00 
 4.32350000e-03  2.37946618e+00  4.32350000e-03  5.00000000e+00 
 4.32450000e-03  2.37656616e+00  4.32450000e-03  5.00000000e+00 
 4.32550000e-03  2.37366968e+00  4.32550000e-03  5.00000000e+00 
 4.32650000e-03  2.37077672e+00  4.32650000e-03  5.00000000e+00 
 4.32750000e-03  2.36788729e+00  4.32750000e-03  5.00000000e+00 
 4.32850000e-03  2.36500138e+00  4.32850000e-03  5.00000000e+00 
 4.32950000e-03  2.36211899e+00  4.32950000e-03  5.00000000e+00 
 4.33050000e-03  2.35924012e+00  4.33050000e-03  5.00000000e+00 
 4.33150000e-03  2.35636475e+00  4.33150000e-03  5.00000000e+00 
 4.33250000e-03  2.35349288e+00  4.33250000e-03  5.00000000e+00 
 4.33350000e-03  2.35062452e+00  4.33350000e-03  5.00000000e+00 
 4.33450000e-03  2.34775965e+00  4.33450000e-03  5.00000000e+00 
 4.33550000e-03  2.34489827e+00  4.33550000e-03  5.00000000e+00 
 4.33650000e-03  2.34204038e+00  4.33650000e-03  5.00000000e+00 
 4.33750000e-03  2.33918598e+00  4.33750000e-03  5.00000000e+00 
 4.33850000e-03  2.33633505e+00  4.33850000e-03  5.00000000e+00 
 4.33950000e-03  2.33348760e+00  4.33950000e-03  5.00000000e+00 
 4.34050000e-03  2.33064361e+00  4.34050000e-03  5.00000000e+00 
 4.34150000e-03  2.32780310e+00  4.34150000e-03  5.00000000e+00 
 4.34250000e-03  2.32496604e+00  4.34250000e-03  5.00000000e+00 
 4.34350000e-03  2.32213245e+00  4.34350000e-03  5.00000000e+00 
 4.34450000e-03  2.31930230e+00  4.34450000e-03  5.00000000e+00 
 4.34550000e-03  2.31647561e+00  4.34550000e-03  5.00000000e+00 
 4.34650000e-03  2.31365236e+00  4.34650000e-03  5.00000000e+00 
 4.34750000e-03  2.31083255e+00  4.34750000e-03  5.00000000e+00 
 4.34850000e-03  2.30801618e+00  4.34850000e-03  5.00000000e+00 
 4.34950000e-03  2.30520324e+00  4.34950000e-03  5.00000000e+00 
 4.35050000e-03  2.30239373e+00  4.35050000e-03  5.00000000e+00 
 4.35150000e-03  2.29958765e+00  4.35150000e-03  5.00000000e+00 
 4.35250000e-03  2.29678498e+00  4.35250000e-03  5.00000000e+00 
 4.35350000e-03  2.29398573e+00  4.35350000e-03  5.00000000e+00 
 4.35450000e-03  2.29118989e+00  4.35450000e-03  5.00000000e+00 
 4.35550000e-03  2.28839746e+00  4.35550000e-03  5.00000000e+00 
 4.35650000e-03  2.28560843e+00  4.35650000e-03  5.00000000e+00 
 4.35750000e-03  2.28282280e+00  4.35750000e-03  5.00000000e+00 
 4.35850000e-03  2.28004057e+00  4.35850000e-03  5.00000000e+00 
 4.35950000e-03  2.27726173e+00  4.35950000e-03  5.00000000e+00 
 4.36050000e-03  2.27448627e+00  4.36050000e-03  5.00000000e+00 
 4.36150000e-03  2.27171420e+00  4.36150000e-03  5.00000000e+00 
 4.36250000e-03  2.26894550e+00  4.36250000e-03  5.00000000e+00 
 4.36350000e-03  2.26618018e+00  4.36350000e-03  5.00000000e+00 
 4.36450000e-03  2.26341823e+00  4.36450000e-03  5.00000000e+00 
 4.36550000e-03  2.26065965e+00  4.36550000e-03  5.00000000e+00 
 4.36650000e-03  2.25790443e+00  4.36650000e-03  5.00000000e+00 
 4.36750000e-03  2.25515256e+00  4.36750000e-03  5.00000000e+00 
 4.36850000e-03  2.25240405e+00  4.36850000e-03  5.00000000e+00 
 4.36950000e-03  2.24965889e+00  4.36950000e-03  5.00000000e+00 
 4.37050000e-03  2.24691708e+00  4.37050000e-03  5.00000000e+00 
 4.37150000e-03  2.24417860e+00  4.37150000e-03  5.00000000e+00 
 4.37250000e-03  2.24144347e+00  4.37250000e-03  5.00000000e+00 
 4.37350000e-03  2.23871167e+00  4.37350000e-03  5.00000000e+00 
 4.37450000e-03  2.23598319e+00  4.37450000e-03  5.00000000e+00 
 4.37550000e-03  2.23325805e+00  4.37550000e-03  5.00000000e+00 
 4.37650000e-03  2.23053622e+00  4.37650000e-03  5.00000000e+00 
 4.37750000e-03  2.22781771e+00  4.37750000e-03  5.00000000e+00 
 4.37850000e-03  2.22510252e+00  4.37850000e-03  5.00000000e+00 
 4.37950000e-03  2.22239063e+00  4.37950000e-03  5.00000000e+00 
 4.38050000e-03  2.21968205e+00  4.38050000e-03  5.00000000e+00 
 4.38150000e-03  2.21697677e+00  4.38150000e-03  5.00000000e+00 
 4.38250000e-03  2.21427479e+00  4.38250000e-03  5.00000000e+00 
 4.38350000e-03  2.21157610e+00  4.38350000e-03  5.00000000e+00 
 4.38450000e-03  2.20888070e+00  4.38450000e-03  5.00000000e+00 
 4.38550000e-03  2.20618858e+00  4.38550000e-03  5.00000000e+00 
 4.38650000e-03  2.20349975e+00  4.38650000e-03  5.00000000e+00 
 4.38750000e-03  2.20081419e+00  4.38750000e-03  5.00000000e+00 
 4.38850000e-03  2.19813191e+00  4.38850000e-03  5.00000000e+00 
 4.38950000e-03  2.19545289e+00  4.38950000e-03  5.00000000e+00 
 4.39050000e-03  2.19277714e+00  4.39050000e-03  5.00000000e+00 
 4.39150000e-03  2.19010465e+00  4.39150000e-03  5.00000000e+00 
 4.39250000e-03  2.18743542e+00  4.39250000e-03  5.00000000e+00 
 4.39350000e-03  2.18476944e+00  4.39350000e-03  5.00000000e+00 
 4.39450000e-03  2.18210671e+00  4.39450000e-03  5.00000000e+00 
 4.39550000e-03  2.17944723e+00  4.39550000e-03  5.00000000e+00 
 4.39650000e-03  2.17679099e+00  4.39650000e-03  5.00000000e+00 
 4.39750000e-03  2.17413798e+00  4.39750000e-03  5.00000000e+00 
 4.39850000e-03  2.17148821e+00  4.39850000e-03  5.00000000e+00 
 4.39950000e-03  2.16884167e+00  4.39950000e-03  5.00000000e+00 
 4.40050000e-03  2.16619835e+00  4.40050000e-03  5.00000000e+00 
 4.40150000e-03  2.16355825e+00  4.40150000e-03  5.00000000e+00 
 4.40250000e-03  2.16092137e+00  4.40250000e-03  5.00000000e+00 
 4.40350000e-03  2.15828771e+00  4.40350000e-03  5.00000000e+00 
 4.40450000e-03  2.15565726e+00  4.40450000e-03  5.00000000e+00 
 4.40550000e-03  2.15303001e+00  4.40550000e-03  5.00000000e+00 
 4.40650000e-03  2.15040596e+00  4.40650000e-03  5.00000000e+00 
 4.40750000e-03  2.14778511e+00  4.40750000e-03  5.00000000e+00 
 4.40850000e-03  2.14516746e+00  4.40850000e-03  5.00000000e+00 
 4.40950000e-03  2.14255300e+00  4.40950000e-03  5.00000000e+00 
 4.41050000e-03  2.13994172e+00  4.41050000e-03  5.00000000e+00 
 4.41150000e-03  2.13733362e+00  4.41150000e-03  5.00000000e+00 
 4.41250000e-03  2.13472871e+00  4.41250000e-03  5.00000000e+00 
 4.41350000e-03  2.13212697e+00  4.41350000e-03  5.00000000e+00 
 4.41450000e-03  2.12952840e+00  4.41450000e-03  5.00000000e+00 
 4.41550000e-03  2.12693299e+00  4.41550000e-03  5.00000000e+00 
 4.41650000e-03  2.12434075e+00  4.41650000e-03  5.00000000e+00 
 4.41750000e-03  2.12175167e+00  4.41750000e-03  5.00000000e+00 
 4.41850000e-03  2.11916575e+00  4.41850000e-03  5.00000000e+00 
 4.41950000e-03  2.11658297e+00  4.41950000e-03  5.00000000e+00 
 4.42050000e-03  2.11400335e+00  4.42050000e-03  5.00000000e+00 
 4.42150000e-03  2.11142687e+00  4.42150000e-03  5.00000000e+00 
 4.42250000e-03  2.10885352e+00  4.42250000e-03  5.00000000e+00 
 4.42350000e-03  2.10628332e+00  4.42350000e-03  5.00000000e+00 
 4.42450000e-03  2.10371625e+00  4.42450000e-03  5.00000000e+00 
 4.42550000e-03  2.10115230e+00  4.42550000e-03  5.00000000e+00 
 4.42650000e-03  2.09859148e+00  4.42650000e-03  5.00000000e+00 
 4.42750000e-03  2.09603378e+00  4.42750000e-03  5.00000000e+00 
 4.42850000e-03  2.09347920e+00  4.42850000e-03  5.00000000e+00 
 4.42950000e-03  2.09092773e+00  4.42950000e-03  5.00000000e+00 
 4.43050000e-03  2.08837938e+00  4.43050000e-03  5.00000000e+00 
 4.43150000e-03  2.08583412e+00  4.43150000e-03  5.00000000e+00 
 4.43250000e-03  2.08329197e+00  4.43250000e-03  5.00000000e+00 
 4.43350000e-03  2.08075292e+00  4.43350000e-03  5.00000000e+00 
 4.43450000e-03  2.07821697e+00  4.43450000e-03  5.00000000e+00 
 4.43550000e-03  2.07568410e+00  4.43550000e-03  5.00000000e+00 
 4.43650000e-03  2.07315432e+00  4.43650000e-03  5.00000000e+00 
 4.43750000e-03  2.07062762e+00  4.43750000e-03  5.00000000e+00 
 4.43850000e-03  2.06810401e+00  4.43850000e-03  5.00000000e+00 
 4.43950000e-03  2.06558347e+00  4.43950000e-03  5.00000000e+00 
 4.44050000e-03  2.06306600e+00  4.44050000e-03  5.00000000e+00 
 4.44150000e-03  2.06055160e+00  4.44150000e-03  5.00000000e+00 
 4.44250000e-03  2.05804026e+00  4.44250000e-03  5.00000000e+00 
 4.44350000e-03  2.05553198e+00  4.44350000e-03  5.00000000e+00 
 4.44450000e-03  2.05302676e+00  4.44450000e-03  5.00000000e+00 
 4.44550000e-03  2.05052460e+00  4.44550000e-03  5.00000000e+00 
 4.44650000e-03  2.04802548e+00  4.44650000e-03  5.00000000e+00 
 4.44750000e-03  2.04552941e+00  4.44750000e-03  5.00000000e+00 
 4.44850000e-03  2.04303638e+00  4.44850000e-03  5.00000000e+00 
 4.44950000e-03  2.04054640e+00  4.44950000e-03  5.00000000e+00 
 4.45050000e-03  2.03805944e+00  4.45050000e-03  5.00000000e+00 
 4.45150000e-03  2.03557552e+00  4.45150000e-03  5.00000000e+00 
 4.45250000e-03  2.03309462e+00  4.45250000e-03  5.00000000e+00 
 4.45350000e-03  2.03061675e+00  4.45350000e-03  5.00000000e+00 
 4.45450000e-03  2.02814189e+00  4.45450000e-03  5.00000000e+00 
 4.45550000e-03  2.02567006e+00  4.45550000e-03  5.00000000e+00 
 4.45650000e-03  2.02320123e+00  4.45650000e-03  5.00000000e+00 
 4.45750000e-03  2.02073542e+00  4.45750000e-03  5.00000000e+00 
 4.45850000e-03  2.01827261e+00  4.45850000e-03  5.00000000e+00 
 4.45950000e-03  2.01581280e+00  4.45950000e-03  5.00000000e+00 
 4.46050000e-03  2.01335599e+00  4.46050000e-03  5.00000000e+00 
 4.46150000e-03  2.01090218e+00  4.46150000e-03  5.00000000e+00 
 4.46250000e-03  2.00845135e+00  4.46250000e-03  5.00000000e+00 
 4.46350000e-03  2.00600351e+00  4.46350000e-03  5.00000000e+00 
 4.46450000e-03  2.00355866e+00  4.46450000e-03  5.00000000e+00 
 4.46550000e-03  2.00111678e+00  4.46550000e-03  5.00000000e+00 
 4.46650000e-03  1.99867788e+00  4.46650000e-03  5.00000000e+00 
 4.46750000e-03  1.99624196e+00  4.46750000e-03  5.00000000e+00 
 4.46850000e-03  1.99380900e+00  4.46850000e-03  5.00000000e+00 
 4.46950000e-03  1.99137900e+00  4.46950000e-03  5.00000000e+00 
 4.47050000e-03  1.98895197e+00  4.47050000e-03  5.00000000e+00 
 4.47150000e-03  1.98652790e+00  4.47150000e-03  5.00000000e+00 
 4.47250000e-03  1.98410678e+00  4.47250000e-03  5.00000000e+00 
 4.47350000e-03  1.98168861e+00  4.47350000e-03  5.00000000e+00 
 4.47450000e-03  1.97927339e+00  4.47450000e-03  5.00000000e+00 
 4.47550000e-03  1.97686112e+00  4.47550000e-03  5.00000000e+00 
 4.47650000e-03  1.97445178e+00  4.47650000e-03  5.00000000e+00 
 4.47750000e-03  1.97204538e+00  4.47750000e-03  5.00000000e+00 
 4.47850000e-03  1.96964191e+00  4.47850000e-03  5.00000000e+00 
 4.47950000e-03  1.96724137e+00  4.47950000e-03  5.00000000e+00 
 4.48050000e-03  1.96484376e+00  4.48050000e-03  5.00000000e+00 
 4.48150000e-03  1.96244907e+00  4.48150000e-03  5.00000000e+00 
 4.48250000e-03  1.96005730e+00  4.48250000e-03  5.00000000e+00 
 4.48350000e-03  1.95766844e+00  4.48350000e-03  5.00000000e+00 
 4.48450000e-03  1.95528249e+00  4.48450000e-03  5.00000000e+00 
 4.48550000e-03  1.95289946e+00  4.48550000e-03  5.00000000e+00 
 4.48650000e-03  1.95051932e+00  4.48650000e-03  5.00000000e+00 
 4.48750000e-03  1.94814209e+00  4.48750000e-03  5.00000000e+00 
 4.48850000e-03  1.94576775e+00  4.48850000e-03  5.00000000e+00 
 4.48950000e-03  1.94339631e+00  4.48950000e-03  5.00000000e+00 
 4.49050000e-03  1.94102776e+00  4.49050000e-03  5.00000000e+00 
 4.49150000e-03  1.93866210e+00  4.49150000e-03  5.00000000e+00 
 4.49250000e-03  1.93629932e+00  4.49250000e-03  5.00000000e+00 
 4.49350000e-03  1.93393941e+00  4.49350000e-03  5.00000000e+00 
 4.49450000e-03  1.93158239e+00  4.49450000e-03  5.00000000e+00 
 4.49550000e-03  1.92922824e+00  4.49550000e-03  5.00000000e+00 
 4.49650000e-03  1.92687695e+00  4.49650000e-03  5.00000000e+00 
 4.49750000e-03  1.92452853e+00  4.49750000e-03  5.00000000e+00 
 4.49850000e-03  1.92218298e+00  4.49850000e-03  5.00000000e+00 
 4.49950000e-03  1.91984028e+00  4.49950000e-03  5.00000000e+00 
 4.50050000e-03  1.91750044e+00  4.50050000e-03  5.00000000e+00 
 4.50150000e-03  1.91516345e+00  4.50150000e-03  5.00000000e+00 
 4.50250000e-03  1.91282931e+00  4.50250000e-03  5.00000000e+00 
 4.50350000e-03  1.91049801e+00  4.50350000e-03  5.00000000e+00 
 4.50450000e-03  1.90816955e+00  4.50450000e-03  5.00000000e+00 
 4.50550000e-03  1.90584394e+00  4.50550000e-03  5.00000000e+00 
 4.50650000e-03  1.90352115e+00  4.50650000e-03  5.00000000e+00 
 4.50750000e-03  1.90120120e+00  4.50750000e-03  5.00000000e+00 
 4.50850000e-03  1.89888407e+00  4.50850000e-03  5.00000000e+00 
 4.50950000e-03  1.89656977e+00  4.50950000e-03  5.00000000e+00 
 4.51000100e-03  1.89541137e+00  4.51000100e-03  5.00000000e+00 
 4.51000110e-03  1.39541120e+00  4.51000110e-03  4.50000000e+00 
 4.51000130e-03  3.95410982e-01  4.51000130e-03  3.50000000e+00 
 4.51000170e-03 -1.60458872e+00  4.51000170e-03  1.50000000e+00 
 4.51000200e-03 -3.10458786e+00  4.51000200e-03  2.08967865e-09 
 4.51000208e-03 -3.10458756e+00  4.51000208e-03  0.00000000e+00 
 4.51000224e-03 -3.10458695e+00  4.51000224e-03  0.00000000e+00 
 4.51000256e-03 -3.10458574e+00  4.51000256e-03  0.00000000e+00 
 4.51000320e-03 -3.10458332e+00  4.51000320e-03  0.00000000e+00 
 4.51000448e-03 -3.10457847e+00  4.51000448e-03  0.00000000e+00 
 4.51000704e-03 -3.10456878e+00  4.51000704e-03  0.00000000e+00 
 4.51001216e-03 -3.10454940e+00  4.51001216e-03  0.00000000e+00 
 4.51002240e-03 -3.10451063e+00  4.51002240e-03  0.00000000e+00 
 4.51004288e-03 -3.10443309e+00  4.51004288e-03  0.00000000e+00 
 4.51008384e-03 -3.10427803e+00  4.51008384e-03  0.00000000e+00 
 4.51016576e-03 -3.10396792e+00  4.51016576e-03  0.00000000e+00 
 4.51032960e-03 -3.10334779e+00  4.51032960e-03  0.00000000e+00 
 4.51065728e-03 -3.10210791e+00  4.51065728e-03  0.00000000e+00 
 4.51131264e-03 -3.09962963e+00  4.51131264e-03  0.00000000e+00 
 4.51231264e-03 -3.09585190e+00  4.51231264e-03  0.00000000e+00 
 4.51331264e-03 -3.09207877e+00  4.51331264e-03  0.00000000e+00 
 4.51431264e-03 -3.08831024e+00  4.51431264e-03  0.00000000e+00 
 4.51531264e-03 -3.08454631e+00  4.51531264e-03  0.00000000e+00 
 4.51631264e-03 -3.08078696e+00  4.51631264e-03  0.00000000e+00 
 4.51731264e-03 -3.07703219e+00  4.51731264e-03  0.00000000e+00 
 4.51831264e-03 -3.07328200e+00  4.51831264e-03  0.00000000e+00 
 4.51931264e-03 -3.06953638e+00  4.51931264e-03  0.00000000e+00 
 4.52031264e-03 -3.06579532e+00  4.52031264e-03  0.00000000e+00 
 4.52131264e-03 -3.06205882e+00  4.52131264e-03  0.00000000e+00 
 4.52231264e-03 -3.05832688e+00  4.52231264e-03  0.00000000e+00 
 4.52331264e-03 -3.05459949e+00  4.52331264e-03  0.00000000e+00 
 4.52431264e-03 -3.05087664e+00  4.52431264e-03  0.00000000e+00 
 4.52531264e-03 -3.04715832e+00  4.52531264e-03  0.00000000e+00 
 4.52631264e-03 -3.04344454e+00  4.52631264e-03  0.00000000e+00 
 4.52731264e-03 -3.03973528e+00  4.52731264e-03  0.00000000e+00 
 4.52831264e-03 -3.03603055e+00  4.52831264e-03  0.00000000e+00 
 4.52931264e-03 -3.03233033e+00  4.52931264e-03  0.00000000e+00 
 4.53031264e-03 -3.02863462e+00  4.53031264e-03  0.00000000e+00 
 4.53131264e-03 -3.02494341e+00  4.53131264e-03  0.00000000e+00 
 4.53231264e-03 -3.02125671e+00  4.53231264e-03  0.00000000e+00 
 4.53331264e-03 -3.01757449e+00  4.53331264e-03  0.00000000e+00 
 4.53431264e-03 -3.01389676e+00  4.53431264e-03  0.00000000e+00 
 4.53531264e-03 -3.01022352e+00  4.53531264e-03  0.00000000e+00 
 4.53631264e-03 -3.00655475e+00  4.53631264e-03  0.00000000e+00 
 4.53731264e-03 -3.00289046e+00  4.53731264e-03  0.00000000e+00 
 4.53831264e-03 -2.99923063e+00  4.53831264e-03  0.00000000e+00 
 4.53931264e-03 -2.99557526e+00  4.53931264e-03  0.00000000e+00 
 4.54031264e-03 -2.99192434e+00  4.54031264e-03  0.00000000e+00 
 4.54131264e-03 -2.98827788e+00  4.54131264e-03  0.00000000e+00 
 4.54231264e-03 -2.98463586e+00  4.54231264e-03  0.00000000e+00 
 4.54331264e-03 -2.98099828e+00  4.54331264e-03  0.00000000e+00 
 4.54431264e-03 -2.97736513e+00  4.54431264e-03  0.00000000e+00 
 4.54531264e-03 -2.97373641e+00  4.54531264e-03  0.00000000e+00 
 4.54631264e-03 -2.97011211e+00  4.54631264e-03  0.00000000e+00 
 4.54731264e-03 -2.96649223e+00  4.54731264e-03  0.00000000e+00 
 4.54831264e-03 -2.96287676e+00  4.54831264e-03  0.00000000e+00 
 4.54931264e-03 -2.95926570e+00  4.54931264e-03  0.00000000e+00 
 4.55031264e-03 -2.95565904e+00  4.55031264e-03  0.00000000e+00 
 4.55131264e-03 -2.95205677e+00  4.55131264e-03  0.00000000e+00 
 4.55231264e-03 -2.94845890e+00  4.55231264e-03  0.00000000e+00 
 4.55331264e-03 -2.94486540e+00  4.55331264e-03  0.00000000e+00 
 4.55431264e-03 -2.94127629e+00  4.55431264e-03  0.00000000e+00 
 4.55531264e-03 -2.93769156e+00  4.55531264e-03  0.00000000e+00 
 4.55631264e-03 -2.93411119e+00  4.55631264e-03  0.00000000e+00 
 4.55731264e-03 -2.93053519e+00  4.55731264e-03  0.00000000e+00 
 4.55831264e-03 -2.92696354e+00  4.55831264e-03  0.00000000e+00 
 4.55931264e-03 -2.92339625e+00  4.55931264e-03  0.00000000e+00 
 4.56031264e-03 -2.91983330e+00  4.56031264e-03  0.00000000e+00 
 4.56131264e-03 -2.91627470e+00  4.56131264e-03  0.00000000e+00 
 4.56231264e-03 -2.91272044e+00  4.56231264e-03  0.00000000e+00 
 4.56331264e-03 -2.90917050e+00  4.56331264e-03  0.00000000e+00 
 4.56431264e-03 -2.90562489e+00  4.56431264e-03  0.00000000e+00 
 4.56531264e-03 -2.90208361e+00  4.56531264e-03  0.00000000e+00 
 4.56631264e-03 -2.89854664e+00  4.56631264e-03  0.00000000e+00 
 4.56731264e-03 -2.89501398e+00  4.56731264e-03  0.00000000e+00 
 4.56831264e-03 -2.89148563e+00  4.56831264e-03  0.00000000e+00 
 4.56931264e-03 -2.88796157e+00  4.56931264e-03  0.00000000e+00 
 4.57031264e-03 -2.88444182e+00  4.57031264e-03  0.00000000e+00 
 4.57131264e-03 -2.88092635e+00  4.57131264e-03  0.00000000e+00 
 4.57231264e-03 -2.87741516e+00  4.57231264e-03  0.00000000e+00 
 4.57331264e-03 -2.87390826e+00  4.57331264e-03  0.00000000e+00 
 4.57431264e-03 -2.87040563e+00  4.57431264e-03  0.00000000e+00 
 4.57531264e-03 -2.86690727e+00  4.57531264e-03  0.00000000e+00 
 4.57631264e-03 -2.86341317e+00  4.57631264e-03  0.00000000e+00 
 4.57731264e-03 -2.85992333e+00  4.57731264e-03  0.00000000e+00 
 4.57831264e-03 -2.85643774e+00  4.57831264e-03  0.00000000e+00 
 4.57931264e-03 -2.85295641e+00  4.57931264e-03  0.00000000e+00 
 4.58031264e-03 -2.84947931e+00  4.58031264e-03  0.00000000e+00 
 4.58131264e-03 -2.84600645e+00  4.58131264e-03  0.00000000e+00 
 4.58231264e-03 -2.84253783e+00  4.58231264e-03  0.00000000e+00 
 4.58331264e-03 -2.83907343e+00  4.58331264e-03  0.00000000e+00 
 4.58431264e-03 -2.83561326e+00  4.58431264e-03  0.00000000e+00 
 4.58531264e-03 -2.83215730e+00  4.58531264e-03  0.00000000e+00 
 4.58631264e-03 -2.82870555e+00  4.58631264e-03  0.00000000e+00 
 4.58731264e-03 -2.82525802e+00  4.58731264e-03  0.00000000e+00 
 4.58831264e-03 -2.82181468e+00  4.58831264e-03  0.00000000e+00 
 4.58931264e-03 -2.81837554e+00  4.58931264e-03  0.00000000e+00 
 4.59031264e-03 -2.81494059e+00  4.59031264e-03  0.00000000e+00 
 4.59131264e-03 -2.81150983e+00  4.59131264e-03  0.00000000e+00 
 4.59231264e-03 -2.80808325e+00  4.59231264e-03  0.00000000e+00 
 4.59331264e-03 -2.80466084e+00  4.59331264e-03  0.00000000e+00 
 4.59431264e-03 -2.80124261e+00  4.59431264e-03  0.00000000e+00 
 4.59531264e-03 -2.79782854e+00  4.59531264e-03  0.00000000e+00 
 4.59631264e-03 -2.79441863e+00  4.59631264e-03  0.00000000e+00 
 4.59731264e-03 -2.79101288e+00  4.59731264e-03  0.00000000e+00 
 4.59831264e-03 -2.78761128e+00  4.59831264e-03  0.00000000e+00 
 4.59931264e-03 -2.78421383e+00  4.59931264e-03  0.00000000e+00 
 4.60031264e-03 -2.78082051e+00  4.60031264e-03  0.00000000e+00 
 4.60131264e-03 -2.77743134e+00  4.60131264e-03  0.00000000e+00 
 4.60231264e-03 -2.77404629e+00  4.60231264e-03  0.00000000e+00 
 4.60331264e-03 -2.77066537e+00  4.60331264e-03  0.00000000e+00 
 4.60431264e-03 -2.76728857e+00  4.60431264e-03  0.00000000e+00 
 4.60531264e-03 -2.76391588e+00  4.60531264e-03  0.00000000e+00 
 4.60631264e-03 -2.76054730e+00  4.60631264e-03  0.00000000e+00 
 4.60731264e-03 -2.75718283e+00  4.60731264e-03  0.00000000e+00 
 4.60831264e-03 -2.75382247e+00  4.60831264e-03  0.00000000e+00 
 4.60931264e-03 -2.75046619e+00  4.60931264e-03  0.00000000e+00 
 4.61031264e-03 -2.74711401e+00  4.61031264e-03  0.00000000e+00 
 4.61131264e-03 -2.74376591e+00  4.61131264e-03  0.00000000e+00 
 4.61231264e-03 -2.74042189e+00  4.61231264e-03  0.00000000e+00 
 4.61331264e-03 -2.73708195e+00  4.61331264e-03  0.00000000e+00 
 4.61431264e-03 -2.73374608e+00  4.61431264e-03  0.00000000e+00 
 4.61531264e-03 -2.73041428e+00  4.61531264e-03  0.00000000e+00 
 4.61631264e-03 -2.72708653e+00  4.61631264e-03  0.00000000e+00 
 4.61731264e-03 -2.72376284e+00  4.61731264e-03  0.00000000e+00 
 4.61831264e-03 -2.72044321e+00  4.61831264e-03  0.00000000e+00 
 4.61931264e-03 -2.71712761e+00  4.61931264e-03  0.00000000e+00 
 4.62031264e-03 -2.71381606e+00  4.62031264e-03  0.00000000e+00 
 4.62131264e-03 -2.71050855e+00  4.62131264e-03  0.00000000e+00 
 4.62231264e-03 -2.70720506e+00  4.62231264e-03  0.00000000e+00 
 4.62331264e-03 -2.70390561e+00  4.62331264e-03  0.00000000e+00 
 4.62431264e-03 -2.70061017e+00  4.62431264e-03  0.00000000e+00 
 4.62531264e-03 -2.69731875e+00  4.62531264e-03  0.00000000e+00 
 4.62631264e-03 -2.69403134e+00  4.62631264e-03  0.00000000e+00 
 4.62731264e-03 -2.69074794e+00  4.62731264e-03  0.00000000e+00 
 4.62831264e-03 -2.68746854e+00  4.62831264e-03  0.00000000e+00 
 4.62931264e-03 -2.68419314e+00  4.62931264e-03  0.00000000e+00 
 4.63031264e-03 -2.68092172e+00  4.63031264e-03  0.00000000e+00 
 4.63131264e-03 -2.67765430e+00  4.63131264e-03  0.00000000e+00 
 4.63231264e-03 -2.67439086e+00  4.63231264e-03  0.00000000e+00 
 4.63331264e-03 -2.67113139e+00  4.63331264e-03  0.00000000e+00 
 4.63431264e-03 -2.66787590e+00  4.63431264e-03  0.00000000e+00 
 4.63531264e-03 -2.66462438e+00  4.63531264e-03  0.00000000e+00 
 4.63631264e-03 -2.66137681e+00  4.63631264e-03  0.00000000e+00 
 4.63731264e-03 -2.65813321e+00  4.63731264e-03  0.00000000e+00 
 4.63831264e-03 -2.65489356e+00  4.63831264e-03  0.00000000e+00 
 4.63931264e-03 -2.65165786e+00  4.63931264e-03  0.00000000e+00 
 4.64031264e-03 -2.64842610e+00  4.64031264e-03  0.00000000e+00 
 4.64131264e-03 -2.64519828e+00  4.64131264e-03  0.00000000e+00 
 4.64231264e-03 -2.64197439e+00  4.64231264e-03  0.00000000e+00 
 4.64331264e-03 -2.63875444e+00  4.64331264e-03  0.00000000e+00 
 4.64431264e-03 -2.63553841e+00  4.64431264e-03  0.00000000e+00 
 4.64531264e-03 -2.63232629e+00  4.64531264e-03  0.00000000e+00 
 4.64631264e-03 -2.62911810e+00  4.64631264e-03  0.00000000e+00 
 4.64731264e-03 -2.62591381e+00  4.64731264e-03  0.00000000e+00 
 4.64831264e-03 -2.62271342e+00  4.64831264e-03  0.00000000e+00 
 4.64931264e-03 -2.61951694e+00  4.64931264e-03  0.00000000e+00 
 4.65031264e-03 -2.61632436e+00  4.65031264e-03  0.00000000e+00 
 4.65131264e-03 -2.61313566e+00  4.65131264e-03  0.00000000e+00 
 4.65231264e-03 -2.60995085e+00  4.65231264e-03  0.00000000e+00 
 4.65331264e-03 -2.60676993e+00  4.65331264e-03  0.00000000e+00 
 4.65431264e-03 -2.60359288e+00  4.65431264e-03  0.00000000e+00 
 4.65531264e-03 -2.60041970e+00  4.65531264e-03  0.00000000e+00 
 4.65631264e-03 -2.59725039e+00  4.65631264e-03  0.00000000e+00 
 4.65731264e-03 -2.59408494e+00  4.65731264e-03  0.00000000e+00 
 4.65831264e-03 -2.59092335e+00  4.65831264e-03  0.00000000e+00 
 4.65931264e-03 -2.58776561e+00  4.65931264e-03  0.00000000e+00 
 4.66031264e-03 -2.58461172e+00  4.66031264e-03  0.00000000e+00 
 4.66131264e-03 -2.58146168e+00  4.66131264e-03  0.00000000e+00 
 4.66231264e-03 -2.57831547e+00  4.66231264e-03  0.00000000e+00 
 4.66331264e-03 -2.57517310e+00  4.66331264e-03  0.00000000e+00 
 4.66431264e-03 -2.57203456e+00  4.66431264e-03  0.00000000e+00 
 4.66531264e-03 -2.56889984e+00  4.66531264e-03  0.00000000e+00 
 4.66631264e-03 -2.56576895e+00  4.66631264e-03  0.00000000e+00 
 4.66731264e-03 -2.56264187e+00  4.66731264e-03  0.00000000e+00 
 4.66831264e-03 -2.55951860e+00  4.66831264e-03  0.00000000e+00 
 4.66931264e-03 -2.55639914e+00  4.66931264e-03  0.00000000e+00 
 4.67031264e-03 -2.55328348e+00  4.67031264e-03  0.00000000e+00 
 4.67131264e-03 -2.55017161e+00  4.67131264e-03  0.00000000e+00 
 4.67231264e-03 -2.54706354e+00  4.67231264e-03  0.00000000e+00 
 4.67331264e-03 -2.54395926e+00  4.67331264e-03  0.00000000e+00 
 4.67431264e-03 -2.54085876e+00  4.67431264e-03  0.00000000e+00 
 4.67531264e-03 -2.53776204e+00  4.67531264e-03  0.00000000e+00 
 4.67631264e-03 -2.53466910e+00  4.67631264e-03  0.00000000e+00 
 4.67731264e-03 -2.53157992e+00  4.67731264e-03  0.00000000e+00 
 4.67831264e-03 -2.52849451e+00  4.67831264e-03  0.00000000e+00 
 4.67931264e-03 -2.52541286e+00  4.67931264e-03  0.00000000e+00 
 4.68031264e-03 -2.52233496e+00  4.68031264e-03  0.00000000e+00 
 4.68131264e-03 -2.51926082e+00  4.68131264e-03  0.00000000e+00 
 4.68231264e-03 -2.51619042e+00  4.68231264e-03  0.00000000e+00 
 4.68331264e-03 -2.51312377e+00  4.68331264e-03  0.00000000e+00 
 4.68431264e-03 -2.51006085e+00  4.68431264e-03  0.00000000e+00 
 4.68531264e-03 -2.50700167e+00  4.68531264e-03  0.00000000e+00 
 4.68631264e-03 -2.50394621e+00  4.68631264e-03  0.00000000e+00 
 4.68731264e-03 -2.50089448e+00  4.68731264e-03  0.00000000e+00 
 4.68831264e-03 -2.49784646e+00  4.68831264e-03  0.00000000e+00 
 4.68931264e-03 -2.49480217e+00  4.68931264e-03  0.00000000e+00 
 4.69031264e-03 -2.49176158e+00  4.69031264e-03  0.00000000e+00 
 4.69131264e-03 -2.48872470e+00  4.69131264e-03  0.00000000e+00 
 4.69231264e-03 -2.48569152e+00  4.69231264e-03  0.00000000e+00 
 4.69331264e-03 -2.48266203e+00  4.69331264e-03  0.00000000e+00 
 4.69431264e-03 -2.47963624e+00  4.69431264e-03  0.00000000e+00 
 4.69531264e-03 -2.47661414e+00  4.69531264e-03  0.00000000e+00 
 4.69631264e-03 -2.47359572e+00  4.69631264e-03  0.00000000e+00 
 4.69731264e-03 -2.47058097e+00  4.69731264e-03  0.00000000e+00 
 4.69831264e-03 -2.46756991e+00  4.69831264e-03  0.00000000e+00 
 4.69931264e-03 -2.46456251e+00  4.69931264e-03  0.00000000e+00 
 4.70031264e-03 -2.46155878e+00  4.70031264e-03  0.00000000e+00 
 4.70131264e-03 -2.45855870e+00  4.70131264e-03  0.00000000e+00 
 4.70231264e-03 -2.45556229e+00  4.70231264e-03  0.00000000e+00 
 4.70331264e-03 -2.45256953e+00  4.70331264e-03  0.00000000e+00 
 4.70431264e-03 -2.44958041e+00  4.70431264e-03  0.00000000e+00 
 4.70531264e-03 -2.44659494e+00  4.70531264e-03  0.00000000e+00 
 4.70631264e-03 -2.44361310e+00  4.70631264e-03  0.00000000e+00 
 4.70731264e-03 -2.44063490e+00  4.70731264e-03  0.00000000e+00 
 4.70831264e-03 -2.43766033e+00  4.70831264e-03  0.00000000e+00 
 4.70931264e-03 -2.43468939e+00  4.70931264e-03  0.00000000e+00 
 4.71031264e-03 -2.43172206e+00  4.71031264e-03  0.00000000e+00 
 4.71131264e-03 -2.42875836e+00  4.71131264e-03  0.00000000e+00 
 4.71231264e-03 -2.42579826e+00  4.71231264e-03  0.00000000e+00 
 4.71331264e-03 -2.42284177e+00  4.71331264e-03  0.00000000e+00 
 4.71431264e-03 -2.41988889e+00  4.71431264e-03  0.00000000e+00 
 4.71531264e-03 -2.41693960e+00  4.71531264e-03  0.00000000e+00 
 4.71631264e-03 -2.41399391e+00  4.71631264e-03  0.00000000e+00 
 4.71731264e-03 -2.41105181e+00  4.71731264e-03  0.00000000e+00 
 4.71831264e-03 -2.40811330e+00  4.71831264e-03  0.00000000e+00 
 4.71931264e-03 -2.40517836e+00  4.71931264e-03  0.00000000e+00 
 4.72031264e-03 -2.40224700e+00  4.72031264e-03  0.00000000e+00 
 4.72131264e-03 -2.39931922e+00  4.72131264e-03  0.00000000e+00 
 4.72231264e-03 -2.39639500e+00  4.72231264e-03  0.00000000e+00 
 4.72331264e-03 -2.39347435e+00  4.72331264e-03  0.00000000e+00 
 4.72431264e-03 -2.39055726e+00  4.72431264e-03  0.00000000e+00 
 4.72531264e-03 -2.38764372e+00  4.72531264e-03  0.00000000e+00 
 4.72631264e-03 -2.38473374e+00  4.72631264e-03  0.00000000e+00 
 4.72731264e-03 -2.38182730e+00  4.72731264e-03  0.00000000e+00 
 4.72831264e-03 -2.37892440e+00  4.72831264e-03  0.00000000e+00 
 4.72931264e-03 -2.37602504e+00  4.72931264e-03  0.00000000e+00 
 4.73031264e-03 -2.37312921e+00  4.73031264e-03  0.00000000e+00 
 4.73131264e-03 -2.37023692e+00  4.73131264e-03  0.00000000e+00 
 4.73231264e-03 -2.36734815e+00  4.73231264e-03  0.00000000e+00 
 4.73331264e-03 -2.36446290e+00  4.73331264e-03  0.00000000e+00 
 4.73431264e-03 -2.36158116e+00  4.73431264e-03  0.00000000e+00 
 4.73531264e-03 -2.35870294e+00  4.73531264e-03  0.00000000e+00 
 4.73631264e-03 -2.35582823e+00  4.73631264e-03  0.00000000e+00 
 4.73731264e-03 -2.35295701e+00  4.73731264e-03  0.00000000e+00 
 4.73831264e-03 -2.35008930e+00  4.73831264e-03  0.00000000e+00 
 4.73931264e-03 -2.34722509e+00  4.73931264e-03  0.00000000e+00 
 4.74031264e-03 -2.34436436e+00  4.74031264e-03  0.00000000e+00 
 4.74131264e-03 -2.34150712e+00  4.74131264e-03  0.00000000e+00 
 4.74231264e-03 -2.33865337e+00  4.74231264e-03  0.00000000e+00 
 4.74331264e-03 -2.33580309e+00  4.74331264e-03  0.00000000e+00 
 4.74431264e-03 -2.33295628e+00  4.74431264e-03  0.00000000e+00 
 4.74531264e-03 -2.33011295e+00  4.74531264e-03  0.00000000e+00 
 4.74631264e-03 -2.32727308e+00  4.74631264e-03  0.00000000e+00 
 4.74731264e-03 -2.32443667e+00  4.74731264e-03  0.00000000e+00 
 4.74831264e-03 -2.32160372e+00  4.74831264e-03  0.00000000e+00 
 4.74931264e-03 -2.31877422e+00  4.74931264e-03  0.00000000e+00 
 4.75031264e-03 -2.31594817e+00  4.75031264e-03  0.00000000e+00 
 4.75131264e-03 -2.31312557e+00  4.75131264e-03  0.00000000e+00 
 4.75231264e-03 -2.31030640e+00  4.75231264e-03  0.00000000e+00 
 4.75331264e-03 -2.30749067e+00  4.75331264e-03  0.00000000e+00 
 4.75431264e-03 -2.30467837e+00  4.75431264e-03  0.00000000e+00 
 4.75531264e-03 -2.30186950e+00  4.75531264e-03  0.00000000e+00 
 4.75631264e-03 -2.29906405e+00  4.75631264e-03  0.00000000e+00 
 4.75731264e-03 -2.29626203e+00  4.75731264e-03  0.00000000e+00 
 4.75831264e-03 -2.29346341e+00  4.75831264e-03  0.00000000e+00 
 4.75931264e-03 -2.29066821e+00  4.75931264e-03  0.00000000e+00 
 4.76031264e-03 -2.28787641e+00  4.76031264e-03  0.00000000e+00 
 4.76131264e-03 -2.28508802e+00  4.76131264e-03  0.00000000e+00 
 4.76231264e-03 -2.28230303e+00  4.76231264e-03  0.00000000e+00 
 4.76331264e-03 -2.27952143e+00  4.76331264e-03  0.00000000e+00 
 4.76431264e-03 -2.27674322e+00  4.76431264e-03  0.00000000e+00 
 4.76531264e-03 -2.27396839e+00  4.76531264e-03  0.00000000e+00 
 4.76631264e-03 -2.27119695e+00  4.76631264e-03  0.00000000e+00 
 4.76731264e-03 -2.26842889e+00  4.76731264e-03  0.00000000e+00 
 4.76831264e-03 -2.26566419e+00  4.76831264e-03  0.00000000e+00 
 4.76931264e-03 -2.26290287e+00  4.76931264e-03  0.00000000e+00 
 4.77031264e-03 -2.26014492e+00  4.77031264e-03  0.00000000e+00 
 4.77131264e-03 -2.25739032e+00  4.77131264e-03  0.00000000e+00 
 4.77231264e-03 -2.25463909e+00  4.77231264e-03  0.00000000e+00 
 4.77331264e-03 -2.25189120e+00  4.77331264e-03  0.00000000e+00 
 4.77431264e-03 -2.24914667e+00  4.77431264e-03  0.00000000e+00 
 4.77531264e-03 -2.24640548e+00  4.77531264e-03  0.00000000e+00 
 4.77631264e-03 -2.24366763e+00  4.77631264e-03  0.00000000e+00 
 4.77731264e-03 -2.24093311e+00  4.77731264e-03  0.00000000e+00 
 4.77831264e-03 -2.23820193e+00  4.77831264e-03  0.00000000e+00 
 4.77931264e-03 -2.23547408e+00  4.77931264e-03  0.00000000e+00 
 4.78031264e-03 -2.23274956e+00  4.78031264e-03  0.00000000e+00 
 4.78131264e-03 -2.23002835e+00  4.78131264e-03  0.00000000e+00 
 4.78231264e-03 -2.22731046e+00  4.78231264e-03  0.00000000e+00 
 4.78331264e-03 -2.22459588e+00  4.78331264e-03  0.00000000e+00 
 4.78431264e-03 -2.22188461e+00  4.78431264e-03  0.00000000e+00 
 4.78531264e-03 -2.21917665e+00  4.78531264e-03  0.00000000e+00 
 4.78631264e-03 -2.21647199e+00  4.78631264e-03  0.00000000e+00 
 4.78731264e-03 -2.21377062e+00  4.78731264e-03  0.00000000e+00 
 4.78831264e-03 -2.21107254e+00  4.78831264e-03  0.00000000e+00 
 4.78931264e-03 -2.20837776e+00  4.78931264e-03  0.00000000e+00 
 4.79031264e-03 -2.20568625e+00  4.79031264e-03  0.00000000e+00 
 4.79131264e-03 -2.20299803e+00  4.79131264e-03  0.00000000e+00 
 4.79231264e-03 -2.20031309e+00  4.79231264e-03  0.00000000e+00 
 4.79331264e-03 -2.19763141e+00  4.79331264e-03  0.00000000e+00 
 4.79431264e-03 -2.19495301e+00  4.79431264e-03  0.00000000e+00 
 4.79531264e-03 -2.19227787e+00  4.79531264e-03  0.00000000e+00 
 4.79631264e-03 -2.18960599e+00  4.79631264e-03  0.00000000e+00 
 4.79731264e-03 -2.18693736e+00  4.79731264e-03  0.00000000e+00 
 4.79831264e-03 -2.18427199e+00  4.79831264e-03  0.00000000e+00 
 4.79931264e-03 -2.18160987e+00  4.79931264e-03  0.00000000e+00 
 4.80031264e-03 -2.17895099e+00  4.80031264e-03  0.00000000e+00 
 4.80131264e-03 -2.17629535e+00  4.80131264e-03  0.00000000e+00 
 4.80231264e-03 -2.17364295e+00  4.80231264e-03  0.00000000e+00 
 4.80331264e-03 -2.17099378e+00  4.80331264e-03  0.00000000e+00 
 4.80431264e-03 -2.16834784e+00  4.80431264e-03  0.00000000e+00 
 4.80531264e-03 -2.16570513e+00  4.80531264e-03  0.00000000e+00 
 4.80631264e-03 -2.16306563e+00  4.80631264e-03  0.00000000e+00 
 4.80731264e-03 -2.16042935e+00  4.80731264e-03  0.00000000e+00 
 4.80831264e-03 -2.15779629e+00  4.80831264e-03  0.00000000e+00 
 4.80931264e-03 -2.15516643e+00  4.80931264e-03  0.00000000e+00 
 4.81031264e-03 -2.15253978e+00  4.81031264e-03  0.00000000e+00 
 4.81131264e-03 -2.14991634e+00  4.81131264e-03  0.00000000e+00 
 4.81231264e-03 -2.14729608e+00  4.81231264e-03  0.00000000e+00 
 4.81331264e-03 -2.14467903e+00  4.81331264e-03  0.00000000e+00 
 4.81431264e-03 -2.14206516e+00  4.81431264e-03  0.00000000e+00 
 4.81531264e-03 -2.13945448e+00  4.81531264e-03  0.00000000e+00 
 4.81631264e-03 -2.13684697e+00  4.81631264e-03  0.00000000e+00 
 4.81731264e-03 -2.13424265e+00  4.81731264e-03  0.00000000e+00 
 4.81831264e-03 -2.13164150e+00  4.81831264e-03  0.00000000e+00 
 4.81931264e-03 -2.12904352e+00  4.81931264e-03  0.00000000e+00 
 4.82031264e-03 -2.12644871e+00  4.82031264e-03  0.00000000e+00 
 4.82131264e-03 -2.12385706e+00  4.82131264e-03  0.00000000e+00 
 4.82231264e-03 -2.12126857e+00  4.82231264e-03  0.00000000e+00 
 4.82331264e-03 -2.11868323e+00  4.82331264e-03  0.00000000e+00 
 4.82431264e-03 -2.11610105e+00  4.82431264e-03  0.00000000e+00 
 4.82531264e-03 -2.11352201e+00  4.82531264e-03  0.00000000e+00 
 4.82631264e-03 -2.11094611e+00  4.82631264e-03  0.00000000e+00 
 4.82731264e-03 -2.10837336e+00  4.82731264e-03  0.00000000e+00 
 4.82831264e-03 -2.10580374e+00  4.82831264e-03  0.00000000e+00 
 4.82931264e-03 -2.10323725e+00  4.82931264e-03  0.00000000e+00 
 4.83031264e-03 -2.10067389e+00  4.83031264e-03  0.00000000e+00 
 4.83131264e-03 -2.09811365e+00  4.83131264e-03  0.00000000e+00 
 4.83231264e-03 -2.09555654e+00  4.83231264e-03  0.00000000e+00 
 4.83331264e-03 -2.09300254e+00  4.83331264e-03  0.00000000e+00 
 4.83431264e-03 -2.09045165e+00  4.83431264e-03  0.00000000e+00 
 4.83531264e-03 -2.08790387e+00  4.83531264e-03  0.00000000e+00 
 4.83631264e-03 -2.08535920e+00  4.83631264e-03  0.00000000e+00 
 4.83731264e-03 -2.08281763e+00  4.83731264e-03  0.00000000e+00 
 4.83831264e-03 -2.08027916e+00  4.83831264e-03  0.00000000e+00 
 4.83931264e-03 -2.07774378e+00  4.83931264e-03  0.00000000e+00 
 4.84031264e-03 -2.07521149e+00  4.84031264e-03  0.00000000e+00 
 4.84131264e-03 -2.07268228e+00  4.84131264e-03  0.00000000e+00 
 4.84231264e-03 -2.07015616e+00  4.84231264e-03  0.00000000e+00 
 4.84331264e-03 -2.06763312e+00  4.84331264e-03  0.00000000e+00 
 4.84431264e-03 -2.06511315e+00  4.84431264e-03  0.00000000e+00 
 4.84531264e-03 -2.06259626e+00  4.84531264e-03  0.00000000e+00 
 4.84631264e-03 -2.06008243e+00  4.84631264e-03  0.00000000e+00 
 4.84731264e-03 -2.05757166e+00  4.84731264e-03  0.00000000e+00 
 4.84831264e-03 -2.05506396e+00  4.84831264e-03  0.00000000e+00 
 4.84931264e-03 -2.05255931e+00  4.84931264e-03  0.00000000e+00 
 4.85031264e-03 -2.05005771e+00  4.85031264e-03  0.00000000e+00 
 4.85131264e-03 -2.04755917e+00  4.85131264e-03  0.00000000e+00 
 4.85231264e-03 -2.04506367e+00  4.85231264e-03  0.00000000e+00 
 4.85331264e-03 -2.04257121e+00  4.85331264e-03  0.00000000e+00 
 4.85431264e-03 -2.04008178e+00  4.85431264e-03  0.00000000e+00 
 4.85531264e-03 -2.03759539e+00  4.85531264e-03  0.00000000e+00 
 4.85631264e-03 -2.03511204e+00  4.85631264e-03  0.00000000e+00 
 4.85731264e-03 -2.03263170e+00  4.85731264e-03  0.00000000e+00 
 4.85831264e-03 -2.03015440e+00  4.85831264e-03  0.00000000e+00 
 4.85931264e-03 -2.02768011e+00  4.85931264e-03  0.00000000e+00 
 4.86031264e-03 -2.02520883e+00  4.86031264e-03  0.00000000e+00 
 4.86131264e-03 -2.02274057e+00  4.86131264e-03  0.00000000e+00 
 4.86231264e-03 -2.02027532e+00  4.86231264e-03  0.00000000e+00 
 4.86331264e-03 -2.01781307e+00  4.86331264e-03  0.00000000e+00 
 4.86431264e-03 -2.01535382e+00  4.86431264e-03  0.00000000e+00 
 4.86531264e-03 -2.01289757e+00  4.86531264e-03  0.00000000e+00 
 4.86631264e-03 -2.01044431e+00  4.86631264e-03  0.00000000e+00 
 4.86731264e-03 -2.00799405e+00  4.86731264e-03  0.00000000e+00 
 4.86831264e-03 -2.00554676e+00  4.86831264e-03  0.00000000e+00 
 4.86931264e-03 -2.00310247e+00  4.86931264e-03  0.00000000e+00 
 4.87031264e-03 -2.00066115e+00  4.87031264e-03  0.00000000e+00 
 4.87131264e-03 -1.99822280e+00  4.87131264e-03  0.00000000e+00 
 4.87231264e-03 -1.99578743e+00  4.87231264e-03  0.00000000e+00 
 4.87331264e-03 -1.99335503e+00  4.87331264e-03  0.00000000e+00 
 4.87431264e-03 -1.99092559e+00  4.87431264e-03  0.00000000e+00 
 4.87531264e-03 -1.98849911e+00  4.87531264e-03  0.00000000e+00 
 4.87631264e-03 -1.98607559e+00  4.87631264e-03  0.00000000e+00 
 4.87731264e-03 -1.98365502e+00  4.87731264e-03  0.00000000e+00 
 4.87831264e-03 -1.98123740e+00  4.87831264e-03  0.00000000e+00 
 4.87931264e-03 -1.97882273e+00  4.87931264e-03  0.00000000e+00 
 4.88031264e-03 -1.97641100e+00  4.88031264e-03  0.00000000e+00 
 4.88131264e-03 -1.97400222e+00  4.88131264e-03  0.00000000e+00 
 4.88231264e-03 -1.97159636e+00  4.88231264e-03  0.00000000e+00 
 4.88331264e-03 -1.96919344e+00  4.88331264e-03  0.00000000e+00 
 4.88431264e-03 -1.96679345e+00  4.88431264e-03  0.00000000e+00 
 4.88531264e-03 -1.96439638e+00  4.88531264e-03  0.00000000e+00 
 4.88631264e-03 -1.96200224e+00  4.88631264e-03  0.00000000e+00 
 4.88731264e-03 -1.95961101e+00  4.88731264e-03  0.00000000e+00 
 4.88831264e-03 -1.95722270e+00  4.88831264e-03  0.00000000e+00 
 4.88931264e-03 -1.95483729e+00  4.88931264e-03  0.00000000e+00 
 4.89031264e-03 -1.95245480e+00  4.89031264e-03  0.00000000e+00 
 4.89131264e-03 -1.95007521e+00  4.89131264e-03  0.00000000e+00 
 4.89231264e-03 -1.94769852e+00  4.89231264e-03  0.00000000e+00 
 4.89331264e-03 -1.94532472e+00  4.89331264e-03  0.00000000e+00 
 4.89431264e-03 -1.94295382e+00  4.89431264e-03  0.00000000e+00 
 4.89531264e-03 -1.94058581e+00  4.89531264e-03  0.00000000e+00 
 4.89631264e-03 -1.93822068e+00  4.89631264e-03  0.00000000e+00 
 4.89731264e-03 -1.93585844e+00  4.89731264e-03  0.00000000e+00 
 4.89831264e-03 -1.93349907e+00  4.89831264e-03  0.00000000e+00 
 4.89931264e-03 -1.93114259e+00  4.89931264e-03  0.00000000e+00 
 4.90031264e-03 -1.92878897e+00  4.90031264e-03  0.00000000e+00 
 4.90131264e-03 -1.92643822e+00  4.90131264e-03  0.00000000e+00 
 4.90231264e-03 -1.92409034e+00  4.90231264e-03  0.00000000e+00 
 4.90331264e-03 -1.92174532e+00  4.90331264e-03  0.00000000e+00 
 4.90431264e-03 -1.91940315e+00  4.90431264e-03  0.00000000e+00 
 4.90531264e-03 -1.91706384e+00  4.90531264e-03  0.00000000e+00 
 4.90631264e-03 -1.91472739e+00  4.90631264e-03  0.00000000e+00 
 4.90731264e-03 -1.91239377e+00  4.90731264e-03  0.00000000e+00 
 4.90831264e-03 -1.91006301e+00  4.90831264e-03  0.00000000e+00 
 4.90931264e-03 -1.90773508e+00  4.90931264e-03  0.00000000e+00 
 4.91031264e-03 -1.90540999e+00  4.91031264e-03  0.00000000e+00 
 4.91131264e-03 -1.90308774e+00  4.91131264e-03  0.00000000e+00 
 4.91231264e-03 -1.90076832e+00  4.91231264e-03  0.00000000e+00 
 4.91331264e-03 -1.89845172e+00  4.91331264e-03  0.00000000e+00 
 4.91431264e-03 -1.89613794e+00  4.91431264e-03  0.00000000e+00 
 4.91531264e-03 -1.89382699e+00  4.91531264e-03  0.00000000e+00 
 4.91631264e-03 -1.89151885e+00  4.91631264e-03  0.00000000e+00 
 4.91731264e-03 -1.88921353e+00  4.91731264e-03  0.00000000e+00 
 4.91831264e-03 -1.88691101e+00  4.91831264e-03  0.00000000e+00 
 4.91931264e-03 -1.88461130e+00  4.91931264e-03  0.00000000e+00 
 4.92000000e-03 -1.88303220e+00  4.92000000e-03  0.00000000e+00 
 4.92010000e-03  3.11658773e+00  4.92010000e-03  5.00000000e+00 
 4.92030000e-03  3.11582768e+00  4.92030000e-03  5.00000000e+00 
 4.92070000e-03  3.11430813e+00  4.92070000e-03  5.00000000e+00 
 4.92150000e-03  3.11127126e+00  4.92150000e-03  5.00000000e+00 
 4.92250000e-03  3.10747934e+00  4.92250000e-03  5.00000000e+00 
 4.92350000e-03  3.10369204e+00  4.92350000e-03  5.00000000e+00 
 4.92450000e-03  3.09990936e+00  4.92450000e-03  5.00000000e+00 
 4.92550000e-03  3.09613129e+00  4.92550000e-03  5.00000000e+00 
 4.92650000e-03  3.09235782e+00  4.92650000e-03  5.00000000e+00 
 4.92750000e-03  3.08858895e+00  4.92750000e-03  5.00000000e+00 
 4.92850000e-03  3.08482467e+00  4.92850000e-03  5.00000000e+00 
 4.92950000e-03  3.08106498e+00  4.92950000e-03  5.00000000e+00 
 4.93050000e-03  3.07730987e+00  4.93050000e-03  5.00000000e+00 
 4.93150000e-03  3.07355934e+00  4.93150000e-03  5.00000000e+00 
 4.93250000e-03  3.06981339e+00  4.93250000e-03  5.00000000e+00 
 4.93350000e-03  3.06607199e+00  4.93350000e-03  5.00000000e+00 
 4.93450000e-03  3.06233516e+00  4.93450000e-03  5.00000000e+00 
 4.93550000e-03  3.05860288e+00  4.93550000e-03  5.00000000e+00 
 4.93650000e-03  3.05487515e+00  4.93650000e-03  5.00000000e+00 
 4.93750000e-03  3.05115196e+00  4.93750000e-03  5.00000000e+00 
 4.93850000e-03  3.04743331e+00  4.93850000e-03  5.00000000e+00 
 4.93950000e-03  3.04371919e+00  4.93950000e-03  5.00000000e+00 
 4.94050000e-03  3.04000960e+00  4.94050000e-03  5.00000000e+00 
 4.94150000e-03  3.03630453e+00  4.94150000e-03  5.00000000e+00 
 4.94250000e-03  3.03260398e+00  4.94250000e-03  5.00000000e+00 
 4.94350000e-03  3.02890794e+00  4.94350000e-03  5.00000000e+00 
 4.94450000e-03  3.02521640e+00  4.94450000e-03  5.00000000e+00 
 4.94550000e-03  3.02152936e+00  4.94550000e-03  5.00000000e+00 
 4.94650000e-03  3.01784681e+00  4.94650000e-03  5.00000000e+00 
 4.94750000e-03  3.01416875e+00  4.94750000e-03  5.00000000e+00 
 4.94850000e-03  3.01049518e+00  4.94850000e-03  5.00000000e+00 
 4.94950000e-03  3.00682608e+00  4.94950000e-03  5.00000000e+00 
 4.95050000e-03  3.00316145e+00  4.95050000e-03  5.00000000e+00 
 4.95150000e-03  2.99950129e+00  4.95150000e-03  5.00000000e+00 
 4.95250000e-03  2.99584559e+00  4.95250000e-03  5.00000000e+00 
 4.95350000e-03  2.99219435e+00  4.95350000e-03  5.00000000e+00 
 4.95450000e-03  2.98854755e+00  4.95450000e-03  5.00000000e+00 
 4.95550000e-03  2.98490521e+00  4.95550000e-03  5.00000000e+00 
 4.95650000e-03  2.98126730e+00  4.95650000e-03  5.00000000e+00 
 4.95750000e-03  2.97763382e+00  4.95750000e-03  5.00000000e+00 
 4.95850000e-03  2.97400477e+00  4.95850000e-03  5.00000000e+00 
 4.95950000e-03  2.97038015e+00  4.95950000e-03  5.00000000e+00 
 4.96050000e-03  2.96675994e+00  4.96050000e-03  5.00000000e+00 
 4.96150000e-03  2.96314414e+00  4.96150000e-03  5.00000000e+00 
 4.96250000e-03  2.95953275e+00  4.96250000e-03  5.00000000e+00 
 4.96350000e-03  2.95592577e+00  4.96350000e-03  5.00000000e+00 
 4.96450000e-03  2.95232318e+00  4.96450000e-03  5.00000000e+00 
 4.96550000e-03  2.94872498e+00  4.96550000e-03  5.00000000e+00 
 4.96650000e-03  2.94513116e+00  4.96650000e-03  5.00000000e+00 
 4.96750000e-03  2.94154173e+00  4.96750000e-03  5.00000000e+00 
 4.96850000e-03  2.93795667e+00  4.96850000e-03  5.00000000e+00 
 4.96950000e-03  2.93437598e+00  4.96950000e-03  5.00000000e+00 
 4.97050000e-03  2.93079965e+00  4.97050000e-03  5.00000000e+00 
 4.97150000e-03  2.92722768e+00  4.97150000e-03  5.00000000e+00 
 4.97250000e-03  2.92366007e+00  4.97250000e-03  5.00000000e+00 
 4.97350000e-03  2.92009680e+00  4.97350000e-03  5.00000000e+00 
 4.97450000e-03  2.91653788e+00  4.97450000e-03  5.00000000e+00 
 4.97550000e-03  2.91298329e+00  4.97550000e-03  5.00000000e+00 
 4.97650000e-03  2.90943304e+00  4.97650000e-03  5.00000000e+00 
 4.97750000e-03  2.90588711e+00  4.97750000e-03  5.00000000e+00 
 4.97850000e-03  2.90234551e+00  4.97850000e-03  5.00000000e+00 
 4.97950000e-03  2.89880822e+00  4.97950000e-03  5.00000000e+00 
 4.98050000e-03  2.89527524e+00  4.98050000e-03  5.00000000e+00 
 4.98150000e-03  2.89174657e+00  4.98150000e-03  5.00000000e+00 
 4.98250000e-03  2.88822220e+00  4.98250000e-03  5.00000000e+00 
 4.98350000e-03  2.88470212e+00  4.98350000e-03  5.00000000e+00 
 4.98450000e-03  2.88118634e+00  4.98450000e-03  5.00000000e+00 
 4.98550000e-03  2.87767483e+00  4.98550000e-03  5.00000000e+00 
 4.98650000e-03  2.87416761e+00  4.98650000e-03  5.00000000e+00 
 4.98750000e-03  2.87066467e+00  4.98750000e-03  5.00000000e+00 
 4.98850000e-03  2.86716599e+00  4.98850000e-03  5.00000000e+00 
 4.98950000e-03  2.86367158e+00  4.98950000e-03  5.00000000e+00 
 4.99050000e-03  2.86018142e+00  4.99050000e-03  5.00000000e+00 
 4.99150000e-03  2.85669552e+00  4.99150000e-03  5.00000000e+00 
 4.99250000e-03  2.85321387e+00  4.99250000e-03  5.00000000e+00 
 4.99350000e-03  2.84973646e+00  4.99350000e-03  5.00000000e+00 
 4.99450000e-03  2.84626329e+00  4.99450000e-03  5.00000000e+00 
 4.99550000e-03  2.84279435e+00  4.99550000e-03  5.00000000e+00 
 4.99650000e-03  2.83932964e+00  4.99650000e-03  5.00000000e+00 
 4.99750000e-03  2.83586916e+00  4.99750000e-03  5.00000000e+00 
 4.99850000e-03  2.83241289e+00  4.99850000e-03  5.00000000e+00 
 4.99950000e-03  2.82896083e+00  4.99950000e-03  5.00000000e+00 
 5.00050000e-03  2.82551298e+00  5.00050000e-03  5.00000000e+00 
 5.00150000e-03  2.82206933e+00  5.00150000e-03  5.00000000e+00 
 5.00250000e-03  2.81862988e+00  5.00250000e-03  5.00000000e+00 
 5.00350000e-03  2.81519462e+00  5.00350000e-03  5.00000000e+00 
 5.00450000e-03  2.81176355e+00  5.00450000e-03  5.00000000e+00 
 5.00550000e-03  2.80833666e+00  5.00550000e-03  5.00000000e+00 
 5.00650000e-03  2.80491395e+00  5.00650000e-03  5.00000000e+00 
 5.00750000e-03  2.80149540e+00  5.00750000e-03  5.00000000e+00 
 5.00850000e-03  2.79808103e+00  5.00850000e-03  5.00000000e+00 
 5.00950000e-03  2.79467081e+00  5.00950000e-03  5.00000000e+00 
 5.01050000e-03  2.79126475e+00  5.01050000e-03  5.00000000e+00 
 5.01150000e-03  2.78786285e+00  5.01150000e-03  5.00000000e+00 
 5.01250000e-03  2.78446509e+00  5.01250000e-03  5.00000000e+00 
 5.01350000e-03  2.78107147e+00  5.01350000e-03  5.00000000e+00 
 5.01450000e-03  2.77768198e+00  5.01450000e-03  5.00000000e+00 
 5.01550000e-03  2.77429663e+00  5.01550000e-03  5.00000000e+00 
 5.01650000e-03  2.77091540e+00  5.01650000e-03  5.00000000e+00 
 5.01750000e-03  2.76753830e+00  5.01750000e-03  5.00000000e+00 
 5.01850000e-03  2.76416531e+00  5.01850000e-03  5.00000000e+00 
 5.01950000e-03  2.76079643e+00  5.01950000e-03  5.00000000e+00 
 5.02050000e-03  2.75743166e+00  5.02050000e-03  5.00000000e+00 
 5.02150000e-03  2.75407098e+00  5.02150000e-03  5.00000000e+00 
 5.02250000e-03  2.75071441e+00  5.02250000e-03  5.00000000e+00 
 5.02350000e-03  2.74736192e+00  5.02350000e-03  5.00000000e+00 
 5.02450000e-03  2.74401352e+00  5.02450000e-03  5.00000000e+00 
 5.02550000e-03  2.74066920e+00  5.02550000e-03  5.00000000e+00 
 5.02650000e-03  2.73732896e+00  5.02650000e-03  5.00000000e+00 
 5.02750000e-03  2.73399279e+00  5.02750000e-03  5.00000000e+00 
 5.02850000e-03  2.73066068e+00  5.02850000e-03  5.00000000e+00 
 5.02950000e-03  2.72733264e+00  5.02950000e-03  5.00000000e+00 
 5.03050000e-03  2.72400865e+00  5.03050000e-03  5.00000000e+00 
 5.03150000e-03  2.72068871e+00  5.03150000e-03  5.00000000e+00 
 5.03250000e-03  2.71737282e+00  5.03250000e-03  5.00000000e+00 
 5.03350000e-03  2.71406097e+00  5.03350000e-03  5.00000000e+00 
 5.03450000e-03  2.71075316e+00  5.03450000e-03  5.00000000e+00 
 5.03550000e-03  2.70744937e+00  5.03550000e-03  5.00000000e+00 
 5.03650000e-03  2.70414962e+00  5.03650000e-03  5.00000000e+00 
 5.03750000e-03  2.70085389e+00  5.03750000e-03  5.00000000e+00 
 5.03850000e-03  2.69756217e+00  5.03850000e-03  5.00000000e+00 
 5.03950000e-03  2.69427446e+00  5.03950000e-03  5.00000000e+00 
 5.04050000e-03  2.69099076e+00  5.04050000e-03  5.00000000e+00 
 5.04150000e-03  2.68771107e+00  5.04150000e-03  5.00000000e+00 
 5.04250000e-03  2.68443537e+00  5.04250000e-03  5.00000000e+00 
 5.04350000e-03  2.68116366e+00  5.04350000e-03  5.00000000e+00 
 5.04450000e-03  2.67789594e+00  5.04450000e-03  5.00000000e+00 
 5.04550000e-03  2.67463221e+00  5.04550000e-03  5.00000000e+00 
 5.04650000e-03  2.67137245e+00  5.04650000e-03  5.00000000e+00 
 5.04750000e-03  2.66811666e+00  5.04750000e-03  5.00000000e+00 
 5.04850000e-03  2.66486484e+00  5.04850000e-03  5.00000000e+00 
 5.04950000e-03  2.66161699e+00  5.04950000e-03  5.00000000e+00 
 5.05050000e-03  2.65837309e+00  5.05050000e-03  5.00000000e+00 
 5.05150000e-03  2.65513315e+00  5.05150000e-03  5.00000000e+00 
 5.05250000e-03  2.65189716e+00  5.05250000e-03  5.00000000e+00 
 5.05350000e-03  2.64866511e+00  5.05350000e-03  5.00000000e+00 
 5.05450000e-03  2.64543699e+00  5.05450000e-03  5.00000000e+00 
 5.05550000e-03  2.64221282e+00  5.05550000e-03  5.00000000e+00 
 5.05650000e-03  2.63899257e+00  5.05650000e-03  5.00000000e+00 
 5.05750000e-03  2.63577625e+00  5.05750000e-03  5.00000000e+00 
 5.05850000e-03  2.63256385e+00  5.05850000e-03  5.00000000e+00 
 5.05950000e-03  2.62935536e+00  5.05950000e-03  5.00000000e+00 
 5.06050000e-03  2.62615078e+00  5.06050000e-03  5.00000000e+00 
 5.06150000e-03  2.62295011e+00  5.06150000e-03  5.00000000e+00 
 5.06250000e-03  2.61975334e+00  5.06250000e-03  5.00000000e+00 
 5.06350000e-03  2.61656047e+00  5.06350000e-03  5.00000000e+00 
 5.06450000e-03  2.61337148e+00  5.06450000e-03  5.00000000e+00 
 5.06550000e-03  2.61018639e+00  5.06550000e-03  5.00000000e+00 
 5.06650000e-03  2.60700517e+00  5.06650000e-03  5.00000000e+00 
 5.06750000e-03  2.60382783e+00  5.06750000e-03  5.00000000e+00 
 5.06850000e-03  2.60065437e+00  5.06850000e-03  5.00000000e+00 
 5.06950000e-03  2.59748477e+00  5.06950000e-03  5.00000000e+00 
 5.07050000e-03  2.59431904e+00  5.07050000e-03  5.00000000e+00 
 5.07150000e-03  2.59115716e+00  5.07150000e-03  5.00000000e+00 
 5.07250000e-03  2.58799914e+00  5.07250000e-03  5.00000000e+00 
 5.07350000e-03  2.58484497e+00  5.07350000e-03  5.00000000e+00 
 5.07450000e-03  2.58169464e+00  5.07450000e-03  5.00000000e+00 
 5.07550000e-03  2.57854815e+00  5.07550000e-03  5.00000000e+00 
 5.07650000e-03  2.57540549e+00  5.07650000e-03  5.00000000e+00 
 5.07750000e-03  2.57226667e+00  5.07750000e-03  5.00000000e+00 
 5.07850000e-03  2.56913167e+00  5.07850000e-03  5.00000000e+00 
 5.07950000e-03  2.56600049e+00  5.07950000e-03  5.00000000e+00 
 5.08050000e-03  2.56287313e+00  5.08050000e-03  5.00000000e+00 
 5.08150000e-03  2.55974958e+00  5.08150000e-03  5.00000000e+00 
 5.08250000e-03  2.55662984e+00  5.08250000e-03  5.00000000e+00 
 5.08350000e-03  2.55351390e+00  5.08350000e-03  5.00000000e+00 
 5.08450000e-03  2.55040175e+00  5.08450000e-03  5.00000000e+00 
 5.08550000e-03  2.54729340e+00  5.08550000e-03  5.00000000e+00 
 5.08650000e-03  2.54418884e+00  5.08650000e-03  5.00000000e+00 
 5.08750000e-03  2.54108806e+00  5.08750000e-03  5.00000000e+00 
 5.08850000e-03  2.53799106e+00  5.08850000e-03  5.00000000e+00 
 5.08950000e-03  2.53489784e+00  5.08950000e-03  5.00000000e+00 
 5.09050000e-03  2.53180838e+00  5.09050000e-03  5.00000000e+00 
 5.09150000e-03  2.52872269e+00  5.09150000e-03  5.00000000e+00 
 5.09250000e-03  2.52564076e+00  5.09250000e-03  5.00000000e+00 
 5.09350000e-03  2.52256259e+00  5.09350000e-03  5.00000000e+00 
 5.09450000e-03  2.51948817e+00  5.09450000e-03  5.00000000e+00 
 5.09550000e-03  2.51641749e+00  5.09550000e-03  5.00000000e+00 
 5.09650000e-03  2.51335056e+00  5.09650000e-03  5.00000000e+00 
 5.09750000e-03  2.51028737e+00  5.09750000e-03  5.00000000e+00 
 5.09850000e-03  2.50722791e+00  5.09850000e-03  5.00000000e+00 
 5.09950000e-03  2.50417218e+00  5.09950000e-03  5.00000000e+00 
 5.10050000e-03  2.50112017e+00  5.10050000e-03  5.00000000e+00 
 5.10150000e-03  2.49807188e+00  5.10150000e-03  5.00000000e+00 
 5.10250000e-03  2.49502731e+00  5.10250000e-03  5.00000000e+00 
 5.10350000e-03  2.49198645e+00  5.10350000e-03  5.00000000e+00 
 5.10450000e-03  2.48894929e+00  5.10450000e-03  5.00000000e+00 
 5.10550000e-03  2.48591584e+00  5.10550000e-03  5.00000000e+00 
 5.10650000e-03  2.48288608e+00  5.10650000e-03  5.00000000e+00 
 5.10750000e-03  2.47986001e+00  5.10750000e-03  5.00000000e+00 
 5.10850000e-03  2.47683764e+00  5.10850000e-03  5.00000000e+00 
 5.10950000e-03  2.47381894e+00  5.10950000e-03  5.00000000e+00 
 5.11050000e-03  2.47080393e+00  5.11050000e-03  5.00000000e+00 
 5.11150000e-03  2.46779259e+00  5.11150000e-03  5.00000000e+00 
 5.11250000e-03  2.46478492e+00  5.11250000e-03  5.00000000e+00 
 5.11350000e-03  2.46178092e+00  5.11350000e-03  5.00000000e+00 
 5.11450000e-03  2.45878058e+00  5.11450000e-03  5.00000000e+00 
 5.11550000e-03  2.45578389e+00  5.11550000e-03  5.00000000e+00 
 5.11650000e-03  2.45279086e+00  5.11650000e-03  5.00000000e+00 
 5.11750000e-03  2.44980147e+00  5.11750000e-03  5.00000000e+00 
 5.11850000e-03  2.44681573e+00  5.11850000e-03  5.00000000e+00 
 5.11950000e-03  2.44383363e+00  5.11950000e-03  5.00000000e+00 
 5.12050000e-03  2.44085516e+00  5.12050000e-03  5.00000000e+00 
 5.12150000e-03  2.43788032e+00  5.12150000e-03  5.00000000e+00 
 5.12250000e-03  2.43490911e+00  5.12250000e-03  5.00000000e+00 
 5.12350000e-03  2.43194151e+00  5.12350000e-03  5.00000000e+00 
 5.12450000e-03  2.42897754e+00  5.12450000e-03  5.00000000e+00 
 5.12550000e-03  2.42601718e+00  5.12550000e-03  5.00000000e+00 
 5.12650000e-03  2.42306042e+00  5.12650000e-03  5.00000000e+00 
 5.12750000e-03  2.42010727e+00  5.12750000e-03  5.00000000e+00 
 5.12850000e-03  2.41715772e+00  5.12850000e-03  5.00000000e+00 
 5.12950000e-03  2.41421176e+00  5.12950000e-03  5.00000000e+00 
 5.13050000e-03  2.41126939e+00  5.13050000e-03  5.00000000e+00 
 5.13150000e-03  2.40833061e+00  5.13150000e-03  5.00000000e+00 
 5.13250000e-03  2.40539542e+00  5.13250000e-03  5.00000000e+00 
 5.13350000e-03  2.40246379e+00  5.13350000e-03  5.00000000e+00 
 5.13450000e-03  2.39953575e+00  5.13450000e-03  5.00000000e+00 
 5.13550000e-03  2.39661127e+00  5.13550000e-03  5.00000000e+00 
 5.13650000e-03  2.39369035e+00  5.13650000e-03  5.00000000e+00 
 5.13750000e-03  2.39077299e+00  5.13750000e-03  5.00000000e+00 
 5.13850000e-03  2.38785919e+00  5.13850000e-03  5.00000000e+00 
 5.13950000e-03  2.38494895e+00  5.13950000e-03  5.00000000e+00 
 5.14050000e-03  2.38204224e+00  5.14050000e-03  5.00000000e+00 
 5.14150000e-03  2.37913908e+00  5.14150000e-03  5.00000000e+00 
 5.14250000e-03  2.37623946e+00  5.14250000e-03  5.00000000e+00 
 5.14350000e-03  2.37334338e+00  5.14350000e-03  5.00000000e+00 
 5.14450000e-03  2.37045082e+00  5.14450000e-03  5.00000000e+00 
 5.14550000e-03  2.36756179e+00  5.14550000e-03  5.00000000e+00 
 5.14650000e-03  2.36467628e+00  5.14650000e-03  5.00000000e+00 
 5.14750000e-03  2.36179428e+00  5.14750000e-03  5.00000000e+00 
 5.14850000e-03  2.35891580e+00  5.14850000e-03  5.00000000e+00 
 5.14950000e-03  2.35604083e+00  5.14950000e-03  5.00000000e+00 
 5.15050000e-03  2.35316936e+00  5.15050000e-03  5.00000000e+00 
 5.15150000e-03  2.35030139e+00  5.15150000e-03  5.00000000e+00 
 5.15250000e-03  2.34743691e+00  5.15250000e-03  5.00000000e+00 
 5.15350000e-03  2.34457593e+00  5.15350000e-03  5.00000000e+00 
 5.15450000e-03  2.34171843e+00  5.15450000e-03  5.00000000e+00 
 5.15550000e-03  2.33886442e+00  5.15550000e-03  5.00000000e+00 
 5.15650000e-03  2.33601388e+00  5.15650000e-03  5.00000000e+00 
 5.15750000e-03  2.33316682e+00  5.15750000e-03  5.00000000e+00 
 5.15850000e-03  2.33032323e+00  5.15850000e-03  5.00000000e+00 
 5.15950000e-03  2.32748310e+00  5.15950000e-03  5.00000000e+00 
 5.16050000e-03  2.32464644e+00  5.16050000e-03  5.00000000e+00 
 5.16150000e-03  2.32181323e+00  5.16150000e-03  5.00000000e+00 
 5.16250000e-03  2.31898348e+00  5.16250000e-03  5.00000000e+00 
 5.16350000e-03  2.31615717e+00  5.16350000e-03  5.00000000e+00 
 5.16450000e-03  2.31333431e+00  5.16450000e-03  5.00000000e+00 
 5.16550000e-03  2.31051489e+00  5.16550000e-03  5.00000000e+00 
 5.16650000e-03  2.30769891e+00  5.16650000e-03  5.00000000e+00 
 5.16750000e-03  2.30488636e+00  5.16750000e-03  5.00000000e+00 
 5.16850000e-03  2.30207723e+00  5.16850000e-03  5.00000000e+00 
 5.16950000e-03  2.29927153e+00  5.16950000e-03  5.00000000e+00 
 5.17050000e-03  2.29646925e+00  5.17050000e-03  5.00000000e+00 
 5.17150000e-03  2.29367038e+00  5.17150000e-03  5.00000000e+00 
 5.17250000e-03  2.29087493e+00  5.17250000e-03  5.00000000e+00 
 5.17350000e-03  2.28808288e+00  5.17350000e-03  5.00000000e+00 
 5.17450000e-03  2.28529424e+00  5.17450000e-03  5.00000000e+00 
 5.17550000e-03  2.28250899e+00  5.17550000e-03  5.00000000e+00 
 5.17650000e-03  2.27972714e+00  5.17650000e-03  5.00000000e+00 
 5.17750000e-03  2.27694868e+00  5.17750000e-03  5.00000000e+00 
 5.17850000e-03  2.27417361e+00  5.17850000e-03  5.00000000e+00 
 5.17950000e-03  2.27140191e+00  5.17950000e-03  5.00000000e+00 
 5.18050000e-03  2.26863360e+00  5.18050000e-03  5.00000000e+00 
 5.18150000e-03  2.26586866e+00  5.18150000e-03  5.00000000e+00 
 5.18250000e-03  2.26310709e+00  5.18250000e-03  5.00000000e+00 
 5.18350000e-03  2.26034888e+00  5.18350000e-03  5.00000000e+00 
 5.18450000e-03  2.25759404e+00  5.18450000e-03  5.00000000e+00 
 5.18550000e-03  2.25484255e+00  5.18550000e-03  5.00000000e+00 
 5.18650000e-03  2.25209442e+00  5.18650000e-03  5.00000000e+00 
 5.18750000e-03  2.24934964e+00  5.18750000e-03  5.00000000e+00 
 5.18850000e-03  2.24660820e+00  5.18850000e-03  5.00000000e+00 
 5.18950000e-03  2.24387010e+00  5.18950000e-03  5.00000000e+00 
 5.19050000e-03  2.24113534e+00  5.19050000e-03  5.00000000e+00 
 5.19150000e-03  2.23840392e+00  5.19150000e-03  5.00000000e+00 
 5.19250000e-03  2.23567582e+00  5.19250000e-03  5.00000000e+00 
 5.19350000e-03  2.23295105e+00  5.19350000e-03  5.00000000e+00 
 5.19450000e-03  2.23022960e+00  5.19450000e-03  5.00000000e+00 
 5.19550000e-03  2.22751146e+00  5.19550000e-03  5.00000000e+00 
 5.19650000e-03  2.22479664e+00  5.19650000e-03  5.00000000e+00 
 5.19750000e-03  2.22208513e+00  5.19750000e-03  5.00000000e+00 
 5.19850000e-03  2.21937692e+00  5.19850000e-03  5.00000000e+00 
 5.19950000e-03  2.21667201e+00  5.19950000e-03  5.00000000e+00 
 5.20050000e-03  2.21397040e+00  5.20050000e-03  5.00000000e+00 
 5.20150000e-03  2.21127208e+00  5.20150000e-03  5.00000000e+00 
 5.20250000e-03  2.20857705e+00  5.20250000e-03  5.00000000e+00 
 5.20350000e-03  2.20588531e+00  5.20350000e-03  5.00000000e+00 
 5.20450000e-03  2.20319684e+00  5.20450000e-03  5.00000000e+00 
 5.20550000e-03  2.20051165e+00  5.20550000e-03  5.00000000e+00 
 5.20650000e-03  2.19782974e+00  5.20650000e-03  5.00000000e+00 
 5.20750000e-03  2.19515109e+00  5.20750000e-03  5.00000000e+00 
 5.20850000e-03  2.19247571e+00  5.20850000e-03  5.00000000e+00 
 5.20950000e-03  2.18980359e+00  5.20950000e-03  5.00000000e+00 
 5.21050000e-03  2.18713472e+00  5.21050000e-03  5.00000000e+00 
 5.21150000e-03  2.18446911e+00  5.21150000e-03  5.00000000e+00 
 5.21250000e-03  2.18180675e+00  5.21250000e-03  5.00000000e+00 
 5.21350000e-03  2.17914763e+00  5.21350000e-03  5.00000000e+00 
 5.21450000e-03  2.17649175e+00  5.21450000e-03  5.00000000e+00 
 5.21550000e-03  2.17383911e+00  5.21550000e-03  5.00000000e+00 
 5.21650000e-03  2.17118970e+00  5.21650000e-03  5.00000000e+00 
 5.21750000e-03  2.16854352e+00  5.21750000e-03  5.00000000e+00 
 5.21850000e-03  2.16590057e+00  5.21850000e-03  5.00000000e+00 
 5.21950000e-03  2.16326084e+00  5.21950000e-03  5.00000000e+00 
 5.22050000e-03  2.16062432e+00  5.22050000e-03  5.00000000e+00 
 5.22150000e-03  2.15799102e+00  5.22150000e-03  5.00000000e+00 
 5.22250000e-03  2.15536093e+00  5.22250000e-03  5.00000000e+00 
 5.22350000e-03  2.15273404e+00  5.22350000e-03  5.00000000e+00 
 5.22450000e-03  2.15011035e+00  5.22450000e-03  5.00000000e+00 
 5.22550000e-03  2.14748987e+00  5.22550000e-03  5.00000000e+00 
 5.22650000e-03  2.14487257e+00  5.22650000e-03  5.00000000e+00 
 5.22750000e-03  2.14225847e+00  5.22750000e-03  5.00000000e+00 
 5.22850000e-03  2.13964755e+00  5.22850000e-03  5.00000000e+00 
 5.22950000e-03  2.13703981e+00  5.22950000e-03  5.00000000e+00 
 5.23050000e-03  2.13443525e+00  5.23050000e-03  5.00000000e+00 
 5.23150000e-03  2.13183387e+00  5.23150000e-03  5.00000000e+00 
 5.23250000e-03  2.12923566e+00  5.23250000e-03  5.00000000e+00 
 5.23350000e-03  2.12664061e+00  5.23350000e-03  5.00000000e+00 
 5.23450000e-03  2.12404873e+00  5.23450000e-03  5.00000000e+00 
 5.23550000e-03  2.12146000e+00  5.23550000e-03  5.00000000e+00 
 5.23650000e-03  2.11887443e+00  5.23650000e-03  5.00000000e+00 
 5.23750000e-03  2.11629201e+00  5.23750000e-03  5.00000000e+00 
 5.23850000e-03  2.11371274e+00  5.23850000e-03  5.00000000e+00 
 5.23950000e-03  2.11113662e+00  5.23950000e-03  5.00000000e+00 
 5.24050000e-03  2.10856363e+00  5.24050000e-03  5.00000000e+00 
 5.24150000e-03  2.10599378e+00  5.24150000e-03  5.00000000e+00 
 5.24250000e-03  2.10342706e+00  5.24250000e-03  5.00000000e+00 
 5.24350000e-03  2.10086346e+00  5.24350000e-03  5.00000000e+00 
 5.24450000e-03  2.09830300e+00  5.24450000e-03  5.00000000e+00 
 5.24550000e-03  2.09574565e+00  5.24550000e-03  5.00000000e+00 
 5.24650000e-03  2.09319142e+00  5.24650000e-03  5.00000000e+00 
 5.24750000e-03  2.09064030e+00  5.24750000e-03  5.00000000e+00 
 5.24850000e-03  2.08809230e+00  5.24850000e-03  5.00000000e+00 
 5.24950000e-03  2.08554739e+00  5.24950000e-03  5.00000000e+00 
 5.25050000e-03  2.08300559e+00  5.25050000e-03  5.00000000e+00 
 5.25150000e-03  2.08046689e+00  5.25150000e-03  5.00000000e+00 
 5.25250000e-03  2.07793128e+00  5.25250000e-03  5.00000000e+00 
 5.25350000e-03  2.07539876e+00  5.25350000e-03  5.00000000e+00 
 5.25450000e-03  2.07286933e+00  5.25450000e-03  5.00000000e+00 
 5.25550000e-03  2.07034298e+00  5.25550000e-03  5.00000000e+00 
 5.25650000e-03  2.06781971e+00  5.25650000e-03  5.00000000e+00 
 5.25750000e-03  2.06529952e+00  5.25750000e-03  5.00000000e+00 
 5.25850000e-03  2.06278239e+00  5.25850000e-03  5.00000000e+00 
 5.25950000e-03  2.06026834e+00  5.25950000e-03  5.00000000e+00 
 5.26050000e-03  2.05775735e+00  5.26050000e-03  5.00000000e+00 
 5.26150000e-03  2.05524942e+00  5.26150000e-03  5.00000000e+00 
 5.26250000e-03  2.05274454e+00  5.26250000e-03  5.00000000e+00 
 5.26350000e-03  2.05024272e+00  5.26350000e-03  5.00000000e+00 
 5.26450000e-03  2.04774395e+00  5.26450000e-03  5.00000000e+00 
 5.26550000e-03  2.04524822e+00  5.26550000e-03  5.00000000e+00 
 5.26650000e-03  2.04275554e+00  5.26650000e-03  5.00000000e+00 
 5.26750000e-03  2.04026589e+00  5.26750000e-03  5.00000000e+00 
 5.26850000e-03  2.03777928e+00  5.26850000e-03  5.00000000e+00 
 5.26950000e-03  2.03529569e+00  5.26950000e-03  5.00000000e+00 
 5.27050000e-03  2.03281514e+00  5.27050000e-03  5.00000000e+00 
 5.27150000e-03  2.03033761e+00  5.27150000e-03  5.00000000e+00 
 5.27250000e-03  2.02786309e+00  5.27250000e-03  5.00000000e+00 
 5.27350000e-03  2.02539160e+00  5.27350000e-03  5.00000000e+00 
 5.27450000e-03  2.02292311e+00  5.27450000e-03  5.00000000e+00 
 5.27550000e-03  2.02045764e+00  5.27550000e-03  5.00000000e+00 
 5.27650000e-03  2.01799517e+00  5.27650000e-03  5.00000000e+00 
 5.27750000e-03  2.01553570e+00  5.27750000e-03  5.00000000e+00 
 5.27850000e-03  2.01307922e+00  5.27850000e-03  5.00000000e+00 
 5.27950000e-03  2.01062574e+00  5.27950000e-03  5.00000000e+00 
 5.28050000e-03  2.00817526e+00  5.28050000e-03  5.00000000e+00 
 5.28150000e-03  2.00572775e+00  5.28150000e-03  5.00000000e+00 
 5.28250000e-03  2.00328323e+00  5.28250000e-03  5.00000000e+00 
 5.28350000e-03  2.00084170e+00  5.28350000e-03  5.00000000e+00 
 5.28450000e-03  1.99840313e+00  5.28450000e-03  5.00000000e+00 
 5.28550000e-03  1.99596754e+00  5.28550000e-03  5.00000000e+00 
 5.28650000e-03  1.99353492e+00  5.28650000e-03  5.00000000e+00 
 5.28750000e-03  1.99110526e+00  5.28750000e-03  5.00000000e+00 
 5.28850000e-03  1.98867856e+00  5.28850000e-03  5.00000000e+00 
 5.28950000e-03  1.98625482e+00  5.28950000e-03  5.00000000e+00 
 5.29050000e-03  1.98383403e+00  5.29050000e-03  5.00000000e+00 
 5.29150000e-03  1.98141620e+00  5.29150000e-03  5.00000000e+00 
 5.29250000e-03  1.97900131e+00  5.29250000e-03  5.00000000e+00 
 5.29350000e-03  1.97658936e+00  5.29350000e-03  5.00000000e+00 
 5.29450000e-03  1.97418036e+00  5.29450000e-03  5.00000000e+00 
 5.29550000e-03  1.97177429e+00  5.29550000e-03  5.00000000e+00 
 5.29650000e-03  1.96937115e+00  5.29650000e-03  5.00000000e+00 
 5.29750000e-03  1.96697094e+00  5.29750000e-03  5.00000000e+00 
 5.29850000e-03  1.96457366e+00  5.29850000e-03  5.00000000e+00 
 5.29950000e-03  1.96217930e+00  5.29950000e-03  5.00000000e+00 
 5.30050000e-03  1.95978785e+00  5.30050000e-03  5.00000000e+00 
 5.30150000e-03  1.95739933e+00  5.30150000e-03  5.00000000e+00 
 5.30250000e-03  1.95501371e+00  5.30250000e-03  5.00000000e+00 
 5.30350000e-03  1.95263100e+00  5.30350000e-03  5.00000000e+00 
 5.30450000e-03  1.95025119e+00  5.30450000e-03  5.00000000e+00 
 5.30550000e-03  1.94787429e+00  5.30550000e-03  5.00000000e+00 
 5.30650000e-03  1.94550028e+00  5.30650000e-03  5.00000000e+00 
 5.30750000e-03  1.94312916e+00  5.30750000e-03  5.00000000e+00 
 5.30850000e-03  1.94076094e+00  5.30850000e-03  5.00000000e+00 
 5.30950000e-03  1.93839560e+00  5.30950000e-03  5.00000000e+00 
 5.31050000e-03  1.93603314e+00  5.31050000e-03  5.00000000e+00 
 5.31150000e-03  1.93367356e+00  5.31150000e-03  5.00000000e+00 
 5.31250000e-03  1.93131686e+00  5.31250000e-03  5.00000000e+00 
 5.31350000e-03  1.92896303e+00  5.31350000e-03  5.00000000e+00 
 5.31450000e-03  1.92661207e+00  5.31450000e-03  5.00000000e+00 
 5.31550000e-03  1.92426398e+00  5.31550000e-03  5.00000000e+00 
 5.31650000e-03  1.92191874e+00  5.31650000e-03  5.00000000e+00 
 5.31750000e-03  1.91957637e+00  5.31750000e-03  5.00000000e+00 
 5.31850000e-03  1.91723685e+00  5.31850000e-03  5.00000000e+00 
 5.31950000e-03  1.91490018e+00  5.31950000e-03  5.00000000e+00 
 5.32050000e-03  1.91256636e+00  5.32050000e-03  5.00000000e+00 
 5.32150000e-03  1.91023538e+00  5.32150000e-03  5.00000000e+00 
 5.32250000e-03  1.90790725e+00  5.32250000e-03  5.00000000e+00 
 5.32350000e-03  1.90558195e+00  5.32350000e-03  5.00000000e+00 
 5.32450000e-03  1.90325948e+00  5.32450000e-03  5.00000000e+00 
 5.32550000e-03  1.90093985e+00  5.32550000e-03  5.00000000e+00 
 5.32650000e-03  1.89862304e+00  5.32650000e-03  5.00000000e+00 
 5.32750000e-03  1.89630906e+00  5.32750000e-03  5.00000000e+00 
 5.32850000e-03  1.89399790e+00  5.32850000e-03  5.00000000e+00 
 5.32950000e-03  1.89168955e+00  5.32950000e-03  5.00000000e+00 
 5.33000100e-03  1.89053413e+00  5.33000100e-03  5.00000000e+00 
 5.33000110e-03  1.39053395e+00  5.33000110e-03  4.50000000e+00 
 5.33000130e-03  3.90533737e-01  5.33000130e-03  3.50000000e+00 
 5.33000170e-03 -1.60946597e+00  5.33000170e-03  1.50000000e+00 
 5.33000200e-03 -3.10946510e+00  5.33000200e-03  0.00000000e+00 
 5.33000208e-03 -3.10946480e+00  5.33000208e-03  0.00000000e+00 
 5.33000224e-03 -3.10946419e+00  5.33000224e-03  0.00000000e+00 
 5.33000256e-03 -3.10946298e+00  5.33000256e-03  0.00000000e+00 
 5.33000320e-03 -3.10946055e+00  5.33000320e-03  0.00000000e+00 
 5.33000448e-03 -3.10945569e+00  5.33000448e-03  0.00000000e+00 
 5.33000704e-03 -3.10944599e+00  5.33000704e-03  0.00000000e+00 
 5.33001216e-03 -3.10942657e+00  5.33001216e-03  0.00000000e+00 
 5.33002240e-03 -3.10938774e+00  5.33002240e-03  0.00000000e+00 
 5.33004288e-03 -3.10931008e+00  5.33004288e-03  0.00000000e+00 
 5.33008384e-03 -3.10915477e+00  5.33008384e-03  0.00000000e+00 
 5.33016576e-03 -3.10884418e+00  5.33016576e-03  0.00000000e+00 
 5.33032960e-03 -3.10822308e+00  5.33032960e-03  0.00000000e+00 
 5.33065728e-03 -3.10698125e+00  5.33065728e-03  0.00000000e+00 
 5.33131264e-03 -3.10449908e+00  5.33131264e-03  0.00000000e+00 
 5.33231264e-03 -3.10071541e+00  5.33231264e-03  0.00000000e+00 
 5.33331264e-03 -3.09693636e+00  5.33331264e-03  0.00000000e+00 
 5.33431264e-03 -3.09316191e+00  5.33431264e-03  0.00000000e+00 
 5.33531264e-03 -3.08939206e+00  5.33531264e-03  0.00000000e+00 
 5.33631264e-03 -3.08562680e+00  5.33631264e-03  0.00000000e+00 
 5.33731264e-03 -3.08186614e+00  5.33731264e-03  0.00000000e+00 
 5.33831264e-03 -3.07811005e+00  5.33831264e-03  0.00000000e+00 
 5.33931264e-03 -3.07435855e+00  5.33931264e-03  0.00000000e+00 
 5.34031264e-03 -3.07061162e+00  5.34031264e-03  0.00000000e+00 
 5.34131264e-03 -3.06686925e+00  5.34131264e-03  0.00000000e+00 
 5.34231264e-03 -3.06313144e+00  5.34231264e-03  0.00000000e+00 
 5.34331264e-03 -3.05939819e+00  5.34331264e-03  0.00000000e+00 
 5.34431264e-03 -3.05566949e+00  5.34431264e-03  0.00000000e+00 
 5.34531264e-03 -3.05194534e+00  5.34531264e-03  0.00000000e+00 
 5.34631264e-03 -3.04822572e+00  5.34631264e-03  0.00000000e+00 
 5.34731264e-03 -3.04451064e+00  5.34731264e-03  0.00000000e+00 
 5.34831264e-03 -3.04080008e+00  5.34831264e-03  0.00000000e+00 
 5.34931264e-03 -3.03709405e+00  5.34931264e-03  0.00000000e+00 
 5.35031264e-03 -3.03339253e+00  5.35031264e-03  0.00000000e+00 
 5.35131264e-03 -3.02969553e+00  5.35131264e-03  0.00000000e+00 
 5.35231264e-03 -3.02600303e+00  5.35231264e-03  0.00000000e+00 
 5.35331264e-03 -3.02231503e+00  5.35331264e-03  0.00000000e+00 
 5.35431264e-03 -3.01863153e+00  5.35431264e-03  0.00000000e+00 
 5.35531264e-03 -3.01495251e+00  5.35531264e-03  0.00000000e+00 
 5.35631264e-03 -3.01127798e+00  5.35631264e-03  0.00000000e+00 
 5.35731264e-03 -3.00760793e+00  5.35731264e-03  0.00000000e+00 
 5.35831264e-03 -3.00394235e+00  5.35831264e-03  0.00000000e+00 
 5.35931264e-03 -3.00028124e+00  5.35931264e-03  0.00000000e+00 
 5.36031264e-03 -2.99662459e+00  5.36031264e-03  0.00000000e+00 
 5.36131264e-03 -2.99297239e+00  5.36131264e-03  0.00000000e+00 
 5.36231264e-03 -2.98932465e+00  5.36231264e-03  0.00000000e+00 
 5.36331264e-03 -2.98568136e+00  5.36331264e-03  0.00000000e+00 
 5.36431264e-03 -2.98204250e+00  5.36431264e-03  0.00000000e+00 
 5.36531264e-03 -2.97840808e+00  5.36531264e-03  0.00000000e+00 
 5.36631264e-03 -2.97477809e+00  5.36631264e-03  0.00000000e+00 
 5.36731264e-03 -2.97115252e+00  5.36731264e-03  0.00000000e+00 
 5.36831264e-03 -2.96753137e+00  5.36831264e-03  0.00000000e+00 
 5.36931264e-03 -2.96391464e+00  5.36931264e-03  0.00000000e+00 
 5.37031264e-03 -2.96030231e+00  5.37031264e-03  0.00000000e+00 
 5.37131264e-03 -2.95669438e+00  5.37131264e-03  0.00000000e+00 
 5.37231264e-03 -2.95309086e+00  5.37231264e-03  0.00000000e+00 
 5.37331264e-03 -2.94949172e+00  5.37331264e-03  0.00000000e+00 
 5.37431264e-03 -2.94589697e+00  5.37431264e-03  0.00000000e+00 
 5.37531264e-03 -2.94230660e+00  5.37531264e-03  0.00000000e+00 
 5.37631264e-03 -2.93872061e+00  5.37631264e-03  0.00000000e+00 
 5.37731264e-03 -2.93513899e+00  5.37731264e-03  0.00000000e+00 
 5.37831264e-03 -2.93156173e+00  5.37831264e-03  0.00000000e+00 
 5.37931264e-03 -2.92798884e+00  5.37931264e-03  0.00000000e+00 
 5.38031264e-03 -2.92442029e+00  5.38031264e-03  0.00000000e+00 
 5.38131264e-03 -2.92085610e+00  5.38131264e-03  0.00000000e+00 
 5.38231264e-03 -2.91729625e+00  5.38231264e-03  0.00000000e+00 
 5.38331264e-03 -2.91374074e+00  5.38331264e-03  0.00000000e+00 
 5.38431264e-03 -2.91018956e+00  5.38431264e-03  0.00000000e+00 
 5.38531264e-03 -2.90664272e+00  5.38531264e-03  0.00000000e+00 
 5.38631264e-03 -2.90310019e+00  5.38631264e-03  0.00000000e+00 
 5.38731264e-03 -2.89956198e+00  5.38731264e-03  0.00000000e+00 
 5.38831264e-03 -2.89602808e+00  5.38831264e-03  0.00000000e+00 
 5.38931264e-03 -2.89249850e+00  5.38931264e-03  0.00000000e+00 
 5.39031264e-03 -2.88897321e+00  5.39031264e-03  0.00000000e+00 
 5.39131264e-03 -2.88545222e+00  5.39131264e-03  0.00000000e+00 
 5.39231264e-03 -2.88193552e+00  5.39231264e-03  0.00000000e+00 
 5.39331264e-03 -2.87842310e+00  5.39331264e-03  0.00000000e+00 
 5.39431264e-03 -2.87491497e+00  5.39431264e-03  0.00000000e+00 
 5.39531264e-03 -2.87141111e+00  5.39531264e-03  0.00000000e+00 
 5.39631264e-03 -2.86791153e+00  5.39631264e-03  0.00000000e+00 
 5.39731264e-03 -2.86441620e+00  5.39731264e-03  0.00000000e+00 
 5.39831264e-03 -2.86092514e+00  5.39831264e-03  0.00000000e+00 
 5.39931264e-03 -2.85743834e+00  5.39931264e-03  0.00000000e+00 
 5.40031264e-03 -2.85395578e+00  5.40031264e-03  0.00000000e+00 
 5.40131264e-03 -2.85047746e+00  5.40131264e-03  0.00000000e+00 
 5.40231264e-03 -2.84700339e+00  5.40231264e-03  0.00000000e+00 
 5.40331264e-03 -2.84353355e+00  5.40331264e-03  0.00000000e+00 
 5.40431264e-03 -2.84006794e+00  5.40431264e-03  0.00000000e+00 
 5.40531264e-03 -2.83660655e+00  5.40531264e-03  0.00000000e+00 
 5.40631264e-03 -2.83314939e+00  5.40631264e-03  0.00000000e+00 
 5.40731264e-03 -2.82969643e+00  5.40731264e-03  0.00000000e+00 
 5.40831264e-03 -2.82624768e+00  5.40831264e-03  0.00000000e+00 
 5.40931264e-03 -2.82280314e+00  5.40931264e-03  0.00000000e+00 
 5.41031264e-03 -2.81936280e+00  5.41031264e-03  0.00000000e+00 
 5.41131264e-03 -2.81592664e+00  5.41131264e-03  0.00000000e+00 
 5.41231264e-03 -2.81249468e+00  5.41231264e-03  0.00000000e+00 
 5.41331264e-03 -2.80906690e+00  5.41331264e-03  0.00000000e+00 
 5.41431264e-03 -2.80564329e+00  5.41431264e-03  0.00000000e+00 
 5.41531264e-03 -2.80222386e+00  5.41531264e-03  0.00000000e+00 
 5.41631264e-03 -2.79880860e+00  5.41631264e-03  0.00000000e+00 
 5.41731264e-03 -2.79539750e+00  5.41731264e-03  0.00000000e+00 
 5.41831264e-03 -2.79199055e+00  5.41831264e-03  0.00000000e+00 
 5.41931264e-03 -2.78858776e+00  5.41931264e-03  0.00000000e+00 
 5.42031264e-03 -2.78518912e+00  5.42031264e-03  0.00000000e+00 
 5.42131264e-03 -2.78179462e+00  5.42131264e-03  0.00000000e+00 
 5.42231264e-03 -2.77840425e+00  5.42231264e-03  0.00000000e+00 
 5.42331264e-03 -2.77501802e+00  5.42331264e-03  0.00000000e+00 
 5.42431264e-03 -2.77163591e+00  5.42431264e-03  0.00000000e+00 
 5.42531264e-03 -2.76825793e+00  5.42531264e-03  0.00000000e+00 
 5.42631264e-03 -2.76488406e+00  5.42631264e-03  0.00000000e+00 
 5.42731264e-03 -2.76151431e+00  5.42731264e-03  0.00000000e+00 
 5.42831264e-03 -2.75814866e+00  5.42831264e-03  0.00000000e+00 
 5.42931264e-03 -2.75478711e+00  5.42931264e-03  0.00000000e+00 
 5.43031264e-03 -2.75142966e+00  5.43031264e-03  0.00000000e+00 
 5.43131264e-03 -2.74807630e+00  5.43131264e-03  0.00000000e+00 
 5.43231264e-03 -2.74472703e+00  5.43231264e-03  0.00000000e+00 
 5.43331264e-03 -2.74138185e+00  5.43331264e-03  0.00000000e+00 
 5.43431264e-03 -2.73804073e+00  5.43431264e-03  0.00000000e+00 
 5.43531264e-03 -2.73470370e+00  5.43531264e-03  0.00000000e+00 
 5.43631264e-03 -2.73137072e+00  5.43631264e-03  0.00000000e+00 
 5.43731264e-03 -2.72804181e+00  5.43731264e-03  0.00000000e+00 
 5.43831264e-03 -2.72471696e+00  5.43831264e-03  0.00000000e+00 
 5.43931264e-03 -2.72139616e+00  5.43931264e-03  0.00000000e+00 
 5.44031264e-03 -2.71807941e+00  5.44031264e-03  0.00000000e+00 
 5.44131264e-03 -2.71476670e+00  5.44131264e-03  0.00000000e+00 
 5.44231264e-03 -2.71145802e+00  5.44231264e-03  0.00000000e+00 
 5.44331264e-03 -2.70815338e+00  5.44331264e-03  0.00000000e+00 
 5.44431264e-03 -2.70485277e+00  5.44431264e-03  0.00000000e+00 
 5.44531264e-03 -2.70155618e+00  5.44531264e-03  0.00000000e+00 
 5.44631264e-03 -2.69826360e+00  5.44631264e-03  0.00000000e+00 
 5.44731264e-03 -2.69497504e+00  5.44731264e-03  0.00000000e+00 
 5.44831264e-03 -2.69169049e+00  5.44831264e-03  0.00000000e+00 
 5.44931264e-03 -2.68840994e+00  5.44931264e-03  0.00000000e+00 
 5.45031264e-03 -2.68513339e+00  5.45031264e-03  0.00000000e+00 
 5.45131264e-03 -2.68186083e+00  5.45131264e-03  0.00000000e+00 
 5.45231264e-03 -2.67859226e+00  5.45231264e-03  0.00000000e+00 
 5.45331264e-03 -2.67532768e+00  5.45331264e-03  0.00000000e+00 
 5.45431264e-03 -2.67206707e+00  5.45431264e-03  0.00000000e+00 
 5.45531264e-03 -2.66881044e+00  5.45531264e-03  0.00000000e+00 
 5.45631264e-03 -2.66555778e+00  5.45631264e-03  0.00000000e+00 
 5.45731264e-03 -2.66230908e+00  5.45731264e-03  0.00000000e+00 
 5.45831264e-03 -2.65906434e+00  5.45831264e-03  0.00000000e+00 
 5.45931264e-03 -2.65582355e+00  5.45931264e-03  0.00000000e+00 
 5.46031264e-03 -2.65258672e+00  5.46031264e-03  0.00000000e+00 
 5.46131264e-03 -2.64935383e+00  5.46131264e-03  0.00000000e+00 
 5.46231264e-03 -2.64612488e+00  5.46231264e-03  0.00000000e+00 
 5.46331264e-03 -2.64289986e+00  5.46331264e-03  0.00000000e+00 
 5.46431264e-03 -2.63967878e+00  5.46431264e-03  0.00000000e+00 
 5.46531264e-03 -2.63646162e+00  5.46531264e-03  0.00000000e+00 
 5.46631264e-03 -2.63324838e+00  5.46631264e-03  0.00000000e+00 
 5.46731264e-03 -2.63003906e+00  5.46731264e-03  0.00000000e+00 
 5.46831264e-03 -2.62683365e+00  5.46831264e-03  0.00000000e+00 
 5.46931264e-03 -2.62363214e+00  5.46931264e-03  0.00000000e+00 
 5.47031264e-03 -2.62043454e+00  5.47031264e-03  0.00000000e+00 
 5.47131264e-03 -2.61724084e+00  5.47131264e-03  0.00000000e+00 
 5.47231264e-03 -2.61405103e+00  5.47231264e-03  0.00000000e+00 
 5.47331264e-03 -2.61086510e+00  5.47331264e-03  0.00000000e+00 
 5.47431264e-03 -2.60768306e+00  5.47431264e-03  0.00000000e+00 
 5.47531264e-03 -2.60450490e+00  5.47531264e-03  0.00000000e+00 
 5.47631264e-03 -2.60133061e+00  5.47631264e-03  0.00000000e+00 
 5.47731264e-03 -2.59816019e+00  5.47731264e-03  0.00000000e+00 
 5.47831264e-03 -2.59499363e+00  5.47831264e-03  0.00000000e+00 
 5.47931264e-03 -2.59183093e+00  5.47931264e-03  0.00000000e+00 
 5.48031264e-03 -2.58867209e+00  5.48031264e-03  0.00000000e+00 
 5.48131264e-03 -2.58551709e+00  5.48131264e-03  0.00000000e+00 
 5.48231264e-03 -2.58236595e+00  5.48231264e-03  0.00000000e+00 
 5.48331264e-03 -2.57921864e+00  5.48331264e-03  0.00000000e+00 
 5.48431264e-03 -2.57607517e+00  5.48431264e-03  0.00000000e+00 
 5.48531264e-03 -2.57293553e+00  5.48531264e-03  0.00000000e+00 
 5.48631264e-03 -2.56979971e+00  5.48631264e-03  0.00000000e+00 
 5.48731264e-03 -2.56666772e+00  5.48731264e-03  0.00000000e+00 
 5.48831264e-03 -2.56353954e+00  5.48831264e-03  0.00000000e+00 
 5.48931264e-03 -2.56041518e+00  5.48931264e-03  0.00000000e+00 
 5.49031264e-03 -2.55729463e+00  5.49031264e-03  0.00000000e+00 
 5.49131264e-03 -2.55417787e+00  5.49131264e-03  0.00000000e+00 
 5.49231264e-03 -2.55106492e+00  5.49231264e-03  0.00000000e+00 
 5.49331264e-03 -2.54795576e+00  5.49331264e-03  0.00000000e+00 
 5.49431264e-03 -2.54485039e+00  5.49431264e-03  0.00000000e+00 
 5.49531264e-03 -2.54174881e+00  5.49531264e-03  0.00000000e+00 
 5.49631264e-03 -2.53865100e+00  5.49631264e-03  0.00000000e+00 
 5.49731264e-03 -2.53555697e+00  5.49731264e-03  0.00000000e+00 
 5.49831264e-03 -2.53246672e+00  5.49831264e-03  0.00000000e+00 
 5.49931264e-03 -2.52938022e+00  5.49931264e-03  0.00000000e+00 
 5.50031264e-03 -2.52629749e+00  5.50031264e-03  0.00000000e+00 
 5.50131264e-03 -2.52321852e+00  5.50131264e-03  0.00000000e+00 
 5.50231264e-03 -2.52014330e+00  5.50231264e-03  0.00000000e+00 
 5.50331264e-03 -2.51707183e+00  5.50331264e-03  0.00000000e+00 
 5.50431264e-03 -2.51400410e+00  5.50431264e-03  0.00000000e+00 
 5.50531264e-03 -2.51094011e+00  5.50531264e-03  0.00000000e+00 
 5.50631264e-03 -2.50787985e+00  5.50631264e-03  0.00000000e+00 
 5.50731264e-03 -2.50482332e+00  5.50731264e-03  0.00000000e+00 
 5.50831264e-03 -2.50177052e+00  5.50831264e-03  0.00000000e+00 
 5.50931264e-03 -2.49872144e+00  5.50931264e-03  0.00000000e+00 
 5.51031264e-03 -2.49567608e+00  5.51031264e-03  0.00000000e+00 
 5.51131264e-03 -2.49263443e+00  5.51131264e-03  0.00000000e+00 
 5.51231264e-03 -2.48959648e+00  5.51231264e-03  0.00000000e+00 
 5.51331264e-03 -2.48656224e+00  5.51331264e-03  0.00000000e+00 
 5.51431264e-03 -2.48353169e+00  5.51431264e-03  0.00000000e+00 
 5.51531264e-03 -2.48050484e+00  5.51531264e-03  0.00000000e+00 
 5.51631264e-03 -2.47748168e+00  5.51631264e-03  0.00000000e+00 
 5.51731264e-03 -2.47446220e+00  5.51731264e-03  0.00000000e+00 
 5.51831264e-03 -2.47144640e+00  5.51831264e-03  0.00000000e+00 
 5.51931264e-03 -2.46843428e+00  5.51931264e-03  0.00000000e+00 
 5.52031264e-03 -2.46542583e+00  5.52031264e-03  0.00000000e+00 
 5.52131264e-03 -2.46242104e+00  5.52131264e-03  0.00000000e+00 
 5.52231264e-03 -2.45941992e+00  5.52231264e-03  0.00000000e+00 
 5.52331264e-03 -2.45642246e+00  5.52331264e-03  0.00000000e+00 
 5.52431264e-03 -2.45342865e+00  5.52431264e-03  0.00000000e+00 
 5.52531264e-03 -2.45043848e+00  5.52531264e-03  0.00000000e+00 
 5.52631264e-03 -2.44745196e+00  5.52631264e-03  0.00000000e+00 
 5.52731264e-03 -2.44446908e+00  5.52731264e-03  0.00000000e+00 
 5.52831264e-03 -2.44148984e+00  5.52831264e-03  0.00000000e+00 
 5.52931264e-03 -2.43851423e+00  5.52931264e-03  0.00000000e+00 
 5.53031264e-03 -2.43554224e+00  5.53031264e-03  0.00000000e+00 
 5.53131264e-03 -2.43257388e+00  5.53131264e-03  0.00000000e+00 
 5.53231264e-03 -2.42960913e+00  5.53231264e-03  0.00000000e+00 
 5.53331264e-03 -2.42664800e+00  5.53331264e-03  0.00000000e+00 
 5.53431264e-03 -2.42369048e+00  5.53431264e-03  0.00000000e+00 
 5.53531264e-03 -2.42073656e+00  5.53531264e-03  0.00000000e+00 
 5.53631264e-03 -2.41778624e+00  5.53631264e-03  0.00000000e+00 
 5.53731264e-03 -2.41483952e+00  5.53731264e-03  0.00000000e+00 
 5.53831264e-03 -2.41189639e+00  5.53831264e-03  0.00000000e+00 
 5.53931264e-03 -2.40895684e+00  5.53931264e-03  0.00000000e+00 
 5.54031264e-03 -2.40602088e+00  5.54031264e-03  0.00000000e+00 
 5.54131264e-03 -2.40308850e+00  5.54131264e-03  0.00000000e+00 
 5.54231264e-03 -2.40015969e+00  5.54231264e-03  0.00000000e+00 
 5.54331264e-03 -2.39723445e+00  5.54331264e-03  0.00000000e+00 
 5.54431264e-03 -2.39431277e+00  5.54431264e-03  0.00000000e+00 
 5.54531264e-03 -2.39139466e+00  5.54531264e-03  0.00000000e+00 
 5.54631264e-03 -2.38848010e+00  5.54631264e-03  0.00000000e+00 
 5.54731264e-03 -2.38556909e+00  5.54731264e-03  0.00000000e+00 
 5.54831264e-03 -2.38266164e+00  5.54831264e-03  0.00000000e+00 
 5.54931264e-03 -2.37975772e+00  5.54931264e-03  0.00000000e+00 
 5.55031264e-03 -2.37685735e+00  5.55031264e-03  0.00000000e+00 
 5.55131264e-03 -2.37396051e+00  5.55131264e-03  0.00000000e+00 
 5.55231264e-03 -2.37106720e+00  5.55231264e-03  0.00000000e+00 
 5.55331264e-03 -2.36817741e+00  5.55331264e-03  0.00000000e+00 
 5.55431264e-03 -2.36529115e+00  5.55431264e-03  0.00000000e+00 
 5.55531264e-03 -2.36240841e+00  5.55531264e-03  0.00000000e+00 
 5.55631264e-03 -2.35952918e+00  5.55631264e-03  0.00000000e+00 
 5.55731264e-03 -2.35665346e+00  5.55731264e-03  0.00000000e+00 
 5.55831264e-03 -2.35378124e+00  5.55831264e-03  0.00000000e+00 
 5.55931264e-03 -2.35091252e+00  5.55931264e-03  0.00000000e+00 
 5.56031264e-03 -2.34804731e+00  5.56031264e-03  0.00000000e+00 
 5.56131264e-03 -2.34518558e+00  5.56131264e-03  0.00000000e+00 
 5.56231264e-03 -2.34232734e+00  5.56231264e-03  0.00000000e+00 
 5.56331264e-03 -2.33947258e+00  5.56331264e-03  0.00000000e+00 
 5.56431264e-03 -2.33662131e+00  5.56431264e-03  0.00000000e+00 
 5.56531264e-03 -2.33377350e+00  5.56531264e-03  0.00000000e+00 
 5.56631264e-03 -2.33092917e+00  5.56631264e-03  0.00000000e+00 
 5.56731264e-03 -2.32808831e+00  5.56731264e-03  0.00000000e+00 
 5.56831264e-03 -2.32525091e+00  5.56831264e-03  0.00000000e+00 
 5.56931264e-03 -2.32241696e+00  5.56931264e-03  0.00000000e+00 
 5.57031264e-03 -2.31958647e+00  5.57031264e-03  0.00000000e+00 
 5.57131264e-03 -2.31675943e+00  5.57131264e-03  0.00000000e+00 
 5.57231264e-03 -2.31393584e+00  5.57231264e-03  0.00000000e+00 
 5.57331264e-03 -2.31111568e+00  5.57331264e-03  0.00000000e+00 
 5.57431264e-03 -2.30829897e+00  5.57431264e-03  0.00000000e+00 
 5.57531264e-03 -2.30548568e+00  5.57531264e-03  0.00000000e+00 
 5.57631264e-03 -2.30267583e+00  5.57631264e-03  0.00000000e+00 
 5.57731264e-03 -2.29986940e+00  5.57731264e-03  0.00000000e+00 
 5.57831264e-03 -2.29706639e+00  5.57831264e-03  0.00000000e+00 
 5.57931264e-03 -2.29426680e+00  5.57931264e-03  0.00000000e+00 
 5.58031264e-03 -2.29147062e+00  5.58031264e-03  0.00000000e+00 
 5.58131264e-03 -2.28867784e+00  5.58131264e-03  0.00000000e+00 
 5.58231264e-03 -2.28588847e+00  5.58231264e-03  0.00000000e+00 
 5.58331264e-03 -2.28310250e+00  5.58331264e-03  0.00000000e+00 
 5.58431264e-03 -2.28031993e+00  5.58431264e-03  0.00000000e+00 
 5.58531264e-03 -2.27754074e+00  5.58531264e-03  0.00000000e+00 
 5.58631264e-03 -2.27476495e+00  5.58631264e-03  0.00000000e+00 
 5.58731264e-03 -2.27199254e+00  5.58731264e-03  0.00000000e+00 
 5.58831264e-03 -2.26922350e+00  5.58831264e-03  0.00000000e+00 
 5.58931264e-03 -2.26645784e+00  5.58931264e-03  0.00000000e+00 
 5.59031264e-03 -2.26369555e+00  5.59031264e-03  0.00000000e+00 
 5.59131264e-03 -2.26093663e+00  5.59131264e-03  0.00000000e+00 
 5.59231264e-03 -2.25818107e+00  5.59231264e-03  0.00000000e+00 
 5.59331264e-03 -2.25542887e+00  5.59331264e-03  0.00000000e+00 
 5.59431264e-03 -2.25268002e+00  5.59431264e-03  0.00000000e+00 
 5.59531264e-03 -2.24993453e+00  5.59531264e-03  0.00000000e+00 
 5.59631264e-03 -2.24719238e+00  5.59631264e-03  0.00000000e+00 
 5.59731264e-03 -2.24445357e+00  5.59731264e-03  0.00000000e+00 
 5.59831264e-03 -2.24171810e+00  5.59831264e-03  0.00000000e+00 
 5.59931264e-03 -2.23898596e+00  5.59931264e-03  0.00000000e+00 
 5.60031264e-03 -2.23625715e+00  5.60031264e-03  0.00000000e+00 
 5.60131264e-03 -2.23353167e+00  5.60131264e-03  0.00000000e+00 
 5.60231264e-03 -2.23080951e+00  5.60231264e-03  0.00000000e+00 
 5.60331264e-03 -2.22809067e+00  5.60331264e-03  0.00000000e+00 
 5.60431264e-03 -2.22537514e+00  5.60431264e-03  0.00000000e+00 
 5.60531264e-03 -2.22266293e+00  5.60531264e-03  0.00000000e+00 
 5.60631264e-03 -2.21995401e+00  5.60631264e-03  0.00000000e+00 
 5.60731264e-03 -2.21724840e+00  5.60731264e-03  0.00000000e+00 
 5.60831264e-03 -2.21454609e+00  5.60831264e-03  0.00000000e+00 
 5.60931264e-03 -2.21184707e+00  5.60931264e-03  0.00000000e+00 
 5.61031264e-03 -2.20915134e+00  5.61031264e-03  0.00000000e+00 
 5.61131264e-03 -2.20645889e+00  5.61131264e-03  0.00000000e+00 
 5.61231264e-03 -2.20376973e+00  5.61231264e-03  0.00000000e+00 
 5.61331264e-03 -2.20108384e+00  5.61331264e-03  0.00000000e+00 
 5.61431264e-03 -2.19840123e+00  5.61431264e-03  0.00000000e+00 
 5.61531264e-03 -2.19572189e+00  5.61531264e-03  0.00000000e+00 
 5.61631264e-03 -2.19304581e+00  5.61631264e-03  0.00000000e+00 
 5.61731264e-03 -2.19037299e+00  5.61731264e-03  0.00000000e+00 
 5.61831264e-03 -2.18770343e+00  5.61831264e-03  0.00000000e+00 
 5.61931264e-03 -2.18503713e+00  5.61931264e-03  0.00000000e+00 
 5.62031264e-03 -2.18237407e+00  5.62031264e-03  0.00000000e+00 
 5.62131264e-03 -2.17971426e+00  5.62131264e-03  0.00000000e+00 
 5.62231264e-03 -2.17705769e+00  5.62231264e-03  0.00000000e+00 
 5.62331264e-03 -2.17440436e+00  5.62331264e-03  0.00000000e+00 
 5.62431264e-03 -2.17175427e+00  5.62431264e-03  0.00000000e+00 
 5.62531264e-03 -2.16910740e+00  5.62531264e-03  0.00000000e+00 
 5.62631264e-03 -2.16646376e+00  5.62631264e-03  0.00000000e+00 
 5.62731264e-03 -2.16382334e+00  5.62731264e-03  0.00000000e+00 
 5.62831264e-03 -2.16118614e+00  5.62831264e-03  0.00000000e+00 
 5.62931264e-03 -2.15855215e+00  5.62931264e-03  0.00000000e+00 
 5.63031264e-03 -2.15592138e+00  5.63031264e-03  0.00000000e+00 
 5.63131264e-03 -2.15329380e+00  5.63131264e-03  0.00000000e+00 
 5.63231264e-03 -2.15066944e+00  5.63231264e-03  0.00000000e+00 
 5.63331264e-03 -2.14804827e+00  5.63331264e-03  0.00000000e+00 
 5.63431264e-03 -2.14543029e+00  5.63431264e-03  0.00000000e+00 
 5.63531264e-03 -2.14281551e+00  5.63531264e-03  0.00000000e+00 
 5.63631264e-03 -2.14020391e+00  5.63631264e-03  0.00000000e+00 
 5.63731264e-03 -2.13759550e+00  5.63731264e-03  0.00000000e+00 
 5.63831264e-03 -2.13499026e+00  5.63831264e-03  0.00000000e+00 
 5.63931264e-03 -2.13238820e+00  5.63931264e-03  0.00000000e+00 
 5.64031264e-03 -2.12978931e+00  5.64031264e-03  0.00000000e+00 
 5.64131264e-03 -2.12719359e+00  5.64131264e-03  0.00000000e+00 
 5.64231264e-03 -2.12460103e+00  5.64231264e-03  0.00000000e+00 
 5.64331264e-03 -2.12201164e+00  5.64331264e-03  0.00000000e+00 
 5.64431264e-03 -2.11942539e+00  5.64431264e-03  0.00000000e+00 
 5.64531264e-03 -2.11684230e+00  5.64531264e-03  0.00000000e+00 
 5.64631264e-03 -2.11426236e+00  5.64631264e-03  0.00000000e+00 
 5.64731264e-03 -2.11168557e+00  5.64731264e-03  0.00000000e+00 
 5.64831264e-03 -2.10911191e+00  5.64831264e-03  0.00000000e+00 
 5.64931264e-03 -2.10654139e+00  5.64931264e-03  0.00000000e+00 
 5.65031264e-03 -2.10397400e+00  5.65031264e-03  0.00000000e+00 
 5.65131264e-03 -2.10140974e+00  5.65131264e-03  0.00000000e+00 
 5.65231264e-03 -2.09884861e+00  5.65231264e-03  0.00000000e+00 
 5.65331264e-03 -2.09629060e+00  5.65331264e-03  0.00000000e+00 
 5.65431264e-03 -2.09373570e+00  5.65431264e-03  0.00000000e+00 
 5.65531264e-03 -2.09118392e+00  5.65531264e-03  0.00000000e+00 
 5.65631264e-03 -2.08863525e+00  5.65631264e-03  0.00000000e+00 
 5.65731264e-03 -2.08608969e+00  5.65731264e-03  0.00000000e+00 
 5.65831264e-03 -2.08354723e+00  5.65831264e-03  0.00000000e+00 
 5.65931264e-03 -2.08100786e+00  5.65931264e-03  0.00000000e+00 
 5.66031264e-03 -2.07847160e+00  5.66031264e-03  0.00000000e+00 
 5.66131264e-03 -2.07593842e+00  5.66131264e-03  0.00000000e+00 
 5.66231264e-03 -2.07340833e+00  5.66231264e-03  0.00000000e+00 
 5.66331264e-03 -2.07088132e+00  5.66331264e-03  0.00000000e+00 
 5.66431264e-03 -2.06835740e+00  5.66431264e-03  0.00000000e+00 
 5.66531264e-03 -2.06583655e+00  5.66531264e-03  0.00000000e+00 
 5.66631264e-03 -2.06331877e+00  5.66631264e-03  0.00000000e+00 
 5.66731264e-03 -2.06080406e+00  5.66731264e-03  0.00000000e+00 
 5.66831264e-03 -2.05829242e+00  5.66831264e-03  0.00000000e+00 
 5.66931264e-03 -2.05578383e+00  5.66931264e-03  0.00000000e+00 
 5.67031264e-03 -2.05327831e+00  5.67031264e-03  0.00000000e+00 
 5.67131264e-03 -2.05077584e+00  5.67131264e-03  0.00000000e+00 
 5.67231264e-03 -2.04827641e+00  5.67231264e-03  0.00000000e+00 
 5.67331264e-03 -2.04578004e+00  5.67331264e-03  0.00000000e+00 
 5.67431264e-03 -2.04328670e+00  5.67431264e-03  0.00000000e+00 
 5.67531264e-03 -2.04079641e+00  5.67531264e-03  0.00000000e+00 
 5.67631264e-03 -2.03830915e+00  5.67631264e-03  0.00000000e+00 
 5.67731264e-03 -2.03582492e+00  5.67731264e-03  0.00000000e+00 
 5.67831264e-03 -2.03334372e+00  5.67831264e-03  0.00000000e+00 
 5.67931264e-03 -2.03086555e+00  5.67931264e-03  0.00000000e+00 
 5.68031264e-03 -2.02839039e+00  5.68031264e-03  0.00000000e+00 
 5.68131264e-03 -2.02591825e+00  5.68131264e-03  0.00000000e+00 
 5.68231264e-03 -2.02344912e+00  5.68231264e-03  0.00000000e+00 
 5.68331264e-03 -2.02098301e+00  5.68331264e-03  0.00000000e+00 
 5.68431264e-03 -2.01851990e+00  5.68431264e-03  0.00000000e+00 
 5.68531264e-03 -2.01605979e+00  5.68531264e-03  0.00000000e+00 
 5.68631264e-03 -2.01360267e+00  5.68631264e-03  0.00000000e+00 
 5.68731264e-03 -2.01114856e+00  5.68731264e-03  0.00000000e+00 
 5.68831264e-03 -2.00869743e+00  5.68831264e-03  0.00000000e+00 
 5.68931264e-03 -2.00624929e+00  5.68931264e-03  0.00000000e+00 
 5.69031264e-03 -2.00380414e+00  5.69031264e-03  0.00000000e+00 
 5.69131264e-03 -2.00136197e+00  5.69131264e-03  0.00000000e+00 
 5.69231264e-03 -1.99892277e+00  5.69231264e-03  0.00000000e+00 
 5.69331264e-03 -1.99648654e+00  5.69331264e-03  0.00000000e+00 
 5.69431264e-03 -1.99405329e+00  5.69431264e-03  0.00000000e+00 
 5.69531264e-03 -1.99162300e+00  5.69531264e-03  0.00000000e+00 
 5.69631264e-03 -1.98919567e+00  5.69631264e-03  0.00000000e+00 
 5.69731264e-03 -1.98677130e+00  5.69731264e-03  0.00000000e+00 
 5.69831264e-03 -1.98434988e+00  5.69831264e-03  0.00000000e+00 
 5.69931264e-03 -1.98193142e+00  5.69931264e-03  0.00000000e+00 
 5.70031264e-03 -1.97951590e+00  5.70031264e-03  0.00000000e+00 
 5.70131264e-03 -1.97710333e+00  5.70131264e-03  0.00000000e+00 
 5.70231264e-03 -1.97469370e+00  5.70231264e-03  0.00000000e+00 
 5.70331264e-03 -1.97228700e+00  5.70331264e-03  0.00000000e+00 
 5.70431264e-03 -1.96988324e+00  5.70431264e-03  0.00000000e+00 
 5.70531264e-03 -1.96748241e+00  5.70531264e-03  0.00000000e+00 
 5.70631264e-03 -1.96508450e+00  5.70631264e-03  0.00000000e+00 
 5.70731264e-03 -1.96268951e+00  5.70731264e-03  0.00000000e+00 
 5.70831264e-03 -1.96029745e+00  5.70831264e-03  0.00000000e+00 
 5.70931264e-03 -1.95790830e+00  5.70931264e-03  0.00000000e+00 
 5.71031264e-03 -1.95552206e+00  5.71031264e-03  0.00000000e+00 
 5.71131264e-03 -1.95313873e+00  5.71131264e-03  0.00000000e+00 
 5.71231264e-03 -1.95075831e+00  5.71231264e-03  0.00000000e+00 
 5.71331264e-03 -1.94838078e+00  5.71331264e-03  0.00000000e+00 
 5.71431264e-03 -1.94600616e+00  5.71431264e-03  0.00000000e+00 
 5.71531264e-03 -1.94363442e+00  5.71531264e-03  0.00000000e+00 
 5.71631264e-03 -1.94126558e+00  5.71631264e-03  0.00000000e+00 
 5.71731264e-03 -1.93889963e+00  5.71731264e-03  0.00000000e+00 
 5.71831264e-03 -1.93653656e+00  5.71831264e-03  0.00000000e+00 
 5.71931264e-03 -1.93417637e+00  5.71931264e-03  0.00000000e+00 
 5.72031264e-03 -1.93181905e+00  5.72031264e-03  0.00000000e+00 
 5.72131264e-03 -1.92946461e+00  5.72131264e-03  0.00000000e+00 
 5.72231264e-03 -1.92711304e+00  5.72231264e-03  0.00000000e+00 
 5.72331264e-03 -1.92476433e+00  5.72331264e-03  0.00000000e+00 
 5.72431264e-03 -1.92241849e+00  5.72431264e-03  0.00000000e+00 
 5.72531264e-03 -1.92007551e+00  5.72531264e-03  0.00000000e+00 
 5.72631264e-03 -1.91773538e+00  5.72631264e-03  0.00000000e+00 
 5.72731264e-03 -1.91539810e+00  5.72731264e-03  0.00000000e+00 
 5.72831264e-03 -1.91306367e+00  5.72831264e-03  0.00000000e+00 
 5.72931264e-03 -1.91073209e+00  5.72931264e-03  0.00000000e+00 
 5.73031264e-03 -1.90840335e+00  5.73031264e-03  0.00000000e+00 
 5.73131264e-03 -1.90607745e+00  5.73131264e-03  0.00000000e+00 
 5.73231264e-03 -1.90375438e+00  5.73231264e-03  0.00000000e+00 
 5.73331264e-03 -1.90143414e+00  5.73331264e-03  0.00000000e+00 
 5.73431264e-03 -1.89911673e+00  5.73431264e-03  0.00000000e+00 
 5.73531264e-03 -1.89680215e+00  5.73531264e-03  0.00000000e+00 
 5.73631264e-03 -1.89449038e+00  5.73631264e-03  0.00000000e+00 
 5.73731264e-03 -1.89218144e+00  5.73731264e-03  0.00000000e+00 
 5.73831264e-03 -1.88987531e+00  5.73831264e-03  0.00000000e+00 
 5.73931264e-03 -1.88757198e+00  5.73931264e-03  0.00000000e+00 
 5.74000000e-03 -1.88599040e+00  5.74000000e-03  0.00000000e+00 
 5.74000010e-03 -1.38599023e+00  5.74000010e-03  4.99999998e-01 
 5.74000030e-03 -3.85990018e-01  5.74000030e-03  1.50000000e+00 
 5.74000070e-03  1.61400968e+00  5.74000070e-03  3.50000000e+00 
 5.74000100e-03  3.11400882e+00  5.74000100e-03  5.00000000e+00 
 5.74000108e-03  3.11400852e+00  5.74000108e-03  5.00000000e+00 
 5.74000124e-03  3.11400791e+00  5.74000124e-03  5.00000000e+00 
 5.74000156e-03  3.11400669e+00  5.74000156e-03  5.00000000e+00 
 5.74000220e-03  3.11400426e+00  5.74000220e-03  5.00000000e+00 
 5.74000348e-03  3.11399940e+00  5.74000348e-03  5.00000000e+00 
 5.74000604e-03  3.11398968e+00  5.74000604e-03  5.00000000e+00 
 5.74001116e-03  3.11397024e+00  5.74001116e-03  5.00000000e+00 
 5.74002140e-03  3.11393135e+00  5.74002140e-03  5.00000000e+00 
 5.74004188e-03  3.11385358e+00  5.74004188e-03  5.00000000e+00 
 5.74008284e-03  3.11369804e+00  5.74008284e-03  5.00000000e+00 
 5.74016476e-03  3.11338699e+00  5.74016476e-03  5.00000000e+00 
 5.74032860e-03  3.11276498e+00  5.74032860e-03  5.00000000e+00 
 5.74065628e-03  3.11152134e+00  5.74065628e-03  5.00000000e+00 
 5.74131164e-03  3.10903555e+00  5.74131164e-03  5.00000000e+00 
 5.74231164e-03  3.10524635e+00  5.74231164e-03  5.00000000e+00 
 5.74331164e-03  3.10146177e+00  5.74331164e-03  5.00000000e+00 
 5.74431164e-03  3.09768181e+00  5.74431164e-03  5.00000000e+00 
 5.74531164e-03  3.09390645e+00  5.74531164e-03  5.00000000e+00 
 5.74631164e-03  3.09013569e+00  5.74631164e-03  5.00000000e+00 
 5.74731164e-03  3.08636953e+00  5.74731164e-03  5.00000000e+00 
 5.74831164e-03  3.08260796e+00  5.74831164e-03  5.00000000e+00 
 5.74931164e-03  3.07885097e+00  5.74931164e-03  5.00000000e+00 
 5.75031164e-03  3.07509856e+00  5.75031164e-03  5.00000000e+00 
 5.75131164e-03  3.07135073e+00  5.75131164e-03  5.00000000e+00 
 5.75231164e-03  3.06760746e+00  5.75231164e-03  5.00000000e+00 
 5.75331164e-03  3.06386875e+00  5.75331164e-03  5.00000000e+00 
 5.75431164e-03  3.06013460e+00  5.75431164e-03  5.00000000e+00 
 5.75531164e-03  3.05640501e+00  5.75531164e-03  5.00000000e+00 
 5.75631164e-03  3.05267996e+00  5.75631164e-03  5.00000000e+00 
 5.75731164e-03  3.04895944e+00  5.75731164e-03  5.00000000e+00 
 5.75831164e-03  3.04524347e+00  5.75831164e-03  5.00000000e+00 
 5.75931164e-03  3.04153202e+00  5.75931164e-03  5.00000000e+00 
 5.76031164e-03  3.03782509e+00  5.76031164e-03  5.00000000e+00 
 5.76131164e-03  3.03412269e+00  5.76131164e-03  5.00000000e+00 
 5.76231164e-03  3.03042479e+00  5.76231164e-03  5.00000000e+00 
 5.76331164e-03  3.02673140e+00  5.76331164e-03  5.00000000e+00 
 5.76431164e-03  3.02304252e+00  5.76431164e-03  5.00000000e+00 
 5.76531164e-03  3.01935813e+00  5.76531164e-03  5.00000000e+00 
 5.76631164e-03  3.01567823e+00  5.76631164e-03  5.00000000e+00 
 5.76731164e-03  3.01200281e+00  5.76731164e-03  5.00000000e+00 
 5.76831164e-03  3.00833187e+00  5.76831164e-03  5.00000000e+00 
 5.76931164e-03  3.00466541e+00  5.76931164e-03  5.00000000e+00 
 5.77031164e-03  3.00100342e+00  5.77031164e-03  5.00000000e+00 
 5.77131164e-03  2.99734589e+00  5.77131164e-03  5.00000000e+00 
 5.77231164e-03  2.99369282e+00  5.77231164e-03  5.00000000e+00 
 5.77331164e-03  2.99004420e+00  5.77331164e-03  5.00000000e+00 
 5.77431164e-03  2.98640002e+00  5.77431164e-03  5.00000000e+00 
 5.77531164e-03  2.98276029e+00  5.77531164e-03  5.00000000e+00 
 5.77631164e-03  2.97912500e+00  5.77631164e-03  5.00000000e+00 
 5.77731164e-03  2.97549413e+00  5.77731164e-03  5.00000000e+00 
 5.77831164e-03  2.97186769e+00  5.77831164e-03  5.00000000e+00 
 5.77931164e-03  2.96824567e+00  5.77931164e-03  5.00000000e+00 
 5.78031164e-03  2.96462806e+00  5.78031164e-03  5.00000000e+00 
 5.78131164e-03  2.96101487e+00  5.78131164e-03  5.00000000e+00 
 5.78231164e-03  2.95740607e+00  5.78231164e-03  5.00000000e+00 
 5.78331164e-03  2.95380168e+00  5.78331164e-03  5.00000000e+00 
 5.78431164e-03  2.95020168e+00  5.78431164e-03  5.00000000e+00 
 5.78531164e-03  2.94660606e+00  5.78531164e-03  5.00000000e+00 
 5.78631164e-03  2.94301483e+00  5.78631164e-03  5.00000000e+00 
 5.78731164e-03  2.93942798e+00  5.78731164e-03  5.00000000e+00 
 5.78831164e-03  2.93584549e+00  5.78831164e-03  5.00000000e+00 
 5.78931164e-03  2.93226737e+00  5.78931164e-03  5.00000000e+00 
 5.79031164e-03  2.92869362e+00  5.79031164e-03  5.00000000e+00 
 5.79131164e-03  2.92512422e+00  5.79131164e-03  5.00000000e+00 
 5.79231164e-03  2.92155917e+00  5.79231164e-03  5.00000000e+00 
 5.79331164e-03  2.91799846e+00  5.79331164e-03  5.00000000e+00 
 5.79431164e-03  2.91444209e+00  5.79431164e-03  5.00000000e+00 
 5.79531164e-03  2.91089006e+00  5.79531164e-03  5.00000000e+00 
 5.79631164e-03  2.90734236e+00  5.79631164e-03  5.00000000e+00 
 5.79731164e-03  2.90379898e+00  5.79731164e-03  5.00000000e+00 
 5.79831164e-03  2.90025992e+00  5.79831164e-03  5.00000000e+00 
 5.79931164e-03  2.89672517e+00  5.79931164e-03  5.00000000e+00 
 5.80031164e-03  2.89319473e+00  5.80031164e-03  5.00000000e+00 
 5.80131164e-03  2.88966860e+00  5.80131164e-03  5.00000000e+00 
 5.80231164e-03  2.88614676e+00  5.80231164e-03  5.00000000e+00 
 5.80331164e-03  2.88262921e+00  5.80331164e-03  5.00000000e+00 
 5.80431164e-03  2.87911595e+00  5.80431164e-03  5.00000000e+00 
 5.80531164e-03  2.87560698e+00  5.80531164e-03  5.00000000e+00 
 5.80631164e-03  2.87210227e+00  5.80631164e-03  5.00000000e+00 
 5.80731164e-03  2.86860185e+00  5.80731164e-03  5.00000000e+00 
 5.80831164e-03  2.86510568e+00  5.80831164e-03  5.00000000e+00 
 5.80931164e-03  2.86161378e+00  5.80931164e-03  5.00000000e+00 
 5.81031164e-03  2.85812613e+00  5.81031164e-03  5.00000000e+00 
 5.81131164e-03  2.85464274e+00  5.81131164e-03  5.00000000e+00 
 5.81231164e-03  2.85116359e+00  5.81231164e-03  5.00000000e+00 
 5.81331164e-03  2.84768868e+00  5.81331164e-03  5.00000000e+00 
 5.81431164e-03  2.84421800e+00  5.81431164e-03  5.00000000e+00 
 5.81531164e-03  2.84075156e+00  5.81531164e-03  5.00000000e+00 
 5.81631164e-03  2.83728934e+00  5.81631164e-03  5.00000000e+00 
 5.81731164e-03  2.83383134e+00  5.81731164e-03  5.00000000e+00 
 5.81831164e-03  2.83037755e+00  5.81831164e-03  5.00000000e+00 
 5.81931164e-03  2.82692798e+00  5.81931164e-03  5.00000000e+00 
 5.82031164e-03  2.82348260e+00  5.82031164e-03  5.00000000e+00 
 5.82131164e-03  2.82004143e+00  5.82131164e-03  5.00000000e+00 
 5.82231164e-03  2.81660445e+00  5.82231164e-03  5.00000000e+00 
 5.82331164e-03  2.81317166e+00  5.82331164e-03  5.00000000e+00 
 5.82431164e-03  2.80974305e+00  5.82431164e-03  5.00000000e+00 
 5.82531164e-03  2.80631863e+00  5.82531164e-03  5.00000000e+00 
 5.82631164e-03  2.80289837e+00  5.82631164e-03  5.00000000e+00 
 5.82731164e-03  2.79948229e+00  5.82731164e-03  5.00000000e+00 
 5.82831164e-03  2.79607036e+00  5.82831164e-03  5.00000000e+00 
 5.82931164e-03  2.79266260e+00  5.82931164e-03  5.00000000e+00 
 5.83031164e-03  2.78925899e+00  5.83031164e-03  5.00000000e+00 
 5.83131164e-03  2.78585953e+00  5.83131164e-03  5.00000000e+00 
 5.83231164e-03  2.78246421e+00  5.83231164e-03  5.00000000e+00 
 5.83331164e-03  2.77907303e+00  5.83331164e-03  5.00000000e+00 
 5.83431164e-03  2.77568598e+00  5.83431164e-03  5.00000000e+00 
 5.83531164e-03  2.77230306e+00  5.83531164e-03  5.00000000e+00 
 5.83631164e-03  2.76892426e+00  5.83631164e-03  5.00000000e+00 
 5.83731164e-03  2.76554958e+00  5.83731164e-03  5.00000000e+00 
 5.83831164e-03  2.76217902e+00  5.83831164e-03  5.00000000e+00 
 5.83931164e-03  2.75881256e+00  5.83931164e-03  5.00000000e+00 
 5.84031164e-03  2.75545020e+00  5.84031164e-03  5.00000000e+00 
 5.84131164e-03  2.75209194e+00  5.84131164e-03  5.00000000e+00 
 5.84231164e-03  2.74873778e+00  5.84231164e-03  5.00000000e+00 
 5.84331164e-03  2.74538770e+00  5.84331164e-03  5.00000000e+00 
 5.84431164e-03  2.74204171e+00  5.84431164e-03  5.00000000e+00 
 5.84531164e-03  2.73869979e+00  5.84531164e-03  5.00000000e+00 
 5.84631164e-03  2.73536195e+00  5.84631164e-03  5.00000000e+00 
 5.84731164e-03  2.73202818e+00  5.84731164e-03  5.00000000e+00 
 5.84831164e-03  2.72869847e+00  5.84831164e-03  5.00000000e+00 
 5.84931164e-03  2.72537281e+00  5.84931164e-03  5.00000000e+00 
 5.85031164e-03  2.72205121e+00  5.85031164e-03  5.00000000e+00 
 5.85131164e-03  2.71873366e+00  5.85131164e-03  5.00000000e+00 
 5.85231164e-03  2.71542015e+00  5.85231164e-03  5.00000000e+00 
 5.85331164e-03  2.71211068e+00  5.85331164e-03  5.00000000e+00 
 5.85431164e-03  2.70880525e+00  5.85431164e-03  5.00000000e+00 
 5.85531164e-03  2.70550384e+00  5.85531164e-03  5.00000000e+00 
 5.85631164e-03  2.70220645e+00  5.85631164e-03  5.00000000e+00 
 5.85731164e-03  2.69891309e+00  5.85731164e-03  5.00000000e+00 
 5.85831164e-03  2.69562374e+00  5.85831164e-03  5.00000000e+00 
 5.85931164e-03  2.69233839e+00  5.85931164e-03  5.00000000e+00 
 5.86031164e-03  2.68905705e+00  5.86031164e-03  5.00000000e+00 
 5.86131164e-03  2.68577972e+00  5.86131164e-03  5.00000000e+00 
 5.86231164e-03  2.68250637e+00  5.86231164e-03  5.00000000e+00 
 5.86331164e-03  2.67923701e+00  5.86331164e-03  5.00000000e+00 
 5.86431164e-03  2.67597164e+00  5.86431164e-03  5.00000000e+00 
 5.86531164e-03  2.67271025e+00  5.86531164e-03  5.00000000e+00 
 5.86631164e-03  2.66945284e+00  5.86631164e-03  5.00000000e+00 
 5.86731164e-03  2.66619939e+00  5.86731164e-03  5.00000000e+00 
 5.86831164e-03  2.66294991e+00  5.86831164e-03  5.00000000e+00 
 5.86931164e-03  2.65970439e+00  5.86931164e-03  5.00000000e+00 
 5.87031164e-03  2.65646282e+00  5.87031164e-03  5.00000000e+00 
 5.87131164e-03  2.65322521e+00  5.87131164e-03  5.00000000e+00 
 5.87231164e-03  2.64999154e+00  5.87231164e-03  5.00000000e+00 
 5.87331164e-03  2.64676181e+00  5.87331164e-03  5.00000000e+00 
 5.87431164e-03  2.64353602e+00  5.87431164e-03  5.00000000e+00 
 5.87531164e-03  2.64031416e+00  5.87531164e-03  5.00000000e+00 
 5.87631164e-03  2.63709623e+00  5.87631164e-03  5.00000000e+00 
 5.87731164e-03  2.63388221e+00  5.87731164e-03  5.00000000e+00 
 5.87831164e-03  2.63067212e+00  5.87831164e-03  5.00000000e+00 
 5.87931164e-03  2.62746594e+00  5.87931164e-03  5.00000000e+00 
 5.88031164e-03  2.62426366e+00  5.88031164e-03  5.00000000e+00 
 5.88131164e-03  2.62106529e+00  5.88131164e-03  5.00000000e+00 
 5.88231164e-03  2.61787082e+00  5.88231164e-03  5.00000000e+00 
 5.88331164e-03  2.61468024e+00  5.88331164e-03  5.00000000e+00 
 5.88431164e-03  2.61149355e+00  5.88431164e-03  5.00000000e+00 
 5.88531164e-03  2.60831074e+00  5.88531164e-03  5.00000000e+00 
 5.88631164e-03  2.60513181e+00  5.88631164e-03  5.00000000e+00 
 5.88731164e-03  2.60195676e+00  5.88731164e-03  5.00000000e+00 
 5.88831164e-03  2.59878557e+00  5.88831164e-03  5.00000000e+00 
 5.88931164e-03  2.59561826e+00  5.88931164e-03  5.00000000e+00 
 5.89031164e-03  2.59245480e+00  5.89031164e-03  5.00000000e+00 
 5.89131164e-03  2.58929519e+00  5.89131164e-03  5.00000000e+00 
 5.89231164e-03  2.58613944e+00  5.89231164e-03  5.00000000e+00 
 5.89331164e-03  2.58298753e+00  5.89331164e-03  5.00000000e+00 
 5.89431164e-03  2.57983947e+00  5.89431164e-03  5.00000000e+00 
 5.89531164e-03  2.57669524e+00  5.89531164e-03  5.00000000e+00 
 5.89631164e-03  2.57355484e+00  5.89631164e-03  5.00000000e+00 
 5.89731164e-03  2.57041827e+00  5.89731164e-03  5.00000000e+00 
 5.89831164e-03  2.56728553e+00  5.89831164e-03  5.00000000e+00 
 5.89931164e-03  2.56415660e+00  5.89931164e-03  5.00000000e+00 
 5.90031164e-03  2.56103148e+00  5.90031164e-03  5.00000000e+00 
 5.90131164e-03  2.55791018e+00  5.90131164e-03  5.00000000e+00 
 5.90231164e-03  2.55479268e+00  5.90231164e-03  5.00000000e+00 
 5.90331164e-03  2.55167897e+00  5.90331164e-03  5.00000000e+00 
 5.90431164e-03  2.54856907e+00  5.90431164e-03  5.00000000e+00 
 5.90531164e-03  2.54546295e+00  5.90531164e-03  5.00000000e+00 
 5.90631164e-03  2.54236062e+00  5.90631164e-03  5.00000000e+00 
 5.90731164e-03  2.53926207e+00  5.90731164e-03  5.00000000e+00 
 5.90831164e-03  2.53616729e+00  5.90831164e-03  5.00000000e+00 
 5.90931164e-03  2.53307629e+00  5.90931164e-03  5.00000000e+00 
 5.91031164e-03  2.52998906e+00  5.91031164e-03  5.00000000e+00 
 5.91131164e-03  2.52690558e+00  5.91131164e-03  5.00000000e+00 
 5.91231164e-03  2.52382587e+00  5.91231164e-03  5.00000000e+00 
 5.91331164e-03  2.52074991e+00  5.91331164e-03  5.00000000e+00 
 5.91431164e-03  2.51767770e+00  5.91431164e-03  5.00000000e+00 
 5.91531164e-03  2.51460923e+00  5.91531164e-03  5.00000000e+00 
 5.91631164e-03  2.51154450e+00  5.91631164e-03  5.00000000e+00 
 5.91731164e-03  2.50848351e+00  5.91731164e-03  5.00000000e+00 
 5.91831164e-03  2.50542625e+00  5.91831164e-03  5.00000000e+00 
 5.91931164e-03  2.50237271e+00  5.91931164e-03  5.00000000e+00 
 5.92031164e-03  2.49932290e+00  5.92031164e-03  5.00000000e+00 
 5.92131164e-03  2.49627680e+00  5.92131164e-03  5.00000000e+00 
 5.92231164e-03  2.49323441e+00  5.92231164e-03  5.00000000e+00 
 5.92331164e-03  2.49019574e+00  5.92331164e-03  5.00000000e+00 
 5.92431164e-03  2.48716076e+00  5.92431164e-03  5.00000000e+00 
 5.92531164e-03  2.48412949e+00  5.92531164e-03  5.00000000e+00 
 5.92631164e-03  2.48110191e+00  5.92631164e-03  5.00000000e+00 
 5.92731164e-03  2.47807802e+00  5.92731164e-03  5.00000000e+00 
 5.92831164e-03  2.47505781e+00  5.92831164e-03  5.00000000e+00 
 5.92931164e-03  2.47204129e+00  5.92931164e-03  5.00000000e+00 
 5.93031164e-03  2.46902844e+00  5.93031164e-03  5.00000000e+00 
 5.93131164e-03  2.46601927e+00  5.93131164e-03  5.00000000e+00 
 5.93231164e-03  2.46301376e+00  5.93231164e-03  5.00000000e+00 
 5.93331164e-03  2.46001192e+00  5.93331164e-03  5.00000000e+00 
 5.93431164e-03  2.45701373e+00  5.93431164e-03  5.00000000e+00 
 5.93531164e-03  2.45401920e+00  5.93531164e-03  5.00000000e+00 
 5.93631164e-03  2.45102831e+00  5.93631164e-03  5.00000000e+00 
 5.93731164e-03  2.44804108e+00  5.93731164e-03  5.00000000e+00 
 5.93831164e-03  2.44505748e+00  5.93831164e-03  5.00000000e+00 
 5.93931164e-03  2.44207752e+00  5.93931164e-03  5.00000000e+00 
 5.94031164e-03  2.43910119e+00  5.94031164e-03  5.00000000e+00 
 5.94131164e-03  2.43612849e+00  5.94131164e-03  5.00000000e+00 
 5.94231164e-03  2.43315941e+00  5.94231164e-03  5.00000000e+00 
 5.94331164e-03  2.43019395e+00  5.94331164e-03  5.00000000e+00 
 5.94431164e-03  2.42723211e+00  5.94431164e-03  5.00000000e+00 
 5.94531164e-03  2.42427387e+00  5.94531164e-03  5.00000000e+00 
 5.94631164e-03  2.42131924e+00  5.94631164e-03  5.00000000e+00 
 5.94731164e-03  2.41836821e+00  5.94731164e-03  5.00000000e+00 
 5.94831164e-03  2.41542078e+00  5.94831164e-03  5.00000000e+00 
 5.94931164e-03  2.41247694e+00  5.94931164e-03  5.00000000e+00 
 5.95031164e-03  2.40953669e+00  5.95031164e-03  5.00000000e+00 
 5.95131164e-03  2.40660002e+00  5.95131164e-03  5.00000000e+00 
 5.95231164e-03  2.40366693e+00  5.95231164e-03  5.00000000e+00 
 5.95331164e-03  2.40073742e+00  5.95331164e-03  5.00000000e+00 
 5.95431164e-03  2.39781147e+00  5.95431164e-03  5.00000000e+00 
 5.95531164e-03  2.39488909e+00  5.95531164e-03  5.00000000e+00 
 5.95631164e-03  2.39197028e+00  5.95631164e-03  5.00000000e+00 
 5.95731164e-03  2.38905502e+00  5.95731164e-03  5.00000000e+00 
 5.95831164e-03  2.38614331e+00  5.95831164e-03  5.00000000e+00 
 5.95931164e-03  2.38323515e+00  5.95931164e-03  5.00000000e+00 
 5.96031164e-03  2.38033054e+00  5.96031164e-03  5.00000000e+00 
 5.96131164e-03  2.37742947e+00  5.96131164e-03  5.00000000e+00 
 5.96231164e-03  2.37453193e+00  5.96231164e-03  5.00000000e+00 
 5.96331164e-03  2.37163792e+00  5.96331164e-03  5.00000000e+00 
 5.96431164e-03  2.36874744e+00  5.96431164e-03  5.00000000e+00 
 5.96531164e-03  2.36586049e+00  5.96531164e-03  5.00000000e+00 
 5.96631164e-03  2.36297705e+00  5.96631164e-03  5.00000000e+00 
 5.96731164e-03  2.36009713e+00  5.96731164e-03  5.00000000e+00 
 5.96831164e-03  2.35722071e+00  5.96831164e-03  5.00000000e+00 
 5.96931164e-03  2.35434781e+00  5.96931164e-03  5.00000000e+00 
 5.97031164e-03  2.35147840e+00  5.97031164e-03  5.00000000e+00 
 5.97131164e-03  2.34861249e+00  5.97131164e-03  5.00000000e+00 
 5.97231164e-03  2.34575007e+00  5.97231164e-03  5.00000000e+00 
 5.97331164e-03  2.34289115e+00  5.97331164e-03  5.00000000e+00 
 5.97431164e-03  2.34003570e+00  5.97431164e-03  5.00000000e+00 
 5.97531164e-03  2.33718374e+00  5.97531164e-03  5.00000000e+00 
 5.97631164e-03  2.33433525e+00  5.97631164e-03  5.00000000e+00 
 5.97731164e-03  2.33149024e+00  5.97731164e-03  5.00000000e+00 
 5.97831164e-03  2.32864869e+00  5.97831164e-03  5.00000000e+00 
 5.97931164e-03  2.32581061e+00  5.97931164e-03  5.00000000e+00 
 5.98031164e-03  2.32297598e+00  5.98031164e-03  5.00000000e+00 
 5.98131164e-03  2.32014481e+00  5.98131164e-03  5.00000000e+00 
 5.98231164e-03  2.31731709e+00  5.98231164e-03  5.00000000e+00 
 5.98331164e-03  2.31449281e+00  5.98331164e-03  5.00000000e+00 
 5.98431164e-03  2.31167198e+00  5.98431164e-03  5.00000000e+00 
 5.98531164e-03  2.30885459e+00  5.98531164e-03  5.00000000e+00 
 5.98631164e-03  2.30604063e+00  5.98631164e-03  5.00000000e+00 
 5.98731164e-03  2.30323010e+00  5.98731164e-03  5.00000000e+00 
 5.98831164e-03  2.30042299e+00  5.98831164e-03  5.00000000e+00 
 5.98931164e-03  2.29761931e+00  5.98931164e-03  5.00000000e+00 
 5.99031164e-03  2.29481904e+00  5.99031164e-03  5.00000000e+00 
 5.99131164e-03  2.29202218e+00  5.99131164e-03  5.00000000e+00 
 5.99231164e-03  2.28922874e+00  5.99231164e-03  5.00000000e+00 
 5.99331164e-03  2.28643870e+00  5.99331164e-03  5.00000000e+00 
 5.99431164e-03  2.28365206e+00  5.99431164e-03  5.00000000e+00 
 5.99531164e-03  2.28086881e+00  5.99531164e-03  5.00000000e+00 
 5.99631164e-03  2.27808896e+00  5.99631164e-03  5.00000000e+00 
 5.99731164e-03  2.27531250e+00  5.99731164e-03  5.00000000e+00 
 5.99831164e-03  2.27253941e+00  5.99831164e-03  5.00000000e+00 
 5.99931164e-03  2.26976971e+00  5.99931164e-03  5.00000000e+00 
 6.00000000e-03  2.26786512e+00  6.00000000e-03  5.00000000e+00 
