 0.00000000e+00  0.00000000e+00  0.00000000e+00  0.00000000e+00 
 1.00000000e-11  4.99999994e-02  1.00000000e-11  5.00000000e-02 
 1.45920001e-11  7.29599997e-02  1.45920001e-11  7.29600007e-02 
 2.37760004e-11  1.18880000e-01  2.37760004e-11  1.18880002e-01 
 4.21440010e-11  2.10719999e-01  4.21440010e-11  2.10720005e-01 
 7.88800021e-11  3.94399991e-01  7.88800021e-11  3.94400011e-01 
 1.52352004e-10  7.61759951e-01  1.52352004e-10  7.61760022e-01 
 2.99296009e-10  1.49647977e+00  2.99296009e-10  1.49648004e+00 
 5.93184018e-10  2.96591902e+00  5.93184018e-10  2.96592009e+00 
 1.00000000e-09  4.99999695e+00  1.00000000e-09  5.00000000e+00 
 1.05877760e-09  4.99999659e+00  1.05877760e-09  5.00000000e+00 
 1.17633281e-09  4.99999588e+00  1.17633281e-09  5.00000000e+00 
 1.41144321e-09  4.99999444e+00  1.41144321e-09  5.00000000e+00 
 1.88166403e-09  4.99999157e+00  1.88166403e-09  5.00000000e+00 
 2.82210566e-09  4.99998584e+00  2.82210566e-09  5.00000000e+00 
 4.70298891e-09  4.99997437e+00  4.70298891e-09  5.00000000e+00 
 8.46475543e-09  4.99995143e+00  8.46475543e-09  5.00000000e+00 
 1.59882885e-08  4.99990556e+00  1.59882885e-08  5.00000000e+00 
 3.10353545e-08  4.99981381e+00  3.10353545e-08  5.00000000e+00 
 6.11294866e-08  4.99963032e+00  6.11294866e-08  5.00000000e+00 
 1.21317751e-07  4.99926336e+00  1.21317751e-07  5.00000000e+00 
 2.41694279e-07  4.99852952e+00  2.41694279e-07  5.00000000e+00 
 4.82447336e-07  4.99706216e+00  4.82447336e-07  5.00000000e+00 
 9.63953450e-07  4.99412873e+00  9.63953450e-07  5.00000000e+00 
 1.92696568e-06  4.98826704e+00  1.92696568e-06  5.00000000e+00 
 3.85299013e-06  4.97656430e+00  3.85299013e-06  5.00000000e+00 
 7.70503904e-06  4.95324107e+00  7.70503904e-06  5.00000000e+00 
 1.54091369e-05  4.90692176e+00  1.54091369e-05  5.00000000e+00 
 3.08173325e-05  4.81557654e+00  3.08173325e-05  5.00000000e+00 
 6.16337238e-05  4.63794040e+00  6.16337238e-05  5.00000000e+00 
 1.23266506e-04  4.30196994e+00  1.23266506e-04  5.00000000e+00 
 2.46532072e-04  3.70048964e+00  2.46532072e-04  5.00000000e+00 
 4.93063202e-04  2.73333264e+00  4.93063202e-04  5.00000000e+00 
 9.86125462e-04  1.46970035e+00  9.86125462e-04  5.00000000e+00 
 1.81942760e-03  4.79360814e-01  1.81942760e-03  5.00000000e+00 
 2.76422274e-03  1.28928580e-01  2.76422274e-03  5.00000000e+00 
 3.76422274e-03  3.12554134e-02  3.76422274e-03  5.00000000e+00 
 4.76422274e-03  7.57706991e-03  4.76422274e-03  5.00000000e+00 
 5.76422274e-03  1.83686543e-03  5.76422274e-03  5.00000000e+00 
 6.76422274e-03  4.45300711e-04  6.76422274e-03  5.00000000e+00 
 7.76422274e-03  1.07951688e-04  7.76422274e-03  5.00000000e+00 
 8.76422274e-03  2.61701061e-05  8.76422274e-03  5.00000000e+00 
 9.76422274e-03  6.34426814e-06  9.76422274e-03  5.00000000e+00 
 1.07642227e-02  1.53800440e-06  1.07642227e-02  5.00000000e+00 
 1.17642227e-02  3.72849550e-07  1.17642227e-02  5.00000000e+00 
 1.27642227e-02  9.03877702e-08  1.27642227e-02  5.00000000e+00 
 1.37642227e-02  2.19121867e-08  1.37642227e-02  5.00000000e+00 
 1.47642227e-02  5.31204547e-09  1.47642227e-02  5.00000000e+00 
 1.57642227e-02  1.28776989e-09  1.57642227e-02  5.00000000e+00 
 1.67642227e-02  3.12186721e-10  1.67642227e-02  5.00000000e+00 
 1.77642227e-02  7.56812391e-11  1.77642227e-02  5.00000000e+00 
 1.87642227e-02  1.83475457e-11  1.87642227e-02  5.00000000e+00 
 1.97642227e-02  4.44844162e-12  1.97642227e-02  5.00000000e+00 
 2.07642227e-02  1.07780451e-12  2.07642227e-02  5.00000000e+00 
 2.17642227e-02  2.62012634e-13  2.17642227e-02  5.00000000e+00 
 2.27642227e-02  6.35047570e-14  2.27642227e-02  5.00000000e+00 
 2.37642227e-02  1.59872116e-14  2.37642227e-02  5.00000000e+00 
 2.47642227e-02  3.99680289e-15  2.47642227e-02  5.00000000e+00 
 2.57642227e-02  4.44089210e-16  2.57642227e-02  5.00000000e+00 
 2.67642227e-02  4.44089210e-16  2.67642227e-02  5.00000000e+00 
 2.77642227e-02  4.44089210e-16  2.77642227e-02  5.00000000e+00 
 2.87642227e-02  4.44089210e-16  2.87642227e-02  5.00000000e+00 
 2.97642227e-02  4.44089210e-16  2.97642227e-02  5.00000000e+00 
 3.07642227e-02  4.44089210e-16  3.07642227e-02  5.00000000e+00 
 3.17642227e-02  4.44089210e-16  3.17642227e-02  5.00000000e+00 
 3.27642227e-02  4.44089210e-16  3.27642227e-02  5.00000000e+00 
 3.37642227e-02  4.44089210e-16  3.37642227e-02  5.00000000e+00 
 3.47642227e-02  4.44089210e-16  3.47642227e-02  5.00000000e+00 
 3.57642227e-02  4.44089210e-16  3.57642227e-02  5.00000000e+00 
 3.67642227e-02  4.44089210e-16  3.67642227e-02  5.00000000e+00 
 3.77642227e-02  4.44089210e-16  3.77642227e-02  5.00000000e+00 
 3.87642227e-02  4.44089210e-16  3.87642227e-02  5.00000000e+00 
 3.97642227e-02  4.44089210e-16  3.97642227e-02  5.00000000e+00 
 4.07642227e-02  4.44089210e-16  4.07642227e-02  5.00000000e+00 
 4.17642227e-02  4.44089210e-16  4.17642227e-02  5.00000000e+00 
 4.27642227e-02  4.44089210e-16  4.27642227e-02  5.00000000e+00 
 4.37642227e-02  4.44089210e-16  4.37642227e-02  5.00000000e+00 
 4.47642227e-02  4.44089210e-16  4.47642227e-02  5.00000000e+00 
 4.57642227e-02  4.44089210e-16  4.57642227e-02  5.00000000e+00 
 4.67642227e-02  4.44089210e-16  4.67642227e-02  5.00000000e+00 
 4.77642227e-02  4.44089210e-16  4.77642227e-02  5.00000000e+00 
 4.87642227e-02  4.44089210e-16  4.87642227e-02  5.00000000e+00 
 4.97642227e-02  4.44089210e-16  4.97642227e-02  5.00000000e+00 
 5.07642227e-02  4.44089210e-16  5.07642227e-02  5.00000000e+00 
 5.17642227e-02  4.44089210e-16  5.17642227e-02  5.00000000e+00 
 5.27642227e-02  4.44089210e-16  5.27642227e-02  5.00000000e+00 
 5.37642227e-02  4.44089210e-16  5.37642227e-02  5.00000000e+00 
 5.47642227e-02  4.44089210e-16  5.47642227e-02  5.00000000e+00 
 5.57642227e-02  4.44089210e-16  5.57642227e-02  5.00000000e+00 
 5.67642227e-02  4.44089210e-16  5.67642227e-02  5.00000000e+00 
 5.77642227e-02  4.44089210e-16  5.77642227e-02  5.00000000e+00 
 5.87642227e-02  4.44089210e-16  5.87642227e-02  5.00000000e+00 
 5.97642227e-02  4.44089210e-16  5.97642227e-02  5.00000000e+00 
 6.07642227e-02  4.44089210e-16  6.07642227e-02  5.00000000e+00 
 6.17642227e-02  4.44089210e-16  6.17642227e-02  5.00000000e+00 
 6.27642227e-02  4.44089210e-16  6.27642227e-02  5.00000000e+00 
 6.37642227e-02  4.44089210e-16  6.37642227e-02  5.00000000e+00 
 6.47642227e-02  4.44089210e-16  6.47642227e-02  5.00000000e+00 
 6.57642227e-02  4.44089210e-16  6.57642227e-02  5.00000000e+00 
 6.67642227e-02  4.44089210e-16  6.67642227e-02  5.00000000e+00 
 6.77642227e-02  4.44089210e-16  6.77642227e-02  5.00000000e+00 
 6.87642227e-02  4.44089210e-16  6.87642227e-02  5.00000000e+00 
 6.97642227e-02  4.44089210e-16  6.97642227e-02  5.00000000e+00 
 7.07642227e-02  4.44089210e-16  7.07642227e-02  5.00000000e+00 
 7.17642227e-02  4.44089210e-16  7.17642227e-02  5.00000000e+00 
 7.27642227e-02  4.44089210e-16  7.27642227e-02  5.00000000e+00 
 7.37642227e-02  4.44089210e-16  7.37642227e-02  5.00000000e+00 
 7.47642227e-02  4.44089210e-16  7.47642227e-02  5.00000000e+00 
 7.57642227e-02  4.44089210e-16  7.57642227e-02  5.00000000e+00 
 7.67642227e-02  4.44089210e-16  7.67642227e-02  5.00000000e+00 
 7.77642227e-02  4.44089210e-16  7.77642227e-02  5.00000000e+00 
 7.87642227e-02  4.44089210e-16  7.87642227e-02  5.00000000e+00 
 7.97642227e-02  4.44089210e-16  7.97642227e-02  5.00000000e+00 
 8.07642227e-02  4.44089210e-16  8.07642227e-02  5.00000000e+00 
 8.17642227e-02  4.44089210e-16  8.17642227e-02  5.00000000e+00 
 8.27642227e-02  4.44089210e-16  8.27642227e-02  5.00000000e+00 
 8.37642227e-02  4.44089210e-16  8.37642227e-02  5.00000000e+00 
 8.47642227e-02  4.44089210e-16  8.47642227e-02  5.00000000e+00 
 8.57642227e-02  4.44089210e-16  8.57642227e-02  5.00000000e+00 
 8.67642227e-02  4.44089210e-16  8.67642227e-02  5.00000000e+00 
 8.77642227e-02  4.44089210e-16  8.77642227e-02  5.00000000e+00 
 8.87642227e-02  4.44089210e-16  8.87642227e-02  5.00000000e+00 
 8.97642227e-02  4.44089210e-16  8.97642227e-02  5.00000000e+00 
 9.07642227e-02  4.44089210e-16  9.07642227e-02  5.00000000e+00 
 9.17642227e-02  4.44089210e-16  9.17642227e-02  5.00000000e+00 
 9.27642227e-02  4.44089210e-16  9.27642227e-02  5.00000000e+00 
 9.37642227e-02  4.44089210e-16  9.37642227e-02  5.00000000e+00 
 9.47642227e-02  4.44089210e-16  9.47642227e-02  5.00000000e+00 
 9.57642227e-02  4.44089210e-16  9.57642227e-02  5.00000000e+00 
 9.67642227e-02  4.44089210e-16  9.67642227e-02  5.00000000e+00 
 9.77642227e-02  4.44089210e-16  9.77642227e-02  5.00000000e+00 
 9.87642227e-02  4.44089210e-16  9.87642227e-02  5.00000000e+00 
 9.97642227e-02  4.44089210e-16  9.97642227e-02  5.00000000e+00 
 1.00764223e-01  4.44089210e-16  1.00764223e-01  5.00000000e+00 
 1.01764223e-01  4.44089210e-16  1.01764223e-01  5.00000000e+00 
 1.02764223e-01  4.44089210e-16  1.02764223e-01  5.00000000e+00 
 1.03764223e-01  4.44089210e-16  1.03764223e-01  5.00000000e+00 
 1.04764223e-01  4.44089210e-16  1.04764223e-01  5.00000000e+00 
 1.05764223e-01  4.44089210e-16  1.05764223e-01  5.00000000e+00 
 1.06764223e-01  4.44089210e-16  1.06764223e-01  5.00000000e+00 
 1.07764223e-01  4.44089210e-16  1.07764223e-01  5.00000000e+00 
 1.08764223e-01  4.44089210e-16  1.08764223e-01  5.00000000e+00 
 1.09764223e-01  4.44089210e-16  1.09764223e-01  5.00000000e+00 
 1.10764223e-01  4.44089210e-16  1.10764223e-01  5.00000000e+00 
 1.11764223e-01  4.44089210e-16  1.11764223e-01  5.00000000e+00 
 1.12764223e-01  4.44089210e-16  1.12764223e-01  5.00000000e+00 
 1.13764223e-01  4.44089210e-16  1.13764223e-01  5.00000000e+00 
 1.14764223e-01  4.44089210e-16  1.14764223e-01  5.00000000e+00 
 1.15764223e-01  4.44089210e-16  1.15764223e-01  5.00000000e+00 
 1.16764223e-01  4.44089210e-16  1.16764223e-01  5.00000000e+00 
 1.17764223e-01  4.44089210e-16  1.17764223e-01  5.00000000e+00 
 1.18764223e-01  4.44089210e-16  1.18764223e-01  5.00000000e+00 
 1.19764223e-01  4.44089210e-16  1.19764223e-01  5.00000000e+00 
 1.20764223e-01  4.44089210e-16  1.20764223e-01  5.00000000e+00 
 1.21764223e-01  4.44089210e-16  1.21764223e-01  5.00000000e+00 
 1.22764223e-01  4.44089210e-16  1.22764223e-01  5.00000000e+00 
 1.23764223e-01  4.44089210e-16  1.23764223e-01  5.00000000e+00 
 1.24764223e-01  4.44089210e-16  1.24764223e-01  5.00000000e+00 
 1.25764223e-01  4.44089210e-16  1.25764223e-01  5.00000000e+00 
 1.26764223e-01  4.44089210e-16  1.26764223e-01  5.00000000e+00 
 1.27764223e-01  4.44089210e-16  1.27764223e-01  5.00000000e+00 
 1.28764223e-01  4.44089210e-16  1.28764223e-01  5.00000000e+00 
 1.29764223e-01  4.44089210e-16  1.29764223e-01  5.00000000e+00 
 1.30764223e-01  4.44089210e-16  1.30764223e-01  5.00000000e+00 
 1.31764223e-01  4.44089210e-16  1.31764223e-01  5.00000000e+00 
 1.32764223e-01  4.44089210e-16  1.32764223e-01  5.00000000e+00 
 1.33764223e-01  4.44089210e-16  1.33764223e-01  5.00000000e+00 
 1.34764223e-01  4.44089210e-16  1.34764223e-01  5.00000000e+00 
 1.35764223e-01  4.44089210e-16  1.35764223e-01  5.00000000e+00 
 1.36764223e-01  4.44089210e-16  1.36764223e-01  5.00000000e+00 
 1.37764223e-01  4.44089210e-16  1.37764223e-01  5.00000000e+00 
 1.38764223e-01  4.44089210e-16  1.38764223e-01  5.00000000e+00 
 1.39764223e-01  4.44089210e-16  1.39764223e-01  5.00000000e+00 
 1.40764223e-01  4.44089210e-16  1.40764223e-01  5.00000000e+00 
 1.41764223e-01  4.44089210e-16  1.41764223e-01  5.00000000e+00 
 1.42764223e-01  4.44089210e-16  1.42764223e-01  5.00000000e+00 
 1.43764223e-01  4.44089210e-16  1.43764223e-01  5.00000000e+00 
 1.44764223e-01  4.44089210e-16  1.44764223e-01  5.00000000e+00 
 1.45764223e-01  4.44089210e-16  1.45764223e-01  5.00000000e+00 
 1.46764223e-01  4.44089210e-16  1.46764223e-01  5.00000000e+00 
 1.47764223e-01  4.44089210e-16  1.47764223e-01  5.00000000e+00 
 1.48764223e-01  4.44089210e-16  1.48764223e-01  5.00000000e+00 
 1.49764223e-01  4.44089210e-16  1.49764223e-01  5.00000000e+00 
 1.50764223e-01  4.44089210e-16  1.50764223e-01  5.00000000e+00 
 1.51764223e-01  4.44089210e-16  1.51764223e-01  5.00000000e+00 
 1.52764223e-01  4.44089210e-16  1.52764223e-01  5.00000000e+00 
 1.53764223e-01  4.44089210e-16  1.53764223e-01  5.00000000e+00 
 1.54764223e-01  4.44089210e-16  1.54764223e-01  5.00000000e+00 
 1.55764223e-01  4.44089210e-16  1.55764223e-01  5.00000000e+00 
 1.56764223e-01  4.44089210e-16  1.56764223e-01  5.00000000e+00 
 1.57764223e-01  4.44089210e-16  1.57764223e-01  5.00000000e+00 
 1.58764223e-01  4.44089210e-16  1.58764223e-01  5.00000000e+00 
 1.59764223e-01  4.44089210e-16  1.59764223e-01  5.00000000e+00 
 1.60764223e-01  4.44089210e-16  1.60764223e-01  5.00000000e+00 
 1.61764223e-01  4.44089210e-16  1.61764223e-01  5.00000000e+00 
 1.62764223e-01  4.44089210e-16  1.62764223e-01  5.00000000e+00 
 1.63764223e-01  4.44089210e-16  1.63764223e-01  5.00000000e+00 
 1.64764223e-01  4.44089210e-16  1.64764223e-01  5.00000000e+00 
 1.65764223e-01  4.44089210e-16  1.65764223e-01  5.00000000e+00 
 1.66764223e-01  4.44089210e-16  1.66764223e-01  5.00000000e+00 
 1.67764223e-01  4.44089210e-16  1.67764223e-01  5.00000000e+00 
 1.68764223e-01  4.44089210e-16  1.68764223e-01  5.00000000e+00 
 1.69764223e-01  4.44089210e-16  1.69764223e-01  5.00000000e+00 
 1.70764223e-01  4.44089210e-16  1.70764223e-01  5.00000000e+00 
 1.71764223e-01  4.44089210e-16  1.71764223e-01  5.00000000e+00 
 1.72764223e-01  4.44089210e-16  1.72764223e-01  5.00000000e+00 
 1.73764223e-01  4.44089210e-16  1.73764223e-01  5.00000000e+00 
 1.74764223e-01  4.44089210e-16  1.74764223e-01  5.00000000e+00 
 1.75764223e-01  4.44089210e-16  1.75764223e-01  5.00000000e+00 
 1.76764223e-01  4.44089210e-16  1.76764223e-01  5.00000000e+00 
 1.77764223e-01  4.44089210e-16  1.77764223e-01  5.00000000e+00 
 1.78764223e-01  4.44089210e-16  1.78764223e-01  5.00000000e+00 
 1.79764223e-01  4.44089210e-16  1.79764223e-01  5.00000000e+00 
 1.80764223e-01  4.44089210e-16  1.80764223e-01  5.00000000e+00 
 1.81764223e-01  4.44089210e-16  1.81764223e-01  5.00000000e+00 
 1.82764223e-01  4.44089210e-16  1.82764223e-01  5.00000000e+00 
 1.83764223e-01  4.44089210e-16  1.83764223e-01  5.00000000e+00 
 1.84764223e-01  4.44089210e-16  1.84764223e-01  5.00000000e+00 
 1.85764223e-01  4.44089210e-16  1.85764223e-01  5.00000000e+00 
 1.86764223e-01  4.44089210e-16  1.86764223e-01  5.00000000e+00 
 1.87764223e-01  4.44089210e-16  1.87764223e-01  5.00000000e+00 
 1.88764223e-01  4.44089210e-16  1.88764223e-01  5.00000000e+00 
 1.89764223e-01  4.44089210e-16  1.89764223e-01  5.00000000e+00 
 1.90764223e-01  4.44089210e-16  1.90764223e-01  5.00000000e+00 
 1.91764223e-01  4.44089210e-16  1.91764223e-01  5.00000000e+00 
 1.92764223e-01  4.44089210e-16  1.92764223e-01  5.00000000e+00 
 1.93764223e-01  4.44089210e-16  1.93764223e-01  5.00000000e+00 
 1.94764223e-01  4.44089210e-16  1.94764223e-01  5.00000000e+00 
 1.95764223e-01  4.44089210e-16  1.95764223e-01  5.00000000e+00 
 1.96764223e-01  4.44089210e-16  1.96764223e-01  5.00000000e+00 
 1.97764223e-01  4.44089210e-16  1.97764223e-01  5.00000000e+00 
 1.98764223e-01  4.44089210e-16  1.98764223e-01  5.00000000e+00 
 1.99764223e-01  4.44089210e-16  1.99764223e-01  5.00000000e+00 
 2.00764223e-01  4.44089210e-16  2.00764223e-01  5.00000000e+00 
 2.01764223e-01  4.44089210e-16  2.01764223e-01  5.00000000e+00 
 2.02764223e-01  4.44089210e-16  2.02764223e-01  5.00000000e+00 
 2.03764223e-01  4.44089210e-16  2.03764223e-01  5.00000000e+00 
 2.04764223e-01  4.44089210e-16  2.04764223e-01  5.00000000e+00 
 2.05764223e-01  4.44089210e-16  2.05764223e-01  5.00000000e+00 
 2.06764223e-01  4.44089210e-16  2.06764223e-01  5.00000000e+00 
 2.07764223e-01  4.44089210e-16  2.07764223e-01  5.00000000e+00 
 2.08764223e-01  4.44089210e-16  2.08764223e-01  5.00000000e+00 
 2.09764223e-01  4.44089210e-16  2.09764223e-01  5.00000000e+00 
 2.10764223e-01  4.44089210e-16  2.10764223e-01  5.00000000e+00 
 2.11764223e-01  4.44089210e-16  2.11764223e-01  5.00000000e+00 
 2.12764223e-01  4.44089210e-16  2.12764223e-01  5.00000000e+00 
 2.13764223e-01  4.44089210e-16  2.13764223e-01  5.00000000e+00 
 2.14764223e-01  4.44089210e-16  2.14764223e-01  5.00000000e+00 
 2.15764223e-01  4.44089210e-16  2.15764223e-01  5.00000000e+00 
 2.16764223e-01  4.44089210e-16  2.16764223e-01  5.00000000e+00 
 2.17764223e-01  4.44089210e-16  2.17764223e-01  5.00000000e+00 
 2.18764223e-01  4.44089210e-16  2.18764223e-01  5.00000000e+00 
 2.19764223e-01  4.44089210e-16  2.19764223e-01  5.00000000e+00 
 2.20764223e-01  4.44089210e-16  2.20764223e-01  5.00000000e+00 
 2.21764223e-01  4.44089210e-16  2.21764223e-01  5.00000000e+00 
 2.22764223e-01  4.44089210e-16  2.22764223e-01  5.00000000e+00 
 2.23764223e-01  4.44089210e-16  2.23764223e-01  5.00000000e+00 
 2.24764223e-01  4.44089210e-16  2.24764223e-01  5.00000000e+00 
 2.25764223e-01  4.44089210e-16  2.25764223e-01  5.00000000e+00 
 2.26764223e-01  4.44089210e-16  2.26764223e-01  5.00000000e+00 
 2.27764223e-01  4.44089210e-16  2.27764223e-01  5.00000000e+00 
 2.28764223e-01  4.44089210e-16  2.28764223e-01  5.00000000e+00 
 2.29764223e-01  4.44089210e-16  2.29764223e-01  5.00000000e+00 
 2.30764223e-01  4.44089210e-16  2.30764223e-01  5.00000000e+00 
 2.31764223e-01  4.44089210e-16  2.31764223e-01  5.00000000e+00 
 2.32764223e-01  4.44089210e-16  2.32764223e-01  5.00000000e+00 
 2.33764223e-01  4.44089210e-16  2.33764223e-01  5.00000000e+00 
 2.34764223e-01  4.44089210e-16  2.34764223e-01  5.00000000e+00 
 2.35764223e-01  4.44089210e-16  2.35764223e-01  5.00000000e+00 
 2.36764223e-01  4.44089210e-16  2.36764223e-01  5.00000000e+00 
 2.37764223e-01  4.44089210e-16  2.37764223e-01  5.00000000e+00 
 2.38764223e-01  4.44089210e-16  2.38764223e-01  5.00000000e+00 
 2.39764223e-01  4.44089210e-16  2.39764223e-01  5.00000000e+00 
 2.40764223e-01  4.44089210e-16  2.40764223e-01  5.00000000e+00 
 2.41764223e-01  4.44089210e-16  2.41764223e-01  5.00000000e+00 
 2.42764223e-01  4.44089210e-16  2.42764223e-01  5.00000000e+00 
 2.43764223e-01  4.44089210e-16  2.43764223e-01  5.00000000e+00 
 2.44764223e-01  4.44089210e-16  2.44764223e-01  5.00000000e+00 
 2.45764223e-01  4.44089210e-16  2.45764223e-01  5.00000000e+00 
 2.46764223e-01  4.44089210e-16  2.46764223e-01  5.00000000e+00 
 2.47764223e-01  4.44089210e-16  2.47764223e-01  5.00000000e+00 
 2.48764223e-01  4.44089210e-16  2.48764223e-01  5.00000000e+00 
 2.49764223e-01  4.44089210e-16  2.49764223e-01  5.00000000e+00 
 2.50764223e-01  4.44089210e-16  2.50764223e-01  5.00000000e+00 
 2.51764223e-01  4.44089210e-16  2.51764223e-01  5.00000000e+00 
 2.52764223e-01  4.44089210e-16  2.52764223e-01  5.00000000e+00 
 2.53764223e-01  4.44089210e-16  2.53764223e-01  5.00000000e+00 
 2.54764223e-01  4.44089210e-16  2.54764223e-01  5.00000000e+00 
 2.55764223e-01  4.44089210e-16  2.55764223e-01  5.00000000e+00 
 2.56764223e-01  4.44089210e-16  2.56764223e-01  5.00000000e+00 
 2.57764223e-01  4.44089210e-16  2.57764223e-01  5.00000000e+00 
 2.58764223e-01  4.44089210e-16  2.58764223e-01  5.00000000e+00 
 2.59764223e-01  4.44089210e-16  2.59764223e-01  5.00000000e+00 
 2.60764223e-01  4.44089210e-16  2.60764223e-01  5.00000000e+00 
 2.61764223e-01  4.44089210e-16  2.61764223e-01  5.00000000e+00 
 2.62764223e-01  4.44089210e-16  2.62764223e-01  5.00000000e+00 
 2.63764223e-01  4.44089210e-16  2.63764223e-01  5.00000000e+00 
 2.64764223e-01  4.44089210e-16  2.64764223e-01  5.00000000e+00 
 2.65764223e-01  4.44089210e-16  2.65764223e-01  5.00000000e+00 
 2.66764223e-01  4.44089210e-16  2.66764223e-01  5.00000000e+00 
 2.67764223e-01  4.44089210e-16  2.67764223e-01  5.00000000e+00 
 2.68764223e-01  4.44089210e-16  2.68764223e-01  5.00000000e+00 
 2.69764223e-01  4.44089210e-16  2.69764223e-01  5.00000000e+00 
 2.70764223e-01  4.44089210e-16  2.70764223e-01  5.00000000e+00 
 2.71764223e-01  4.44089210e-16  2.71764223e-01  5.00000000e+00 
 2.72764223e-01  4.44089210e-16  2.72764223e-01  5.00000000e+00 
 2.73764223e-01  4.44089210e-16  2.73764223e-01  5.00000000e+00 
 2.74764223e-01  4.44089210e-16  2.74764223e-01  5.00000000e+00 
 2.75764223e-01  4.44089210e-16  2.75764223e-01  5.00000000e+00 
 2.76764223e-01  4.44089210e-16  2.76764223e-01  5.00000000e+00 
 2.77764223e-01  4.44089210e-16  2.77764223e-01  5.00000000e+00 
 2.78764223e-01  4.44089210e-16  2.78764223e-01  5.00000000e+00 
 2.79764223e-01  4.44089210e-16  2.79764223e-01  5.00000000e+00 
 2.80764223e-01  4.44089210e-16  2.80764223e-01  5.00000000e+00 
 2.81764223e-01  4.44089210e-16  2.81764223e-01  5.00000000e+00 
 2.82764223e-01  4.44089210e-16  2.82764223e-01  5.00000000e+00 
 2.83764223e-01  4.44089210e-16  2.83764223e-01  5.00000000e+00 
 2.84764223e-01  4.44089210e-16  2.84764223e-01  5.00000000e+00 
 2.85764223e-01  4.44089210e-16  2.85764223e-01  5.00000000e+00 
 2.86764223e-01  4.44089210e-16  2.86764223e-01  5.00000000e+00 
 2.87764223e-01  4.44089210e-16  2.87764223e-01  5.00000000e+00 
 2.88764223e-01  4.44089210e-16  2.88764223e-01  5.00000000e+00 
 2.89764223e-01  4.44089210e-16  2.89764223e-01  5.00000000e+00 
 2.90764223e-01  4.44089210e-16  2.90764223e-01  5.00000000e+00 
 2.91764223e-01  4.44089210e-16  2.91764223e-01  5.00000000e+00 
 2.92764223e-01  4.44089210e-16  2.92764223e-01  5.00000000e+00 
 2.93764223e-01  4.44089210e-16  2.93764223e-01  5.00000000e+00 
 2.94764223e-01  4.44089210e-16  2.94764223e-01  5.00000000e+00 
 2.95764223e-01  4.44089210e-16  2.95764223e-01  5.00000000e+00 
 2.96764223e-01  4.44089210e-16  2.96764223e-01  5.00000000e+00 
 2.97764223e-01  4.44089210e-16  2.97764223e-01  5.00000000e+00 
 2.98764223e-01  4.44089210e-16  2.98764223e-01  5.00000000e+00 
 2.99764223e-01  4.44089210e-16  2.99764223e-01  5.00000000e+00 
 3.00764223e-01  4.44089210e-16  3.00764223e-01  5.00000000e+00 
 3.01764223e-01  4.44089210e-16  3.01764223e-01  5.00000000e+00 
 3.02764223e-01  4.44089210e-16  3.02764223e-01  5.00000000e+00 
 3.03764223e-01  4.44089210e-16  3.03764223e-01  5.00000000e+00 
 3.04764223e-01  4.44089210e-16  3.04764223e-01  5.00000000e+00 
 3.05764223e-01  4.44089210e-16  3.05764223e-01  5.00000000e+00 
 3.06764223e-01  4.44089210e-16  3.06764223e-01  5.00000000e+00 
 3.07764223e-01  4.44089210e-16  3.07764223e-01  5.00000000e+00 
 3.08764223e-01  4.44089210e-16  3.08764223e-01  5.00000000e+00 
 3.09764223e-01  4.44089210e-16  3.09764223e-01  5.00000000e+00 
 3.10764223e-01  4.44089210e-16  3.10764223e-01  5.00000000e+00 
 3.11764223e-01  4.44089210e-16  3.11764223e-01  5.00000000e+00 
 3.12764223e-01  4.44089210e-16  3.12764223e-01  5.00000000e+00 
 3.13764223e-01  4.44089210e-16  3.13764223e-01  5.00000000e+00 
 3.14764223e-01  4.44089210e-16  3.14764223e-01  5.00000000e+00 
 3.15764223e-01  4.44089210e-16  3.15764223e-01  5.00000000e+00 
 3.16764223e-01  4.44089210e-16  3.16764223e-01  5.00000000e+00 
 3.17764223e-01  4.44089210e-16  3.17764223e-01  5.00000000e+00 
 3.18764223e-01  4.44089210e-16  3.18764223e-01  5.00000000e+00 
 3.19764223e-01  4.44089210e-16  3.19764223e-01  5.00000000e+00 
 3.20764223e-01  4.44089210e-16  3.20764223e-01  5.00000000e+00 
 3.21764223e-01  4.44089210e-16  3.21764223e-01  5.00000000e+00 
 3.22764223e-01  4.44089210e-16  3.22764223e-01  5.00000000e+00 
 3.23764223e-01  4.44089210e-16  3.23764223e-01  5.00000000e+00 
 3.24764223e-01  4.44089210e-16  3.24764223e-01  5.00000000e+00 
 3.25764223e-01  4.44089210e-16  3.25764223e-01  5.00000000e+00 
 3.26764223e-01  4.44089210e-16  3.26764223e-01  5.00000000e+00 
 3.27764223e-01  4.44089210e-16  3.27764223e-01  5.00000000e+00 
 3.28764223e-01  4.44089210e-16  3.28764223e-01  5.00000000e+00 
 3.29764223e-01  4.44089210e-16  3.29764223e-01  5.00000000e+00 
 3.30764223e-01  4.44089210e-16  3.30764223e-01  5.00000000e+00 
 3.31764223e-01  4.44089210e-16  3.31764223e-01  5.00000000e+00 
 3.32764223e-01  4.44089210e-16  3.32764223e-01  5.00000000e+00 
 3.33764223e-01  4.44089210e-16  3.33764223e-01  5.00000000e+00 
 3.34764223e-01  4.44089210e-16  3.34764223e-01  5.00000000e+00 
 3.35764223e-01  4.44089210e-16  3.35764223e-01  5.00000000e+00 
 3.36764223e-01  4.44089210e-16  3.36764223e-01  5.00000000e+00 
 3.37764223e-01  4.44089210e-16  3.37764223e-01  5.00000000e+00 
 3.38764223e-01  4.44089210e-16  3.38764223e-01  5.00000000e+00 
 3.39764223e-01  4.44089210e-16  3.39764223e-01  5.00000000e+00 
 3.40764223e-01  4.44089210e-16  3.40764223e-01  5.00000000e+00 
 3.41764223e-01  4.44089210e-16  3.41764223e-01  5.00000000e+00 
 3.42764223e-01  4.44089210e-16  3.42764223e-01  5.00000000e+00 
 3.43764223e-01  4.44089210e-16  3.43764223e-01  5.00000000e+00 
 3.44764223e-01  4.44089210e-16  3.44764223e-01  5.00000000e+00 
 3.45764223e-01  4.44089210e-16  3.45764223e-01  5.00000000e+00 
 3.46764223e-01  4.44089210e-16  3.46764223e-01  5.00000000e+00 
 3.47764223e-01  4.44089210e-16  3.47764223e-01  5.00000000e+00 
 3.48764223e-01  4.44089210e-16  3.48764223e-01  5.00000000e+00 
 3.49764223e-01  4.44089210e-16  3.49764223e-01  5.00000000e+00 
 3.50764223e-01  4.44089210e-16  3.50764223e-01  5.00000000e+00 
 3.51764223e-01  4.44089210e-16  3.51764223e-01  5.00000000e+00 
 3.52764223e-01  4.44089210e-16  3.52764223e-01  5.00000000e+00 
 3.53764223e-01  4.44089210e-16  3.53764223e-01  5.00000000e+00 
 3.54764223e-01  4.44089210e-16  3.54764223e-01  5.00000000e+00 
 3.55764223e-01  4.44089210e-16  3.55764223e-01  5.00000000e+00 
 3.56764223e-01  4.44089210e-16  3.56764223e-01  5.00000000e+00 
 3.57764223e-01  4.44089210e-16  3.57764223e-01  5.00000000e+00 
 3.58764223e-01  4.44089210e-16  3.58764223e-01  5.00000000e+00 
 3.59764223e-01  4.44089210e-16  3.59764223e-01  5.00000000e+00 
 3.60764223e-01  4.44089210e-16  3.60764223e-01  5.00000000e+00 
 3.61764223e-01  4.44089210e-16  3.61764223e-01  5.00000000e+00 
 3.62764223e-01  4.44089210e-16  3.62764223e-01  5.00000000e+00 
 3.63764223e-01  4.44089210e-16  3.63764223e-01  5.00000000e+00 
 3.64764223e-01  4.44089210e-16  3.64764223e-01  5.00000000e+00 
 3.65764223e-01  4.44089210e-16  3.65764223e-01  5.00000000e+00 
 3.66764223e-01  4.44089210e-16  3.66764223e-01  5.00000000e+00 
 3.67764223e-01  4.44089210e-16  3.67764223e-01  5.00000000e+00 
 3.68764223e-01  4.44089210e-16  3.68764223e-01  5.00000000e+00 
 3.69764223e-01  4.44089210e-16  3.69764223e-01  5.00000000e+00 
 3.70764223e-01  4.44089210e-16  3.70764223e-01  5.00000000e+00 
 3.71764223e-01  4.44089210e-16  3.71764223e-01  5.00000000e+00 
 3.72764223e-01  4.44089210e-16  3.72764223e-01  5.00000000e+00 
 3.73764223e-01  4.44089210e-16  3.73764223e-01  5.00000000e+00 
 3.74764223e-01  4.44089210e-16  3.74764223e-01  5.00000000e+00 
 3.75764223e-01  4.44089210e-16  3.75764223e-01  5.00000000e+00 
 3.76764223e-01  4.44089210e-16  3.76764223e-01  5.00000000e+00 
 3.77764223e-01  4.44089210e-16  3.77764223e-01  5.00000000e+00 
 3.78764223e-01  4.44089210e-16  3.78764223e-01  5.00000000e+00 
 3.79764223e-01  4.44089210e-16  3.79764223e-01  5.00000000e+00 
 3.80764223e-01  4.44089210e-16  3.80764223e-01  5.00000000e+00 
 3.81764223e-01  4.44089210e-16  3.81764223e-01  5.00000000e+00 
 3.82764223e-01  4.44089210e-16  3.82764223e-01  5.00000000e+00 
 3.83764223e-01  4.44089210e-16  3.83764223e-01  5.00000000e+00 
 3.84764223e-01  4.44089210e-16  3.84764223e-01  5.00000000e+00 
 3.85764223e-01  4.44089210e-16  3.85764223e-01  5.00000000e+00 
 3.86764223e-01  4.44089210e-16  3.86764223e-01  5.00000000e+00 
 3.87764223e-01  4.44089210e-16  3.87764223e-01  5.00000000e+00 
 3.88764223e-01  4.44089210e-16  3.88764223e-01  5.00000000e+00 
 3.89764223e-01  4.44089210e-16  3.89764223e-01  5.00000000e+00 
 3.90764223e-01  4.44089210e-16  3.90764223e-01  5.00000000e+00 
 3.91764223e-01  4.44089210e-16  3.91764223e-01  5.00000000e+00 
 3.92764223e-01  4.44089210e-16  3.92764223e-01  5.00000000e+00 
 3.93764223e-01  4.44089210e-16  3.93764223e-01  5.00000000e+00 
 3.94764223e-01  4.44089210e-16  3.94764223e-01  5.00000000e+00 
 3.95764223e-01  4.44089210e-16  3.95764223e-01  5.00000000e+00 
 3.96764223e-01  4.44089210e-16  3.96764223e-01  5.00000000e+00 
 3.97764223e-01  4.44089210e-16  3.97764223e-01  5.00000000e+00 
 3.98764223e-01  4.44089210e-16  3.98764223e-01  5.00000000e+00 
 3.99764223e-01  4.44089210e-16  3.99764223e-01  5.00000000e+00 
 4.00764223e-01  4.44089210e-16  4.00764223e-01  5.00000000e+00 
 4.01764223e-01  4.44089210e-16  4.01764223e-01  5.00000000e+00 
 4.02764223e-01  4.44089210e-16  4.02764223e-01  5.00000000e+00 
 4.03764223e-01  4.44089210e-16  4.03764223e-01  5.00000000e+00 
 4.04764223e-01  4.44089210e-16  4.04764223e-01  5.00000000e+00 
 4.05764223e-01  4.44089210e-16  4.05764223e-01  5.00000000e+00 
 4.06764223e-01  4.44089210e-16  4.06764223e-01  5.00000000e+00 
 4.07764223e-01  4.44089210e-16  4.07764223e-01  5.00000000e+00 
 4.08764223e-01  4.44089210e-16  4.08764223e-01  5.00000000e+00 
 4.09764223e-01  4.44089210e-16  4.09764223e-01  5.00000000e+00 
 4.10000001e-01  0.00000000e+00  4.10000001e-01  5.00000000e+00 
 4.10000001e-01 -4.99999980e-01  4.10000001e-01  4.49999996e+00 
 4.10000001e-01 -1.49999982e+00  4.10000001e-01  3.49999988e+00 
 4.10000002e-01 -3.49999877e+00  4.10000002e-01  1.49999971e+00 
 4.10000002e-01 -4.99999692e+00  4.10000002e-01  0.00000000e+00 
 4.10000002e-01 -4.99999643e+00  4.10000002e-01  0.00000000e+00 
 4.10000002e-01 -4.99999546e+00  4.10000002e-01  0.00000000e+00 
 4.10000003e-01 -4.99999351e+00  4.10000003e-01  0.00000000e+00 
 4.10000003e-01 -4.99998960e+00  4.10000003e-01  0.00000000e+00 
 4.10000004e-01 -4.99998180e+00  4.10000004e-01  0.00000000e+00 
 4.10000007e-01 -4.99996619e+00  4.10000007e-01  0.00000000e+00 
 4.10000012e-01 -4.99993497e+00  4.10000012e-01  0.00000000e+00 
 4.10000022e-01 -4.99987253e+00  4.10000022e-01  0.00000000e+00 
 4.10000043e-01 -4.99974766e+00  4.10000043e-01  0.00000000e+00 
 4.10000084e-01 -4.99949792e+00  4.10000084e-01  0.00000000e+00 
 4.10000166e-01 -4.99899848e+00  4.10000166e-01  0.00000000e+00 
 4.10000330e-01 -4.99799976e+00  4.10000330e-01  0.00000000e+00 
 4.10000657e-01 -4.99600291e+00  4.10000657e-01  0.00000000e+00 
 4.10001313e-01 -4.99201160e+00  4.10001313e-01  0.00000000e+00 
 4.10002623e-01 -4.98403855e+00  4.10002623e-01  0.00000000e+00 
 4.10005245e-01 -4.96813061e+00  4.10005245e-01  0.00000000e+00 
 4.10010488e-01 -4.93646682e+00  4.10010488e-01  0.00000000e+00 
 4.10020973e-01 -4.87374273e+00  4.10020973e-01  0.00000000e+00 
 4.10041945e-01 -4.75067043e+00  4.10041945e-01  0.00000000e+00 
 4.10083888e-01 -4.51373308e+00  4.10083888e-01  0.00000000e+00 
 4.10167774e-01 -4.07444722e+00  4.10167774e-01  0.00000000e+00 
 4.10335546e-01 -3.31818065e+00  4.10335546e-01  0.00000000e+00 
 4.10671091e-01 -2.19100098e+00  4.10671091e-01  0.00000000e+00 
 4.11342179e-01 -9.18565237e-01  4.11342179e-01  0.00000000e+00 
 4.11965784e-01 -4.12450879e-01  4.11965784e-01  0.00000000e+00 
 4.12455768e-01 -2.22689320e-01  4.12455768e-01  0.00000000e+00 
 4.12981477e-01 -1.14577177e-01  4.12981477e-01  0.00000000e+00 
 4.13518564e-01 -5.80447965e-02  4.13518564e-01  0.00000000e+00 
 4.14092874e-01 -2.79354825e-02  4.14092874e-01  0.00000000e+00 
 4.14637100e-01 -1.40145660e-02  4.14637100e-01  0.00000000e+00 
 4.15187875e-01 -6.96785359e-03  4.15187875e-01  0.00000000e+00 
 4.15725883e-01 -3.52548078e-03  4.15725883e-01  0.00000000e+00 
 4.16279250e-01 -1.74658598e-03  4.16279250e-01  0.00000000e+00 
 4.16824399e-01 -8.75112179e-04  4.16824399e-01  0.00000000e+00 
 4.17376291e-01 -4.34427033e-04  4.17376291e-01  0.00000000e+00 
 4.17920655e-01 -2.17900259e-04  4.17920655e-01  0.00000000e+00 
 4.18470636e-01 -1.08455538e-04  4.18470636e-01  0.00000000e+00 
 4.19016420e-01 -5.42934670e-05  4.19016420e-01  0.00000000e+00 
 4.19566169e-01 -2.70321085e-05  4.19566169e-01  0.00000000e+00 
 4.20112575e-01 -1.35208725e-05  4.20112575e-01  0.00000000e+00 
 4.20661580e-01 -6.73877224e-06  4.20661580e-01  0.00000000e+00 
 4.21208351e-01 -3.36890616e-06  4.21208351e-01  0.00000000e+00 
 4.21757042e-01 -1.67977767e-06  4.21757042e-01  0.00000000e+00 
 4.22304173e-01 -8.39353989e-07  4.22304173e-01  0.00000000e+00 
 4.22852604e-01 -4.18662156e-07  4.22852604e-01  0.00000000e+00 
 4.23481959e-01 -1.86448931e-07  4.23481959e-01  0.00000000e+00 
 4.24257516e-01 -6.67234830e-08  4.24257516e-01  0.00000000e+00 
 4.25257516e-01 -1.61753898e-08  4.25257516e-01  0.00000000e+00 
 4.26257516e-01 -3.92130662e-09  4.26257516e-01  0.00000000e+00 
 4.27257516e-01 -9.50619788e-10  4.27257516e-01  0.00000000e+00 
 4.28257516e-01 -2.30453282e-10  4.28257516e-01  0.00000000e+00 
 4.29257516e-01 -5.58674623e-11  4.29257516e-01  0.00000000e+00 
 4.30257516e-01 -1.35436272e-11  4.30257516e-01  0.00000000e+00 
 4.31257516e-01 -3.28330357e-12  4.31257516e-01  0.00000000e+00 
 4.32257516e-01 -7.95952380e-13  4.32257516e-01  0.00000000e+00 
 4.33257516e-01 -1.92958153e-13  4.33257516e-01  0.00000000e+00 
 4.34257516e-01 -4.67777340e-14  4.34257516e-01  0.00000000e+00 
 4.35257516e-01 -1.13400567e-14  4.35257516e-01  0.00000000e+00 
 4.36257516e-01 -2.74910466e-15  4.36257516e-01  0.00000000e+00 
 4.37257516e-01 -6.66449615e-16  4.37257516e-01  0.00000000e+00 
 4.38257516e-01 -1.61563543e-16  4.38257516e-01  0.00000000e+00 
 4.39257516e-01 -3.91669195e-17  4.39257516e-01  0.00000000e+00 
 4.40257516e-01 -9.49501079e-18  4.40257516e-01  0.00000000e+00 
 4.41257516e-01 -2.30182080e-18  4.41257516e-01  0.00000000e+00 
 4.42257516e-01 -5.58017163e-19  4.42257516e-01  0.00000000e+00 
 4.43257516e-01 -1.35276888e-19  4.43257516e-01  0.00000000e+00 
 4.44257516e-01 -3.27943971e-20  4.44257516e-01  0.00000000e+00 
 4.45257516e-01 -7.95015687e-21  4.45257516e-01  0.00000000e+00 
 4.46257516e-01 -1.92731076e-21  4.46257516e-01  0.00000000e+00 
 4.47257516e-01 -4.67226850e-22  4.47257516e-01  0.00000000e+00 
 4.48257516e-01 -1.13267115e-22  4.48257516e-01  0.00000000e+00 
 4.49257516e-01 -2.74586946e-23  4.49257516e-01  0.00000000e+00 
 4.50257516e-01 -6.65665323e-24  4.50257516e-01  0.00000000e+00 
 4.51257516e-01 -1.61373412e-24  4.51257516e-01  0.00000000e+00 
 4.52257516e-01 -3.91208271e-25  4.52257516e-01  0.00000000e+00 
 4.53257516e-01 -9.48383687e-26  4.53257516e-01  0.00000000e+00 
 4.54257516e-01 -2.29911197e-26  4.54257516e-01  0.00000000e+00 
 4.55257516e-01 -5.57360477e-27  4.55257516e-01  0.00000000e+00 
 4.56257516e-01 -1.35117691e-27  4.56257516e-01  0.00000000e+00 
 4.57257516e-01 -3.27558040e-28  4.57257516e-01  0.00000000e+00 
 4.58257516e-01 -7.94080097e-29  4.58257516e-01  0.00000000e+00 
 4.59257516e-01 -1.92504266e-29  4.59257516e-01  0.00000000e+00 
 4.60257516e-01 -4.66677008e-30  4.60257516e-01  0.00000000e+00 
 4.61257516e-01 -1.13133820e-30  4.61257516e-01  0.00000000e+00 
 4.62257516e-01 -2.74263806e-31  4.62257516e-01  0.00000000e+00 
 4.63257516e-01 -6.64881955e-32  4.63257516e-01  0.00000000e+00 
 4.64257516e-01 -1.61183504e-32  4.64257516e-01  0.00000000e+00 
 4.65257516e-01 -3.90747889e-33  4.65257516e-01  0.00000000e+00 
 4.66257516e-01 -9.47267610e-34  4.66257516e-01  0.00000000e+00 
 4.67257516e-01 -2.29640633e-34  4.67257516e-01  0.00000000e+00 
 4.68257516e-01 -5.56704564e-35  4.68257516e-01  0.00000000e+00 
 4.69257516e-01 -1.34958682e-35  4.69257516e-01  0.00000000e+00 
 4.70257516e-01 -3.27172563e-36  4.70257516e-01  0.00000000e+00 
 4.71257516e-01 -7.93145607e-37  4.71257516e-01  0.00000000e+00 
 4.72257516e-01 -1.92277723e-37  4.72257516e-01  0.00000000e+00 
 4.73257516e-01 -4.66127813e-38  4.73257516e-01  0.00000000e+00 
 4.74257516e-01 -1.13000682e-38  4.74257516e-01  0.00000000e+00 
 4.75257516e-01 -2.73941047e-39  4.75257516e-01  0.00000000e+00 
 4.76257516e-01 -6.64099508e-40  4.76257516e-01  0.00000000e+00 
 4.77257516e-01 -1.60993820e-40  4.77257516e-01  0.00000000e+00 
 4.78257516e-01 -3.90288049e-41  4.78257516e-01  0.00000000e+00 
 4.79257516e-01 -9.46152846e-42  4.79257516e-01  0.00000000e+00 
 4.80257516e-01 -2.29370387e-42  4.80257516e-01  0.00000000e+00 
 4.81257516e-01 -5.56049423e-43  4.81257516e-01  0.00000000e+00 
 4.82257516e-01 -1.34799860e-43  4.82257516e-01  0.00000000e+00 
 4.83257516e-01 -3.26787540e-44  4.83257516e-01  0.00000000e+00 
 4.84257516e-01 -7.92212217e-45  4.84257516e-01  0.00000000e+00 
 4.85257516e-01 -1.92051447e-45  4.85257516e-01  0.00000000e+00 
 4.86257516e-01 -4.65579264e-46  4.86257516e-01  0.00000000e+00 
 4.87257516e-01 -1.12867700e-46  4.87257516e-01  0.00000000e+00 
 4.88257516e-01 -2.73618668e-47  4.88257516e-01  0.00000000e+00 
 4.89257516e-01 -6.63317983e-48  4.89257516e-01  0.00000000e+00 
 4.90257516e-01 -1.60804359e-48  4.90257516e-01  0.00000000e+00 
 4.91257516e-01 -3.89828750e-49  4.91257516e-01  0.00000000e+00 
 4.92257516e-01 -9.45039394e-50  4.92257516e-01  0.00000000e+00 
 4.93257516e-01 -2.29100459e-50  4.93257516e-01  0.00000000e+00 
 4.94257516e-01 -5.55395053e-51  4.94257516e-01  0.00000000e+00 
 4.95257516e-01 -1.34641225e-51  4.95257516e-01  0.00000000e+00 
 4.96257516e-01 -3.26402969e-52  4.96257516e-01  0.00000000e+00 
 4.97257516e-01 -7.91279926e-53  4.97257516e-01  0.00000000e+00 
 4.98257516e-01 -1.91825437e-53  4.98257516e-01  0.00000000e+00 
 4.99257516e-01 -4.65031361e-54  4.99257516e-01  0.00000000e+00 
 5.00257516e-01 -1.12734875e-54  5.00257516e-01  0.00000000e+00 
 5.01257516e-01 -2.73296668e-55  5.01257516e-01  0.00000000e+00 
 5.02257516e-01 -6.62537377e-56  5.02257516e-01  0.00000000e+00 
 5.03257516e-01 -1.60615122e-56  5.03257516e-01  0.00000000e+00 
 5.04257516e-01 -3.89369992e-57  5.04257516e-01  0.00000000e+00 
 5.05257516e-01 -9.43927253e-58  5.05257516e-01  0.00000000e+00 
 5.06257516e-01 -2.28830849e-58  5.06257516e-01  0.00000000e+00 
 5.07257516e-01 -5.54741452e-59  5.07257516e-01  0.00000000e+00 
 5.08257516e-01 -1.34482776e-59  5.08257516e-01  0.00000000e+00 
 5.09257516e-01 -3.26018852e-60  5.09257516e-01  0.00000000e+00 
 5.10257516e-01 -7.90348732e-61  5.10257516e-01  0.00000000e+00 
 5.11257516e-01 -1.91599692e-61  5.11257516e-01  0.00000000e+00 
 5.12257516e-01 -4.64484103e-62  5.12257516e-01  0.00000000e+00 
 5.13257516e-01 -1.12602207e-62  5.13257516e-01  0.00000000e+00 
 5.14257516e-01 -2.72975047e-63  5.14257516e-01  0.00000000e+00 
 5.15257516e-01 -6.61757689e-64  5.15257516e-01  0.00000000e+00 
 5.16257516e-01 -1.60426106e-64  5.16257516e-01  0.00000000e+00 
 5.17257516e-01 -3.88911773e-65  5.17257516e-01  0.00000000e+00 
 5.18257516e-01 -9.42816420e-66  5.18257516e-01  0.00000000e+00 
 5.19257516e-01 -2.28561556e-66  5.19257516e-01  0.00000000e+00 
 5.20257516e-01 -5.54088621e-67  5.20257516e-01  0.00000000e+00 
 5.21257516e-01 -1.34324514e-67  5.21257516e-01  0.00000000e+00 
 5.22257516e-01 -3.25635186e-68  5.22257516e-01  0.00000000e+00 
 5.23257516e-01 -7.89418633e-69  5.23257516e-01  0.00000000e+00 
 5.24257516e-01 -1.91374214e-69  5.24257516e-01  0.00000000e+00 
 5.25257516e-01 -4.63937489e-70  5.25257516e-01  0.00000000e+00 
 5.26257516e-01 -1.12469694e-70  5.26257516e-01  0.00000000e+00 
 5.27257516e-01 -2.72653804e-71  5.27257516e-01  0.00000000e+00 
 5.28257516e-01 -6.60978919e-72  5.28257516e-01  0.00000000e+00 
 5.29257516e-01 -1.60237314e-72  5.29257516e-01  0.00000000e+00 
 5.30257516e-01 -3.88454094e-73  5.30257516e-01  0.00000000e+00 
 5.31257516e-01 -9.41706894e-74  5.31257516e-01  0.00000000e+00 
 5.32257516e-01 -2.28292580e-74  5.32257516e-01  0.00000000e+00 
 5.33257516e-01 -5.53436559e-75  5.33257516e-01  0.00000000e+00 
 5.34257516e-01 -1.34166438e-75  5.34257516e-01  0.00000000e+00 
 5.35257516e-01 -3.25251972e-76  5.35257516e-01  0.00000000e+00 
 5.36257516e-01 -7.88489629e-77  5.36257516e-01  0.00000000e+00 
 5.37257516e-01 -1.91149001e-77  5.37257516e-01  0.00000000e+00 
 5.38257516e-01 -4.63391518e-78  5.38257516e-01  0.00000000e+00 
 5.39257516e-01 -1.12337338e-78  5.39257516e-01  0.00000000e+00 
 5.40257516e-01 -2.72332940e-79  5.40257516e-01  0.00000000e+00 
 5.41257516e-01 -6.60201066e-80  5.41257516e-01  0.00000000e+00 
 5.42257516e-01 -1.60048743e-80  5.42257516e-01  0.00000000e+00 
 5.43257516e-01 -3.87996953e-81  5.43257516e-01  0.00000000e+00 
 5.44257516e-01 -9.40598675e-82  5.44257516e-01  0.00000000e+00 
 5.45257516e-01 -2.28023921e-82  5.45257516e-01  0.00000000e+00 
 5.46257516e-01 -5.52785263e-83  5.46257516e-01  0.00000000e+00 
 5.47257516e-01 -1.34008549e-83  5.47257516e-01  0.00000000e+00 
 5.48257516e-01 -3.24869209e-84  5.48257516e-01  0.00000000e+00 
 5.49257516e-01 -7.87561719e-85  5.49257516e-01  0.00000000e+00 
 5.50257516e-01 -1.90924053e-85  5.50257516e-01  0.00000000e+00 
 5.51257516e-01 -4.62846189e-86  5.51257516e-01  0.00000000e+00 
 5.52257516e-01 -1.12205137e-86  5.52257516e-01  0.00000000e+00 
 5.53257516e-01 -2.72012453e-87  5.53257516e-01  0.00000000e+00 
 5.54257516e-01 -6.59424128e-88  5.54257516e-01  0.00000000e+00 
 5.55257516e-01 -1.59860395e-88  5.55257516e-01  0.00000000e+00 
 5.56257516e-01 -3.87540351e-89  5.56257516e-01  0.00000000e+00 
 5.57257516e-01 -9.39491759e-90  5.57257516e-01  0.00000000e+00 
 5.58257516e-01 -2.27755578e-90  5.58257516e-01  0.00000000e+00 
 5.59257516e-01 -5.52134734e-91  5.59257516e-01  0.00000000e+00 
 5.60257516e-01 -1.33850845e-91  5.60257516e-01  0.00000000e+00 
 5.61257516e-01 -3.24486896e-92  5.61257516e-01  0.00000000e+00 
 5.62257516e-01 -7.86634900e-93  5.62257516e-01  0.00000000e+00 
 5.63257516e-01 -1.90699370e-93  5.63257516e-01  0.00000000e+00 
 5.64257516e-01 -4.62301502e-94  5.64257516e-01  0.00000000e+00 
 5.65257516e-01 -1.12073091e-94  5.65257516e-01  0.00000000e+00 
 5.66257516e-01 -2.71692343e-95  5.66257516e-01  0.00000000e+00 
 5.67257516e-01 -6.58648104e-96  5.67257516e-01  0.00000000e+00 
 5.68257516e-01 -1.59672268e-96  5.68257516e-01  0.00000000e+00 
 5.69257516e-01 -3.87084285e-97  5.69257516e-01  0.00000000e+00 
 5.70257516e-01 -9.38386146e-98  5.70257516e-01  0.00000000e+00 
 5.71257516e-01 -2.27487551e-98  5.71257516e-01  0.00000000e+00 
 5.72257516e-01 -5.51484971e-99  5.72257516e-01  0.00000000e+00 
 5.73257516e-01 -1.33693326e-99  5.73257516e-01  0.00000000e+00 
 5.74257516e-01 -3.24105034e-100  5.74257516e-01  0.00000000e+00 
 5.75257516e-01 -7.85709172e-101  5.75257516e-01  0.00000000e+00 
 5.76257516e-01 -1.90474951e-101  5.76257516e-01  0.00000000e+00 
 5.77257516e-01 -4.61757457e-102  5.77257516e-01  0.00000000e+00 
 5.78257516e-01 -1.11941202e-102  5.78257516e-01  0.00000000e+00 
 5.79257516e-01 -2.71372610e-103  5.79257516e-01  0.00000000e+00 
 5.80257516e-01 -6.57872994e-104  5.80257516e-01  0.00000000e+00 
 5.81257516e-01 -1.59484362e-104  5.81257516e-01  0.00000000e+00 
 5.82257516e-01 -3.86628757e-105  5.82257516e-01  0.00000000e+00 
 5.83257516e-01 -9.37281834e-106  5.83257516e-01  0.00000000e+00 
 5.84257516e-01 -2.27219839e-106  5.84257516e-01  0.00000000e+00 
 5.85257516e-01 -5.50835972e-107  5.85257516e-01  0.00000000e+00 
 5.86257516e-01 -1.33535993e-107  5.86257516e-01  0.00000000e+00 
 5.87257516e-01 -3.23723620e-108  5.87257516e-01  0.00000000e+00 
 5.88257516e-01 -7.84784534e-109  5.88257516e-01  0.00000000e+00 
 5.89257516e-01 -1.90250796e-109  5.89257516e-01  0.00000000e+00 
 5.90257516e-01 -4.61214051e-110  5.90257516e-01  0.00000000e+00 
 5.91257516e-01 -1.11809467e-110  5.91257516e-01  0.00000000e+00 
 5.92257516e-01 -2.71053253e-111  5.92257516e-01  0.00000000e+00 
 5.93257516e-01 -6.57098795e-112  5.93257516e-01  0.00000000e+00 
 5.94257516e-01 -1.59296678e-112  5.94257516e-01  0.00000000e+00 
 5.95257516e-01 -3.86173764e-113  5.95257516e-01  0.00000000e+00 
 5.96257516e-01 -9.36178822e-114  5.96257516e-01  0.00000000e+00 
 5.97257516e-01 -2.26952442e-114  5.97257516e-01  0.00000000e+00 
 5.98257516e-01 -5.50187737e-115  5.98257516e-01  0.00000000e+00 
 5.99257516e-01 -1.33378845e-115  5.99257516e-01  0.00000000e+00 
 6.00257516e-01 -3.23342656e-116  6.00257516e-01  0.00000000e+00 
 6.01257516e-01 -7.83860983e-117  6.01257516e-01  0.00000000e+00 
 6.02257516e-01 -1.90026905e-117  6.02257516e-01  0.00000000e+00 
 6.03257516e-01 -4.60671285e-118  6.03257516e-01  0.00000000e+00 
 6.04257516e-01 -1.11677887e-118  6.04257516e-01  0.00000000e+00 
 6.05257516e-01 -2.70734272e-119  6.05257516e-01  0.00000000e+00 
 6.06257516e-01 -6.56325508e-120  6.06257516e-01  0.00000000e+00 
 6.07257516e-01 -1.59109214e-120  6.07257516e-01  0.00000000e+00 
 6.08257516e-01 -3.85719307e-121  6.08257516e-01  0.00000000e+00 
 6.09257516e-01 -9.35077108e-122  6.09257516e-01  0.00000000e+00 
 6.10257516e-01 -2.26685359e-122  6.10257516e-01  0.00000000e+00 
 6.11257516e-01 -5.49540265e-123  6.11257516e-01  0.00000000e+00 
 6.12257516e-01 -1.33221883e-123  6.12257516e-01  0.00000000e+00 
 6.13257516e-01 -3.22962139e-124  6.13257516e-01  0.00000000e+00 
 6.14257516e-01 -7.82938520e-125  6.14257516e-01  0.00000000e+00 
 6.15257516e-01 -1.89803278e-125  6.15257516e-01  0.00000000e+00 
 6.16257516e-01 -4.60129158e-126  6.16257516e-01  0.00000000e+00 
 6.17257516e-01 -1.11546462e-126  6.17257516e-01  0.00000000e+00 
 6.18257516e-01 -2.70415667e-127  6.18257516e-01  0.00000000e+00 
 6.19257516e-01 -6.55553131e-128  6.19257516e-01  0.00000000e+00 
 6.20257516e-01 -1.58921971e-128  6.20257516e-01  0.00000000e+00 
 6.21257516e-01 -3.85265385e-129  6.21257516e-01  0.00000000e+00 
 6.22257516e-01 -9.33976690e-130  6.22257516e-01  0.00000000e+00 
 6.23257516e-01 -2.26418592e-130  6.23257516e-01  0.00000000e+00 
 6.24257516e-01 -5.48893555e-131  6.24257516e-01  0.00000000e+00 
 6.25257516e-01 -1.33065104e-131  6.25257516e-01  0.00000000e+00 
 6.26257516e-01 -3.22582071e-132  6.26257516e-01  0.00000000e+00 
 6.27257516e-01 -7.82017142e-133  6.27257516e-01  0.00000000e+00 
 6.28257516e-01 -1.89579913e-133  6.28257516e-01  0.00000000e+00 
 6.29257516e-01 -4.59587668e-134  6.29257516e-01  0.00000000e+00 
 6.30257516e-01 -1.11415192e-134  6.30257516e-01  0.00000000e+00 
 6.31257516e-01 -2.70097436e-135  6.31257516e-01  0.00000000e+00 
 6.32257516e-01 -6.54781663e-136  6.32257516e-01  0.00000000e+00 
 6.33257516e-01 -1.58734949e-136  6.33257516e-01  0.00000000e+00 
 6.34257516e-01 -3.84811997e-137  6.34257516e-01  0.00000000e+00 
 6.35257516e-01 -9.32877567e-138  6.35257516e-01  0.00000000e+00 
 6.36257516e-01 -2.26152138e-138  6.36257516e-01  0.00000000e+00 
 6.37257516e-01 -5.48247606e-139  6.37257516e-01  0.00000000e+00 
 6.38257516e-01 -1.32908511e-139  6.38257516e-01  0.00000000e+00 
 6.39257516e-01 -3.22202450e-140  6.39257516e-01  0.00000000e+00 
 6.40257516e-01 -7.81096848e-141  6.40257516e-01  0.00000000e+00 
 6.41257516e-01 -1.89356812e-141  6.41257516e-01  0.00000000e+00 
 6.42257516e-01 -4.59046816e-142  6.42257516e-01  0.00000000e+00 
 6.43257516e-01 -1.11284077e-142  6.43257516e-01  0.00000000e+00 
 6.44257516e-01 -2.69779580e-143  6.44257516e-01  0.00000000e+00 
 6.45257516e-01 -6.54011103e-144  6.45257516e-01  0.00000000e+00 
 6.46257516e-01 -1.58548146e-144  6.46257516e-01  0.00000000e+00 
 6.47257516e-01 -3.84359142e-145  6.47257516e-01  0.00000000e+00 
 6.48257516e-01 -9.31779738e-146  6.48257516e-01  0.00000000e+00 
 6.49257516e-01 -2.25885997e-146  6.49257516e-01  0.00000000e+00 
 6.50257516e-01 -5.47602417e-147  6.50257516e-01  0.00000000e+00 
 6.51257516e-01 -1.32752101e-147  6.51257516e-01  0.00000000e+00 
 6.52257516e-01 -3.21823276e-148  6.52257516e-01  0.00000000e+00 
 6.53257516e-01 -7.80177638e-149  6.53257516e-01  0.00000000e+00 
 6.54257516e-01 -1.89133973e-149  6.54257516e-01  0.00000000e+00 
 6.55257516e-01 -4.58506601e-150  6.55257516e-01  0.00000000e+00 
 6.56257516e-01 -1.11153115e-150  6.56257516e-01  0.00000000e+00 
 6.57257516e-01 -2.69462098e-151  6.57257516e-01  0.00000000e+00 
 6.58257516e-01 -6.53241449e-152  6.58257516e-01  0.00000000e+00 
 6.59257516e-01 -1.58361563e-152  6.59257516e-01  0.00000000e+00 
 6.60257516e-01 -3.83906820e-153  6.60257516e-01  0.00000000e+00 
 6.61257516e-01 -9.30683201e-154  6.61257516e-01  0.00000000e+00 
 6.62257516e-01 -2.25620170e-154  6.62257516e-01  0.00000000e+00 
 6.63257516e-01 -5.46957988e-155  6.63257516e-01  0.00000000e+00 
 6.64257516e-01 -1.32595876e-155  6.64257516e-01  0.00000000e+00 
 6.65257516e-01 -3.21444547e-156  6.65257516e-01  0.00000000e+00 
 6.66257516e-01 -7.79259509e-157  6.66257516e-01  0.00000000e+00 
 6.67257516e-01 -1.88911396e-157  6.67257516e-01  0.00000000e+00 
 6.68257516e-01 -4.57967021e-158  6.68257516e-01  0.00000000e+00 
 6.69257516e-01 -1.11022308e-158  6.69257516e-01  0.00000000e+00 
 6.70257516e-01 -2.69144989e-159  6.70257516e-01  0.00000000e+00 
 6.71257516e-01 -6.52472701e-160  6.71257516e-01  0.00000000e+00 
 6.72257516e-01 -1.58175200e-160  6.72257516e-01  0.00000000e+00 
 6.73257516e-01 -3.83455031e-161  6.73257516e-01  0.00000000e+00 
 6.74257516e-01 -9.29587954e-162  6.74257516e-01  0.00000000e+00 
 6.75257516e-01 -2.25354656e-162  6.75257516e-01  0.00000000e+00 
 6.76257516e-01 -5.46314316e-163  6.76257516e-01  0.00000000e+00 
 6.77257516e-01 -1.32439834e-163  6.77257516e-01  0.00000000e+00 
 6.78257516e-01 -3.21066265e-164  6.78257516e-01  0.00000000e+00 
 6.79257516e-01 -7.78342460e-165  6.79257516e-01  0.00000000e+00 
 6.80257516e-01 -1.88689081e-165  6.80257516e-01  0.00000000e+00 
 6.81257516e-01 -4.57428076e-166  6.81257516e-01  0.00000000e+00 
 6.82257516e-01 -1.10891655e-166  6.82257516e-01  0.00000000e+00 
 6.83257516e-01 -2.68828254e-167  6.83257516e-01  0.00000000e+00 
 6.84257516e-01 -6.51704858e-168  6.84257516e-01  0.00000000e+00 
 6.85257516e-01 -1.57989057e-168  6.85257516e-01  0.00000000e+00 
 6.86257516e-01 -3.83003773e-169  6.86257516e-01  0.00000000e+00 
 6.87257516e-01 -9.28493996e-170  6.87257516e-01  0.00000000e+00 
 6.88257516e-01 -2.25089454e-170  6.88257516e-01  0.00000000e+00 
 6.89257516e-01 -5.45671403e-171  6.89257516e-01  0.00000000e+00 
 6.90257516e-01 -1.32283976e-171  6.90257516e-01  0.00000000e+00 
 6.91257516e-01 -3.20688428e-172  6.91257516e-01  0.00000000e+00 
 6.92257516e-01 -7.77426491e-173  6.92257516e-01  0.00000000e+00 
 6.93257516e-01 -1.88467028e-173  6.93257516e-01  0.00000000e+00 
 6.94257516e-01 -4.56889765e-174  6.94257516e-01  0.00000000e+00 
 6.95257516e-01 -1.10761155e-174  6.95257516e-01  0.00000000e+00 
 6.96257516e-01 -2.68511891e-175  6.96257516e-01  0.00000000e+00 
 6.97257516e-01 -6.50937919e-176  6.97257516e-01  0.00000000e+00 
 6.98257516e-01 -1.57803132e-176  6.98257516e-01  0.00000000e+00 
 6.99257516e-01 -3.82553047e-177  6.99257516e-01  0.00000000e+00 
 7.00257516e-01 -9.27401326e-178  7.00257516e-01  0.00000000e+00 
 7.01257516e-01 -2.24824564e-178  7.01257516e-01  0.00000000e+00 
 7.02257516e-01 -5.45029245e-179  7.02257516e-01  0.00000000e+00 
 7.03257516e-01 -1.32128302e-179  7.03257516e-01  0.00000000e+00 
 7.04257516e-01 -3.20311035e-180  7.04257516e-01  0.00000000e+00 
 7.05257516e-01 -7.76511600e-181  7.05257516e-01  0.00000000e+00 
 7.06257516e-01 -1.88245236e-181  7.06257516e-01  0.00000000e+00 
 7.07257516e-01 -4.56352088e-182  7.07257516e-01  0.00000000e+00 
 7.08257516e-01 -1.10630809e-182  7.08257516e-01  0.00000000e+00 
 7.09257516e-01 -2.68195901e-183  7.09257516e-01  0.00000000e+00 
 7.10257516e-01 -6.50171882e-184  7.10257516e-01  0.00000000e+00 
 7.11257516e-01 -1.57617426e-184  7.11257516e-01  0.00000000e+00 
 7.12257516e-01 -3.82102851e-185  7.12257516e-01  0.00000000e+00 
 7.13257516e-01 -9.26309941e-186  7.13257516e-01  0.00000000e+00 
 7.14257516e-01 -2.24559986e-186  7.14257516e-01  0.00000000e+00 
 7.15257516e-01 -5.44387844e-187  7.15257516e-01  0.00000000e+00 
 7.16257516e-01 -1.31972811e-187  7.16257516e-01  0.00000000e+00 
 7.17257516e-01 -3.19934086e-188  7.17257516e-01  0.00000000e+00 
 7.18257516e-01 -7.75597785e-189  7.18257516e-01  0.00000000e+00 
 7.19257516e-01 -1.88023706e-189  7.19257516e-01  0.00000000e+00 
 7.20257516e-01 -4.55815044e-190  7.20257516e-01  0.00000000e+00 
 7.21257516e-01 -1.10500617e-190  7.21257516e-01  0.00000000e+00 
 7.22257516e-01 -2.67880283e-191  7.22257516e-01  0.00000000e+00 
 7.23257516e-01 -6.49406746e-192  7.23257516e-01  0.00000000e+00 
 7.24257516e-01 -1.57431938e-192  7.24257516e-01  0.00000000e+00 
 7.25257516e-01 -3.81653184e-193  7.25257516e-01  0.00000000e+00 
 7.26257516e-01 -9.25219841e-194  7.26257516e-01  0.00000000e+00 
 7.27257516e-01 -2.24295719e-194  7.27257516e-01  0.00000000e+00 
 7.28257516e-01 -5.43747197e-195  7.28257516e-01  0.00000000e+00 
 7.29257516e-01 -1.31817502e-195  7.29257516e-01  0.00000000e+00 
 7.30257516e-01 -3.19557582e-196  7.30257516e-01  0.00000000e+00 
 7.31257516e-01 -7.74685046e-197  7.31257516e-01  0.00000000e+00 
 7.32257516e-01 -1.87802435e-197  7.32257516e-01  0.00000000e+00 
 7.33257516e-01 -4.55278631e-198  7.33257516e-01  0.00000000e+00 
 7.34257516e-01 -1.10370577e-198  7.34257516e-01  0.00000000e+00 
 7.35257516e-01 -2.67565036e-199  7.35257516e-01  0.00000000e+00 
 7.36257516e-01 -6.48642511e-200  7.36257516e-01  0.00000000e+00 
 7.37257516e-01 -1.57246669e-200  7.37257516e-01  0.00000000e+00 
 7.38257516e-01 -3.81204047e-201  7.38257516e-01  0.00000000e+00 
 7.39257516e-01 -9.24131023e-202  7.39257516e-01  0.00000000e+00 
 7.40257516e-01 -2.24031763e-202  7.40257516e-01  0.00000000e+00 
 7.41257516e-01 -5.43107305e-203  7.41257516e-01  0.00000000e+00 
 7.42257516e-01 -1.31662377e-203  7.42257516e-01  0.00000000e+00 
 7.43257516e-01 -3.19181520e-204  7.43257516e-01  0.00000000e+00 
 7.44257516e-01 -7.73773381e-205  7.44257516e-01  0.00000000e+00 
 7.45257516e-01 -1.87581426e-205  7.45257516e-01  0.00000000e+00 
 7.46257516e-01 -4.54742850e-206  7.46257516e-01  0.00000000e+00 
 7.47257516e-01 -1.10240691e-206  7.47257516e-01  0.00000000e+00 
 7.48257516e-01 -2.67250160e-207  7.48257516e-01  0.00000000e+00 
 7.49257516e-01 -6.47879176e-208  7.49257516e-01  0.00000000e+00 
 7.50257516e-01 -1.57061618e-208  7.50257516e-01  0.00000000e+00 
 7.51257516e-01 -3.80755438e-209  7.51257516e-01  0.00000000e+00 
 7.52257516e-01 -9.23043487e-210  7.52257516e-01  0.00000000e+00 
 7.53257516e-01 -2.23768118e-210  7.53257516e-01  0.00000000e+00 
 7.54257516e-01 -5.42468165e-211  7.54257516e-01  0.00000000e+00 
 7.55257516e-01 -1.31507434e-211  7.55257516e-01  0.00000000e+00 
 7.56257516e-01 -3.18805900e-212  7.56257516e-01  0.00000000e+00 
 7.57257516e-01 -7.72862789e-213  7.57257516e-01  0.00000000e+00 
 7.58257516e-01 -1.87360676e-213  7.58257516e-01  0.00000000e+00 
 7.59257516e-01 -4.54207700e-214  7.59257516e-01  0.00000000e+00 
 7.60257516e-01 -1.10110957e-214  7.60257516e-01  0.00000000e+00 
 7.61257516e-01 -2.66935655e-215  7.61257516e-01  0.00000000e+00 
 7.62257516e-01 -6.47116738e-216  7.62257516e-01  0.00000000e+00 
 7.63257516e-01 -1.56876785e-216  7.63257516e-01  0.00000000e+00 
 7.64257516e-01 -3.80307358e-217  7.64257516e-01  0.00000000e+00 
 7.65257516e-01 -9.21957231e-218  7.65257516e-01  0.00000000e+00 
 7.66257516e-01 -2.23504783e-218  7.66257516e-01  0.00000000e+00 
 7.67257516e-01 -5.41829777e-219  7.67257516e-01  0.00000000e+00 
 7.68257516e-01 -1.31352673e-219  7.68257516e-01  0.00000000e+00 
 7.69257516e-01 -3.18430723e-220  7.69257516e-01  0.00000000e+00 
 7.70257516e-01 -7.71953268e-221  7.70257516e-01  0.00000000e+00 
 7.71257516e-01 -1.87140186e-221  7.71257516e-01  0.00000000e+00 
 7.72257516e-01 -4.53673179e-222  7.72257516e-01  0.00000000e+00 
 7.73257516e-01 -1.09981377e-222  7.73257516e-01  0.00000000e+00 
 7.74257516e-01 -2.66621519e-223  7.74257516e-01  0.00000000e+00 
 7.75257516e-01 -6.46355198e-224  7.75257516e-01  0.00000000e+00 
 7.76257516e-01 -1.56692169e-224  7.76257516e-01  0.00000000e+00 
 7.77257516e-01 -3.79859804e-225  7.77257516e-01  0.00000000e+00 
 7.78257516e-01 -9.20872253e-226  7.78257516e-01  0.00000000e+00 
 7.79257516e-01 -2.23241758e-226  7.79257516e-01  0.00000000e+00 
 7.80257516e-01 -5.41192141e-227  7.80257516e-01  0.00000000e+00 
 7.81257516e-01 -1.31198095e-227  7.81257516e-01  0.00000000e+00 
 7.82257516e-01 -3.18055987e-228  7.82257516e-01  0.00000000e+00 
 7.83257516e-01 -7.71044818e-229  7.83257516e-01  0.00000000e+00 
 7.84257516e-01 -1.86919956e-229  7.84257516e-01  0.00000000e+00 
 7.85257516e-01 -4.53139287e-230  7.85257516e-01  0.00000000e+00 
 7.86257516e-01 -1.09851948e-230  7.86257516e-01  0.00000000e+00 
 7.87257516e-01 -2.66307754e-231  7.87257516e-01  0.00000000e+00 
 7.88257516e-01 -6.45594554e-232  7.88257516e-01  0.00000000e+00 
 7.89257516e-01 -1.56507771e-232  7.89257516e-01  0.00000000e+00 
 7.90257516e-01 -3.79412778e-233  7.90257516e-01  0.00000000e+00 
 7.91257516e-01 -9.19788552e-234  7.91257516e-01  0.00000000e+00 
 7.92257516e-01 -2.22979043e-234  7.92257516e-01  0.00000000e+00 
 7.93257516e-01 -5.40555255e-235  7.93257516e-01  0.00000000e+00 
 7.94257516e-01 -1.31043698e-235  7.94257516e-01  0.00000000e+00 
 7.95257516e-01 -3.17681693e-236  7.95257516e-01  0.00000000e+00 
 7.96257516e-01 -7.70137437e-237  7.96257516e-01  0.00000000e+00 
 7.97257516e-01 -1.86699985e-237  7.97257516e-01  0.00000000e+00 
 7.98257516e-01 -4.52606024e-238  7.98257516e-01  0.00000000e+00 
 7.99257516e-01 -1.09722672e-238  7.99257516e-01  0.00000000e+00 
 8.00257516e-01 -2.65994357e-239  8.00257516e-01  0.00000000e+00 
 8.01257516e-01 -6.44834805e-240  8.01257516e-01  0.00000000e+00 
 8.02257516e-01 -1.56323589e-240  8.02257516e-01  0.00000000e+00 
 8.03257516e-01 -3.78966277e-241  8.03257516e-01  0.00000000e+00 
 8.04257516e-01 -9.18706126e-242  8.04257516e-01  0.00000000e+00 
 8.05257516e-01 -2.22716637e-242  8.05257516e-01  0.00000000e+00 
 8.06257516e-01 -5.39919119e-243  8.06257516e-01  0.00000000e+00 
 8.07257516e-01 -1.30889483e-243  8.07257516e-01  0.00000000e+00 
 8.08257516e-01 -3.17307838e-244  8.08257516e-01  0.00000000e+00 
 8.09257516e-01 -7.69231124e-245  8.09257516e-01  0.00000000e+00 
 8.10257516e-01 -1.86480272e-245  8.10257516e-01  0.00000000e+00 
 8.11257516e-01 -4.52073388e-246  8.11257516e-01  0.00000000e+00 
 8.12257516e-01 -1.09593548e-246  8.12257516e-01  0.00000000e+00 
 8.13257516e-01 -2.65681330e-247  8.13257516e-01  0.00000000e+00 
 8.14257516e-01 -6.44075951e-248  8.14257516e-01  0.00000000e+00 
 8.15257516e-01 -1.56139624e-248  8.15257516e-01  0.00000000e+00 
 8.16257516e-01 -3.78520302e-249  8.16257516e-01  0.00000000e+00 
 8.17257516e-01 -9.17624974e-250  8.17257516e-01  0.00000000e+00 
 8.18257516e-01 -2.22454539e-250  8.18257516e-01  0.00000000e+00 
 8.19257516e-01 -5.39283731e-251  8.19257516e-01  0.00000000e+00 
 8.20000000e-01 -2.03156073e-251  8.20000000e-01  0.00000000e+00 
 8.20000000e-01  4.99999980e-01  8.20000000e-01  5.00000041e-01 
 8.20000000e-01  1.49999982e+00  8.20000000e-01  1.50000012e+00 
 8.20000001e-01  3.49999877e+00  8.20000001e-01  3.50000029e+00 
 8.20000001e-01  4.99999678e+00  8.20000001e-01  4.99999986e+00 
 8.20000001e-01  4.99999662e+00  8.20000001e-01  5.00000000e+00 
 8.20000001e-01  4.99999601e+00  8.20000001e-01  5.00000000e+00 
 8.20000001e-01  4.99999480e+00  8.20000001e-01  5.00000000e+00 
 8.20000002e-01  4.99999238e+00  8.20000002e-01  5.00000000e+00 
 8.20000003e-01  4.99998753e+00  8.20000003e-01  5.00000000e+00 
 8.20000004e-01  4.99997783e+00  8.20000004e-01  5.00000000e+00 
 8.20000007e-01  4.99995844e+00  8.20000007e-01  5.00000000e+00 
 8.20000014e-01  4.99991965e+00  8.20000014e-01  5.00000000e+00 
 8.20000026e-01  4.99984208e+00  8.20000026e-01  5.00000000e+00 
 8.20000052e-01  4.99968694e+00  8.20000052e-01  5.00000000e+00 
 8.20000103e-01  4.99937668e+00  8.20000103e-01  5.00000000e+00 
 8.20000205e-01  4.99875621e+00  8.20000205e-01  5.00000000e+00 
 8.20000408e-01  4.99751551e+00  8.20000408e-01  5.00000000e+00 
 8.20000815e-01  4.99503503e+00  8.20000815e-01  5.00000000e+00 
 8.20001629e-01  4.99007776e+00  8.20001629e-01  5.00000000e+00 
 8.20003258e-01  4.98017797e+00  8.20003258e-01  5.00000000e+00 
 8.20006515e-01  4.96043726e+00  8.20006515e-01  5.00000000e+00 
 8.20013028e-01  4.92119012e+00  8.20013028e-01  5.00000000e+00 
 8.20026055e-01  4.84362374e+00  8.20026055e-01  5.00000000e+00 
 8.20052110e-01  4.69213005e+00  8.20052110e-01  5.00000000e+00 
 8.20104219e-01  4.40313856e+00  8.20104219e-01  5.00000000e+00 
 8.20208437e-01  3.87695785e+00  8.20208437e-01  5.00000000e+00 
 8.20416874e-01  3.00259851e+00  8.20416874e-01  5.00000000e+00 
 8.20833746e-01  1.78550701e+00  8.20833746e-01  5.00000000e+00 
 8.21660104e-01  5.89031600e-01  8.21660104e-01  5.00000000e+00 
 8.22532277e-01  1.80033296e-01  8.22532277e-01  5.00000000e+00 
 8.23532277e-01  4.36444354e-02  8.23532277e-01  5.00000000e+00 
 8.24532277e-01  1.05804692e-02  8.24532277e-01  5.00000000e+00 
 8.25532277e-01  2.56496223e-03  8.25532277e-01  5.00000000e+00 
 8.26532277e-01  6.21809024e-04  8.26532277e-01  5.00000000e+00 
 8.27532277e-01  1.50741582e-04  8.27532277e-01  5.00000000e+00 
 8.28532277e-01  3.65434137e-05  8.28532277e-01  5.00000000e+00 
 8.29532277e-01  8.85900939e-06  8.29532277e-01  5.00000000e+00 
 8.30532277e-01  2.14763864e-06  8.30532277e-01  5.00000000e+00 
 8.31532277e-01  5.20639671e-07  8.31532277e-01  5.00000000e+00 
 8.32532277e-01  1.26215679e-07  8.32532277e-01  5.00000000e+00 
 8.33532277e-01  3.05977403e-08  8.33532277e-01  5.00000000e+00 
 8.34532277e-01  7.41763495e-09  8.34532277e-01  5.00000000e+00 
 8.35532277e-01  1.79821491e-09  8.35532277e-01  5.00000000e+00 
 8.36532277e-01  4.35930847e-10  8.36532277e-01  5.00000000e+00 
 8.37532277e-01  1.05679909e-10  8.37532277e-01  5.00000000e+00 
 8.38532277e-01  2.56195065e-11  8.38532277e-01  5.00000000e+00 
 8.39532277e-01  6.21058760e-12  8.39532277e-01  5.00000000e+00 
 8.40532277e-01  1.50457424e-12  8.40532277e-01  5.00000000e+00 
 8.41532277e-01  3.65041330e-13  8.41532277e-01  5.00000000e+00 
 8.42532277e-01  8.92619312e-14  8.42532277e-01  5.00000000e+00 
 8.43532277e-01  2.17603713e-14  8.43532277e-01  5.00000000e+00 
 8.44532277e-01  4.44089210e-15  8.44532277e-01  5.00000000e+00 
 8.45532277e-01  8.88178420e-16  8.45532277e-01  5.00000000e+00 
 8.46532277e-01  8.88178420e-16  8.46532277e-01  5.00000000e+00 
 8.47532277e-01  8.88178420e-16  8.47532277e-01  5.00000000e+00 
 8.48532277e-01  8.88178420e-16  8.48532277e-01  5.00000000e+00 
 8.49532277e-01  8.88178420e-16  8.49532277e-01  5.00000000e+00 
 8.50532277e-01  8.88178420e-16  8.50532277e-01  5.00000000e+00 
 8.51532277e-01  8.88178420e-16  8.51532277e-01  5.00000000e+00 
 8.52532277e-01  8.88178420e-16  8.52532277e-01  5.00000000e+00 
 8.53532277e-01  8.88178420e-16  8.53532277e-01  5.00000000e+00 
 8.54532277e-01  8.88178420e-16  8.54532277e-01  5.00000000e+00 
 8.55532277e-01  8.88178420e-16  8.55532277e-01  5.00000000e+00 
 8.56532277e-01  8.88178420e-16  8.56532277e-01  5.00000000e+00 
 8.57532277e-01  8.88178420e-16  8.57532277e-01  5.00000000e+00 
 8.58532277e-01  8.88178420e-16  8.58532277e-01  5.00000000e+00 
 8.59532277e-01  8.88178420e-16  8.59532277e-01  5.00000000e+00 
 8.60532277e-01  8.88178420e-16  8.60532277e-01  5.00000000e+00 
 8.61532277e-01  8.88178420e-16  8.61532277e-01  5.00000000e+00 
 8.62532277e-01  8.88178420e-16  8.62532277e-01  5.00000000e+00 
 8.63532277e-01  8.88178420e-16  8.63532277e-01  5.00000000e+00 
 8.64532277e-01  8.88178420e-16  8.64532277e-01  5.00000000e+00 
 8.65532277e-01  8.88178420e-16  8.65532277e-01  5.00000000e+00 
 8.66532277e-01  8.88178420e-16  8.66532277e-01  5.00000000e+00 
 8.67532277e-01  8.88178420e-16  8.67532277e-01  5.00000000e+00 
 8.68532277e-01  8.88178420e-16  8.68532277e-01  5.00000000e+00 
 8.69532277e-01  8.88178420e-16  8.69532277e-01  5.00000000e+00 
 8.70532277e-01  8.88178420e-16  8.70532277e-01  5.00000000e+00 
 8.71532277e-01  8.88178420e-16  8.71532277e-01  5.00000000e+00 
 8.72532277e-01  8.88178420e-16  8.72532277e-01  5.00000000e+00 
 8.73532277e-01  8.88178420e-16  8.73532277e-01  5.00000000e+00 
 8.74532277e-01  8.88178420e-16  8.74532277e-01  5.00000000e+00 
 8.75532277e-01  8.88178420e-16  8.75532277e-01  5.00000000e+00 
 8.76532277e-01  8.88178420e-16  8.76532277e-01  5.00000000e+00 
 8.77532277e-01  8.88178420e-16  8.77532277e-01  5.00000000e+00 
 8.78532277e-01  8.88178420e-16  8.78532277e-01  5.00000000e+00 
 8.79532277e-01  8.88178420e-16  8.79532277e-01  5.00000000e+00 
 8.80532277e-01  8.88178420e-16  8.80532277e-01  5.00000000e+00 
 8.81532277e-01  8.88178420e-16  8.81532277e-01  5.00000000e+00 
 8.82532277e-01  8.88178420e-16  8.82532277e-01  5.00000000e+00 
 8.83532277e-01  8.88178420e-16  8.83532277e-01  5.00000000e+00 
 8.84532277e-01  8.88178420e-16  8.84532277e-01  5.00000000e+00 
 8.85532277e-01  8.88178420e-16  8.85532277e-01  5.00000000e+00 
 8.86532277e-01  8.88178420e-16  8.86532277e-01  5.00000000e+00 
 8.87532277e-01  8.88178420e-16  8.87532277e-01  5.00000000e+00 
 8.88532277e-01  8.88178420e-16  8.88532277e-01  5.00000000e+00 
 8.89532277e-01  8.88178420e-16  8.89532277e-01  5.00000000e+00 
 8.90532277e-01  8.88178420e-16  8.90532277e-01  5.00000000e+00 
 8.91532277e-01  8.88178420e-16  8.91532277e-01  5.00000000e+00 
 8.92532277e-01  8.88178420e-16  8.92532277e-01  5.00000000e+00 
 8.93532277e-01  8.88178420e-16  8.93532277e-01  5.00000000e+00 
 8.94532277e-01  8.88178420e-16  8.94532277e-01  5.00000000e+00 
 8.95532277e-01  8.88178420e-16  8.95532277e-01  5.00000000e+00 
 8.96532277e-01  8.88178420e-16  8.96532277e-01  5.00000000e+00 
 8.97532277e-01  8.88178420e-16  8.97532277e-01  5.00000000e+00 
 8.98532277e-01  8.88178420e-16  8.98532277e-01  5.00000000e+00 
 8.99532277e-01  8.88178420e-16  8.99532277e-01  5.00000000e+00 
 9.00532277e-01  8.88178420e-16  9.00532277e-01  5.00000000e+00 
 9.01532277e-01  8.88178420e-16  9.01532277e-01  5.00000000e+00 
 9.02532277e-01  8.88178420e-16  9.02532277e-01  5.00000000e+00 
 9.03532277e-01  8.88178420e-16  9.03532277e-01  5.00000000e+00 
 9.04532277e-01  8.88178420e-16  9.04532277e-01  5.00000000e+00 
 9.05532277e-01  8.88178420e-16  9.05532277e-01  5.00000000e+00 
 9.06532277e-01  8.88178420e-16  9.06532277e-01  5.00000000e+00 
 9.07532277e-01  8.88178420e-16  9.07532277e-01  5.00000000e+00 
 9.08532277e-01  8.88178420e-16  9.08532277e-01  5.00000000e+00 
 9.09532277e-01  8.88178420e-16  9.09532277e-01  5.00000000e+00 
 9.10532277e-01  8.88178420e-16  9.10532277e-01  5.00000000e+00 
 9.11532277e-01  8.88178420e-16  9.11532277e-01  5.00000000e+00 
 9.12532277e-01  8.88178420e-16  9.12532277e-01  5.00000000e+00 
 9.13532277e-01  8.88178420e-16  9.13532277e-01  5.00000000e+00 
 9.14532277e-01  8.88178420e-16  9.14532277e-01  5.00000000e+00 
 9.15532277e-01  8.88178420e-16  9.15532277e-01  5.00000000e+00 
 9.16532277e-01  8.88178420e-16  9.16532277e-01  5.00000000e+00 
 9.17532277e-01  8.88178420e-16  9.17532277e-01  5.00000000e+00 
 9.18532277e-01  8.88178420e-16  9.18532277e-01  5.00000000e+00 
 9.19532277e-01  8.88178420e-16  9.19532277e-01  5.00000000e+00 
 9.20532277e-01  8.88178420e-16  9.20532277e-01  5.00000000e+00 
 9.21532277e-01  8.88178420e-16  9.21532277e-01  5.00000000e+00 
 9.22532277e-01  8.88178420e-16  9.22532277e-01  5.00000000e+00 
 9.23532277e-01  8.88178420e-16  9.23532277e-01  5.00000000e+00 
 9.24532277e-01  8.88178420e-16  9.24532277e-01  5.00000000e+00 
 9.25532277e-01  8.88178420e-16  9.25532277e-01  5.00000000e+00 
 9.26532277e-01  8.88178420e-16  9.26532277e-01  5.00000000e+00 
 9.27532277e-01  8.88178420e-16  9.27532277e-01  5.00000000e+00 
 9.28532277e-01  8.88178420e-16  9.28532277e-01  5.00000000e+00 
 9.29532277e-01  8.88178420e-16  9.29532277e-01  5.00000000e+00 
 9.30532277e-01  8.88178420e-16  9.30532277e-01  5.00000000e+00 
 9.31532277e-01  8.88178420e-16  9.31532277e-01  5.00000000e+00 
 9.32532277e-01  8.88178420e-16  9.32532277e-01  5.00000000e+00 
 9.33532277e-01  8.88178420e-16  9.33532277e-01  5.00000000e+00 
 9.34532277e-01  8.88178420e-16  9.34532277e-01  5.00000000e+00 
 9.35532277e-01  8.88178420e-16  9.35532277e-01  5.00000000e+00 
 9.36532277e-01  8.88178420e-16  9.36532277e-01  5.00000000e+00 
 9.37532277e-01  8.88178420e-16  9.37532277e-01  5.00000000e+00 
 9.38532277e-01  8.88178420e-16  9.38532277e-01  5.00000000e+00 
 9.39532277e-01  8.88178420e-16  9.39532277e-01  5.00000000e+00 
 9.40532277e-01  8.88178420e-16  9.40532277e-01  5.00000000e+00 
 9.41532277e-01  8.88178420e-16  9.41532277e-01  5.00000000e+00 
 9.42532277e-01  8.88178420e-16  9.42532277e-01  5.00000000e+00 
 9.43532277e-01  8.88178420e-16  9.43532277e-01  5.00000000e+00 
 9.44532277e-01  8.88178420e-16  9.44532277e-01  5.00000000e+00 
 9.45532277e-01  8.88178420e-16  9.45532277e-01  5.00000000e+00 
 9.46532277e-01  8.88178420e-16  9.46532277e-01  5.00000000e+00 
 9.47532277e-01  8.88178420e-16  9.47532277e-01  5.00000000e+00 
 9.48532277e-01  8.88178420e-16  9.48532277e-01  5.00000000e+00 
 9.49532277e-01  8.88178420e-16  9.49532277e-01  5.00000000e+00 
 9.50532277e-01  8.88178420e-16  9.50532277e-01  5.00000000e+00 
 9.51532277e-01  8.88178420e-16  9.51532277e-01  5.00000000e+00 
 9.52532277e-01  8.88178420e-16  9.52532277e-01  5.00000000e+00 
 9.53532277e-01  8.88178420e-16  9.53532277e-01  5.00000000e+00 
 9.54532277e-01  8.88178420e-16  9.54532277e-01  5.00000000e+00 
 9.55532277e-01  8.88178420e-16  9.55532277e-01  5.00000000e+00 
 9.56532277e-01  8.88178420e-16  9.56532277e-01  5.00000000e+00 
 9.57532277e-01  8.88178420e-16  9.57532277e-01  5.00000000e+00 
 9.58532277e-01  8.88178420e-16  9.58532277e-01  5.00000000e+00 
 9.59532277e-01  8.88178420e-16  9.59532277e-01  5.00000000e+00 
 9.60532277e-01  8.88178420e-16  9.60532277e-01  5.00000000e+00 
 9.61532277e-01  8.88178420e-16  9.61532277e-01  5.00000000e+00 
 9.62532277e-01  8.88178420e-16  9.62532277e-01  5.00000000e+00 
 9.63532277e-01  8.88178420e-16  9.63532277e-01  5.00000000e+00 
 9.64532277e-01  8.88178420e-16  9.64532277e-01  5.00000000e+00 
 9.65532277e-01  8.88178420e-16  9.65532277e-01  5.00000000e+00 
 9.66532277e-01  8.88178420e-16  9.66532277e-01  5.00000000e+00 
 9.67532277e-01  8.88178420e-16  9.67532277e-01  5.00000000e+00 
 9.68532277e-01  8.88178420e-16  9.68532277e-01  5.00000000e+00 
 9.69532277e-01  8.88178420e-16  9.69532277e-01  5.00000000e+00 
 9.70532277e-01  8.88178420e-16  9.70532277e-01  5.00000000e+00 
 9.71532277e-01  8.88178420e-16  9.71532277e-01  5.00000000e+00 
 9.72532277e-01  8.88178420e-16  9.72532277e-01  5.00000000e+00 
 9.73532277e-01  8.88178420e-16  9.73532277e-01  5.00000000e+00 
 9.74532277e-01  8.88178420e-16  9.74532277e-01  5.00000000e+00 
 9.75532277e-01  8.88178420e-16  9.75532277e-01  5.00000000e+00 
 9.76532277e-01  8.88178420e-16  9.76532277e-01  5.00000000e+00 
 9.77532277e-01  8.88178420e-16  9.77532277e-01  5.00000000e+00 
 9.78532277e-01  8.88178420e-16  9.78532277e-01  5.00000000e+00 
 9.79532277e-01  8.88178420e-16  9.79532277e-01  5.00000000e+00 
 9.80532277e-01  8.88178420e-16  9.80532277e-01  5.00000000e+00 
 9.81532277e-01  8.88178420e-16  9.81532277e-01  5.00000000e+00 
 9.82532277e-01  8.88178420e-16  9.82532277e-01  5.00000000e+00 
 9.83532277e-01  8.88178420e-16  9.83532277e-01  5.00000000e+00 
 9.84532277e-01  8.88178420e-16  9.84532277e-01  5.00000000e+00 
 9.85532277e-01  8.88178420e-16  9.85532277e-01  5.00000000e+00 
 9.86532277e-01  8.88178420e-16  9.86532277e-01  5.00000000e+00 
 9.87532277e-01  8.88178420e-16  9.87532277e-01  5.00000000e+00 
 9.88532277e-01  8.88178420e-16  9.88532277e-01  5.00000000e+00 
 9.89532277e-01  8.88178420e-16  9.89532277e-01  5.00000000e+00 
 9.90532277e-01  8.88178420e-16  9.90532277e-01  5.00000000e+00 
 9.91532277e-01  8.88178420e-16  9.91532277e-01  5.00000000e+00 
 9.92532277e-01  8.88178420e-16  9.92532277e-01  5.00000000e+00 
 9.93532277e-01  8.88178420e-16  9.93532277e-01  5.00000000e+00 
 9.94532277e-01  8.88178420e-16  9.94532277e-01  5.00000000e+00 
 9.95532277e-01  8.88178420e-16  9.95532277e-01  5.00000000e+00 
 9.96532277e-01  8.88178420e-16  9.96532277e-01  5.00000000e+00 
 9.97532277e-01  8.88178420e-16  9.97532277e-01  5.00000000e+00 
 9.98532277e-01  8.88178420e-16  9.98532277e-01  5.00000000e+00 
 9.99532277e-01  8.88178420e-16  9.99532277e-01  5.00000000e+00 
 1.00053228e+00  8.88178420e-16  1.00053228e+00  5.00000000e+00 
 1.00153228e+00  8.88178420e-16  1.00153228e+00  5.00000000e+00 
 1.00253228e+00  8.88178420e-16  1.00253228e+00  5.00000000e+00 
 1.00353228e+00  8.88178420e-16  1.00353228e+00  5.00000000e+00 
 1.00453228e+00  8.88178420e-16  1.00453228e+00  5.00000000e+00 
 1.00553228e+00  8.88178420e-16  1.00553228e+00  5.00000000e+00 
 1.00653228e+00  8.88178420e-16  1.00653228e+00  5.00000000e+00 
 1.00753228e+00  8.88178420e-16  1.00753228e+00  5.00000000e+00 
 1.00853228e+00  8.88178420e-16  1.00853228e+00  5.00000000e+00 
 1.00953228e+00  8.88178420e-16  1.00953228e+00  5.00000000e+00 
 1.01053228e+00  8.88178420e-16  1.01053228e+00  5.00000000e+00 
 1.01153228e+00  8.88178420e-16  1.01153228e+00  5.00000000e+00 
 1.01253228e+00  8.88178420e-16  1.01253228e+00  5.00000000e+00 
 1.01353228e+00  8.88178420e-16  1.01353228e+00  5.00000000e+00 
 1.01453228e+00  8.88178420e-16  1.01453228e+00  5.00000000e+00 
 1.01553228e+00  8.88178420e-16  1.01553228e+00  5.00000000e+00 
 1.01653228e+00  8.88178420e-16  1.01653228e+00  5.00000000e+00 
 1.01753228e+00  8.88178420e-16  1.01753228e+00  5.00000000e+00 
 1.01853228e+00  8.88178420e-16  1.01853228e+00  5.00000000e+00 
 1.01953228e+00  8.88178420e-16  1.01953228e+00  5.00000000e+00 
 1.02053228e+00  8.88178420e-16  1.02053228e+00  5.00000000e+00 
 1.02153228e+00  8.88178420e-16  1.02153228e+00  5.00000000e+00 
 1.02253228e+00  8.88178420e-16  1.02253228e+00  5.00000000e+00 
 1.02353228e+00  8.88178420e-16  1.02353228e+00  5.00000000e+00 
 1.02453228e+00  8.88178420e-16  1.02453228e+00  5.00000000e+00 
 1.02553228e+00  8.88178420e-16  1.02553228e+00  5.00000000e+00 
 1.02653228e+00  8.88178420e-16  1.02653228e+00  5.00000000e+00 
 1.02753228e+00  8.88178420e-16  1.02753228e+00  5.00000000e+00 
 1.02853228e+00  8.88178420e-16  1.02853228e+00  5.00000000e+00 
 1.02953228e+00  8.88178420e-16  1.02953228e+00  5.00000000e+00 
 1.03053228e+00  8.88178420e-16  1.03053228e+00  5.00000000e+00 
 1.03153228e+00  8.88178420e-16  1.03153228e+00  5.00000000e+00 
 1.03253228e+00  8.88178420e-16  1.03253228e+00  5.00000000e+00 
 1.03353228e+00  8.88178420e-16  1.03353228e+00  5.00000000e+00 
 1.03453228e+00  8.88178420e-16  1.03453228e+00  5.00000000e+00 
 1.03553228e+00  8.88178420e-16  1.03553228e+00  5.00000000e+00 
 1.03653228e+00  8.88178420e-16  1.03653228e+00  5.00000000e+00 
 1.03753228e+00  8.88178420e-16  1.03753228e+00  5.00000000e+00 
 1.03853228e+00  8.88178420e-16  1.03853228e+00  5.00000000e+00 
 1.03953228e+00  8.88178420e-16  1.03953228e+00  5.00000000e+00 
 1.04053228e+00  8.88178420e-16  1.04053228e+00  5.00000000e+00 
 1.04153228e+00  8.88178420e-16  1.04153228e+00  5.00000000e+00 
 1.04253228e+00  8.88178420e-16  1.04253228e+00  5.00000000e+00 
 1.04353228e+00  8.88178420e-16  1.04353228e+00  5.00000000e+00 
 1.04453228e+00  8.88178420e-16  1.04453228e+00  5.00000000e+00 
 1.04553228e+00  8.88178420e-16  1.04553228e+00  5.00000000e+00 
 1.04653228e+00  8.88178420e-16  1.04653228e+00  5.00000000e+00 
 1.04753228e+00  8.88178420e-16  1.04753228e+00  5.00000000e+00 
 1.04853228e+00  8.88178420e-16  1.04853228e+00  5.00000000e+00 
 1.04953228e+00  8.88178420e-16  1.04953228e+00  5.00000000e+00 
 1.05053228e+00  8.88178420e-16  1.05053228e+00  5.00000000e+00 
 1.05153228e+00  8.88178420e-16  1.05153228e+00  5.00000000e+00 
 1.05253228e+00  8.88178420e-16  1.05253228e+00  5.00000000e+00 
 1.05353228e+00  8.88178420e-16  1.05353228e+00  5.00000000e+00 
 1.05453228e+00  8.88178420e-16  1.05453228e+00  5.00000000e+00 
 1.05553228e+00  8.88178420e-16  1.05553228e+00  5.00000000e+00 
 1.05653228e+00  8.88178420e-16  1.05653228e+00  5.00000000e+00 
 1.05753228e+00  8.88178420e-16  1.05753228e+00  5.00000000e+00 
 1.05853228e+00  8.88178420e-16  1.05853228e+00  5.00000000e+00 
 1.05953228e+00  8.88178420e-16  1.05953228e+00  5.00000000e+00 
 1.06053228e+00  8.88178420e-16  1.06053228e+00  5.00000000e+00 
 1.06153228e+00  8.88178420e-16  1.06153228e+00  5.00000000e+00 
 1.06253228e+00  8.88178420e-16  1.06253228e+00  5.00000000e+00 
 1.06353228e+00  8.88178420e-16  1.06353228e+00  5.00000000e+00 
 1.06453228e+00  8.88178420e-16  1.06453228e+00  5.00000000e+00 
 1.06553228e+00  8.88178420e-16  1.06553228e+00  5.00000000e+00 
 1.06653228e+00  8.88178420e-16  1.06653228e+00  5.00000000e+00 
 1.06753228e+00  8.88178420e-16  1.06753228e+00  5.00000000e+00 
 1.06853228e+00  8.88178420e-16  1.06853228e+00  5.00000000e+00 
 1.06953228e+00  8.88178420e-16  1.06953228e+00  5.00000000e+00 
 1.07053228e+00  8.88178420e-16  1.07053228e+00  5.00000000e+00 
 1.07153228e+00  8.88178420e-16  1.07153228e+00  5.00000000e+00 
 1.07253228e+00  8.88178420e-16  1.07253228e+00  5.00000000e+00 
 1.07353228e+00  8.88178420e-16  1.07353228e+00  5.00000000e+00 
 1.07453228e+00  8.88178420e-16  1.07453228e+00  5.00000000e+00 
 1.07553228e+00  8.88178420e-16  1.07553228e+00  5.00000000e+00 
 1.07653228e+00  8.88178420e-16  1.07653228e+00  5.00000000e+00 
 1.07753228e+00  8.88178420e-16  1.07753228e+00  5.00000000e+00 
 1.07853228e+00  8.88178420e-16  1.07853228e+00  5.00000000e+00 
 1.07953228e+00  8.88178420e-16  1.07953228e+00  5.00000000e+00 
 1.08053228e+00  8.88178420e-16  1.08053228e+00  5.00000000e+00 
 1.08153228e+00  8.88178420e-16  1.08153228e+00  5.00000000e+00 
 1.08253228e+00  8.88178420e-16  1.08253228e+00  5.00000000e+00 
 1.08353228e+00  8.88178420e-16  1.08353228e+00  5.00000000e+00 
 1.08453228e+00  8.88178420e-16  1.08453228e+00  5.00000000e+00 
 1.08553228e+00  8.88178420e-16  1.08553228e+00  5.00000000e+00 
 1.08653228e+00  8.88178420e-16  1.08653228e+00  5.00000000e+00 
 1.08753228e+00  8.88178420e-16  1.08753228e+00  5.00000000e+00 
 1.08853228e+00  8.88178420e-16  1.08853228e+00  5.00000000e+00 
 1.08953228e+00  8.88178420e-16  1.08953228e+00  5.00000000e+00 
 1.09053228e+00  8.88178420e-16  1.09053228e+00  5.00000000e+00 
 1.09153228e+00  8.88178420e-16  1.09153228e+00  5.00000000e+00 
 1.09253228e+00  8.88178420e-16  1.09253228e+00  5.00000000e+00 
 1.09353228e+00  8.88178420e-16  1.09353228e+00  5.00000000e+00 
 1.09453228e+00  8.88178420e-16  1.09453228e+00  5.00000000e+00 
 1.09553228e+00  8.88178420e-16  1.09553228e+00  5.00000000e+00 
 1.09653228e+00  8.88178420e-16  1.09653228e+00  5.00000000e+00 
 1.09753228e+00  8.88178420e-16  1.09753228e+00  5.00000000e+00 
 1.09853228e+00  8.88178420e-16  1.09853228e+00  5.00000000e+00 
 1.09953228e+00  8.88178420e-16  1.09953228e+00  5.00000000e+00 
 1.10053228e+00  8.88178420e-16  1.10053228e+00  5.00000000e+00 
 1.10153228e+00  8.88178420e-16  1.10153228e+00  5.00000000e+00 
 1.10253228e+00  8.88178420e-16  1.10253228e+00  5.00000000e+00 
 1.10353228e+00  8.88178420e-16  1.10353228e+00  5.00000000e+00 
 1.10453228e+00  8.88178420e-16  1.10453228e+00  5.00000000e+00 
 1.10553228e+00  8.88178420e-16  1.10553228e+00  5.00000000e+00 
 1.10653228e+00  8.88178420e-16  1.10653228e+00  5.00000000e+00 
 1.10753228e+00  8.88178420e-16  1.10753228e+00  5.00000000e+00 
 1.10853228e+00  8.88178420e-16  1.10853228e+00  5.00000000e+00 
 1.10953228e+00  8.88178420e-16  1.10953228e+00  5.00000000e+00 
 1.11053228e+00  8.88178420e-16  1.11053228e+00  5.00000000e+00 
 1.11153228e+00  8.88178420e-16  1.11153228e+00  5.00000000e+00 
 1.11253228e+00  8.88178420e-16  1.11253228e+00  5.00000000e+00 
 1.11353228e+00  8.88178420e-16  1.11353228e+00  5.00000000e+00 
 1.11453228e+00  8.88178420e-16  1.11453228e+00  5.00000000e+00 
 1.11553228e+00  8.88178420e-16  1.11553228e+00  5.00000000e+00 
 1.11653228e+00  8.88178420e-16  1.11653228e+00  5.00000000e+00 
 1.11753228e+00  8.88178420e-16  1.11753228e+00  5.00000000e+00 
 1.11853228e+00  8.88178420e-16  1.11853228e+00  5.00000000e+00 
 1.11953228e+00  8.88178420e-16  1.11953228e+00  5.00000000e+00 
 1.12053228e+00  8.88178420e-16  1.12053228e+00  5.00000000e+00 
 1.12153228e+00  8.88178420e-16  1.12153228e+00  5.00000000e+00 
 1.12253228e+00  8.88178420e-16  1.12253228e+00  5.00000000e+00 
 1.12353228e+00  8.88178420e-16  1.12353228e+00  5.00000000e+00 
 1.12453228e+00  8.88178420e-16  1.12453228e+00  5.00000000e+00 
 1.12553228e+00  8.88178420e-16  1.12553228e+00  5.00000000e+00 
 1.12653228e+00  8.88178420e-16  1.12653228e+00  5.00000000e+00 
 1.12753228e+00  8.88178420e-16  1.12753228e+00  5.00000000e+00 
 1.12853228e+00  8.88178420e-16  1.12853228e+00  5.00000000e+00 
 1.12953228e+00  8.88178420e-16  1.12953228e+00  5.00000000e+00 
 1.13053228e+00  8.88178420e-16  1.13053228e+00  5.00000000e+00 
 1.13153228e+00  8.88178420e-16  1.13153228e+00  5.00000000e+00 
 1.13253228e+00  8.88178420e-16  1.13253228e+00  5.00000000e+00 
 1.13353228e+00  8.88178420e-16  1.13353228e+00  5.00000000e+00 
 1.13453228e+00  8.88178420e-16  1.13453228e+00  5.00000000e+00 
 1.13553228e+00  8.88178420e-16  1.13553228e+00  5.00000000e+00 
 1.13653228e+00  8.88178420e-16  1.13653228e+00  5.00000000e+00 
 1.13753228e+00  8.88178420e-16  1.13753228e+00  5.00000000e+00 
 1.13853228e+00  8.88178420e-16  1.13853228e+00  5.00000000e+00 
 1.13953228e+00  8.88178420e-16  1.13953228e+00  5.00000000e+00 
 1.14053228e+00  8.88178420e-16  1.14053228e+00  5.00000000e+00 
 1.14153228e+00  8.88178420e-16  1.14153228e+00  5.00000000e+00 
 1.14253228e+00  8.88178420e-16  1.14253228e+00  5.00000000e+00 
 1.14353228e+00  8.88178420e-16  1.14353228e+00  5.00000000e+00 
 1.14453228e+00  8.88178420e-16  1.14453228e+00  5.00000000e+00 
 1.14553228e+00  8.88178420e-16  1.14553228e+00  5.00000000e+00 
 1.14653228e+00  8.88178420e-16  1.14653228e+00  5.00000000e+00 
 1.14753228e+00  8.88178420e-16  1.14753228e+00  5.00000000e+00 
 1.14853228e+00  8.88178420e-16  1.14853228e+00  5.00000000e+00 
 1.14953228e+00  8.88178420e-16  1.14953228e+00  5.00000000e+00 
 1.15053228e+00  8.88178420e-16  1.15053228e+00  5.00000000e+00 
 1.15153228e+00  8.88178420e-16  1.15153228e+00  5.00000000e+00 
 1.15253228e+00  8.88178420e-16  1.15253228e+00  5.00000000e+00 
 1.15353228e+00  8.88178420e-16  1.15353228e+00  5.00000000e+00 
 1.15453228e+00  8.88178420e-16  1.15453228e+00  5.00000000e+00 
 1.15553228e+00  8.88178420e-16  1.15553228e+00  5.00000000e+00 
 1.15653228e+00  8.88178420e-16  1.15653228e+00  5.00000000e+00 
 1.15753228e+00  8.88178420e-16  1.15753228e+00  5.00000000e+00 
 1.15853228e+00  8.88178420e-16  1.15853228e+00  5.00000000e+00 
 1.15953228e+00  8.88178420e-16  1.15953228e+00  5.00000000e+00 
 1.16053228e+00  8.88178420e-16  1.16053228e+00  5.00000000e+00 
 1.16153228e+00  8.88178420e-16  1.16153228e+00  5.00000000e+00 
 1.16253228e+00  8.88178420e-16  1.16253228e+00  5.00000000e+00 
 1.16353228e+00  8.88178420e-16  1.16353228e+00  5.00000000e+00 
 1.16453228e+00  8.88178420e-16  1.16453228e+00  5.00000000e+00 
 1.16553228e+00  8.88178420e-16  1.16553228e+00  5.00000000e+00 
 1.16653228e+00  8.88178420e-16  1.16653228e+00  5.00000000e+00 
 1.16753228e+00  8.88178420e-16  1.16753228e+00  5.00000000e+00 
 1.16853228e+00  8.88178420e-16  1.16853228e+00  5.00000000e+00 
 1.16953228e+00  8.88178420e-16  1.16953228e+00  5.00000000e+00 
 1.17053228e+00  8.88178420e-16  1.17053228e+00  5.00000000e+00 
 1.17153228e+00  8.88178420e-16  1.17153228e+00  5.00000000e+00 
 1.17253228e+00  8.88178420e-16  1.17253228e+00  5.00000000e+00 
 1.17353228e+00  8.88178420e-16  1.17353228e+00  5.00000000e+00 
 1.17453228e+00  8.88178420e-16  1.17453228e+00  5.00000000e+00 
 1.17553228e+00  8.88178420e-16  1.17553228e+00  5.00000000e+00 
 1.17653228e+00  8.88178420e-16  1.17653228e+00  5.00000000e+00 
 1.17753228e+00  8.88178420e-16  1.17753228e+00  5.00000000e+00 
 1.17853228e+00  8.88178420e-16  1.17853228e+00  5.00000000e+00 
 1.17953228e+00  8.88178420e-16  1.17953228e+00  5.00000000e+00 
 1.18053228e+00  8.88178420e-16  1.18053228e+00  5.00000000e+00 
 1.18153228e+00  8.88178420e-16  1.18153228e+00  5.00000000e+00 
 1.18253228e+00  8.88178420e-16  1.18253228e+00  5.00000000e+00 
 1.18353228e+00  8.88178420e-16  1.18353228e+00  5.00000000e+00 
 1.18453228e+00  8.88178420e-16  1.18453228e+00  5.00000000e+00 
 1.18553228e+00  8.88178420e-16  1.18553228e+00  5.00000000e+00 
 1.18653228e+00  8.88178420e-16  1.18653228e+00  5.00000000e+00 
 1.18753228e+00  8.88178420e-16  1.18753228e+00  5.00000000e+00 
 1.18853228e+00  8.88178420e-16  1.18853228e+00  5.00000000e+00 
 1.18953228e+00  8.88178420e-16  1.18953228e+00  5.00000000e+00 
 1.19053228e+00  8.88178420e-16  1.19053228e+00  5.00000000e+00 
 1.19153228e+00  8.88178420e-16  1.19153228e+00  5.00000000e+00 
 1.19253228e+00  8.88178420e-16  1.19253228e+00  5.00000000e+00 
 1.19353228e+00  8.88178420e-16  1.19353228e+00  5.00000000e+00 
 1.19453228e+00  8.88178420e-16  1.19453228e+00  5.00000000e+00 
 1.19553228e+00  8.88178420e-16  1.19553228e+00  5.00000000e+00 
 1.19653228e+00  8.88178420e-16  1.19653228e+00  5.00000000e+00 
 1.19753228e+00  8.88178420e-16  1.19753228e+00  5.00000000e+00 
 1.19853228e+00  8.88178420e-16  1.19853228e+00  5.00000000e+00 
 1.19953228e+00  8.88178420e-16  1.19953228e+00  5.00000000e+00 
 1.20053228e+00  8.88178420e-16  1.20053228e+00  5.00000000e+00 
 1.20153228e+00  8.88178420e-16  1.20153228e+00  5.00000000e+00 
 1.20253228e+00  8.88178420e-16  1.20253228e+00  5.00000000e+00 
 1.20353228e+00  8.88178420e-16  1.20353228e+00  5.00000000e+00 
 1.20453228e+00  8.88178420e-16  1.20453228e+00  5.00000000e+00 
 1.20553228e+00  8.88178420e-16  1.20553228e+00  5.00000000e+00 
 1.20653228e+00  8.88178420e-16  1.20653228e+00  5.00000000e+00 
 1.20753228e+00  8.88178420e-16  1.20753228e+00  5.00000000e+00 
 1.20853228e+00  8.88178420e-16  1.20853228e+00  5.00000000e+00 
 1.20953228e+00  8.88178420e-16  1.20953228e+00  5.00000000e+00 
 1.21053228e+00  8.88178420e-16  1.21053228e+00  5.00000000e+00 
 1.21153228e+00  8.88178420e-16  1.21153228e+00  5.00000000e+00 
 1.21253228e+00  8.88178420e-16  1.21253228e+00  5.00000000e+00 
 1.21353228e+00  8.88178420e-16  1.21353228e+00  5.00000000e+00 
 1.21453228e+00  8.88178420e-16  1.21453228e+00  5.00000000e+00 
 1.21553228e+00  8.88178420e-16  1.21553228e+00  5.00000000e+00 
 1.21653228e+00  8.88178420e-16  1.21653228e+00  5.00000000e+00 
 1.21753228e+00  8.88178420e-16  1.21753228e+00  5.00000000e+00 
 1.21853228e+00  8.88178420e-16  1.21853228e+00  5.00000000e+00 
 1.21953228e+00  8.88178420e-16  1.21953228e+00  5.00000000e+00 
 1.22053228e+00  8.88178420e-16  1.22053228e+00  5.00000000e+00 
 1.22153228e+00  8.88178420e-16  1.22153228e+00  5.00000000e+00 
 1.22253228e+00  8.88178420e-16  1.22253228e+00  5.00000000e+00 
 1.22353228e+00  8.88178420e-16  1.22353228e+00  5.00000000e+00 
 1.22453228e+00  8.88178420e-16  1.22453228e+00  5.00000000e+00 
 1.22553228e+00  8.88178420e-16  1.22553228e+00  5.00000000e+00 
 1.22653228e+00  8.88178420e-16  1.22653228e+00  5.00000000e+00 
 1.22753228e+00  8.88178420e-16  1.22753228e+00  5.00000000e+00 
 1.22853228e+00  8.88178420e-16  1.22853228e+00  5.00000000e+00 
 1.22953228e+00  8.88178420e-16  1.22953228e+00  5.00000000e+00 
 1.23000000e+00  8.88178420e-16  1.23000000e+00  5.00000000e+00 
 1.23007312e+00 -4.59063381e+00  1.23007312e+00  0.00000000e+00 
 1.23021937e+00 -3.83893370e+00  1.23021937e+00  0.00000000e+00 
 1.23051186e+00 -2.67685325e+00  1.23051186e+00  0.00000000e+00 
 1.23109684e+00 -1.26927987e+00  1.23109684e+00  0.00000000e+00 
 1.23167176e+00 -6.10356604e-01  1.23167176e+00  0.00000000e+00 
 1.23217563e+00 -3.23454769e-01  1.23217563e+00  0.00000000e+00 
 1.23272955e+00 -1.60122946e-01  1.23272955e+00  0.00000000e+00 
 1.23326913e+00 -8.08424794e-02  1.23326913e+00  0.00000000e+00 
 1.23383523e+00 -3.93528877e-02  1.23383523e+00  0.00000000e+00 
 1.23437361e+00 -1.99010164e-02  1.23437361e+00  0.00000000e+00 
 1.23492705e+00 -9.85840612e-03  1.23492705e+00  0.00000000e+00 
 1.23546707e+00 -4.97425844e-03  1.23546707e+00  0.00000000e+00 
 1.23602124e+00 -2.46162457e-03  1.23602124e+00  0.00000000e+00 
 1.23656498e+00 -1.23575023e-03  1.23656498e+00  0.00000000e+00 
 1.23711678e+00 -6.13534990e-04  1.23711678e+00  0.00000000e+00 
 1.23766104e+00 -3.07782243e-04  1.23766104e+00  0.00000000e+00 
 1.23821155e+00 -1.53081208e-04  1.23821155e+00  0.00000000e+00 
 1.23875714e+00 -7.66543439e-05  1.23875714e+00  0.00000000e+00 
 1.23930697e+00 -3.81609664e-05  1.23930697e+00  0.00000000e+00 
 1.23985318e+00 -1.90924516e-05  1.23985318e+00  0.00000000e+00 
 1.24040233e+00 -9.51366257e-06  1.24040233e+00  0.00000000e+00 
 1.24094902e+00 -4.75667587e-06  1.24094902e+00  0.00000000e+00 
 1.24149780e+00 -2.37144296e-06  1.24149780e+00  0.00000000e+00 
 1.24204485e+00 -1.18510425e-06  1.24204485e+00  0.00000000e+00 
 1.24259334e+00 -5.91072071e-07  1.24259334e+00  0.00000000e+00 
 1.24317554e+00 -2.81358788e-07  1.24317554e+00  0.00000000e+00 
 1.24386952e+00 -1.14041937e-07  1.24386952e+00  0.00000000e+00 
 1.24476029e+00 -3.37619234e-08  1.24476029e+00  0.00000000e+00 
 1.24576029e+00 -8.18470869e-09  1.24576029e+00  0.00000000e+00 
 1.24676029e+00 -1.98417180e-09  1.24676029e+00  0.00000000e+00 
 1.24776029e+00 -4.81011346e-10  1.24776029e+00  0.00000000e+00 
 1.24876029e+00 -1.16608811e-10  1.24876029e+00  0.00000000e+00 
 1.24976029e+00 -2.82688027e-11  1.24976029e+00  0.00000000e+00 
 1.25076029e+00 -6.85304309e-12  1.25076029e+00  0.00000000e+00 
 1.25176029e+00 -1.66134378e-12  1.25176029e+00  0.00000000e+00 
 1.25276029e+00 -4.02750007e-13  1.25276029e+00  0.00000000e+00 
 1.25376029e+00 -9.76363653e-14  1.25376029e+00  0.00000000e+00 
 1.25476029e+00 -2.36694219e-14  1.25476029e+00  0.00000000e+00 
 1.25576029e+00 -5.73804167e-15  1.25576029e+00  0.00000000e+00 
 1.25676029e+00 -1.39104041e-15  1.25676029e+00  0.00000000e+00 
 1.25776029e+00 -3.37221916e-16  1.25776029e+00  0.00000000e+00 
 1.25876029e+00 -8.17507676e-17  1.25876029e+00  0.00000000e+00 
 1.25976029e+00 -1.98183679e-17  1.25976029e+00  0.00000000e+00 
 1.26076029e+00 -4.80445283e-18  1.26076029e+00  0.00000000e+00 
 1.26176029e+00 -1.16471584e-18  1.26176029e+00  0.00000000e+00 
 1.26276029e+00 -2.82355354e-19  1.26276029e+00  0.00000000e+00 
 1.26376029e+00 -6.84497829e-20  1.26376029e+00  0.00000000e+00 
 1.26476029e+00 -1.65938868e-20  1.26476029e+00  0.00000000e+00 
 1.26576029e+00 -4.02276043e-21  1.26576029e+00  0.00000000e+00 
 1.26676029e+00 -9.75214649e-22  1.26676029e+00  0.00000000e+00 
 1.26776029e+00 -2.36415672e-22  1.26776029e+00  0.00000000e+00 
 1.26876029e+00 -5.73128903e-23  1.26876029e+00  0.00000000e+00 
 1.26976029e+00 -1.38940340e-23  1.26976029e+00  0.00000000e+00 
 1.27076029e+00 -3.36825067e-24  1.27076029e+00  0.00000000e+00 
 1.27176029e+00 -8.16545616e-25  1.27176029e+00  0.00000000e+00 
 1.27276029e+00 -1.97950452e-25  1.27276029e+00  0.00000000e+00 
 1.27376029e+00 -4.79879885e-26  1.27376029e+00  0.00000000e+00 
 1.27476029e+00 -1.16334518e-26  1.27476029e+00  0.00000000e+00 
 1.27576029e+00 -2.82023073e-27  1.27576029e+00  0.00000000e+00 
 1.27676029e+00 -6.83692298e-28  1.27676029e+00  0.00000000e+00 
 1.27776029e+00 -1.65743587e-28  1.27776029e+00  0.00000000e+00 
 1.27876029e+00 -4.01802636e-29  1.27876029e+00  0.00000000e+00 
 1.27976029e+00 -9.74066996e-30  1.27976029e+00  0.00000000e+00 
 1.28076029e+00 -2.36137454e-30  1.28076029e+00  0.00000000e+00 
 1.28176029e+00 -5.72454433e-31  1.28176029e+00  0.00000000e+00 
 1.28276029e+00 -1.38776832e-31  1.28276029e+00  0.00000000e+00 
 1.28376029e+00 -3.36428684e-32  1.28376029e+00  0.00000000e+00 
 1.28476029e+00 -8.15584689e-33  1.28476029e+00  0.00000000e+00 
 1.28576029e+00 -1.97717500e-33  1.28576029e+00  0.00000000e+00 
 1.28676029e+00 -4.79315152e-34  1.28676029e+00  0.00000000e+00 
 1.28776029e+00 -1.16197613e-34  1.28776029e+00  0.00000000e+00 
 1.28876029e+00 -2.81691182e-35  1.28876029e+00  0.00000000e+00 
 1.28976029e+00 -6.82887715e-36  1.28976029e+00  0.00000000e+00 
 1.29076029e+00 -1.65548537e-36  1.29076029e+00  0.00000000e+00 
 1.29176029e+00 -4.01329786e-37  1.29176029e+00  0.00000000e+00 
 1.29276029e+00 -9.72920694e-38  1.29276029e+00  0.00000000e+00 
 1.29376029e+00 -2.35859562e-38  1.29376029e+00  0.00000000e+00 
 1.29476029e+00 -5.71780757e-39  1.29476029e+00  0.00000000e+00 
 1.29576029e+00 -1.38613517e-39  1.29576029e+00  0.00000000e+00 
 1.29676029e+00 -3.36032768e-40  1.29676029e+00  0.00000000e+00 
 1.29776029e+00 -8.14624892e-41  1.29776029e+00  0.00000000e+00 
 1.29876029e+00 -1.97484822e-41  1.29876029e+00  0.00000000e+00 
 1.29976029e+00 -4.78751085e-42  1.29976029e+00  0.00000000e+00 
 1.30076029e+00 -1.16060869e-42  1.30076029e+00  0.00000000e+00 
 1.30176029e+00 -2.81359682e-43  1.30176029e+00  0.00000000e+00 
 1.30276029e+00 -6.82084079e-44  1.30276029e+00  0.00000000e+00 
 1.30376029e+00 -1.65353716e-44  1.30376029e+00  0.00000000e+00 
 1.30476029e+00 -4.00857493e-45  1.30476029e+00  0.00000000e+00 
 1.30576029e+00 -9.71775742e-46  1.30576029e+00  0.00000000e+00 
 1.30676029e+00 -2.35581998e-46  1.30676029e+00  0.00000000e+00 
 1.30776029e+00 -5.71107874e-47  1.30776029e+00  0.00000000e+00 
 1.30876029e+00 -1.38450394e-47  1.30876029e+00  0.00000000e+00 
 1.30976029e+00 -3.35637318e-48  1.30976029e+00  0.00000000e+00 
 1.31076029e+00 -8.13666225e-49  1.31076029e+00  0.00000000e+00 
 1.31176029e+00 -1.97252418e-49  1.31176029e+00  0.00000000e+00 
 1.31276029e+00 -4.78187681e-50  1.31276029e+00  0.00000000e+00 
 1.31376029e+00 -1.15924286e-50  1.31376029e+00  0.00000000e+00 
 1.31476029e+00 -2.81028573e-51  1.31476029e+00  0.00000000e+00 
 1.31576029e+00 -6.81281388e-52  1.31576029e+00  0.00000000e+00 
 1.31676029e+00 -1.65159124e-52  1.31676029e+00  0.00000000e+00 
 1.31776029e+00 -4.00385756e-53  1.31776029e+00  0.00000000e+00 
 1.31876029e+00 -9.70632136e-54  1.31876029e+00  0.00000000e+00 
 1.31976029e+00 -2.35304760e-54  1.31976029e+00  0.00000000e+00 
 1.32076029e+00 -5.70435782e-55  1.32076029e+00  0.00000000e+00 
 1.32176029e+00 -1.38287462e-55  1.32176029e+00  0.00000000e+00 
 1.32276029e+00 -3.35242333e-56  1.32276029e+00  0.00000000e+00 
 1.32376029e+00 -8.12708686e-57  1.32376029e+00  0.00000000e+00 
 1.32476029e+00 -1.97020288e-57  1.32476029e+00  0.00000000e+00 
 1.32576029e+00 -4.77624940e-58  1.32576029e+00  0.00000000e+00 
 1.32676029e+00 -1.15787864e-58  1.32676029e+00  0.00000000e+00 
 1.32776029e+00 -2.80697853e-59  1.32776029e+00  0.00000000e+00 
 1.32876029e+00 -6.80479642e-60  1.32876029e+00  0.00000000e+00 
 1.32976029e+00 -1.64964762e-60  1.32976029e+00  0.00000000e+00 
 1.33076029e+00 -3.99914574e-61  1.33076029e+00  0.00000000e+00 
 1.33176029e+00 -9.69489877e-62  1.33176029e+00  0.00000000e+00 
 1.33276029e+00 -2.35027849e-62  1.33276029e+00  0.00000000e+00 
 1.33376029e+00 -5.69764482e-63  1.33376029e+00  0.00000000e+00 
 1.33476029e+00 -1.38124723e-63  1.33476029e+00  0.00000000e+00 
 1.33576029e+00 -3.34847813e-64  1.33576029e+00  0.00000000e+00 
 1.33676029e+00 -8.11752274e-65  1.33676029e+00  0.00000000e+00 
 1.33776029e+00 -1.96788430e-65  1.33776029e+00  0.00000000e+00 
 1.33876029e+00 -4.77062861e-66  1.33876029e+00  0.00000000e+00 
 1.33976029e+00 -1.15651603e-66  1.33976029e+00  0.00000000e+00 
 1.34076029e+00 -2.80367522e-67  1.34076029e+00  0.00000000e+00 
 1.34176029e+00 -6.79678840e-68  1.34176029e+00  0.00000000e+00 
 1.34276029e+00 -1.64770628e-68  1.34276029e+00  0.00000000e+00 
 1.34376029e+00 -3.99443947e-69  1.34376029e+00  0.00000000e+00 
 1.34476029e+00 -9.68348961e-70  1.34476029e+00  0.00000000e+00 
 1.34576029e+00 -2.34751263e-70  1.34576029e+00  0.00000000e+00 
 1.34676029e+00 -5.69093972e-71  1.34676029e+00  0.00000000e+00 
 1.34776029e+00 -1.37962175e-71  1.34776029e+00  0.00000000e+00 
 1.34876029e+00 -3.34453757e-72  1.34876029e+00  0.00000000e+00 
 1.34976029e+00 -8.10796988e-73  1.34976029e+00  0.00000000e+00 
 1.35076029e+00 -1.96556846e-73  1.35076029e+00  0.00000000e+00 
 1.35176029e+00 -4.76501444e-74  1.35176029e+00  0.00000000e+00 
 1.35276029e+00 -1.15515502e-74  1.35276029e+00  0.00000000e+00 
 1.35376029e+00 -2.80037579e-75  1.35376029e+00  0.00000000e+00 
 1.35476029e+00 -6.78878980e-76  1.35476029e+00  0.00000000e+00 
 1.35576029e+00 -1.64576723e-76  1.35576029e+00  0.00000000e+00 
 1.35676029e+00 -3.98973873e-77  1.35676029e+00  0.00000000e+00 
 1.35776029e+00 -9.67209389e-78  1.35776029e+00  0.00000000e+00 
 1.35876029e+00 -2.34475003e-78  1.35876029e+00  0.00000000e+00 
 1.35976029e+00 -5.68424250e-79  1.35976029e+00  0.00000000e+00 
 1.36076029e+00 -1.37799818e-79  1.36076029e+00  0.00000000e+00 
 1.36176029e+00 -3.34060166e-80  1.36176029e+00  0.00000000e+00 
 1.36276029e+00 -8.09842825e-81  1.36276029e+00  0.00000000e+00 
 1.36376029e+00 -1.96325533e-81  1.36376029e+00  0.00000000e+00 
 1.36476029e+00 -4.75940687e-82  1.36476029e+00  0.00000000e+00 
 1.36576029e+00 -1.15379561e-82  1.36576029e+00  0.00000000e+00 
 1.36676029e+00 -2.79708026e-83  1.36676029e+00  0.00000000e+00 
 1.36776029e+00 -6.78080062e-84  1.36776029e+00  0.00000000e+00 
 1.36876029e+00 -1.64383045e-84  1.36876029e+00  0.00000000e+00 
 1.36976029e+00 -3.98504352e-85  1.36976029e+00  0.00000000e+00 
 1.37076029e+00 -9.66071157e-86  1.37076029e+00  0.00000000e+00 
 1.37176029e+00 -2.34199068e-86  1.37176029e+00  0.00000000e+00 
 1.37276029e+00 -5.67755317e-87  1.37276029e+00  0.00000000e+00 
 1.37376029e+00 -1.37637653e-87  1.37376029e+00  0.00000000e+00 
 1.37476029e+00 -3.33667037e-88  1.37476029e+00  0.00000000e+00 
 1.37576029e+00 -8.08889786e-89  1.37576029e+00  0.00000000e+00 
 1.37676029e+00 -1.96094494e-89  1.37676029e+00  0.00000000e+00 
 1.37776029e+00 -4.75380590e-90  1.37776029e+00  0.00000000e+00 
 1.37876029e+00 -1.15243780e-90  1.37876029e+00  0.00000000e+00 
 1.37976029e+00 -2.79378859e-91  1.37976029e+00  0.00000000e+00 
 1.38076029e+00 -6.77282083e-92  1.38076029e+00  0.00000000e+00 
 1.38176029e+00 -1.64189596e-92  1.38176029e+00  0.00000000e+00 
 1.38276029e+00 -3.98035384e-93  1.38276029e+00  0.00000000e+00 
 1.38376029e+00 -9.64934265e-94  1.38376029e+00  0.00000000e+00 
 1.38476029e+00 -2.33923458e-94  1.38476029e+00  0.00000000e+00 
 1.38576029e+00 -5.67087171e-95  1.38576029e+00  0.00000000e+00 
 1.38676029e+00 -1.37475678e-95  1.38676029e+00  0.00000000e+00 
 1.38776029e+00 -3.33274371e-96  1.38776029e+00  0.00000000e+00 
 1.38876029e+00 -8.07937868e-97  1.38876029e+00  0.00000000e+00 
 1.38976029e+00 -1.95863726e-97  1.38976029e+00  0.00000000e+00 
 1.39076029e+00 -4.74821153e-98  1.39076029e+00  0.00000000e+00 
 1.39176029e+00 -1.15108158e-98  1.39176029e+00  0.00000000e+00 
 1.39276029e+00 -2.79050081e-99  1.39276029e+00  0.00000000e+00 
 1.39376029e+00 -6.76485044e-100  1.39376029e+00  0.00000000e+00 
 1.39476029e+00 -1.63996374e-100  1.39476029e+00  0.00000000e+00 
 1.39576029e+00 -3.97566968e-101  1.39576029e+00  0.00000000e+00 
 1.39676029e+00 -9.63798711e-102  1.39676029e+00  0.00000000e+00 
 1.39776029e+00 -2.33648172e-102  1.39776029e+00  0.00000000e+00 
 1.39876029e+00 -5.66419812e-103  1.39876029e+00  0.00000000e+00 
 1.39976029e+00 -1.37313894e-103  1.39976029e+00  0.00000000e+00 
 1.40076029e+00 -3.32882167e-104  1.40076029e+00  0.00000000e+00 
 1.40176029e+00 -8.06987070e-105  1.40176029e+00  0.00000000e+00 
 1.40276029e+00 -1.95633229e-105  1.40276029e+00  0.00000000e+00 
 1.40376029e+00 -4.74262374e-106  1.40376029e+00  0.00000000e+00 
 1.40476029e+00 -1.14972697e-106  1.40476029e+00  0.00000000e+00 
 1.40576029e+00 -2.78721689e-107  1.40576029e+00  0.00000000e+00 
 1.40676029e+00 -6.75688943e-108  1.40676029e+00  0.00000000e+00 
 1.40776029e+00 -1.63803380e-108  1.40776029e+00  0.00000000e+00 
 1.40876029e+00 -3.97099103e-109  1.40876029e+00  0.00000000e+00 
 1.40976029e+00 -9.62664493e-110  1.40976029e+00  0.00000000e+00 
 1.41076029e+00 -2.33373210e-110  1.41076029e+00  0.00000000e+00 
 1.41176029e+00 -5.65753237e-111  1.41176029e+00  0.00000000e+00 
 1.41276029e+00 -1.37152300e-111  1.41276029e+00  0.00000000e+00 
 1.41376029e+00 -3.32490424e-112  1.41376029e+00  0.00000000e+00 
 1.41476029e+00 -8.06037392e-113  1.41476029e+00  0.00000000e+00 
 1.41576029e+00 -1.95403004e-113  1.41576029e+00  0.00000000e+00 
 1.41676029e+00 -4.73704252e-114  1.41676029e+00  0.00000000e+00 
 1.41776029e+00 -1.14837394e-114  1.41776029e+00  0.00000000e+00 
 1.41876029e+00 -2.78393684e-115  1.41876029e+00  0.00000000e+00 
 1.41976029e+00 -6.74893778e-116  1.41976029e+00  0.00000000e+00 
 1.42076029e+00 -1.63610613e-116  1.42076029e+00  0.00000000e+00 
 1.42176029e+00 -3.96631789e-117  1.42176029e+00  0.00000000e+00 
 1.42276029e+00 -9.61531610e-118  1.42276029e+00  0.00000000e+00 
 1.42376029e+00 -2.33098572e-118  1.42376029e+00  0.00000000e+00 
 1.42476029e+00 -5.65087447e-119  1.42476029e+00  0.00000000e+00 
 1.42576029e+00 -1.36990896e-119  1.42576029e+00  0.00000000e+00 
 1.42676029e+00 -3.32099143e-120  1.42676029e+00  0.00000000e+00 
 1.42776029e+00 -8.05088831e-121  1.42776029e+00  0.00000000e+00 
 1.42876029e+00 -1.95173050e-121  1.42876029e+00  0.00000000e+00 
 1.42976029e+00 -4.73146787e-122  1.42976029e+00  0.00000000e+00 
 1.43076029e+00 -1.14702252e-122  1.43076029e+00  0.00000000e+00 
 1.43176029e+00 -2.78066064e-123  1.43176029e+00  0.00000000e+00 
 1.43276029e+00 -6.74099550e-124  1.43276029e+00  0.00000000e+00 
 1.43376029e+00 -1.63418073e-124  1.43376029e+00  0.00000000e+00 
 1.43476029e+00 -3.96165025e-125  1.43476029e+00  0.00000000e+00 
 1.43576029e+00 -9.60400060e-126  1.43576029e+00  0.00000000e+00 
 1.43676029e+00 -2.32824257e-126  1.43676029e+00  0.00000000e+00 
 1.43776029e+00 -5.64422441e-127  1.43776029e+00  0.00000000e+00 
 1.43876029e+00 -1.36829683e-127  1.43876029e+00  0.00000000e+00 
 1.43976029e+00 -3.31708322e-128  1.43976029e+00  0.00000000e+00 
 1.44076029e+00 -8.04141386e-129  1.44076029e+00  0.00000000e+00 
 1.44176029e+00 -1.94943366e-129  1.44176029e+00  0.00000000e+00 
 1.44276029e+00 -4.72589979e-130  1.44276029e+00  0.00000000e+00 
 1.44376029e+00 -1.14567268e-130  1.44376029e+00  0.00000000e+00 
 1.44476029e+00 -2.77738830e-131  1.44476029e+00  0.00000000e+00 
 1.44576029e+00 -6.73306256e-132  1.44576029e+00  0.00000000e+00 
 1.44676029e+00 -1.63225759e-132  1.44676029e+00  0.00000000e+00 
 1.44776029e+00 -3.95698810e-133  1.44776029e+00  0.00000000e+00 
 1.44876029e+00 -9.59269841e-134  1.44876029e+00  0.00000000e+00 
 1.44976029e+00 -2.32550265e-134  1.44976029e+00  0.00000000e+00 
 1.45076029e+00 -5.63758217e-135  1.45076029e+00  0.00000000e+00 
 1.45176029e+00 -1.36668659e-135  1.45176029e+00  0.00000000e+00 
 1.45276029e+00 -3.31317961e-136  1.45276029e+00  0.00000000e+00 
 1.45376029e+00 -8.03195056e-137  1.45376029e+00  0.00000000e+00 
 1.45476029e+00 -1.94713953e-137  1.45476029e+00  0.00000000e+00 
 1.45576029e+00 -4.72033825e-138  1.45576029e+00  0.00000000e+00 
 1.45676029e+00 -1.14432442e-138  1.45676029e+00  0.00000000e+00 
 1.45776029e+00 -2.77411982e-139  1.45776029e+00  0.00000000e+00 
 1.45876029e+00 -6.72513895e-140  1.45876029e+00  0.00000000e+00 
 1.45976029e+00 -1.63033672e-140  1.45976029e+00  0.00000000e+00 
 1.46076029e+00 -3.95233143e-141  1.46076029e+00  0.00000000e+00 
 1.46176029e+00 -9.58140953e-142  1.46176029e+00  0.00000000e+00 
 1.46276029e+00 -2.32276595e-142  1.46276029e+00  0.00000000e+00 
 1.46376029e+00 -5.63094775e-143  1.46376029e+00  0.00000000e+00 
 1.46476029e+00 -1.36507824e-143  1.46476029e+00  0.00000000e+00 
 1.46576029e+00 -3.30928059e-144  1.46576029e+00  0.00000000e+00 
 1.46676029e+00 -8.02249840e-145  1.46676029e+00  0.00000000e+00 
 1.46776029e+00 -1.94484810e-145  1.46776029e+00  0.00000000e+00 
 1.46876029e+00 -4.71478326e-146  1.46876029e+00  0.00000000e+00 
 1.46976029e+00 -1.14297776e-146  1.46976029e+00  0.00000000e+00 
 1.47076029e+00 -2.77085518e-147  1.47076029e+00  0.00000000e+00 
 1.47176029e+00 -6.71722467e-148  1.47176029e+00  0.00000000e+00 
 1.47276029e+00 -1.62841810e-148  1.47276029e+00  0.00000000e+00 
 1.47376029e+00 -3.94768025e-149  1.47376029e+00  0.00000000e+00 
 1.47476029e+00 -9.57013394e-150  1.47476029e+00  0.00000000e+00 
 1.47576029e+00 -2.32003247e-150  1.47576029e+00  0.00000000e+00 
 1.47676029e+00 -5.62432114e-151  1.47676029e+00  0.00000000e+00 
 1.47776029e+00 -1.36347179e-151  1.47776029e+00  0.00000000e+00 
 1.47876029e+00 -3.30538616e-152  1.47876029e+00  0.00000000e+00 
 1.47976029e+00 -8.01305736e-153  1.47976029e+00  0.00000000e+00 
 1.48076029e+00 -1.94255936e-153  1.48076029e+00  0.00000000e+00 
 1.48176029e+00 -4.70923481e-154  1.48176029e+00  0.00000000e+00 
 1.48276029e+00 -1.14163268e-154  1.48276029e+00  0.00000000e+00 
 1.48376029e+00 -2.76759438e-155  1.48376029e+00  0.00000000e+00 
 1.48476029e+00 -6.70931971e-156  1.48476029e+00  0.00000000e+00 
 1.48576029e+00 -1.62650175e-156  1.48576029e+00  0.00000000e+00 
 1.48676029e+00 -3.94303454e-157  1.48676029e+00  0.00000000e+00 
 1.48776029e+00 -9.55887161e-158  1.48776029e+00  0.00000000e+00 
 1.48876029e+00 -2.31730221e-158  1.48876029e+00  0.00000000e+00 
 1.48976029e+00 -5.61770232e-159  1.48976029e+00  0.00000000e+00 
 1.49076029e+00 -1.36186723e-159  1.49076029e+00  0.00000000e+00 
 1.49176029e+00 -3.30149631e-160  1.49176029e+00  0.00000000e+00 
 1.49276029e+00 -8.00362743e-161  1.49276029e+00  0.00000000e+00 
 1.49376029e+00 -1.94027332e-161  1.49376029e+00  0.00000000e+00 
 1.49476029e+00 -4.70369289e-162  1.49476029e+00  0.00000000e+00 
 1.49576029e+00 -1.14028918e-162  1.49576029e+00  0.00000000e+00 
 1.49676029e+00 -2.76433742e-163  1.49676029e+00  0.00000000e+00 
 1.49776029e+00 -6.70142404e-164  1.49776029e+00  0.00000000e+00 
 1.49876029e+00 -1.62458765e-164  1.49876029e+00  0.00000000e+00 
 1.49976029e+00 -3.93839430e-165  1.49976029e+00  0.00000000e+00 
 1.50076029e+00 -9.54762253e-166  1.50076029e+00  0.00000000e+00 
 1.50176029e+00 -2.31457516e-166  1.50176029e+00  0.00000000e+00 
 1.50276029e+00 -5.61109130e-167  1.50276029e+00  0.00000000e+00 
 1.50376029e+00 -1.36026456e-167  1.50376029e+00  0.00000000e+00 
 1.50476029e+00 -3.29761105e-168  1.50476029e+00  0.00000000e+00 
 1.50576029e+00 -7.99420860e-169  1.50576029e+00  0.00000000e+00 
 1.50676029e+00 -1.93798996e-169  1.50676029e+00  0.00000000e+00 
 1.50776029e+00 -4.69815749e-170  1.50776029e+00  0.00000000e+00 
 1.50876029e+00 -1.13894727e-170  1.50876029e+00  0.00000000e+00 
 1.50976029e+00 -2.76108429e-171  1.50976029e+00  0.00000000e+00 
 1.51076029e+00 -6.69353767e-172  1.51076029e+00  0.00000000e+00 
 1.51176029e+00 -1.62267580e-172  1.51176029e+00  0.00000000e+00 
 1.51276029e+00 -3.93375951e-173  1.51276029e+00  0.00000000e+00 
 1.51376029e+00 -9.53638670e-174  1.51376029e+00  0.00000000e+00 
 1.51476029e+00 -2.31185132e-174  1.51476029e+00  0.00000000e+00 
 1.51576029e+00 -5.60448805e-175  1.51576029e+00  0.00000000e+00 
 1.51676029e+00 -1.35866377e-175  1.51676029e+00  0.00000000e+00 
 1.51776029e+00 -3.29373035e-176  1.51776029e+00  0.00000000e+00 
 1.51876029e+00 -7.98480085e-177  1.51876029e+00  0.00000000e+00 
 1.51976029e+00 -1.93570930e-177  1.51976029e+00  0.00000000e+00 
 1.52076029e+00 -4.69262860e-178  1.52076029e+00  0.00000000e+00 
 1.52176029e+00 -1.13760693e-178  1.52176029e+00  0.00000000e+00 
 1.52276029e+00 -2.75783499e-179  1.52276029e+00  0.00000000e+00 
 1.52376029e+00 -6.68566058e-180  1.52376029e+00  0.00000000e+00 
 1.52476029e+00 -1.62076620e-180  1.52476029e+00  0.00000000e+00 
 1.52576029e+00 -3.92913018e-181  1.52576029e+00  0.00000000e+00 
 1.52676029e+00 -9.52516408e-182  1.52676029e+00  0.00000000e+00 
 1.52776029e+00 -2.30913069e-182  1.52776029e+00  0.00000000e+00 
 1.52876029e+00 -5.59789258e-183  1.52876029e+00  0.00000000e+00 
 1.52976029e+00 -1.35706487e-183  1.52976029e+00  0.00000000e+00 
 1.53076029e+00 -3.28985422e-184  1.53076029e+00  0.00000000e+00 
 1.53176029e+00 -7.97540418e-185  1.53176029e+00  0.00000000e+00 
 1.53276029e+00 -1.93343132e-185  1.53276029e+00  0.00000000e+00 
 1.53376029e+00 -4.68710622e-186  1.53376029e+00  0.00000000e+00 
 1.53476029e+00 -1.13626817e-186  1.53476029e+00  0.00000000e+00 
 1.53576029e+00 -2.75458951e-187  1.53576029e+00  0.00000000e+00 
 1.53676029e+00 -6.67779276e-188  1.53676029e+00  0.00000000e+00 
 1.53776029e+00 -1.61885885e-188  1.53776029e+00  0.00000000e+00 
 1.53876029e+00 -3.92450630e-189  1.53876029e+00  0.00000000e+00 
 1.53976029e+00 -9.51395468e-190  1.53976029e+00  0.00000000e+00 
 1.54076029e+00 -2.30641326e-190  1.54076029e+00  0.00000000e+00 
 1.54176029e+00 -5.59130486e-191  1.54176029e+00  0.00000000e+00 
 1.54276029e+00 -1.35546785e-191  1.54276029e+00  0.00000000e+00 
 1.54376029e+00 -3.28598266e-192  1.54376029e+00  0.00000000e+00 
 1.54476029e+00 -7.96601856e-193  1.54476029e+00  0.00000000e+00 
 1.54576029e+00 -1.93115601e-193  1.54576029e+00  0.00000000e+00 
 1.54676029e+00 -4.68159034e-194  1.54676029e+00  0.00000000e+00 
 1.54776029e+00 -1.13493099e-194  1.54776029e+00  0.00000000e+00 
 1.54876029e+00 -2.75134786e-195  1.54876029e+00  0.00000000e+00 
 1.54976029e+00 -6.66993420e-196  1.54976029e+00  0.00000000e+00 
 1.55076029e+00 -1.61695374e-196  1.55076029e+00  0.00000000e+00 
 1.55176029e+00 -3.91988787e-197  1.55176029e+00  0.00000000e+00 
 1.55276029e+00 -9.50275846e-198  1.55276029e+00  0.00000000e+00 
 1.55376029e+00 -2.30369902e-198  1.55376029e+00  0.00000000e+00 
 1.55476029e+00 -5.58472490e-199  1.55476029e+00  0.00000000e+00 
 1.55576029e+00 -1.35387270e-199  1.55576029e+00  0.00000000e+00 
 1.55676029e+00 -3.28211564e-200  1.55676029e+00  0.00000000e+00 
 1.55776029e+00 -7.95664399e-201  1.55776029e+00  0.00000000e+00 
 1.55876029e+00 -1.92888339e-201  1.55876029e+00  0.00000000e+00 
 1.55976029e+00 -4.67608095e-202  1.55976029e+00  0.00000000e+00 
 1.56076029e+00 -1.13359538e-202  1.56076029e+00  0.00000000e+00 
 1.56176029e+00 -2.74811001e-203  1.56176029e+00  0.00000000e+00 
 1.56276029e+00 -6.66208488e-204  1.56276029e+00  0.00000000e+00 
 1.56376029e+00 -1.61505088e-204  1.56376029e+00  0.00000000e+00 
 1.56476029e+00 -3.91527486e-205  1.56476029e+00  0.00000000e+00 
 1.56576029e+00 -9.49157542e-206  1.56576029e+00  0.00000000e+00 
 1.56676029e+00 -2.30098798e-206  1.56676029e+00  0.00000000e+00 
 1.56776029e+00 -5.57815268e-207  1.56776029e+00  0.00000000e+00 
 1.56876029e+00 -1.35227944e-207  1.56876029e+00  0.00000000e+00 
 1.56976029e+00 -3.27825318e-208  1.56976029e+00  0.00000000e+00 
 1.57076029e+00 -7.94728045e-209  1.57076029e+00  0.00000000e+00 
 1.57176029e+00 -1.92661344e-209  1.57176029e+00  0.00000000e+00 
 1.57276029e+00 -4.67057804e-210  1.57276029e+00  0.00000000e+00 
 1.57376029e+00 -1.13226134e-210  1.57376029e+00  0.00000000e+00 
 1.57476029e+00 -2.74487598e-211  1.57476029e+00  0.00000000e+00 
 1.57576029e+00 -6.65424481e-212  1.57576029e+00  0.00000000e+00 
 1.57676029e+00 -1.61315026e-212  1.57676029e+00  0.00000000e+00 
 1.57776029e+00 -3.91066729e-213  1.57776029e+00  0.00000000e+00 
 1.57876029e+00 -9.48040555e-214  1.57876029e+00  0.00000000e+00 
 1.57976029e+00 -2.29828013e-214  1.57976029e+00  0.00000000e+00 
 1.58076029e+00 -5.57158820e-215  1.58076029e+00  0.00000000e+00 
 1.58176029e+00 -1.35068805e-215  1.58176029e+00  0.00000000e+00 
 1.58276029e+00 -3.27439527e-216  1.58276029e+00  0.00000000e+00 
 1.58376029e+00 -7.93792792e-217  1.58376029e+00  0.00000000e+00 
 1.58476029e+00 -1.92434616e-217  1.58476029e+00  0.00000000e+00 
 1.58576029e+00 -4.66508161e-218  1.58576029e+00  0.00000000e+00 
 1.58676029e+00 -1.13092887e-218  1.58676029e+00  0.00000000e+00 
 1.58776029e+00 -2.74164576e-219  1.58776029e+00  0.00000000e+00 
 1.58876029e+00 -6.64641396e-220  1.58876029e+00  0.00000000e+00 
 1.58976029e+00 -1.61125187e-220  1.58976029e+00  0.00000000e+00 
 1.59076029e+00 -3.90606514e-221  1.59076029e+00  0.00000000e+00 
 1.59176029e+00 -9.46924881e-222  1.59176029e+00  0.00000000e+00 
 1.59276029e+00 -2.29557547e-222  1.59276029e+00  0.00000000e+00 
 1.59376029e+00 -5.56503144e-223  1.59376029e+00  0.00000000e+00 
 1.59476029e+00 -1.34909853e-223  1.59476029e+00  0.00000000e+00 
 1.59576029e+00 -3.27054189e-224  1.59576029e+00  0.00000000e+00 
 1.59676029e+00 -7.92858641e-225  1.59676029e+00  0.00000000e+00 
 1.59776029e+00 -1.92208155e-225  1.59776029e+00  0.00000000e+00 
 1.59876029e+00 -4.65959165e-226  1.59876029e+00  0.00000000e+00 
 1.59976029e+00 -1.12959797e-226  1.59976029e+00  0.00000000e+00 
 1.60076029e+00 -2.73841933e-227  1.60076029e+00  0.00000000e+00 
 1.60176029e+00 -6.63859232e-228  1.60176029e+00  0.00000000e+00 
 1.60276029e+00 -1.60935571e-228  1.60276029e+00  0.00000000e+00 
 1.60376029e+00 -3.90146840e-229  1.60376029e+00  0.00000000e+00 
 1.60476029e+00 -9.45810521e-230  1.60476029e+00  0.00000000e+00 
 1.60576029e+00 -2.29287399e-230  1.60576029e+00  0.00000000e+00 
 1.60676029e+00 -5.55848240e-231  1.60676029e+00  0.00000000e+00 
 1.60776029e+00 -1.34751088e-231  1.60776029e+00  0.00000000e+00 
 1.60876029e+00 -3.26669305e-232  1.60876029e+00  0.00000000e+00 
 1.60976029e+00 -7.91925589e-233  1.60976029e+00  0.00000000e+00 
 1.61076029e+00 -1.91981961e-233  1.61076029e+00  0.00000000e+00 
 1.61176029e+00 -4.65410814e-234  1.61176029e+00  0.00000000e+00 
 1.61276029e+00 -1.12826864e-234  1.61276029e+00  0.00000000e+00 
 1.61376029e+00 -2.73519671e-235  1.61376029e+00  0.00000000e+00 
 1.61476029e+00 -6.63077989e-236  1.61476029e+00  0.00000000e+00 
 1.61576029e+00 -1.60746179e-236  1.61576029e+00  0.00000000e+00 
 1.61676029e+00 -3.89687707e-237  1.61676029e+00  0.00000000e+00 
 1.61776029e+00 -9.44697472e-238  1.61776029e+00  0.00000000e+00 
 1.61876029e+00 -2.29017569e-238  1.61876029e+00  0.00000000e+00 
 1.61976029e+00 -5.55194107e-239  1.61976029e+00  0.00000000e+00 
 1.62076029e+00 -1.34592511e-239  1.62076029e+00  0.00000000e+00 
 1.62176029e+00 -3.26284874e-240  1.62176029e+00  0.00000000e+00 
 1.62276029e+00 -7.90993635e-241  1.62276029e+00  0.00000000e+00 
 1.62376029e+00 -1.91756033e-241  1.62376029e+00  0.00000000e+00 
 1.62476029e+00 -4.64863110e-242  1.62476029e+00  0.00000000e+00 
 1.62576029e+00 -1.12694087e-242  1.62576029e+00  0.00000000e+00 
 1.62676029e+00 -2.73197787e-243  1.62676029e+00  0.00000000e+00 
 1.62776029e+00 -6.62297666e-244  1.62776029e+00  0.00000000e+00 
 1.62876029e+00 -1.60557010e-244  1.62876029e+00  0.00000000e+00 
 1.62976029e+00 -3.89229115e-245  1.62976029e+00  0.00000000e+00 
 1.63076029e+00 -9.43585733e-246  1.63076029e+00  0.00000000e+00 
 1.63176029e+00 -2.28748056e-246  1.63176029e+00  0.00000000e+00 
 1.63276029e+00 -5.54540743e-247  1.63276029e+00  0.00000000e+00 
 1.63376029e+00 -1.34434119e-247  1.63376029e+00  0.00000000e+00 
 1.63476029e+00 -3.25900896e-248  1.63476029e+00  0.00000000e+00 
 1.63576029e+00 -7.90062777e-249  1.63576029e+00  0.00000000e+00 
 1.63676029e+00 -1.91530370e-249  1.63676029e+00  0.00000000e+00 
 1.63776029e+00 -4.64316049e-250  1.63776029e+00  0.00000000e+00 
 1.63876029e+00 -1.12561466e-250  1.63876029e+00  0.00000000e+00 
 1.63976029e+00 -2.72876282e-251  1.63976029e+00  0.00000000e+00 
 1.64000000e+00 -2.03278889e-251  1.64000000e+00  0.00000000e+00 
 1.64000000e+00  4.99999980e-01  1.64000000e+00  5.00000041e-01 
 1.64000000e+00  1.49999982e+00  1.64000000e+00  1.50000012e+00 
 1.64000000e+00  3.49999877e+00  1.64000000e+00  3.50000029e+00 
 1.64000000e+00  4.99999692e+00  1.64000000e+00  5.00000000e+00 
 1.64000000e+00  4.99999662e+00  1.64000000e+00  5.00000000e+00 
 1.64000000e+00  4.99999601e+00  1.64000000e+00  5.00000000e+00 
 1.64000000e+00  4.99999480e+00  1.64000000e+00  5.00000000e+00 
 1.64000000e+00  4.99999238e+00  1.64000000e+00  5.00000000e+00 
 1.64000000e+00  4.99998753e+00  1.64000000e+00  5.00000000e+00 
 1.64000000e+00  4.99997783e+00  1.64000000e+00  5.00000000e+00 
 1.64000001e+00  4.99995844e+00  1.64000001e+00  5.00000000e+00 
 1.64000001e+00  4.99991965e+00  1.64000001e+00  5.00000000e+00 
 1.64000003e+00  4.99984208e+00  1.64000003e+00  5.00000000e+00 
 1.64000005e+00  4.99968694e+00  1.64000005e+00  5.00000000e+00 
 1.64000010e+00  4.99937668e+00  1.64000010e+00  5.00000000e+00 
 1.64000020e+00  4.99875621e+00  1.64000020e+00  5.00000000e+00 
 1.64000041e+00  4.99751551e+00  1.64000041e+00  5.00000000e+00 
 1.64000082e+00  4.99503503e+00  1.64000082e+00  5.00000000e+00 
 1.64000163e+00  4.99007776e+00  1.64000163e+00  5.00000000e+00 
 1.64000326e+00  4.98017797e+00  1.64000326e+00  5.00000000e+00 
 1.64000651e+00  4.96043726e+00  1.64000651e+00  5.00000000e+00 
 1.64001303e+00  4.92119011e+00  1.64001303e+00  5.00000000e+00 
 1.64002606e+00  4.84362373e+00  1.64002606e+00  5.00000000e+00 
 1.64005211e+00  4.69213002e+00  1.64005211e+00  5.00000000e+00 
 1.64010422e+00  4.40313849e+00  1.64010422e+00  5.00000000e+00 
 1.64020844e+00  3.87695774e+00  1.64020844e+00  5.00000000e+00 
 1.64041687e+00  3.00259834e+00  1.64041687e+00  5.00000000e+00 
 1.64083375e+00  1.78550680e+00  1.64083375e+00  5.00000000e+00 
 1.64166010e+00  5.89031527e-01  1.64166010e+00  5.00000000e+00 
 1.64253228e+00  1.80033260e-01  1.64253228e+00  5.00000000e+00 
 1.64353228e+00  4.36444267e-02  1.64353228e+00  5.00000000e+00 
 1.64453228e+00  1.05804671e-02  1.64453228e+00  5.00000000e+00 
 1.64553228e+00  2.56496171e-03  1.64553228e+00  5.00000000e+00 
 1.64653228e+00  6.21808900e-04  1.64653228e+00  5.00000000e+00 
 1.64753228e+00  1.50741552e-04  1.64753228e+00  5.00000000e+00 
 1.64853228e+00  3.65434065e-05  1.64853228e+00  5.00000000e+00 
 1.64953228e+00  8.85900763e-06  1.64953228e+00  5.00000000e+00 
 1.65053228e+00  2.14763821e-06  1.65053228e+00  5.00000000e+00 
 1.65153228e+00  5.20639566e-07  1.65153228e+00  5.00000000e+00 
 1.65253228e+00  1.26215652e-07  1.65253228e+00  5.00000000e+00 
 1.65353228e+00  3.05977337e-08  1.65353228e+00  5.00000000e+00 
 1.65453228e+00  7.41763317e-09  1.65453228e+00  5.00000000e+00 
 1.65553228e+00  1.79821402e-09  1.65553228e+00  5.00000000e+00 
 1.65653228e+00  4.35930847e-10  1.65653228e+00  5.00000000e+00 
 1.65753228e+00  1.05680353e-10  1.65753228e+00  5.00000000e+00 
 1.65853228e+00  2.56199506e-11  1.65853228e+00  5.00000000e+00 
 1.65953228e+00  6.21147578e-12  1.65953228e+00  5.00000000e+00 
 1.66053228e+00  1.50635060e-12  1.66053228e+00  5.00000000e+00 
 1.66153228e+00  3.65041330e-13  1.66153228e+00  5.00000000e+00 
 1.66253228e+00  8.88178420e-14  1.66253228e+00  5.00000000e+00 
 1.66353228e+00  2.17603713e-14  1.66353228e+00  5.00000000e+00 
 1.66453228e+00  3.99680289e-15  1.66453228e+00  5.00000000e+00 
 1.66553228e+00  4.44089210e-16  1.66553228e+00  5.00000000e+00 
 1.66653228e+00  4.44089210e-16  1.66653228e+00  5.00000000e+00 
 1.66753228e+00  4.44089210e-16  1.66753228e+00  5.00000000e+00 
 1.66853228e+00  4.44089210e-16  1.66853228e+00  5.00000000e+00 
 1.66953228e+00  4.44089210e-16  1.66953228e+00  5.00000000e+00 
 1.67053228e+00  4.44089210e-16  1.67053228e+00  5.00000000e+00 
 1.67153228e+00  4.44089210e-16  1.67153228e+00  5.00000000e+00 
 1.67253228e+00  4.44089210e-16  1.67253228e+00  5.00000000e+00 
 1.67353228e+00  4.44089210e-16  1.67353228e+00  5.00000000e+00 
 1.67453228e+00  4.44089210e-16  1.67453228e+00  5.00000000e+00 
 1.67553228e+00  4.44089210e-16  1.67553228e+00  5.00000000e+00 
 1.67653228e+00  4.44089210e-16  1.67653228e+00  5.00000000e+00 
 1.67753228e+00  4.44089210e-16  1.67753228e+00  5.00000000e+00 
 1.67853228e+00  4.44089210e-16  1.67853228e+00  5.00000000e+00 
 1.67953228e+00  4.44089210e-16  1.67953228e+00  5.00000000e+00 
 1.68053228e+00  4.44089210e-16  1.68053228e+00  5.00000000e+00 
 1.68153228e+00  4.44089210e-16  1.68153228e+00  5.00000000e+00 
 1.68253228e+00  4.44089210e-16  1.68253228e+00  5.00000000e+00 
 1.68353228e+00  4.44089210e-16  1.68353228e+00  5.00000000e+00 
 1.68453228e+00  4.44089210e-16  1.68453228e+00  5.00000000e+00 
 1.68553228e+00  4.44089210e-16  1.68553228e+00  5.00000000e+00 
 1.68653228e+00  4.44089210e-16  1.68653228e+00  5.00000000e+00 
 1.68753228e+00  4.44089210e-16  1.68753228e+00  5.00000000e+00 
 1.68853228e+00  4.44089210e-16  1.68853228e+00  5.00000000e+00 
 1.68953228e+00  4.44089210e-16  1.68953228e+00  5.00000000e+00 
 1.69053228e+00  4.44089210e-16  1.69053228e+00  5.00000000e+00 
 1.69153228e+00  4.44089210e-16  1.69153228e+00  5.00000000e+00 
 1.69253228e+00  4.44089210e-16  1.69253228e+00  5.00000000e+00 
 1.69353228e+00  4.44089210e-16  1.69353228e+00  5.00000000e+00 
 1.69453228e+00  4.44089210e-16  1.69453228e+00  5.00000000e+00 
 1.69553228e+00  4.44089210e-16  1.69553228e+00  5.00000000e+00 
 1.69653228e+00  4.44089210e-16  1.69653228e+00  5.00000000e+00 
 1.69753228e+00  4.44089210e-16  1.69753228e+00  5.00000000e+00 
 1.69853228e+00  4.44089210e-16  1.69853228e+00  5.00000000e+00 
 1.69953228e+00  4.44089210e-16  1.69953228e+00  5.00000000e+00 
 1.70053228e+00  4.44089210e-16  1.70053228e+00  5.00000000e+00 
 1.70153228e+00  4.44089210e-16  1.70153228e+00  5.00000000e+00 
 1.70253228e+00  4.44089210e-16  1.70253228e+00  5.00000000e+00 
 1.70353228e+00  4.44089210e-16  1.70353228e+00  5.00000000e+00 
 1.70453228e+00  4.44089210e-16  1.70453228e+00  5.00000000e+00 
 1.70553228e+00  4.44089210e-16  1.70553228e+00  5.00000000e+00 
 1.70653228e+00  4.44089210e-16  1.70653228e+00  5.00000000e+00 
 1.70753228e+00  4.44089210e-16  1.70753228e+00  5.00000000e+00 
 1.70853228e+00  4.44089210e-16  1.70853228e+00  5.00000000e+00 
 1.70953228e+00  4.44089210e-16  1.70953228e+00  5.00000000e+00 
 1.71053228e+00  4.44089210e-16  1.71053228e+00  5.00000000e+00 
 1.71153228e+00  4.44089210e-16  1.71153228e+00  5.00000000e+00 
 1.71253228e+00  4.44089210e-16  1.71253228e+00  5.00000000e+00 
 1.71353228e+00  4.44089210e-16  1.71353228e+00  5.00000000e+00 
 1.71453228e+00  4.44089210e-16  1.71453228e+00  5.00000000e+00 
 1.71553228e+00  4.44089210e-16  1.71553228e+00  5.00000000e+00 
 1.71653228e+00  4.44089210e-16  1.71653228e+00  5.00000000e+00 
 1.71753228e+00  4.44089210e-16  1.71753228e+00  5.00000000e+00 
 1.71853228e+00  4.44089210e-16  1.71853228e+00  5.00000000e+00 
 1.71953228e+00  4.44089210e-16  1.71953228e+00  5.00000000e+00 
 1.72053228e+00  4.44089210e-16  1.72053228e+00  5.00000000e+00 
 1.72153228e+00  4.44089210e-16  1.72153228e+00  5.00000000e+00 
 1.72253228e+00  4.44089210e-16  1.72253228e+00  5.00000000e+00 
 1.72353228e+00  4.44089210e-16  1.72353228e+00  5.00000000e+00 
 1.72453228e+00  4.44089210e-16  1.72453228e+00  5.00000000e+00 
 1.72553228e+00  4.44089210e-16  1.72553228e+00  5.00000000e+00 
 1.72653228e+00  4.44089210e-16  1.72653228e+00  5.00000000e+00 
 1.72753228e+00  4.44089210e-16  1.72753228e+00  5.00000000e+00 
 1.72853228e+00  4.44089210e-16  1.72853228e+00  5.00000000e+00 
 1.72953228e+00  4.44089210e-16  1.72953228e+00  5.00000000e+00 
 1.73053228e+00  4.44089210e-16  1.73053228e+00  5.00000000e+00 
 1.73153228e+00  4.44089210e-16  1.73153228e+00  5.00000000e+00 
 1.73253228e+00  4.44089210e-16  1.73253228e+00  5.00000000e+00 
 1.73353228e+00  4.44089210e-16  1.73353228e+00  5.00000000e+00 
 1.73453228e+00  4.44089210e-16  1.73453228e+00  5.00000000e+00 
 1.73553228e+00  4.44089210e-16  1.73553228e+00  5.00000000e+00 
 1.73653228e+00  4.44089210e-16  1.73653228e+00  5.00000000e+00 
 1.73753228e+00  4.44089210e-16  1.73753228e+00  5.00000000e+00 
 1.73853228e+00  4.44089210e-16  1.73853228e+00  5.00000000e+00 
 1.73953228e+00  4.44089210e-16  1.73953228e+00  5.00000000e+00 
 1.74053228e+00  4.44089210e-16  1.74053228e+00  5.00000000e+00 
 1.74153228e+00  4.44089210e-16  1.74153228e+00  5.00000000e+00 
 1.74253228e+00  4.44089210e-16  1.74253228e+00  5.00000000e+00 
 1.74353228e+00  4.44089210e-16  1.74353228e+00  5.00000000e+00 
 1.74453228e+00  4.44089210e-16  1.74453228e+00  5.00000000e+00 
 1.74553228e+00  4.44089210e-16  1.74553228e+00  5.00000000e+00 
 1.74653228e+00  4.44089210e-16  1.74653228e+00  5.00000000e+00 
 1.74753228e+00  4.44089210e-16  1.74753228e+00  5.00000000e+00 
 1.74853228e+00  4.44089210e-16  1.74853228e+00  5.00000000e+00 
 1.74953228e+00  4.44089210e-16  1.74953228e+00  5.00000000e+00 
 1.75053228e+00  4.44089210e-16  1.75053228e+00  5.00000000e+00 
 1.75153228e+00  4.44089210e-16  1.75153228e+00  5.00000000e+00 
 1.75253228e+00  4.44089210e-16  1.75253228e+00  5.00000000e+00 
 1.75353228e+00  4.44089210e-16  1.75353228e+00  5.00000000e+00 
 1.75453228e+00  4.44089210e-16  1.75453228e+00  5.00000000e+00 
 1.75553228e+00  4.44089210e-16  1.75553228e+00  5.00000000e+00 
 1.75653228e+00  4.44089210e-16  1.75653228e+00  5.00000000e+00 
 1.75753228e+00  4.44089210e-16  1.75753228e+00  5.00000000e+00 
 1.75853228e+00  4.44089210e-16  1.75853228e+00  5.00000000e+00 
 1.75953228e+00  4.44089210e-16  1.75953228e+00  5.00000000e+00 
 1.76053228e+00  4.44089210e-16  1.76053228e+00  5.00000000e+00 
 1.76153228e+00  4.44089210e-16  1.76153228e+00  5.00000000e+00 
 1.76253228e+00  4.44089210e-16  1.76253228e+00  5.00000000e+00 
 1.76353228e+00  4.44089210e-16  1.76353228e+00  5.00000000e+00 
 1.76453228e+00  4.44089210e-16  1.76453228e+00  5.00000000e+00 
 1.76553228e+00  4.44089210e-16  1.76553228e+00  5.00000000e+00 
 1.76653228e+00  4.44089210e-16  1.76653228e+00  5.00000000e+00 
 1.76753228e+00  4.44089210e-16  1.76753228e+00  5.00000000e+00 
 1.76853228e+00  4.44089210e-16  1.76853228e+00  5.00000000e+00 
 1.76953228e+00  4.44089210e-16  1.76953228e+00  5.00000000e+00 
 1.77053228e+00  4.44089210e-16  1.77053228e+00  5.00000000e+00 
 1.77153228e+00  4.44089210e-16  1.77153228e+00  5.00000000e+00 
 1.77253228e+00  4.44089210e-16  1.77253228e+00  5.00000000e+00 
 1.77353228e+00  4.44089210e-16  1.77353228e+00  5.00000000e+00 
 1.77453228e+00  4.44089210e-16  1.77453228e+00  5.00000000e+00 
 1.77553228e+00  4.44089210e-16  1.77553228e+00  5.00000000e+00 
 1.77653228e+00  4.44089210e-16  1.77653228e+00  5.00000000e+00 
 1.77753228e+00  4.44089210e-16  1.77753228e+00  5.00000000e+00 
 1.77853228e+00  4.44089210e-16  1.77853228e+00  5.00000000e+00 
 1.77953228e+00  4.44089210e-16  1.77953228e+00  5.00000000e+00 
 1.78053228e+00  4.44089210e-16  1.78053228e+00  5.00000000e+00 
 1.78153228e+00  4.44089210e-16  1.78153228e+00  5.00000000e+00 
 1.78253228e+00  4.44089210e-16  1.78253228e+00  5.00000000e+00 
 1.78353228e+00  4.44089210e-16  1.78353228e+00  5.00000000e+00 
 1.78453228e+00  4.44089210e-16  1.78453228e+00  5.00000000e+00 
 1.78553228e+00  4.44089210e-16  1.78553228e+00  5.00000000e+00 
 1.78653228e+00  4.44089210e-16  1.78653228e+00  5.00000000e+00 
 1.78753228e+00  4.44089210e-16  1.78753228e+00  5.00000000e+00 
 1.78853228e+00  4.44089210e-16  1.78853228e+00  5.00000000e+00 
 1.78953228e+00  4.44089210e-16  1.78953228e+00  5.00000000e+00 
 1.79053228e+00  4.44089210e-16  1.79053228e+00  5.00000000e+00 
 1.79153228e+00  4.44089210e-16  1.79153228e+00  5.00000000e+00 
 1.79253228e+00  4.44089210e-16  1.79253228e+00  5.00000000e+00 
 1.79353228e+00  4.44089210e-16  1.79353228e+00  5.00000000e+00 
 1.79453228e+00  4.44089210e-16  1.79453228e+00  5.00000000e+00 
 1.79553228e+00  4.44089210e-16  1.79553228e+00  5.00000000e+00 
 1.79653228e+00  4.44089210e-16  1.79653228e+00  5.00000000e+00 
 1.79753228e+00  4.44089210e-16  1.79753228e+00  5.00000000e+00 
 1.79853228e+00  4.44089210e-16  1.79853228e+00  5.00000000e+00 
 1.79953228e+00  4.44089210e-16  1.79953228e+00  5.00000000e+00 
 1.80053228e+00  4.44089210e-16  1.80053228e+00  5.00000000e+00 
 1.80153228e+00  4.44089210e-16  1.80153228e+00  5.00000000e+00 
 1.80253228e+00  4.44089210e-16  1.80253228e+00  5.00000000e+00 
 1.80353228e+00  4.44089210e-16  1.80353228e+00  5.00000000e+00 
 1.80453228e+00  4.44089210e-16  1.80453228e+00  5.00000000e+00 
 1.80553228e+00  4.44089210e-16  1.80553228e+00  5.00000000e+00 
 1.80653228e+00  4.44089210e-16  1.80653228e+00  5.00000000e+00 
 1.80753228e+00  4.44089210e-16  1.80753228e+00  5.00000000e+00 
 1.80853228e+00  4.44089210e-16  1.80853228e+00  5.00000000e+00 
 1.80953228e+00  4.44089210e-16  1.80953228e+00  5.00000000e+00 
 1.81053228e+00  4.44089210e-16  1.81053228e+00  5.00000000e+00 
 1.81153228e+00  4.44089210e-16  1.81153228e+00  5.00000000e+00 
 1.81253228e+00  4.44089210e-16  1.81253228e+00  5.00000000e+00 
 1.81353228e+00  4.44089210e-16  1.81353228e+00  5.00000000e+00 
 1.81453228e+00  4.44089210e-16  1.81453228e+00  5.00000000e+00 
 1.81553228e+00  4.44089210e-16  1.81553228e+00  5.00000000e+00 
 1.81653228e+00  4.44089210e-16  1.81653228e+00  5.00000000e+00 
 1.81753228e+00  4.44089210e-16  1.81753228e+00  5.00000000e+00 
 1.81853228e+00  4.44089210e-16  1.81853228e+00  5.00000000e+00 
 1.81953228e+00  4.44089210e-16  1.81953228e+00  5.00000000e+00 
 1.82053228e+00  4.44089210e-16  1.82053228e+00  5.00000000e+00 
 1.82153228e+00  4.44089210e-16  1.82153228e+00  5.00000000e+00 
 1.82253228e+00  4.44089210e-16  1.82253228e+00  5.00000000e+00 
 1.82353228e+00  4.44089210e-16  1.82353228e+00  5.00000000e+00 
 1.82453228e+00  4.44089210e-16  1.82453228e+00  5.00000000e+00 
 1.82553228e+00  4.44089210e-16  1.82553228e+00  5.00000000e+00 
 1.82653228e+00  4.44089210e-16  1.82653228e+00  5.00000000e+00 
 1.82753228e+00  4.44089210e-16  1.82753228e+00  5.00000000e+00 
 1.82853228e+00  4.44089210e-16  1.82853228e+00  5.00000000e+00 
 1.82953228e+00  4.44089210e-16  1.82953228e+00  5.00000000e+00 
 1.83053228e+00  4.44089210e-16  1.83053228e+00  5.00000000e+00 
 1.83153228e+00  4.44089210e-16  1.83153228e+00  5.00000000e+00 
 1.83253228e+00  4.44089210e-16  1.83253228e+00  5.00000000e+00 
 1.83353228e+00  4.44089210e-16  1.83353228e+00  5.00000000e+00 
 1.83453228e+00  4.44089210e-16  1.83453228e+00  5.00000000e+00 
 1.83553228e+00  4.44089210e-16  1.83553228e+00  5.00000000e+00 
 1.83653228e+00  4.44089210e-16  1.83653228e+00  5.00000000e+00 
 1.83753228e+00  4.44089210e-16  1.83753228e+00  5.00000000e+00 
 1.83853228e+00  4.44089210e-16  1.83853228e+00  5.00000000e+00 
 1.83953228e+00  4.44089210e-16  1.83953228e+00  5.00000000e+00 
 1.84053228e+00  4.44089210e-16  1.84053228e+00  5.00000000e+00 
 1.84153228e+00  4.44089210e-16  1.84153228e+00  5.00000000e+00 
 1.84253228e+00  4.44089210e-16  1.84253228e+00  5.00000000e+00 
 1.84353228e+00  4.44089210e-16  1.84353228e+00  5.00000000e+00 
 1.84453228e+00  4.44089210e-16  1.84453228e+00  5.00000000e+00 
 1.84553228e+00  4.44089210e-16  1.84553228e+00  5.00000000e+00 
 1.84653228e+00  4.44089210e-16  1.84653228e+00  5.00000000e+00 
 1.84753228e+00  4.44089210e-16  1.84753228e+00  5.00000000e+00 
 1.84853228e+00  4.44089210e-16  1.84853228e+00  5.00000000e+00 
 1.84953228e+00  4.44089210e-16  1.84953228e+00  5.00000000e+00 
 1.85053228e+00  4.44089210e-16  1.85053228e+00  5.00000000e+00 
 1.85153228e+00  4.44089210e-16  1.85153228e+00  5.00000000e+00 
 1.85253228e+00  4.44089210e-16  1.85253228e+00  5.00000000e+00 
 1.85353228e+00  4.44089210e-16  1.85353228e+00  5.00000000e+00 
 1.85453228e+00  4.44089210e-16  1.85453228e+00  5.00000000e+00 
 1.85553228e+00  4.44089210e-16  1.85553228e+00  5.00000000e+00 
 1.85653228e+00  4.44089210e-16  1.85653228e+00  5.00000000e+00 
 1.85753228e+00  4.44089210e-16  1.85753228e+00  5.00000000e+00 
 1.85853228e+00  4.44089210e-16  1.85853228e+00  5.00000000e+00 
 1.85953228e+00  4.44089210e-16  1.85953228e+00  5.00000000e+00 
 1.86053228e+00  4.44089210e-16  1.86053228e+00  5.00000000e+00 
 1.86153228e+00  4.44089210e-16  1.86153228e+00  5.00000000e+00 
 1.86253228e+00  4.44089210e-16  1.86253228e+00  5.00000000e+00 
 1.86353228e+00  4.44089210e-16  1.86353228e+00  5.00000000e+00 
 1.86453228e+00  4.44089210e-16  1.86453228e+00  5.00000000e+00 
 1.86553228e+00  4.44089210e-16  1.86553228e+00  5.00000000e+00 
 1.86653228e+00  4.44089210e-16  1.86653228e+00  5.00000000e+00 
 1.86753228e+00  4.44089210e-16  1.86753228e+00  5.00000000e+00 
 1.86853228e+00  4.44089210e-16  1.86853228e+00  5.00000000e+00 
 1.86953228e+00  4.44089210e-16  1.86953228e+00  5.00000000e+00 
 1.87053228e+00  4.44089210e-16  1.87053228e+00  5.00000000e+00 
 1.87153228e+00  4.44089210e-16  1.87153228e+00  5.00000000e+00 
 1.87253228e+00  4.44089210e-16  1.87253228e+00  5.00000000e+00 
 1.87353228e+00  4.44089210e-16  1.87353228e+00  5.00000000e+00 
 1.87453228e+00  4.44089210e-16  1.87453228e+00  5.00000000e+00 
 1.87553228e+00  4.44089210e-16  1.87553228e+00  5.00000000e+00 
 1.87653228e+00  4.44089210e-16  1.87653228e+00  5.00000000e+00 
 1.87753228e+00  4.44089210e-16  1.87753228e+00  5.00000000e+00 
 1.87853228e+00  4.44089210e-16  1.87853228e+00  5.00000000e+00 
 1.87953228e+00  4.44089210e-16  1.87953228e+00  5.00000000e+00 
 1.88053228e+00  4.44089210e-16  1.88053228e+00  5.00000000e+00 
 1.88153228e+00  4.44089210e-16  1.88153228e+00  5.00000000e+00 
 1.88253228e+00  4.44089210e-16  1.88253228e+00  5.00000000e+00 
 1.88353228e+00  4.44089210e-16  1.88353228e+00  5.00000000e+00 
 1.88453228e+00  4.44089210e-16  1.88453228e+00  5.00000000e+00 
 1.88553228e+00  4.44089210e-16  1.88553228e+00  5.00000000e+00 
 1.88653228e+00  4.44089210e-16  1.88653228e+00  5.00000000e+00 
 1.88753228e+00  4.44089210e-16  1.88753228e+00  5.00000000e+00 
 1.88853228e+00  4.44089210e-16  1.88853228e+00  5.00000000e+00 
 1.88953228e+00  4.44089210e-16  1.88953228e+00  5.00000000e+00 
 1.89053228e+00  4.44089210e-16  1.89053228e+00  5.00000000e+00 
 1.89153228e+00  4.44089210e-16  1.89153228e+00  5.00000000e+00 
 1.89253228e+00  4.44089210e-16  1.89253228e+00  5.00000000e+00 
 1.89353228e+00  4.44089210e-16  1.89353228e+00  5.00000000e+00 
 1.89453228e+00  4.44089210e-16  1.89453228e+00  5.00000000e+00 
 1.89553228e+00  4.44089210e-16  1.89553228e+00  5.00000000e+00 
 1.89653228e+00  4.44089210e-16  1.89653228e+00  5.00000000e+00 
 1.89753228e+00  4.44089210e-16  1.89753228e+00  5.00000000e+00 
 1.89853228e+00  4.44089210e-16  1.89853228e+00  5.00000000e+00 
 1.89953228e+00  4.44089210e-16  1.89953228e+00  5.00000000e+00 
 1.90053228e+00  4.44089210e-16  1.90053228e+00  5.00000000e+00 
 1.90153228e+00  4.44089210e-16  1.90153228e+00  5.00000000e+00 
 1.90253228e+00  4.44089210e-16  1.90253228e+00  5.00000000e+00 
 1.90353228e+00  4.44089210e-16  1.90353228e+00  5.00000000e+00 
 1.90453228e+00  4.44089210e-16  1.90453228e+00  5.00000000e+00 
 1.90553228e+00  4.44089210e-16  1.90553228e+00  5.00000000e+00 
 1.90653228e+00  4.44089210e-16  1.90653228e+00  5.00000000e+00 
 1.90753228e+00  4.44089210e-16  1.90753228e+00  5.00000000e+00 
 1.90853228e+00  4.44089210e-16  1.90853228e+00  5.00000000e+00 
 1.90953228e+00  4.44089210e-16  1.90953228e+00  5.00000000e+00 
 1.91053228e+00  4.44089210e-16  1.91053228e+00  5.00000000e+00 
 1.91153228e+00  4.44089210e-16  1.91153228e+00  5.00000000e+00 
 1.91253228e+00  4.44089210e-16  1.91253228e+00  5.00000000e+00 
 1.91353228e+00  4.44089210e-16  1.91353228e+00  5.00000000e+00 
 1.91453228e+00  4.44089210e-16  1.91453228e+00  5.00000000e+00 
 1.91553228e+00  4.44089210e-16  1.91553228e+00  5.00000000e+00 
 1.91653228e+00  4.44089210e-16  1.91653228e+00  5.00000000e+00 
 1.91753228e+00  4.44089210e-16  1.91753228e+00  5.00000000e+00 
 1.91853228e+00  4.44089210e-16  1.91853228e+00  5.00000000e+00 
 1.91953228e+00  4.44089210e-16  1.91953228e+00  5.00000000e+00 
 1.92053228e+00  4.44089210e-16  1.92053228e+00  5.00000000e+00 
 1.92153228e+00  4.44089210e-16  1.92153228e+00  5.00000000e+00 
 1.92253228e+00  4.44089210e-16  1.92253228e+00  5.00000000e+00 
 1.92353228e+00  4.44089210e-16  1.92353228e+00  5.00000000e+00 
 1.92453228e+00  4.44089210e-16  1.92453228e+00  5.00000000e+00 
 1.92553228e+00  4.44089210e-16  1.92553228e+00  5.00000000e+00 
 1.92653228e+00  4.44089210e-16  1.92653228e+00  5.00000000e+00 
 1.92753228e+00  4.44089210e-16  1.92753228e+00  5.00000000e+00 
 1.92853228e+00  4.44089210e-16  1.92853228e+00  5.00000000e+00 
 1.92953228e+00  4.44089210e-16  1.92953228e+00  5.00000000e+00 
 1.93053228e+00  4.44089210e-16  1.93053228e+00  5.00000000e+00 
 1.93153228e+00  4.44089210e-16  1.93153228e+00  5.00000000e+00 
 1.93253228e+00  4.44089210e-16  1.93253228e+00  5.00000000e+00 
 1.93353228e+00  4.44089210e-16  1.93353228e+00  5.00000000e+00 
 1.93453228e+00  4.44089210e-16  1.93453228e+00  5.00000000e+00 
 1.93553228e+00  4.44089210e-16  1.93553228e+00  5.00000000e+00 
 1.93653228e+00  4.44089210e-16  1.93653228e+00  5.00000000e+00 
 1.93753228e+00  4.44089210e-16  1.93753228e+00  5.00000000e+00 
 1.93853228e+00  4.44089210e-16  1.93853228e+00  5.00000000e+00 
 1.93953228e+00  4.44089210e-16  1.93953228e+00  5.00000000e+00 
 1.94053228e+00  4.44089210e-16  1.94053228e+00  5.00000000e+00 
 1.94153228e+00  4.44089210e-16  1.94153228e+00  5.00000000e+00 
 1.94253228e+00  4.44089210e-16  1.94253228e+00  5.00000000e+00 
 1.94353228e+00  4.44089210e-16  1.94353228e+00  5.00000000e+00 
 1.94453228e+00  4.44089210e-16  1.94453228e+00  5.00000000e+00 
 1.94553228e+00  4.44089210e-16  1.94553228e+00  5.00000000e+00 
 1.94653228e+00  4.44089210e-16  1.94653228e+00  5.00000000e+00 
 1.94753228e+00  4.44089210e-16  1.94753228e+00  5.00000000e+00 
 1.94853228e+00  4.44089210e-16  1.94853228e+00  5.00000000e+00 
 1.94953228e+00  4.44089210e-16  1.94953228e+00  5.00000000e+00 
 1.95053228e+00  4.44089210e-16  1.95053228e+00  5.00000000e+00 
 1.95153228e+00  4.44089210e-16  1.95153228e+00  5.00000000e+00 
 1.95253228e+00  4.44089210e-16  1.95253228e+00  5.00000000e+00 
 1.95353228e+00  4.44089210e-16  1.95353228e+00  5.00000000e+00 
 1.95453228e+00  4.44089210e-16  1.95453228e+00  5.00000000e+00 
 1.95553228e+00  4.44089210e-16  1.95553228e+00  5.00000000e+00 
 1.95653228e+00  4.44089210e-16  1.95653228e+00  5.00000000e+00 
 1.95753228e+00  4.44089210e-16  1.95753228e+00  5.00000000e+00 
 1.95853228e+00  4.44089210e-16  1.95853228e+00  5.00000000e+00 
 1.95953228e+00  4.44089210e-16  1.95953228e+00  5.00000000e+00 
 1.96053228e+00  4.44089210e-16  1.96053228e+00  5.00000000e+00 
 1.96153228e+00  4.44089210e-16  1.96153228e+00  5.00000000e+00 
 1.96253228e+00  4.44089210e-16  1.96253228e+00  5.00000000e+00 
 1.96353228e+00  4.44089210e-16  1.96353228e+00  5.00000000e+00 
 1.96453228e+00  4.44089210e-16  1.96453228e+00  5.00000000e+00 
 1.96553228e+00  4.44089210e-16  1.96553228e+00  5.00000000e+00 
 1.96653228e+00  4.44089210e-16  1.96653228e+00  5.00000000e+00 
 1.96753228e+00  4.44089210e-16  1.96753228e+00  5.00000000e+00 
 1.96853228e+00  4.44089210e-16  1.96853228e+00  5.00000000e+00 
 1.96953228e+00  4.44089210e-16  1.96953228e+00  5.00000000e+00 
 1.97053228e+00  4.44089210e-16  1.97053228e+00  5.00000000e+00 
 1.97153228e+00  4.44089210e-16  1.97153228e+00  5.00000000e+00 
 1.97253228e+00  4.44089210e-16  1.97253228e+00  5.00000000e+00 
 1.97353228e+00  4.44089210e-16  1.97353228e+00  5.00000000e+00 
 1.97453228e+00  4.44089210e-16  1.97453228e+00  5.00000000e+00 
 1.97553228e+00  4.44089210e-16  1.97553228e+00  5.00000000e+00 
 1.97653228e+00  4.44089210e-16  1.97653228e+00  5.00000000e+00 
 1.97753228e+00  4.44089210e-16  1.97753228e+00  5.00000000e+00 
 1.97853228e+00  4.44089210e-16  1.97853228e+00  5.00000000e+00 
 1.97953228e+00  4.44089210e-16  1.97953228e+00  5.00000000e+00 
 1.98053228e+00  4.44089210e-16  1.98053228e+00  5.00000000e+00 
 1.98153228e+00  4.44089210e-16  1.98153228e+00  5.00000000e+00 
 1.98253228e+00  4.44089210e-16  1.98253228e+00  5.00000000e+00 
 1.98353228e+00  4.44089210e-16  1.98353228e+00  5.00000000e+00 
 1.98453228e+00  4.44089210e-16  1.98453228e+00  5.00000000e+00 
 1.98553228e+00  4.44089210e-16  1.98553228e+00  5.00000000e+00 
 1.98653228e+00  4.44089210e-16  1.98653228e+00  5.00000000e+00 
 1.98753228e+00  4.44089210e-16  1.98753228e+00  5.00000000e+00 
 1.98853228e+00  4.44089210e-16  1.98853228e+00  5.00000000e+00 
 1.98953228e+00  4.44089210e-16  1.98953228e+00  5.00000000e+00 
 1.99053228e+00  4.44089210e-16  1.99053228e+00  5.00000000e+00 
 1.99153228e+00  4.44089210e-16  1.99153228e+00  5.00000000e+00 
 1.99253228e+00  4.44089210e-16  1.99253228e+00  5.00000000e+00 
 1.99353228e+00  4.44089210e-16  1.99353228e+00  5.00000000e+00 
 1.99453228e+00  4.44089210e-16  1.99453228e+00  5.00000000e+00 
 1.99553228e+00  4.44089210e-16  1.99553228e+00  5.00000000e+00 
 1.99653228e+00  4.44089210e-16  1.99653228e+00  5.00000000e+00 
 1.99753228e+00  4.44089210e-16  1.99753228e+00  5.00000000e+00 
 1.99853228e+00  4.44089210e-16  1.99853228e+00  5.00000000e+00 
 1.99953228e+00  4.44089210e-16  1.99953228e+00  5.00000000e+00 
 2.00053228e+00  4.44089210e-16  2.00053228e+00  5.00000000e+00 
 2.00153228e+00  4.44089210e-16  2.00153228e+00  5.00000000e+00 
 2.00253228e+00  4.44089210e-16  2.00253228e+00  5.00000000e+00 
 2.00353228e+00  4.44089210e-16  2.00353228e+00  5.00000000e+00 
 2.00453228e+00  4.44089210e-16  2.00453228e+00  5.00000000e+00 
 2.00553228e+00  4.44089210e-16  2.00553228e+00  5.00000000e+00 
 2.00653228e+00  4.44089210e-16  2.00653228e+00  5.00000000e+00 
 2.00753228e+00  4.44089210e-16  2.00753228e+00  5.00000000e+00 
 2.00853228e+00  4.44089210e-16  2.00853228e+00  5.00000000e+00 
 2.00953228e+00  4.44089210e-16  2.00953228e+00  5.00000000e+00 
 2.01053228e+00  4.44089210e-16  2.01053228e+00  5.00000000e+00 
 2.01153228e+00  4.44089210e-16  2.01153228e+00  5.00000000e+00 
 2.01253228e+00  4.44089210e-16  2.01253228e+00  5.00000000e+00 
 2.01353228e+00  4.44089210e-16  2.01353228e+00  5.00000000e+00 
 2.01453228e+00  4.44089210e-16  2.01453228e+00  5.00000000e+00 
 2.01553228e+00  4.44089210e-16  2.01553228e+00  5.00000000e+00 
 2.01653228e+00  4.44089210e-16  2.01653228e+00  5.00000000e+00 
 2.01753228e+00  4.44089210e-16  2.01753228e+00  5.00000000e+00 
 2.01853228e+00  4.44089210e-16  2.01853228e+00  5.00000000e+00 
 2.01953228e+00  4.44089210e-16  2.01953228e+00  5.00000000e+00 
 2.02053228e+00  4.44089210e-16  2.02053228e+00  5.00000000e+00 
 2.02153228e+00  4.44089210e-16  2.02153228e+00  5.00000000e+00 
 2.02253228e+00  4.44089210e-16  2.02253228e+00  5.00000000e+00 
 2.02353228e+00  4.44089210e-16  2.02353228e+00  5.00000000e+00 
 2.02453228e+00  4.44089210e-16  2.02453228e+00  5.00000000e+00 
 2.02553228e+00  4.44089210e-16  2.02553228e+00  5.00000000e+00 
 2.02653228e+00  4.44089210e-16  2.02653228e+00  5.00000000e+00 
 2.02753228e+00  4.44089210e-16  2.02753228e+00  5.00000000e+00 
 2.02853228e+00  4.44089210e-16  2.02853228e+00  5.00000000e+00 
 2.02953228e+00  4.44089210e-16  2.02953228e+00  5.00000000e+00 
 2.03053228e+00  4.44089210e-16  2.03053228e+00  5.00000000e+00 
 2.03153228e+00  4.44089210e-16  2.03153228e+00  5.00000000e+00 
 2.03253228e+00  4.44089210e-16  2.03253228e+00  5.00000000e+00 
 2.03353228e+00  4.44089210e-16  2.03353228e+00  5.00000000e+00 
 2.03453228e+00  4.44089210e-16  2.03453228e+00  5.00000000e+00 
 2.03553228e+00  4.44089210e-16  2.03553228e+00  5.00000000e+00 
 2.03653228e+00  4.44089210e-16  2.03653228e+00  5.00000000e+00 
 2.03753228e+00  4.44089210e-16  2.03753228e+00  5.00000000e+00 
 2.03853228e+00  4.44089210e-16  2.03853228e+00  5.00000000e+00 
 2.03953228e+00  4.44089210e-16  2.03953228e+00  5.00000000e+00 
 2.04053228e+00  4.44089210e-16  2.04053228e+00  5.00000000e+00 
 2.04153228e+00  4.44089210e-16  2.04153228e+00  5.00000000e+00 
 2.04253228e+00  4.44089210e-16  2.04253228e+00  5.00000000e+00 
 2.04353228e+00  4.44089210e-16  2.04353228e+00  5.00000000e+00 
 2.04453228e+00  4.44089210e-16  2.04453228e+00  5.00000000e+00 
 2.04553228e+00  4.44089210e-16  2.04553228e+00  5.00000000e+00 
 2.04653228e+00  4.44089210e-16  2.04653228e+00  5.00000000e+00 
 2.04753228e+00  4.44089210e-16  2.04753228e+00  5.00000000e+00 
 2.04853228e+00  4.44089210e-16  2.04853228e+00  5.00000000e+00 
 2.04953228e+00  4.44089210e-16  2.04953228e+00  5.00000000e+00 
 2.05000000e+00 -6.47890503e-07  2.05000000e+00  4.99999917e+00 
 2.05000000e+00 -5.00000628e-01  2.05000000e+00  4.49999913e+00 
 2.05000000e+00 -1.50000047e+00  2.05000000e+00  3.49999904e+00 
 2.05000000e+00 -3.49999941e+00  2.05000000e+00  1.49999888e+00 
 2.05000000e+00 -4.99999576e+00  2.05000000e+00  9.74076926e-07 
 2.05000000e+00 -4.99999625e+00  2.05000000e+00  0.00000000e+00 
 2.05000000e+00 -4.99999527e+00  2.05000000e+00  0.00000000e+00 
 2.05000000e+00 -4.99999332e+00  2.05000000e+00  0.00000000e+00 
 2.05000000e+00 -4.99998942e+00  2.05000000e+00  0.00000000e+00 
 2.05000000e+00 -4.99998161e+00  2.05000000e+00  0.00000000e+00 
 2.05000001e+00 -4.99996600e+00  2.05000001e+00  0.00000000e+00 
 2.05000001e+00 -4.99993479e+00  2.05000001e+00  0.00000000e+00 
 2.05000002e+00 -4.99987235e+00  2.05000002e+00  0.00000000e+00 
 2.05000004e+00 -4.99974747e+00  2.05000004e+00  0.00000000e+00 
 2.05000008e+00 -4.99949774e+00  2.05000008e+00  0.00000000e+00 
 2.05000017e+00 -4.99899830e+00  2.05000017e+00  0.00000000e+00 
 2.05000033e+00 -4.99799958e+00  2.05000033e+00  0.00000000e+00 
 2.05000066e+00 -4.99600273e+00  2.05000066e+00  0.00000000e+00 
 2.05000131e+00 -4.99201142e+00  2.05000131e+00  0.00000000e+00 
 2.05000262e+00 -4.98403837e+00  2.05000262e+00  0.00000000e+00 
 2.05000524e+00 -4.96813044e+00  2.05000524e+00  0.00000000e+00 
 2.05001049e+00 -4.93646666e+00  2.05001049e+00  0.00000000e+00 
 2.05002097e+00 -4.87374260e+00  2.05002097e+00  0.00000000e+00 
 2.05004194e+00 -4.75067035e+00  2.05004194e+00  0.00000000e+00 
 2.05008389e+00 -4.51373309e+00  2.05008389e+00  0.00000000e+00 
 2.05016777e+00 -4.07444740e+00  2.05016777e+00  0.00000000e+00 
 2.05033555e+00 -3.31818106e+00  2.05033555e+00  0.00000000e+00 
 2.05067109e+00 -2.19100161e+00  2.05067109e+00  0.00000000e+00 
 2.05134218e+00 -9.18565853e-01  2.05134218e+00  0.00000000e+00 
 2.05196578e+00 -4.12451079e-01  2.05196578e+00  0.00000000e+00 
 2.05245577e+00 -2.22689409e-01  2.05245577e+00  0.00000000e+00 
 2.05298148e+00 -1.14577216e-01  2.05298148e+00  0.00000000e+00 
 2.05351856e+00 -5.80448216e-02  2.05351856e+00  0.00000000e+00 
 2.05409287e+00 -2.79354942e-02  2.05409287e+00  0.00000000e+00 
 2.05463710e+00 -1.40145721e-02  2.05463710e+00  0.00000000e+00 
 2.05518788e+00 -6.96785636e-03  2.05518788e+00  0.00000000e+00 
 2.05572588e+00 -3.52548226e-03  2.05572588e+00  0.00000000e+00 
 2.05627925e+00 -1.74658668e-03  2.05627925e+00  0.00000000e+00 
 2.05682440e+00 -8.75112549e-04  2.05682440e+00  0.00000000e+00 
 2.05737629e+00 -4.34427210e-04  2.05737629e+00  0.00000000e+00 
 2.05792066e+00 -2.17900350e-04  2.05792066e+00  0.00000000e+00 
 2.05847064e+00 -1.08455582e-04  2.05847064e+00  0.00000000e+00 
 2.05901642e+00 -5.42934896e-05  2.05901642e+00  0.00000000e+00 
 2.05956617e+00 -2.70321196e-05  2.05956617e+00  0.00000000e+00 
 2.06011258e+00 -1.35208781e-05  2.06011258e+00  0.00000000e+00 
 2.06066158e+00 -6.73877502e-06  2.06066158e+00  0.00000000e+00 
 2.06120835e+00 -3.36890756e-06  2.06120835e+00  0.00000000e+00 
 2.06175704e+00 -1.67977836e-06  2.06175704e+00  0.00000000e+00 
 2.06230417e+00 -8.39354337e-07  2.06230417e+00  0.00000000e+00 
 2.06285260e+00 -4.18662329e-07  2.06285260e+00  0.00000000e+00 
 2.06348196e+00 -1.86449025e-07  2.06348196e+00  0.00000000e+00 
 2.06425752e+00 -6.67235283e-08  2.06425752e+00  0.00000000e+00 
 2.06525752e+00 -1.61754008e-08  2.06525752e+00  0.00000000e+00 
 2.06625752e+00 -3.92130928e-09  2.06625752e+00  0.00000000e+00 
 2.06725752e+00 -9.50620432e-10  2.06725752e+00  0.00000000e+00 
 2.06825752e+00 -2.30453438e-10  2.06825752e+00  0.00000000e+00 
 2.06925752e+00 -5.58675001e-11  2.06925752e+00  0.00000000e+00 
 2.07025752e+00 -1.35436364e-11  2.07025752e+00  0.00000000e+00 
 2.07125752e+00 -3.28330579e-12  2.07125752e+00  0.00000000e+00 
 2.07225752e+00 -7.95952920e-13  2.07225752e+00  0.00000000e+00 
 2.07325752e+00 -1.92958284e-13  2.07325752e+00  0.00000000e+00 
 2.07425752e+00 -4.67777657e-14  2.07425752e+00  0.00000000e+00 
 2.07525752e+00 -1.13400644e-14  2.07525752e+00  0.00000000e+00 
 2.07625752e+00 -2.74910652e-15  2.07625752e+00  0.00000000e+00 
 2.07725752e+00 -6.66450067e-16  2.07725752e+00  0.00000000e+00 
 2.07825752e+00 -1.61563653e-16  2.07825752e+00  0.00000000e+00 
 2.07925752e+00 -3.91669461e-17  2.07925752e+00  0.00000000e+00 
 2.08025752e+00 -9.49501723e-18  2.08025752e+00  0.00000000e+00 
 2.08125752e+00 -2.30182236e-18  2.08125752e+00  0.00000000e+00 
 2.08225752e+00 -5.58017541e-19  2.08225752e+00  0.00000000e+00 
 2.08325752e+00 -1.35276980e-19  2.08325752e+00  0.00000000e+00 
 2.08425752e+00 -3.27944193e-20  2.08425752e+00  0.00000000e+00 
 2.08525752e+00 -7.95016226e-21  2.08525752e+00  0.00000000e+00 
 2.08625752e+00 -1.92731206e-21  2.08625752e+00  0.00000000e+00 
 2.08725752e+00 -4.67227167e-22  2.08725752e+00  0.00000000e+00 
 2.08825752e+00 -1.13267192e-22  2.08825752e+00  0.00000000e+00 
 2.08925752e+00 -2.74587132e-23  2.08925752e+00  0.00000000e+00 
 2.09025752e+00 -6.65665775e-24  2.09025752e+00  0.00000000e+00 
 2.09125752e+00 -1.61373521e-24  2.09125752e+00  0.00000000e+00 
 2.09225752e+00 -3.91208536e-25  2.09225752e+00  0.00000000e+00 
 2.09325752e+00 -9.48384330e-26  2.09325752e+00  0.00000000e+00 
 2.09425752e+00 -2.29911353e-26  2.09425752e+00  0.00000000e+00 
 2.09525752e+00 -5.57360855e-27  2.09525752e+00  0.00000000e+00 
 2.09625752e+00 -1.35117783e-27  2.09625752e+00  0.00000000e+00 
 2.09725752e+00 -3.27558262e-28  2.09725752e+00  0.00000000e+00 
 2.09825752e+00 -7.94080635e-29  2.09825752e+00  0.00000000e+00 
 2.09925752e+00 -1.92504396e-29  2.09925752e+00  0.00000000e+00 
 2.10025752e+00 -4.66677324e-30  2.10025752e+00  0.00000000e+00 
 2.10125752e+00 -1.13133897e-30  2.10125752e+00  0.00000000e+00 
 2.10225752e+00 -2.74263992e-31  2.10225752e+00  0.00000000e+00 
 2.10325752e+00 -6.64882406e-32  2.10325752e+00  0.00000000e+00 
 2.10425752e+00 -1.61183614e-32  2.10425752e+00  0.00000000e+00 
 2.10525752e+00 -3.90748154e-33  2.10525752e+00  0.00000000e+00 
 2.10625752e+00 -9.47268252e-34  2.10625752e+00  0.00000000e+00 
 2.10725752e+00 -2.29640788e-34  2.10725752e+00  0.00000000e+00 
 2.10825752e+00 -5.56704941e-35  2.10825752e+00  0.00000000e+00 
 2.10925752e+00 -1.34958774e-35  2.10925752e+00  0.00000000e+00 
 2.11025752e+00 -3.27172785e-36  2.11025752e+00  0.00000000e+00 
 2.11125752e+00 -7.93146145e-37  2.11125752e+00  0.00000000e+00 
 2.11225752e+00 -1.92277853e-37  2.11225752e+00  0.00000000e+00 
 2.11325752e+00 -4.66128129e-38  2.11325752e+00  0.00000000e+00 
 2.11425752e+00 -1.13000759e-38  2.11425752e+00  0.00000000e+00 
 2.11525752e+00 -2.73941233e-39  2.11525752e+00  0.00000000e+00 
 2.11625752e+00 -6.64099959e-40  2.11625752e+00  0.00000000e+00 
 2.11725752e+00 -1.60993929e-40  2.11725752e+00  0.00000000e+00 
 2.11825752e+00 -3.90288314e-41  2.11825752e+00  0.00000000e+00 
 2.11925752e+00 -9.46153487e-42  2.11925752e+00  0.00000000e+00 
 2.12025752e+00 -2.29370542e-42  2.12025752e+00  0.00000000e+00 
 2.12125752e+00 -5.56049800e-43  2.12125752e+00  0.00000000e+00 
 2.12225752e+00 -1.34799951e-43  2.12225752e+00  0.00000000e+00 
 2.12325752e+00 -3.26787761e-44  2.12325752e+00  0.00000000e+00 
 2.12425752e+00 -7.92212754e-45  2.12425752e+00  0.00000000e+00 
 2.12525752e+00 -1.92051577e-45  2.12525752e+00  0.00000000e+00 
 2.12625752e+00 -4.65579580e-46  2.12625752e+00  0.00000000e+00 
 2.12725752e+00 -1.12867777e-46  2.12725752e+00  0.00000000e+00 
 2.12825752e+00 -2.73618853e-47  2.12825752e+00  0.00000000e+00 
 2.12925752e+00 -6.63318432e-48  2.12925752e+00  0.00000000e+00 
 2.13025752e+00 -1.60804468e-48  2.13025752e+00  0.00000000e+00 
 2.13125752e+00 -3.89829014e-49  2.13125752e+00  0.00000000e+00 
 2.13225752e+00 -9.45040035e-50  2.13225752e+00  0.00000000e+00 
 2.13325752e+00 -2.29100615e-50  2.13325752e+00  0.00000000e+00 
 2.13425752e+00 -5.55395429e-51  2.13425752e+00  0.00000000e+00 
 2.13525752e+00 -1.34641316e-51  2.13525752e+00  0.00000000e+00 
 2.13625752e+00 -3.26403191e-52  2.13625752e+00  0.00000000e+00 
 2.13725752e+00 -7.91280462e-53  2.13725752e+00  0.00000000e+00 
 2.13825752e+00 -1.91825567e-53  2.13825752e+00  0.00000000e+00 
 2.13925752e+00 -4.65031677e-54  2.13925752e+00  0.00000000e+00 
 2.14025752e+00 -1.12734952e-54  2.14025752e+00  0.00000000e+00 
 2.14125752e+00 -2.73296853e-55  2.14125752e+00  0.00000000e+00 
 2.14225752e+00 -6.62537826e-56  2.14225752e+00  0.00000000e+00 
 2.14325752e+00 -1.60615230e-56  2.14325752e+00  0.00000000e+00 
 2.14425752e+00 -3.89370256e-57  2.14425752e+00  0.00000000e+00 
 2.14525752e+00 -9.43927893e-58  2.14525752e+00  0.00000000e+00 
 2.14625752e+00 -2.28831004e-58  2.14625752e+00  0.00000000e+00 
 2.14725752e+00 -5.54741829e-59  2.14725752e+00  0.00000000e+00 
 2.14825752e+00 -1.34482868e-59  2.14825752e+00  0.00000000e+00 
 2.14925752e+00 -3.26019073e-60  2.14925752e+00  0.00000000e+00 
 2.15025752e+00 -7.90349267e-61  2.15025752e+00  0.00000000e+00 
 2.15125752e+00 -1.91599822e-61  2.15125752e+00  0.00000000e+00 
 2.15225752e+00 -4.64484418e-62  2.15225752e+00  0.00000000e+00 
 2.15325752e+00 -1.12602283e-62  2.15325752e+00  0.00000000e+00 
 2.15425752e+00 -2.72975232e-63  2.15425752e+00  0.00000000e+00 
 2.15525752e+00 -6.61758138e-64  2.15525752e+00  0.00000000e+00 
 2.15625752e+00 -1.60426215e-64  2.15625752e+00  0.00000000e+00 
 2.15725752e+00 -3.88912037e-65  2.15725752e+00  0.00000000e+00 
 2.15825752e+00 -9.42817059e-66  2.15825752e+00  0.00000000e+00 
 2.15925752e+00 -2.28561711e-66  2.15925752e+00  0.00000000e+00 
 2.16025752e+00 -5.54088997e-67  2.16025752e+00  0.00000000e+00 
 2.16125752e+00 -1.34324605e-67  2.16125752e+00  0.00000000e+00 
 2.16225752e+00 -3.25635407e-68  2.16225752e+00  0.00000000e+00 
 2.16325752e+00 -7.89419168e-69  2.16325752e+00  0.00000000e+00 
 2.16425752e+00 -1.91374344e-69  2.16425752e+00  0.00000000e+00 
 2.16525752e+00 -4.63937803e-70  2.16525752e+00  0.00000000e+00 
 2.16625752e+00 -1.12469770e-70  2.16625752e+00  0.00000000e+00 
 2.16725752e+00 -2.72653989e-71  2.16725752e+00  0.00000000e+00 
 2.16825752e+00 -6.60979367e-72  2.16825752e+00  0.00000000e+00 
 2.16925752e+00 -1.60237422e-72  2.16925752e+00  0.00000000e+00 
 2.17025752e+00 -3.88454357e-73  2.17025752e+00  0.00000000e+00 
 2.17125752e+00 -9.41707533e-74  2.17125752e+00  0.00000000e+00 
 2.17225752e+00 -2.28292735e-74  2.17225752e+00  0.00000000e+00 
 2.17325752e+00 -5.53436934e-75  2.17325752e+00  0.00000000e+00 
 2.17425752e+00 -1.34166529e-75  2.17425752e+00  0.00000000e+00 
 2.17525752e+00 -3.25252193e-76  2.17525752e+00  0.00000000e+00 
 2.17625752e+00 -7.88490164e-77  2.17625752e+00  0.00000000e+00 
 2.17725752e+00 -1.91149131e-77  2.17725752e+00  0.00000000e+00 
 2.17825752e+00 -4.63391832e-78  2.17825752e+00  0.00000000e+00 
 2.17925752e+00 -1.12337414e-78  2.17925752e+00  0.00000000e+00 
 2.18025752e+00 -2.72333124e-79  2.18025752e+00  0.00000000e+00 
 2.18125752e+00 -6.60201513e-80  2.18125752e+00  0.00000000e+00 
 2.18225752e+00 -1.60048852e-80  2.18225752e+00  0.00000000e+00 
 2.18325752e+00 -3.87997216e-81  2.18325752e+00  0.00000000e+00 
 2.18425752e+00 -9.40599312e-82  2.18425752e+00  0.00000000e+00 
 2.18525752e+00 -2.28024076e-82  2.18525752e+00  0.00000000e+00 
 2.18625752e+00 -5.52785638e-83  2.18625752e+00  0.00000000e+00 
 2.18725752e+00 -1.34008640e-83  2.18725752e+00  0.00000000e+00 
 2.18825752e+00 -3.24869429e-84  2.18825752e+00  0.00000000e+00 
 2.18925752e+00 -7.87562253e-85  2.18925752e+00  0.00000000e+00 
 2.19025752e+00 -1.90924182e-85  2.19025752e+00  0.00000000e+00 
 2.19125752e+00 -4.62846503e-86  2.19125752e+00  0.00000000e+00 
 2.19225752e+00 -1.12205213e-86  2.19225752e+00  0.00000000e+00 
 2.19325752e+00 -2.72012637e-87  2.19325752e+00  0.00000000e+00 
 2.19425752e+00 -6.59424575e-88  2.19425752e+00  0.00000000e+00 
 2.19525752e+00 -1.59860503e-88  2.19525752e+00  0.00000000e+00 
 2.19625752e+00 -3.87540613e-89  2.19625752e+00  0.00000000e+00 
 2.19725752e+00 -9.39492396e-90  2.19725752e+00  0.00000000e+00 
 2.19825752e+00 -2.27755732e-90  2.19825752e+00  0.00000000e+00 
 2.19925752e+00 -5.52135109e-91  2.19925752e+00  0.00000000e+00 
 2.20025752e+00 -1.33850935e-91  2.20025752e+00  0.00000000e+00 
 2.20125752e+00 -3.24487116e-92  2.20125752e+00  0.00000000e+00 
 2.20225752e+00 -7.86635433e-93  2.20225752e+00  0.00000000e+00 
 2.20325752e+00 -1.90699499e-93  2.20325752e+00  0.00000000e+00 
 2.20425752e+00 -4.62301816e-94  2.20425752e+00  0.00000000e+00 
 2.20525752e+00 -1.12073167e-94  2.20525752e+00  0.00000000e+00 
 2.20625752e+00 -2.71692527e-95  2.20625752e+00  0.00000000e+00 
 2.20725752e+00 -6.58648551e-96  2.20725752e+00  0.00000000e+00 
 2.20825752e+00 -1.59672376e-96  2.20825752e+00  0.00000000e+00 
 2.20925752e+00 -3.87084548e-97  2.20925752e+00  0.00000000e+00 
 2.21025752e+00 -9.38386782e-98  2.21025752e+00  0.00000000e+00 
 2.21125752e+00 -2.27487705e-98  2.21125752e+00  0.00000000e+00 
 2.21225752e+00 -5.51485345e-99  2.21225752e+00  0.00000000e+00 
 2.21325752e+00 -1.33693417e-99  2.21325752e+00  0.00000000e+00 
 2.21425752e+00 -3.24105253e-100  2.21425752e+00  0.00000000e+00 
 2.21525752e+00 -7.85709705e-101  2.21525752e+00  0.00000000e+00 
 2.21625752e+00 -1.90475080e-101  2.21625752e+00  0.00000000e+00 
 2.21725752e+00 -4.61757770e-102  2.21725752e+00  0.00000000e+00 
 2.21825752e+00 -1.11941277e-102  2.21825752e+00  0.00000000e+00 
 2.21925752e+00 -2.71372794e-103  2.21925752e+00  0.00000000e+00 
 2.22025752e+00 -6.57873440e-104  2.22025752e+00  0.00000000e+00 
 2.22125752e+00 -1.59484470e-104  2.22125752e+00  0.00000000e+00 
 2.22225752e+00 -3.86629019e-105  2.22225752e+00  0.00000000e+00 
 2.22325752e+00 -9.37282470e-106  2.22325752e+00  0.00000000e+00 
 2.22425752e+00 -2.27219993e-106  2.22425752e+00  0.00000000e+00 
 2.22525752e+00 -5.50836346e-107  2.22525752e+00  0.00000000e+00 
 2.22625752e+00 -1.33536084e-107  2.22625752e+00  0.00000000e+00 
 2.22725752e+00 -3.23723840e-108  2.22725752e+00  0.00000000e+00 
 2.22825752e+00 -7.84785066e-109  2.22825752e+00  0.00000000e+00 
 2.22925752e+00 -1.90250925e-109  2.22925752e+00  0.00000000e+00 
 2.23025752e+00 -4.61214364e-110  2.23025752e+00  0.00000000e+00 
 2.23125752e+00 -1.11809543e-110  2.23125752e+00  0.00000000e+00 
 2.23225752e+00 -2.71053437e-111  2.23225752e+00  0.00000000e+00 
 2.23325752e+00 -6.57099241e-112  2.23325752e+00  0.00000000e+00 
 2.23425752e+00 -1.59296786e-112  2.23425752e+00  0.00000000e+00 
 2.23525752e+00 -3.86174026e-113  2.23525752e+00  0.00000000e+00 
 2.23625752e+00 -9.36179457e-114  2.23625752e+00  0.00000000e+00 
 2.23725752e+00 -2.26952596e-114  2.23725752e+00  0.00000000e+00 
 2.23825752e+00 -5.50188110e-115  2.23825752e+00  0.00000000e+00 
 2.23925752e+00 -1.33378936e-115  2.23925752e+00  0.00000000e+00 
 2.24025752e+00 -3.23342875e-116  2.24025752e+00  0.00000000e+00 
 2.24125752e+00 -7.83861515e-117  2.24125752e+00  0.00000000e+00 
 2.24225752e+00 -1.90027034e-117  2.24225752e+00  0.00000000e+00 
 2.24325752e+00 -4.60671597e-118  2.24325752e+00  0.00000000e+00 
 2.24425752e+00 -1.11677963e-118  2.24425752e+00  0.00000000e+00 
 2.24525752e+00 -2.70734456e-119  2.24525752e+00  0.00000000e+00 
 2.24625752e+00 -6.56325953e-120  2.24625752e+00  0.00000000e+00 
 2.24725752e+00 -1.59109322e-120  2.24725752e+00  0.00000000e+00 
 2.24825752e+00 -3.85719568e-121  2.24825752e+00  0.00000000e+00 
 2.24925752e+00 -9.35077742e-122  2.24925752e+00  0.00000000e+00 
 2.25025752e+00 -2.26685513e-122  2.25025752e+00  0.00000000e+00 
 2.25125752e+00 -5.49540638e-123  2.25125752e+00  0.00000000e+00 
 2.25225752e+00 -1.33221973e-123  2.25225752e+00  0.00000000e+00 
 2.25325752e+00 -3.22962358e-124  2.25325752e+00  0.00000000e+00 
 2.25425752e+00 -7.82939051e-125  2.25425752e+00  0.00000000e+00 
 2.25525752e+00 -1.89803406e-125  2.25525752e+00  0.00000000e+00 
 2.25625752e+00 -4.60129470e-126  2.25625752e+00  0.00000000e+00 
 2.25725752e+00 -1.11546538e-126  2.25725752e+00  0.00000000e+00 
 2.25825752e+00 -2.70415850e-127  2.25825752e+00  0.00000000e+00 
 2.25925752e+00 -6.55553576e-128  2.25925752e+00  0.00000000e+00 
 2.26025752e+00 -1.58922079e-128  2.26025752e+00  0.00000000e+00 
 2.26125752e+00 -3.85265646e-129  2.26125752e+00  0.00000000e+00 
 2.26225752e+00 -9.33977323e-130  2.26225752e+00  0.00000000e+00 
 2.26325752e+00 -2.26418745e-130  2.26325752e+00  0.00000000e+00 
 2.26425752e+00 -5.48893927e-131  2.26425752e+00  0.00000000e+00 
 2.26525752e+00 -1.33065195e-131  2.26525752e+00  0.00000000e+00 
 2.26625752e+00 -3.22582290e-132  2.26625752e+00  0.00000000e+00 
 2.26725752e+00 -7.82017672e-133  2.26725752e+00  0.00000000e+00 
 2.26825752e+00 -1.89580042e-133  2.26825752e+00  0.00000000e+00 
 2.26925752e+00 -4.59587980e-134  2.26925752e+00  0.00000000e+00 
 2.27025752e+00 -1.11415268e-134  2.27025752e+00  0.00000000e+00 
 2.27125752e+00 -2.70097619e-135  2.27125752e+00  0.00000000e+00 
 2.27225752e+00 -6.54782107e-136  2.27225752e+00  0.00000000e+00 
 2.27325752e+00 -1.58735056e-136  2.27325752e+00  0.00000000e+00 
 2.27425752e+00 -3.84812257e-137  2.27425752e+00  0.00000000e+00 
 2.27525752e+00 -9.32878200e-138  2.27525752e+00  0.00000000e+00 
 2.27625752e+00 -2.26152291e-138  2.27625752e+00  0.00000000e+00 
 2.27725752e+00 -5.48247978e-139  2.27725752e+00  0.00000000e+00 
 2.27825752e+00 -1.32908601e-139  2.27825752e+00  0.00000000e+00 
 2.27925752e+00 -3.22202668e-140  2.27925752e+00  0.00000000e+00 
 2.28025752e+00 -7.81097378e-141  2.28025752e+00  0.00000000e+00 
 2.28125752e+00 -1.89356940e-141  2.28125752e+00  0.00000000e+00 
 2.28225752e+00 -4.59047127e-142  2.28225752e+00  0.00000000e+00 
 2.28325752e+00 -1.11284152e-142  2.28325752e+00  0.00000000e+00 
 2.28425752e+00 -2.69779763e-143  2.28425752e+00  0.00000000e+00 
 2.28525752e+00 -6.54011546e-144  2.28525752e+00  0.00000000e+00 
 2.28625752e+00 -1.58548254e-144  2.28625752e+00  0.00000000e+00 
 2.28725752e+00 -3.84359403e-145  2.28725752e+00  0.00000000e+00 
 2.28825752e+00 -9.31780370e-146  2.28825752e+00  0.00000000e+00 
 2.28925752e+00 -2.25886150e-146  2.28925752e+00  0.00000000e+00 
 2.29025752e+00 -5.47602789e-147  2.29025752e+00  0.00000000e+00 
 2.29125752e+00 -1.32752191e-147  2.29125752e+00  0.00000000e+00 
 2.29225752e+00 -3.21823494e-148  2.29225752e+00  0.00000000e+00 
 2.29325752e+00 -7.80178167e-149  2.29325752e+00  0.00000000e+00 
 2.29425752e+00 -1.89134101e-149  2.29425752e+00  0.00000000e+00 
 2.29525752e+00 -4.58506912e-150  2.29525752e+00  0.00000000e+00 
 2.29625752e+00 -1.11153191e-150  2.29625752e+00  0.00000000e+00 
 2.29725752e+00 -2.69462280e-151  2.29725752e+00  0.00000000e+00 
 2.29825752e+00 -6.53241892e-152  2.29825752e+00  0.00000000e+00 
 2.29925752e+00 -1.58361671e-152  2.29925752e+00  0.00000000e+00 
 2.30025752e+00 -3.83907081e-153  2.30025752e+00  0.00000000e+00 
 2.30125752e+00 -9.30683832e-154  2.30125752e+00  0.00000000e+00 
 2.30225752e+00 -2.25620323e-154  2.30225752e+00  0.00000000e+00 
 2.30325752e+00 -5.46958358e-155  2.30325752e+00  0.00000000e+00 
 2.30425752e+00 -1.32595966e-155  2.30425752e+00  0.00000000e+00 
 2.30525752e+00 -3.21444765e-156  2.30525752e+00  0.00000000e+00 
 2.30625752e+00 -7.79260037e-157  2.30625752e+00  0.00000000e+00 
 2.30725752e+00 -1.88911524e-157  2.30725752e+00  0.00000000e+00 
 2.30825752e+00 -4.57967331e-158  2.30825752e+00  0.00000000e+00 
 2.30925752e+00 -1.11022383e-158  2.30925752e+00  0.00000000e+00 
 2.31025752e+00 -2.69145172e-159  2.31025752e+00  0.00000000e+00 
 2.31125752e+00 -6.52473144e-160  2.31125752e+00  0.00000000e+00 
 2.31225752e+00 -1.58175308e-160  2.31225752e+00  0.00000000e+00 
 2.31325752e+00 -3.83455291e-161  2.31325752e+00  0.00000000e+00 
 2.31425752e+00 -9.29588584e-162  2.31425752e+00  0.00000000e+00 
 2.31525752e+00 -2.25354808e-162  2.31525752e+00  0.00000000e+00 
 2.31625752e+00 -5.46314687e-163  2.31625752e+00  0.00000000e+00 
 2.31725752e+00 -1.32439924e-163  2.31725752e+00  0.00000000e+00 
 2.31825752e+00 -3.21066483e-164  2.31825752e+00  0.00000000e+00 
 2.31925752e+00 -7.78342988e-165  2.31925752e+00  0.00000000e+00 
 2.32025752e+00 -1.88689209e-165  2.32025752e+00  0.00000000e+00 
 2.32125752e+00 -4.57428386e-166  2.32125752e+00  0.00000000e+00 
 2.32225752e+00 -1.10891730e-166  2.32225752e+00  0.00000000e+00 
 2.32325752e+00 -2.68828436e-167  2.32325752e+00  0.00000000e+00 
 2.32425752e+00 -6.51705300e-168  2.32425752e+00  0.00000000e+00 
 2.32525752e+00 -1.57989164e-168  2.32525752e+00  0.00000000e+00 
 2.32625752e+00 -3.83004033e-169  2.32625752e+00  0.00000000e+00 
 2.32725752e+00 -9.28494626e-170  2.32725752e+00  0.00000000e+00 
 2.32825752e+00 -2.25089606e-170  2.32825752e+00  0.00000000e+00 
 2.32925752e+00 -5.45671773e-171  2.32925752e+00  0.00000000e+00 
 2.33025752e+00 -1.32284066e-171  2.33025752e+00  0.00000000e+00 
 2.33125752e+00 -3.20688645e-172  2.33125752e+00  0.00000000e+00 
 2.33225752e+00 -7.77427018e-173  2.33225752e+00  0.00000000e+00 
 2.33325752e+00 -1.88467156e-173  2.33325752e+00  0.00000000e+00 
 2.33425752e+00 -4.56890075e-174  2.33425752e+00  0.00000000e+00 
 2.33525752e+00 -1.10761230e-174  2.33525752e+00  0.00000000e+00 
 2.33625752e+00 -2.68512073e-175  2.33625752e+00  0.00000000e+00 
 2.33725752e+00 -6.50938360e-176  2.33725752e+00  0.00000000e+00 
 2.33825752e+00 -1.57803239e-176  2.33825752e+00  0.00000000e+00 
 2.33925752e+00 -3.82553306e-177  2.33925752e+00  0.00000000e+00 
 2.34025752e+00 -9.27401954e-178  2.34025752e+00  0.00000000e+00 
 2.34125752e+00 -2.24824716e-178  2.34125752e+00  0.00000000e+00 
 2.34225752e+00 -5.45029615e-179  2.34225752e+00  0.00000000e+00 
 2.34325752e+00 -1.32128392e-179  2.34325752e+00  0.00000000e+00 
 2.34425752e+00 -3.20311252e-180  2.34425752e+00  0.00000000e+00 
 2.34525752e+00 -7.76512126e-181  2.34525752e+00  0.00000000e+00 
 2.34625752e+00 -1.88245364e-181  2.34625752e+00  0.00000000e+00 
 2.34725752e+00 -4.56352398e-182  2.34725752e+00  0.00000000e+00 
 2.34825752e+00 -1.10630884e-182  2.34825752e+00  0.00000000e+00 
 2.34925752e+00 -2.68196083e-183  2.34925752e+00  0.00000000e+00 
 2.35025752e+00 -6.50172322e-184  2.35025752e+00  0.00000000e+00 
 2.35125752e+00 -1.57617533e-184  2.35125752e+00  0.00000000e+00 
 2.35225752e+00 -3.82103110e-185  2.35225752e+00  0.00000000e+00 
 2.35325752e+00 -9.26310569e-186  2.35325752e+00  0.00000000e+00 
 2.35425752e+00 -2.24560138e-186  2.35425752e+00  0.00000000e+00 
 2.35525752e+00 -5.44388213e-187  2.35525752e+00  0.00000000e+00 
 2.35625752e+00 -1.31972900e-187  2.35625752e+00  0.00000000e+00 
 2.35725752e+00 -3.19934303e-188  2.35725752e+00  0.00000000e+00 
 2.35825752e+00 -7.75598311e-189  2.35825752e+00  0.00000000e+00 
 2.35925752e+00 -1.88023833e-189  2.35925752e+00  0.00000000e+00 
 2.36025752e+00 -4.55815353e-190  2.36025752e+00  0.00000000e+00 
 2.36125752e+00 -1.10500692e-190  2.36125752e+00  0.00000000e+00 
 2.36225752e+00 -2.67880464e-191  2.36225752e+00  0.00000000e+00 
 2.36325752e+00 -6.49407187e-192  2.36325752e+00  0.00000000e+00 
 2.36425752e+00 -1.57432045e-192  2.36425752e+00  0.00000000e+00 
 2.36525752e+00 -3.81653443e-193  2.36525752e+00  0.00000000e+00 
 2.36625752e+00 -9.25220468e-194  2.36625752e+00  0.00000000e+00 
 2.36725752e+00 -2.24295871e-194  2.36725752e+00  0.00000000e+00 
 2.36825752e+00 -5.43747566e-195  2.36825752e+00  0.00000000e+00 
 2.36925752e+00 -1.31817592e-195  2.36925752e+00  0.00000000e+00 
 2.37025752e+00 -3.19557798e-196  2.37025752e+00  0.00000000e+00 
 2.37125752e+00 -7.74685571e-197  2.37125752e+00  0.00000000e+00 
 2.37225752e+00 -1.87802563e-197  2.37225752e+00  0.00000000e+00 
 2.37325752e+00 -4.55278940e-198  2.37325752e+00  0.00000000e+00 
 2.37425752e+00 -1.10370652e-198  2.37425752e+00  0.00000000e+00 
 2.37525752e+00 -2.67565217e-199  2.37525752e+00  0.00000000e+00 
 2.37625752e+00 -6.48642951e-200  2.37625752e+00  0.00000000e+00 
 2.37725752e+00 -1.57246776e-200  2.37725752e+00  0.00000000e+00 
 2.37825752e+00 -3.81204305e-201  2.37825752e+00  0.00000000e+00 
 2.37925752e+00 -9.24131650e-202  2.37925752e+00  0.00000000e+00 
 2.38025752e+00 -2.24031915e-202  2.38025752e+00  0.00000000e+00 
 2.38125752e+00 -5.43107673e-203  2.38125752e+00  0.00000000e+00 
 2.38225752e+00 -1.31662466e-203  2.38225752e+00  0.00000000e+00 
 2.38325752e+00 -3.19181736e-204  2.38325752e+00  0.00000000e+00 
 2.38425752e+00 -7.73773906e-205  2.38425752e+00  0.00000000e+00 
 2.38525752e+00 -1.87581553e-205  2.38525752e+00  0.00000000e+00 
 2.38625752e+00 -4.54743159e-206  2.38625752e+00  0.00000000e+00 
 2.38725752e+00 -1.10240766e-206  2.38725752e+00  0.00000000e+00 
 2.38825752e+00 -2.67250341e-207  2.38825752e+00  0.00000000e+00 
 2.38925752e+00 -6.47879615e-208  2.38925752e+00  0.00000000e+00 
 2.39025752e+00 -1.57061725e-208  2.39025752e+00  0.00000000e+00 
 2.39125752e+00 -3.80755696e-209  2.39125752e+00  0.00000000e+00 
 2.39225752e+00 -9.23044113e-210  2.39225752e+00  0.00000000e+00 
 2.39325752e+00 -2.23768270e-210  2.39325752e+00  0.00000000e+00 
 2.39425752e+00 -5.42468533e-211  2.39425752e+00  0.00000000e+00 
 2.39525752e+00 -1.31507523e-211  2.39525752e+00  0.00000000e+00 
 2.39625752e+00 -3.18806117e-212  2.39625752e+00  0.00000000e+00 
 2.39725752e+00 -7.72863313e-213  2.39725752e+00  0.00000000e+00 
 2.39825752e+00 -1.87360803e-213  2.39825752e+00  0.00000000e+00 
 2.39925752e+00 -4.54208008e-214  2.39925752e+00  0.00000000e+00 
 2.40025752e+00 -1.10111032e-214  2.40025752e+00  0.00000000e+00 
 2.40125752e+00 -2.66935835e-215  2.40125752e+00  0.00000000e+00 
 2.40225752e+00 -6.47117177e-216  2.40225752e+00  0.00000000e+00 
 2.40325752e+00 -1.56876891e-216  2.40325752e+00  0.00000000e+00 
 2.40425752e+00 -3.80307615e-217  2.40425752e+00  0.00000000e+00 
 2.40525752e+00 -9.21957856e-218  2.40525752e+00  0.00000000e+00 
 2.40625752e+00 -2.23504935e-218  2.40625752e+00  0.00000000e+00 
 2.40725752e+00 -5.41830145e-219  2.40725752e+00  0.00000000e+00 
 2.40825752e+00 -1.31352762e-219  2.40825752e+00  0.00000000e+00 
 2.40925752e+00 -3.18430939e-220  2.40925752e+00  0.00000000e+00 
 2.41025752e+00 -7.71953792e-221  2.41025752e+00  0.00000000e+00 
 2.41125752e+00 -1.87140313e-221  2.41125752e+00  0.00000000e+00 
 2.41225752e+00 -4.53673486e-222  2.41225752e+00  0.00000000e+00 
 2.41325752e+00 -1.09981451e-222  2.41325752e+00  0.00000000e+00 
 2.41425752e+00 -2.66621700e-223  2.41425752e+00  0.00000000e+00 
 2.41525752e+00 -6.46355636e-224  2.41525752e+00  0.00000000e+00 
 2.41625752e+00 -1.56692275e-224  2.41625752e+00  0.00000000e+00 
 2.41725752e+00 -3.79860062e-225  2.41725752e+00  0.00000000e+00 
 2.41825752e+00 -9.20872877e-226  2.41825752e+00  0.00000000e+00 
 2.41925752e+00 -2.23241910e-226  2.41925752e+00  0.00000000e+00 
 2.42025752e+00 -5.41192508e-227  2.42025752e+00  0.00000000e+00 
 2.42125752e+00 -1.31198184e-227  2.42125752e+00  0.00000000e+00 
 2.42225752e+00 -3.18056203e-228  2.42225752e+00  0.00000000e+00 
 2.42325752e+00 -7.71045341e-229  2.42325752e+00  0.00000000e+00 
 2.42425752e+00 -1.86920083e-229  2.42425752e+00  0.00000000e+00 
 2.42525752e+00 -4.53139594e-230  2.42525752e+00  0.00000000e+00 
 2.42625752e+00 -1.09852023e-230  2.42625752e+00  0.00000000e+00 
 2.42725752e+00 -2.66307934e-231  2.42725752e+00  0.00000000e+00 
 2.42825752e+00 -6.45594992e-232  2.42825752e+00  0.00000000e+00 
 2.42925752e+00 -1.56507877e-232  2.42925752e+00  0.00000000e+00 
 2.43025752e+00 -3.79413035e-233  2.43025752e+00  0.00000000e+00 
 2.43125752e+00 -9.19789175e-234  2.43125752e+00  0.00000000e+00 
 2.43225752e+00 -2.22979194e-234  2.43225752e+00  0.00000000e+00 
 2.43325752e+00 -5.40555622e-235  2.43325752e+00  0.00000000e+00 
 2.43425752e+00 -1.31043787e-235  2.43425752e+00  0.00000000e+00 
 2.43525752e+00 -3.17681908e-236  2.43525752e+00  0.00000000e+00 
 2.43625752e+00 -7.70137959e-237  2.43625752e+00  0.00000000e+00 
 2.43725752e+00 -1.86700111e-237  2.43725752e+00  0.00000000e+00 
 2.43825752e+00 -4.52606330e-238  2.43825752e+00  0.00000000e+00 
 2.43925752e+00 -1.09722747e-238  2.43925752e+00  0.00000000e+00 
 2.44025752e+00 -2.65994538e-239  2.44025752e+00  0.00000000e+00 
 2.44125752e+00 -6.44835243e-240  2.44125752e+00  0.00000000e+00 
 2.44225752e+00 -1.56323695e-240  2.44225752e+00  0.00000000e+00 
 2.44325752e+00 -3.78966534e-241  2.44325752e+00  0.00000000e+00 
 2.44425752e+00 -9.18706749e-242  2.44425752e+00  0.00000000e+00 
 2.44525752e+00 -2.22716788e-242  2.44525752e+00  0.00000000e+00 
 2.44625752e+00 -5.39919485e-243  2.44625752e+00  0.00000000e+00 
 2.44725752e+00 -1.30889572e-243  2.44725752e+00  0.00000000e+00 
 2.44825752e+00 -3.17308054e-244  2.44825752e+00  0.00000000e+00 
 2.44925752e+00 -7.69231645e-245  2.44925752e+00  0.00000000e+00 
 2.45025752e+00 -1.86480399e-245  2.45025752e+00  0.00000000e+00 
 2.45125752e+00 -4.52073694e-246  2.45125752e+00  0.00000000e+00 
 2.45225752e+00 -1.09593623e-246  2.45225752e+00  0.00000000e+00 
 2.45325752e+00 -2.65681510e-247  2.45325752e+00  0.00000000e+00 
 2.45425752e+00 -6.44076387e-248  2.45425752e+00  0.00000000e+00 
 2.45525752e+00 -1.56139730e-248  2.45525752e+00  0.00000000e+00 
 2.45625752e+00 -3.78520558e-249  2.45625752e+00  0.00000000e+00 
 2.45725752e+00 -9.17625596e-250  2.45725752e+00  0.00000000e+00 
 2.45825752e+00 -2.22454690e-250  2.45825752e+00  0.00000000e+00 
 2.45925752e+00 -5.39284097e-251  2.45925752e+00  0.00000000e+00 
 2.46000000e+00 -2.03156051e-251  2.46000000e+00  0.00000000e+00 
 2.46001056e+00  4.93642899e+00  2.46001056e+00  5.00000000e+00 
 2.46003168e+00  4.81090349e+00  2.46003168e+00  5.00000000e+00 
 2.46007392e+00  4.56930800e+00  2.46007392e+00  5.00000000e+00 
 2.46015840e+00  4.12162305e+00  2.46015840e+00  5.00000000e+00 
 2.46032736e+00  3.35169580e+00  2.46032736e+00  5.00000000e+00 
 2.46066527e+00  2.20645567e+00  2.46066527e+00  5.00000000e+00 
 2.46134111e+00  9.18627854e-01  2.46134111e+00  5.00000000e+00 
 2.46218602e+00  2.93931648e-01  2.46218602e+00  5.00000000e+00 
 2.46318602e+00  7.12561570e-02  2.46318602e+00  5.00000000e+00 
 2.46418602e+00  1.72742199e-02  2.46418602e+00  5.00000000e+00 
 2.46518602e+00  4.18768967e-03  2.46518602e+00  5.00000000e+00 
 2.46618602e+00  1.01519750e-03  2.46618602e+00  5.00000000e+00 
 2.46718602e+00  2.46108484e-04  2.46718602e+00  5.00000000e+00 
 2.46818602e+00  5.96626627e-05  2.46818602e+00  5.00000000e+00 
 2.46918602e+00  1.44636758e-05  2.46918602e+00  5.00000000e+00 
 2.47018602e+00  3.50634565e-06  2.47018602e+00  5.00000000e+00 
 2.47118602e+00  8.50023187e-07  2.47118602e+00  5.00000000e+00 
 2.47218602e+00  2.06066227e-07  2.47218602e+00  5.00000000e+00 
 2.47318602e+00  4.99554487e-08  2.47318602e+00  5.00000000e+00 
 2.47418602e+00  1.21104118e-08  2.47418602e+00  5.00000000e+00 
 2.47518602e+00  2.93585867e-09  2.47518602e+00  5.00000000e+00 
 2.47618602e+00  7.11723569e-10  2.47618602e+00  5.00000000e+00 
 2.47718602e+00  1.72539316e-10  2.47718602e+00  5.00000000e+00 
 2.47818602e+00  4.18274304e-11  2.47818602e+00  5.00000000e+00 
 2.47918602e+00  1.01398889e-11  2.47918602e+00  5.00000000e+00 
 2.48018602e+00  2.45714560e-12  2.48018602e+00  5.00000000e+00 
 2.48118602e+00  5.95079541e-13  2.48118602e+00  5.00000000e+00 
 2.48218602e+00  1.44328993e-13  2.48218602e+00  5.00000000e+00 
 2.48318602e+00  3.55271368e-14  2.48318602e+00  5.00000000e+00 
 2.48418602e+00  9.32587341e-15  2.48418602e+00  5.00000000e+00 
 2.48518602e+00  1.33226763e-15  2.48518602e+00  5.00000000e+00 
 2.48618602e+00  1.33226763e-15  2.48618602e+00  5.00000000e+00 
 2.48718602e+00  1.33226763e-15  2.48718602e+00  5.00000000e+00 
 2.48818602e+00  1.33226763e-15  2.48818602e+00  5.00000000e+00 
 2.48918602e+00  1.33226763e-15  2.48918602e+00  5.00000000e+00 
 2.49018602e+00  1.33226763e-15  2.49018602e+00  5.00000000e+00 
 2.49118602e+00  1.33226763e-15  2.49118602e+00  5.00000000e+00 
 2.49218602e+00  1.33226763e-15  2.49218602e+00  5.00000000e+00 
 2.49318602e+00  1.33226763e-15  2.49318602e+00  5.00000000e+00 
 2.49418602e+00  1.33226763e-15  2.49418602e+00  5.00000000e+00 
 2.49518602e+00  1.33226763e-15  2.49518602e+00  5.00000000e+00 
 2.49618602e+00  1.33226763e-15  2.49618602e+00  5.00000000e+00 
 2.49718602e+00  1.33226763e-15  2.49718602e+00  5.00000000e+00 
 2.49818602e+00  1.33226763e-15  2.49818602e+00  5.00000000e+00 
 2.49918602e+00  1.33226763e-15  2.49918602e+00  5.00000000e+00 
 2.50018602e+00  1.33226763e-15  2.50018602e+00  5.00000000e+00 
 2.50118602e+00  1.33226763e-15  2.50118602e+00  5.00000000e+00 
 2.50218602e+00  1.33226763e-15  2.50218602e+00  5.00000000e+00 
 2.50318602e+00  1.33226763e-15  2.50318602e+00  5.00000000e+00 
 2.50418602e+00  1.33226763e-15  2.50418602e+00  5.00000000e+00 
 2.50518602e+00  1.33226763e-15  2.50518602e+00  5.00000000e+00 
 2.50618602e+00  1.33226763e-15  2.50618602e+00  5.00000000e+00 
 2.50718602e+00  1.33226763e-15  2.50718602e+00  5.00000000e+00 
 2.50818602e+00  1.33226763e-15  2.50818602e+00  5.00000000e+00 
 2.50918602e+00  1.33226763e-15  2.50918602e+00  5.00000000e+00 
 2.51018602e+00  1.33226763e-15  2.51018602e+00  5.00000000e+00 
 2.51118602e+00  1.33226763e-15  2.51118602e+00  5.00000000e+00 
 2.51218602e+00  1.33226763e-15  2.51218602e+00  5.00000000e+00 
 2.51318602e+00  1.33226763e-15  2.51318602e+00  5.00000000e+00 
 2.51418602e+00  1.33226763e-15  2.51418602e+00  5.00000000e+00 
 2.51518602e+00  1.33226763e-15  2.51518602e+00  5.00000000e+00 
 2.51618602e+00  1.33226763e-15  2.51618602e+00  5.00000000e+00 
 2.51718602e+00  1.33226763e-15  2.51718602e+00  5.00000000e+00 
 2.51818602e+00  1.33226763e-15  2.51818602e+00  5.00000000e+00 
 2.51918602e+00  1.33226763e-15  2.51918602e+00  5.00000000e+00 
 2.52018602e+00  1.33226763e-15  2.52018602e+00  5.00000000e+00 
 2.52118602e+00  1.33226763e-15  2.52118602e+00  5.00000000e+00 
 2.52218602e+00  1.33226763e-15  2.52218602e+00  5.00000000e+00 
 2.52318602e+00  1.33226763e-15  2.52318602e+00  5.00000000e+00 
 2.52418602e+00  1.33226763e-15  2.52418602e+00  5.00000000e+00 
 2.52518602e+00  1.33226763e-15  2.52518602e+00  5.00000000e+00 
 2.52618602e+00  1.33226763e-15  2.52618602e+00  5.00000000e+00 
 2.52718602e+00  1.33226763e-15  2.52718602e+00  5.00000000e+00 
 2.52818602e+00  1.33226763e-15  2.52818602e+00  5.00000000e+00 
 2.52918602e+00  1.33226763e-15  2.52918602e+00  5.00000000e+00 
 2.53018602e+00  1.33226763e-15  2.53018602e+00  5.00000000e+00 
 2.53118602e+00  1.33226763e-15  2.53118602e+00  5.00000000e+00 
 2.53218602e+00  1.33226763e-15  2.53218602e+00  5.00000000e+00 
 2.53318602e+00  1.33226763e-15  2.53318602e+00  5.00000000e+00 
 2.53418602e+00  1.33226763e-15  2.53418602e+00  5.00000000e+00 
 2.53518602e+00  1.33226763e-15  2.53518602e+00  5.00000000e+00 
 2.53618602e+00  1.33226763e-15  2.53618602e+00  5.00000000e+00 
 2.53718602e+00  1.33226763e-15  2.53718602e+00  5.00000000e+00 
 2.53818602e+00  1.33226763e-15  2.53818602e+00  5.00000000e+00 
 2.53918602e+00  1.33226763e-15  2.53918602e+00  5.00000000e+00 
 2.54018602e+00  1.33226763e-15  2.54018602e+00  5.00000000e+00 
 2.54118602e+00  1.33226763e-15  2.54118602e+00  5.00000000e+00 
 2.54218602e+00  1.33226763e-15  2.54218602e+00  5.00000000e+00 
 2.54318602e+00  1.33226763e-15  2.54318602e+00  5.00000000e+00 
 2.54418602e+00  1.33226763e-15  2.54418602e+00  5.00000000e+00 
 2.54518602e+00  1.33226763e-15  2.54518602e+00  5.00000000e+00 
 2.54618602e+00  1.33226763e-15  2.54618602e+00  5.00000000e+00 
 2.54718602e+00  1.33226763e-15  2.54718602e+00  5.00000000e+00 
 2.54818602e+00  1.33226763e-15  2.54818602e+00  5.00000000e+00 
 2.54918602e+00  1.33226763e-15  2.54918602e+00  5.00000000e+00 
 2.55018602e+00  1.33226763e-15  2.55018602e+00  5.00000000e+00 
 2.55118602e+00  1.33226763e-15  2.55118602e+00  5.00000000e+00 
 2.55218602e+00  1.33226763e-15  2.55218602e+00  5.00000000e+00 
 2.55318602e+00  1.33226763e-15  2.55318602e+00  5.00000000e+00 
 2.55418602e+00  1.33226763e-15  2.55418602e+00  5.00000000e+00 
 2.55518602e+00  1.33226763e-15  2.55518602e+00  5.00000000e+00 
 2.55618602e+00  1.33226763e-15  2.55618602e+00  5.00000000e+00 
 2.55718602e+00  1.33226763e-15  2.55718602e+00  5.00000000e+00 
 2.55818602e+00  1.33226763e-15  2.55818602e+00  5.00000000e+00 
 2.55918602e+00  1.33226763e-15  2.55918602e+00  5.00000000e+00 
 2.56018602e+00  1.33226763e-15  2.56018602e+00  5.00000000e+00 
 2.56118602e+00  1.33226763e-15  2.56118602e+00  5.00000000e+00 
 2.56218602e+00  1.33226763e-15  2.56218602e+00  5.00000000e+00 
 2.56318602e+00  1.33226763e-15  2.56318602e+00  5.00000000e+00 
 2.56418602e+00  1.33226763e-15  2.56418602e+00  5.00000000e+00 
 2.56518602e+00  1.33226763e-15  2.56518602e+00  5.00000000e+00 
 2.56618602e+00  1.33226763e-15  2.56618602e+00  5.00000000e+00 
 2.56718602e+00  1.33226763e-15  2.56718602e+00  5.00000000e+00 
 2.56818602e+00  1.33226763e-15  2.56818602e+00  5.00000000e+00 
 2.56918602e+00  1.33226763e-15  2.56918602e+00  5.00000000e+00 
 2.57018602e+00  1.33226763e-15  2.57018602e+00  5.00000000e+00 
 2.57118602e+00  1.33226763e-15  2.57118602e+00  5.00000000e+00 
 2.57218602e+00  1.33226763e-15  2.57218602e+00  5.00000000e+00 
 2.57318602e+00  1.33226763e-15  2.57318602e+00  5.00000000e+00 
 2.57418602e+00  1.33226763e-15  2.57418602e+00  5.00000000e+00 
 2.57518602e+00  1.33226763e-15  2.57518602e+00  5.00000000e+00 
 2.57618602e+00  1.33226763e-15  2.57618602e+00  5.00000000e+00 
 2.57718602e+00  1.33226763e-15  2.57718602e+00  5.00000000e+00 
 2.57818602e+00  1.33226763e-15  2.57818602e+00  5.00000000e+00 
 2.57918602e+00  1.33226763e-15  2.57918602e+00  5.00000000e+00 
 2.58018602e+00  1.33226763e-15  2.58018602e+00  5.00000000e+00 
 2.58118602e+00  1.33226763e-15  2.58118602e+00  5.00000000e+00 
 2.58218602e+00  1.33226763e-15  2.58218602e+00  5.00000000e+00 
 2.58318602e+00  1.33226763e-15  2.58318602e+00  5.00000000e+00 
 2.58418602e+00  1.33226763e-15  2.58418602e+00  5.00000000e+00 
 2.58518602e+00  1.33226763e-15  2.58518602e+00  5.00000000e+00 
 2.58618602e+00  1.33226763e-15  2.58618602e+00  5.00000000e+00 
 2.58718602e+00  1.33226763e-15  2.58718602e+00  5.00000000e+00 
 2.58818602e+00  1.33226763e-15  2.58818602e+00  5.00000000e+00 
 2.58918602e+00  1.33226763e-15  2.58918602e+00  5.00000000e+00 
 2.59018602e+00  1.33226763e-15  2.59018602e+00  5.00000000e+00 
 2.59118602e+00  1.33226763e-15  2.59118602e+00  5.00000000e+00 
 2.59218602e+00  1.33226763e-15  2.59218602e+00  5.00000000e+00 
 2.59318602e+00  1.33226763e-15  2.59318602e+00  5.00000000e+00 
 2.59418602e+00  1.33226763e-15  2.59418602e+00  5.00000000e+00 
 2.59518602e+00  1.33226763e-15  2.59518602e+00  5.00000000e+00 
 2.59618602e+00  1.33226763e-15  2.59618602e+00  5.00000000e+00 
 2.59718602e+00  1.33226763e-15  2.59718602e+00  5.00000000e+00 
 2.59818602e+00  1.33226763e-15  2.59818602e+00  5.00000000e+00 
 2.59918602e+00  1.33226763e-15  2.59918602e+00  5.00000000e+00 
 2.60018602e+00  1.33226763e-15  2.60018602e+00  5.00000000e+00 
 2.60118602e+00  1.33226763e-15  2.60118602e+00  5.00000000e+00 
 2.60218602e+00  1.33226763e-15  2.60218602e+00  5.00000000e+00 
 2.60318602e+00  1.33226763e-15  2.60318602e+00  5.00000000e+00 
 2.60418602e+00  1.33226763e-15  2.60418602e+00  5.00000000e+00 
 2.60518602e+00  1.33226763e-15  2.60518602e+00  5.00000000e+00 
 2.60618602e+00  1.33226763e-15  2.60618602e+00  5.00000000e+00 
 2.60718602e+00  1.33226763e-15  2.60718602e+00  5.00000000e+00 
 2.60818602e+00  1.33226763e-15  2.60818602e+00  5.00000000e+00 
 2.60918602e+00  1.33226763e-15  2.60918602e+00  5.00000000e+00 
 2.61018602e+00  1.33226763e-15  2.61018602e+00  5.00000000e+00 
 2.61118602e+00  1.33226763e-15  2.61118602e+00  5.00000000e+00 
 2.61218602e+00  1.33226763e-15  2.61218602e+00  5.00000000e+00 
 2.61318602e+00  1.33226763e-15  2.61318602e+00  5.00000000e+00 
 2.61418602e+00  1.33226763e-15  2.61418602e+00  5.00000000e+00 
 2.61518602e+00  1.33226763e-15  2.61518602e+00  5.00000000e+00 
 2.61618602e+00  1.33226763e-15  2.61618602e+00  5.00000000e+00 
 2.61718602e+00  1.33226763e-15  2.61718602e+00  5.00000000e+00 
 2.61818602e+00  1.33226763e-15  2.61818602e+00  5.00000000e+00 
 2.61918602e+00  1.33226763e-15  2.61918602e+00  5.00000000e+00 
 2.62018602e+00  1.33226763e-15  2.62018602e+00  5.00000000e+00 
 2.62118602e+00  1.33226763e-15  2.62118602e+00  5.00000000e+00 
 2.62218602e+00  1.33226763e-15  2.62218602e+00  5.00000000e+00 
 2.62318602e+00  1.33226763e-15  2.62318602e+00  5.00000000e+00 
 2.62418602e+00  1.33226763e-15  2.62418602e+00  5.00000000e+00 
 2.62518602e+00  1.33226763e-15  2.62518602e+00  5.00000000e+00 
 2.62618602e+00  1.33226763e-15  2.62618602e+00  5.00000000e+00 
 2.62718602e+00  1.33226763e-15  2.62718602e+00  5.00000000e+00 
 2.62818602e+00  1.33226763e-15  2.62818602e+00  5.00000000e+00 
 2.62918602e+00  1.33226763e-15  2.62918602e+00  5.00000000e+00 
 2.63018602e+00  1.33226763e-15  2.63018602e+00  5.00000000e+00 
 2.63118602e+00  1.33226763e-15  2.63118602e+00  5.00000000e+00 
 2.63218602e+00  1.33226763e-15  2.63218602e+00  5.00000000e+00 
 2.63318602e+00  1.33226763e-15  2.63318602e+00  5.00000000e+00 
 2.63418602e+00  1.33226763e-15  2.63418602e+00  5.00000000e+00 
 2.63518602e+00  1.33226763e-15  2.63518602e+00  5.00000000e+00 
 2.63618602e+00  1.33226763e-15  2.63618602e+00  5.00000000e+00 
 2.63718602e+00  1.33226763e-15  2.63718602e+00  5.00000000e+00 
 2.63818602e+00  1.33226763e-15  2.63818602e+00  5.00000000e+00 
 2.63918602e+00  1.33226763e-15  2.63918602e+00  5.00000000e+00 
 2.64018602e+00  1.33226763e-15  2.64018602e+00  5.00000000e+00 
 2.64118602e+00  1.33226763e-15  2.64118602e+00  5.00000000e+00 
 2.64218602e+00  1.33226763e-15  2.64218602e+00  5.00000000e+00 
 2.64318602e+00  1.33226763e-15  2.64318602e+00  5.00000000e+00 
 2.64418602e+00  1.33226763e-15  2.64418602e+00  5.00000000e+00 
 2.64518602e+00  1.33226763e-15  2.64518602e+00  5.00000000e+00 
 2.64618602e+00  1.33226763e-15  2.64618602e+00  5.00000000e+00 
 2.64718602e+00  1.33226763e-15  2.64718602e+00  5.00000000e+00 
 2.64818602e+00  1.33226763e-15  2.64818602e+00  5.00000000e+00 
 2.64918602e+00  1.33226763e-15  2.64918602e+00  5.00000000e+00 
 2.65018602e+00  1.33226763e-15  2.65018602e+00  5.00000000e+00 
 2.65118602e+00  1.33226763e-15  2.65118602e+00  5.00000000e+00 
 2.65218602e+00  1.33226763e-15  2.65218602e+00  5.00000000e+00 
 2.65318602e+00  1.33226763e-15  2.65318602e+00  5.00000000e+00 
 2.65418602e+00  1.33226763e-15  2.65418602e+00  5.00000000e+00 
 2.65518602e+00  1.33226763e-15  2.65518602e+00  5.00000000e+00 
 2.65618602e+00  1.33226763e-15  2.65618602e+00  5.00000000e+00 
 2.65718602e+00  1.33226763e-15  2.65718602e+00  5.00000000e+00 
 2.65818602e+00  1.33226763e-15  2.65818602e+00  5.00000000e+00 
 2.65918602e+00  1.33226763e-15  2.65918602e+00  5.00000000e+00 
 2.66018602e+00  1.33226763e-15  2.66018602e+00  5.00000000e+00 
 2.66118602e+00  1.33226763e-15  2.66118602e+00  5.00000000e+00 
 2.66218602e+00  1.33226763e-15  2.66218602e+00  5.00000000e+00 
 2.66318602e+00  1.33226763e-15  2.66318602e+00  5.00000000e+00 
 2.66418602e+00  1.33226763e-15  2.66418602e+00  5.00000000e+00 
 2.66518602e+00  1.33226763e-15  2.66518602e+00  5.00000000e+00 
 2.66618602e+00  1.33226763e-15  2.66618602e+00  5.00000000e+00 
 2.66718602e+00  1.33226763e-15  2.66718602e+00  5.00000000e+00 
 2.66818602e+00  1.33226763e-15  2.66818602e+00  5.00000000e+00 
 2.66918602e+00  1.33226763e-15  2.66918602e+00  5.00000000e+00 
 2.67018602e+00  1.33226763e-15  2.67018602e+00  5.00000000e+00 
 2.67118602e+00  1.33226763e-15  2.67118602e+00  5.00000000e+00 
 2.67218602e+00  1.33226763e-15  2.67218602e+00  5.00000000e+00 
 2.67318602e+00  1.33226763e-15  2.67318602e+00  5.00000000e+00 
 2.67418602e+00  1.33226763e-15  2.67418602e+00  5.00000000e+00 
 2.67518602e+00  1.33226763e-15  2.67518602e+00  5.00000000e+00 
 2.67618602e+00  1.33226763e-15  2.67618602e+00  5.00000000e+00 
 2.67718602e+00  1.33226763e-15  2.67718602e+00  5.00000000e+00 
 2.67818602e+00  1.33226763e-15  2.67818602e+00  5.00000000e+00 
 2.67918602e+00  1.33226763e-15  2.67918602e+00  5.00000000e+00 
 2.68018602e+00  1.33226763e-15  2.68018602e+00  5.00000000e+00 
 2.68118602e+00  1.33226763e-15  2.68118602e+00  5.00000000e+00 
 2.68218602e+00  1.33226763e-15  2.68218602e+00  5.00000000e+00 
 2.68318602e+00  1.33226763e-15  2.68318602e+00  5.00000000e+00 
 2.68418602e+00  1.33226763e-15  2.68418602e+00  5.00000000e+00 
 2.68518602e+00  1.33226763e-15  2.68518602e+00  5.00000000e+00 
 2.68618602e+00  1.33226763e-15  2.68618602e+00  5.00000000e+00 
 2.68718602e+00  1.33226763e-15  2.68718602e+00  5.00000000e+00 
 2.68818602e+00  1.33226763e-15  2.68818602e+00  5.00000000e+00 
 2.68918602e+00  1.33226763e-15  2.68918602e+00  5.00000000e+00 
 2.69018602e+00  1.33226763e-15  2.69018602e+00  5.00000000e+00 
 2.69118602e+00  1.33226763e-15  2.69118602e+00  5.00000000e+00 
 2.69218602e+00  1.33226763e-15  2.69218602e+00  5.00000000e+00 
 2.69318602e+00  1.33226763e-15  2.69318602e+00  5.00000000e+00 
 2.69418602e+00  1.33226763e-15  2.69418602e+00  5.00000000e+00 
 2.69518602e+00  1.33226763e-15  2.69518602e+00  5.00000000e+00 
 2.69618602e+00  1.33226763e-15  2.69618602e+00  5.00000000e+00 
 2.69718602e+00  1.33226763e-15  2.69718602e+00  5.00000000e+00 
 2.69818602e+00  1.33226763e-15  2.69818602e+00  5.00000000e+00 
 2.69918602e+00  1.33226763e-15  2.69918602e+00  5.00000000e+00 
 2.70018602e+00  1.33226763e-15  2.70018602e+00  5.00000000e+00 
 2.70118602e+00  1.33226763e-15  2.70118602e+00  5.00000000e+00 
 2.70218602e+00  1.33226763e-15  2.70218602e+00  5.00000000e+00 
 2.70318602e+00  1.33226763e-15  2.70318602e+00  5.00000000e+00 
 2.70418602e+00  1.33226763e-15  2.70418602e+00  5.00000000e+00 
 2.70518602e+00  1.33226763e-15  2.70518602e+00  5.00000000e+00 
 2.70618602e+00  1.33226763e-15  2.70618602e+00  5.00000000e+00 
 2.70718602e+00  1.33226763e-15  2.70718602e+00  5.00000000e+00 
 2.70818602e+00  1.33226763e-15  2.70818602e+00  5.00000000e+00 
 2.70918602e+00  1.33226763e-15  2.70918602e+00  5.00000000e+00 
 2.71018602e+00  1.33226763e-15  2.71018602e+00  5.00000000e+00 
 2.71118602e+00  1.33226763e-15  2.71118602e+00  5.00000000e+00 
 2.71218602e+00  1.33226763e-15  2.71218602e+00  5.00000000e+00 
 2.71318602e+00  1.33226763e-15  2.71318602e+00  5.00000000e+00 
 2.71418602e+00  1.33226763e-15  2.71418602e+00  5.00000000e+00 
 2.71518602e+00  1.33226763e-15  2.71518602e+00  5.00000000e+00 
 2.71618602e+00  1.33226763e-15  2.71618602e+00  5.00000000e+00 
 2.71718602e+00  1.33226763e-15  2.71718602e+00  5.00000000e+00 
 2.71818602e+00  1.33226763e-15  2.71818602e+00  5.00000000e+00 
 2.71918602e+00  1.33226763e-15  2.71918602e+00  5.00000000e+00 
 2.72018602e+00  1.33226763e-15  2.72018602e+00  5.00000000e+00 
 2.72118602e+00  1.33226763e-15  2.72118602e+00  5.00000000e+00 
 2.72218602e+00  1.33226763e-15  2.72218602e+00  5.00000000e+00 
 2.72318602e+00  1.33226763e-15  2.72318602e+00  5.00000000e+00 
 2.72418602e+00  1.33226763e-15  2.72418602e+00  5.00000000e+00 
 2.72518602e+00  1.33226763e-15  2.72518602e+00  5.00000000e+00 
 2.72618602e+00  1.33226763e-15  2.72618602e+00  5.00000000e+00 
 2.72718602e+00  1.33226763e-15  2.72718602e+00  5.00000000e+00 
 2.72818602e+00  1.33226763e-15  2.72818602e+00  5.00000000e+00 
 2.72918602e+00  1.33226763e-15  2.72918602e+00  5.00000000e+00 
 2.73018602e+00  1.33226763e-15  2.73018602e+00  5.00000000e+00 
 2.73118602e+00  1.33226763e-15  2.73118602e+00  5.00000000e+00 
 2.73218602e+00  1.33226763e-15  2.73218602e+00  5.00000000e+00 
 2.73318602e+00  1.33226763e-15  2.73318602e+00  5.00000000e+00 
 2.73418602e+00  1.33226763e-15  2.73418602e+00  5.00000000e+00 
 2.73518602e+00  1.33226763e-15  2.73518602e+00  5.00000000e+00 
 2.73618602e+00  1.33226763e-15  2.73618602e+00  5.00000000e+00 
 2.73718602e+00  1.33226763e-15  2.73718602e+00  5.00000000e+00 
 2.73818602e+00  1.33226763e-15  2.73818602e+00  5.00000000e+00 
 2.73918602e+00  1.33226763e-15  2.73918602e+00  5.00000000e+00 
 2.74018602e+00  1.33226763e-15  2.74018602e+00  5.00000000e+00 
 2.74118602e+00  1.33226763e-15  2.74118602e+00  5.00000000e+00 
 2.74218602e+00  1.33226763e-15  2.74218602e+00  5.00000000e+00 
 2.74318602e+00  1.33226763e-15  2.74318602e+00  5.00000000e+00 
 2.74418602e+00  1.33226763e-15  2.74418602e+00  5.00000000e+00 
 2.74518602e+00  1.33226763e-15  2.74518602e+00  5.00000000e+00 
 2.74618602e+00  1.33226763e-15  2.74618602e+00  5.00000000e+00 
 2.74718602e+00  1.33226763e-15  2.74718602e+00  5.00000000e+00 
 2.74818602e+00  1.33226763e-15  2.74818602e+00  5.00000000e+00 
 2.74918602e+00  1.33226763e-15  2.74918602e+00  5.00000000e+00 
 2.75018602e+00  1.33226763e-15  2.75018602e+00  5.00000000e+00 
 2.75118602e+00  1.33226763e-15  2.75118602e+00  5.00000000e+00 
 2.75218602e+00  1.33226763e-15  2.75218602e+00  5.00000000e+00 
 2.75318602e+00  1.33226763e-15  2.75318602e+00  5.00000000e+00 
 2.75418602e+00  1.33226763e-15  2.75418602e+00  5.00000000e+00 
 2.75518602e+00  1.33226763e-15  2.75518602e+00  5.00000000e+00 
 2.75618602e+00  1.33226763e-15  2.75618602e+00  5.00000000e+00 
 2.75718602e+00  1.33226763e-15  2.75718602e+00  5.00000000e+00 
 2.75818602e+00  1.33226763e-15  2.75818602e+00  5.00000000e+00 
 2.75918602e+00  1.33226763e-15  2.75918602e+00  5.00000000e+00 
 2.76018602e+00  1.33226763e-15  2.76018602e+00  5.00000000e+00 
 2.76118602e+00  1.33226763e-15  2.76118602e+00  5.00000000e+00 
 2.76218602e+00  1.33226763e-15  2.76218602e+00  5.00000000e+00 
 2.76318602e+00  1.33226763e-15  2.76318602e+00  5.00000000e+00 
 2.76418602e+00  1.33226763e-15  2.76418602e+00  5.00000000e+00 
 2.76518602e+00  1.33226763e-15  2.76518602e+00  5.00000000e+00 
 2.76618602e+00  1.33226763e-15  2.76618602e+00  5.00000000e+00 
 2.76718602e+00  1.33226763e-15  2.76718602e+00  5.00000000e+00 
 2.76818602e+00  1.33226763e-15  2.76818602e+00  5.00000000e+00 
 2.76918602e+00  1.33226763e-15  2.76918602e+00  5.00000000e+00 
 2.77018602e+00  1.33226763e-15  2.77018602e+00  5.00000000e+00 
 2.77118602e+00  1.33226763e-15  2.77118602e+00  5.00000000e+00 
 2.77218602e+00  1.33226763e-15  2.77218602e+00  5.00000000e+00 
 2.77318602e+00  1.33226763e-15  2.77318602e+00  5.00000000e+00 
 2.77418602e+00  1.33226763e-15  2.77418602e+00  5.00000000e+00 
 2.77518602e+00  1.33226763e-15  2.77518602e+00  5.00000000e+00 
 2.77618602e+00  1.33226763e-15  2.77618602e+00  5.00000000e+00 
 2.77718602e+00  1.33226763e-15  2.77718602e+00  5.00000000e+00 
 2.77818602e+00  1.33226763e-15  2.77818602e+00  5.00000000e+00 
 2.77918602e+00  1.33226763e-15  2.77918602e+00  5.00000000e+00 
 2.78018602e+00  1.33226763e-15  2.78018602e+00  5.00000000e+00 
 2.78118602e+00  1.33226763e-15  2.78118602e+00  5.00000000e+00 
 2.78218602e+00  1.33226763e-15  2.78218602e+00  5.00000000e+00 
 2.78318602e+00  1.33226763e-15  2.78318602e+00  5.00000000e+00 
 2.78418602e+00  1.33226763e-15  2.78418602e+00  5.00000000e+00 
 2.78518602e+00  1.33226763e-15  2.78518602e+00  5.00000000e+00 
 2.78618602e+00  1.33226763e-15  2.78618602e+00  5.00000000e+00 
 2.78718602e+00  1.33226763e-15  2.78718602e+00  5.00000000e+00 
 2.78818602e+00  1.33226763e-15  2.78818602e+00  5.00000000e+00 
 2.78918602e+00  1.33226763e-15  2.78918602e+00  5.00000000e+00 
 2.79018602e+00  1.33226763e-15  2.79018602e+00  5.00000000e+00 
 2.79118602e+00  1.33226763e-15  2.79118602e+00  5.00000000e+00 
 2.79218602e+00  1.33226763e-15  2.79218602e+00  5.00000000e+00 
 2.79318602e+00  1.33226763e-15  2.79318602e+00  5.00000000e+00 
 2.79418602e+00  1.33226763e-15  2.79418602e+00  5.00000000e+00 
 2.79518602e+00  1.33226763e-15  2.79518602e+00  5.00000000e+00 
 2.79618602e+00  1.33226763e-15  2.79618602e+00  5.00000000e+00 
 2.79718602e+00  1.33226763e-15  2.79718602e+00  5.00000000e+00 
 2.79818602e+00  1.33226763e-15  2.79818602e+00  5.00000000e+00 
 2.79918602e+00  1.33226763e-15  2.79918602e+00  5.00000000e+00 
 2.80018602e+00  1.33226763e-15  2.80018602e+00  5.00000000e+00 
 2.80118602e+00  1.33226763e-15  2.80118602e+00  5.00000000e+00 
 2.80218602e+00  1.33226763e-15  2.80218602e+00  5.00000000e+00 
 2.80318602e+00  1.33226763e-15  2.80318602e+00  5.00000000e+00 
 2.80418602e+00  1.33226763e-15  2.80418602e+00  5.00000000e+00 
 2.80518602e+00  1.33226763e-15  2.80518602e+00  5.00000000e+00 
 2.80618602e+00  1.33226763e-15  2.80618602e+00  5.00000000e+00 
 2.80718602e+00  1.33226763e-15  2.80718602e+00  5.00000000e+00 
 2.80818602e+00  1.33226763e-15  2.80818602e+00  5.00000000e+00 
 2.80918602e+00  1.33226763e-15  2.80918602e+00  5.00000000e+00 
 2.81018602e+00  1.33226763e-15  2.81018602e+00  5.00000000e+00 
 2.81118602e+00  1.33226763e-15  2.81118602e+00  5.00000000e+00 
 2.81218602e+00  1.33226763e-15  2.81218602e+00  5.00000000e+00 
 2.81318602e+00  1.33226763e-15  2.81318602e+00  5.00000000e+00 
 2.81418602e+00  1.33226763e-15  2.81418602e+00  5.00000000e+00 
 2.81518602e+00  1.33226763e-15  2.81518602e+00  5.00000000e+00 
 2.81618602e+00  1.33226763e-15  2.81618602e+00  5.00000000e+00 
 2.81718602e+00  1.33226763e-15  2.81718602e+00  5.00000000e+00 
 2.81818602e+00  1.33226763e-15  2.81818602e+00  5.00000000e+00 
 2.81918602e+00  1.33226763e-15  2.81918602e+00  5.00000000e+00 
 2.82018602e+00  1.33226763e-15  2.82018602e+00  5.00000000e+00 
 2.82118602e+00  1.33226763e-15  2.82118602e+00  5.00000000e+00 
 2.82218602e+00  1.33226763e-15  2.82218602e+00  5.00000000e+00 
 2.82318602e+00  1.33226763e-15  2.82318602e+00  5.00000000e+00 
 2.82418602e+00  1.33226763e-15  2.82418602e+00  5.00000000e+00 
 2.82518602e+00  1.33226763e-15  2.82518602e+00  5.00000000e+00 
 2.82618602e+00  1.33226763e-15  2.82618602e+00  5.00000000e+00 
 2.82718602e+00  1.33226763e-15  2.82718602e+00  5.00000000e+00 
 2.82818602e+00  1.33226763e-15  2.82818602e+00  5.00000000e+00 
 2.82918602e+00  1.33226763e-15  2.82918602e+00  5.00000000e+00 
 2.83018602e+00  1.33226763e-15  2.83018602e+00  5.00000000e+00 
 2.83118602e+00  1.33226763e-15  2.83118602e+00  5.00000000e+00 
 2.83218602e+00  1.33226763e-15  2.83218602e+00  5.00000000e+00 
 2.83318602e+00  1.33226763e-15  2.83318602e+00  5.00000000e+00 
 2.83418602e+00  1.33226763e-15  2.83418602e+00  5.00000000e+00 
 2.83518602e+00  1.33226763e-15  2.83518602e+00  5.00000000e+00 
 2.83618602e+00  1.33226763e-15  2.83618602e+00  5.00000000e+00 
 2.83718602e+00  1.33226763e-15  2.83718602e+00  5.00000000e+00 
 2.83818602e+00  1.33226763e-15  2.83818602e+00  5.00000000e+00 
 2.83918602e+00  1.33226763e-15  2.83918602e+00  5.00000000e+00 
 2.84018602e+00  1.33226763e-15  2.84018602e+00  5.00000000e+00 
 2.84118602e+00  1.33226763e-15  2.84118602e+00  5.00000000e+00 
 2.84218602e+00  1.33226763e-15  2.84218602e+00  5.00000000e+00 
 2.84318602e+00  1.33226763e-15  2.84318602e+00  5.00000000e+00 
 2.84418602e+00  1.33226763e-15  2.84418602e+00  5.00000000e+00 
 2.84518602e+00  1.33226763e-15  2.84518602e+00  5.00000000e+00 
 2.84618602e+00  1.33226763e-15  2.84618602e+00  5.00000000e+00 
 2.84718602e+00  1.33226763e-15  2.84718602e+00  5.00000000e+00 
 2.84818602e+00  1.33226763e-15  2.84818602e+00  5.00000000e+00 
 2.84918602e+00  1.33226763e-15  2.84918602e+00  5.00000000e+00 
 2.85018602e+00  1.33226763e-15  2.85018602e+00  5.00000000e+00 
 2.85118602e+00  1.33226763e-15  2.85118602e+00  5.00000000e+00 
 2.85218602e+00  1.33226763e-15  2.85218602e+00  5.00000000e+00 
 2.85318602e+00  1.33226763e-15  2.85318602e+00  5.00000000e+00 
 2.85418602e+00  1.33226763e-15  2.85418602e+00  5.00000000e+00 
 2.85518602e+00  1.33226763e-15  2.85518602e+00  5.00000000e+00 
 2.85618602e+00  1.33226763e-15  2.85618602e+00  5.00000000e+00 
 2.85718602e+00  1.33226763e-15  2.85718602e+00  5.00000000e+00 
 2.85818602e+00  1.33226763e-15  2.85818602e+00  5.00000000e+00 
 2.85918602e+00  1.33226763e-15  2.85918602e+00  5.00000000e+00 
 2.86018602e+00  1.33226763e-15  2.86018602e+00  5.00000000e+00 
 2.86118602e+00  1.33226763e-15  2.86118602e+00  5.00000000e+00 
 2.86218602e+00  1.33226763e-15  2.86218602e+00  5.00000000e+00 
 2.86318602e+00  1.33226763e-15  2.86318602e+00  5.00000000e+00 
 2.86418602e+00  1.33226763e-15  2.86418602e+00  5.00000000e+00 
 2.86518602e+00  1.33226763e-15  2.86518602e+00  5.00000000e+00 
 2.86618602e+00  1.33226763e-15  2.86618602e+00  5.00000000e+00 
 2.86718602e+00  1.33226763e-15  2.86718602e+00  5.00000000e+00 
 2.86818602e+00  1.33226763e-15  2.86818602e+00  5.00000000e+00 
 2.86918602e+00  1.33226763e-15  2.86918602e+00  5.00000000e+00 
 2.87000000e+00 -5.56472267e-07  2.87000000e+00  4.99999917e+00 
 2.87000000e+00 -5.00000537e-01  2.87000000e+00  4.49999913e+00 
 2.87000000e+00 -1.50000038e+00  2.87000000e+00  3.49999904e+00 
 2.87000000e+00 -3.49999932e+00  2.87000000e+00  1.49999888e+00 
 2.87000000e+00 -4.99999664e+00  2.87000000e+00  0.00000000e+00 
 2.87000000e+00 -4.99999616e+00  2.87000000e+00  0.00000000e+00 
 2.87000000e+00 -4.99999518e+00  2.87000000e+00  0.00000000e+00 
 2.87000000e+00 -4.99999323e+00  2.87000000e+00  0.00000000e+00 
 2.87000000e+00 -4.99998933e+00  2.87000000e+00  0.00000000e+00 
 2.87000000e+00 -4.99998152e+00  2.87000000e+00  0.00000000e+00 
 2.87000001e+00 -4.99996591e+00  2.87000001e+00  0.00000000e+00 
 2.87000001e+00 -4.99993469e+00  2.87000001e+00  0.00000000e+00 
 2.87000002e+00 -4.99987226e+00  2.87000002e+00  0.00000000e+00 
 2.87000004e+00 -4.99974738e+00  2.87000004e+00  0.00000000e+00 
 2.87000008e+00 -4.99949765e+00  2.87000008e+00  0.00000000e+00 
 2.87000017e+00 -4.99899821e+00  2.87000017e+00  0.00000000e+00 
 2.87000033e+00 -4.99799948e+00  2.87000033e+00  0.00000000e+00 
 2.87000066e+00 -4.99600263e+00  2.87000066e+00  0.00000000e+00 
 2.87000131e+00 -4.99201133e+00  2.87000131e+00  0.00000000e+00 
 2.87000262e+00 -4.98403827e+00  2.87000262e+00  0.00000000e+00 
 2.87000524e+00 -4.96813033e+00  2.87000524e+00  0.00000000e+00 
 2.87001049e+00 -4.93646654e+00  2.87001049e+00  0.00000000e+00 
 2.87002097e+00 -4.87374246e+00  2.87002097e+00  0.00000000e+00 
 2.87004194e+00 -4.75067015e+00  2.87004194e+00  0.00000000e+00 
 2.87008389e+00 -4.51373280e+00  2.87008389e+00  0.00000000e+00 
 2.87016777e+00 -4.07444695e+00  2.87016777e+00  0.00000000e+00 
 2.87033555e+00 -3.31818039e+00  2.87033555e+00  0.00000000e+00 
 2.87067109e+00 -2.19100076e+00  2.87067109e+00  0.00000000e+00 
 2.87134218e+00 -9.18565093e-01  2.87134218e+00  0.00000000e+00 
 2.87196578e+00 -4.12450826e-01  2.87196578e+00  0.00000000e+00 
 2.87245577e+00 -2.22689293e-01  2.87245577e+00  0.00000000e+00 
 2.87298148e+00 -1.14577164e-01  2.87298148e+00  0.00000000e+00 
 2.87351856e+00 -5.80447894e-02  2.87351856e+00  0.00000000e+00 
 2.87409287e+00 -2.79354791e-02  2.87409287e+00  0.00000000e+00 
 2.87463710e+00 -1.40145643e-02  2.87463710e+00  0.00000000e+00 
 2.87518788e+00 -6.96785277e-03  2.87518788e+00  0.00000000e+00 
 2.87572588e+00 -3.52548036e-03  2.87572588e+00  0.00000000e+00 
 2.87627925e+00 -1.74658577e-03  2.87627925e+00  0.00000000e+00 
 2.87682440e+00 -8.75112073e-04  2.87682440e+00  0.00000000e+00 
 2.87737629e+00 -4.34426981e-04  2.87737629e+00  0.00000000e+00 
 2.87792066e+00 -2.17900232e-04  2.87792066e+00  0.00000000e+00 
 2.87847064e+00 -1.08455525e-04  2.87847064e+00  0.00000000e+00 
 2.87901642e+00 -5.42934604e-05  2.87901642e+00  0.00000000e+00 
 2.87956617e+00 -2.70321053e-05  2.87956617e+00  0.00000000e+00 
 2.88011258e+00 -1.35208709e-05  2.88011258e+00  0.00000000e+00 
 2.88066158e+00 -6.73877144e-06  2.88066158e+00  0.00000000e+00 
 2.88120835e+00 -3.36890576e-06  2.88120835e+00  0.00000000e+00 
 2.88175704e+00 -1.67977747e-06  2.88175704e+00  0.00000000e+00 
 2.88230417e+00 -8.39353889e-07  2.88230417e+00  0.00000000e+00 
 2.88285260e+00 -4.18662106e-07  2.88285260e+00  0.00000000e+00 
 2.88348196e+00 -1.86448903e-07  2.88348196e+00  0.00000000e+00 
 2.88425752e+00 -6.67234699e-08  2.88425752e+00  0.00000000e+00 
 2.88525752e+00 -1.61753867e-08  2.88525752e+00  0.00000000e+00 
 2.88625752e+00 -3.92130585e-09  2.88625752e+00  0.00000000e+00 
 2.88725752e+00 -9.50619601e-10  2.88725752e+00  0.00000000e+00 
 2.88825752e+00 -2.30453237e-10  2.88825752e+00  0.00000000e+00 
 2.88925752e+00 -5.58674513e-11  2.88925752e+00  0.00000000e+00 
 2.89025752e+00 -1.35436246e-11  2.89025752e+00  0.00000000e+00 
 2.89125752e+00 -3.28330292e-12  2.89125752e+00  0.00000000e+00 
 2.89225752e+00 -7.95952224e-13  2.89225752e+00  0.00000000e+00 
 2.89325752e+00 -1.92958115e-13  2.89325752e+00  0.00000000e+00 
 2.89425752e+00 -4.67777248e-14  2.89425752e+00  0.00000000e+00 
 2.89525752e+00 -1.13400545e-14  2.89525752e+00  0.00000000e+00 
 2.89625752e+00 -2.74910412e-15  2.89625752e+00  0.00000000e+00 
 2.89725752e+00 -6.66449484e-16  2.89725752e+00  0.00000000e+00 
 2.89825752e+00 -1.61563511e-16  2.89825752e+00  0.00000000e+00 
 2.89925752e+00 -3.91669118e-17  2.89925752e+00  0.00000000e+00 
 2.90025752e+00 -9.49500893e-18  2.90025752e+00  0.00000000e+00 
 2.90125752e+00 -2.30182035e-18  2.90125752e+00  0.00000000e+00 
 2.90225752e+00 -5.58017054e-19  2.90225752e+00  0.00000000e+00 
 2.90325752e+00 -1.35276861e-19  2.90325752e+00  0.00000000e+00 
 2.90425752e+00 -3.27943907e-20  2.90425752e+00  0.00000000e+00 
 2.90525752e+00 -7.95015531e-21  2.90525752e+00  0.00000000e+00 
 2.90625752e+00 -1.92731038e-21  2.90625752e+00  0.00000000e+00 
 2.90725752e+00 -4.67226758e-22  2.90725752e+00  0.00000000e+00 
 2.90825752e+00 -1.13267093e-22  2.90825752e+00  0.00000000e+00 
 2.90925752e+00 -2.74586892e-23  2.90925752e+00  0.00000000e+00 
 2.91025752e+00 -6.65665193e-24  2.91025752e+00  0.00000000e+00 
 2.91125752e+00 -1.61373380e-24  2.91125752e+00  0.00000000e+00 
 2.91225752e+00 -3.91208194e-25  2.91225752e+00  0.00000000e+00 
 2.91325752e+00 -9.48383501e-26  2.91325752e+00  0.00000000e+00 
 2.91425752e+00 -2.29911152e-26  2.91425752e+00  0.00000000e+00 
 2.91525752e+00 -5.57360368e-27  2.91525752e+00  0.00000000e+00 
 2.91625752e+00 -1.35117665e-27  2.91625752e+00  0.00000000e+00 
 2.91725752e+00 -3.27557976e-28  2.91725752e+00  0.00000000e+00 
 2.91825752e+00 -7.94079941e-29  2.91825752e+00  0.00000000e+00 
 2.91925752e+00 -1.92504228e-29  2.91925752e+00  0.00000000e+00 
 2.92025752e+00 -4.66676917e-30  2.92025752e+00  0.00000000e+00 
 2.92125752e+00 -1.13133798e-30  2.92125752e+00  0.00000000e+00 
 2.92225752e+00 -2.74263753e-31  2.92225752e+00  0.00000000e+00 
 2.92325752e+00 -6.64881824e-32  2.92325752e+00  0.00000000e+00 
 2.92425752e+00 -1.61183473e-32  2.92425752e+00  0.00000000e+00 
 2.92525752e+00 -3.90747812e-33  2.92525752e+00  0.00000000e+00 
 2.92625752e+00 -9.47267424e-34  2.92625752e+00  0.00000000e+00 
 2.92725752e+00 -2.29640588e-34  2.92725752e+00  0.00000000e+00 
 2.92825752e+00 -5.56704455e-35  2.92825752e+00  0.00000000e+00 
 2.92925752e+00 -1.34958656e-35  2.92925752e+00  0.00000000e+00 
 2.93025752e+00 -3.27172499e-36  2.93025752e+00  0.00000000e+00 
 2.93125752e+00 -7.93145451e-37  2.93125752e+00  0.00000000e+00 
 2.93225752e+00 -1.92277685e-37  2.93225752e+00  0.00000000e+00 
 2.93325752e+00 -4.66127722e-38  2.93325752e+00  0.00000000e+00 
 2.93425752e+00 -1.13000660e-38  2.93425752e+00  0.00000000e+00 
 2.93525752e+00 -2.73940993e-39  2.93525752e+00  0.00000000e+00 
 2.93625752e+00 -6.64099378e-40  2.93625752e+00  0.00000000e+00 
 2.93725752e+00 -1.60993789e-40  2.93725752e+00  0.00000000e+00 
 2.93825752e+00 -3.90287972e-41  2.93825752e+00  0.00000000e+00 
 2.93925752e+00 -9.46152660e-42  2.93925752e+00  0.00000000e+00 
 2.94025752e+00 -2.29370342e-42  2.94025752e+00  0.00000000e+00 
 2.94125752e+00 -5.56049314e-43  2.94125752e+00  0.00000000e+00 
 2.94225752e+00 -1.34799834e-43  2.94225752e+00  0.00000000e+00 
 2.94325752e+00 -3.26787475e-44  2.94325752e+00  0.00000000e+00 
 2.94425752e+00 -7.92212062e-45  2.94425752e+00  0.00000000e+00 
 2.94525752e+00 -1.92051409e-45  2.94525752e+00  0.00000000e+00 
 2.94625752e+00 -4.65579173e-46  2.94625752e+00  0.00000000e+00 
 2.94725752e+00 -1.12867678e-46  2.94725752e+00  0.00000000e+00 
 2.94825752e+00 -2.73618614e-47  2.94825752e+00  0.00000000e+00 
 2.94925752e+00 -6.63317852e-48  2.94925752e+00  0.00000000e+00 
 2.95025752e+00 -1.60804328e-48  2.95025752e+00  0.00000000e+00 
 2.95125752e+00 -3.89828674e-49  2.95125752e+00  0.00000000e+00 
 2.95225752e+00 -9.45039209e-50  2.95225752e+00  0.00000000e+00 
 2.95325752e+00 -2.29100414e-50  2.95325752e+00  0.00000000e+00 
 2.95425752e+00 -5.55394944e-51  2.95425752e+00  0.00000000e+00 
 2.95525752e+00 -1.34641198e-51  2.95525752e+00  0.00000000e+00 
 2.95625752e+00 -3.26402905e-52  2.95625752e+00  0.00000000e+00 
 2.95725752e+00 -7.91279771e-53  2.95725752e+00  0.00000000e+00 
 2.95825752e+00 -1.91825399e-53  2.95825752e+00  0.00000000e+00 
 2.95925752e+00 -4.65031270e-54  2.95925752e+00  0.00000000e+00 
 2.96025752e+00 -1.12734853e-54  2.96025752e+00  0.00000000e+00 
 2.96125752e+00 -2.73296614e-55  2.96125752e+00  0.00000000e+00 
 2.96225752e+00 -6.62537247e-56  2.96225752e+00  0.00000000e+00 
 2.96325752e+00 -1.60615090e-56  2.96325752e+00  0.00000000e+00 
 2.96425752e+00 -3.89369915e-57  2.96425752e+00  0.00000000e+00 
 2.96525752e+00 -9.43927067e-58  2.96525752e+00  0.00000000e+00 
 2.96625752e+00 -2.28830804e-58  2.96625752e+00  0.00000000e+00 
 2.96725752e+00 -5.54741344e-59  2.96725752e+00  0.00000000e+00 
 2.96825752e+00 -1.34482750e-59  2.96825752e+00  0.00000000e+00 
 2.96925752e+00 -3.26018788e-60  2.96925752e+00  0.00000000e+00 
 2.97025752e+00 -7.90348576e-61  2.97025752e+00  0.00000000e+00 
 2.97125752e+00 -1.91599655e-61  2.97125752e+00  0.00000000e+00 
 2.97225752e+00 -4.64484012e-62  2.97225752e+00  0.00000000e+00 
 2.97325752e+00 -1.12602185e-62  2.97325752e+00  0.00000000e+00 
 2.97425752e+00 -2.72974993e-63  2.97425752e+00  0.00000000e+00 
 2.97525752e+00 -6.61757559e-64  2.97525752e+00  0.00000000e+00 
 2.97625752e+00 -1.60426075e-64  2.97625752e+00  0.00000000e+00 
 2.97725752e+00 -3.88911697e-65  2.97725752e+00  0.00000000e+00 
 2.97825752e+00 -9.42816235e-66  2.97825752e+00  0.00000000e+00 
 2.97925752e+00 -2.28561512e-66  2.97925752e+00  0.00000000e+00 
 2.98025752e+00 -5.54088513e-67  2.98025752e+00  0.00000000e+00 
 2.98125752e+00 -1.34324488e-67  2.98125752e+00  0.00000000e+00 
 2.98225752e+00 -3.25635122e-68  2.98225752e+00  0.00000000e+00 
 2.98325752e+00 -7.89418478e-69  2.98325752e+00  0.00000000e+00 
 2.98425752e+00 -1.91374177e-69  2.98425752e+00  0.00000000e+00 
 2.98525752e+00 -4.63937398e-70  2.98525752e+00  0.00000000e+00 
 2.98625752e+00 -1.12469672e-70  2.98625752e+00  0.00000000e+00 
 2.98725752e+00 -2.72653751e-71  2.98725752e+00  0.00000000e+00 
 2.98825752e+00 -6.60978790e-72  2.98825752e+00  0.00000000e+00 
 2.98925752e+00 -1.60237282e-72  2.98925752e+00  0.00000000e+00 
 2.99025752e+00 -3.88454018e-73  2.99025752e+00  0.00000000e+00 
 2.99125752e+00 -9.41706710e-74  2.99125752e+00  0.00000000e+00 
 2.99225752e+00 -2.28292536e-74  2.99225752e+00  0.00000000e+00 
 2.99325752e+00 -5.53436450e-75  2.99325752e+00  0.00000000e+00 
 2.99425752e+00 -1.34166412e-75  2.99425752e+00  0.00000000e+00 
 2.99525752e+00 -3.25251908e-76  2.99525752e+00  0.00000000e+00 
 2.99625752e+00 -7.88489475e-77  2.99625752e+00  0.00000000e+00 
 2.99725752e+00 -1.91148964e-77  2.99725752e+00  0.00000000e+00 
 2.99825752e+00 -4.63391427e-78  2.99825752e+00  0.00000000e+00 
 2.99925752e+00 -1.12337316e-78  2.99925752e+00  0.00000000e+00 
 3.00000000e+00 -4.23191170e-79  3.00000000e+00  0.00000000e+00 
