 0.00000000e+00  0.00000000e+00  0.00000000e+00  0.00000000e+00 
 1.00000000e-11  6.09756090e-10  1.00000000e-11  5.00000000e-02 
 1.45920001e-11  1.01833210e-09  1.45920001e-11  7.29600006e-02 
 2.37760003e-11  2.09263612e-09  2.37760003e-11  1.18880002e-01 
 4.21440008e-11  5.78415618e-09  4.21440008e-11  2.10720004e-01 
 7.88800017e-11  1.93388442e-08  7.88800017e-11  3.94400008e-01 
 1.52352003e-10  7.11348106e-08  1.52352003e-10  7.61760017e-01 
 2.99296007e-10  2.73473093e-07  2.99296007e-10  1.49648004e+00 
 5.93184014e-10  1.07313497e-06  5.93184014e-10  2.96592007e+00 
 1.00000000e-09  3.04914835e-06  1.00000000e-09  5.00000000e+00 
 1.05877760e-09  3.40754812e-06  1.05877760e-09  5.00000000e+00 
 1.17633280e-09  4.12434760e-06  1.17633280e-09  5.00000000e+00 
 1.41144321e-09  5.55794624e-06  1.41144321e-09  5.00000000e+00 
 1.88166402e-09  8.42514230e-06  1.88166402e-09  5.00000000e+00 
 2.82210564e-09  1.41595295e-05  2.82210564e-09  5.00000000e+00 
 4.70298889e-09  2.56282841e-05  4.70298889e-09  5.00000000e+00 
 8.46475538e-09  4.85657145e-05  8.46475538e-09  5.00000000e+00 
 1.59882884e-08  9.44402596e-05  1.59882884e-08  5.00000000e+00 
 3.10353543e-08  1.86188087e-04  3.10353543e-08  5.00000000e+00 
 6.11294863e-08  3.69678691e-04  6.11294863e-08  5.00000000e+00 
 1.21317750e-07  7.36639698e-04  1.21317750e-07  5.00000000e+00 
 2.41694278e-07  1.47048091e-03  2.41694278e-07  5.00000000e+00 
 4.82447333e-07  2.93784020e-03  4.82447333e-07  5.00000000e+00 
 9.63953444e-07  5.87126671e-03  9.63953444e-07  5.00000000e+00 
 1.92696567e-06  1.17329552e-02  1.92696567e-06  5.00000000e+00 
 3.85299011e-06  2.34357044e-02  3.85299011e-06  5.00000000e+00 
 7.70503900e-06  4.67589335e-02  7.70503900e-06  5.00000000e+00 
 1.54091368e-05  9.30782375e-02  1.54091368e-05  5.00000000e+00 
 2.54091368e-05  1.52556077e-01  2.54091368e-05  5.00000000e+00 
 3.54091368e-05  2.11312973e-01  3.54091368e-05  5.00000000e+00 
 4.54091368e-05  2.69357664e-01  4.54091368e-05  5.00000000e+00 
 5.54091368e-05  3.26698784e-01  5.54091368e-05  5.00000000e+00 
 6.54091368e-05  3.83344859e-01  6.54091368e-05  5.00000000e+00 
 7.54091368e-05  4.39304315e-01  7.54091368e-05  5.00000000e+00 
 8.54091368e-05  4.94585475e-01  8.54091368e-05  5.00000000e+00 
 9.54091368e-05  5.49196560e-01  9.54091368e-05  5.00000000e+00 
 1.05409137e-04  6.03145693e-01  1.05409137e-04  5.00000000e+00 
 1.15409137e-04  6.56440896e-01  1.15409137e-04  5.00000000e+00 
 1.25409137e-04  7.09090098e-01  1.25409137e-04  5.00000000e+00 
 1.35409137e-04  7.61101127e-01  1.35409137e-04  5.00000000e+00 
 1.45409137e-04  8.12481719e-01  1.45409137e-04  5.00000000e+00 
 1.55409137e-04  8.63239517e-01  1.55409137e-04  5.00000000e+00 
 1.65409137e-04  9.13382068e-01  1.65409137e-04  5.00000000e+00 
 1.75409137e-04  9.62916831e-01  1.75409137e-04  5.00000000e+00 
 1.85409137e-04  1.01185117e+00  1.85409137e-04  5.00000000e+00 
 1.95409137e-04  1.06019237e+00  1.95409137e-04  5.00000000e+00 
 2.05409137e-04  1.10794761e+00  2.05409137e-04  5.00000000e+00 
 2.15409137e-04  1.15512401e+00  2.15409137e-04  5.00000000e+00 
 2.25409137e-04  1.20172856e+00  2.25409137e-04  5.00000000e+00 
 2.35409137e-04  1.24776822e+00  2.35409137e-04  5.00000000e+00 
 2.45409137e-04  1.29324982e+00  2.45409137e-04  5.00000000e+00 
 2.55409137e-04  1.33818012e+00  2.55409137e-04  5.00000000e+00 
 2.65409137e-04  1.38256582e+00  2.65409137e-04  5.00000000e+00 
 2.75409137e-04  1.42641350e+00  2.75409137e-04  5.00000000e+00 
 2.85409137e-04  1.46972970e+00  2.85409137e-04  5.00000000e+00 
 2.95409137e-04  1.51252086e+00  2.95409137e-04  5.00000000e+00 
 3.05409137e-04  1.55479333e+00  3.05409137e-04  5.00000000e+00 
 3.15409137e-04  1.59655341e+00  3.15409137e-04  5.00000000e+00 
 3.25409137e-04  1.63780731e+00  3.25409137e-04  5.00000000e+00 
 3.35409137e-04  1.67856116e+00  3.35409137e-04  5.00000000e+00 
 3.45409137e-04  1.71882103e+00  3.45409137e-04  5.00000000e+00 
 3.55409137e-04  1.75859289e+00  3.55409137e-04  5.00000000e+00 
 3.65409137e-04  1.79788268e+00  3.65409137e-04  5.00000000e+00 
 3.75409137e-04  1.83669622e+00  3.75409137e-04  5.00000000e+00 
 3.85409137e-04  1.87503930e+00  3.85409137e-04  5.00000000e+00 
 3.95409137e-04  1.91291761e+00  3.95409137e-04  5.00000000e+00 
 4.05409137e-04  1.95033679e+00  4.05409137e-04  5.00000000e+00 
 4.15409137e-04  1.98730240e+00  4.15409137e-04  5.00000000e+00 
 4.25409137e-04  2.02381995e+00  4.25409137e-04  5.00000000e+00 
 4.35409137e-04  2.05989486e+00  4.35409137e-04  5.00000000e+00 
 4.45409137e-04  2.09553250e+00  4.45409137e-04  5.00000000e+00 
 4.55409137e-04  2.13073816e+00  4.55409137e-04  5.00000000e+00 
 4.65409137e-04  2.16551710e+00  4.65409137e-04  5.00000000e+00 
 4.75409137e-04  2.19987446e+00  4.75409137e-04  5.00000000e+00 
 4.85409137e-04  2.23381538e+00  4.85409137e-04  5.00000000e+00 
 4.95409137e-04  2.26734489e+00  4.95409137e-04  5.00000000e+00 
 5.05409137e-04  2.30046798e+00  5.05409137e-04  5.00000000e+00 
 5.15409137e-04  2.33318958e+00  5.15409137e-04  5.00000000e+00 
 5.25409137e-04  2.36551456e+00  5.25409137e-04  5.00000000e+00 
 5.35409137e-04  2.39744771e+00  5.35409137e-04  5.00000000e+00 
 5.45409137e-04  2.42899380e+00  5.45409137e-04  5.00000000e+00 
 5.55409137e-04  2.46015751e+00  5.55409137e-04  5.00000000e+00 
 5.65409137e-04  2.49094348e+00  5.65409137e-04  5.00000000e+00 
 5.75409137e-04  2.52135629e+00  5.75409137e-04  5.00000000e+00 
 5.85409137e-04  2.55140046e+00  5.85409137e-04  5.00000000e+00 
 5.95409137e-04  2.58108045e+00  5.95409137e-04  5.00000000e+00 
 6.05409137e-04  2.61040069e+00  6.05409137e-04  5.00000000e+00 
 6.15409137e-04  2.63936553e+00  6.15409137e-04  5.00000000e+00 
 6.25409137e-04  2.66797928e+00  6.25409137e-04  5.00000000e+00 
 6.35409137e-04  2.69624620e+00  6.35409137e-04  5.00000000e+00 
 6.45409137e-04  2.72417048e+00  6.45409137e-04  5.00000000e+00 
 6.55409137e-04  2.75175630e+00  6.55409137e-04  5.00000000e+00 
 6.65409137e-04  2.77900774e+00  6.65409137e-04  5.00000000e+00 
 6.75409137e-04  2.80592885e+00  6.75409137e-04  5.00000000e+00 
 6.85409137e-04  2.83252366e+00  6.85409137e-04  5.00000000e+00 
 6.95409137e-04  2.85879610e+00  6.95409137e-04  5.00000000e+00 
 7.05409137e-04  2.88475008e+00  7.05409137e-04  5.00000000e+00 
 7.15409137e-04  2.91038948e+00  7.15409137e-04  5.00000000e+00 
 7.25409137e-04  2.93571809e+00  7.25409137e-04  5.00000000e+00 
 7.35409137e-04  2.96073969e+00  7.35409137e-04  5.00000000e+00 
 7.45409137e-04  2.98545799e+00  7.45409137e-04  5.00000000e+00 
 7.55409137e-04  3.00987669e+00  7.55409137e-04  5.00000000e+00 
 7.65409137e-04  3.03399939e+00  7.65409137e-04  5.00000000e+00 
 7.75409137e-04  3.05782970e+00  7.75409137e-04  5.00000000e+00 
 7.85409137e-04  3.08137116e+00  7.85409137e-04  5.00000000e+00 
 7.95409137e-04  3.10462727e+00  7.95409137e-04  5.00000000e+00 
 8.05409137e-04  3.12760148e+00  8.05409137e-04  5.00000000e+00 
 8.15409137e-04  3.15029722e+00  8.15409137e-04  5.00000000e+00 
 8.25409137e-04  3.17271786e+00  8.25409137e-04  5.00000000e+00 
 8.35409137e-04  3.19486674e+00  8.35409137e-04  5.00000000e+00 
 8.45409137e-04  3.21674714e+00  8.45409137e-04  5.00000000e+00 
 8.55409137e-04  3.23836233e+00  8.55409137e-04  5.00000000e+00 
 8.65409137e-04  3.25971551e+00  8.65409137e-04  5.00000000e+00 
 8.75409137e-04  3.28080987e+00  8.75409137e-04  5.00000000e+00 
 8.85409137e-04  3.30164854e+00  8.85409137e-04  5.00000000e+00 
 8.95409137e-04  3.32223461e+00  8.95409137e-04  5.00000000e+00 
 9.05409137e-04  3.34257116e+00  9.05409137e-04  5.00000000e+00 
 9.15409137e-04  3.36266121e+00  9.15409137e-04  5.00000000e+00 
 9.25409137e-04  3.38250774e+00  9.25409137e-04  5.00000000e+00 
 9.35409137e-04  3.40211371e+00  9.35409137e-04  5.00000000e+00 
 9.45409137e-04  3.42148203e+00  9.45409137e-04  5.00000000e+00 
 9.55409137e-04  3.44061558e+00  9.55409137e-04  5.00000000e+00 
 9.65409137e-04  3.45951721e+00  9.65409137e-04  5.00000000e+00 
 9.75409137e-04  3.47818973e+00  9.75409137e-04  5.00000000e+00 
 9.85409137e-04  3.49663591e+00  9.85409137e-04  5.00000000e+00 
 9.95409137e-04  3.51485851e+00  9.95409137e-04  5.00000000e+00 
 1.00540914e-03  3.53286022e+00  1.00540914e-03  5.00000000e+00 
 1.01540914e-03  3.55064373e+00  1.01540914e-03  5.00000000e+00 
 1.02540914e-03  3.56821169e+00  1.02540914e-03  5.00000000e+00 
 1.03540914e-03  3.58556670e+00  1.03540914e-03  5.00000000e+00 
 1.04540914e-03  3.60271134e+00  1.04540914e-03  5.00000000e+00 
 1.05540914e-03  3.61964818e+00  1.05540914e-03  5.00000000e+00 
 1.06540914e-03  3.63637971e+00  1.06540914e-03  5.00000000e+00 
 1.07540914e-03  3.65290844e+00  1.07540914e-03  5.00000000e+00 
 1.08540914e-03  3.66923683e+00  1.08540914e-03  5.00000000e+00 
 1.09540914e-03  3.68536729e+00  1.09540914e-03  5.00000000e+00 
 1.10540914e-03  3.70130223e+00  1.10540914e-03  5.00000000e+00 
 1.11540914e-03  3.71704402e+00  1.11540914e-03  5.00000000e+00 
 1.12540914e-03  3.73259500e+00  1.12540914e-03  5.00000000e+00 
 1.13540914e-03  3.74795749e+00  1.13540914e-03  5.00000000e+00 
 1.14540914e-03  3.76313376e+00  1.14540914e-03  5.00000000e+00 
 1.15540914e-03  3.77812608e+00  1.15540914e-03  5.00000000e+00 
 1.16540914e-03  3.79293667e+00  1.16540914e-03  5.00000000e+00 
 1.17540914e-03  3.80756774e+00  1.17540914e-03  5.00000000e+00 
 1.18540914e-03  3.82202147e+00  1.18540914e-03  5.00000000e+00 
 1.19540914e-03  3.83630000e+00  1.19540914e-03  5.00000000e+00 
 1.20540914e-03  3.85040545e+00  1.20540914e-03  5.00000000e+00 
 1.21540914e-03  3.86433993e+00  1.21540914e-03  5.00000000e+00 
 1.22540914e-03  3.87810551e+00  1.22540914e-03  5.00000000e+00 
 1.23540914e-03  3.89170423e+00  1.23540914e-03  5.00000000e+00 
 1.24540914e-03  3.90513812e+00  1.24540914e-03  5.00000000e+00 
 1.25540914e-03  3.91840917e+00  1.25540914e-03  5.00000000e+00 
 1.26540914e-03  3.93151936e+00  1.26540914e-03  5.00000000e+00 
 1.27540914e-03  3.94447064e+00  1.27540914e-03  5.00000000e+00 
 1.28540914e-03  3.95726494e+00  1.28540914e-03  5.00000000e+00 
 1.29540914e-03  3.96990415e+00  1.29540914e-03  5.00000000e+00 
 1.30540914e-03  3.98239016e+00  1.30540914e-03  5.00000000e+00 
 1.31540914e-03  3.99472482e+00  1.31540914e-03  5.00000000e+00 
 1.32540914e-03  4.00690998e+00  1.32540914e-03  5.00000000e+00 
 1.33540914e-03  4.01894743e+00  1.33540914e-03  5.00000000e+00 
 1.34540914e-03  4.03083898e+00  1.34540914e-03  5.00000000e+00 
 1.35540914e-03  4.04258639e+00  1.35540914e-03  5.00000000e+00 
 1.36540914e-03  4.05419140e+00  1.36540914e-03  5.00000000e+00 
 1.37540914e-03  4.06565575e+00  1.37540914e-03  5.00000000e+00 
 1.38540914e-03  4.07698113e+00  1.38540914e-03  5.00000000e+00 
 1.39540914e-03  4.08816924e+00  1.39540914e-03  5.00000000e+00 
 1.40540914e-03  4.09922173e+00  1.40540914e-03  5.00000000e+00 
 1.41540914e-03  4.11014026e+00  1.41540914e-03  5.00000000e+00 
 1.42540914e-03  4.12092644e+00  1.42540914e-03  5.00000000e+00 
 1.43540914e-03  4.13158187e+00  1.43540914e-03  5.00000000e+00 
 1.44540914e-03  4.14210815e+00  1.44540914e-03  5.00000000e+00 
 1.45540914e-03  4.15250684e+00  1.45540914e-03  5.00000000e+00 
 1.46540914e-03  4.16277949e+00  1.46540914e-03  5.00000000e+00 
 1.47540914e-03  4.17292761e+00  1.47540914e-03  5.00000000e+00 
 1.48540914e-03  4.18295273e+00  1.48540914e-03  5.00000000e+00 
 1.49540914e-03  4.19285634e+00  1.49540914e-03  5.00000000e+00 
 1.50540914e-03  4.20263990e+00  1.50540914e-03  5.00000000e+00 
 1.51540914e-03  4.21230487e+00  1.51540914e-03  5.00000000e+00 
 1.52540914e-03  4.22185269e+00  1.52540914e-03  5.00000000e+00 
 1.53540914e-03  4.23128478e+00  1.53540914e-03  5.00000000e+00 
 1.54540914e-03  4.24060254e+00  1.54540914e-03  5.00000000e+00 
 1.55540914e-03  4.24980735e+00  1.55540914e-03  5.00000000e+00 
 1.56540914e-03  4.25890060e+00  1.56540914e-03  5.00000000e+00 
 1.57540914e-03  4.26788362e+00  1.57540914e-03  5.00000000e+00 
 1.58540914e-03  4.27675776e+00  1.58540914e-03  5.00000000e+00 
 1.59540914e-03  4.28552433e+00  1.59540914e-03  5.00000000e+00 
 1.60540914e-03  4.29418464e+00  1.60540914e-03  5.00000000e+00 
 1.61540914e-03  4.30273998e+00  1.61540914e-03  5.00000000e+00 
 1.62540914e-03  4.31119162e+00  1.62540914e-03  5.00000000e+00 
 1.63540914e-03  4.31954081e+00  1.63540914e-03  5.00000000e+00 
 1.64540914e-03  4.32778880e+00  1.64540914e-03  5.00000000e+00 
 1.65540914e-03  4.33593681e+00  1.65540914e-03  5.00000000e+00 
 1.66540914e-03  4.34398606e+00  1.66540914e-03  5.00000000e+00 
 1.67540914e-03  4.35193775e+00  1.67540914e-03  5.00000000e+00 
 1.68540914e-03  4.35979305e+00  1.68540914e-03  5.00000000e+00 
 1.69540914e-03  4.36755313e+00  1.69540914e-03  5.00000000e+00 
 1.70540914e-03  4.37521916e+00  1.70540914e-03  5.00000000e+00 
 1.71540914e-03  4.38279226e+00  1.71540914e-03  5.00000000e+00 
 1.72540914e-03  4.39027356e+00  1.72540914e-03  5.00000000e+00 
 1.73540914e-03  4.39766419e+00  1.73540914e-03  5.00000000e+00 
 1.74540914e-03  4.40496523e+00  1.74540914e-03  5.00000000e+00 
 1.75540914e-03  4.41217777e+00  1.75540914e-03  5.00000000e+00 
 1.76540914e-03  4.41930289e+00  1.76540914e-03  5.00000000e+00 
 1.77540914e-03  4.42634164e+00  1.77540914e-03  5.00000000e+00 
 1.78540914e-03  4.43329507e+00  1.78540914e-03  5.00000000e+00 
 1.79540914e-03  4.44016423e+00  1.79540914e-03  5.00000000e+00 
 1.80540914e-03  4.44695011e+00  1.80540914e-03  5.00000000e+00 
 1.81540914e-03  4.45365375e+00  1.81540914e-03  5.00000000e+00 
 1.82540914e-03  4.46027613e+00  1.82540914e-03  5.00000000e+00 
 1.83540914e-03  4.46681823e+00  1.83540914e-03  5.00000000e+00 
 1.84540914e-03  4.47328104e+00  1.84540914e-03  5.00000000e+00 
 1.85540914e-03  4.47966552e+00  1.85540914e-03  5.00000000e+00 
 1.86540914e-03  4.48597260e+00  1.86540914e-03  5.00000000e+00 
 1.87540914e-03  4.49220324e+00  1.87540914e-03  5.00000000e+00 
 1.88540914e-03  4.49835835e+00  1.88540914e-03  5.00000000e+00 
 1.89540914e-03  4.50443885e+00  1.89540914e-03  5.00000000e+00 
 1.90540914e-03  4.51044566e+00  1.90540914e-03  5.00000000e+00 
 1.91540914e-03  4.51637965e+00  1.91540914e-03  5.00000000e+00 
 1.92540914e-03  4.52224171e+00  1.92540914e-03  5.00000000e+00 
 1.93540914e-03  4.52803272e+00  1.93540914e-03  5.00000000e+00 
 1.94540914e-03  4.53375354e+00  1.94540914e-03  5.00000000e+00 
 1.95540914e-03  4.53940501e+00  1.95540914e-03  5.00000000e+00 
 1.96540914e-03  4.54498798e+00  1.96540914e-03  5.00000000e+00 
 1.97540914e-03  4.55050328e+00  1.97540914e-03  5.00000000e+00 
 1.98540914e-03  4.55595172e+00  1.98540914e-03  5.00000000e+00 
 1.99540914e-03  4.56133412e+00  1.99540914e-03  5.00000000e+00 
 2.00540914e-03  4.56665129e+00  2.00540914e-03  5.00000000e+00 
 2.01540914e-03  4.57190400e+00  2.01540914e-03  5.00000000e+00 
 2.02540914e-03  4.57709304e+00  2.02540914e-03  5.00000000e+00 
 2.03540914e-03  4.58221919e+00  2.03540914e-03  5.00000000e+00 
 2.04540914e-03  4.58728320e+00  2.04540914e-03  5.00000000e+00 
 2.05540914e-03  4.59228582e+00  2.05540914e-03  5.00000000e+00 
 2.06540914e-03  4.59722781e+00  2.06540914e-03  5.00000000e+00 
 2.07540914e-03  4.60210990e+00  2.07540914e-03  5.00000000e+00 
 2.08540914e-03  4.60693281e+00  2.08540914e-03  5.00000000e+00 
 2.09540914e-03  4.61169726e+00  2.09540914e-03  5.00000000e+00 
 2.10540914e-03  4.61640396e+00  2.10540914e-03  5.00000000e+00 
 2.11540914e-03  4.62105361e+00  2.11540914e-03  5.00000000e+00 
 2.12540914e-03  4.62564690e+00  2.12540914e-03  5.00000000e+00 
 2.13540914e-03  4.63018451e+00  2.13540914e-03  5.00000000e+00 
 2.14540914e-03  4.63466713e+00  2.14540914e-03  5.00000000e+00 
 2.15540914e-03  4.63909540e+00  2.15540914e-03  5.00000000e+00 
 2.16540914e-03  4.64347000e+00  2.16540914e-03  5.00000000e+00 
 2.17540914e-03  4.64779158e+00  2.17540914e-03  5.00000000e+00 
 2.18540914e-03  4.65206077e+00  2.18540914e-03  5.00000000e+00 
 2.19540914e-03  4.65627822e+00  2.19540914e-03  5.00000000e+00 
 2.20540914e-03  4.66044454e+00  2.20540914e-03  5.00000000e+00 
 2.21540914e-03  4.66456037e+00  2.21540914e-03  5.00000000e+00 
 2.22540914e-03  4.66862630e+00  2.22540914e-03  5.00000000e+00 
 2.23540914e-03  4.67264295e+00  2.23540914e-03  5.00000000e+00 
 2.24540914e-03  4.67661092e+00  2.24540914e-03  5.00000000e+00 
 2.25540914e-03  4.68053078e+00  2.25540914e-03  5.00000000e+00 
 2.26540914e-03  4.68440314e+00  2.26540914e-03  5.00000000e+00 
 2.27540914e-03  4.68822855e+00  2.27540914e-03  5.00000000e+00 
 2.28540914e-03  4.69200760e+00  2.28540914e-03  5.00000000e+00 
 2.29540914e-03  4.69574084e+00  2.29540914e-03  5.00000000e+00 
 2.30540914e-03  4.69942883e+00  2.30540914e-03  5.00000000e+00 
 2.31540914e-03  4.70307212e+00  2.31540914e-03  5.00000000e+00 
 2.32540914e-03  4.70667125e+00  2.32540914e-03  5.00000000e+00 
 2.33540914e-03  4.71022675e+00  2.33540914e-03  5.00000000e+00 
 2.34540914e-03  4.71373915e+00  2.34540914e-03  5.00000000e+00 
 2.35540914e-03  4.71720898e+00  2.35540914e-03  5.00000000e+00 
 2.36540914e-03  4.72063675e+00  2.36540914e-03  5.00000000e+00 
 2.37540914e-03  4.72402297e+00  2.37540914e-03  5.00000000e+00 
 2.38540914e-03  4.72736814e+00  2.38540914e-03  5.00000000e+00 
 2.39540914e-03  4.73067277e+00  2.39540914e-03  5.00000000e+00 
 2.40540914e-03  4.73393735e+00  2.40540914e-03  5.00000000e+00 
 2.41540914e-03  4.73716235e+00  2.41540914e-03  5.00000000e+00 
 2.42540914e-03  4.74034826e+00  2.42540914e-03  5.00000000e+00 
 2.43540914e-03  4.74349555e+00  2.43540914e-03  5.00000000e+00 
 2.44540914e-03  4.74660470e+00  2.44540914e-03  5.00000000e+00 
 2.45540914e-03  4.74967616e+00  2.45540914e-03  5.00000000e+00 
 2.46540914e-03  4.75271038e+00  2.46540914e-03  5.00000000e+00 
 2.47540914e-03  4.75570783e+00  2.47540914e-03  5.00000000e+00 
 2.48540914e-03  4.75866895e+00  2.48540914e-03  5.00000000e+00 
 2.49540914e-03  4.76159418e+00  2.49540914e-03  5.00000000e+00 
 2.50540914e-03  4.76448394e+00  2.50540914e-03  5.00000000e+00 
 2.51540914e-03  4.76733868e+00  2.51540914e-03  5.00000000e+00 
 2.52540914e-03  4.77015882e+00  2.52540914e-03  5.00000000e+00 
 2.53540914e-03  4.77294477e+00  2.53540914e-03  5.00000000e+00 
 2.54540914e-03  4.77569696e+00  2.54540914e-03  5.00000000e+00 
 2.55540914e-03  4.77841578e+00  2.55540914e-03  5.00000000e+00 
 2.56540914e-03  4.78110165e+00  2.56540914e-03  5.00000000e+00 
 2.57540914e-03  4.78375497e+00  2.57540914e-03  5.00000000e+00 
 2.58540914e-03  4.78637612e+00  2.58540914e-03  5.00000000e+00 
 2.59540914e-03  4.78896550e+00  2.59540914e-03  5.00000000e+00 
 2.60540914e-03  4.79152349e+00  2.60540914e-03  5.00000000e+00 
 2.61540914e-03  4.79405048e+00  2.61540914e-03  5.00000000e+00 
 2.62540914e-03  4.79654684e+00  2.62540914e-03  5.00000000e+00 
 2.63540914e-03  4.79901294e+00  2.63540914e-03  5.00000000e+00 
 2.64540914e-03  4.80144914e+00  2.64540914e-03  5.00000000e+00 
 2.65540914e-03  4.80385582e+00  2.65540914e-03  5.00000000e+00 
 2.66540914e-03  4.80623333e+00  2.66540914e-03  5.00000000e+00 
 2.67540914e-03  4.80858201e+00  2.67540914e-03  5.00000000e+00 
 2.68540914e-03  4.81090223e+00  2.68540914e-03  5.00000000e+00 
 2.69540914e-03  4.81319433e+00  2.69540914e-03  5.00000000e+00 
 2.70540914e-03  4.81545864e+00  2.70540914e-03  5.00000000e+00 
 2.71540914e-03  4.81769550e+00  2.71540914e-03  5.00000000e+00 
 2.72540914e-03  4.81990525e+00  2.72540914e-03  5.00000000e+00 
 2.73540914e-03  4.82208822e+00  2.73540914e-03  5.00000000e+00 
 2.74540914e-03  4.82424473e+00  2.74540914e-03  5.00000000e+00 
 2.75540914e-03  4.82637509e+00  2.75540914e-03  5.00000000e+00 
 2.76540914e-03  4.82847964e+00  2.76540914e-03  5.00000000e+00 
 2.77540914e-03  4.83055867e+00  2.77540914e-03  5.00000000e+00 
 2.78540914e-03  4.83261251e+00  2.78540914e-03  5.00000000e+00 
 2.79540914e-03  4.83464145e+00  2.79540914e-03  5.00000000e+00 
 2.80540914e-03  4.83664579e+00  2.80540914e-03  5.00000000e+00 
 2.81540914e-03  4.83862584e+00  2.81540914e-03  5.00000000e+00 
 2.82540914e-03  4.84058189e+00  2.82540914e-03  5.00000000e+00 
 2.83540914e-03  4.84251423e+00  2.83540914e-03  5.00000000e+00 
 2.84540914e-03  4.84442315e+00  2.84540914e-03  5.00000000e+00 
 2.85540914e-03  4.84630893e+00  2.85540914e-03  5.00000000e+00 
 2.86540914e-03  4.84817185e+00  2.86540914e-03  5.00000000e+00 
 2.87540914e-03  4.85001220e+00  2.87540914e-03  5.00000000e+00 
 2.88540914e-03  4.85183023e+00  2.88540914e-03  5.00000000e+00 
 2.89540914e-03  4.85362623e+00  2.89540914e-03  5.00000000e+00 
 2.90540914e-03  4.85540045e+00  2.90540914e-03  5.00000000e+00 
 2.91540914e-03  4.85715318e+00  2.91540914e-03  5.00000000e+00 
 2.92540914e-03  4.85888465e+00  2.92540914e-03  5.00000000e+00 
 2.93540914e-03  4.86059514e+00  2.93540914e-03  5.00000000e+00 
 2.94540914e-03  4.86228490e+00  2.94540914e-03  5.00000000e+00 
 2.95540914e-03  4.86395417e+00  2.95540914e-03  5.00000000e+00 
 2.96540914e-03  4.86560321e+00  2.96540914e-03  5.00000000e+00 
 2.97540914e-03  4.86723226e+00  2.97540914e-03  5.00000000e+00 
 2.98540914e-03  4.86884157e+00  2.98540914e-03  5.00000000e+00 
 2.99540914e-03  4.87043137e+00  2.99540914e-03  5.00000000e+00 
 3.00540914e-03  4.87200190e+00  3.00540914e-03  5.00000000e+00 
 3.01540914e-03  4.87355339e+00  3.01540914e-03  5.00000000e+00 
 3.02540914e-03  4.87508608e+00  3.02540914e-03  5.00000000e+00 
 3.03540914e-03  4.87660018e+00  3.03540914e-03  5.00000000e+00 
 3.04540914e-03  4.87809594e+00  3.04540914e-03  5.00000000e+00 
 3.05540914e-03  4.87957356e+00  3.05540914e-03  5.00000000e+00 
 3.06540914e-03  4.88103328e+00  3.06540914e-03  5.00000000e+00 
 3.07540914e-03  4.88247530e+00  3.07540914e-03  5.00000000e+00 
 3.08540914e-03  4.88389984e+00  3.08540914e-03  5.00000000e+00 
 3.09540914e-03  4.88530712e+00  3.09540914e-03  5.00000000e+00 
 3.10540914e-03  4.88669733e+00  3.10540914e-03  5.00000000e+00 
 3.11540914e-03  4.88807070e+00  3.11540914e-03  5.00000000e+00 
 3.12540914e-03  4.88942742e+00  3.12540914e-03  5.00000000e+00 
 3.13540914e-03  4.89076769e+00  3.13540914e-03  5.00000000e+00 
 3.14540914e-03  4.89209172e+00  3.14540914e-03  5.00000000e+00 
 3.15540914e-03  4.89339970e+00  3.15540914e-03  5.00000000e+00 
 3.16540914e-03  4.89469182e+00  3.16540914e-03  5.00000000e+00 
 3.17540914e-03  4.89596829e+00  3.17540914e-03  5.00000000e+00 
 3.18540914e-03  4.89722928e+00  3.18540914e-03  5.00000000e+00 
 3.19540914e-03  4.89847498e+00  3.19540914e-03  5.00000000e+00 
 3.20540914e-03  4.89970559e+00  3.20540914e-03  5.00000000e+00 
 3.21540914e-03  4.90092128e+00  3.21540914e-03  5.00000000e+00 
 3.22540914e-03  4.90212223e+00  3.22540914e-03  5.00000000e+00 
 3.23540914e-03  4.90330863e+00  3.23540914e-03  5.00000000e+00 
 3.24540914e-03  4.90448065e+00  3.24540914e-03  5.00000000e+00 
 3.25540914e-03  4.90563846e+00  3.25540914e-03  5.00000000e+00 
 3.26540914e-03  4.90678223e+00  3.26540914e-03  5.00000000e+00 
 3.27540914e-03  4.90791215e+00  3.27540914e-03  5.00000000e+00 
 3.28540914e-03  4.90902836e+00  3.28540914e-03  5.00000000e+00 
 3.29540914e-03  4.91013105e+00  3.29540914e-03  5.00000000e+00 
 3.30540914e-03  4.91122037e+00  3.30540914e-03  5.00000000e+00 
 3.31540914e-03  4.91229649e+00  3.31540914e-03  5.00000000e+00 
 3.32540914e-03  4.91335956e+00  3.32540914e-03  5.00000000e+00 
 3.33540914e-03  4.91440975e+00  3.33540914e-03  5.00000000e+00 
 3.34540914e-03  4.91544720e+00  3.34540914e-03  5.00000000e+00 
 3.35540914e-03  4.91647209e+00  3.35540914e-03  5.00000000e+00 
 3.36540914e-03  4.91748455e+00  3.36540914e-03  5.00000000e+00 
 3.37540914e-03  4.91848473e+00  3.37540914e-03  5.00000000e+00 
 3.38540914e-03  4.91947280e+00  3.38540914e-03  5.00000000e+00 
 3.39540914e-03  4.92044888e+00  3.39540914e-03  5.00000000e+00 
 3.40540914e-03  4.92141314e+00  3.40540914e-03  5.00000000e+00 
 3.41540914e-03  4.92236571e+00  3.41540914e-03  5.00000000e+00 
 3.42540914e-03  4.92330673e+00  3.42540914e-03  5.00000000e+00 
 3.43540914e-03  4.92423634e+00  3.43540914e-03  5.00000000e+00 
 3.44540914e-03  4.92515469e+00  3.44540914e-03  5.00000000e+00 
 3.45540914e-03  4.92606191e+00  3.45540914e-03  5.00000000e+00 
 3.46540914e-03  4.92695813e+00  3.46540914e-03  5.00000000e+00 
 3.47540914e-03  4.92784348e+00  3.47540914e-03  5.00000000e+00 
 3.48540914e-03  4.92871811e+00  3.48540914e-03  5.00000000e+00 
 3.49540914e-03  4.92958213e+00  3.49540914e-03  5.00000000e+00 
 3.50540914e-03  4.93043568e+00  3.50540914e-03  5.00000000e+00 
 3.51540914e-03  4.93127888e+00  3.51540914e-03  5.00000000e+00 
 3.52540914e-03  4.93211187e+00  3.52540914e-03  5.00000000e+00 
 3.53540914e-03  4.93293475e+00  3.53540914e-03  5.00000000e+00 
 3.54540914e-03  4.93374767e+00  3.54540914e-03  5.00000000e+00 
 3.55540914e-03  4.93455072e+00  3.55540914e-03  5.00000000e+00 
 3.56540914e-03  4.93534405e+00  3.56540914e-03  5.00000000e+00 
 3.57540914e-03  4.93612776e+00  3.57540914e-03  5.00000000e+00 
 3.58540914e-03  4.93690197e+00  3.58540914e-03  5.00000000e+00 
 3.59540914e-03  4.93766679e+00  3.59540914e-03  5.00000000e+00 
 3.60540914e-03  4.93842235e+00  3.60540914e-03  5.00000000e+00 
 3.61540914e-03  4.93916874e+00  3.61540914e-03  5.00000000e+00 
 3.62540914e-03  4.93990609e+00  3.62540914e-03  5.00000000e+00 
 3.63540914e-03  4.94063450e+00  3.63540914e-03  5.00000000e+00 
 3.64540914e-03  4.94135408e+00  3.64540914e-03  5.00000000e+00 
 3.65540914e-03  4.94206494e+00  3.65540914e-03  5.00000000e+00 
 3.66540914e-03  4.94276719e+00  3.66540914e-03  5.00000000e+00 
 3.67540914e-03  4.94346092e+00  3.67540914e-03  5.00000000e+00 
 3.68540914e-03  4.94414624e+00  3.68540914e-03  5.00000000e+00 
 3.69540914e-03  4.94482325e+00  3.69540914e-03  5.00000000e+00 
 3.70540914e-03  4.94549206e+00  3.70540914e-03  5.00000000e+00 
 3.71540914e-03  4.94615277e+00  3.71540914e-03  5.00000000e+00 
 3.72540914e-03  4.94680546e+00  3.72540914e-03  5.00000000e+00 
 3.73540914e-03  4.94745024e+00  3.73540914e-03  5.00000000e+00 
 3.74540914e-03  4.94808721e+00  3.74540914e-03  5.00000000e+00 
 3.75540914e-03  4.94871645e+00  3.75540914e-03  5.00000000e+00 
 3.76540914e-03  4.94933807e+00  3.76540914e-03  5.00000000e+00 
 3.77540914e-03  4.94995216e+00  3.77540914e-03  5.00000000e+00 
 3.78540914e-03  4.95055880e+00  3.78540914e-03  5.00000000e+00 
 3.79540914e-03  4.95115808e+00  3.79540914e-03  5.00000000e+00 
 3.80540914e-03  4.95175011e+00  3.80540914e-03  5.00000000e+00 
 3.81540914e-03  4.95233496e+00  3.81540914e-03  5.00000000e+00 
 3.82540914e-03  4.95291271e+00  3.82540914e-03  5.00000000e+00 
 3.83540914e-03  4.95348347e+00  3.83540914e-03  5.00000000e+00 
 3.84540914e-03  4.95404731e+00  3.84540914e-03  5.00000000e+00 
 3.85540914e-03  4.95460431e+00  3.85540914e-03  5.00000000e+00 
 3.86540914e-03  4.95515456e+00  3.86540914e-03  5.00000000e+00 
 3.87540914e-03  4.95569814e+00  3.87540914e-03  5.00000000e+00 
 3.88540914e-03  4.95623513e+00  3.88540914e-03  5.00000000e+00 
 3.89540914e-03  4.95676561e+00  3.89540914e-03  5.00000000e+00 
 3.90540914e-03  4.95728967e+00  3.90540914e-03  5.00000000e+00 
 3.91540914e-03  4.95780737e+00  3.91540914e-03  5.00000000e+00 
 3.92540914e-03  4.95831879e+00  3.92540914e-03  5.00000000e+00 
 3.93540914e-03  4.95882402e+00  3.93540914e-03  5.00000000e+00 
 3.94540914e-03  4.95932312e+00  3.94540914e-03  5.00000000e+00 
 3.95540914e-03  4.95981618e+00  3.95540914e-03  5.00000000e+00 
 3.96540914e-03  4.96030325e+00  3.96540914e-03  5.00000000e+00 
 3.97540914e-03  4.96078443e+00  3.97540914e-03  5.00000000e+00 
 3.98540914e-03  4.96125977e+00  3.98540914e-03  5.00000000e+00 
 3.99540914e-03  4.96172935e+00  3.99540914e-03  5.00000000e+00 
 4.00540914e-03  4.96219323e+00  4.00540914e-03  5.00000000e+00 
 4.01540914e-03  4.96265150e+00  4.01540914e-03  5.00000000e+00 
 4.02540914e-03  4.96310421e+00  4.02540914e-03  5.00000000e+00 
 4.03540914e-03  4.96355143e+00  4.03540914e-03  5.00000000e+00 
 4.04540914e-03  4.96399323e+00  4.04540914e-03  5.00000000e+00 
 4.05540914e-03  4.96442967e+00  4.05540914e-03  5.00000000e+00 
 4.06540914e-03  4.96486083e+00  4.06540914e-03  5.00000000e+00 
 4.07540914e-03  4.96528676e+00  4.07540914e-03  5.00000000e+00 
 4.08540914e-03  4.96570752e+00  4.08540914e-03  5.00000000e+00 
 4.09540914e-03  4.96612319e+00  4.09540914e-03  5.00000000e+00 
 4.10000100e-03  4.96631237e+00  4.10000100e-03  5.00000000e+00 
 4.10000110e-03  4.96631231e+00  4.10000110e-03  4.50000000e+00 
 4.10000130e-03  4.96631207e+00  4.10000130e-03  3.50000000e+00 
 4.10000170e-03  4.96631087e+00  4.10000170e-03  1.50000000e+00 
 4.10000200e-03  4.96630933e+00  4.10000200e-03  0.00000000e+00 
 4.10000208e-03  4.96630884e+00  4.10000208e-03  0.00000000e+00 
 4.10000224e-03  4.96630787e+00  4.10000224e-03  0.00000000e+00 
 4.10000256e-03  4.96630594e+00  4.10000256e-03  0.00000000e+00 
 4.10000320e-03  4.96630206e+00  4.10000320e-03  0.00000000e+00 
 4.10000448e-03  4.96629431e+00  4.10000448e-03  0.00000000e+00 
 4.10000704e-03  4.96627880e+00  4.10000704e-03  0.00000000e+00 
 4.10001216e-03  4.96624779e+00  4.10001216e-03  0.00000000e+00 
 4.10002240e-03  4.96618578e+00  4.10002240e-03  0.00000000e+00 
 4.10004288e-03  4.96606175e+00  4.10004288e-03  0.00000000e+00 
 4.10008384e-03  4.96581369e+00  4.10008384e-03  0.00000000e+00 
 4.10016576e-03  4.96531762e+00  4.10016576e-03  0.00000000e+00 
 4.10032960e-03  4.96432562e+00  4.10032960e-03  0.00000000e+00 
 4.10065728e-03  4.96234223e+00  4.10065728e-03  0.00000000e+00 
 4.10131264e-03  4.95837781e+00  4.10131264e-03  0.00000000e+00 
 4.10262336e-03  4.95045847e+00  4.10262336e-03  0.00000000e+00 
 4.10524480e-03  4.93465772e+00  4.10524480e-03  0.00000000e+00 
 4.11048768e-03  4.90320726e+00  4.11048768e-03  0.00000000e+00 
 4.12048768e-03  4.84377445e+00  4.12048768e-03  0.00000000e+00 
 4.13048768e-03  4.78506203e+00  4.13048768e-03  0.00000000e+00 
 4.14048768e-03  4.72706128e+00  4.14048768e-03  0.00000000e+00 
 4.15048768e-03  4.66976357e+00  4.15048768e-03  0.00000000e+00 
 4.16048768e-03  4.61316037e+00  4.16048768e-03  0.00000000e+00 
 4.17048768e-03  4.55724328e+00  4.17048768e-03  0.00000000e+00 
 4.18048768e-03  4.50200396e+00  4.18048768e-03  0.00000000e+00 
 4.19048768e-03  4.44743422e+00  4.19048768e-03  0.00000000e+00 
 4.20048768e-03  4.39352593e+00  4.20048768e-03  0.00000000e+00 
 4.21048768e-03  4.34027107e+00  4.21048768e-03  0.00000000e+00 
 4.22048768e-03  4.28766172e+00  4.22048768e-03  0.00000000e+00 
 4.23048768e-03  4.23569006e+00  4.23048768e-03  0.00000000e+00 
 4.24048768e-03  4.18434837e+00  4.24048768e-03  0.00000000e+00 
 4.25048768e-03  4.13362899e+00  4.25048768e-03  0.00000000e+00 
 4.26048768e-03  4.08352440e+00  4.26048768e-03  0.00000000e+00 
 4.27048768e-03  4.03402713e+00  4.27048768e-03  0.00000000e+00 
 4.28048768e-03  3.98512983e+00  4.28048768e-03  0.00000000e+00 
 4.29048768e-03  3.93682523e+00  4.29048768e-03  0.00000000e+00 
 4.30048768e-03  3.88910614e+00  4.30048768e-03  0.00000000e+00 
 4.31048768e-03  3.84196546e+00  4.31048768e-03  0.00000000e+00 
 4.32048768e-03  3.79539618e+00  4.32048768e-03  0.00000000e+00 
 4.33048768e-03  3.74939137e+00  4.33048768e-03  0.00000000e+00 
 4.34048768e-03  3.70394421e+00  4.34048768e-03  0.00000000e+00 
 4.35048768e-03  3.65904791e+00  4.35048768e-03  0.00000000e+00 
 4.36048768e-03  3.61469582e+00  4.36048768e-03  0.00000000e+00 
 4.37048768e-03  3.57088132e+00  4.37048768e-03  0.00000000e+00 
 4.38048768e-03  3.52759791e+00  4.38048768e-03  0.00000000e+00 
 4.39048768e-03  3.48483915e+00  4.39048768e-03  0.00000000e+00 
 4.40048768e-03  3.44259868e+00  4.40048768e-03  0.00000000e+00 
 4.41048768e-03  3.40087021e+00  4.41048768e-03  0.00000000e+00 
 4.42048768e-03  3.35964754e+00  4.42048768e-03  0.00000000e+00 
 4.43048768e-03  3.31892454e+00  4.43048768e-03  0.00000000e+00 
 4.44048768e-03  3.27869515e+00  4.44048768e-03  0.00000000e+00 
 4.45048768e-03  3.23895339e+00  4.45048768e-03  0.00000000e+00 
 4.46048768e-03  3.19969335e+00  4.46048768e-03  0.00000000e+00 
 4.47048768e-03  3.16090919e+00  4.47048768e-03  0.00000000e+00 
 4.48048768e-03  3.12259514e+00  4.48048768e-03  0.00000000e+00 
 4.49048768e-03  3.08474550e+00  4.49048768e-03  0.00000000e+00 
 4.50048768e-03  3.04735464e+00  4.50048768e-03  0.00000000e+00 
 4.51048768e-03  3.01041701e+00  4.51048768e-03  0.00000000e+00 
 4.52048768e-03  2.97392711e+00  4.52048768e-03  0.00000000e+00 
 4.53048768e-03  2.93787951e+00  4.53048768e-03  0.00000000e+00 
 4.54048768e-03  2.90226885e+00  4.54048768e-03  0.00000000e+00 
 4.55048768e-03  2.86708983e+00  4.55048768e-03  0.00000000e+00 
 4.56048768e-03  2.83233723e+00  4.56048768e-03  0.00000000e+00 
 4.57048768e-03  2.79800587e+00  4.57048768e-03  0.00000000e+00 
 4.58048768e-03  2.76409064e+00  4.58048768e-03  0.00000000e+00 
 4.59048768e-03  2.73058651e+00  4.59048768e-03  0.00000000e+00 
 4.60048768e-03  2.69748850e+00  4.60048768e-03  0.00000000e+00 
 4.61048768e-03  2.66479167e+00  4.61048768e-03  0.00000000e+00 
 4.62048768e-03  2.63249116e+00  4.62048768e-03  0.00000000e+00 
 4.63048768e-03  2.60058218e+00  4.63048768e-03  0.00000000e+00 
 4.64048768e-03  2.56905997e+00  4.64048768e-03  0.00000000e+00 
 4.65048768e-03  2.53791985e+00  4.65048768e-03  0.00000000e+00 
 4.66048768e-03  2.50715718e+00  4.66048768e-03  0.00000000e+00 
 4.67048768e-03  2.47676740e+00  4.67048768e-03  0.00000000e+00 
 4.68048768e-03  2.44674598e+00  4.68048768e-03  0.00000000e+00 
 4.69048768e-03  2.41708845e+00  4.69048768e-03  0.00000000e+00 
 4.70048768e-03  2.38779041e+00  4.70048768e-03  0.00000000e+00 
 4.71048768e-03  2.35884749e+00  4.71048768e-03  0.00000000e+00 
 4.72048768e-03  2.33025540e+00  4.72048768e-03  0.00000000e+00 
 4.73048768e-03  2.30200988e+00  4.73048768e-03  0.00000000e+00 
 4.74048768e-03  2.27410673e+00  4.74048768e-03  0.00000000e+00 
 4.75048768e-03  2.24654180e+00  4.75048768e-03  0.00000000e+00 
 4.76048768e-03  2.21931099e+00  4.76048768e-03  0.00000000e+00 
 4.77048768e-03  2.19241025e+00  4.77048768e-03  0.00000000e+00 
 4.78048768e-03  2.16583558e+00  4.78048768e-03  0.00000000e+00 
 4.79048768e-03  2.13958303e+00  4.79048768e-03  0.00000000e+00 
 4.80048768e-03  2.11364869e+00  4.80048768e-03  0.00000000e+00 
 4.81048768e-03  2.08802871e+00  4.81048768e-03  0.00000000e+00 
 4.82048768e-03  2.06271927e+00  4.82048768e-03  0.00000000e+00 
 4.83048768e-03  2.03771661e+00  4.83048768e-03  0.00000000e+00 
 4.84048768e-03  2.01301701e+00  4.84048768e-03  0.00000000e+00 
 4.85048768e-03  1.98861681e+00  4.85048768e-03  0.00000000e+00 
 4.86048768e-03  1.96451236e+00  4.86048768e-03  0.00000000e+00 
 4.87048768e-03  1.94070009e+00  4.87048768e-03  0.00000000e+00 
 4.88048768e-03  1.91717645e+00  4.88048768e-03  0.00000000e+00 
 4.89048768e-03  1.89393795e+00  4.89048768e-03  0.00000000e+00 
 4.90048768e-03  1.87098113e+00  4.90048768e-03  0.00000000e+00 
 4.91048768e-03  1.84830257e+00  4.91048768e-03  0.00000000e+00 
 4.92048768e-03  1.82589890e+00  4.92048768e-03  0.00000000e+00 
 4.93048768e-03  1.80376679e+00  4.93048768e-03  0.00000000e+00 
 4.94048768e-03  1.78190295e+00  4.94048768e-03  0.00000000e+00 
 4.95048768e-03  1.76030413e+00  4.95048768e-03  0.00000000e+00 
 4.96048768e-03  1.73896711e+00  4.96048768e-03  0.00000000e+00 
 4.97048768e-03  1.71788872e+00  4.97048768e-03  0.00000000e+00 
 4.98048768e-03  1.69706583e+00  4.98048768e-03  0.00000000e+00 
 4.99048768e-03  1.67649533e+00  4.99048768e-03  0.00000000e+00 
 5.00048768e-03  1.65617418e+00  5.00048768e-03  0.00000000e+00 
 5.01048768e-03  1.63609934e+00  5.01048768e-03  0.00000000e+00 
 5.02048768e-03  1.61626783e+00  5.02048768e-03  0.00000000e+00 
 5.03048768e-03  1.59667671e+00  5.03048768e-03  0.00000000e+00 
 5.04048768e-03  1.57732305e+00  5.04048768e-03  0.00000000e+00 
 5.05048768e-03  1.55820398e+00  5.05048768e-03  0.00000000e+00 
 5.06048768e-03  1.53931666e+00  5.06048768e-03  0.00000000e+00 
 5.07048768e-03  1.52065828e+00  5.07048768e-03  0.00000000e+00 
 5.08048768e-03  1.50222605e+00  5.08048768e-03  0.00000000e+00 
 5.09048768e-03  1.48401725e+00  5.09048768e-03  0.00000000e+00 
 5.10048768e-03  1.46602917e+00  5.10048768e-03  0.00000000e+00 
 5.11048768e-03  1.44825912e+00  5.11048768e-03  0.00000000e+00 
 5.12048768e-03  1.43070446e+00  5.12048768e-03  0.00000000e+00 
 5.13048768e-03  1.41336259e+00  5.13048768e-03  0.00000000e+00 
 5.14048768e-03  1.39623092e+00  5.14048768e-03  0.00000000e+00 
 5.15048768e-03  1.37930691e+00  5.15048768e-03  0.00000000e+00 
 5.16048768e-03  1.36258804e+00  5.16048768e-03  0.00000000e+00 
 5.17048768e-03  1.34607182e+00  5.17048768e-03  0.00000000e+00 
 5.18048768e-03  1.32975580e+00  5.18048768e-03  0.00000000e+00 
 5.19048768e-03  1.31363754e+00  5.19048768e-03  0.00000000e+00 
 5.20048768e-03  1.29771467e+00  5.20048768e-03  0.00000000e+00 
 5.21048768e-03  1.28198479e+00  5.21048768e-03  0.00000000e+00 
 5.22048768e-03  1.26644558e+00  5.22048768e-03  0.00000000e+00 
 5.23048768e-03  1.25109473e+00  5.23048768e-03  0.00000000e+00 
 5.24048768e-03  1.23592994e+00  5.24048768e-03  0.00000000e+00 
 5.25048768e-03  1.22094897e+00  5.25048768e-03  0.00000000e+00 
 5.26048768e-03  1.20614959e+00  5.26048768e-03  0.00000000e+00 
 5.27048768e-03  1.19152960e+00  5.27048768e-03  0.00000000e+00 
 5.28048768e-03  1.17708681e+00  5.28048768e-03  0.00000000e+00 
 5.29048768e-03  1.16281909e+00  5.29048768e-03  0.00000000e+00 
 5.30048768e-03  1.14872432e+00  5.30048768e-03  0.00000000e+00 
 5.31048768e-03  1.13480039e+00  5.31048768e-03  0.00000000e+00 
 5.32048768e-03  1.12104523e+00  5.32048768e-03  0.00000000e+00 
 5.33048768e-03  1.10745680e+00  5.33048768e-03  0.00000000e+00 
 5.34048768e-03  1.09403308e+00  5.34048768e-03  0.00000000e+00 
 5.35048768e-03  1.08077208e+00  5.35048768e-03  0.00000000e+00 
 5.36048768e-03  1.06767181e+00  5.36048768e-03  0.00000000e+00 
 5.37048768e-03  1.05473033e+00  5.37048768e-03  0.00000000e+00 
 5.38048768e-03  1.04194572e+00  5.38048768e-03  0.00000000e+00 
 5.39048768e-03  1.02931608e+00  5.39048768e-03  0.00000000e+00 
 5.40048768e-03  1.01683952e+00  5.40048768e-03  0.00000000e+00 
 5.41048768e-03  1.00451419e+00  5.41048768e-03  0.00000000e+00 
 5.42048768e-03  9.92338261e-01  5.42048768e-03  0.00000000e+00 
 5.43048768e-03  9.80309919e-01  5.43048768e-03  0.00000000e+00 
 5.44048768e-03  9.68427374e-01  5.44048768e-03  0.00000000e+00 
 5.45048768e-03  9.56688861e-01  5.45048768e-03  0.00000000e+00 
 5.46048768e-03  9.45092632e-01  5.46048768e-03  0.00000000e+00 
 5.47048768e-03  9.33636964e-01  5.47048768e-03  0.00000000e+00 
 5.48048768e-03  9.22320152e-01  5.48048768e-03  0.00000000e+00 
 5.49048768e-03  9.11140514e-01  5.49048768e-03  0.00000000e+00 
 5.50048768e-03  9.00096387e-01  5.50048768e-03  0.00000000e+00 
 5.51048768e-03  8.89186127e-01  5.51048768e-03  0.00000000e+00 
 5.52048768e-03  8.78408114e-01  5.52048768e-03  0.00000000e+00 
 5.53048768e-03  8.67760743e-01  5.53048768e-03  0.00000000e+00 
 5.54048768e-03  8.57242431e-01  5.54048768e-03  0.00000000e+00 
 5.55048768e-03  8.46851613e-01  5.55048768e-03  0.00000000e+00 
 5.56048768e-03  8.36586745e-01  5.56048768e-03  0.00000000e+00 
 5.57048768e-03  8.26446300e-01  5.57048768e-03  0.00000000e+00 
 5.58048768e-03  8.16428769e-01  5.58048768e-03  0.00000000e+00 
 5.59048768e-03  8.06532663e-01  5.59048768e-03  0.00000000e+00 
 5.60048768e-03  7.96756509e-01  5.60048768e-03  0.00000000e+00 
 5.61048768e-03  7.87098854e-01  5.61048768e-03  0.00000000e+00 
 5.62048768e-03  7.77558262e-01  5.62048768e-03  0.00000000e+00 
 5.63048768e-03  7.68133314e-01  5.63048768e-03  0.00000000e+00 
 5.64048768e-03  7.58822607e-01  5.64048768e-03  0.00000000e+00 
 5.65048768e-03  7.49624757e-01  5.65048768e-03  0.00000000e+00 
 5.66048768e-03  7.40538396e-01  5.66048768e-03  0.00000000e+00 
 5.67048768e-03  7.31562173e-01  5.67048768e-03  0.00000000e+00 
 5.68048768e-03  7.22694753e-01  5.68048768e-03  0.00000000e+00 
 5.69048768e-03  7.13934817e-01  5.69048768e-03  0.00000000e+00 
 5.70048768e-03  7.05281061e-01  5.70048768e-03  0.00000000e+00 
 5.71048768e-03  6.96732200e-01  5.71048768e-03  0.00000000e+00 
 5.72048768e-03  6.88286961e-01  5.72048768e-03  0.00000000e+00 
 5.73048768e-03  6.79944089e-01  5.73048768e-03  0.00000000e+00 
 5.74048768e-03  6.71702342e-01  5.74048768e-03  0.00000000e+00 
 5.75048768e-03  6.63560496e-01  5.75048768e-03  0.00000000e+00 
 5.76048768e-03  6.55517338e-01  5.76048768e-03  0.00000000e+00 
 5.77048768e-03  6.47571674e-01  5.77048768e-03  0.00000000e+00 
 5.78048768e-03  6.39722320e-01  5.78048768e-03  0.00000000e+00 
 5.79048768e-03  6.31968110e-01  5.79048768e-03  0.00000000e+00 
 5.80048768e-03  6.24307890e-01  5.80048768e-03  0.00000000e+00 
 5.81048768e-03  6.16740522e-01  5.81048768e-03  0.00000000e+00 
 5.82048768e-03  6.09264879e-01  5.82048768e-03  0.00000000e+00 
 5.83048768e-03  6.01879851e-01  5.83048768e-03  0.00000000e+00 
 5.84048768e-03  5.94584337e-01  5.84048768e-03  0.00000000e+00 
 5.85048768e-03  5.87377254e-01  5.85048768e-03  0.00000000e+00 
 5.86048768e-03  5.80257530e-01  5.86048768e-03  0.00000000e+00 
 5.87048768e-03  5.73224105e-01  5.87048768e-03  0.00000000e+00 
 5.88048768e-03  5.66275934e-01  5.88048768e-03  0.00000000e+00 
 5.89048768e-03  5.59411984e-01  5.89048768e-03  0.00000000e+00 
 5.90048768e-03  5.52631232e-01  5.90048768e-03  0.00000000e+00 
 5.91048768e-03  5.45932672e-01  5.91048768e-03  0.00000000e+00 
 5.92048768e-03  5.39315306e-01  5.92048768e-03  0.00000000e+00 
 5.93048768e-03  5.32778151e-01  5.93048768e-03  0.00000000e+00 
 5.94048768e-03  5.26320234e-01  5.94048768e-03  0.00000000e+00 
 5.95048768e-03  5.19940595e-01  5.95048768e-03  0.00000000e+00 
 5.96048768e-03  5.13638285e-01  5.96048768e-03  0.00000000e+00 
 5.97048768e-03  5.07412366e-01  5.97048768e-03  0.00000000e+00 
 5.98048768e-03  5.01261913e-01  5.98048768e-03  0.00000000e+00 
 5.99048768e-03  4.95186011e-01  5.99048768e-03  0.00000000e+00 
 6.00048768e-03  4.89183756e-01  6.00048768e-03  0.00000000e+00 
 6.01048768e-03  4.83254256e-01  6.01048768e-03  0.00000000e+00 
 6.02048768e-03  4.77396629e-01  6.02048768e-03  0.00000000e+00 
 6.03048768e-03  4.71610003e-01  6.03048768e-03  0.00000000e+00 
 6.04048768e-03  4.65893518e-01  6.04048768e-03  0.00000000e+00 
 6.05048768e-03  4.60246324e-01  6.05048768e-03  0.00000000e+00 
 6.06048768e-03  4.54667581e-01  6.06048768e-03  0.00000000e+00 
 6.07048768e-03  4.49156459e-01  6.07048768e-03  0.00000000e+00 
 6.08048768e-03  4.43712138e-01  6.08048768e-03  0.00000000e+00 
 6.09048768e-03  4.38333809e-01  6.09048768e-03  0.00000000e+00 
 6.10048768e-03  4.33020672e-01  6.10048768e-03  0.00000000e+00 
 6.11048768e-03  4.27771937e-01  6.11048768e-03  0.00000000e+00 
 6.12048768e-03  4.22586822e-01  6.12048768e-03  0.00000000e+00 
 6.13048768e-03  4.17464558e-01  6.13048768e-03  0.00000000e+00 
 6.14048768e-03  4.12404381e-01  6.14048768e-03  0.00000000e+00 
 6.15048768e-03  4.07405540e-01  6.15048768e-03  0.00000000e+00 
 6.16048768e-03  4.02467291e-01  6.16048768e-03  0.00000000e+00 
 6.17048768e-03  3.97588900e-01  6.17048768e-03  0.00000000e+00 
 6.18048768e-03  3.92769640e-01  6.18048768e-03  0.00000000e+00 
 6.19048768e-03  3.88008796e-01  6.19048768e-03  0.00000000e+00 
 6.20048768e-03  3.83305659e-01  6.20048768e-03  0.00000000e+00 
 6.21048768e-03  3.78659530e-01  6.21048768e-03  0.00000000e+00 
 6.22048768e-03  3.74069718e-01  6.22048768e-03  0.00000000e+00 
 6.23048768e-03  3.69535539e-01  6.23048768e-03  0.00000000e+00 
 6.24048768e-03  3.65056321e-01  6.24048768e-03  0.00000000e+00 
 6.25048768e-03  3.60631396e-01  6.25048768e-03  0.00000000e+00 
 6.26048768e-03  3.56260106e-01  6.26048768e-03  0.00000000e+00 
 6.27048768e-03  3.51941802e-01  6.27048768e-03  0.00000000e+00 
 6.28048768e-03  3.47675840e-01  6.28048768e-03  0.00000000e+00 
 6.29048768e-03  3.43461588e-01  6.29048768e-03  0.00000000e+00 
 6.30048768e-03  3.39298417e-01  6.30048768e-03  0.00000000e+00 
 6.31048768e-03  3.35185709e-01  6.31048768e-03  0.00000000e+00 
 6.32048768e-03  3.31122852e-01  6.32048768e-03  0.00000000e+00 
 6.33048768e-03  3.27109241e-01  6.33048768e-03  0.00000000e+00 
 6.34048768e-03  3.23144281e-01  6.34048768e-03  0.00000000e+00 
 6.35048768e-03  3.19227381e-01  6.35048768e-03  0.00000000e+00 
 6.36048768e-03  3.15357958e-01  6.36048768e-03  0.00000000e+00 
 6.37048768e-03  3.11535437e-01  6.37048768e-03  0.00000000e+00 
 6.38048768e-03  3.07759250e-01  6.38048768e-03  0.00000000e+00 
 6.39048768e-03  3.04028835e-01  6.39048768e-03  0.00000000e+00 
 6.40048768e-03  3.00343637e-01  6.40048768e-03  0.00000000e+00 
 6.41048768e-03  2.96703108e-01  6.41048768e-03  0.00000000e+00 
 6.42048768e-03  2.93106707e-01  6.42048768e-03  0.00000000e+00 
 6.43048768e-03  2.89553898e-01  6.43048768e-03  0.00000000e+00 
 6.44048768e-03  2.86044154e-01  6.44048768e-03  0.00000000e+00 
 6.45048768e-03  2.82576952e-01  6.45048768e-03  0.00000000e+00 
 6.46048768e-03  2.79151777e-01  6.46048768e-03  0.00000000e+00 
 6.47048768e-03  2.75768119e-01  6.47048768e-03  0.00000000e+00 
 6.48048768e-03  2.72425475e-01  6.48048768e-03  0.00000000e+00 
 6.49048768e-03  2.69123348e-01  6.49048768e-03  0.00000000e+00 
 6.50048768e-03  2.65861247e-01  6.50048768e-03  0.00000000e+00 
 6.51048768e-03  2.62638686e-01  6.51048768e-03  0.00000000e+00 
 6.52048768e-03  2.59455187e-01  6.52048768e-03  0.00000000e+00 
 6.53048768e-03  2.56310276e-01  6.53048768e-03  0.00000000e+00 
 6.54048768e-03  2.53203484e-01  6.54048768e-03  0.00000000e+00 
 6.55048768e-03  2.50134351e-01  6.55048768e-03  0.00000000e+00 
 6.56048768e-03  2.47102420e-01  6.56048768e-03  0.00000000e+00 
 6.57048768e-03  2.44107239e-01  6.57048768e-03  0.00000000e+00 
 6.58048768e-03  2.41148363e-01  6.58048768e-03  0.00000000e+00 
 6.59048768e-03  2.38225353e-01  6.59048768e-03  0.00000000e+00 
 6.60048768e-03  2.35337773e-01  6.60048768e-03  0.00000000e+00 
 6.61048768e-03  2.32485194e-01  6.61048768e-03  0.00000000e+00 
 6.62048768e-03  2.29667191e-01  6.62048768e-03  0.00000000e+00 
 6.63048768e-03  2.26883347e-01  6.63048768e-03  0.00000000e+00 
 6.64048768e-03  2.24133246e-01  6.64048768e-03  0.00000000e+00 
 6.65048768e-03  2.21416479e-01  6.65048768e-03  0.00000000e+00 
 6.66048768e-03  2.18732643e-01  6.66048768e-03  0.00000000e+00 
 6.67048768e-03  2.16081338e-01  6.67048768e-03  0.00000000e+00 
 6.68048768e-03  2.13462170e-01  6.68048768e-03  0.00000000e+00 
 6.69048768e-03  2.10874750e-01  6.69048768e-03  0.00000000e+00 
 6.70048768e-03  2.08318692e-01  6.70048768e-03  0.00000000e+00 
 6.71048768e-03  2.05793617e-01  6.71048768e-03  0.00000000e+00 
 6.72048768e-03  2.03299149e-01  6.72048768e-03  0.00000000e+00 
 6.73048768e-03  2.00834917e-01  6.73048768e-03  0.00000000e+00 
 6.74048768e-03  1.98400555e-01  6.74048768e-03  0.00000000e+00 
 6.75048768e-03  1.95995699e-01  6.75048768e-03  0.00000000e+00 
 6.76048768e-03  1.93619994e-01  6.76048768e-03  0.00000000e+00 
 6.77048768e-03  1.91273085e-01  6.77048768e-03  0.00000000e+00 
 6.78048768e-03  1.88954623e-01  6.78048768e-03  0.00000000e+00 
 6.79048768e-03  1.86664264e-01  6.79048768e-03  0.00000000e+00 
 6.80048768e-03  1.84401667e-01  6.80048768e-03  0.00000000e+00 
 6.81048768e-03  1.82166495e-01  6.81048768e-03  0.00000000e+00 
 6.82048768e-03  1.79958417e-01  6.82048768e-03  0.00000000e+00 
 6.83048768e-03  1.77777102e-01  6.83048768e-03  0.00000000e+00 
 6.84048768e-03  1.75622228e-01  6.84048768e-03  0.00000000e+00 
 6.85048768e-03  1.73493474e-01  6.85048768e-03  0.00000000e+00 
 6.86048768e-03  1.71390523e-01  6.86048768e-03  0.00000000e+00 
 6.87048768e-03  1.69313062e-01  6.87048768e-03  0.00000000e+00 
 6.88048768e-03  1.67260783e-01  6.88048768e-03  0.00000000e+00 
 6.89048768e-03  1.65233379e-01  6.89048768e-03  0.00000000e+00 
 6.90048768e-03  1.63230550e-01  6.90048768e-03  0.00000000e+00 
 6.91048768e-03  1.61251998e-01  6.91048768e-03  0.00000000e+00 
 6.92048768e-03  1.59297429e-01  6.92048768e-03  0.00000000e+00 
 6.93048768e-03  1.57366551e-01  6.93048768e-03  0.00000000e+00 
 6.94048768e-03  1.55459077e-01  6.94048768e-03  0.00000000e+00 
 6.95048768e-03  1.53574725e-01  6.95048768e-03  0.00000000e+00 
 6.96048768e-03  1.51713213e-01  6.96048768e-03  0.00000000e+00 
 6.97048768e-03  1.49874265e-01  6.97048768e-03  0.00000000e+00 
 6.98048768e-03  1.48057607e-01  6.98048768e-03  0.00000000e+00 
 6.99048768e-03  1.46262970e-01  6.99048768e-03  0.00000000e+00 
 7.00048768e-03  1.44490085e-01  7.00048768e-03  0.00000000e+00 
 7.01048768e-03  1.42738690e-01  7.01048768e-03  0.00000000e+00 
 7.02048768e-03  1.41008524e-01  7.02048768e-03  0.00000000e+00 
 7.03048768e-03  1.39299330e-01  7.03048768e-03  0.00000000e+00 
 7.04048768e-03  1.37610853e-01  7.04048768e-03  0.00000000e+00 
 7.05048768e-03  1.35942843e-01  7.05048768e-03  0.00000000e+00 
 7.06048768e-03  1.34295051e-01  7.06048768e-03  0.00000000e+00 
 7.07048768e-03  1.32667232e-01  7.07048768e-03  0.00000000e+00 
 7.08048768e-03  1.31059144e-01  7.08048768e-03  0.00000000e+00 
 7.09048768e-03  1.29470549e-01  7.09048768e-03  0.00000000e+00 
 7.10048768e-03  1.27901209e-01  7.10048768e-03  0.00000000e+00 
 7.11048768e-03  1.26350891e-01  7.11048768e-03  0.00000000e+00 
 7.12048768e-03  1.24819365e-01  7.12048768e-03  0.00000000e+00 
 7.13048768e-03  1.23306403e-01  7.13048768e-03  0.00000000e+00 
 7.14048768e-03  1.21811780e-01  7.14048768e-03  0.00000000e+00 
 7.15048768e-03  1.20335274e-01  7.15048768e-03  0.00000000e+00 
 7.16048768e-03  1.18876664e-01  7.16048768e-03  0.00000000e+00 
 7.17048768e-03  1.17435735e-01  7.17048768e-03  0.00000000e+00 
 7.18048768e-03  1.16012271e-01  7.18048768e-03  0.00000000e+00 
 7.19048768e-03  1.14606062e-01  7.19048768e-03  0.00000000e+00 
 7.20048768e-03  1.13216898e-01  7.20048768e-03  0.00000000e+00 
 7.21048768e-03  1.11844572e-01  7.21048768e-03  0.00000000e+00 
 7.22048768e-03  1.10488880e-01  7.22048768e-03  0.00000000e+00 
 7.23048768e-03  1.09149621e-01  7.23048768e-03  0.00000000e+00 
 7.24048768e-03  1.07826595e-01  7.24048768e-03  0.00000000e+00 
 7.25048768e-03  1.06519606e-01  7.25048768e-03  0.00000000e+00 
 7.26048768e-03  1.05228459e-01  7.26048768e-03  0.00000000e+00 
 7.27048768e-03  1.03952963e-01  7.27048768e-03  0.00000000e+00 
 7.28048768e-03  1.02692927e-01  7.28048768e-03  0.00000000e+00 
 7.29048768e-03  1.01448164e-01  7.29048768e-03  0.00000000e+00 
 7.30048768e-03  1.00218489e-01  7.30048768e-03  0.00000000e+00 
 7.31048768e-03  9.90037199e-02  7.31048768e-03  0.00000000e+00 
 7.32048768e-03  9.78036748e-02  7.32048768e-03  0.00000000e+00 
 7.33048768e-03  9.66181757e-02  7.33048768e-03  0.00000000e+00 
 7.34048768e-03  9.54470463e-02  7.34048768e-03  0.00000000e+00 
 7.35048768e-03  9.42901124e-02  7.35048768e-03  0.00000000e+00 
 7.36048768e-03  9.31472019e-02  7.36048768e-03  0.00000000e+00 
 7.37048768e-03  9.20181449e-02  7.37048768e-03  0.00000000e+00 
 7.38048768e-03  9.09027735e-02  7.38048768e-03  0.00000000e+00 
 7.39048768e-03  8.98009217e-02  7.39048768e-03  0.00000000e+00 
 7.40048768e-03  8.87124257e-02  7.40048768e-03  0.00000000e+00 
 7.41048768e-03  8.76371235e-02  7.41048768e-03  0.00000000e+00 
 7.42048768e-03  8.65748554e-02  7.42048768e-03  0.00000000e+00 
 7.43048768e-03  8.55254632e-02  7.43048768e-03  0.00000000e+00 
 7.44048768e-03  8.44887909e-02  7.44048768e-03  0.00000000e+00 
 7.45048768e-03  8.34646843e-02  7.45048768e-03  0.00000000e+00 
 7.46048768e-03  8.24529912e-02  7.46048768e-03  0.00000000e+00 
 7.47048768e-03  8.14535610e-02  7.47048768e-03  0.00000000e+00 
 7.48048768e-03  8.04662451e-02  7.48048768e-03  0.00000000e+00 
 7.49048768e-03  7.94908967e-02  7.49048768e-03  0.00000000e+00 
 7.50048768e-03  7.85273707e-02  7.50048768e-03  0.00000000e+00 
 7.51048768e-03  7.75755238e-02  7.51048768e-03  0.00000000e+00 
 7.52048768e-03  7.66352144e-02  7.52048768e-03  0.00000000e+00 
 7.53048768e-03  7.57063027e-02  7.53048768e-03  0.00000000e+00 
 7.54048768e-03  7.47886505e-02  7.54048768e-03  0.00000000e+00 
 7.55048768e-03  7.38821214e-02  7.55048768e-03  0.00000000e+00 
 7.56048768e-03  7.29865806e-02  7.56048768e-03  0.00000000e+00 
 7.57048768e-03  7.21018947e-02  7.57048768e-03  0.00000000e+00 
 7.58048768e-03  7.12279324e-02  7.58048768e-03  0.00000000e+00 
 7.59048768e-03  7.03645635e-02  7.59048768e-03  0.00000000e+00 
 7.60048768e-03  6.95116597e-02  7.60048768e-03  0.00000000e+00 
 7.61048768e-03  6.86690941e-02  7.61048768e-03  0.00000000e+00 
 7.62048768e-03  6.78367415e-02  7.62048768e-03  0.00000000e+00 
 7.63048768e-03  6.70144779e-02  7.63048768e-03  0.00000000e+00 
 7.64048768e-03  6.62021812e-02  7.64048768e-03  0.00000000e+00 
 7.65048768e-03  6.53997306e-02  7.65048768e-03  0.00000000e+00 
 7.66048768e-03  6.46070066e-02  7.66048768e-03  0.00000000e+00 
 7.67048768e-03  6.38238913e-02  7.67048768e-03  0.00000000e+00 
 7.68048768e-03  6.30502684e-02  7.68048768e-03  0.00000000e+00 
 7.69048768e-03  6.22860227e-02  7.69048768e-03  0.00000000e+00 
 7.70048768e-03  6.15310406e-02  7.70048768e-03  0.00000000e+00 
 7.71048768e-03  6.07852098e-02  7.71048768e-03  0.00000000e+00 
 7.72048768e-03  6.00484194e-02  7.72048768e-03  0.00000000e+00 
 7.73048768e-03  5.93205598e-02  7.73048768e-03  0.00000000e+00 
 7.74048768e-03  5.86015227e-02  7.74048768e-03  0.00000000e+00 
 7.75048768e-03  5.78912012e-02  7.75048768e-03  0.00000000e+00 
 7.76048768e-03  5.71894897e-02  7.76048768e-03  0.00000000e+00 
 7.77048768e-03  5.64962837e-02  7.77048768e-03  0.00000000e+00 
 7.78048768e-03  5.58114803e-02  7.78048768e-03  0.00000000e+00 
 7.79048768e-03  5.51349775e-02  7.79048768e-03  0.00000000e+00 
 7.80048768e-03  5.44666747e-02  7.80048768e-03  0.00000000e+00 
 7.81048768e-03  5.38064726e-02  7.81048768e-03  0.00000000e+00 
 7.82048768e-03  5.31542730e-02  7.82048768e-03  0.00000000e+00 
 7.83048768e-03  5.25099787e-02  7.83048768e-03  0.00000000e+00 
 7.84048768e-03  5.18734942e-02  7.84048768e-03  0.00000000e+00 
 7.85048768e-03  5.12447245e-02  7.85048768e-03  0.00000000e+00 
 7.86048768e-03  5.06235764e-02  7.86048768e-03  0.00000000e+00 
 7.87048768e-03  5.00099572e-02  7.87048768e-03  0.00000000e+00 
 7.88048768e-03  4.94037759e-02  7.88048768e-03  0.00000000e+00 
 7.89048768e-03  4.88049423e-02  7.89048768e-03  0.00000000e+00 
 7.90048768e-03  4.82133672e-02  7.90048768e-03  0.00000000e+00 
 7.91048768e-03  4.76289628e-02  7.91048768e-03  0.00000000e+00 
 7.92048768e-03  4.70516420e-02  7.92048768e-03  0.00000000e+00 
 7.93048768e-03  4.64813191e-02  7.93048768e-03  0.00000000e+00 
 7.94048768e-03  4.59179092e-02  7.94048768e-03  0.00000000e+00 
 7.95048768e-03  4.53613284e-02  7.95048768e-03  0.00000000e+00 
 7.96048768e-03  4.48114942e-02  7.96048768e-03  0.00000000e+00 
 7.97048768e-03  4.42683245e-02  7.97048768e-03  0.00000000e+00 
 7.98048768e-03  4.37317388e-02  7.98048768e-03  0.00000000e+00 
 7.99048768e-03  4.32016571e-02  7.99048768e-03  0.00000000e+00 
 8.00048768e-03  4.26780007e-02  8.00048768e-03  0.00000000e+00 
 8.01048768e-03  4.21606916e-02  8.01048768e-03  0.00000000e+00 
 8.02048768e-03  4.16496529e-02  8.02048768e-03  0.00000000e+00 
 8.03048768e-03  4.11448086e-02  8.03048768e-03  0.00000000e+00 
 8.04048768e-03  4.06460836e-02  8.04048768e-03  0.00000000e+00 
 8.05048768e-03  4.01534038e-02  8.05048768e-03  0.00000000e+00 
 8.06048768e-03  3.96666959e-02  8.06048768e-03  0.00000000e+00 
 8.07048768e-03  3.91858875e-02  8.07048768e-03  0.00000000e+00 
 8.08048768e-03  3.87109070e-02  8.08048768e-03  0.00000000e+00 
 8.09048768e-03  3.82416839e-02  8.09048768e-03  0.00000000e+00 
 8.10048768e-03  3.77781483e-02  8.10048768e-03  0.00000000e+00 
 8.11048768e-03  3.73202314e-02  8.11048768e-03  0.00000000e+00 
 8.12048768e-03  3.68678650e-02  8.12048768e-03  0.00000000e+00 
 8.13048768e-03  3.64209817e-02  8.13048768e-03  0.00000000e+00 
 8.14048768e-03  3.59795153e-02  8.14048768e-03  0.00000000e+00 
 8.15048768e-03  3.55434000e-02  8.15048768e-03  0.00000000e+00 
 8.16048768e-03  3.51125709e-02  8.16048768e-03  0.00000000e+00 
 8.17048768e-03  3.46869639e-02  8.17048768e-03  0.00000000e+00 
 8.18048768e-03  3.42665159e-02  8.18048768e-03  0.00000000e+00 
 8.19048768e-03  3.38511642e-02  8.19048768e-03  0.00000000e+00 
 8.20000000e-03  3.34607420e-02  8.20000000e-03  0.00000000e+00 
 8.20000010e-03  3.34607989e-02  8.20000010e-03  4.99999998e-01 
 8.20000030e-03  3.34610346e-02  8.20000030e-03  1.49999999e+00 
 8.20000070e-03  3.34622378e-02  8.20000070e-03  3.49999999e+00 
 8.20000100e-03  3.34637805e-02  8.20000100e-03  5.00000000e+00 
 8.20000108e-03  3.34642650e-02  8.20000108e-03  5.00000000e+00 
 8.20000124e-03  3.34652341e-02  8.20000124e-03  5.00000000e+00 
 8.20000156e-03  3.34671722e-02  8.20000156e-03  5.00000000e+00 
 8.20000220e-03  3.34710486e-02  8.20000220e-03  5.00000000e+00 
 8.20000348e-03  3.34788012e-02  8.20000348e-03  5.00000000e+00 
 8.20000604e-03  3.34943064e-02  8.20000604e-03  5.00000000e+00 
 8.20001116e-03  3.35253167e-02  8.20001116e-03  5.00000000e+00 
 8.20002140e-03  3.35873367e-02  8.20002140e-03  5.00000000e+00 
 8.20004188e-03  3.37113743e-02  8.20004188e-03  5.00000000e+00 
 8.20008284e-03  3.39594403e-02  8.20008284e-03  5.00000000e+00 
 8.20016476e-03  3.44555351e-02  8.20016476e-03  5.00000000e+00 
 8.20032860e-03  3.54475760e-02  8.20032860e-03  5.00000000e+00 
 8.20065628e-03  3.74310632e-02  8.20065628e-03  5.00000000e+00 
 8.20131164e-03  4.13956609e-02  8.20131164e-03  5.00000000e+00 
 8.20262236e-03  4.93153580e-02  8.20262236e-03  5.00000000e+00 
 8.20524380e-03  6.51168353e-02  8.20524380e-03  5.00000000e+00 
 8.21048668e-03  9.65687268e-02  8.21048668e-03  5.00000000e+00 
 8.22048668e-03  1.56004257e-01  8.22048668e-03  5.00000000e+00 
 8.23048668e-03  2.14719357e-01  8.23048668e-03  5.00000000e+00 
 8.24048668e-03  2.72722759e-01  8.24048668e-03  5.00000000e+00 
 8.25048668e-03  3.30023089e-01  8.25048668e-03  5.00000000e+00 
 8.26048668e-03  3.86628870e-01  8.26048668e-03  5.00000000e+00 
 8.27048668e-03  4.42548520e-01  8.27048668e-03  5.00000000e+00 
 8.28048668e-03  4.97790356e-01  8.28048668e-03  5.00000000e+00 
 8.29048668e-03  5.52362594e-01  8.29048668e-03  5.00000000e+00 
 8.30048668e-03  6.06273351e-01  8.30048668e-03  5.00000000e+00 
 8.31048668e-03  6.59530643e-01  8.31048668e-03  5.00000000e+00 
 8.32048668e-03  7.12142393e-01  8.32048668e-03  5.00000000e+00 
 8.33048668e-03  7.64116425e-01  8.33048668e-03  5.00000000e+00 
 8.34048668e-03  8.15460468e-01  8.34048668e-03  5.00000000e+00 
 8.35048668e-03  8.66182159e-01  8.35048668e-03  5.00000000e+00 
 8.36048668e-03  9.16289042e-01  8.36048668e-03  5.00000000e+00 
 8.37048668e-03  9.65788569e-01  8.37048668e-03  5.00000000e+00 
 8.38048668e-03  1.01468810e+00  8.38048668e-03  5.00000000e+00 
 8.39048668e-03  1.06299491e+00  8.39048668e-03  5.00000000e+00 
 8.40048668e-03  1.11071619e+00  8.40048668e-03  5.00000000e+00 
 8.41048668e-03  1.15785902e+00  8.41048668e-03  5.00000000e+00 
 8.42048668e-03  1.20443043e+00  8.42048668e-03  5.00000000e+00 
 8.43048668e-03  1.25043733e+00  8.43048668e-03  5.00000000e+00 
 8.44048668e-03  1.29588657e+00  8.44048668e-03  5.00000000e+00 
 8.45048668e-03  1.34078492e+00  8.45048668e-03  5.00000000e+00 
 8.46048668e-03  1.38513904e+00  8.46048668e-03  5.00000000e+00 
 8.47048668e-03  1.42895554e+00  8.47048668e-03  5.00000000e+00 
 8.48048668e-03  1.47224093e+00  8.48048668e-03  5.00000000e+00 
 8.49048668e-03  1.51500164e+00  8.49048668e-03  5.00000000e+00 
 8.50048668e-03  1.55724405e+00  8.50048668e-03  5.00000000e+00 
 8.51048668e-03  1.59897442e+00  8.51048668e-03  5.00000000e+00 
 8.52048668e-03  1.64019897e+00  8.52048668e-03  5.00000000e+00 
 8.53048668e-03  1.68092383e+00  8.53048668e-03  5.00000000e+00 
 8.54048668e-03  1.72115506e+00  8.54048668e-03  5.00000000e+00 
 8.55048668e-03  1.76089864e+00  8.55048668e-03  5.00000000e+00 
 8.56048668e-03  1.80016047e+00  8.56048668e-03  5.00000000e+00 
 8.57048668e-03  1.83894640e+00  8.57048668e-03  5.00000000e+00 
 8.58048668e-03  1.87726221e+00  8.58048668e-03  5.00000000e+00 
 8.59048668e-03  1.91511357e+00  8.59048668e-03  5.00000000e+00 
 8.60048668e-03  1.95250614e+00  8.60048668e-03  5.00000000e+00 
 8.61048668e-03  1.98944545e+00  8.61048668e-03  5.00000000e+00 
 8.62048668e-03  2.02593702e+00  8.62048668e-03  5.00000000e+00 
 8.63048668e-03  2.06198627e+00  8.63048668e-03  5.00000000e+00 
 8.64048668e-03  2.09759856e+00  8.64048668e-03  5.00000000e+00 
 8.65048668e-03  2.13277918e+00  8.65048668e-03  5.00000000e+00 
 8.66048668e-03  2.16753338e+00  8.66048668e-03  5.00000000e+00 
 8.67048668e-03  2.20186630e+00  8.67048668e-03  5.00000000e+00 
 8.68048668e-03  2.23578308e+00  8.68048668e-03  5.00000000e+00 
 8.69048668e-03  2.26928874e+00  8.69048668e-03  5.00000000e+00 
 8.70048668e-03  2.30238827e+00  8.70048668e-03  5.00000000e+00 
 8.71048668e-03  2.33508659e+00  8.71048668e-03  5.00000000e+00 
 8.72048668e-03  2.36738857e+00  8.72048668e-03  5.00000000e+00 
 8.73048668e-03  2.39929901e+00  8.73048668e-03  5.00000000e+00 
 8.74048668e-03  2.43082266e+00  8.74048668e-03  5.00000000e+00 
 8.75048668e-03  2.46196420e+00  8.75048668e-03  5.00000000e+00 
 8.76048668e-03  2.49272828e+00  8.76048668e-03  5.00000000e+00 
 8.77048668e-03  2.52311945e+00  8.77048668e-03  5.00000000e+00 
 8.78048668e-03  2.55314224e+00  8.78048668e-03  5.00000000e+00 
 8.79048668e-03  2.58280112e+00  8.79048668e-03  5.00000000e+00 
 8.80048668e-03  2.61210050e+00  8.80048668e-03  5.00000000e+00 
 8.81048668e-03  2.64104474e+00  8.81048668e-03  5.00000000e+00 
 8.82048668e-03  2.66963814e+00  8.82048668e-03  5.00000000e+00 
 8.83048668e-03  2.69788495e+00  8.83048668e-03  5.00000000e+00 
 8.84048668e-03  2.72578937e+00  8.84048668e-03  5.00000000e+00 
 8.85048668e-03  2.75335556e+00  8.85048668e-03  5.00000000e+00 
 8.86048668e-03  2.78058762e+00  8.86048668e-03  5.00000000e+00 
 8.87048668e-03  2.80748958e+00  8.87048668e-03  5.00000000e+00 
 8.88048668e-03  2.83406547e+00  8.88048668e-03  5.00000000e+00 
 8.89048668e-03  2.86031922e+00  8.89048668e-03  5.00000000e+00 
 8.90048668e-03  2.88625474e+00  8.90048668e-03  5.00000000e+00 
 8.91048668e-03  2.91187590e+00  8.91048668e-03  5.00000000e+00 
 8.92048668e-03  2.93718649e+00  8.92048668e-03  5.00000000e+00 
 8.93048668e-03  2.96219029e+00  8.93048668e-03  5.00000000e+00 
 8.94048668e-03  2.98689102e+00  8.94048668e-03  5.00000000e+00 
 8.95048668e-03  3.01129234e+00  8.95048668e-03  5.00000000e+00 
 8.96048668e-03  3.03539789e+00  8.96048668e-03  5.00000000e+00 
 8.97048668e-03  3.05921125e+00  8.97048668e-03  5.00000000e+00 
 8.98048668e-03  3.08273596e+00  8.98048668e-03  5.00000000e+00 
 8.99048668e-03  3.10597552e+00  8.99048668e-03  5.00000000e+00 
 9.00048668e-03  3.12893339e+00  9.00048668e-03  5.00000000e+00 
 9.01048668e-03  3.15161299e+00  9.01048668e-03  5.00000000e+00 
 9.02048668e-03  3.17401768e+00  9.02048668e-03  5.00000000e+00 
 9.03048668e-03  3.19615080e+00  9.03048668e-03  5.00000000e+00 
 9.04048668e-03  3.21801564e+00  9.04048668e-03  5.00000000e+00 
 9.05048668e-03  3.23961545e+00  9.05048668e-03  5.00000000e+00 
 9.06048668e-03  3.26095344e+00  9.06048668e-03  5.00000000e+00 
 9.07048668e-03  3.28203280e+00  9.07048668e-03  5.00000000e+00 
 9.08048668e-03  3.30285664e+00  9.08048668e-03  5.00000000e+00 
 9.09048668e-03  3.32342808e+00  9.09048668e-03  5.00000000e+00 
 9.10048668e-03  3.34375016e+00  9.10048668e-03  5.00000000e+00 
 9.11048668e-03  3.36382591e+00  9.11048668e-03  5.00000000e+00 
 9.12048668e-03  3.38365833e+00  9.12048668e-03  5.00000000e+00 
 9.13048668e-03  3.40325035e+00  9.13048668e-03  5.00000000e+00 
 9.14048668e-03  3.42260489e+00  9.14048668e-03  5.00000000e+00 
 9.15048668e-03  3.44172483e+00  9.15048668e-03  5.00000000e+00 
 9.16048668e-03  3.46061301e+00  9.16048668e-03  5.00000000e+00 
 9.17048668e-03  3.47927225e+00  9.17048668e-03  5.00000000e+00 
 9.18048668e-03  3.49770531e+00  9.18048668e-03  5.00000000e+00 
 9.19048668e-03  3.51591495e+00  9.19048668e-03  5.00000000e+00 
 9.20048668e-03  3.53390386e+00  9.20048668e-03  5.00000000e+00 
 9.21048668e-03  3.55167472e+00  9.21048668e-03  5.00000000e+00 
 9.22048668e-03  3.56923018e+00  9.22048668e-03  5.00000000e+00 
 9.23048668e-03  3.58657284e+00  9.23048668e-03  5.00000000e+00 
 9.24048668e-03  3.60370529e+00  9.24048668e-03  5.00000000e+00 
 9.25048668e-03  3.62063008e+00  9.25048668e-03  5.00000000e+00 
 9.26048668e-03  3.63734971e+00  9.26048668e-03  5.00000000e+00 
 9.27048668e-03  3.65386668e+00  9.27048668e-03  5.00000000e+00 
 9.28048668e-03  3.67018345e+00  9.28048668e-03  5.00000000e+00 
 9.29048668e-03  3.68630244e+00  9.29048668e-03  5.00000000e+00 
 9.30048668e-03  3.70222605e+00  9.30048668e-03  5.00000000e+00 
 9.31048668e-03  3.71795664e+00  9.31048668e-03  5.00000000e+00 
 9.32048668e-03  3.73349656e+00  9.32048668e-03  5.00000000e+00 
 9.33048668e-03  3.74884812e+00  9.33048668e-03  5.00000000e+00 
 9.34048668e-03  3.76401359e+00  9.34048668e-03  5.00000000e+00 
 9.35048668e-03  3.77899525e+00  9.35048668e-03  5.00000000e+00 
 9.36048668e-03  3.79379531e+00  9.36048668e-03  5.00000000e+00 
 9.37048668e-03  3.80841597e+00  9.37048668e-03  5.00000000e+00 
 9.38048668e-03  3.82285941e+00  9.38048668e-03  5.00000000e+00 
 9.39048668e-03  3.83712778e+00  9.39048668e-03  5.00000000e+00 
 9.40048668e-03  3.85122320e+00  9.40048668e-03  5.00000000e+00 
 9.41048668e-03  3.86514777e+00  9.41048668e-03  5.00000000e+00 
 9.42048668e-03  3.87890355e+00  9.42048668e-03  5.00000000e+00 
 9.43048668e-03  3.89249260e+00  9.43048668e-03  5.00000000e+00 
 9.44048668e-03  3.90591693e+00  9.44048668e-03  5.00000000e+00 
 9.45048668e-03  3.91917855e+00  9.45048668e-03  5.00000000e+00 
 9.46048668e-03  3.93227941e+00  9.46048668e-03  5.00000000e+00 
 9.47048668e-03  3.94522148e+00  9.47048668e-03  5.00000000e+00 
 9.48048668e-03  3.95800668e+00  9.48048668e-03  5.00000000e+00 
 9.49048668e-03  3.97063690e+00  9.49048668e-03  5.00000000e+00 
 9.50048668e-03  3.98311403e+00  9.50048668e-03  5.00000000e+00 
 9.51048668e-03  3.99543992e+00  9.51048668e-03  5.00000000e+00 
 9.52048668e-03  4.00761640e+00  9.52048668e-03  5.00000000e+00 
 9.53048668e-03  4.01964529e+00  9.53048668e-03  5.00000000e+00 
 9.54048668e-03  4.03152838e+00  9.54048668e-03  5.00000000e+00 
 9.55048668e-03  4.04326743e+00  9.55048668e-03  5.00000000e+00 
 9.56048668e-03  4.05486419e+00  9.56048668e-03  5.00000000e+00 
 9.57048668e-03  4.06632038e+00  9.57048668e-03  5.00000000e+00 
 9.58048668e-03  4.07763771e+00  9.58048668e-03  5.00000000e+00 
 9.59048668e-03  4.08881786e+00  9.59048668e-03  5.00000000e+00 
 9.60048668e-03  4.09986249e+00  9.60048668e-03  5.00000000e+00 
 9.61048668e-03  4.11077325e+00  9.61048668e-03  5.00000000e+00 
 9.62048668e-03  4.12155176e+00  9.62048668e-03  5.00000000e+00 
 9.63048668e-03  4.13219961e+00  9.63048668e-03  5.00000000e+00 
 9.64048668e-03  4.14271841e+00  9.64048668e-03  5.00000000e+00 
 9.65048668e-03  4.15310970e+00  9.65048668e-03  5.00000000e+00 
 9.66048668e-03  4.16337503e+00  9.66048668e-03  5.00000000e+00 
 9.67048668e-03  4.17351594e+00  9.67048668e-03  5.00000000e+00 
 9.68048668e-03  4.18353393e+00  9.68048668e-03  5.00000000e+00 
 9.69048668e-03  4.19343049e+00  9.69048668e-03  5.00000000e+00 
 9.70048668e-03  4.20320709e+00  9.70048668e-03  5.00000000e+00 
 9.71048668e-03  4.21286519e+00  9.71048668e-03  5.00000000e+00 
 9.72048668e-03  4.22240621e+00  9.72048668e-03  5.00000000e+00 
 9.73048668e-03  4.23183159e+00  9.73048668e-03  5.00000000e+00 
 9.74048668e-03  4.24114273e+00  9.74048668e-03  5.00000000e+00 
 9.75048668e-03  4.25034100e+00  9.75048668e-03  5.00000000e+00 
 9.76048668e-03  4.25942777e+00  9.76048668e-03  5.00000000e+00 
 9.77048668e-03  4.26840440e+00  9.77048668e-03  5.00000000e+00 
 9.78048668e-03  4.27727223e+00  9.78048668e-03  5.00000000e+00 
 9.79048668e-03  4.28603257e+00  9.79048668e-03  5.00000000e+00 
 9.80048668e-03  4.29468672e+00  9.80048668e-03  5.00000000e+00 
 9.81048668e-03  4.30323597e+00  9.81048668e-03  5.00000000e+00 
 9.82048668e-03  4.31168159e+00  9.82048668e-03  5.00000000e+00 
 9.83048668e-03  4.32002485e+00  9.83048668e-03  5.00000000e+00 
 9.84048668e-03  4.32826697e+00  9.84048668e-03  5.00000000e+00 
 9.85048668e-03  4.33640919e+00  9.85048668e-03  5.00000000e+00 
 9.86048668e-03  4.34445271e+00  9.86048668e-03  5.00000000e+00 
 9.87048668e-03  4.35239874e+00  9.87048668e-03  5.00000000e+00 
 9.88048668e-03  4.36024845e+00  9.88048668e-03  5.00000000e+00 
 9.89048668e-03  4.36800302e+00  9.89048668e-03  5.00000000e+00 
 9.90048668e-03  4.37566359e+00  9.90048668e-03  5.00000000e+00 
 9.91048668e-03  4.38323130e+00  9.91048668e-03  5.00000000e+00 
 9.92048668e-03  4.39070729e+00  9.92048668e-03  5.00000000e+00 
 9.93048668e-03  4.39809265e+00  9.93048668e-03  5.00000000e+00 
 9.94048668e-03  4.40538850e+00  9.94048668e-03  5.00000000e+00 
 9.95048668e-03  4.41259591e+00  9.95048668e-03  5.00000000e+00 
 9.96048668e-03  4.41971596e+00  9.96048668e-03  5.00000000e+00 
 9.97048668e-03  4.42674971e+00  9.97048668e-03  5.00000000e+00 
 9.98048668e-03  4.43369819e+00  9.98048668e-03  5.00000000e+00 
 9.99048668e-03  4.44056246e+00  9.99048668e-03  5.00000000e+00 
 1.00004867e-02  4.44734352e+00  1.00004867e-02  5.00000000e+00 
 1.00104867e-02  4.45404239e+00  1.00104867e-02  5.00000000e+00 
 1.00204867e-02  4.46066005e+00  1.00204867e-02  5.00000000e+00 
 1.00304867e-02  4.46719751e+00  1.00304867e-02  5.00000000e+00 
 1.00404867e-02  4.47365572e+00  1.00404867e-02  5.00000000e+00 
 1.00504867e-02  4.48003565e+00  1.00504867e-02  5.00000000e+00 
 1.00604867e-02  4.48633825e+00  1.00604867e-02  5.00000000e+00 
 1.00704867e-02  4.49256445e+00  1.00704867e-02  5.00000000e+00 
 1.00804867e-02  4.49871519e+00  1.00804867e-02  5.00000000e+00 
 1.00904867e-02  4.50479137e+00  1.00904867e-02  5.00000000e+00 
 1.01004867e-02  4.51079389e+00  1.01004867e-02  5.00000000e+00 
 1.01104867e-02  4.51672367e+00  1.01104867e-02  5.00000000e+00 
 1.01204867e-02  4.52258156e+00  1.01204867e-02  5.00000000e+00 
 1.01304867e-02  4.52836845e+00  1.01304867e-02  5.00000000e+00 
 1.01404867e-02  4.53408520e+00  1.01404867e-02  5.00000000e+00 
 1.01504867e-02  4.53973265e+00  1.01504867e-02  5.00000000e+00 
 1.01604867e-02  4.54531165e+00  1.01604867e-02  5.00000000e+00 
 1.01704867e-02  4.55082302e+00  1.01704867e-02  5.00000000e+00 
 1.01804867e-02  4.55626759e+00  1.01804867e-02  5.00000000e+00 
 1.01904867e-02  4.56164617e+00  1.01904867e-02  5.00000000e+00 
 1.02004867e-02  4.56695954e+00  1.02004867e-02  5.00000000e+00 
 1.02104867e-02  4.57220852e+00  1.02104867e-02  5.00000000e+00 
 1.02204867e-02  4.57739387e+00  1.02204867e-02  5.00000000e+00 
 1.02304867e-02  4.58251637e+00  1.02304867e-02  5.00000000e+00 
 1.02404867e-02  4.58757678e+00  1.02404867e-02  5.00000000e+00 
 1.02504867e-02  4.59257585e+00  1.02504867e-02  5.00000000e+00 
 1.02604867e-02  4.59751432e+00  1.02604867e-02  5.00000000e+00 
 1.02704867e-02  4.60239294e+00  1.02704867e-02  5.00000000e+00 
 1.02804867e-02  4.60721242e+00  1.02804867e-02  5.00000000e+00 
 1.02904867e-02  4.61197348e+00  1.02904867e-02  5.00000000e+00 
 1.03004867e-02  4.61667683e+00  1.03004867e-02  5.00000000e+00 
 1.03104867e-02  4.62132317e+00  1.03104867e-02  5.00000000e+00 
 1.03204867e-02  4.62591319e+00  1.03204867e-02  5.00000000e+00 
 1.03304867e-02  4.63044758e+00  1.03304867e-02  5.00000000e+00 
 1.03404867e-02  4.63492700e+00  1.03404867e-02  5.00000000e+00 
 1.03504867e-02  4.63935213e+00  1.03504867e-02  5.00000000e+00 
 1.03604867e-02  4.64372362e+00  1.03604867e-02  5.00000000e+00 
 1.03704867e-02  4.64804212e+00  1.03704867e-02  5.00000000e+00 
 1.03804867e-02  4.65230828e+00  1.03804867e-02  5.00000000e+00 
 1.03904867e-02  4.65652272e+00  1.03904867e-02  5.00000000e+00 
 1.04004867e-02  4.66068608e+00  1.04004867e-02  5.00000000e+00 
 1.04104867e-02  4.66479898e+00  1.04104867e-02  5.00000000e+00 
 1.04204867e-02  4.66886202e+00  1.04204867e-02  5.00000000e+00 
 1.04304867e-02  4.67287581e+00  1.04304867e-02  5.00000000e+00 
 1.04404867e-02  4.67684096e+00  1.04404867e-02  5.00000000e+00 
 1.04504867e-02  4.68075804e+00  1.04504867e-02  5.00000000e+00 
 1.04604867e-02  4.68462763e+00  1.04604867e-02  5.00000000e+00 
 1.04704867e-02  4.68845033e+00  1.04704867e-02  5.00000000e+00 
 1.04804867e-02  4.69222669e+00  1.04804867e-02  5.00000000e+00 
 1.04904867e-02  4.69595728e+00  1.04904867e-02  5.00000000e+00 
 1.05004867e-02  4.69964264e+00  1.05004867e-02  5.00000000e+00 
 1.05104867e-02  4.70328334e+00  1.05104867e-02  5.00000000e+00 
 1.05204867e-02  4.70687990e+00  1.05204867e-02  5.00000000e+00 
 1.05304867e-02  4.71043287e+00  1.05304867e-02  5.00000000e+00 
 1.05404867e-02  4.71394278e+00  1.05404867e-02  5.00000000e+00 
 1.05504867e-02  4.71741014e+00  1.05504867e-02  5.00000000e+00 
 1.05604867e-02  4.72083547e+00  1.05604867e-02  5.00000000e+00 
 1.05704867e-02  4.72421928e+00  1.05704867e-02  5.00000000e+00 
 1.05804867e-02  4.72756208e+00  1.05804867e-02  5.00000000e+00 
 1.05904867e-02  4.73086436e+00  1.05904867e-02  5.00000000e+00 
 1.06004867e-02  4.73412661e+00  1.06004867e-02  5.00000000e+00 
 1.06104867e-02  4.73734931e+00  1.06104867e-02  5.00000000e+00 
 1.06204867e-02  4.74053296e+00  1.06204867e-02  5.00000000e+00 
 1.06304867e-02  4.74367801e+00  1.06304867e-02  5.00000000e+00 
 1.06404867e-02  4.74678495e+00  1.06404867e-02  5.00000000e+00 
 1.06504867e-02  4.74985422e+00  1.06504867e-02  5.00000000e+00 
 1.06604867e-02  4.75288629e+00  1.06604867e-02  5.00000000e+00 
 1.06704867e-02  4.75588161e+00  1.06704867e-02  5.00000000e+00 
 1.06804867e-02  4.75884062e+00  1.06804867e-02  5.00000000e+00 
 1.06904867e-02  4.76176376e+00  1.06904867e-02  5.00000000e+00 
 1.07004867e-02  4.76465148e+00  1.07004867e-02  5.00000000e+00 
 1.07104867e-02  4.76750418e+00  1.07104867e-02  5.00000000e+00 
 1.07204867e-02  4.77032232e+00  1.07204867e-02  5.00000000e+00 
 1.07304867e-02  4.77310629e+00  1.07304867e-02  5.00000000e+00 
 1.07404867e-02  4.77585651e+00  1.07404867e-02  5.00000000e+00 
 1.07504867e-02  4.77857341e+00  1.07504867e-02  5.00000000e+00 
 1.07604867e-02  4.78125736e+00  1.07604867e-02  5.00000000e+00 
 1.07704867e-02  4.78390879e+00  1.07704867e-02  5.00000000e+00 
 1.07804867e-02  4.78652808e+00  1.07804867e-02  5.00000000e+00 
 1.07904867e-02  4.78911562e+00  1.07904867e-02  5.00000000e+00 
 1.08004867e-02  4.79167179e+00  1.08004867e-02  5.00000000e+00 
 1.08104867e-02  4.79419698e+00  1.08104867e-02  5.00000000e+00 
 1.08204867e-02  4.79669156e+00  1.08204867e-02  5.00000000e+00 
 1.08304867e-02  4.79915591e+00  1.08304867e-02  5.00000000e+00 
 1.08404867e-02  4.80159038e+00  1.08404867e-02  5.00000000e+00 
 1.08504867e-02  4.80399535e+00  1.08504867e-02  5.00000000e+00 
 1.08604867e-02  4.80637116e+00  1.08604867e-02  5.00000000e+00 
 1.08704867e-02  4.80871818e+00  1.08704867e-02  5.00000000e+00 
 1.08804867e-02  4.81103674e+00  1.08804867e-02  5.00000000e+00 
 1.08904867e-02  4.81332721e+00  1.08904867e-02  5.00000000e+00 
 1.09004867e-02  4.81558991e+00  1.09004867e-02  5.00000000e+00 
 1.09104867e-02  4.81782518e+00  1.09104867e-02  5.00000000e+00 
 1.09204867e-02  4.82003336e+00  1.09204867e-02  5.00000000e+00 
 1.09304867e-02  4.82221478e+00  1.09304867e-02  5.00000000e+00 
 1.09404867e-02  4.82436975e+00  1.09404867e-02  5.00000000e+00 
 1.09504867e-02  4.82649860e+00  1.09504867e-02  5.00000000e+00 
 1.09604867e-02  4.82860165e+00  1.09604867e-02  5.00000000e+00 
 1.09704867e-02  4.83067920e+00  1.09704867e-02  5.00000000e+00 
 1.09804867e-02  4.83273158e+00  1.09804867e-02  5.00000000e+00 
 1.09904867e-02  4.83475907e+00  1.09904867e-02  5.00000000e+00 
 1.10004867e-02  4.83676199e+00  1.10004867e-02  5.00000000e+00 
 1.10104867e-02  4.83874063e+00  1.10104867e-02  5.00000000e+00 
 1.10204867e-02  4.84069529e+00  1.10204867e-02  5.00000000e+00 
 1.10304867e-02  4.84262626e+00  1.10304867e-02  5.00000000e+00 
 1.10404867e-02  4.84453382e+00  1.10404867e-02  5.00000000e+00 
 1.10504867e-02  4.84641826e+00  1.10504867e-02  5.00000000e+00 
 1.10604867e-02  4.84827986e+00  1.10604867e-02  5.00000000e+00 
 1.10704867e-02  4.85011889e+00  1.10704867e-02  5.00000000e+00 
 1.10804867e-02  4.85193563e+00  1.10804867e-02  5.00000000e+00 
 1.10904867e-02  4.85373035e+00  1.10904867e-02  5.00000000e+00 
 1.11004867e-02  4.85550331e+00  1.11004867e-02  5.00000000e+00 
 1.11104867e-02  4.85725479e+00  1.11104867e-02  5.00000000e+00 
 1.11204867e-02  4.85898503e+00  1.11204867e-02  5.00000000e+00 
 1.11304867e-02  4.86069431e+00  1.11304867e-02  5.00000000e+00 
 1.11404867e-02  4.86238286e+00  1.11404867e-02  5.00000000e+00 
 1.11504867e-02  4.86405095e+00  1.11504867e-02  5.00000000e+00 
 1.11604867e-02  4.86569881e+00  1.11604867e-02  5.00000000e+00 
 1.11704867e-02  4.86732671e+00  1.11704867e-02  5.00000000e+00 
 1.11804867e-02  4.86893487e+00  1.11804867e-02  5.00000000e+00 
 1.11904867e-02  4.87052354e+00  1.11904867e-02  5.00000000e+00 
 1.12004867e-02  4.87209295e+00  1.12004867e-02  5.00000000e+00 
 1.12104867e-02  4.87364334e+00  1.12104867e-02  5.00000000e+00 
 1.12204867e-02  4.87517493e+00  1.12204867e-02  5.00000000e+00 
 1.12304867e-02  4.87668796e+00  1.12304867e-02  5.00000000e+00 
 1.12404867e-02  4.87818265e+00  1.12404867e-02  5.00000000e+00 
 1.12504867e-02  4.87965923e+00  1.12504867e-02  5.00000000e+00 
 1.12604867e-02  4.88111790e+00  1.12604867e-02  5.00000000e+00 
 1.12704867e-02  4.88255890e+00  1.12704867e-02  5.00000000e+00 
 1.12804867e-02  4.88398243e+00  1.12804867e-02  5.00000000e+00 
 1.12904867e-02  4.88538870e+00  1.12904867e-02  5.00000000e+00 
 1.13004867e-02  4.88677793e+00  1.13004867e-02  5.00000000e+00 
 1.13104867e-02  4.88815032e+00  1.13104867e-02  5.00000000e+00 
 1.13204867e-02  4.88950607e+00  1.13204867e-02  5.00000000e+00 
 1.13304867e-02  4.89084539e+00  1.13304867e-02  5.00000000e+00 
 1.13404867e-02  4.89216848e+00  1.13404867e-02  5.00000000e+00 
 1.13504867e-02  4.89347553e+00  1.13504867e-02  5.00000000e+00 
 1.13604867e-02  4.89476673e+00  1.13604867e-02  5.00000000e+00 
 1.13704867e-02  4.89604229e+00  1.13704867e-02  5.00000000e+00 
 1.13804867e-02  4.89730238e+00  1.13804867e-02  5.00000000e+00 
 1.13904867e-02  4.89854720e+00  1.13904867e-02  5.00000000e+00 
 1.14004867e-02  4.89977693e+00  1.14004867e-02  5.00000000e+00 
 1.14104867e-02  4.90099176e+00  1.14104867e-02  5.00000000e+00 
 1.14204867e-02  4.90219186e+00  1.14204867e-02  5.00000000e+00 
 1.14304867e-02  4.90337741e+00  1.14304867e-02  5.00000000e+00 
 1.14404867e-02  4.90454859e+00  1.14404867e-02  5.00000000e+00 
 1.14504867e-02  4.90570558e+00  1.14504867e-02  5.00000000e+00 
 1.14604867e-02  4.90684854e+00  1.14604867e-02  5.00000000e+00 
 1.14704867e-02  4.90797765e+00  1.14704867e-02  5.00000000e+00 
 1.14804867e-02  4.90909307e+00  1.14804867e-02  5.00000000e+00 
 1.14904867e-02  4.91019498e+00  1.14904867e-02  5.00000000e+00 
 1.15004867e-02  4.91128352e+00  1.15004867e-02  5.00000000e+00 
 1.15104867e-02  4.91235887e+00  1.15104867e-02  5.00000000e+00 
 1.15204867e-02  4.91342119e+00  1.15204867e-02  5.00000000e+00 
 1.15304867e-02  4.91447063e+00  1.15304867e-02  5.00000000e+00 
 1.15404867e-02  4.91550735e+00  1.15404867e-02  5.00000000e+00 
 1.15504867e-02  4.91653150e+00  1.15504867e-02  5.00000000e+00 
 1.15604867e-02  4.91754324e+00  1.15604867e-02  5.00000000e+00 
 1.15704867e-02  4.91854272e+00  1.15704867e-02  5.00000000e+00 
 1.15804867e-02  4.91953008e+00  1.15804867e-02  5.00000000e+00 
 1.15904867e-02  4.92050547e+00  1.15904867e-02  5.00000000e+00 
 1.16004867e-02  4.92146904e+00  1.16004867e-02  5.00000000e+00 
 1.16104867e-02  4.92242093e+00  1.16104867e-02  5.00000000e+00 
 1.16204867e-02  4.92336128e+00  1.16204867e-02  5.00000000e+00 
 1.16304867e-02  4.92429024e+00  1.16304867e-02  5.00000000e+00 
 1.16404867e-02  4.92520793e+00  1.16404867e-02  5.00000000e+00 
 1.16504867e-02  4.92611450e+00  1.16504867e-02  5.00000000e+00 
 1.16604867e-02  4.92701008e+00  1.16604867e-02  5.00000000e+00 
 1.16704867e-02  4.92789481e+00  1.16704867e-02  5.00000000e+00 
 1.16804867e-02  4.92876881e+00  1.16804867e-02  5.00000000e+00 
 1.16904867e-02  4.92963222e+00  1.16904867e-02  5.00000000e+00 
 1.17004867e-02  4.93048516e+00  1.17004867e-02  5.00000000e+00 
 1.17104867e-02  4.93132777e+00  1.17104867e-02  5.00000000e+00 
 1.17204867e-02  4.93216016e+00  1.17204867e-02  5.00000000e+00 
 1.17304867e-02  4.93298246e+00  1.17304867e-02  5.00000000e+00 
 1.17404867e-02  4.93379479e+00  1.17404867e-02  5.00000000e+00 
 1.17504867e-02  4.93459728e+00  1.17504867e-02  5.00000000e+00 
 1.17604867e-02  4.93539004e+00  1.17604867e-02  5.00000000e+00 
 1.17704867e-02  4.93617319e+00  1.17704867e-02  5.00000000e+00 
 1.17804867e-02  4.93694685e+00  1.17804867e-02  5.00000000e+00 
 1.17904867e-02  4.93771113e+00  1.17904867e-02  5.00000000e+00 
 1.18004867e-02  4.93846615e+00  1.18004867e-02  5.00000000e+00 
 1.18104867e-02  4.93921201e+00  1.18104867e-02  5.00000000e+00 
 1.18204867e-02  4.93994884e+00  1.18204867e-02  5.00000000e+00 
 1.18304867e-02  4.94067673e+00  1.18304867e-02  5.00000000e+00 
 1.18404867e-02  4.94139580e+00  1.18404867e-02  5.00000000e+00 
 1.18504867e-02  4.94210615e+00  1.18504867e-02  5.00000000e+00 
 1.18604867e-02  4.94280790e+00  1.18604867e-02  5.00000000e+00 
 1.18704867e-02  4.94350114e+00  1.18704867e-02  5.00000000e+00 
 1.18804867e-02  4.94418597e+00  1.18804867e-02  5.00000000e+00 
 1.18904867e-02  4.94486250e+00  1.18904867e-02  5.00000000e+00 
 1.19004867e-02  4.94553084e+00  1.19004867e-02  5.00000000e+00 
 1.19104867e-02  4.94619107e+00  1.19104867e-02  5.00000000e+00 
 1.19204867e-02  4.94684330e+00  1.19204867e-02  5.00000000e+00 
 1.19304867e-02  4.94748762e+00  1.19304867e-02  5.00000000e+00 
 1.19404867e-02  4.94812414e+00  1.19404867e-02  5.00000000e+00 
 1.19504867e-02  4.94875293e+00  1.19504867e-02  5.00000000e+00 
 1.19604867e-02  4.94937411e+00  1.19604867e-02  5.00000000e+00 
 1.19704867e-02  4.94998776e+00  1.19704867e-02  5.00000000e+00 
 1.19804867e-02  4.95059397e+00  1.19804867e-02  5.00000000e+00 
 1.19904867e-02  4.95119283e+00  1.19904867e-02  5.00000000e+00 
 1.20004867e-02  4.95178443e+00  1.20004867e-02  5.00000000e+00 
 1.20104867e-02  4.95236886e+00  1.20104867e-02  5.00000000e+00 
 1.20204867e-02  4.95294621e+00  1.20204867e-02  5.00000000e+00 
 1.20304867e-02  4.95351656e+00  1.20304867e-02  5.00000000e+00 
 1.20404867e-02  4.95407999e+00  1.20404867e-02  5.00000000e+00 
 1.20504867e-02  4.95463660e+00  1.20504867e-02  5.00000000e+00 
 1.20604867e-02  4.95518646e+00  1.20604867e-02  5.00000000e+00 
 1.20704867e-02  4.95572965e+00  1.20704867e-02  5.00000000e+00 
 1.20804867e-02  4.95626626e+00  1.20804867e-02  5.00000000e+00 
 1.20904867e-02  4.95679637e+00  1.20904867e-02  5.00000000e+00 
 1.21004867e-02  4.95732005e+00  1.21004867e-02  5.00000000e+00 
 1.21104867e-02  4.95783738e+00  1.21104867e-02  5.00000000e+00 
 1.21204867e-02  4.95834844e+00  1.21204867e-02  5.00000000e+00 
 1.21304867e-02  4.95885331e+00  1.21304867e-02  5.00000000e+00 
 1.21404867e-02  4.95935206e+00  1.21404867e-02  5.00000000e+00 
 1.21504867e-02  4.95984476e+00  1.21504867e-02  5.00000000e+00 
 1.21604867e-02  4.96033149e+00  1.21604867e-02  5.00000000e+00 
 1.21704867e-02  4.96081232e+00  1.21704867e-02  5.00000000e+00 
 1.21804867e-02  4.96128732e+00  1.21804867e-02  5.00000000e+00 
 1.21904867e-02  4.96175657e+00  1.21904867e-02  5.00000000e+00 
 1.22004867e-02  4.96222013e+00  1.22004867e-02  5.00000000e+00 
 1.22104867e-02  4.96267806e+00  1.22104867e-02  5.00000000e+00 
 1.22204867e-02  4.96313045e+00  1.22204867e-02  5.00000000e+00 
 1.22304867e-02  4.96357735e+00  1.22304867e-02  5.00000000e+00 
 1.22404867e-02  4.96401884e+00  1.22404867e-02  5.00000000e+00 
 1.22504867e-02  4.96445498e+00  1.22504867e-02  5.00000000e+00 
 1.22604867e-02  4.96488582e+00  1.22604867e-02  5.00000000e+00 
 1.22704867e-02  4.96531145e+00  1.22704867e-02  5.00000000e+00 
 1.22804867e-02  4.96573192e+00  1.22804867e-02  5.00000000e+00 
 1.22904867e-02  4.96614729e+00  1.22904867e-02  5.00000000e+00 
 1.23000010e-02  4.96653781e+00  1.23000010e-02  5.00000000e+00 
 1.23000011e-02  4.96653775e+00  1.23000011e-02  4.50000000e+00 
 1.23000013e-02  4.96653752e+00  1.23000013e-02  3.50000001e+00 
 1.23000017e-02  4.96653632e+00  1.23000017e-02  1.50000001e+00 
 1.23000020e-02  4.96653477e+00  1.23000020e-02  2.63177924e-09 
 1.23000021e-02  4.96653429e+00  1.23000021e-02  0.00000000e+00 
 1.23000022e-02  4.96653332e+00  1.23000022e-02  0.00000000e+00 
 1.23000026e-02  4.96653138e+00  1.23000026e-02  0.00000000e+00 
 1.23000032e-02  4.96652750e+00  1.23000032e-02  0.00000000e+00 
 1.23000045e-02  4.96651975e+00  1.23000045e-02  0.00000000e+00 
 1.23000070e-02  4.96650425e+00  1.23000070e-02  0.00000000e+00 
 1.23000122e-02  4.96647324e+00  1.23000122e-02  0.00000000e+00 
 1.23000224e-02  4.96641122e+00  1.23000224e-02  0.00000000e+00 
 1.23000429e-02  4.96628718e+00  1.23000429e-02  0.00000000e+00 
 1.23000838e-02  4.96603911e+00  1.23000838e-02  0.00000000e+00 
 1.23001658e-02  4.96554302e+00  1.23001658e-02  0.00000000e+00 
 1.23003296e-02  4.96455098e+00  1.23003296e-02  0.00000000e+00 
 1.23006573e-02  4.96256749e+00  1.23006573e-02  0.00000000e+00 
 1.23013126e-02  4.95860289e+00  1.23013126e-02  0.00000000e+00 
 1.23026234e-02  4.95068320e+00  1.23026234e-02  0.00000000e+00 
 1.23052448e-02  4.93488173e+00  1.23052448e-02  0.00000000e+00 
 1.23104877e-02  4.90342984e+00  1.23104877e-02  0.00000000e+00 
 1.23204877e-02  4.84399433e+00  1.23204877e-02  0.00000000e+00 
 1.23304877e-02  4.78527925e+00  1.23304877e-02  0.00000000e+00 
 1.23404877e-02  4.72727586e+00  1.23404877e-02  0.00000000e+00 
 1.23504877e-02  4.66997555e+00  1.23504877e-02  0.00000000e+00 
 1.23604877e-02  4.61336979e+00  1.23604877e-02  0.00000000e+00 
 1.23704877e-02  4.55745015e+00  1.23704877e-02  0.00000000e+00 
 1.23804877e-02  4.50220833e+00  1.23804877e-02  0.00000000e+00 
 1.23904877e-02  4.44763611e+00  1.23904877e-02  0.00000000e+00 
 1.24004877e-02  4.39372537e+00  1.24004877e-02  0.00000000e+00 
 1.24104877e-02  4.34046809e+00  1.24104877e-02  0.00000000e+00 
 1.24204877e-02  4.28785636e+00  1.24204877e-02  0.00000000e+00 
 1.24304877e-02  4.23588234e+00  1.24304877e-02  0.00000000e+00 
 1.24404877e-02  4.18453831e+00  1.24404877e-02  0.00000000e+00 
 1.24504877e-02  4.13381664e+00  1.24504877e-02  0.00000000e+00 
 1.24604877e-02  4.08370977e+00  1.24604877e-02  0.00000000e+00 
 1.24704877e-02  4.03421026e+00  1.24704877e-02  0.00000000e+00 
 1.24804877e-02  3.98531074e+00  1.24804877e-02  0.00000000e+00 
 1.24904877e-02  3.93700394e+00  1.24904877e-02  0.00000000e+00 
 1.25004877e-02  3.88928268e+00  1.25004877e-02  0.00000000e+00 
 1.25104877e-02  3.84213986e+00  1.25104877e-02  0.00000000e+00 
 1.25204877e-02  3.79556847e+00  1.25204877e-02  0.00000000e+00 
 1.25304877e-02  3.74956158e+00  1.25304877e-02  0.00000000e+00 
 1.25404877e-02  3.70411235e+00  1.25404877e-02  0.00000000e+00 
 1.25504877e-02  3.65921401e+00  1.25504877e-02  0.00000000e+00 
 1.25604877e-02  3.61485991e+00  1.25604877e-02  0.00000000e+00 
 1.25704877e-02  3.57104342e+00  1.25704877e-02  0.00000000e+00 
 1.25804877e-02  3.52775805e+00  1.25804877e-02  0.00000000e+00 
 1.25904877e-02  3.48499734e+00  1.25904877e-02  0.00000000e+00 
 1.26004877e-02  3.44275495e+00  1.26004877e-02  0.00000000e+00 
 1.26104877e-02  3.40102459e+00  1.26104877e-02  0.00000000e+00 
 1.26204877e-02  3.35980005e+00  1.26204877e-02  0.00000000e+00 
 1.26304877e-02  3.31907520e+00  1.26304877e-02  0.00000000e+00 
 1.26404877e-02  3.27884398e+00  1.26404877e-02  0.00000000e+00 
 1.26504877e-02  3.23910042e+00  1.26504877e-02  0.00000000e+00 
 1.26604877e-02  3.19983860e+00  1.26604877e-02  0.00000000e+00 
 1.26704877e-02  3.16105268e+00  1.26704877e-02  0.00000000e+00 
 1.26804877e-02  3.12273689e+00  1.26804877e-02  0.00000000e+00 
 1.26904877e-02  3.08488553e+00  1.26904877e-02  0.00000000e+00 
 1.27004877e-02  3.04749298e+00  1.27004877e-02  0.00000000e+00 
 1.27104877e-02  3.01055367e+00  1.27104877e-02  0.00000000e+00 
 1.27204877e-02  2.97406211e+00  1.27204877e-02  0.00000000e+00 
 1.27304877e-02  2.93801287e+00  1.27304877e-02  0.00000000e+00 
 1.27404877e-02  2.90240059e+00  1.27404877e-02  0.00000000e+00 
 1.27504877e-02  2.86721998e+00  1.27504877e-02  0.00000000e+00 
 1.27604877e-02  2.83246580e+00  1.27604877e-02  0.00000000e+00 
 1.27704877e-02  2.79813288e+00  1.27704877e-02  0.00000000e+00 
 1.27804877e-02  2.76421612e+00  1.27804877e-02  0.00000000e+00 
 1.27904877e-02  2.73071047e+00  1.27904877e-02  0.00000000e+00 
 1.28004877e-02  2.69761095e+00  1.28004877e-02  0.00000000e+00 
 1.28104877e-02  2.66491263e+00  1.28104877e-02  0.00000000e+00 
 1.28204877e-02  2.63261066e+00  1.28204877e-02  0.00000000e+00 
 1.28304877e-02  2.60070023e+00  1.28304877e-02  0.00000000e+00 
 1.28404877e-02  2.56917659e+00  1.28404877e-02  0.00000000e+00 
 1.28504877e-02  2.53803506e+00  1.28504877e-02  0.00000000e+00 
 1.28604877e-02  2.50727099e+00  1.28604877e-02  0.00000000e+00 
 1.28704877e-02  2.47687983e+00  1.28704877e-02  0.00000000e+00 
 1.28804877e-02  2.44685704e+00  1.28804877e-02  0.00000000e+00 
 1.28904877e-02  2.41719817e+00  1.28904877e-02  0.00000000e+00 
 1.29004877e-02  2.38789880e+00  1.29004877e-02  0.00000000e+00 
 1.29104877e-02  2.35895457e+00  1.29104877e-02  0.00000000e+00 
 1.29204877e-02  2.33036118e+00  1.29204877e-02  0.00000000e+00 
 1.29304877e-02  2.30211438e+00  1.29304877e-02  0.00000000e+00 
 1.29404877e-02  2.27420996e+00  1.29404877e-02  0.00000000e+00 
 1.29504877e-02  2.24664378e+00  1.29504877e-02  0.00000000e+00 
 1.29604877e-02  2.21941174e+00  1.29604877e-02  0.00000000e+00 
 1.29704877e-02  2.19250978e+00  1.29704877e-02  0.00000000e+00 
 1.29804877e-02  2.16593390e+00  1.29804877e-02  0.00000000e+00 
 1.29904877e-02  2.13968016e+00  1.29904877e-02  0.00000000e+00 
 1.30004877e-02  2.11374464e+00  1.30004877e-02  0.00000000e+00 
 1.30104877e-02  2.08812349e+00  1.30104877e-02  0.00000000e+00 
 1.30204877e-02  2.06281290e+00  1.30204877e-02  0.00000000e+00 
 1.30304877e-02  2.03780911e+00  1.30304877e-02  0.00000000e+00 
 1.30404877e-02  2.01310839e+00  1.30404877e-02  0.00000000e+00 
 1.30504877e-02  1.98870708e+00  1.30504877e-02  0.00000000e+00 
 1.30604877e-02  1.96460154e+00  1.30604877e-02  0.00000000e+00 
 1.30704877e-02  1.94078819e+00  1.30704877e-02  0.00000000e+00 
 1.30804877e-02  1.91726348e+00  1.30804877e-02  0.00000000e+00 
 1.30904877e-02  1.89402393e+00  1.30904877e-02  0.00000000e+00 
 1.31004877e-02  1.87106606e+00  1.31004877e-02  0.00000000e+00 
 1.31104877e-02  1.84838647e+00  1.31104877e-02  0.00000000e+00 
 1.31204877e-02  1.82598179e+00  1.31204877e-02  0.00000000e+00 
 1.31304877e-02  1.80384867e+00  1.31304877e-02  0.00000000e+00 
 1.31404877e-02  1.78198384e+00  1.31404877e-02  0.00000000e+00 
 1.31504877e-02  1.76038404e+00  1.31504877e-02  0.00000000e+00 
 1.31604877e-02  1.73904605e+00  1.31604877e-02  0.00000000e+00 
 1.31704877e-02  1.71796670e+00  1.31704877e-02  0.00000000e+00 
 1.31804877e-02  1.69714286e+00  1.31804877e-02  0.00000000e+00 
 1.31904877e-02  1.67657144e+00  1.31904877e-02  0.00000000e+00 
 1.32004877e-02  1.65624936e+00  1.32004877e-02  0.00000000e+00 
 1.32104877e-02  1.63617361e+00  1.32104877e-02  0.00000000e+00 
 1.32204877e-02  1.61634120e+00  1.32204877e-02  0.00000000e+00 
 1.32304877e-02  1.59674919e+00  1.32304877e-02  0.00000000e+00 
 1.32404877e-02  1.57739465e+00  1.32404877e-02  0.00000000e+00 
 1.32504877e-02  1.55827472e+00  1.32504877e-02  0.00000000e+00 
 1.32604877e-02  1.53938654e+00  1.32604877e-02  0.00000000e+00 
 1.32704877e-02  1.52072731e+00  1.32704877e-02  0.00000000e+00 
 1.32804877e-02  1.50229425e+00  1.32804877e-02  0.00000000e+00 
 1.32904877e-02  1.48408462e+00  1.32904877e-02  0.00000000e+00 
 1.33004877e-02  1.46609572e+00  1.33004877e-02  0.00000000e+00 
 1.33104877e-02  1.44832486e+00  1.33104877e-02  0.00000000e+00 
 1.33204877e-02  1.43076941e+00  1.33204877e-02  0.00000000e+00 
 1.33304877e-02  1.41342675e+00  1.33304877e-02  0.00000000e+00 
 1.33404877e-02  1.39629430e+00  1.33404877e-02  0.00000000e+00 
 1.33504877e-02  1.37936952e+00  1.33504877e-02  0.00000000e+00 
 1.33604877e-02  1.36264989e+00  1.33604877e-02  0.00000000e+00 
 1.33704877e-02  1.34613292e+00  1.33704877e-02  0.00000000e+00 
 1.33804877e-02  1.32981616e+00  1.33804877e-02  0.00000000e+00 
 1.33904877e-02  1.31369718e+00  1.33904877e-02  0.00000000e+00 
 1.34004877e-02  1.29777357e+00  1.34004877e-02  0.00000000e+00 
 1.34104877e-02  1.28204299e+00  1.34104877e-02  0.00000000e+00 
 1.34204877e-02  1.26650307e+00  1.34204877e-02  0.00000000e+00 
 1.34304877e-02  1.25115152e+00  1.34304877e-02  0.00000000e+00 
 1.34404877e-02  1.23598605e+00  1.34404877e-02  0.00000000e+00 
 1.34504877e-02  1.22100440e+00  1.34504877e-02  0.00000000e+00 
 1.34604877e-02  1.20620434e+00  1.34604877e-02  0.00000000e+00 
 1.34704877e-02  1.19158368e+00  1.34704877e-02  0.00000000e+00 
 1.34804877e-02  1.17714025e+00  1.34804877e-02  0.00000000e+00 
 1.34904877e-02  1.16287188e+00  1.34904877e-02  0.00000000e+00 
 1.35004877e-02  1.14877646e+00  1.35004877e-02  0.00000000e+00 
 1.35104877e-02  1.13485190e+00  1.35104877e-02  0.00000000e+00 
 1.35204877e-02  1.12109612e+00  1.35204877e-02  0.00000000e+00 
 1.35304877e-02  1.10750707e+00  1.35304877e-02  0.00000000e+00 
 1.35404877e-02  1.09408275e+00  1.35404877e-02  0.00000000e+00 
 1.35504877e-02  1.08082114e+00  1.35504877e-02  0.00000000e+00 
 1.35604877e-02  1.06772028e+00  1.35604877e-02  0.00000000e+00 
 1.35704877e-02  1.05477821e+00  1.35704877e-02  0.00000000e+00 
 1.35804877e-02  1.04199302e+00  1.35804877e-02  0.00000000e+00 
 1.35904877e-02  1.02936280e+00  1.35904877e-02  0.00000000e+00 
 1.36004877e-02  1.01688568e+00  1.36004877e-02  0.00000000e+00 
 1.36104877e-02  1.00455979e+00  1.36104877e-02  0.00000000e+00 
 1.36204877e-02  9.92383308e-01  1.36204877e-02  0.00000000e+00 
 1.36304877e-02  9.80354420e-01  1.36304877e-02  0.00000000e+00 
 1.36404877e-02  9.68471336e-01  1.36404877e-02  0.00000000e+00 
 1.36504877e-02  9.56732289e-01  1.36504877e-02  0.00000000e+00 
 1.36604877e-02  9.45135534e-01  1.36604877e-02  0.00000000e+00 
 1.36704877e-02  9.33679346e-01  1.36704877e-02  0.00000000e+00 
 1.36804877e-02  9.22362021e-01  1.36804877e-02  0.00000000e+00 
 1.36904877e-02  9.11181875e-01  1.36904877e-02  0.00000000e+00 
 1.37004877e-02  9.00137246e-01  1.37004877e-02  0.00000000e+00 
 1.37104877e-02  8.89226492e-01  1.37104877e-02  0.00000000e+00 
 1.37204877e-02  8.78447989e-01  1.37204877e-02  0.00000000e+00 
 1.37304877e-02  8.67800134e-01  1.37304877e-02  0.00000000e+00 
 1.37404877e-02  8.57281345e-01  1.37404877e-02  0.00000000e+00 
 1.37504877e-02  8.46890056e-01  1.37504877e-02  0.00000000e+00 
 1.37604877e-02  8.36624722e-01  1.37604877e-02  0.00000000e+00 
 1.37704877e-02  8.26483816e-01  1.37704877e-02  0.00000000e+00 
 1.37804877e-02  8.16465830e-01  1.37804877e-02  0.00000000e+00 
 1.37904877e-02  8.06569275e-01  1.37904877e-02  0.00000000e+00 
 1.38004877e-02  7.96792678e-01  1.38004877e-02  0.00000000e+00 
 1.38104877e-02  7.87134585e-01  1.38104877e-02  0.00000000e+00 
 1.38204877e-02  7.77593559e-01  1.38204877e-02  0.00000000e+00 
 1.38304877e-02  7.68168183e-01  1.38304877e-02  0.00000000e+00 
 1.38404877e-02  7.58857053e-01  1.38404877e-02  0.00000000e+00 
 1.38504877e-02  7.49658786e-01  1.38504877e-02  0.00000000e+00 
 1.38604877e-02  7.40572013e-01  1.38604877e-02  0.00000000e+00 
 1.38704877e-02  7.31595382e-01  1.38704877e-02  0.00000000e+00 
 1.38804877e-02  7.22727560e-01  1.38804877e-02  0.00000000e+00 
 1.38904877e-02  7.13967226e-01  1.38904877e-02  0.00000000e+00 
 1.39004877e-02  7.05313077e-01  1.39004877e-02  0.00000000e+00 
 1.39104877e-02  6.96763828e-01  1.39104877e-02  0.00000000e+00 
 1.39204877e-02  6.88318206e-01  1.39204877e-02  0.00000000e+00 
 1.39304877e-02  6.79974955e-01  1.39304877e-02  0.00000000e+00 
 1.39404877e-02  6.71732834e-01  1.39404877e-02  0.00000000e+00 
 1.39504877e-02  6.63590618e-01  1.39504877e-02  0.00000000e+00 
 1.39604877e-02  6.55547095e-01  1.39604877e-02  0.00000000e+00 
 1.39704877e-02  6.47601070e-01  1.39704877e-02  0.00000000e+00 
 1.39804877e-02  6.39751360e-01  1.39804877e-02  0.00000000e+00 
 1.39904877e-02  6.31996798e-01  1.39904877e-02  0.00000000e+00 
 1.40004877e-02  6.24336231e-01  1.40004877e-02  0.00000000e+00 
 1.40104877e-02  6.16768519e-01  1.40104877e-02  0.00000000e+00 
 1.40204877e-02  6.09292537e-01  1.40204877e-02  0.00000000e+00 
 1.40304877e-02  6.01907173e-01  1.40304877e-02  0.00000000e+00 
 1.40404877e-02  5.94611328e-01  1.40404877e-02  0.00000000e+00 
 1.40504877e-02  5.87403918e-01  1.40504877e-02  0.00000000e+00 
 1.40604877e-02  5.80283871e-01  1.40604877e-02  0.00000000e+00 
 1.40704877e-02  5.73250127e-01  1.40704877e-02  0.00000000e+00 
 1.40804877e-02  5.66301640e-01  1.40804877e-02  0.00000000e+00 
 1.40904877e-02  5.59437378e-01  1.40904877e-02  0.00000000e+00 
 1.41004877e-02  5.52656319e-01  1.41004877e-02  0.00000000e+00 
 1.41104877e-02  5.45957455e-01  1.41104877e-02  0.00000000e+00 
 1.41204877e-02  5.39339788e-01  1.41204877e-02  0.00000000e+00 
 1.41304877e-02  5.32802336e-01  1.41304877e-02  0.00000000e+00 
 1.41404877e-02  5.26344126e-01  1.41404877e-02  0.00000000e+00 
 1.41504877e-02  5.19964198e-01  1.41504877e-02  0.00000000e+00 
 1.41604877e-02  5.13661601e-01  1.41604877e-02  0.00000000e+00 
 1.41704877e-02  5.07435400e-01  1.41704877e-02  0.00000000e+00 
 1.41804877e-02  5.01284668e-01  1.41804877e-02  0.00000000e+00 
 1.41904877e-02  4.95208490e-01  1.41904877e-02  0.00000000e+00 
 1.42004877e-02  4.89205963e-01  1.42004877e-02  0.00000000e+00 
 1.42104877e-02  4.83276194e-01  1.42104877e-02  0.00000000e+00 
 1.42204877e-02  4.77418300e-01  1.42204877e-02  0.00000000e+00 
 1.42304877e-02  4.71631412e-01  1.42304877e-02  0.00000000e+00 
 1.42404877e-02  4.65914668e-01  1.42404877e-02  0.00000000e+00 
 1.42504877e-02  4.60267217e-01  1.42504877e-02  0.00000000e+00 
 1.42604877e-02  4.54688220e-01  1.42604877e-02  0.00000000e+00 
 1.42704877e-02  4.49176848e-01  1.42704877e-02  0.00000000e+00 
 1.42804877e-02  4.43732280e-01  1.42804877e-02  0.00000000e+00 
 1.42904877e-02  4.38353707e-01  1.42904877e-02  0.00000000e+00 
 1.43004877e-02  4.33040329e-01  1.43004877e-02  0.00000000e+00 
 1.43104877e-02  4.27791355e-01  1.43104877e-02  0.00000000e+00 
 1.43204877e-02  4.22606005e-01  1.43204877e-02  0.00000000e+00 
 1.43304877e-02  4.17483508e-01  1.43304877e-02  0.00000000e+00 
 1.43404877e-02  4.12423102e-01  1.43404877e-02  0.00000000e+00 
 1.43504877e-02  4.07424034e-01  1.43504877e-02  0.00000000e+00 
 1.43604877e-02  4.02485561e-01  1.43604877e-02  0.00000000e+00 
 1.43704877e-02  3.97606948e-01  1.43704877e-02  0.00000000e+00 
 1.43804877e-02  3.92787470e-01  1.43804877e-02  0.00000000e+00 
 1.43904877e-02  3.88026410e-01  1.43904877e-02  0.00000000e+00 
 1.44004877e-02  3.83323059e-01  1.44004877e-02  0.00000000e+00 
 1.44104877e-02  3.78676719e-01  1.44104877e-02  0.00000000e+00 
 1.44204877e-02  3.74086698e-01  1.44204877e-02  0.00000000e+00 
 1.44304877e-02  3.69552314e-01  1.44304877e-02  0.00000000e+00 
 1.44404877e-02  3.65072892e-01  1.44404877e-02  0.00000000e+00 
 1.44504877e-02  3.60647766e-01  1.44504877e-02  0.00000000e+00 
 1.44604877e-02  3.56276278e-01  1.44604877e-02  0.00000000e+00 
 1.44704877e-02  3.51957778e-01  1.44704877e-02  0.00000000e+00 
 1.44804877e-02  3.47691623e-01  1.44804877e-02  0.00000000e+00 
 1.44904877e-02  3.43477179e-01  1.44904877e-02  0.00000000e+00 
 1.45004877e-02  3.39313819e-01  1.45004877e-02  0.00000000e+00 
 1.45104877e-02  3.35200925e-01  1.45104877e-02  0.00000000e+00 
 1.45204877e-02  3.31137883e-01  1.45204877e-02  0.00000000e+00 
 1.45304877e-02  3.27124091e-01  1.45304877e-02  0.00000000e+00 
 1.45404877e-02  3.23158950e-01  1.45404877e-02  0.00000000e+00 
 1.45504877e-02  3.19241872e-01  1.45504877e-02  0.00000000e+00 
 1.45604877e-02  3.15372273e-01  1.45604877e-02  0.00000000e+00 
 1.45704877e-02  3.11549579e-01  1.45704877e-02  0.00000000e+00 
 1.45804877e-02  3.07773221e-01  1.45804877e-02  0.00000000e+00 
 1.45904877e-02  3.04042636e-01  1.45904877e-02  0.00000000e+00 
 1.46004877e-02  3.00357271e-01  1.46004877e-02  0.00000000e+00 
 1.46104877e-02  2.96716577e-01  1.46104877e-02  0.00000000e+00 
 1.46204877e-02  2.93120012e-01  1.46204877e-02  0.00000000e+00 
 1.46304877e-02  2.89567042e-01  1.46304877e-02  0.00000000e+00 
 1.46404877e-02  2.86057139e-01  1.46404877e-02  0.00000000e+00 
 1.46504877e-02  2.82589779e-01  1.46504877e-02  0.00000000e+00 
 1.46604877e-02  2.79164449e-01  1.46604877e-02  0.00000000e+00 
 1.46704877e-02  2.75780637e-01  1.46704877e-02  0.00000000e+00 
 1.46804877e-02  2.72437842e-01  1.46804877e-02  0.00000000e+00 
 1.46904877e-02  2.69135565e-01  1.46904877e-02  0.00000000e+00 
 1.47004877e-02  2.65873316e-01  1.47004877e-02  0.00000000e+00 
 1.47104877e-02  2.62650609e-01  1.47104877e-02  0.00000000e+00 
 1.47204877e-02  2.59466965e-01  1.47204877e-02  0.00000000e+00 
 1.47304877e-02  2.56321911e-01  1.47304877e-02  0.00000000e+00 
 1.47404877e-02  2.53214979e-01  1.47404877e-02  0.00000000e+00 
 1.47504877e-02  2.50145706e-01  1.47504877e-02  0.00000000e+00 
 1.47604877e-02  2.47113637e-01  1.47604877e-02  0.00000000e+00 
 1.47704877e-02  2.44118320e-01  1.47704877e-02  0.00000000e+00 
 1.47804877e-02  2.41159310e-01  1.47804877e-02  0.00000000e+00 
 1.47904877e-02  2.38236167e-01  1.47904877e-02  0.00000000e+00 
 1.48004877e-02  2.35348456e-01  1.48004877e-02  0.00000000e+00 
 1.48104877e-02  2.32495747e-01  1.48104877e-02  0.00000000e+00 
 1.48204877e-02  2.29677617e-01  1.48204877e-02  0.00000000e+00 
 1.48304877e-02  2.26893646e-01  1.48304877e-02  0.00000000e+00 
 1.48404877e-02  2.24143420e-01  1.48404877e-02  0.00000000e+00 
 1.48504877e-02  2.21426530e-01  1.48504877e-02  0.00000000e+00 
 1.48604877e-02  2.18742572e-01  1.48604877e-02  0.00000000e+00 
 1.48704877e-02  2.16091147e-01  1.48704877e-02  0.00000000e+00 
 1.48804877e-02  2.13471860e-01  1.48804877e-02  0.00000000e+00 
 1.48904877e-02  2.10884323e-01  1.48904877e-02  0.00000000e+00 
 1.49004877e-02  2.08328149e-01  1.49004877e-02  0.00000000e+00 
 1.49104877e-02  2.05802959e-01  1.49104877e-02  0.00000000e+00 
 1.49204877e-02  2.03308378e-01  1.49204877e-02  0.00000000e+00 
 1.49304877e-02  2.00844034e-01  1.49304877e-02  0.00000000e+00 
 1.49404877e-02  1.98409561e-01  1.49404877e-02  0.00000000e+00 
 1.49504877e-02  1.96004597e-01  1.49504877e-02  0.00000000e+00 
 1.49604877e-02  1.93628783e-01  1.49604877e-02  0.00000000e+00 
 1.49704877e-02  1.91281768e-01  1.49704877e-02  0.00000000e+00 
 1.49804877e-02  1.88963201e-01  1.49804877e-02  0.00000000e+00 
 1.49904877e-02  1.86672738e-01  1.49904877e-02  0.00000000e+00 
 1.50004877e-02  1.84410038e-01  1.50004877e-02  0.00000000e+00 
 1.50104877e-02  1.82174765e-01  1.50104877e-02  0.00000000e+00 
 1.50204877e-02  1.79966586e-01  1.50204877e-02  0.00000000e+00 
 1.50304877e-02  1.77785173e-01  1.50304877e-02  0.00000000e+00 
 1.50404877e-02  1.75630201e-01  1.50404877e-02  0.00000000e+00 
 1.50504877e-02  1.73501350e-01  1.50504877e-02  0.00000000e+00 
 1.50604877e-02  1.71398303e-01  1.50604877e-02  0.00000000e+00 
 1.50704877e-02  1.69320748e-01  1.50704877e-02  0.00000000e+00 
 1.50804877e-02  1.67268375e-01  1.50804877e-02  0.00000000e+00 
 1.50904877e-02  1.65240880e-01  1.50904877e-02  0.00000000e+00 
 1.51004877e-02  1.63237960e-01  1.51004877e-02  0.00000000e+00 
 1.51104877e-02  1.61259318e-01  1.51104877e-02  0.00000000e+00 
 1.51204877e-02  1.59304660e-01  1.51204877e-02  0.00000000e+00 
 1.51304877e-02  1.57373694e-01  1.51304877e-02  0.00000000e+00 
 1.51404877e-02  1.55466134e-01  1.51404877e-02  0.00000000e+00 
 1.51504877e-02  1.53581696e-01  1.51504877e-02  0.00000000e+00 
 1.51604877e-02  1.51720100e-01  1.51604877e-02  0.00000000e+00 
 1.51704877e-02  1.49881068e-01  1.51704877e-02  0.00000000e+00 
 1.51804877e-02  1.48064328e-01  1.51804877e-02  0.00000000e+00 
 1.51904877e-02  1.46269609e-01  1.51904877e-02  0.00000000e+00 
 1.52004877e-02  1.44496644e-01  1.52004877e-02  0.00000000e+00 
 1.52104877e-02  1.42745170e-01  1.52104877e-02  0.00000000e+00 
 1.52204877e-02  1.41014925e-01  1.52204877e-02  0.00000000e+00 
 1.52304877e-02  1.39305653e-01  1.52304877e-02  0.00000000e+00 
 1.52404877e-02  1.37617100e-01  1.52404877e-02  0.00000000e+00 
 1.52504877e-02  1.35949014e-01  1.52504877e-02  0.00000000e+00 
 1.52604877e-02  1.34301147e-01  1.52604877e-02  0.00000000e+00 
 1.52704877e-02  1.32673254e-01  1.52704877e-02  0.00000000e+00 
 1.52804877e-02  1.31065094e-01  1.52804877e-02  0.00000000e+00 
 1.52904877e-02  1.29476426e-01  1.52904877e-02  0.00000000e+00 
 1.53004877e-02  1.27907015e-01  1.53004877e-02  0.00000000e+00 
 1.53104877e-02  1.26356627e-01  1.53104877e-02  0.00000000e+00 
 1.53204877e-02  1.24825031e-01  1.53204877e-02  0.00000000e+00 
 1.53304877e-02  1.23312001e-01  1.53304877e-02  0.00000000e+00 
 1.53404877e-02  1.21817310e-01  1.53404877e-02  0.00000000e+00 
 1.53504877e-02  1.20340736e-01  1.53504877e-02  0.00000000e+00 
 1.53604877e-02  1.18882061e-01  1.53604877e-02  0.00000000e+00 
 1.53704877e-02  1.17441066e-01  1.53704877e-02  0.00000000e+00 
 1.53804877e-02  1.16017538e-01  1.53804877e-02  0.00000000e+00 
 1.53904877e-02  1.14611265e-01  1.53904877e-02  0.00000000e+00 
 1.54004877e-02  1.13222037e-01  1.54004877e-02  0.00000000e+00 
 1.54104877e-02  1.11849649e-01  1.54104877e-02  0.00000000e+00 
 1.54204877e-02  1.10493896e-01  1.54204877e-02  0.00000000e+00 
 1.54304877e-02  1.09154576e-01  1.54304877e-02  0.00000000e+00 
 1.54404877e-02  1.07831490e-01  1.54404877e-02  0.00000000e+00 
 1.54504877e-02  1.06524441e-01  1.54504877e-02  0.00000000e+00 
 1.54604877e-02  1.05233236e-01  1.54604877e-02  0.00000000e+00 
 1.54704877e-02  1.03957682e-01  1.54704877e-02  0.00000000e+00 
 1.54804877e-02  1.02697589e-01  1.54804877e-02  0.00000000e+00 
 1.54904877e-02  1.01452769e-01  1.54904877e-02  0.00000000e+00 
 1.55004877e-02  1.00223039e-01  1.55004877e-02  0.00000000e+00 
 1.55104877e-02  9.90082141e-02  1.55104877e-02  0.00000000e+00 
 1.55204877e-02  9.78081145e-02  1.55204877e-02  0.00000000e+00 
 1.55304877e-02  9.66225616e-02  1.55304877e-02  0.00000000e+00 
 1.55404877e-02  9.54513791e-02  1.55404877e-02  0.00000000e+00 
 1.55504877e-02  9.42943927e-02  1.55504877e-02  0.00000000e+00 
 1.55604877e-02  9.31514303e-02  1.55604877e-02  0.00000000e+00 
 1.55704877e-02  9.20223221e-02  1.55704877e-02  0.00000000e+00 
 1.55804877e-02  9.09069000e-02  1.55804877e-02  0.00000000e+00 
 1.55904877e-02  8.98049982e-02  1.55904877e-02  0.00000000e+00 
 1.56004877e-02  8.87164527e-02  1.56004877e-02  0.00000000e+00 
 1.56104877e-02  8.76411018e-02  1.56104877e-02  0.00000000e+00 
 1.56204877e-02  8.65787854e-02  1.56204877e-02  0.00000000e+00 
 1.56304877e-02  8.55293456e-02  1.56304877e-02  0.00000000e+00 
 1.56404877e-02  8.44926263e-02  1.56404877e-02  0.00000000e+00 
 1.56504877e-02  8.34684732e-02  1.56504877e-02  0.00000000e+00 
 1.56604877e-02  8.24567341e-02  1.56604877e-02  0.00000000e+00 
 1.56704877e-02  8.14572586e-02  1.56704877e-02  0.00000000e+00 
 1.56804877e-02  8.04698979e-02  1.56804877e-02  0.00000000e+00 
 1.56904877e-02  7.94945052e-02  1.56904877e-02  0.00000000e+00 
 1.57004877e-02  7.85309354e-02  1.57004877e-02  0.00000000e+00 
 1.57104877e-02  7.75790453e-02  1.57104877e-02  0.00000000e+00 
 1.57204877e-02  7.66386932e-02  1.57204877e-02  0.00000000e+00 
 1.57304877e-02  7.57097394e-02  1.57304877e-02  0.00000000e+00 
 1.57404877e-02  7.47920455e-02  1.57404877e-02  0.00000000e+00 
 1.57504877e-02  7.38854753e-02  1.57504877e-02  0.00000000e+00 
 1.57604877e-02  7.29898938e-02  1.57604877e-02  0.00000000e+00 
 1.57704877e-02  7.21051678e-02  1.57704877e-02  0.00000000e+00 
 1.57804877e-02  7.12311658e-02  1.57804877e-02  0.00000000e+00 
 1.57904877e-02  7.03677577e-02  1.57904877e-02  0.00000000e+00 
 1.58004877e-02  6.95148152e-02  1.58004877e-02  0.00000000e+00 
 1.58104877e-02  6.86722113e-02  1.58104877e-02  0.00000000e+00 
 1.58204877e-02  6.78398209e-02  1.58204877e-02  0.00000000e+00 
 1.58304877e-02  6.70175200e-02  1.58304877e-02  0.00000000e+00 
 1.58404877e-02  6.62051865e-02  1.58404877e-02  0.00000000e+00 
 1.58504877e-02  6.54026994e-02  1.58504877e-02  0.00000000e+00 
 1.58604877e-02  6.46099394e-02  1.58604877e-02  0.00000000e+00 
 1.58704877e-02  6.38267886e-02  1.58704877e-02  0.00000000e+00 
 1.58804877e-02  6.30531305e-02  1.58804877e-02  0.00000000e+00 
 1.58904877e-02  6.22888502e-02  1.58904877e-02  0.00000000e+00 
 1.59004877e-02  6.15338338e-02  1.59004877e-02  0.00000000e+00 
 1.59104877e-02  6.07879692e-02  1.59104877e-02  0.00000000e+00 
 1.59204877e-02  6.00511453e-02  1.59204877e-02  0.00000000e+00 
 1.59304877e-02  5.93232526e-02  1.59304877e-02  0.00000000e+00 
 1.59404877e-02  5.86041829e-02  1.59404877e-02  0.00000000e+00 
 1.59504877e-02  5.78938292e-02  1.59504877e-02  0.00000000e+00 
 1.59604877e-02  5.71920858e-02  1.59604877e-02  0.00000000e+00 
 1.59704877e-02  5.64988484e-02  1.59704877e-02  0.00000000e+00 
 1.59804877e-02  5.58140138e-02  1.59804877e-02  0.00000000e+00 
 1.59904877e-02  5.51374803e-02  1.59904877e-02  0.00000000e+00 
 1.60004877e-02  5.44691473e-02  1.60004877e-02  0.00000000e+00 
 1.60104877e-02  5.38089152e-02  1.60104877e-02  0.00000000e+00 
 1.60204877e-02  5.31566859e-02  1.60204877e-02  0.00000000e+00 
 1.60304877e-02  5.25123624e-02  1.60304877e-02  0.00000000e+00 
 1.60404877e-02  5.18758489e-02  1.60404877e-02  0.00000000e+00 
 1.60504877e-02  5.12470508e-02  1.60504877e-02  0.00000000e+00 
 1.60604877e-02  5.06258744e-02  1.60604877e-02  0.00000000e+00 
 1.60704877e-02  5.00122274e-02  1.60704877e-02  0.00000000e+00 
 1.60804877e-02  4.94060186e-02  1.60804877e-02  0.00000000e+00 
 1.60904877e-02  4.88071578e-02  1.60904877e-02  0.00000000e+00 
 1.61004877e-02  4.82155559e-02  1.61004877e-02  0.00000000e+00 
 1.61104877e-02  4.76311249e-02  1.61104877e-02  0.00000000e+00 
 1.61204877e-02  4.70537779e-02  1.61204877e-02  0.00000000e+00 
 1.61304877e-02  4.64834291e-02  1.61304877e-02  0.00000000e+00 
 1.61404877e-02  4.59199936e-02  1.61404877e-02  0.00000000e+00 
 1.61504877e-02  4.53633876e-02  1.61504877e-02  0.00000000e+00 
 1.61604877e-02  4.48135284e-02  1.61604877e-02  0.00000000e+00 
 1.61704877e-02  4.42703341e-02  1.61704877e-02  0.00000000e+00 
 1.61804877e-02  4.37337240e-02  1.61804877e-02  0.00000000e+00 
 1.61904877e-02  4.32036182e-02  1.61904877e-02  0.00000000e+00 
 1.62004877e-02  4.26799380e-02  1.62004877e-02  0.00000000e+00 
 1.62104877e-02  4.21626054e-02  1.62104877e-02  0.00000000e+00 
 1.62204877e-02  4.16515435e-02  1.62204877e-02  0.00000000e+00 
 1.62304877e-02  4.11466764e-02  1.62304877e-02  0.00000000e+00 
 1.62404877e-02  4.06479288e-02  1.62404877e-02  0.00000000e+00 
 1.62504877e-02  4.01552266e-02  1.62504877e-02  0.00000000e+00 
 1.62604877e-02  3.96684966e-02  1.62604877e-02  0.00000000e+00 
 1.62704877e-02  3.91876663e-02  1.62704877e-02  0.00000000e+00 
 1.62804877e-02  3.87126643e-02  1.62804877e-02  0.00000000e+00 
 1.62904877e-02  3.82434199e-02  1.62904877e-02  0.00000000e+00 
 1.63004877e-02  3.77798633e-02  1.63004877e-02  0.00000000e+00 
 1.63104877e-02  3.73219255e-02  1.63104877e-02  0.00000000e+00 
 1.63204877e-02  3.68695386e-02  1.63204877e-02  0.00000000e+00 
 1.63304877e-02  3.64226351e-02  1.63304877e-02  0.00000000e+00 
 1.63404877e-02  3.59811486e-02  1.63404877e-02  0.00000000e+00 
 1.63504877e-02  3.55450134e-02  1.63504877e-02  0.00000000e+00 
 1.63604877e-02  3.51141648e-02  1.63604877e-02  0.00000000e+00 
 1.63704877e-02  3.46885386e-02  1.63704877e-02  0.00000000e+00 
 1.63804877e-02  3.42680714e-02  1.63804877e-02  0.00000000e+00 
 1.63904877e-02  3.38527009e-02  1.63904877e-02  0.00000000e+00 
 1.64000000e-02  3.34622609e-02  1.64000000e-02  0.00000000e+00 
 1.64000001e-02  3.34623178e-02  1.64000001e-02  5.00000007e-01 
 1.64000003e-02  3.34625536e-02  1.64000003e-02  1.50000000e+00 
 1.64000007e-02  3.34637568e-02  1.64000007e-02  3.49999999e+00 
 1.64000010e-02  3.34652994e-02  1.64000010e-02  5.00000000e+00 
 1.64000011e-02  3.34657839e-02  1.64000011e-02  5.00000000e+00 
 1.64000012e-02  3.34667530e-02  1.64000012e-02  5.00000000e+00 
 1.64000016e-02  3.34686912e-02  1.64000016e-02  5.00000000e+00 
 1.64000022e-02  3.34725675e-02  1.64000022e-02  5.00000000e+00 
 1.64000035e-02  3.34803201e-02  1.64000035e-02  5.00000000e+00 
 1.64000060e-02  3.34958253e-02  1.64000060e-02  5.00000000e+00 
 1.64000112e-02  3.35268356e-02  1.64000112e-02  5.00000000e+00 
 1.64000214e-02  3.35888556e-02  1.64000214e-02  5.00000000e+00 
 1.64000419e-02  3.37128932e-02  1.64000419e-02  5.00000000e+00 
 1.64000828e-02  3.39609591e-02  1.64000828e-02  5.00000000e+00 
 1.64001648e-02  3.44570537e-02  1.64001648e-02  5.00000000e+00 
 1.64003286e-02  3.54490943e-02  1.64003286e-02  5.00000000e+00 
 1.64006563e-02  3.74325810e-02  1.64006563e-02  5.00000000e+00 
 1.64013116e-02  4.13971774e-02  1.64013116e-02  5.00000000e+00 
 1.64026224e-02  4.93168721e-02  1.64026224e-02  5.00000000e+00 
 1.64052438e-02  6.51183446e-02  1.64052438e-02  5.00000000e+00 
 1.64104867e-02  9.65702264e-02  1.64104867e-02  5.00000000e+00 
 1.64204867e-02  1.56005739e-01  1.64204867e-02  5.00000000e+00 
 1.64304867e-02  2.14720821e-01  1.64304867e-02  5.00000000e+00 
 1.64404867e-02  2.72724205e-01  1.64404867e-02  5.00000000e+00 
 1.64504867e-02  3.30024517e-01  1.64504867e-02  5.00000000e+00 
 1.64604867e-02  3.86630281e-01  1.64604867e-02  5.00000000e+00 
 1.64704867e-02  4.42549914e-01  1.64704867e-02  5.00000000e+00 
 1.64804867e-02  4.97791733e-01  1.64804867e-02  5.00000000e+00 
 1.64904867e-02  5.52363954e-01  1.64904867e-02  5.00000000e+00 
 1.65004867e-02  6.06274694e-01  1.65004867e-02  5.00000000e+00 
 1.65104867e-02  6.59531971e-01  1.65104867e-02  5.00000000e+00 
 1.65204867e-02  7.12143705e-01  1.65204867e-02  5.00000000e+00 
 1.65304867e-02  7.64117720e-01  1.65304867e-02  5.00000000e+00 
 1.65404867e-02  8.15461748e-01  1.65404867e-02  5.00000000e+00 
 1.65504867e-02  8.66183424e-01  1.65504867e-02  5.00000000e+00 
 1.65604867e-02  9.16290291e-01  1.65604867e-02  5.00000000e+00 
 1.65704867e-02  9.65789803e-01  1.65704867e-02  5.00000000e+00 
 1.65804867e-02  1.01468932e+00  1.65804867e-02  5.00000000e+00 
 1.65904867e-02  1.06299612e+00  1.65904867e-02  5.00000000e+00 
 1.66004867e-02  1.11071738e+00  1.66004867e-02  5.00000000e+00 
 1.66104867e-02  1.15786020e+00  1.66104867e-02  5.00000000e+00 
 1.66204867e-02  1.20443159e+00  1.66204867e-02  5.00000000e+00 
 1.66304867e-02  1.25043848e+00  1.66304867e-02  5.00000000e+00 
 1.66404867e-02  1.29588771e+00  1.66404867e-02  5.00000000e+00 
 1.66504867e-02  1.34078604e+00  1.66504867e-02  5.00000000e+00 
 1.66604867e-02  1.38514015e+00  1.66604867e-02  5.00000000e+00 
 1.66704867e-02  1.42895663e+00  1.66704867e-02  5.00000000e+00 
 1.66804867e-02  1.47224200e+00  1.66804867e-02  5.00000000e+00 
 1.66904867e-02  1.51500271e+00  1.66904867e-02  5.00000000e+00 
 1.67004867e-02  1.55724510e+00  1.67004867e-02  5.00000000e+00 
 1.67104867e-02  1.59897546e+00  1.67104867e-02  5.00000000e+00 
 1.67204867e-02  1.64020000e+00  1.67204867e-02  5.00000000e+00 
 1.67304867e-02  1.68092485e+00  1.67304867e-02  5.00000000e+00 
 1.67404867e-02  1.72115606e+00  1.67404867e-02  5.00000000e+00 
 1.67504867e-02  1.76089963e+00  1.67504867e-02  5.00000000e+00 
 1.67604867e-02  1.80016145e+00  1.67604867e-02  5.00000000e+00 
 1.67704867e-02  1.83894737e+00  1.67704867e-02  5.00000000e+00 
 1.67804867e-02  1.87726316e+00  1.67804867e-02  5.00000000e+00 
 1.67904867e-02  1.91511452e+00  1.67904867e-02  5.00000000e+00 
 1.68004867e-02  1.95250707e+00  1.68004867e-02  5.00000000e+00 
 1.68104867e-02  1.98944638e+00  1.68104867e-02  5.00000000e+00 
 1.68204867e-02  2.02593793e+00  1.68204867e-02  5.00000000e+00 
 1.68304867e-02  2.06198717e+00  1.68304867e-02  5.00000000e+00 
 1.68404867e-02  2.09759945e+00  1.68404867e-02  5.00000000e+00 
 1.68504867e-02  2.13278006e+00  1.68504867e-02  5.00000000e+00 
 1.68604867e-02  2.16753424e+00  1.68604867e-02  5.00000000e+00 
 1.68704867e-02  2.20186716e+00  1.68704867e-02  5.00000000e+00 
 1.68804867e-02  2.23578392e+00  1.68804867e-02  5.00000000e+00 
 1.68904867e-02  2.26928957e+00  1.68904867e-02  5.00000000e+00 
 1.69004867e-02  2.30238909e+00  1.69004867e-02  5.00000000e+00 
 1.69104867e-02  2.33508741e+00  1.69104867e-02  5.00000000e+00 
 1.69204867e-02  2.36738938e+00  1.69204867e-02  5.00000000e+00 
 1.69304867e-02  2.39929981e+00  1.69304867e-02  5.00000000e+00 
 1.69404867e-02  2.43082345e+00  1.69404867e-02  5.00000000e+00 
 1.69504867e-02  2.46196498e+00  1.69504867e-02  5.00000000e+00 
 1.69604867e-02  2.49272904e+00  1.69604867e-02  5.00000000e+00 
 1.69704867e-02  2.52312021e+00  1.69704867e-02  5.00000000e+00 
 1.69804867e-02  2.55314299e+00  1.69804867e-02  5.00000000e+00 
 1.69904867e-02  2.58280186e+00  1.69904867e-02  5.00000000e+00 
 1.70004867e-02  2.61210123e+00  1.70004867e-02  5.00000000e+00 
 1.70104867e-02  2.64104546e+00  1.70104867e-02  5.00000000e+00 
 1.70204867e-02  2.66963885e+00  1.70204867e-02  5.00000000e+00 
 1.70304867e-02  2.69788565e+00  1.70304867e-02  5.00000000e+00 
 1.70404867e-02  2.72579007e+00  1.70404867e-02  5.00000000e+00 
 1.70504867e-02  2.75335625e+00  1.70504867e-02  5.00000000e+00 
 1.70604867e-02  2.78058830e+00  1.70604867e-02  5.00000000e+00 
 1.70704867e-02  2.80749026e+00  1.70704867e-02  5.00000000e+00 
 1.70804867e-02  2.83406613e+00  1.70804867e-02  5.00000000e+00 
 1.70904867e-02  2.86031987e+00  1.70904867e-02  5.00000000e+00 
 1.71004867e-02  2.88625539e+00  1.71004867e-02  5.00000000e+00 
 1.71104867e-02  2.91187654e+00  1.71104867e-02  5.00000000e+00 
 1.71204867e-02  2.93718713e+00  1.71204867e-02  5.00000000e+00 
 1.71304867e-02  2.96219092e+00  1.71304867e-02  5.00000000e+00 
 1.71404867e-02  2.98689163e+00  1.71404867e-02  5.00000000e+00 
 1.71504867e-02  3.01129295e+00  1.71504867e-02  5.00000000e+00 
 1.71604867e-02  3.03539849e+00  1.71604867e-02  5.00000000e+00 
 1.71704867e-02  3.05921184e+00  1.71704867e-02  5.00000000e+00 
 1.71804867e-02  3.08273654e+00  1.71804867e-02  5.00000000e+00 
 1.71904867e-02  3.10597610e+00  1.71904867e-02  5.00000000e+00 
 1.72004867e-02  3.12893397e+00  1.72004867e-02  5.00000000e+00 
 1.72104867e-02  3.15161356e+00  1.72104867e-02  5.00000000e+00 
 1.72204867e-02  3.17401824e+00  1.72204867e-02  5.00000000e+00 
 1.72304867e-02  3.19615135e+00  1.72304867e-02  5.00000000e+00 
 1.72404867e-02  3.21801618e+00  1.72404867e-02  5.00000000e+00 
 1.72504867e-02  3.23961599e+00  1.72504867e-02  5.00000000e+00 
 1.72604867e-02  3.26095398e+00  1.72604867e-02  5.00000000e+00 
 1.72704867e-02  3.28203332e+00  1.72704867e-02  5.00000000e+00 
 1.72804867e-02  3.30285716e+00  1.72804867e-02  5.00000000e+00 
 1.72904867e-02  3.32342859e+00  1.72904867e-02  5.00000000e+00 
 1.73004867e-02  3.34375067e+00  1.73004867e-02  5.00000000e+00 
 1.73104867e-02  3.36382642e+00  1.73104867e-02  5.00000000e+00 
 1.73204867e-02  3.38365882e+00  1.73204867e-02  5.00000000e+00 
 1.73304867e-02  3.40325084e+00  1.73304867e-02  5.00000000e+00 
 1.73404867e-02  3.42260537e+00  1.73404867e-02  5.00000000e+00 
 1.73504867e-02  3.44172531e+00  1.73504867e-02  5.00000000e+00 
 1.73604867e-02  3.46061349e+00  1.73604867e-02  5.00000000e+00 
 1.73704867e-02  3.47927272e+00  1.73704867e-02  5.00000000e+00 
 1.73804867e-02  3.49770577e+00  1.73804867e-02  5.00000000e+00 
 1.73904867e-02  3.51591540e+00  1.73904867e-02  5.00000000e+00 
 1.74004867e-02  3.53390430e+00  1.74004867e-02  5.00000000e+00 
 1.74104867e-02  3.55167516e+00  1.74104867e-02  5.00000000e+00 
 1.74204867e-02  3.56923061e+00  1.74204867e-02  5.00000000e+00 
 1.74304867e-02  3.58657327e+00  1.74304867e-02  5.00000000e+00 
 1.74404867e-02  3.60370572e+00  1.74404867e-02  5.00000000e+00 
 1.74504867e-02  3.62063050e+00  1.74504867e-02  5.00000000e+00 
 1.74604867e-02  3.63735013e+00  1.74604867e-02  5.00000000e+00 
 1.74704867e-02  3.65386710e+00  1.74704867e-02  5.00000000e+00 
 1.74804867e-02  3.67018386e+00  1.74804867e-02  5.00000000e+00 
 1.74904867e-02  3.68630284e+00  1.74904867e-02  5.00000000e+00 
 1.75004867e-02  3.70222644e+00  1.75004867e-02  5.00000000e+00 
 1.75104867e-02  3.71795703e+00  1.75104867e-02  5.00000000e+00 
 1.75204867e-02  3.73349695e+00  1.75204867e-02  5.00000000e+00 
 1.75304867e-02  3.74884850e+00  1.75304867e-02  5.00000000e+00 
 1.75404867e-02  3.76401397e+00  1.75404867e-02  5.00000000e+00 
 1.75504867e-02  3.77899562e+00  1.75504867e-02  5.00000000e+00 
 1.75604867e-02  3.79379567e+00  1.75604867e-02  5.00000000e+00 
 1.75704867e-02  3.80841633e+00  1.75704867e-02  5.00000000e+00 
 1.75804867e-02  3.82285977e+00  1.75804867e-02  5.00000000e+00 
 1.75904867e-02  3.83712814e+00  1.75904867e-02  5.00000000e+00 
 1.76004867e-02  3.85122355e+00  1.76004867e-02  5.00000000e+00 
 1.76104867e-02  3.86514812e+00  1.76104867e-02  5.00000000e+00 
 1.76204867e-02  3.87890390e+00  1.76204867e-02  5.00000000e+00 
 1.76304867e-02  3.89249294e+00  1.76304867e-02  5.00000000e+00 
 1.76404867e-02  3.90591727e+00  1.76404867e-02  5.00000000e+00 
 1.76504867e-02  3.91917888e+00  1.76504867e-02  5.00000000e+00 
 1.76604867e-02  3.93227974e+00  1.76604867e-02  5.00000000e+00 
 1.76704867e-02  3.94522180e+00  1.76704867e-02  5.00000000e+00 
 1.76804867e-02  3.95800699e+00  1.76804867e-02  5.00000000e+00 
 1.76904867e-02  3.97063721e+00  1.76904867e-02  5.00000000e+00 
 1.77004867e-02  3.98311434e+00  1.77004867e-02  5.00000000e+00 
 1.77104867e-02  3.99544022e+00  1.77104867e-02  5.00000000e+00 
 1.77204867e-02  4.00761671e+00  1.77204867e-02  5.00000000e+00 
 1.77304867e-02  4.01964559e+00  1.77304867e-02  5.00000000e+00 
 1.77404867e-02  4.03152868e+00  1.77404867e-02  5.00000000e+00 
 1.77504867e-02  4.04326772e+00  1.77504867e-02  5.00000000e+00 
 1.77604867e-02  4.05486448e+00  1.77604867e-02  5.00000000e+00 
 1.77704867e-02  4.06632067e+00  1.77704867e-02  5.00000000e+00 
 1.77804867e-02  4.07763799e+00  1.77804867e-02  5.00000000e+00 
 1.77904867e-02  4.08881814e+00  1.77904867e-02  5.00000000e+00 
 1.78004867e-02  4.09986277e+00  1.78004867e-02  5.00000000e+00 
 1.78104867e-02  4.11077352e+00  1.78104867e-02  5.00000000e+00 
 1.78204867e-02  4.12155202e+00  1.78204867e-02  5.00000000e+00 
 1.78304867e-02  4.13219988e+00  1.78304867e-02  5.00000000e+00 
 1.78404867e-02  4.14271867e+00  1.78404867e-02  5.00000000e+00 
 1.78504867e-02  4.15310996e+00  1.78504867e-02  5.00000000e+00 
 1.78604867e-02  4.16337529e+00  1.78604867e-02  5.00000000e+00 
 1.78704867e-02  4.17351620e+00  1.78704867e-02  5.00000000e+00 
 1.78804867e-02  4.18353418e+00  1.78804867e-02  5.00000000e+00 
 1.78904867e-02  4.19343074e+00  1.78904867e-02  5.00000000e+00 
 1.79004867e-02  4.20320733e+00  1.79004867e-02  5.00000000e+00 
 1.79104867e-02  4.21286543e+00  1.79104867e-02  5.00000000e+00 
 1.79204867e-02  4.22240645e+00  1.79204867e-02  5.00000000e+00 
 1.79304867e-02  4.23183183e+00  1.79304867e-02  5.00000000e+00 
 1.79404867e-02  4.24114296e+00  1.79404867e-02  5.00000000e+00 
 1.79504867e-02  4.25034122e+00  1.79504867e-02  5.00000000e+00 
 1.79604867e-02  4.25942800e+00  1.79604867e-02  5.00000000e+00 
 1.79704867e-02  4.26840463e+00  1.79704867e-02  5.00000000e+00 
 1.79804867e-02  4.27727245e+00  1.79804867e-02  5.00000000e+00 
 1.79904867e-02  4.28603278e+00  1.79904867e-02  5.00000000e+00 
 1.80004867e-02  4.29468693e+00  1.80004867e-02  5.00000000e+00 
 1.80104867e-02  4.30323618e+00  1.80104867e-02  5.00000000e+00 
 1.80204867e-02  4.31168180e+00  1.80204867e-02  5.00000000e+00 
 1.80304867e-02  4.32002506e+00  1.80304867e-02  5.00000000e+00 
 1.80404867e-02  4.32826718e+00  1.80404867e-02  5.00000000e+00 
 1.80504867e-02  4.33640939e+00  1.80504867e-02  5.00000000e+00 
 1.80604867e-02  4.34445291e+00  1.80604867e-02  5.00000000e+00 
 1.80704867e-02  4.35239894e+00  1.80704867e-02  5.00000000e+00 
 1.80804867e-02  4.36024865e+00  1.80804867e-02  5.00000000e+00 
 1.80904867e-02  4.36800321e+00  1.80904867e-02  5.00000000e+00 
 1.81004867e-02  4.37566378e+00  1.81004867e-02  5.00000000e+00 
 1.81104867e-02  4.38323149e+00  1.81104867e-02  5.00000000e+00 
 1.81204867e-02  4.39070747e+00  1.81204867e-02  5.00000000e+00 
 1.81304867e-02  4.39809284e+00  1.81304867e-02  5.00000000e+00 
 1.81404867e-02  4.40538868e+00  1.81404867e-02  5.00000000e+00 
 1.81504867e-02  4.41259609e+00  1.81504867e-02  5.00000000e+00 
 1.81604867e-02  4.41971614e+00  1.81604867e-02  5.00000000e+00 
 1.81704867e-02  4.42674988e+00  1.81704867e-02  5.00000000e+00 
 1.81804867e-02  4.43369837e+00  1.81804867e-02  5.00000000e+00 
 1.81904867e-02  4.44056263e+00  1.81904867e-02  5.00000000e+00 
 1.82004867e-02  4.44734369e+00  1.82004867e-02  5.00000000e+00 
 1.82104867e-02  4.45404255e+00  1.82104867e-02  5.00000000e+00 
 1.82204867e-02  4.46066022e+00  1.82204867e-02  5.00000000e+00 
 1.82304867e-02  4.46719767e+00  1.82304867e-02  5.00000000e+00 
 1.82404867e-02  4.47365588e+00  1.82404867e-02  5.00000000e+00 
 1.82504867e-02  4.48003581e+00  1.82504867e-02  5.00000000e+00 
 1.82604867e-02  4.48633841e+00  1.82604867e-02  5.00000000e+00 
 1.82704867e-02  4.49256461e+00  1.82704867e-02  5.00000000e+00 
 1.82804867e-02  4.49871534e+00  1.82804867e-02  5.00000000e+00 
 1.82904867e-02  4.50479152e+00  1.82904867e-02  5.00000000e+00 
 1.83004867e-02  4.51079404e+00  1.83004867e-02  5.00000000e+00 
 1.83104867e-02  4.51672381e+00  1.83104867e-02  5.00000000e+00 
 1.83204867e-02  4.52258171e+00  1.83204867e-02  5.00000000e+00 
 1.83304867e-02  4.52836859e+00  1.83304867e-02  5.00000000e+00 
 1.83404867e-02  4.53408534e+00  1.83404867e-02  5.00000000e+00 
 1.83504867e-02  4.53973279e+00  1.83504867e-02  5.00000000e+00 
 1.83604867e-02  4.54531179e+00  1.83604867e-02  5.00000000e+00 
 1.83704867e-02  4.55082316e+00  1.83704867e-02  5.00000000e+00 
 1.83804867e-02  4.55626773e+00  1.83804867e-02  5.00000000e+00 
 1.83904867e-02  4.56164630e+00  1.83904867e-02  5.00000000e+00 
 1.84004867e-02  4.56695968e+00  1.84004867e-02  5.00000000e+00 
 1.84104867e-02  4.57220865e+00  1.84104867e-02  5.00000000e+00 
 1.84204867e-02  4.57739400e+00  1.84204867e-02  5.00000000e+00 
 1.84304867e-02  4.58251650e+00  1.84304867e-02  5.00000000e+00 
 1.84404867e-02  4.58757690e+00  1.84404867e-02  5.00000000e+00 
 1.84504867e-02  4.59257597e+00  1.84504867e-02  5.00000000e+00 
 1.84604867e-02  4.59751444e+00  1.84604867e-02  5.00000000e+00 
 1.84704867e-02  4.60239306e+00  1.84704867e-02  5.00000000e+00 
 1.84804867e-02  4.60721254e+00  1.84804867e-02  5.00000000e+00 
 1.84904867e-02  4.61197360e+00  1.84904867e-02  5.00000000e+00 
 1.85004867e-02  4.61667695e+00  1.85004867e-02  5.00000000e+00 
 1.85104867e-02  4.62132329e+00  1.85104867e-02  5.00000000e+00 
 1.85204867e-02  4.62591331e+00  1.85204867e-02  5.00000000e+00 
 1.85304867e-02  4.63044769e+00  1.85304867e-02  5.00000000e+00 
 1.85404867e-02  4.63492711e+00  1.85404867e-02  5.00000000e+00 
 1.85504867e-02  4.63935224e+00  1.85504867e-02  5.00000000e+00 
 1.85604867e-02  4.64372373e+00  1.85604867e-02  5.00000000e+00 
 1.85704867e-02  4.64804223e+00  1.85704867e-02  5.00000000e+00 
 1.85804867e-02  4.65230838e+00  1.85804867e-02  5.00000000e+00 
 1.85904867e-02  4.65652283e+00  1.85904867e-02  5.00000000e+00 
 1.86004867e-02  4.66068619e+00  1.86004867e-02  5.00000000e+00 
 1.86104867e-02  4.66479908e+00  1.86104867e-02  5.00000000e+00 
 1.86204867e-02  4.66886212e+00  1.86204867e-02  5.00000000e+00 
 1.86304867e-02  4.67287591e+00  1.86304867e-02  5.00000000e+00 
 1.86404867e-02  4.67684105e+00  1.86404867e-02  5.00000000e+00 
 1.86504867e-02  4.68075813e+00  1.86504867e-02  5.00000000e+00 
 1.86604867e-02  4.68462773e+00  1.86604867e-02  5.00000000e+00 
 1.86704867e-02  4.68845043e+00  1.86704867e-02  5.00000000e+00 
 1.86804867e-02  4.69222678e+00  1.86804867e-02  5.00000000e+00 
 1.86904867e-02  4.69595737e+00  1.86904867e-02  5.00000000e+00 
 1.87004867e-02  4.69964273e+00  1.87004867e-02  5.00000000e+00 
 1.87104867e-02  4.70328343e+00  1.87104867e-02  5.00000000e+00 
 1.87204867e-02  4.70687999e+00  1.87204867e-02  5.00000000e+00 
 1.87304867e-02  4.71043296e+00  1.87304867e-02  5.00000000e+00 
 1.87404867e-02  4.71394287e+00  1.87404867e-02  5.00000000e+00 
 1.87504867e-02  4.71741022e+00  1.87504867e-02  5.00000000e+00 
 1.87604867e-02  4.72083556e+00  1.87604867e-02  5.00000000e+00 
 1.87704867e-02  4.72421937e+00  1.87704867e-02  5.00000000e+00 
 1.87804867e-02  4.72756216e+00  1.87804867e-02  5.00000000e+00 
 1.87904867e-02  4.73086444e+00  1.87904867e-02  5.00000000e+00 
 1.88004867e-02  4.73412669e+00  1.88004867e-02  5.00000000e+00 
 1.88104867e-02  4.73734940e+00  1.88104867e-02  5.00000000e+00 
 1.88204867e-02  4.74053304e+00  1.88204867e-02  5.00000000e+00 
 1.88304867e-02  4.74367809e+00  1.88304867e-02  5.00000000e+00 
 1.88404867e-02  4.74678503e+00  1.88404867e-02  5.00000000e+00 
 1.88504867e-02  4.74985430e+00  1.88504867e-02  5.00000000e+00 
 1.88604867e-02  4.75288637e+00  1.88604867e-02  5.00000000e+00 
 1.88704867e-02  4.75588168e+00  1.88704867e-02  5.00000000e+00 
 1.88804867e-02  4.75884069e+00  1.88804867e-02  5.00000000e+00 
 1.88904867e-02  4.76176384e+00  1.88904867e-02  5.00000000e+00 
 1.89004867e-02  4.76465155e+00  1.89004867e-02  5.00000000e+00 
 1.89104867e-02  4.76750426e+00  1.89104867e-02  5.00000000e+00 
 1.89204867e-02  4.77032239e+00  1.89204867e-02  5.00000000e+00 
 1.89304867e-02  4.77310636e+00  1.89304867e-02  5.00000000e+00 
 1.89404867e-02  4.77585658e+00  1.89404867e-02  5.00000000e+00 
 1.89504867e-02  4.77857347e+00  1.89504867e-02  5.00000000e+00 
 1.89604867e-02  4.78125743e+00  1.89604867e-02  5.00000000e+00 
 1.89704867e-02  4.78390886e+00  1.89704867e-02  5.00000000e+00 
 1.89804867e-02  4.78652814e+00  1.89804867e-02  5.00000000e+00 
 1.89904867e-02  4.78911568e+00  1.89904867e-02  5.00000000e+00 
 1.90004867e-02  4.79167185e+00  1.90004867e-02  5.00000000e+00 
 1.90104867e-02  4.79419704e+00  1.90104867e-02  5.00000000e+00 
 1.90204867e-02  4.79669162e+00  1.90204867e-02  5.00000000e+00 
 1.90304867e-02  4.79915597e+00  1.90304867e-02  5.00000000e+00 
 1.90404867e-02  4.80159044e+00  1.90404867e-02  5.00000000e+00 
 1.90504867e-02  4.80399541e+00  1.90504867e-02  5.00000000e+00 
 1.90604867e-02  4.80637122e+00  1.90604867e-02  5.00000000e+00 
 1.90704867e-02  4.80871824e+00  1.90704867e-02  5.00000000e+00 
 1.90804867e-02  4.81103680e+00  1.90804867e-02  5.00000000e+00 
 1.90904867e-02  4.81332726e+00  1.90904867e-02  5.00000000e+00 
 1.91004867e-02  4.81558996e+00  1.91004867e-02  5.00000000e+00 
 1.91104867e-02  4.81782524e+00  1.91104867e-02  5.00000000e+00 
 1.91204867e-02  4.82003342e+00  1.91204867e-02  5.00000000e+00 
 1.91304867e-02  4.82221483e+00  1.91304867e-02  5.00000000e+00 
 1.91404867e-02  4.82436980e+00  1.91404867e-02  5.00000000e+00 
 1.91504867e-02  4.82649865e+00  1.91504867e-02  5.00000000e+00 
 1.91604867e-02  4.82860170e+00  1.91604867e-02  5.00000000e+00 
 1.91704867e-02  4.83067925e+00  1.91704867e-02  5.00000000e+00 
 1.91804867e-02  4.83273163e+00  1.91804867e-02  5.00000000e+00 
 1.91904867e-02  4.83475912e+00  1.91904867e-02  5.00000000e+00 
 1.92004867e-02  4.83676204e+00  1.92004867e-02  5.00000000e+00 
 1.92104867e-02  4.83874068e+00  1.92104867e-02  5.00000000e+00 
 1.92204867e-02  4.84069534e+00  1.92204867e-02  5.00000000e+00 
 1.92304867e-02  4.84262631e+00  1.92304867e-02  5.00000000e+00 
 1.92404867e-02  4.84453387e+00  1.92404867e-02  5.00000000e+00 
 1.92504867e-02  4.84641831e+00  1.92504867e-02  5.00000000e+00 
 1.92604867e-02  4.84827990e+00  1.92604867e-02  5.00000000e+00 
 1.92704867e-02  4.85011893e+00  1.92704867e-02  5.00000000e+00 
 1.92804867e-02  4.85193567e+00  1.92804867e-02  5.00000000e+00 
 1.92904867e-02  4.85373039e+00  1.92904867e-02  5.00000000e+00 
 1.93004867e-02  4.85550336e+00  1.93004867e-02  5.00000000e+00 
 1.93104867e-02  4.85725483e+00  1.93104867e-02  5.00000000e+00 
 1.93204867e-02  4.85898508e+00  1.93204867e-02  5.00000000e+00 
 1.93304867e-02  4.86069435e+00  1.93304867e-02  5.00000000e+00 
 1.93404867e-02  4.86238290e+00  1.93404867e-02  5.00000000e+00 
 1.93504867e-02  4.86405099e+00  1.93504867e-02  5.00000000e+00 
 1.93604867e-02  4.86569885e+00  1.93604867e-02  5.00000000e+00 
 1.93704867e-02  4.86732675e+00  1.93704867e-02  5.00000000e+00 
 1.93804867e-02  4.86893491e+00  1.93804867e-02  5.00000000e+00 
 1.93904867e-02  4.87052358e+00  1.93904867e-02  5.00000000e+00 
 1.94004867e-02  4.87209299e+00  1.94004867e-02  5.00000000e+00 
 1.94104867e-02  4.87364338e+00  1.94104867e-02  5.00000000e+00 
 1.94204867e-02  4.87517497e+00  1.94204867e-02  5.00000000e+00 
 1.94304867e-02  4.87668800e+00  1.94304867e-02  5.00000000e+00 
 1.94404867e-02  4.87818269e+00  1.94404867e-02  5.00000000e+00 
 1.94504867e-02  4.87965927e+00  1.94504867e-02  5.00000000e+00 
 1.94604867e-02  4.88111794e+00  1.94604867e-02  5.00000000e+00 
 1.94704867e-02  4.88255894e+00  1.94704867e-02  5.00000000e+00 
 1.94804867e-02  4.88398246e+00  1.94804867e-02  5.00000000e+00 
 1.94904867e-02  4.88538874e+00  1.94904867e-02  5.00000000e+00 
 1.95004867e-02  4.88677796e+00  1.95004867e-02  5.00000000e+00 
 1.95104867e-02  4.88815035e+00  1.95104867e-02  5.00000000e+00 
 1.95204867e-02  4.88950611e+00  1.95204867e-02  5.00000000e+00 
 1.95304867e-02  4.89084543e+00  1.95304867e-02  5.00000000e+00 
 1.95404867e-02  4.89216851e+00  1.95404867e-02  5.00000000e+00 
 1.95504867e-02  4.89347556e+00  1.95504867e-02  5.00000000e+00 
 1.95604867e-02  4.89476677e+00  1.95604867e-02  5.00000000e+00 
 1.95704867e-02  4.89604232e+00  1.95704867e-02  5.00000000e+00 
 1.95804867e-02  4.89730241e+00  1.95804867e-02  5.00000000e+00 
 1.95904867e-02  4.89854723e+00  1.95904867e-02  5.00000000e+00 
 1.96004867e-02  4.89977696e+00  1.96004867e-02  5.00000000e+00 
 1.96104867e-02  4.90099179e+00  1.96104867e-02  5.00000000e+00 
 1.96204867e-02  4.90219189e+00  1.96204867e-02  5.00000000e+00 
 1.96304867e-02  4.90337744e+00  1.96304867e-02  5.00000000e+00 
 1.96404867e-02  4.90454862e+00  1.96404867e-02  5.00000000e+00 
 1.96504867e-02  4.90570561e+00  1.96504867e-02  5.00000000e+00 
 1.96604867e-02  4.90684857e+00  1.96604867e-02  5.00000000e+00 
 1.96704867e-02  4.90797768e+00  1.96704867e-02  5.00000000e+00 
 1.96804867e-02  4.90909310e+00  1.96804867e-02  5.00000000e+00 
 1.96904867e-02  4.91019500e+00  1.96904867e-02  5.00000000e+00 
 1.97004867e-02  4.91128355e+00  1.97004867e-02  5.00000000e+00 
 1.97104867e-02  4.91235890e+00  1.97104867e-02  5.00000000e+00 
 1.97204867e-02  4.91342122e+00  1.97204867e-02  5.00000000e+00 
 1.97304867e-02  4.91447066e+00  1.97304867e-02  5.00000000e+00 
 1.97404867e-02  4.91550737e+00  1.97404867e-02  5.00000000e+00 
 1.97504867e-02  4.91653153e+00  1.97504867e-02  5.00000000e+00 
 1.97604867e-02  4.91754327e+00  1.97604867e-02  5.00000000e+00 
 1.97704867e-02  4.91854274e+00  1.97704867e-02  5.00000000e+00 
 1.97804867e-02  4.91953010e+00  1.97804867e-02  5.00000000e+00 
 1.97904867e-02  4.92050550e+00  1.97904867e-02  5.00000000e+00 
 1.98004867e-02  4.92146907e+00  1.98004867e-02  5.00000000e+00 
 1.98104867e-02  4.92242096e+00  1.98104867e-02  5.00000000e+00 
 1.98204867e-02  4.92336131e+00  1.98204867e-02  5.00000000e+00 
 1.98304867e-02  4.92429026e+00  1.98304867e-02  5.00000000e+00 
 1.98404867e-02  4.92520796e+00  1.98404867e-02  5.00000000e+00 
 1.98504867e-02  4.92611453e+00  1.98504867e-02  5.00000000e+00 
 1.98604867e-02  4.92701011e+00  1.98604867e-02  5.00000000e+00 
 1.98704867e-02  4.92789483e+00  1.98704867e-02  5.00000000e+00 
 1.98804867e-02  4.92876884e+00  1.98804867e-02  5.00000000e+00 
 1.98904867e-02  4.92963224e+00  1.98904867e-02  5.00000000e+00 
 1.99004867e-02  4.93048519e+00  1.99004867e-02  5.00000000e+00 
 1.99104867e-02  4.93132779e+00  1.99104867e-02  5.00000000e+00 
 1.99204867e-02  4.93216018e+00  1.99204867e-02  5.00000000e+00 
 1.99304867e-02  4.93298248e+00  1.99304867e-02  5.00000000e+00 
 1.99404867e-02  4.93379481e+00  1.99404867e-02  5.00000000e+00 
 1.99504867e-02  4.93459730e+00  1.99504867e-02  5.00000000e+00 
 1.99604867e-02  4.93539006e+00  1.99604867e-02  5.00000000e+00 
 1.99704867e-02  4.93617321e+00  1.99704867e-02  5.00000000e+00 
 1.99804867e-02  4.93694687e+00  1.99804867e-02  5.00000000e+00 
 1.99904867e-02  4.93771115e+00  1.99904867e-02  5.00000000e+00 
 2.00004867e-02  4.93846617e+00  2.00004867e-02  5.00000000e+00 
 2.00104867e-02  4.93921203e+00  2.00104867e-02  5.00000000e+00 
 2.00204867e-02  4.93994886e+00  2.00204867e-02  5.00000000e+00 
 2.00304867e-02  4.94067675e+00  2.00304867e-02  5.00000000e+00 
 2.00404867e-02  4.94139582e+00  2.00404867e-02  5.00000000e+00 
 2.00504867e-02  4.94210617e+00  2.00504867e-02  5.00000000e+00 
 2.00604867e-02  4.94280792e+00  2.00604867e-02  5.00000000e+00 
 2.00704867e-02  4.94350115e+00  2.00704867e-02  5.00000000e+00 
 2.00804867e-02  4.94418599e+00  2.00804867e-02  5.00000000e+00 
 2.00904867e-02  4.94486252e+00  2.00904867e-02  5.00000000e+00 
 2.01004867e-02  4.94553085e+00  2.01004867e-02  5.00000000e+00 
 2.01104867e-02  4.94619109e+00  2.01104867e-02  5.00000000e+00 
 2.01204867e-02  4.94684331e+00  2.01204867e-02  5.00000000e+00 
 2.01304867e-02  4.94748764e+00  2.01304867e-02  5.00000000e+00 
 2.01404867e-02  4.94812415e+00  2.01404867e-02  5.00000000e+00 
 2.01504867e-02  4.94875295e+00  2.01504867e-02  5.00000000e+00 
 2.01604867e-02  4.94937413e+00  2.01604867e-02  5.00000000e+00 
 2.01704867e-02  4.94998777e+00  2.01704867e-02  5.00000000e+00 
 2.01804867e-02  4.95059398e+00  2.01804867e-02  5.00000000e+00 
 2.01904867e-02  4.95119284e+00  2.01904867e-02  5.00000000e+00 
 2.02004867e-02  4.95178444e+00  2.02004867e-02  5.00000000e+00 
 2.02104867e-02  4.95236888e+00  2.02104867e-02  5.00000000e+00 
 2.02204867e-02  4.95294622e+00  2.02204867e-02  5.00000000e+00 
 2.02304867e-02  4.95351657e+00  2.02304867e-02  5.00000000e+00 
 2.02404867e-02  4.95408001e+00  2.02404867e-02  5.00000000e+00 
 2.02504867e-02  4.95463661e+00  2.02504867e-02  5.00000000e+00 
 2.02604867e-02  4.95518647e+00  2.02604867e-02  5.00000000e+00 
 2.02704867e-02  4.95572967e+00  2.02704867e-02  5.00000000e+00 
 2.02804867e-02  4.95626628e+00  2.02804867e-02  5.00000000e+00 
 2.02904867e-02  4.95679638e+00  2.02904867e-02  5.00000000e+00 
 2.03004867e-02  4.95732006e+00  2.03004867e-02  5.00000000e+00 
 2.03104867e-02  4.95783740e+00  2.03104867e-02  5.00000000e+00 
 2.03204867e-02  4.95834846e+00  2.03204867e-02  5.00000000e+00 
 2.03304867e-02  4.95885332e+00  2.03304867e-02  5.00000000e+00 
 2.03404867e-02  4.95935207e+00  2.03404867e-02  5.00000000e+00 
 2.03504867e-02  4.95984477e+00  2.03504867e-02  5.00000000e+00 
 2.03604867e-02  4.96033150e+00  2.03604867e-02  5.00000000e+00 
 2.03704867e-02  4.96081233e+00  2.03704867e-02  5.00000000e+00 
 2.03804867e-02  4.96128734e+00  2.03804867e-02  5.00000000e+00 
 2.03904867e-02  4.96175658e+00  2.03904867e-02  5.00000000e+00 
 2.04004867e-02  4.96222014e+00  2.04004867e-02  5.00000000e+00 
 2.04104867e-02  4.96267808e+00  2.04104867e-02  5.00000000e+00 
 2.04204867e-02  4.96313046e+00  2.04204867e-02  5.00000000e+00 
 2.04304867e-02  4.96357737e+00  2.04304867e-02  5.00000000e+00 
 2.04404867e-02  4.96401885e+00  2.04404867e-02  5.00000000e+00 
 2.04504867e-02  4.96445499e+00  2.04504867e-02  5.00000000e+00 
 2.04604867e-02  4.96488584e+00  2.04604867e-02  5.00000000e+00 
 2.04704867e-02  4.96531146e+00  2.04704867e-02  5.00000000e+00 
 2.04804867e-02  4.96573193e+00  2.04804867e-02  5.00000000e+00 
 2.04904867e-02  4.96614730e+00  2.04904867e-02  5.00000000e+00 
 2.05000010e-02  4.96653782e+00  2.05000010e-02  4.99999999e+00 
 2.05000011e-02  4.96653776e+00  2.05000011e-02  4.49999998e+00 
 2.05000013e-02  4.96653753e+00  2.05000013e-02  3.49999999e+00 
 2.05000017e-02  4.96653633e+00  2.05000017e-02  1.50000000e+00 
 2.05000020e-02  4.96653478e+00  2.05000020e-02  0.00000000e+00 
 2.05000021e-02  4.96653430e+00  2.05000021e-02  0.00000000e+00 
 2.05000022e-02  4.96653333e+00  2.05000022e-02  0.00000000e+00 
 2.05000026e-02  4.96653139e+00  2.05000026e-02  0.00000000e+00 
 2.05000032e-02  4.96652751e+00  2.05000032e-02  0.00000000e+00 
 2.05000045e-02  4.96651976e+00  2.05000045e-02  0.00000000e+00 
 2.05000070e-02  4.96650426e+00  2.05000070e-02  0.00000000e+00 
 2.05000122e-02  4.96647325e+00  2.05000122e-02  0.00000000e+00 
 2.05000224e-02  4.96641123e+00  2.05000224e-02  0.00000000e+00 
 2.05000429e-02  4.96628719e+00  2.05000429e-02  0.00000000e+00 
 2.05000838e-02  4.96603912e+00  2.05000838e-02  0.00000000e+00 
 2.05001658e-02  4.96554303e+00  2.05001658e-02  0.00000000e+00 
 2.05003296e-02  4.96455099e+00  2.05003296e-02  0.00000000e+00 
 2.05006573e-02  4.96256750e+00  2.05006573e-02  0.00000000e+00 
 2.05013126e-02  4.95860290e+00  2.05013126e-02  0.00000000e+00 
 2.05026234e-02  4.95068321e+00  2.05026234e-02  0.00000000e+00 
 2.05052448e-02  4.93488174e+00  2.05052448e-02  0.00000000e+00 
 2.05104877e-02  4.90342985e+00  2.05104877e-02  0.00000000e+00 
 2.05204877e-02  4.84399434e+00  2.05204877e-02  0.00000000e+00 
 2.05304877e-02  4.78527926e+00  2.05304877e-02  0.00000000e+00 
 2.05404877e-02  4.72727587e+00  2.05404877e-02  0.00000000e+00 
 2.05504877e-02  4.66997556e+00  2.05504877e-02  0.00000000e+00 
 2.05604877e-02  4.61336980e+00  2.05604877e-02  0.00000000e+00 
 2.05704877e-02  4.55745016e+00  2.05704877e-02  0.00000000e+00 
 2.05804877e-02  4.50220834e+00  2.05804877e-02  0.00000000e+00 
 2.05904877e-02  4.44763612e+00  2.05904877e-02  0.00000000e+00 
 2.06004877e-02  4.39372538e+00  2.06004877e-02  0.00000000e+00 
 2.06104877e-02  4.34046810e+00  2.06104877e-02  0.00000000e+00 
 2.06204877e-02  4.28785637e+00  2.06204877e-02  0.00000000e+00 
 2.06304877e-02  4.23588235e+00  2.06304877e-02  0.00000000e+00 
 2.06404877e-02  4.18453832e+00  2.06404877e-02  0.00000000e+00 
 2.06504877e-02  4.13381664e+00  2.06504877e-02  0.00000000e+00 
 2.06604877e-02  4.08370978e+00  2.06604877e-02  0.00000000e+00 
 2.06704877e-02  4.03421026e+00  2.06704877e-02  0.00000000e+00 
 2.06804877e-02  3.98531075e+00  2.06804877e-02  0.00000000e+00 
 2.06904877e-02  3.93700395e+00  2.06904877e-02  0.00000000e+00 
 2.07004877e-02  3.88928269e+00  2.07004877e-02  0.00000000e+00 
 2.07104877e-02  3.84213987e+00  2.07104877e-02  0.00000000e+00 
 2.07204877e-02  3.79556848e+00  2.07204877e-02  0.00000000e+00 
 2.07304877e-02  3.74956159e+00  2.07304877e-02  0.00000000e+00 
 2.07404877e-02  3.70411235e+00  2.07404877e-02  0.00000000e+00 
 2.07504877e-02  3.65921402e+00  2.07504877e-02  0.00000000e+00 
 2.07604877e-02  3.61485991e+00  2.07604877e-02  0.00000000e+00 
 2.07704877e-02  3.57104343e+00  2.07704877e-02  0.00000000e+00 
 2.07804877e-02  3.52775805e+00  2.07804877e-02  0.00000000e+00 
 2.07904877e-02  3.48499735e+00  2.07904877e-02  0.00000000e+00 
 2.08004877e-02  3.44275496e+00  2.08004877e-02  0.00000000e+00 
 2.08104877e-02  3.40102460e+00  2.08104877e-02  0.00000000e+00 
 2.08204877e-02  3.35980005e+00  2.08204877e-02  0.00000000e+00 
 2.08304877e-02  3.31907521e+00  2.08304877e-02  0.00000000e+00 
 2.08404877e-02  3.27884399e+00  2.08404877e-02  0.00000000e+00 
 2.08504877e-02  3.23910043e+00  2.08504877e-02  0.00000000e+00 
 2.08604877e-02  3.19983860e+00  2.08604877e-02  0.00000000e+00 
 2.08704877e-02  3.16105268e+00  2.08704877e-02  0.00000000e+00 
 2.08804877e-02  3.12273689e+00  2.08804877e-02  0.00000000e+00 
 2.08904877e-02  3.08488554e+00  2.08904877e-02  0.00000000e+00 
 2.09004877e-02  3.04749298e+00  2.09004877e-02  0.00000000e+00 
 2.09104877e-02  3.01055367e+00  2.09104877e-02  0.00000000e+00 
 2.09204877e-02  2.97406211e+00  2.09204877e-02  0.00000000e+00 
 2.09304877e-02  2.93801288e+00  2.09304877e-02  0.00000000e+00 
 2.09404877e-02  2.90240060e+00  2.09404877e-02  0.00000000e+00 
 2.09504877e-02  2.86721999e+00  2.09504877e-02  0.00000000e+00 
 2.09604877e-02  2.83246580e+00  2.09604877e-02  0.00000000e+00 
 2.09704877e-02  2.79813289e+00  2.09704877e-02  0.00000000e+00 
 2.09804877e-02  2.76421612e+00  2.09804877e-02  0.00000000e+00 
 2.09904877e-02  2.73071047e+00  2.09904877e-02  0.00000000e+00 
 2.10004877e-02  2.69761095e+00  2.10004877e-02  0.00000000e+00 
 2.10104877e-02  2.66491264e+00  2.10104877e-02  0.00000000e+00 
 2.10204877e-02  2.63261067e+00  2.10204877e-02  0.00000000e+00 
 2.10304877e-02  2.60070023e+00  2.10304877e-02  0.00000000e+00 
 2.10404877e-02  2.56917660e+00  2.10404877e-02  0.00000000e+00 
 2.10504877e-02  2.53803506e+00  2.10504877e-02  0.00000000e+00 
 2.10604877e-02  2.50727100e+00  2.10604877e-02  0.00000000e+00 
 2.10704877e-02  2.47687984e+00  2.10704877e-02  0.00000000e+00 
 2.10804877e-02  2.44685705e+00  2.10804877e-02  0.00000000e+00 
 2.10904877e-02  2.41719818e+00  2.10904877e-02  0.00000000e+00 
 2.11004877e-02  2.38789880e+00  2.11004877e-02  0.00000000e+00 
 2.11104877e-02  2.35895458e+00  2.11104877e-02  0.00000000e+00 
 2.11204877e-02  2.33036119e+00  2.11204877e-02  0.00000000e+00 
 2.11304877e-02  2.30211439e+00  2.11304877e-02  0.00000000e+00 
 2.11404877e-02  2.27420997e+00  2.11404877e-02  0.00000000e+00 
 2.11504877e-02  2.24664379e+00  2.11504877e-02  0.00000000e+00 
 2.11604877e-02  2.21941174e+00  2.11604877e-02  0.00000000e+00 
 2.11704877e-02  2.19250978e+00  2.11704877e-02  0.00000000e+00 
 2.11804877e-02  2.16593390e+00  2.11804877e-02  0.00000000e+00 
 2.11904877e-02  2.13968016e+00  2.11904877e-02  0.00000000e+00 
 2.12004877e-02  2.11374464e+00  2.12004877e-02  0.00000000e+00 
 2.12104877e-02  2.08812350e+00  2.12104877e-02  0.00000000e+00 
 2.12204877e-02  2.06281291e+00  2.12204877e-02  0.00000000e+00 
 2.12304877e-02  2.03780912e+00  2.12304877e-02  0.00000000e+00 
 2.12404877e-02  2.01310840e+00  2.12404877e-02  0.00000000e+00 
 2.12504877e-02  1.98870709e+00  2.12504877e-02  0.00000000e+00 
 2.12604877e-02  1.96460154e+00  2.12604877e-02  0.00000000e+00 
 2.12704877e-02  1.94078819e+00  2.12704877e-02  0.00000000e+00 
 2.12804877e-02  1.91726349e+00  2.12804877e-02  0.00000000e+00 
 2.12904877e-02  1.89402393e+00  2.12904877e-02  0.00000000e+00 
 2.13004877e-02  1.87106606e+00  2.13004877e-02  0.00000000e+00 
 2.13104877e-02  1.84838648e+00  2.13104877e-02  0.00000000e+00 
 2.13204877e-02  1.82598179e+00  2.13204877e-02  0.00000000e+00 
 2.13304877e-02  1.80384868e+00  2.13304877e-02  0.00000000e+00 
 2.13404877e-02  1.78198385e+00  2.13404877e-02  0.00000000e+00 
 2.13504877e-02  1.76038404e+00  2.13504877e-02  0.00000000e+00 
 2.13604877e-02  1.73904605e+00  2.13604877e-02  0.00000000e+00 
 2.13704877e-02  1.71796671e+00  2.13704877e-02  0.00000000e+00 
 2.13804877e-02  1.69714287e+00  2.13804877e-02  0.00000000e+00 
 2.13904877e-02  1.67657144e+00  2.13904877e-02  0.00000000e+00 
 2.14004877e-02  1.65624936e+00  2.14004877e-02  0.00000000e+00 
 2.14104877e-02  1.63617361e+00  2.14104877e-02  0.00000000e+00 
 2.14204877e-02  1.61634120e+00  2.14204877e-02  0.00000000e+00 
 2.14304877e-02  1.59674919e+00  2.14304877e-02  0.00000000e+00 
 2.14404877e-02  1.57739465e+00  2.14404877e-02  0.00000000e+00 
 2.14504877e-02  1.55827472e+00  2.14504877e-02  0.00000000e+00 
 2.14604877e-02  1.53938654e+00  2.14604877e-02  0.00000000e+00 
 2.14704877e-02  1.52072731e+00  2.14704877e-02  0.00000000e+00 
 2.14804877e-02  1.50229425e+00  2.14804877e-02  0.00000000e+00 
 2.14904877e-02  1.48408462e+00  2.14904877e-02  0.00000000e+00 
 2.15004877e-02  1.46609572e+00  2.15004877e-02  0.00000000e+00 
 2.15104877e-02  1.44832486e+00  2.15104877e-02  0.00000000e+00 
 2.15204877e-02  1.43076941e+00  2.15204877e-02  0.00000000e+00 
 2.15304877e-02  1.41342675e+00  2.15304877e-02  0.00000000e+00 
 2.15404877e-02  1.39629430e+00  2.15404877e-02  0.00000000e+00 
 2.15504877e-02  1.37936952e+00  2.15504877e-02  0.00000000e+00 
 2.15604877e-02  1.36264989e+00  2.15604877e-02  0.00000000e+00 
 2.15704877e-02  1.34613293e+00  2.15704877e-02  0.00000000e+00 
 2.15804877e-02  1.32981616e+00  2.15804877e-02  0.00000000e+00 
 2.15904877e-02  1.31369718e+00  2.15904877e-02  0.00000000e+00 
 2.16004877e-02  1.29777358e+00  2.16004877e-02  0.00000000e+00 
 2.16104877e-02  1.28204299e+00  2.16104877e-02  0.00000000e+00 
 2.16204877e-02  1.26650307e+00  2.16204877e-02  0.00000000e+00 
 2.16304877e-02  1.25115152e+00  2.16304877e-02  0.00000000e+00 
 2.16404877e-02  1.23598605e+00  2.16404877e-02  0.00000000e+00 
 2.16504877e-02  1.22100440e+00  2.16504877e-02  0.00000000e+00 
 2.16604877e-02  1.20620435e+00  2.16604877e-02  0.00000000e+00 
 2.16704877e-02  1.19158369e+00  2.16704877e-02  0.00000000e+00 
 2.16804877e-02  1.17714025e+00  2.16804877e-02  0.00000000e+00 
 2.16904877e-02  1.16287188e+00  2.16904877e-02  0.00000000e+00 
 2.17004877e-02  1.14877646e+00  2.17004877e-02  0.00000000e+00 
 2.17104877e-02  1.13485190e+00  2.17104877e-02  0.00000000e+00 
 2.17204877e-02  1.12109612e+00  2.17204877e-02  0.00000000e+00 
 2.17304877e-02  1.10750708e+00  2.17304877e-02  0.00000000e+00 
 2.17404877e-02  1.09408275e+00  2.17404877e-02  0.00000000e+00 
 2.17504877e-02  1.08082114e+00  2.17504877e-02  0.00000000e+00 
 2.17604877e-02  1.06772028e+00  2.17604877e-02  0.00000000e+00 
 2.17704877e-02  1.05477821e+00  2.17704877e-02  0.00000000e+00 
 2.17804877e-02  1.04199302e+00  2.17804877e-02  0.00000000e+00 
 2.17904877e-02  1.02936280e+00  2.17904877e-02  0.00000000e+00 
 2.18004877e-02  1.01688568e+00  2.18004877e-02  0.00000000e+00 
 2.18104877e-02  1.00455979e+00  2.18104877e-02  0.00000000e+00 
 2.18204877e-02  9.92383310e-01  2.18204877e-02  0.00000000e+00 
 2.18304877e-02  9.80354422e-01  2.18304877e-02  0.00000000e+00 
 2.18404877e-02  9.68471338e-01  2.18404877e-02  0.00000000e+00 
 2.18504877e-02  9.56732291e-01  2.18504877e-02  0.00000000e+00 
 2.18604877e-02  9.45135536e-01  2.18604877e-02  0.00000000e+00 
 2.18704877e-02  9.33679348e-01  2.18704877e-02  0.00000000e+00 
 2.18804877e-02  9.22362023e-01  2.18804877e-02  0.00000000e+00 
 2.18904877e-02  9.11181877e-01  2.18904877e-02  0.00000000e+00 
 2.19004877e-02  9.00137248e-01  2.19004877e-02  0.00000000e+00 
 2.19104877e-02  8.89226494e-01  2.19104877e-02  0.00000000e+00 
 2.19204877e-02  8.78447991e-01  2.19204877e-02  0.00000000e+00 
 2.19304877e-02  8.67800136e-01  2.19304877e-02  0.00000000e+00 
 2.19404877e-02  8.57281347e-01  2.19404877e-02  0.00000000e+00 
 2.19504877e-02  8.46890058e-01  2.19504877e-02  0.00000000e+00 
 2.19604877e-02  8.36624724e-01  2.19604877e-02  0.00000000e+00 
 2.19704877e-02  8.26483818e-01  2.19704877e-02  0.00000000e+00 
 2.19804877e-02  8.16465832e-01  2.19804877e-02  0.00000000e+00 
 2.19904877e-02  8.06569277e-01  2.19904877e-02  0.00000000e+00 
 2.20004877e-02  7.96792679e-01  2.20004877e-02  0.00000000e+00 
 2.20104877e-02  7.87134586e-01  2.20104877e-02  0.00000000e+00 
 2.20204877e-02  7.77593561e-01  2.20204877e-02  0.00000000e+00 
 2.20304877e-02  7.68168184e-01  2.20304877e-02  0.00000000e+00 
 2.20404877e-02  7.58857055e-01  2.20404877e-02  0.00000000e+00 
 2.20504877e-02  7.49658788e-01  2.20504877e-02  0.00000000e+00 
 2.20604877e-02  7.40572014e-01  2.20604877e-02  0.00000000e+00 
 2.20704877e-02  7.31595384e-01  2.20704877e-02  0.00000000e+00 
 2.20804877e-02  7.22727561e-01  2.20804877e-02  0.00000000e+00 
 2.20904877e-02  7.13967227e-01  2.20904877e-02  0.00000000e+00 
 2.21004877e-02  7.05313079e-01  2.21004877e-02  0.00000000e+00 
 2.21104877e-02  6.96763829e-01  2.21104877e-02  0.00000000e+00 
 2.21204877e-02  6.88318207e-01  2.21204877e-02  0.00000000e+00 
 2.21304877e-02  6.79974956e-01  2.21304877e-02  0.00000000e+00 
 2.21404877e-02  6.71732836e-01  2.21404877e-02  0.00000000e+00 
 2.21504877e-02  6.63590619e-01  2.21504877e-02  0.00000000e+00 
 2.21604877e-02  6.55547097e-01  2.21604877e-02  0.00000000e+00 
 2.21704877e-02  6.47601071e-01  2.21704877e-02  0.00000000e+00 
 2.21804877e-02  6.39751361e-01  2.21804877e-02  0.00000000e+00 
 2.21904877e-02  6.31996799e-01  2.21904877e-02  0.00000000e+00 
 2.22004877e-02  6.24336232e-01  2.22004877e-02  0.00000000e+00 
 2.22104877e-02  6.16768520e-01  2.22104877e-02  0.00000000e+00 
 2.22204877e-02  6.09292538e-01  2.22204877e-02  0.00000000e+00 
 2.22304877e-02  6.01907174e-01  2.22304877e-02  0.00000000e+00 
 2.22404877e-02  5.94611329e-01  2.22404877e-02  0.00000000e+00 
 2.22504877e-02  5.87403919e-01  2.22504877e-02  0.00000000e+00 
 2.22604877e-02  5.80283872e-01  2.22604877e-02  0.00000000e+00 
 2.22704877e-02  5.73250128e-01  2.22704877e-02  0.00000000e+00 
 2.22804877e-02  5.66301642e-01  2.22804877e-02  0.00000000e+00 
 2.22904877e-02  5.59437379e-01  2.22904877e-02  0.00000000e+00 
 2.23004877e-02  5.52656320e-01  2.23004877e-02  0.00000000e+00 
 2.23104877e-02  5.45957456e-01  2.23104877e-02  0.00000000e+00 
 2.23204877e-02  5.39339790e-01  2.23204877e-02  0.00000000e+00 
 2.23304877e-02  5.32802338e-01  2.23304877e-02  0.00000000e+00 
 2.23404877e-02  5.26344127e-01  2.23404877e-02  0.00000000e+00 
 2.23504877e-02  5.19964199e-01  2.23504877e-02  0.00000000e+00 
 2.23604877e-02  5.13661602e-01  2.23604877e-02  0.00000000e+00 
 2.23704877e-02  5.07435401e-01  2.23704877e-02  0.00000000e+00 
 2.23804877e-02  5.01284669e-01  2.23804877e-02  0.00000000e+00 
 2.23904877e-02  4.95208491e-01  2.23904877e-02  0.00000000e+00 
 2.24004877e-02  4.89205964e-01  2.24004877e-02  0.00000000e+00 
 2.24104877e-02  4.83276195e-01  2.24104877e-02  0.00000000e+00 
 2.24204877e-02  4.77418301e-01  2.24204877e-02  0.00000000e+00 
 2.24304877e-02  4.71631413e-01  2.24304877e-02  0.00000000e+00 
 2.24404877e-02  4.65914668e-01  2.24404877e-02  0.00000000e+00 
 2.24504877e-02  4.60267218e-01  2.24504877e-02  0.00000000e+00 
 2.24604877e-02  4.54688221e-01  2.24604877e-02  0.00000000e+00 
 2.24704877e-02  4.49176849e-01  2.24704877e-02  0.00000000e+00 
 2.24804877e-02  4.43732281e-01  2.24804877e-02  0.00000000e+00 
 2.24904877e-02  4.38353708e-01  2.24904877e-02  0.00000000e+00 
 2.25004877e-02  4.33040330e-01  2.25004877e-02  0.00000000e+00 
 2.25104877e-02  4.27791356e-01  2.25104877e-02  0.00000000e+00 
 2.25204877e-02  4.22606006e-01  2.25204877e-02  0.00000000e+00 
 2.25304877e-02  4.17483509e-01  2.25304877e-02  0.00000000e+00 
 2.25404877e-02  4.12423103e-01  2.25404877e-02  0.00000000e+00 
 2.25504877e-02  4.07424035e-01  2.25504877e-02  0.00000000e+00 
 2.25604877e-02  4.02485562e-01  2.25604877e-02  0.00000000e+00 
 2.25704877e-02  3.97606949e-01  2.25704877e-02  0.00000000e+00 
 2.25804877e-02  3.92787471e-01  2.25804877e-02  0.00000000e+00 
 2.25904877e-02  3.88026411e-01  2.25904877e-02  0.00000000e+00 
 2.26004877e-02  3.83323060e-01  2.26004877e-02  0.00000000e+00 
 2.26104877e-02  3.78676720e-01  2.26104877e-02  0.00000000e+00 
 2.26204877e-02  3.74086699e-01  2.26204877e-02  0.00000000e+00 
 2.26304877e-02  3.69552315e-01  2.26304877e-02  0.00000000e+00 
 2.26404877e-02  3.65072893e-01  2.26404877e-02  0.00000000e+00 
 2.26504877e-02  3.60647767e-01  2.26504877e-02  0.00000000e+00 
 2.26604877e-02  3.56276279e-01  2.26604877e-02  0.00000000e+00 
 2.26704877e-02  3.51957779e-01  2.26704877e-02  0.00000000e+00 
 2.26804877e-02  3.47691624e-01  2.26804877e-02  0.00000000e+00 
 2.26904877e-02  3.43477180e-01  2.26904877e-02  0.00000000e+00 
 2.27004877e-02  3.39313820e-01  2.27004877e-02  0.00000000e+00 
 2.27104877e-02  3.35200925e-01  2.27104877e-02  0.00000000e+00 
 2.27204877e-02  3.31137884e-01  2.27204877e-02  0.00000000e+00 
 2.27304877e-02  3.27124091e-01  2.27304877e-02  0.00000000e+00 
 2.27404877e-02  3.23158951e-01  2.27404877e-02  0.00000000e+00 
 2.27504877e-02  3.19241873e-01  2.27504877e-02  0.00000000e+00 
 2.27604877e-02  3.15372274e-01  2.27604877e-02  0.00000000e+00 
 2.27704877e-02  3.11549580e-01  2.27704877e-02  0.00000000e+00 
 2.27804877e-02  3.07773221e-01  2.27804877e-02  0.00000000e+00 
 2.27904877e-02  3.04042637e-01  2.27904877e-02  0.00000000e+00 
 2.28004877e-02  3.00357271e-01  2.28004877e-02  0.00000000e+00 
 2.28104877e-02  2.96716577e-01  2.28104877e-02  0.00000000e+00 
 2.28204877e-02  2.93120013e-01  2.28204877e-02  0.00000000e+00 
 2.28304877e-02  2.89567043e-01  2.28304877e-02  0.00000000e+00 
 2.28404877e-02  2.86057139e-01  2.28404877e-02  0.00000000e+00 
 2.28504877e-02  2.82589780e-01  2.28504877e-02  0.00000000e+00 
 2.28604877e-02  2.79164449e-01  2.28604877e-02  0.00000000e+00 
 2.28704877e-02  2.75780638e-01  2.28704877e-02  0.00000000e+00 
 2.28804877e-02  2.72437842e-01  2.28804877e-02  0.00000000e+00 
 2.28904877e-02  2.69135565e-01  2.28904877e-02  0.00000000e+00 
 2.29004877e-02  2.65873316e-01  2.29004877e-02  0.00000000e+00 
 2.29104877e-02  2.62650609e-01  2.29104877e-02  0.00000000e+00 
 2.29204877e-02  2.59466966e-01  2.29204877e-02  0.00000000e+00 
 2.29304877e-02  2.56321911e-01  2.29304877e-02  0.00000000e+00 
 2.29404877e-02  2.53214979e-01  2.29404877e-02  0.00000000e+00 
 2.29504877e-02  2.50145707e-01  2.29504877e-02  0.00000000e+00 
 2.29604877e-02  2.47113637e-01  2.29604877e-02  0.00000000e+00 
 2.29704877e-02  2.44118321e-01  2.29704877e-02  0.00000000e+00 
 2.29804877e-02  2.41159311e-01  2.29804877e-02  0.00000000e+00 
 2.29904877e-02  2.38236168e-01  2.29904877e-02  0.00000000e+00 
 2.30004877e-02  2.35348456e-01  2.30004877e-02  0.00000000e+00 
 2.30104877e-02  2.32495748e-01  2.30104877e-02  0.00000000e+00 
 2.30204877e-02  2.29677618e-01  2.30204877e-02  0.00000000e+00 
 2.30304877e-02  2.26893646e-01  2.30304877e-02  0.00000000e+00 
 2.30404877e-02  2.24143420e-01  2.30404877e-02  0.00000000e+00 
 2.30504877e-02  2.21426531e-01  2.30504877e-02  0.00000000e+00 
 2.30604877e-02  2.18742573e-01  2.30604877e-02  0.00000000e+00 
 2.30704877e-02  2.16091147e-01  2.30704877e-02  0.00000000e+00 
 2.30804877e-02  2.13471861e-01  2.30804877e-02  0.00000000e+00 
 2.30904877e-02  2.10884323e-01  2.30904877e-02  0.00000000e+00 
 2.31004877e-02  2.08328149e-01  2.31004877e-02  0.00000000e+00 
 2.31104877e-02  2.05802960e-01  2.31104877e-02  0.00000000e+00 
 2.31204877e-02  2.03308378e-01  2.31204877e-02  0.00000000e+00 
 2.31304877e-02  2.00844034e-01  2.31304877e-02  0.00000000e+00 
 2.31404877e-02  1.98409561e-01  2.31404877e-02  0.00000000e+00 
 2.31504877e-02  1.96004597e-01  2.31504877e-02  0.00000000e+00 
 2.31604877e-02  1.93628784e-01  2.31604877e-02  0.00000000e+00 
 2.31704877e-02  1.91281768e-01  2.31704877e-02  0.00000000e+00 
 2.31804877e-02  1.88963201e-01  2.31804877e-02  0.00000000e+00 
 2.31904877e-02  1.86672738e-01  2.31904877e-02  0.00000000e+00 
 2.32004877e-02  1.84410038e-01  2.32004877e-02  0.00000000e+00 
 2.32104877e-02  1.82174765e-01  2.32104877e-02  0.00000000e+00 
 2.32204877e-02  1.79966586e-01  2.32204877e-02  0.00000000e+00 
 2.32304877e-02  1.77785173e-01  2.32304877e-02  0.00000000e+00 
 2.32404877e-02  1.75630201e-01  2.32404877e-02  0.00000000e+00 
 2.32504877e-02  1.73501350e-01  2.32504877e-02  0.00000000e+00 
 2.32604877e-02  1.71398304e-01  2.32604877e-02  0.00000000e+00 
 2.32704877e-02  1.69320748e-01  2.32704877e-02  0.00000000e+00 
 2.32804877e-02  1.67268376e-01  2.32804877e-02  0.00000000e+00 
 2.32904877e-02  1.65240880e-01  2.32904877e-02  0.00000000e+00 
 2.33004877e-02  1.63237960e-01  2.33004877e-02  0.00000000e+00 
 2.33104877e-02  1.61259319e-01  2.33104877e-02  0.00000000e+00 
 2.33204877e-02  1.59304660e-01  2.33204877e-02  0.00000000e+00 
 2.33304877e-02  1.57373695e-01  2.33304877e-02  0.00000000e+00 
 2.33404877e-02  1.55466135e-01  2.33404877e-02  0.00000000e+00 
 2.33504877e-02  1.53581697e-01  2.33504877e-02  0.00000000e+00 
 2.33604877e-02  1.51720100e-01  2.33604877e-02  0.00000000e+00 
 2.33704877e-02  1.49881069e-01  2.33704877e-02  0.00000000e+00 
 2.33804877e-02  1.48064329e-01  2.33804877e-02  0.00000000e+00 
 2.33904877e-02  1.46269609e-01  2.33904877e-02  0.00000000e+00 
 2.34004877e-02  1.44496644e-01  2.34004877e-02  0.00000000e+00 
 2.34104877e-02  1.42745170e-01  2.34104877e-02  0.00000000e+00 
 2.34204877e-02  1.41014925e-01  2.34204877e-02  0.00000000e+00 
 2.34304877e-02  1.39305654e-01  2.34304877e-02  0.00000000e+00 
 2.34404877e-02  1.37617100e-01  2.34404877e-02  0.00000000e+00 
 2.34504877e-02  1.35949014e-01  2.34504877e-02  0.00000000e+00 
 2.34604877e-02  1.34301147e-01  2.34604877e-02  0.00000000e+00 
 2.34704877e-02  1.32673255e-01  2.34704877e-02  0.00000000e+00 
 2.34804877e-02  1.31065094e-01  2.34804877e-02  0.00000000e+00 
 2.34904877e-02  1.29476426e-01  2.34904877e-02  0.00000000e+00 
 2.35004877e-02  1.27907015e-01  2.35004877e-02  0.00000000e+00 
 2.35104877e-02  1.26356627e-01  2.35104877e-02  0.00000000e+00 
 2.35204877e-02  1.24825031e-01  2.35204877e-02  0.00000000e+00 
 2.35304877e-02  1.23312001e-01  2.35304877e-02  0.00000000e+00 
 2.35404877e-02  1.21817310e-01  2.35404877e-02  0.00000000e+00 
 2.35504877e-02  1.20340736e-01  2.35504877e-02  0.00000000e+00 
 2.35604877e-02  1.18882061e-01  2.35604877e-02  0.00000000e+00 
 2.35704877e-02  1.17441066e-01  2.35704877e-02  0.00000000e+00 
 2.35804877e-02  1.16017538e-01  2.35804877e-02  0.00000000e+00 
 2.35904877e-02  1.14611265e-01  2.35904877e-02  0.00000000e+00 
 2.36004877e-02  1.13222037e-01  2.36004877e-02  0.00000000e+00 
 2.36104877e-02  1.11849649e-01  2.36104877e-02  0.00000000e+00 
 2.36204877e-02  1.10493896e-01  2.36204877e-02  0.00000000e+00 
 2.36304877e-02  1.09154576e-01  2.36304877e-02  0.00000000e+00 
 2.36404877e-02  1.07831490e-01  2.36404877e-02  0.00000000e+00 
 2.36504877e-02  1.06524442e-01  2.36504877e-02  0.00000000e+00 
 2.36604877e-02  1.05233236e-01  2.36604877e-02  0.00000000e+00 
 2.36704877e-02  1.03957682e-01  2.36704877e-02  0.00000000e+00 
 2.36804877e-02  1.02697589e-01  2.36804877e-02  0.00000000e+00 
 2.36904877e-02  1.01452770e-01  2.36904877e-02  0.00000000e+00 
 2.37004877e-02  1.00223039e-01  2.37004877e-02  0.00000000e+00 
 2.37104877e-02  9.90082143e-02  2.37104877e-02  0.00000000e+00 
 2.37204877e-02  9.78081147e-02  2.37204877e-02  0.00000000e+00 
 2.37304877e-02  9.66225618e-02  2.37304877e-02  0.00000000e+00 
 2.37404877e-02  9.54513793e-02  2.37404877e-02  0.00000000e+00 
 2.37504877e-02  9.42943929e-02  2.37504877e-02  0.00000000e+00 
 2.37604877e-02  9.31514305e-02  2.37604877e-02  0.00000000e+00 
 2.37704877e-02  9.20223223e-02  2.37704877e-02  0.00000000e+00 
 2.37804877e-02  9.09069002e-02  2.37804877e-02  0.00000000e+00 
 2.37904877e-02  8.98049984e-02  2.37904877e-02  0.00000000e+00 
 2.38004877e-02  8.87164529e-02  2.38004877e-02  0.00000000e+00 
 2.38104877e-02  8.76411020e-02  2.38104877e-02  0.00000000e+00 
 2.38204877e-02  8.65787856e-02  2.38204877e-02  0.00000000e+00 
 2.38304877e-02  8.55293458e-02  2.38304877e-02  0.00000000e+00 
 2.38404877e-02  8.44926264e-02  2.38404877e-02  0.00000000e+00 
 2.38504877e-02  8.34684734e-02  2.38504877e-02  0.00000000e+00 
 2.38604877e-02  8.24567343e-02  2.38604877e-02  0.00000000e+00 
 2.38704877e-02  8.14572587e-02  2.38704877e-02  0.00000000e+00 
 2.38804877e-02  8.04698980e-02  2.38804877e-02  0.00000000e+00 
 2.38904877e-02  7.94945053e-02  2.38904877e-02  0.00000000e+00 
 2.39004877e-02  7.85309356e-02  2.39004877e-02  0.00000000e+00 
 2.39104877e-02  7.75790454e-02  2.39104877e-02  0.00000000e+00 
 2.39204877e-02  7.66386934e-02  2.39204877e-02  0.00000000e+00 
 2.39304877e-02  7.57097395e-02  2.39304877e-02  0.00000000e+00 
 2.39404877e-02  7.47920457e-02  2.39404877e-02  0.00000000e+00 
 2.39504877e-02  7.38854754e-02  2.39504877e-02  0.00000000e+00 
 2.39604877e-02  7.29898939e-02  2.39604877e-02  0.00000000e+00 
 2.39704877e-02  7.21051679e-02  2.39704877e-02  0.00000000e+00 
 2.39804877e-02  7.12311659e-02  2.39804877e-02  0.00000000e+00 
 2.39904877e-02  7.03677578e-02  2.39904877e-02  0.00000000e+00 
 2.40004877e-02  6.95148153e-02  2.40004877e-02  0.00000000e+00 
 2.40104877e-02  6.86722115e-02  2.40104877e-02  0.00000000e+00 
 2.40204877e-02  6.78398210e-02  2.40204877e-02  0.00000000e+00 
 2.40304877e-02  6.70175202e-02  2.40304877e-02  0.00000000e+00 
 2.40404877e-02  6.62051866e-02  2.40404877e-02  0.00000000e+00 
 2.40504877e-02  6.54026995e-02  2.40504877e-02  0.00000000e+00 
 2.40604877e-02  6.46099395e-02  2.40604877e-02  0.00000000e+00 
 2.40704877e-02  6.38267887e-02  2.40704877e-02  0.00000000e+00 
 2.40804877e-02  6.30531307e-02  2.40804877e-02  0.00000000e+00 
 2.40904877e-02  6.22888503e-02  2.40904877e-02  0.00000000e+00 
 2.41004877e-02  6.15338339e-02  2.41004877e-02  0.00000000e+00 
 2.41104877e-02  6.07879693e-02  2.41104877e-02  0.00000000e+00 
 2.41204877e-02  6.00511454e-02  2.41204877e-02  0.00000000e+00 
 2.41304877e-02  5.93232527e-02  2.41304877e-02  0.00000000e+00 
 2.41404877e-02  5.86041830e-02  2.41404877e-02  0.00000000e+00 
 2.41504877e-02  5.78938293e-02  2.41504877e-02  0.00000000e+00 
 2.41604877e-02  5.71920859e-02  2.41604877e-02  0.00000000e+00 
 2.41704877e-02  5.64988485e-02  2.41704877e-02  0.00000000e+00 
 2.41804877e-02  5.58140140e-02  2.41804877e-02  0.00000000e+00 
 2.41904877e-02  5.51374805e-02  2.41904877e-02  0.00000000e+00 
 2.42004877e-02  5.44691474e-02  2.42004877e-02  0.00000000e+00 
 2.42104877e-02  5.38089153e-02  2.42104877e-02  0.00000000e+00 
 2.42204877e-02  5.31566860e-02  2.42204877e-02  0.00000000e+00 
 2.42304877e-02  5.25123625e-02  2.42304877e-02  0.00000000e+00 
 2.42404877e-02  5.18758490e-02  2.42404877e-02  0.00000000e+00 
 2.42504877e-02  5.12470509e-02  2.42504877e-02  0.00000000e+00 
 2.42604877e-02  5.06258745e-02  2.42604877e-02  0.00000000e+00 
 2.42704877e-02  5.00122275e-02  2.42704877e-02  0.00000000e+00 
 2.42804877e-02  4.94060187e-02  2.42804877e-02  0.00000000e+00 
 2.42904877e-02  4.88071579e-02  2.42904877e-02  0.00000000e+00 
 2.43004877e-02  4.82155560e-02  2.43004877e-02  0.00000000e+00 
 2.43104877e-02  4.76311250e-02  2.43104877e-02  0.00000000e+00 
 2.43204877e-02  4.70537780e-02  2.43204877e-02  0.00000000e+00 
 2.43304877e-02  4.64834292e-02  2.43304877e-02  0.00000000e+00 
 2.43404877e-02  4.59199937e-02  2.43404877e-02  0.00000000e+00 
 2.43504877e-02  4.53633877e-02  2.43504877e-02  0.00000000e+00 
 2.43604877e-02  4.48135285e-02  2.43604877e-02  0.00000000e+00 
 2.43704877e-02  4.42703342e-02  2.43704877e-02  0.00000000e+00 
 2.43804877e-02  4.37337241e-02  2.43804877e-02  0.00000000e+00 
 2.43904877e-02  4.32036183e-02  2.43904877e-02  0.00000000e+00 
 2.44004877e-02  4.26799381e-02  2.44004877e-02  0.00000000e+00 
 2.44104877e-02  4.21626055e-02  2.44104877e-02  0.00000000e+00 
 2.44204877e-02  4.16515436e-02  2.44204877e-02  0.00000000e+00 
 2.44304877e-02  4.11466764e-02  2.44304877e-02  0.00000000e+00 
 2.44404877e-02  4.06479288e-02  2.44404877e-02  0.00000000e+00 
 2.44504877e-02  4.01552267e-02  2.44504877e-02  0.00000000e+00 
 2.44604877e-02  3.96684967e-02  2.44604877e-02  0.00000000e+00 
 2.44704877e-02  3.91876664e-02  2.44704877e-02  0.00000000e+00 
 2.44804877e-02  3.87126644e-02  2.44804877e-02  0.00000000e+00 
 2.44904877e-02  3.82434200e-02  2.44904877e-02  0.00000000e+00 
 2.45004877e-02  3.77798634e-02  2.45004877e-02  0.00000000e+00 
 2.45104877e-02  3.73219256e-02  2.45104877e-02  0.00000000e+00 
 2.45204877e-02  3.68695386e-02  2.45204877e-02  0.00000000e+00 
 2.45304877e-02  3.64226351e-02  2.45304877e-02  0.00000000e+00 
 2.45404877e-02  3.59811487e-02  2.45404877e-02  0.00000000e+00 
 2.45504877e-02  3.55450135e-02  2.45504877e-02  0.00000000e+00 
 2.45604877e-02  3.51141649e-02  2.45604877e-02  0.00000000e+00 
 2.45704877e-02  3.46885386e-02  2.45704877e-02  0.00000000e+00 
 2.45804877e-02  3.42680715e-02  2.45804877e-02  0.00000000e+00 
 2.45904877e-02  3.38527009e-02  2.45904877e-02  0.00000000e+00 
 2.46000000e-02  3.34622610e-02  2.46000000e-02  0.00000000e+00 
 2.46000001e-02  3.34623179e-02  2.46000001e-02  5.00000007e-01 
 2.46000003e-02  3.34625537e-02  2.46000003e-02  1.50000000e+00 
 2.46000007e-02  3.34637568e-02  2.46000007e-02  3.49999999e+00 
 2.46000010e-02  3.34652995e-02  2.46000010e-02  5.00000000e+00 
 2.46000011e-02  3.34657840e-02  2.46000011e-02  5.00000000e+00 
 2.46000012e-02  3.34667531e-02  2.46000012e-02  5.00000000e+00 
 2.46000016e-02  3.34686913e-02  2.46000016e-02  5.00000000e+00 
 2.46000022e-02  3.34725676e-02  2.46000022e-02  5.00000000e+00 
 2.46000035e-02  3.34803202e-02  2.46000035e-02  5.00000000e+00 
 2.46000060e-02  3.34958254e-02  2.46000060e-02  5.00000000e+00 
 2.46000112e-02  3.35268357e-02  2.46000112e-02  5.00000000e+00 
 2.46000214e-02  3.35888556e-02  2.46000214e-02  5.00000000e+00 
 2.46000419e-02  3.37128932e-02  2.46000419e-02  5.00000000e+00 
 2.46000828e-02  3.39609591e-02  2.46000828e-02  5.00000000e+00 
 2.46001648e-02  3.44570538e-02  2.46001648e-02  5.00000000e+00 
 2.46003286e-02  3.54490944e-02  2.46003286e-02  5.00000000e+00 
 2.46006563e-02  3.74325810e-02  2.46006563e-02  5.00000000e+00 
 2.46013116e-02  4.13971774e-02  2.46013116e-02  5.00000000e+00 
 2.46026224e-02  4.93168721e-02  2.46026224e-02  5.00000000e+00 
 2.46052438e-02  6.51183446e-02  2.46052438e-02  5.00000000e+00 
 2.46104867e-02  9.65702265e-02  2.46104867e-02  5.00000000e+00 
 2.46204867e-02  1.56005739e-01  2.46204867e-02  5.00000000e+00 
 2.46304867e-02  2.14720821e-01  2.46304867e-02  5.00000000e+00 
 2.46404867e-02  2.72724205e-01  2.46404867e-02  5.00000000e+00 
 2.46504867e-02  3.30024517e-01  2.46504867e-02  5.00000000e+00 
 2.46604867e-02  3.86630281e-01  2.46604867e-02  5.00000000e+00 
 2.46704867e-02  4.42549914e-01  2.46704867e-02  5.00000000e+00 
 2.46804867e-02  4.97791733e-01  2.46804867e-02  5.00000000e+00 
 2.46904867e-02  5.52363955e-01  2.46904867e-02  5.00000000e+00 
 2.47004867e-02  6.06274694e-01  2.47004867e-02  5.00000000e+00 
 2.47104867e-02  6.59531971e-01  2.47104867e-02  5.00000000e+00 
 2.47204867e-02  7.12143705e-01  2.47204867e-02  5.00000000e+00 
 2.47304867e-02  7.64117720e-01  2.47304867e-02  5.00000000e+00 
 2.47404867e-02  8.15461748e-01  2.47404867e-02  5.00000000e+00 
 2.47504867e-02  8.66183424e-01  2.47504867e-02  5.00000000e+00 
 2.47604867e-02  9.16290291e-01  2.47604867e-02  5.00000000e+00 
 2.47704867e-02  9.65789803e-01  2.47704867e-02  5.00000000e+00 
 2.47804867e-02  1.01468932e+00  2.47804867e-02  5.00000000e+00 
 2.47904867e-02  1.06299612e+00  2.47904867e-02  5.00000000e+00 
 2.48004867e-02  1.11071738e+00  2.48004867e-02  5.00000000e+00 
 2.48104867e-02  1.15786020e+00  2.48104867e-02  5.00000000e+00 
 2.48204867e-02  1.20443159e+00  2.48204867e-02  5.00000000e+00 
 2.48304867e-02  1.25043848e+00  2.48304867e-02  5.00000000e+00 
 2.48404867e-02  1.29588771e+00  2.48404867e-02  5.00000000e+00 
 2.48504867e-02  1.34078604e+00  2.48504867e-02  5.00000000e+00 
 2.48604867e-02  1.38514015e+00  2.48604867e-02  5.00000000e+00 
 2.48704867e-02  1.42895663e+00  2.48704867e-02  5.00000000e+00 
 2.48804867e-02  1.47224200e+00  2.48804867e-02  5.00000000e+00 
 2.48904867e-02  1.51500271e+00  2.48904867e-02  5.00000000e+00 
 2.49004867e-02  1.55724510e+00  2.49004867e-02  5.00000000e+00 
 2.49104867e-02  1.59897546e+00  2.49104867e-02  5.00000000e+00 
 2.49204867e-02  1.64020000e+00  2.49204867e-02  5.00000000e+00 
 2.49304867e-02  1.68092485e+00  2.49304867e-02  5.00000000e+00 
 2.49404867e-02  1.72115606e+00  2.49404867e-02  5.00000000e+00 
 2.49504867e-02  1.76089963e+00  2.49504867e-02  5.00000000e+00 
 2.49604867e-02  1.80016145e+00  2.49604867e-02  5.00000000e+00 
 2.49704867e-02  1.83894737e+00  2.49704867e-02  5.00000000e+00 
 2.49804867e-02  1.87726316e+00  2.49804867e-02  5.00000000e+00 
 2.49904867e-02  1.91511452e+00  2.49904867e-02  5.00000000e+00 
 2.50000000e-02  1.95069774e+00  2.50000000e-02  5.00000000e+00 
