 0.00000000e+00  0.00000000e+00  0.00000000e+00  0.00000000e+00 
 1.00000000e-11  6.09756090e-10  1.00000000e-11  5.00000000e-02 
 1.45920001e-11  1.01833210e-09  1.45920001e-11  7.29600006e-02 
 2.37760003e-11  2.09263612e-09  2.37760003e-11  1.18880002e-01 
 4.21440008e-11  5.78415618e-09  4.21440008e-11  2.10720004e-01 
 7.88800017e-11  1.93388442e-08  7.88800017e-11  3.94400008e-01 
 1.52352003e-10  7.11348106e-08  1.52352003e-10  7.61760017e-01 
 2.99296007e-10  2.73473093e-07  2.99296007e-10  1.49648004e+00 
 5.93184014e-10  1.07313497e-06  5.93184014e-10  2.96592007e+00 
 1.00000000e-09  3.04914835e-06  1.00000000e-09  5.00000000e+00 
 1.05877760e-09  3.40754812e-06  1.05877760e-09  5.00000000e+00 
 1.17633280e-09  4.12434760e-06  1.17633280e-09  5.00000000e+00 
 1.41144321e-09  5.55794624e-06  1.41144321e-09  5.00000000e+00 
 1.88166402e-09  8.42514230e-06  1.88166402e-09  5.00000000e+00 
 2.82210564e-09  1.41595295e-05  2.82210564e-09  5.00000000e+00 
 4.70298889e-09  2.56282841e-05  4.70298889e-09  5.00000000e+00 
 8.46475538e-09  4.85657145e-05  8.46475538e-09  5.00000000e+00 
 1.59882884e-08  9.44402596e-05  1.59882884e-08  5.00000000e+00 
 3.10353543e-08  1.86188087e-04  3.10353543e-08  5.00000000e+00 
 6.11294863e-08  3.69678691e-04  6.11294863e-08  5.00000000e+00 
 1.21317750e-07  7.36639698e-04  1.21317750e-07  5.00000000e+00 
 2.41694278e-07  1.47048091e-03  2.41694278e-07  5.00000000e+00 
 4.82447333e-07  2.93784020e-03  4.82447333e-07  5.00000000e+00 
 9.63953444e-07  5.87126671e-03  9.63953444e-07  5.00000000e+00 
 1.92696567e-06  1.17329552e-02  1.92696567e-06  5.00000000e+00 
 3.85299011e-06  2.34357044e-02  3.85299011e-06  5.00000000e+00 
 7.70503900e-06  4.67589335e-02  7.70503900e-06  5.00000000e+00 
 1.27050390e-05  7.68698215e-02  1.27050390e-05  5.00000000e+00 
 1.77050390e-05  1.06797664e-01  1.77050390e-05  5.00000000e+00 
 2.27050390e-05  1.36543575e-01  2.27050390e-05  5.00000000e+00 
 2.77050390e-05  1.66108660e-01  2.77050390e-05  5.00000000e+00 
 3.27050390e-05  1.95494018e-01  3.27050390e-05  5.00000000e+00 
 3.77050390e-05  2.24700741e-01  3.77050390e-05  5.00000000e+00 
 4.27050390e-05  2.53729916e-01  4.27050390e-05  5.00000000e+00 
 4.77050390e-05  2.82582621e-01  4.77050390e-05  5.00000000e+00 
 5.27050390e-05  3.11259931e-01  5.27050390e-05  5.00000000e+00 
 5.77050390e-05  3.39762910e-01  5.77050390e-05  5.00000000e+00 
 6.27050390e-05  3.68092619e-01  6.27050390e-05  5.00000000e+00 
 6.77050390e-05  3.96250110e-01  6.77050390e-05  5.00000000e+00 
 7.27050390e-05  4.24236432e-01  7.27050390e-05  5.00000000e+00 
 7.77050390e-05  4.52052624e-01  7.77050390e-05  5.00000000e+00 
 8.27050390e-05  4.79699720e-01  8.27050390e-05  5.00000000e+00 
 8.77050390e-05  5.07178749e-01  8.77050390e-05  5.00000000e+00 
 9.27050390e-05  5.34490733e-01  9.27050390e-05  5.00000000e+00 
 9.77050390e-05  5.61636686e-01  9.77050390e-05  5.00000000e+00 
 1.02705039e-04  5.88617618e-01  1.02705039e-04  5.00000000e+00 
 1.07705039e-04  6.15434532e-01  1.07705039e-04  5.00000000e+00 
 1.12705039e-04  6.42088425e-01  1.12705039e-04  5.00000000e+00 
 1.17705039e-04  6.68580289e-01  1.17705039e-04  5.00000000e+00 
 1.22705039e-04  6.94911108e-01  1.22705039e-04  5.00000000e+00 
 1.27705039e-04  7.21081861e-01  1.27705039e-04  5.00000000e+00 
 1.32705039e-04  7.47093521e-01  1.32705039e-04  5.00000000e+00 
 1.37705039e-04  7.72947056e-01  1.37705039e-04  5.00000000e+00 
 1.42705039e-04  7.98643427e-01  1.42705039e-04  5.00000000e+00 
 1.47705039e-04  8.24183588e-01  1.47705039e-04  5.00000000e+00 
 1.52705039e-04  8.49568490e-01  1.52705039e-04  5.00000000e+00 
 1.57705039e-04  8.74799077e-01  1.57705039e-04  5.00000000e+00 
 1.62705039e-04  8.99876286e-01  1.62705039e-04  5.00000000e+00 
 1.67705039e-04  9.24801051e-01  1.67705039e-04  5.00000000e+00 
 1.72705039e-04  9.49574296e-01  1.72705039e-04  5.00000000e+00 
 1.77705039e-04  9.74196945e-01  1.77705039e-04  5.00000000e+00 
 1.82705039e-04  9.98669912e-01  1.82705039e-04  5.00000000e+00 
 1.87705039e-04  1.02299411e+00  1.87705039e-04  5.00000000e+00 
 1.92705039e-04  1.04717043e+00  1.92705039e-04  5.00000000e+00 
 1.97705039e-04  1.07119979e+00  1.97705039e-04  5.00000000e+00 
 2.02705039e-04  1.09508308e+00  2.02705039e-04  5.00000000e+00 
 2.07705039e-04  1.11882117e+00  2.07705039e-04  5.00000000e+00 
 2.12705039e-04  1.14241497e+00  2.12705039e-04  5.00000000e+00 
 2.17705039e-04  1.16586533e+00  2.17705039e-04  5.00000000e+00 
 2.22705039e-04  1.18917314e+00  2.22705039e-04  5.00000000e+00 
 2.27705039e-04  1.21233926e+00  2.27705039e-04  5.00000000e+00 
 2.32705039e-04  1.23536456e+00  2.32705039e-04  5.00000000e+00 
 2.37705039e-04  1.25824988e+00  2.37705039e-04  5.00000000e+00 
 2.42705039e-04  1.28099608e+00  2.42705039e-04  5.00000000e+00 
 2.47705039e-04  1.30360400e+00  2.47705039e-04  5.00000000e+00 
 2.52705039e-04  1.32607450e+00  2.52705039e-04  5.00000000e+00 
 2.57705039e-04  1.34840839e+00  2.57705039e-04  5.00000000e+00 
 2.62705039e-04  1.37060652e+00  2.62705039e-04  5.00000000e+00 
 2.67705039e-04  1.39266970e+00  2.67705039e-04  5.00000000e+00 
 2.72705039e-04  1.41459876e+00  2.72705039e-04  5.00000000e+00 
 2.77705039e-04  1.43639451e+00  2.77705039e-04  5.00000000e+00 
 2.82705039e-04  1.45805777e+00  2.82705039e-04  5.00000000e+00 
 2.87705039e-04  1.47958933e+00  2.87705039e-04  5.00000000e+00 
 2.92705039e-04  1.50099000e+00  2.92705039e-04  5.00000000e+00 
 2.97705039e-04  1.52226058e+00  2.97705039e-04  5.00000000e+00 
 3.02705039e-04  1.54340185e+00  3.02705039e-04  5.00000000e+00 
 3.07705039e-04  1.56441461e+00  3.07705039e-04  5.00000000e+00 
 3.12705039e-04  1.58529962e+00  3.12705039e-04  5.00000000e+00 
 3.17705039e-04  1.60605768e+00  3.17705039e-04  5.00000000e+00 
 3.22705039e-04  1.62668955e+00  3.22705039e-04  5.00000000e+00 
 3.27705039e-04  1.64719600e+00  3.27705039e-04  5.00000000e+00 
 3.32705039e-04  1.66757778e+00  3.32705039e-04  5.00000000e+00 
 3.37705039e-04  1.68783567e+00  3.37705039e-04  5.00000000e+00 
 3.42705039e-04  1.70797041e+00  3.42705039e-04  5.00000000e+00 
 3.47705039e-04  1.72798275e+00  3.47705039e-04  5.00000000e+00 
 3.52705039e-04  1.74787343e+00  3.52705039e-04  5.00000000e+00 
 3.57705039e-04  1.76764319e+00  3.57705039e-04  5.00000000e+00 
 3.62705039e-04  1.78729278e+00  3.62705039e-04  5.00000000e+00 
 3.67705039e-04  1.80682291e+00  3.67705039e-04  5.00000000e+00 
 3.72705039e-04  1.82623433e+00  3.72705039e-04  5.00000000e+00 
 3.77705039e-04  1.84552773e+00  3.77705039e-04  5.00000000e+00 
 3.82705039e-04  1.86470386e+00  3.82705039e-04  5.00000000e+00 
 3.87705039e-04  1.88376341e+00  3.87705039e-04  5.00000000e+00 
 3.92705039e-04  1.90270710e+00  3.92705039e-04  5.00000000e+00 
 3.97705039e-04  1.92153562e+00  3.97705039e-04  5.00000000e+00 
 4.02705039e-04  1.94024969e+00  4.02705039e-04  5.00000000e+00 
 4.07705039e-04  1.95885000e+00  4.07705039e-04  5.00000000e+00 
 4.10001000e-04  1.96735317e+00  4.10001000e-04  5.00000000e+00 
 4.10001100e-04  1.96735348e+00  4.10001100e-04  4.50000000e+00 
 4.10001300e-04  1.96735397e+00  4.10001300e-04  3.50000000e+00 
 4.10001700e-04  1.96735423e+00  4.10001700e-04  1.50000000e+00 
 4.10002000e-04  1.96735379e+00  4.10002000e-04  0.00000000e+00 
 4.10002080e-04  1.96735360e+00  4.10002080e-04  0.00000000e+00 
 4.10002240e-04  1.96735321e+00  4.10002240e-04  0.00000000e+00 
 4.10002560e-04  1.96735245e+00  4.10002560e-04  0.00000000e+00 
 4.10003200e-04  1.96735091e+00  4.10003200e-04  0.00000000e+00 
 4.10004480e-04  1.96734784e+00  4.10004480e-04  0.00000000e+00 
 4.10007040e-04  1.96734170e+00  4.10007040e-04  0.00000000e+00 
 4.10012160e-04  1.96732941e+00  4.10012160e-04  0.00000000e+00 
 4.10022400e-04  1.96730485e+00  4.10022400e-04  0.00000000e+00 
 4.10042880e-04  1.96725571e+00  4.10042880e-04  0.00000000e+00 
 4.10083840e-04  1.96715745e+00  4.10083840e-04  0.00000000e+00 
 4.10165760e-04  1.96696093e+00  4.10165760e-04  0.00000000e+00 
 4.10329600e-04  1.96656796e+00  4.10329600e-04  0.00000000e+00 
 4.10657280e-04  1.96578226e+00  4.10657280e-04  0.00000000e+00 
 4.11312640e-04  1.96421180e+00  4.11312640e-04  0.00000000e+00 
 4.12623360e-04  1.96107463e+00  4.12623360e-04  0.00000000e+00 
 4.15244800e-04  1.95481532e+00  4.15244800e-04  0.00000000e+00 
 4.20244800e-04  1.94293194e+00  4.20244800e-04  0.00000000e+00 
 4.25244800e-04  1.93112081e+00  4.25244800e-04  0.00000000e+00 
 4.30244800e-04  1.91938147e+00  4.30244800e-04  0.00000000e+00 
 4.35244800e-04  1.90771350e+00  4.35244800e-04  0.00000000e+00 
 4.40244800e-04  1.89611646e+00  4.40244800e-04  0.00000000e+00 
 4.45244800e-04  1.88458991e+00  4.45244800e-04  0.00000000e+00 
 4.50244800e-04  1.87313344e+00  4.50244800e-04  0.00000000e+00 
 4.55244800e-04  1.86174661e+00  4.55244800e-04  0.00000000e+00 
 4.60244800e-04  1.85042900e+00  4.60244800e-04  0.00000000e+00 
 4.65244800e-04  1.83918019e+00  4.65244800e-04  0.00000000e+00 
 4.70244800e-04  1.82799977e+00  4.70244800e-04  0.00000000e+00 
 4.75244800e-04  1.81688731e+00  4.75244800e-04  0.00000000e+00 
 4.80244800e-04  1.80584240e+00  4.80244800e-04  0.00000000e+00 
 4.85244800e-04  1.79486463e+00  4.85244800e-04  0.00000000e+00 
 4.90244800e-04  1.78395360e+00  4.90244800e-04  0.00000000e+00 
 4.95244800e-04  1.77310890e+00  4.95244800e-04  0.00000000e+00 
 5.00244800e-04  1.76233012e+00  5.00244800e-04  0.00000000e+00 
 5.05244800e-04  1.75161687e+00  5.05244800e-04  0.00000000e+00 
 5.10244800e-04  1.74096874e+00  5.10244800e-04  0.00000000e+00 
 5.15244800e-04  1.73038534e+00  5.15244800e-04  0.00000000e+00 
 5.20244800e-04  1.71986629e+00  5.20244800e-04  0.00000000e+00 
 5.25244800e-04  1.70941117e+00  5.25244800e-04  0.00000000e+00 
 5.30244800e-04  1.69901961e+00  5.30244800e-04  0.00000000e+00 
 5.35244800e-04  1.68869123e+00  5.35244800e-04  0.00000000e+00 
 5.40244800e-04  1.67842563e+00  5.40244800e-04  0.00000000e+00 
 5.45244800e-04  1.66822243e+00  5.45244800e-04  0.00000000e+00 
 5.50244800e-04  1.65808126e+00  5.50244800e-04  0.00000000e+00 
 5.55244800e-04  1.64800174e+00  5.55244800e-04  0.00000000e+00 
 5.60244800e-04  1.63798349e+00  5.60244800e-04  0.00000000e+00 
 5.65244800e-04  1.62802615e+00  5.65244800e-04  0.00000000e+00 
 5.70244800e-04  1.61812933e+00  5.70244800e-04  0.00000000e+00 
 5.75244800e-04  1.60829268e+00  5.75244800e-04  0.00000000e+00 
 5.80244800e-04  1.59851582e+00  5.80244800e-04  0.00000000e+00 
 5.85244800e-04  1.58879840e+00  5.85244800e-04  0.00000000e+00 
 5.90244800e-04  1.57914005e+00  5.90244800e-04  0.00000000e+00 
 5.95244800e-04  1.56954042e+00  5.95244800e-04  0.00000000e+00 
 6.00244800e-04  1.55999914e+00  6.00244800e-04  0.00000000e+00 
 6.05244800e-04  1.55051586e+00  6.05244800e-04  0.00000000e+00 
 6.10244800e-04  1.54109023e+00  6.10244800e-04  0.00000000e+00 
 6.15244800e-04  1.53172190e+00  6.15244800e-04  0.00000000e+00 
 6.20244800e-04  1.52241052e+00  6.20244800e-04  0.00000000e+00 
 6.25244800e-04  1.51315575e+00  6.25244800e-04  0.00000000e+00 
 6.30244800e-04  1.50395723e+00  6.30244800e-04  0.00000000e+00 
 6.35244800e-04  1.49481464e+00  6.35244800e-04  0.00000000e+00 
 6.40244800e-04  1.48572762e+00  6.40244800e-04  0.00000000e+00 
 6.45244800e-04  1.47669584e+00  6.45244800e-04  0.00000000e+00 
 6.50244800e-04  1.46771896e+00  6.50244800e-04  0.00000000e+00 
 6.55244800e-04  1.45879666e+00  6.55244800e-04  0.00000000e+00 
 6.60244800e-04  1.44992859e+00  6.60244800e-04  0.00000000e+00 
 6.65244800e-04  1.44111444e+00  6.65244800e-04  0.00000000e+00 
 6.70244800e-04  1.43235387e+00  6.70244800e-04  0.00000000e+00 
 6.75244800e-04  1.42364655e+00  6.75244800e-04  0.00000000e+00 
 6.80244800e-04  1.41499216e+00  6.80244800e-04  0.00000000e+00 
 6.85244800e-04  1.40639038e+00  6.85244800e-04  0.00000000e+00 
 6.90244800e-04  1.39784090e+00  6.90244800e-04  0.00000000e+00 
 6.95244800e-04  1.38934339e+00  6.95244800e-04  0.00000000e+00 
 7.00244800e-04  1.38089753e+00  7.00244800e-04  0.00000000e+00 
 7.05244800e-04  1.37250302e+00  7.05244800e-04  0.00000000e+00 
 7.10244800e-04  1.36415953e+00  7.10244800e-04  0.00000000e+00 
 7.15244800e-04  1.35586677e+00  7.15244800e-04  0.00000000e+00 
 7.20244800e-04  1.34762442e+00  7.20244800e-04  0.00000000e+00 
 7.25244800e-04  1.33943217e+00  7.25244800e-04  0.00000000e+00 
 7.30244800e-04  1.33128973e+00  7.30244800e-04  0.00000000e+00 
 7.35244800e-04  1.32319678e+00  7.35244800e-04  0.00000000e+00 
 7.40244800e-04  1.31515303e+00  7.40244800e-04  0.00000000e+00 
 7.45244800e-04  1.30715818e+00  7.45244800e-04  0.00000000e+00 
 7.50244800e-04  1.29921193e+00  7.50244800e-04  0.00000000e+00 
 7.55244800e-04  1.29131398e+00  7.55244800e-04  0.00000000e+00 
 7.60244800e-04  1.28346405e+00  7.60244800e-04  0.00000000e+00 
 7.65244800e-04  1.27566184e+00  7.65244800e-04  0.00000000e+00 
 7.70244800e-04  1.26790706e+00  7.70244800e-04  0.00000000e+00 
 7.75244800e-04  1.26019941e+00  7.75244800e-04  0.00000000e+00 
 7.80244800e-04  1.25253863e+00  7.80244800e-04  0.00000000e+00 
 7.85244800e-04  1.24492441e+00  7.85244800e-04  0.00000000e+00 
 7.90244800e-04  1.23735648e+00  7.90244800e-04  0.00000000e+00 
 7.95244800e-04  1.22983456e+00  7.95244800e-04  0.00000000e+00 
 8.00244800e-04  1.22235836e+00  8.00244800e-04  0.00000000e+00 
 8.05244800e-04  1.21492761e+00  8.05244800e-04  0.00000000e+00 
 8.10244800e-04  1.20754203e+00  8.10244800e-04  0.00000000e+00 
 8.15244800e-04  1.20020135e+00  8.15244800e-04  0.00000000e+00 
 8.20000000e-04  1.19326148e+00  8.20000000e-04  0.00000000e+00 
 8.20000100e-04  1.19326139e+00  8.20000100e-04  5.00000000e-01 
 8.20000300e-04  1.19326134e+00  8.20000300e-04  1.50000000e+00 
 8.20000700e-04  1.19326198e+00  8.20000700e-04  3.50000000e+00 
 8.20001000e-04  1.19326310e+00  8.20001000e-04  5.00000000e+00 
 8.20001080e-04  1.19326347e+00  8.20001080e-04  5.00000000e+00 
 8.20001240e-04  1.19326421e+00  8.20001240e-04  5.00000000e+00 
 8.20001560e-04  1.19326570e+00  8.20001560e-04  5.00000000e+00 
 8.20002200e-04  1.19326867e+00  8.20002200e-04  5.00000000e+00 
 8.20003480e-04  1.19327461e+00  8.20003480e-04  5.00000000e+00 
 8.20006040e-04  1.19328650e+00  8.20006040e-04  5.00000000e+00 
 8.20011160e-04  1.19331027e+00  8.20011160e-04  5.00000000e+00 
 8.20021400e-04  1.19335780e+00  8.20021400e-04  5.00000000e+00 
 8.20041880e-04  1.19345287e+00  8.20041880e-04  5.00000000e+00 
 8.20082840e-04  1.19364301e+00  8.20082840e-04  5.00000000e+00 
 8.20164760e-04  1.19402326e+00  8.20164760e-04  5.00000000e+00 
 8.20328600e-04  1.19478363e+00  8.20328600e-04  5.00000000e+00 
 8.20656280e-04  1.19630393e+00  8.20656280e-04  5.00000000e+00 
 8.21311640e-04  1.19934271e+00  8.21311640e-04  5.00000000e+00 
 8.22622360e-04  1.20541297e+00  8.22622360e-04  5.00000000e+00 
 8.25243800e-04  1.21752445e+00  8.25243800e-04  5.00000000e+00 
 8.30243800e-04  1.24051822e+00  8.30243800e-04  5.00000000e+00 
 8.35243800e-04  1.26337221e+00  8.35243800e-04  5.00000000e+00 
 8.40243800e-04  1.28608727e+00  8.40243800e-04  5.00000000e+00 
 8.45243800e-04  1.30866425e+00  8.45243800e-04  5.00000000e+00 
 8.50243800e-04  1.33110398e+00  8.50243800e-04  5.00000000e+00 
 8.55243800e-04  1.35340730e+00  8.55243800e-04  5.00000000e+00 
 8.60243800e-04  1.37557504e+00  8.60243800e-04  5.00000000e+00 
 8.65243800e-04  1.39760802e+00  8.65243800e-04  5.00000000e+00 
 8.70243800e-04  1.41950705e+00  8.70243800e-04  5.00000000e+00 
 8.75243800e-04  1.44127297e+00  8.75243800e-04  5.00000000e+00 
 8.80243800e-04  1.46290657e+00  8.80243800e-04  5.00000000e+00 
 8.85243800e-04  1.48440866e+00  8.85243800e-04  5.00000000e+00 
 8.90243800e-04  1.50578003e+00  8.90243800e-04  5.00000000e+00 
 8.95243800e-04  1.52702149e+00  8.95243800e-04  5.00000000e+00 
 9.00243800e-04  1.54813382e+00  9.00243800e-04  5.00000000e+00 
 9.05243800e-04  1.56911781e+00  9.05243800e-04  5.00000000e+00 
 9.10243800e-04  1.58997424e+00  9.10243800e-04  5.00000000e+00 
 9.15243800e-04  1.61070388e+00  9.15243800e-04  5.00000000e+00 
 9.20243800e-04  1.63130750e+00  9.20243800e-04  5.00000000e+00 
 9.25243800e-04  1.65178588e+00  9.25243800e-04  5.00000000e+00 
 9.30243800e-04  1.67213976e+00  9.30243800e-04  5.00000000e+00 
 9.35243800e-04  1.69236991e+00  9.35243800e-04  5.00000000e+00 
 9.40243800e-04  1.71247709e+00  9.40243800e-04  5.00000000e+00 
 9.45243800e-04  1.73246203e+00  9.45243800e-04  5.00000000e+00 
 9.50243800e-04  1.75232548e+00  9.50243800e-04  5.00000000e+00 
 9.55243800e-04  1.77206818e+00  9.55243800e-04  5.00000000e+00 
 9.60243800e-04  1.79169087e+00  9.60243800e-04  5.00000000e+00 
 9.65243800e-04  1.81119427e+00  9.65243800e-04  5.00000000e+00 
 9.70243800e-04  1.83057911e+00  9.70243800e-04  5.00000000e+00 
 9.75243800e-04  1.84984610e+00  9.75243800e-04  5.00000000e+00 
 9.80243800e-04  1.86899597e+00  9.80243800e-04  5.00000000e+00 
 9.85243800e-04  1.88802943e+00  9.85243800e-04  5.00000000e+00 
 9.90243800e-04  1.90694719e+00  9.90243800e-04  5.00000000e+00 
 9.95243800e-04  1.92574994e+00  9.95243800e-04  5.00000000e+00 
 1.00024380e-03  1.94443839e+00  1.00024380e-03  5.00000000e+00 
 1.00524380e-03  1.96301323e+00  1.00524380e-03  5.00000000e+00 
 1.01024380e-03  1.98147516e+00  1.01024380e-03  5.00000000e+00 
 1.01524380e-03  1.99982485e+00  1.01524380e-03  5.00000000e+00 
 1.02024380e-03  2.01806300e+00  1.02024380e-03  5.00000000e+00 
 1.02524380e-03  2.03619028e+00  1.02524380e-03  5.00000000e+00 
 1.03024380e-03  2.05420736e+00  1.03024380e-03  5.00000000e+00 
 1.03524380e-03  2.07211491e+00  1.03524380e-03  5.00000000e+00 
 1.04024380e-03  2.08991361e+00  1.04024380e-03  5.00000000e+00 
 1.04524380e-03  2.10760410e+00  1.04524380e-03  5.00000000e+00 
 1.05024380e-03  2.12518705e+00  1.05024380e-03  5.00000000e+00 
 1.05524380e-03  2.14266312e+00  1.05524380e-03  5.00000000e+00 
 1.06024380e-03  2.16003295e+00  1.06024380e-03  5.00000000e+00 
 1.06524380e-03  2.17729719e+00  1.06524380e-03  5.00000000e+00 
 1.07024380e-03  2.19445647e+00  1.07024380e-03  5.00000000e+00 
 1.07524380e-03  2.21151145e+00  1.07524380e-03  5.00000000e+00 
 1.08024380e-03  2.22846275e+00  1.08024380e-03  5.00000000e+00 
 1.08524380e-03  2.24531100e+00  1.08524380e-03  5.00000000e+00 
 1.09024380e-03  2.26205683e+00  1.09024380e-03  5.00000000e+00 
 1.09524380e-03  2.27870086e+00  1.09524380e-03  5.00000000e+00 
 1.10024380e-03  2.29524371e+00  1.10024380e-03  5.00000000e+00 
 1.10524380e-03  2.31168600e+00  1.10524380e-03  5.00000000e+00 
 1.11024380e-03  2.32802833e+00  1.11024380e-03  5.00000000e+00 
 1.11524380e-03  2.34427132e+00  1.11524380e-03  5.00000000e+00 
 1.12024380e-03  2.36041557e+00  1.12024380e-03  5.00000000e+00 
 1.12524380e-03  2.37646168e+00  1.12524380e-03  5.00000000e+00 
 1.13024380e-03  2.39241024e+00  1.13024380e-03  5.00000000e+00 
 1.13524380e-03  2.40826185e+00  1.13524380e-03  5.00000000e+00 
 1.14024380e-03  2.42401709e+00  1.14024380e-03  5.00000000e+00 
 1.14524380e-03  2.43967656e+00  1.14524380e-03  5.00000000e+00 
 1.15024380e-03  2.45524084e+00  1.15024380e-03  5.00000000e+00 
 1.15524380e-03  2.47071050e+00  1.15524380e-03  5.00000000e+00 
 1.16024380e-03  2.48608612e+00  1.16024380e-03  5.00000000e+00 
 1.16524380e-03  2.50136827e+00  1.16524380e-03  5.00000000e+00 
 1.17024380e-03  2.51655752e+00  1.17024380e-03  5.00000000e+00 
 1.17524380e-03  2.53165444e+00  1.17524380e-03  5.00000000e+00 
 1.18024380e-03  2.54665958e+00  1.18024380e-03  5.00000000e+00 
 1.18524380e-03  2.56157350e+00  1.18524380e-03  5.00000000e+00 
 1.19024380e-03  2.57639676e+00  1.19024380e-03  5.00000000e+00 
 1.19524380e-03  2.59112991e+00  1.19524380e-03  5.00000000e+00 
 1.20024380e-03  2.60577350e+00  1.20024380e-03  5.00000000e+00 
 1.20524380e-03  2.62032807e+00  1.20524380e-03  5.00000000e+00 
 1.21024380e-03  2.63479416e+00  1.21024380e-03  5.00000000e+00 
 1.21524380e-03  2.64917231e+00  1.21524380e-03  5.00000000e+00 
 1.22024380e-03  2.66346306e+00  1.22024380e-03  5.00000000e+00 
 1.22524380e-03  2.67766693e+00  1.22524380e-03  5.00000000e+00 
 1.23000100e-03  2.69110089e+00  1.23000100e-03  5.00000000e+00 
 1.23000110e-03  2.69110111e+00  1.23000110e-03  4.50000000e+00 
 1.23000130e-03  2.69110143e+00  1.23000130e-03  3.50000000e+00 
 1.23000170e-03  2.69110134e+00  1.23000170e-03  1.50000000e+00 
 1.23000200e-03  2.69110063e+00  1.23000200e-03  0.00000000e+00 
 1.23000208e-03  2.69110036e+00  1.23000208e-03  0.00000000e+00 
 1.23000224e-03  2.69109984e+00  1.23000224e-03  0.00000000e+00 
 1.23000256e-03  2.69109879e+00  1.23000256e-03  0.00000000e+00 
 1.23000320e-03  2.69109669e+00  1.23000320e-03  0.00000000e+00 
 1.23000448e-03  2.69109249e+00  1.23000448e-03  0.00000000e+00 
 1.23000704e-03  2.69108409e+00  1.23000704e-03  0.00000000e+00 
 1.23001216e-03  2.69106728e+00  1.23001216e-03  0.00000000e+00 
 1.23002240e-03  2.69103368e+00  1.23002240e-03  0.00000000e+00 
 1.23004288e-03  2.69096647e+00  1.23004288e-03  0.00000000e+00 
 1.23008384e-03  2.69083206e+00  1.23008384e-03  0.00000000e+00 
 1.23016576e-03  2.69056325e+00  1.23016576e-03  0.00000000e+00 
 1.23032960e-03  2.69002571e+00  1.23032960e-03  0.00000000e+00 
 1.23065728e-03  2.68895097e+00  1.23065728e-03  0.00000000e+00 
 1.23131264e-03  2.68680276e+00  1.23131264e-03  0.00000000e+00 
 1.23262336e-03  2.68251150e+00  1.23262336e-03  0.00000000e+00 
 1.23524480e-03  2.67394953e+00  1.23524480e-03  0.00000000e+00 
 1.24024480e-03  2.65769452e+00  1.24024480e-03  0.00000000e+00 
 1.24524480e-03  2.64153832e+00  1.24524480e-03  0.00000000e+00 
 1.25024480e-03  2.62548033e+00  1.25024480e-03  0.00000000e+00 
 1.25524480e-03  2.60951997e+00  1.25524480e-03  0.00000000e+00 
 1.26024480e-03  2.59365662e+00  1.26024480e-03  0.00000000e+00 
 1.26524480e-03  2.57788971e+00  1.26524480e-03  0.00000000e+00 
 1.27024480e-03  2.56221865e+00  1.27024480e-03  0.00000000e+00 
 1.27524480e-03  2.54664286e+00  1.27524480e-03  0.00000000e+00 
 1.28024480e-03  2.53116174e+00  1.28024480e-03  0.00000000e+00 
 1.28524480e-03  2.51577474e+00  1.28524480e-03  0.00000000e+00 
 1.29024480e-03  2.50048128e+00  1.29024480e-03  0.00000000e+00 
 1.29524480e-03  2.48528078e+00  1.29524480e-03  0.00000000e+00 
 1.30024480e-03  2.47017269e+00  1.30024480e-03  0.00000000e+00 
 1.30524480e-03  2.45515645e+00  1.30524480e-03  0.00000000e+00 
 1.31024480e-03  2.44023148e+00  1.31024480e-03  0.00000000e+00 
 1.31524480e-03  2.42539725e+00  1.31524480e-03  0.00000000e+00 
 1.32024480e-03  2.41065319e+00  1.32024480e-03  0.00000000e+00 
 1.32524480e-03  2.39599877e+00  1.32524480e-03  0.00000000e+00 
 1.33024480e-03  2.38143343e+00  1.33024480e-03  0.00000000e+00 
 1.33524480e-03  2.36695663e+00  1.33524480e-03  0.00000000e+00 
 1.34024480e-03  2.35256783e+00  1.34024480e-03  0.00000000e+00 
 1.34524480e-03  2.33826651e+00  1.34524480e-03  0.00000000e+00 
 1.35024480e-03  2.32405212e+00  1.35024480e-03  0.00000000e+00 
 1.35524480e-03  2.30992415e+00  1.35524480e-03  0.00000000e+00 
 1.36024480e-03  2.29588205e+00  1.36024480e-03  0.00000000e+00 
 1.36524480e-03  2.28192532e+00  1.36524480e-03  0.00000000e+00 
 1.37024480e-03  2.26805344e+00  1.37024480e-03  0.00000000e+00 
 1.37524480e-03  2.25426588e+00  1.37524480e-03  0.00000000e+00 
 1.38024480e-03  2.24056213e+00  1.38024480e-03  0.00000000e+00 
 1.38524480e-03  2.22694170e+00  1.38524480e-03  0.00000000e+00 
 1.39024480e-03  2.21340406e+00  1.39024480e-03  0.00000000e+00 
 1.39524480e-03  2.19994871e+00  1.39524480e-03  0.00000000e+00 
 1.40024480e-03  2.18657516e+00  1.40024480e-03  0.00000000e+00 
 1.40524480e-03  2.17328291e+00  1.40524480e-03  0.00000000e+00 
 1.41024480e-03  2.16007147e+00  1.41024480e-03  0.00000000e+00 
 1.41524480e-03  2.14694033e+00  1.41524480e-03  0.00000000e+00 
 1.42024480e-03  2.13388903e+00  1.42024480e-03  0.00000000e+00 
 1.42524480e-03  2.12091706e+00  1.42524480e-03  0.00000000e+00 
 1.43024480e-03  2.10802394e+00  1.43024480e-03  0.00000000e+00 
 1.43524480e-03  2.09520921e+00  1.43524480e-03  0.00000000e+00 
 1.44024480e-03  2.08247237e+00  1.44024480e-03  0.00000000e+00 
 1.44524480e-03  2.06981297e+00  1.44524480e-03  0.00000000e+00 
 1.45024480e-03  2.05723052e+00  1.45024480e-03  0.00000000e+00 
 1.45524480e-03  2.04472456e+00  1.45524480e-03  0.00000000e+00 
 1.46024480e-03  2.03229462e+00  1.46024480e-03  0.00000000e+00 
 1.46524480e-03  2.01994025e+00  1.46524480e-03  0.00000000e+00 
 1.47024480e-03  2.00766097e+00  1.47024480e-03  0.00000000e+00 
 1.47524480e-03  1.99545635e+00  1.47524480e-03  0.00000000e+00 
 1.48024480e-03  1.98332591e+00  1.48024480e-03  0.00000000e+00 
 1.48524480e-03  1.97126922e+00  1.48524480e-03  0.00000000e+00 
 1.49024480e-03  1.95928582e+00  1.49024480e-03  0.00000000e+00 
 1.49524480e-03  1.94737527e+00  1.49524480e-03  0.00000000e+00 
 1.50024480e-03  1.93553712e+00  1.50024480e-03  0.00000000e+00 
 1.50524480e-03  1.92377094e+00  1.50524480e-03  0.00000000e+00 
 1.51024480e-03  1.91207628e+00  1.51024480e-03  0.00000000e+00 
 1.51524480e-03  1.90045272e+00  1.51524480e-03  0.00000000e+00 
 1.52024480e-03  1.88889981e+00  1.52024480e-03  0.00000000e+00 
 1.52524480e-03  1.87741714e+00  1.52524480e-03  0.00000000e+00 
 1.53024480e-03  1.86600427e+00  1.53024480e-03  0.00000000e+00 
 1.53524480e-03  1.85466078e+00  1.53524480e-03  0.00000000e+00 
 1.54024480e-03  1.84338625e+00  1.54024480e-03  0.00000000e+00 
 1.54524480e-03  1.83218025e+00  1.54524480e-03  0.00000000e+00 
 1.55024480e-03  1.82104238e+00  1.55024480e-03  0.00000000e+00 
 1.55524480e-03  1.80997221e+00  1.55524480e-03  0.00000000e+00 
 1.56024480e-03  1.79896934e+00  1.56024480e-03  0.00000000e+00 
 1.56524480e-03  1.78803336e+00  1.56524480e-03  0.00000000e+00 
 1.57024480e-03  1.77716385e+00  1.57024480e-03  0.00000000e+00 
 1.57524480e-03  1.76636042e+00  1.57524480e-03  0.00000000e+00 
 1.58024480e-03  1.75562267e+00  1.58024480e-03  0.00000000e+00 
 1.58524480e-03  1.74495019e+00  1.58524480e-03  0.00000000e+00 
 1.59024480e-03  1.73434259e+00  1.59024480e-03  0.00000000e+00 
 1.59524480e-03  1.72379948e+00  1.59524480e-03  0.00000000e+00 
 1.60024480e-03  1.71332045e+00  1.60024480e-03  0.00000000e+00 
 1.60524480e-03  1.70290513e+00  1.60524480e-03  0.00000000e+00 
 1.61024480e-03  1.69255312e+00  1.61024480e-03  0.00000000e+00 
 1.61524480e-03  1.68226405e+00  1.61524480e-03  0.00000000e+00 
 1.62024480e-03  1.67203752e+00  1.62024480e-03  0.00000000e+00 
 1.62524480e-03  1.66187316e+00  1.62524480e-03  0.00000000e+00 
 1.63024480e-03  1.65177058e+00  1.63024480e-03  0.00000000e+00 
 1.63524480e-03  1.64172943e+00  1.63524480e-03  0.00000000e+00 
 1.64000000e-03  1.63223652e+00  1.64000000e-03  0.00000000e+00 
 1.64000010e-03  1.63223638e+00  1.64000010e-03  5.00000000e-01 
 1.64000030e-03  1.63223623e+00  1.64000030e-03  1.50000000e+00 
 1.64000070e-03  1.63223665e+00  1.64000070e-03  3.50000000e+00 
 1.64000100e-03  1.63223761e+00  1.64000100e-03  5.00000000e+00 
 1.64000108e-03  1.63223794e+00  1.64000108e-03  5.00000000e+00 
 1.64000124e-03  1.63223860e+00  1.64000124e-03  5.00000000e+00 
 1.64000156e-03  1.63223991e+00  1.64000156e-03  5.00000000e+00 
 1.64000220e-03  1.63224254e+00  1.64000220e-03  5.00000000e+00 
 1.64000348e-03  1.63224780e+00  1.64000348e-03  5.00000000e+00 
 1.64000604e-03  1.63225831e+00  1.64000604e-03  5.00000000e+00 
 1.64001116e-03  1.63227934e+00  1.64001116e-03  5.00000000e+00 
 1.64002140e-03  1.63232139e+00  1.64002140e-03  5.00000000e+00 
 1.64004188e-03  1.63240550e+00  1.64004188e-03  5.00000000e+00 
 1.64008284e-03  1.63257371e+00  1.64008284e-03  5.00000000e+00 
 1.64016476e-03  1.63291011e+00  1.64016476e-03  5.00000000e+00 
 1.64032860e-03  1.63358280e+00  1.64032860e-03  5.00000000e+00 
 1.64065628e-03  1.63492779e+00  1.64065628e-03  5.00000000e+00 
 1.64131164e-03  1.63761614e+00  1.64131164e-03  5.00000000e+00 
 1.64262236e-03  1.64298642e+00  1.64262236e-03  5.00000000e+00 
 1.64524380e-03  1.65370125e+00  1.64524380e-03  5.00000000e+00 
 1.65024380e-03  1.67404350e+00  1.65024380e-03  5.00000000e+00 
 1.65524380e-03  1.69426208e+00  1.65524380e-03  5.00000000e+00 
 1.66024380e-03  1.71435775e+00  1.66024380e-03  5.00000000e+00 
 1.66524380e-03  1.73433126e+00  1.66524380e-03  5.00000000e+00 
 1.67024380e-03  1.75418335e+00  1.67024380e-03  5.00000000e+00 
 1.67524380e-03  1.77391475e+00  1.67524380e-03  5.00000000e+00 
 1.68024380e-03  1.79352622e+00  1.68024380e-03  5.00000000e+00 
 1.68524380e-03  1.81301846e+00  1.68524380e-03  5.00000000e+00 
 1.69024380e-03  1.83239221e+00  1.69024380e-03  5.00000000e+00 
 1.69524380e-03  1.85164818e+00  1.69524380e-03  5.00000000e+00 
 1.70024380e-03  1.87078710e+00  1.70024380e-03  5.00000000e+00 
 1.70524380e-03  1.88980967e+00  1.70524380e-03  5.00000000e+00 
 1.71024380e-03  1.90871660e+00  1.71024380e-03  5.00000000e+00 
 1.71524380e-03  1.92750860e+00  1.71524380e-03  5.00000000e+00 
 1.72024380e-03  1.94618636e+00  1.72024380e-03  5.00000000e+00 
 1.72524380e-03  1.96475057e+00  1.72524380e-03  5.00000000e+00 
 1.73024380e-03  1.98320194e+00  1.73024380e-03  5.00000000e+00 
 1.73524380e-03  2.00154113e+00  1.73524380e-03  5.00000000e+00 
 1.74024380e-03  2.01976885e+00  1.74024380e-03  5.00000000e+00 
 1.74524380e-03  2.03788575e+00  1.74524380e-03  5.00000000e+00 
 1.75024380e-03  2.05589253e+00  1.75024380e-03  5.00000000e+00 
 1.75524380e-03  2.07378984e+00  1.75524380e-03  5.00000000e+00 
 1.76024380e-03  2.09157835e+00  1.76024380e-03  5.00000000e+00 
 1.76524380e-03  2.10925872e+00  1.76524380e-03  5.00000000e+00 
 1.77024380e-03  2.12683162e+00  1.77024380e-03  5.00000000e+00 
 1.77524380e-03  2.14429769e+00  1.77524380e-03  5.00000000e+00 
 1.78024380e-03  2.16165758e+00  1.78024380e-03  5.00000000e+00 
 1.78524380e-03  2.17891194e+00  1.78524380e-03  5.00000000e+00 
 1.79024380e-03  2.19606141e+00  1.79024380e-03  5.00000000e+00 
 1.79524380e-03  2.21310663e+00  1.79524380e-03  5.00000000e+00 
 1.80024380e-03  2.23004823e+00  1.80024380e-03  5.00000000e+00 
 1.80524380e-03  2.24688685e+00  1.80524380e-03  5.00000000e+00 
 1.81024380e-03  2.26362310e+00  1.81024380e-03  5.00000000e+00 
 1.81524380e-03  2.28025761e+00  1.81524380e-03  5.00000000e+00 
 1.82024380e-03  2.29679100e+00  1.82024380e-03  5.00000000e+00 
 1.82524380e-03  2.31322388e+00  1.82524380e-03  5.00000000e+00 
 1.83024380e-03  2.32955686e+00  1.83024380e-03  5.00000000e+00 
 1.83524380e-03  2.34579056e+00  1.83524380e-03  5.00000000e+00 
 1.84024380e-03  2.36192557e+00  1.84024380e-03  5.00000000e+00 
 1.84524380e-03  2.37796250e+00  1.84524380e-03  5.00000000e+00 
 1.85024380e-03  2.39390194e+00  1.85024380e-03  5.00000000e+00 
 1.85524380e-03  2.40974448e+00  1.85524380e-03  5.00000000e+00 
 1.86024380e-03  2.42549071e+00  1.86024380e-03  5.00000000e+00 
 1.86524380e-03  2.44114122e+00  1.86524380e-03  5.00000000e+00 
 1.87024380e-03  2.45669660e+00  1.87024380e-03  5.00000000e+00 
 1.87524380e-03  2.47215741e+00  1.87524380e-03  5.00000000e+00 
 1.88024380e-03  2.48752423e+00  1.88024380e-03  5.00000000e+00 
 1.88524380e-03  2.50279764e+00  1.88524380e-03  5.00000000e+00 
 1.89024380e-03  2.51797820e+00  1.89024380e-03  5.00000000e+00 
 1.89524380e-03  2.53306648e+00  1.89524380e-03  5.00000000e+00 
 1.90024380e-03  2.54806304e+00  1.90024380e-03  5.00000000e+00 
 1.90524380e-03  2.56296843e+00  1.90524380e-03  5.00000000e+00 
 1.91024380e-03  2.57778321e+00  1.91024380e-03  5.00000000e+00 
 1.91524380e-03  2.59250793e+00  1.91524380e-03  5.00000000e+00 
 1.92024380e-03  2.60714314e+00  1.92024380e-03  5.00000000e+00 
 1.92524380e-03  2.62168938e+00  1.92524380e-03  5.00000000e+00 
 1.93024380e-03  2.63614720e+00  1.93024380e-03  5.00000000e+00 
 1.93524380e-03  2.65051713e+00  1.93524380e-03  5.00000000e+00 
 1.94024380e-03  2.66479970e+00  1.94024380e-03  5.00000000e+00 
 1.94524380e-03  2.67899544e+00  1.94524380e-03  5.00000000e+00 
 1.95024380e-03  2.69310489e+00  1.95024380e-03  5.00000000e+00 
 1.95524380e-03  2.70712857e+00  1.95524380e-03  5.00000000e+00 
 1.96024380e-03  2.72106700e+00  1.96024380e-03  5.00000000e+00 
 1.96524380e-03  2.73492070e+00  1.96524380e-03  5.00000000e+00 
 1.97024380e-03  2.74869017e+00  1.97024380e-03  5.00000000e+00 
 1.97524380e-03  2.76237595e+00  1.97524380e-03  5.00000000e+00 
 1.98024380e-03  2.77597853e+00  1.98024380e-03  5.00000000e+00 
 1.98524380e-03  2.78949841e+00  1.98524380e-03  5.00000000e+00 
 1.99024380e-03  2.80293611e+00  1.99024380e-03  5.00000000e+00 
 1.99524380e-03  2.81629212e+00  1.99524380e-03  5.00000000e+00 
 2.00024380e-03  2.82956694e+00  2.00024380e-03  5.00000000e+00 
 2.00524380e-03  2.84276107e+00  2.00524380e-03  5.00000000e+00 
 2.01024380e-03  2.85587498e+00  2.01024380e-03  5.00000000e+00 
 2.01524380e-03  2.86890918e+00  2.01524380e-03  5.00000000e+00 
 2.02024380e-03  2.88186414e+00  2.02024380e-03  5.00000000e+00 
 2.02524380e-03  2.89474034e+00  2.02524380e-03  5.00000000e+00 
 2.03024380e-03  2.90753827e+00  2.03024380e-03  5.00000000e+00 
 2.03524380e-03  2.92025840e+00  2.03524380e-03  5.00000000e+00 
 2.04024380e-03  2.93290121e+00  2.04024380e-03  5.00000000e+00 
 2.04524380e-03  2.94546716e+00  2.04524380e-03  5.00000000e+00 
 2.05000100e-03  2.95735198e+00  2.05000100e-03  5.00000000e+00 
 2.05000110e-03  2.95735217e+00  2.05000110e-03  4.50000000e+00 
 2.05000130e-03  2.95735243e+00  2.05000130e-03  3.50000000e+00 
 2.05000170e-03  2.95735220e+00  2.05000170e-03  1.50000000e+00 
 2.05000200e-03  2.95735139e+00  2.05000200e-03  0.00000000e+00 
 2.05000208e-03  2.95735111e+00  2.05000208e-03  0.00000000e+00 
 2.05000224e-03  2.95735053e+00  2.05000224e-03  0.00000000e+00 
 2.05000256e-03  2.95734937e+00  2.05000256e-03  0.00000000e+00 
 2.05000320e-03  2.95734707e+00  2.05000320e-03  0.00000000e+00 
 2.05000448e-03  2.95734245e+00  2.05000448e-03  0.00000000e+00 
 2.05000704e-03  2.95733322e+00  2.05000704e-03  0.00000000e+00 
 2.05001216e-03  2.95731475e+00  2.05001216e-03  0.00000000e+00 
 2.05002240e-03  2.95727782e+00  2.05002240e-03  0.00000000e+00 
 2.05004288e-03  2.95720396e+00  2.05004288e-03  0.00000000e+00 
 2.05008384e-03  2.95705625e+00  2.05008384e-03  0.00000000e+00 
 2.05016576e-03  2.95676085e+00  2.05016576e-03  0.00000000e+00 
 2.05032960e-03  2.95617013e+00  2.05032960e-03  0.00000000e+00 
 2.05065728e-03  2.95498905e+00  2.05065728e-03  0.00000000e+00 
 2.05131264e-03  2.95262831e+00  2.05131264e-03  0.00000000e+00 
 2.05262336e-03  2.94791249e+00  2.05262336e-03  0.00000000e+00 
 2.05524480e-03  2.93850341e+00  2.05524480e-03  0.00000000e+00 
 2.06024480e-03  2.92064017e+00  2.06024480e-03  0.00000000e+00 
 2.06524480e-03  2.90288551e+00  2.06524480e-03  0.00000000e+00 
 2.07024480e-03  2.88523879e+00  2.07024480e-03  0.00000000e+00 
 2.07524480e-03  2.86769935e+00  2.07524480e-03  0.00000000e+00 
 2.08024480e-03  2.85026653e+00  2.08024480e-03  0.00000000e+00 
 2.08524480e-03  2.83293968e+00  2.08524480e-03  0.00000000e+00 
 2.09024480e-03  2.81571816e+00  2.09024480e-03  0.00000000e+00 
 2.09524480e-03  2.79860133e+00  2.09524480e-03  0.00000000e+00 
 2.10024480e-03  2.78158856e+00  2.10024480e-03  0.00000000e+00 
 2.10524480e-03  2.76467920e+00  2.10524480e-03  0.00000000e+00 
 2.11024480e-03  2.74787264e+00  2.11024480e-03  0.00000000e+00 
 2.11524480e-03  2.73116825e+00  2.11524480e-03  0.00000000e+00 
 2.12024480e-03  2.71456540e+00  2.12024480e-03  0.00000000e+00 
 2.12524480e-03  2.69806349e+00  2.12524480e-03  0.00000000e+00 
 2.13024480e-03  2.68166189e+00  2.13024480e-03  0.00000000e+00 
 2.13524480e-03  2.66535999e+00  2.13524480e-03  0.00000000e+00 
 2.14024480e-03  2.64915719e+00  2.14024480e-03  0.00000000e+00 
 2.14524480e-03  2.63305289e+00  2.14524480e-03  0.00000000e+00 
 2.15024480e-03  2.61704649e+00  2.15024480e-03  0.00000000e+00 
 2.15524480e-03  2.60113740e+00  2.15524480e-03  0.00000000e+00 
 2.16024480e-03  2.58532501e+00  2.16024480e-03  0.00000000e+00 
 2.16524480e-03  2.56960875e+00  2.16524480e-03  0.00000000e+00 
 2.17024480e-03  2.55398803e+00  2.17024480e-03  0.00000000e+00 
 2.17524480e-03  2.53846226e+00  2.17524480e-03  0.00000000e+00 
 2.18024480e-03  2.52303088e+00  2.18024480e-03  0.00000000e+00 
 2.18524480e-03  2.50769331e+00  2.18524480e-03  0.00000000e+00 
 2.19024480e-03  2.49244897e+00  2.19024480e-03  0.00000000e+00 
 2.19524480e-03  2.47729731e+00  2.19524480e-03  0.00000000e+00 
 2.20024480e-03  2.46223775e+00  2.20024480e-03  0.00000000e+00 
 2.20524480e-03  2.44726974e+00  2.20524480e-03  0.00000000e+00 
 2.21024480e-03  2.43239272e+00  2.21024480e-03  0.00000000e+00 
 2.21524480e-03  2.41760614e+00  2.21524480e-03  0.00000000e+00 
 2.22024480e-03  2.40290944e+00  2.22024480e-03  0.00000000e+00 
 2.22524480e-03  2.38830209e+00  2.22524480e-03  0.00000000e+00 
 2.23024480e-03  2.37378354e+00  2.23024480e-03  0.00000000e+00 
 2.23524480e-03  2.35935324e+00  2.23524480e-03  0.00000000e+00 
 2.24024480e-03  2.34501067e+00  2.24024480e-03  0.00000000e+00 
 2.24524480e-03  2.33075529e+00  2.24524480e-03  0.00000000e+00 
 2.25024480e-03  2.31658656e+00  2.25024480e-03  0.00000000e+00 
 2.25524480e-03  2.30250397e+00  2.25524480e-03  0.00000000e+00 
 2.26024480e-03  2.28850698e+00  2.26024480e-03  0.00000000e+00 
 2.26524480e-03  2.27459509e+00  2.26524480e-03  0.00000000e+00 
 2.27024480e-03  2.26076776e+00  2.27024480e-03  0.00000000e+00 
 2.27524480e-03  2.24702449e+00  2.27524480e-03  0.00000000e+00 
 2.28024480e-03  2.23336477e+00  2.28024480e-03  0.00000000e+00 
 2.28524480e-03  2.21978808e+00  2.28524480e-03  0.00000000e+00 
 2.29024480e-03  2.20629393e+00  2.29024480e-03  0.00000000e+00 
 2.29524480e-03  2.19288181e+00  2.29524480e-03  0.00000000e+00 
 2.30024480e-03  2.17955122e+00  2.30024480e-03  0.00000000e+00 
 2.30524480e-03  2.16630167e+00  2.30524480e-03  0.00000000e+00 
 2.31024480e-03  2.15313266e+00  2.31024480e-03  0.00000000e+00 
 2.31524480e-03  2.14004371e+00  2.31524480e-03  0.00000000e+00 
 2.32024480e-03  2.12703433e+00  2.32024480e-03  0.00000000e+00 
 2.32524480e-03  2.11410403e+00  2.32524480e-03  0.00000000e+00 
 2.33024480e-03  2.10125233e+00  2.33024480e-03  0.00000000e+00 
 2.33524480e-03  2.08847876e+00  2.33524480e-03  0.00000000e+00 
 2.34024480e-03  2.07578284e+00  2.34024480e-03  0.00000000e+00 
 2.34524480e-03  2.06316410e+00  2.34524480e-03  0.00000000e+00 
 2.35024480e-03  2.05062207e+00  2.35024480e-03  0.00000000e+00 
 2.35524480e-03  2.03815628e+00  2.35524480e-03  0.00000000e+00 
 2.36024480e-03  2.02576627e+00  2.36024480e-03  0.00000000e+00 
 2.36524480e-03  2.01345158e+00  2.36524480e-03  0.00000000e+00 
 2.37024480e-03  2.00121176e+00  2.37024480e-03  0.00000000e+00 
 2.37524480e-03  1.98904634e+00  2.37524480e-03  0.00000000e+00 
 2.38024480e-03  1.97695487e+00  2.38024480e-03  0.00000000e+00 
 2.38524480e-03  1.96493691e+00  2.38524480e-03  0.00000000e+00 
 2.39024480e-03  1.95299200e+00  2.39024480e-03  0.00000000e+00 
 2.39524480e-03  1.94111971e+00  2.39524480e-03  0.00000000e+00 
 2.40024480e-03  1.92931959e+00  2.40024480e-03  0.00000000e+00 
 2.40524480e-03  1.91759120e+00  2.40524480e-03  0.00000000e+00 
 2.41024480e-03  1.90593411e+00  2.41024480e-03  0.00000000e+00 
 2.41524480e-03  1.89434789e+00  2.41524480e-03  0.00000000e+00 
 2.42024480e-03  1.88283209e+00  2.42024480e-03  0.00000000e+00 
 2.42524480e-03  1.87138631e+00  2.42524480e-03  0.00000000e+00 
 2.43024480e-03  1.86001010e+00  2.43024480e-03  0.00000000e+00 
 2.43524480e-03  1.84870305e+00  2.43524480e-03  0.00000000e+00 
 2.44024480e-03  1.83746473e+00  2.44024480e-03  0.00000000e+00 
 2.44524480e-03  1.82629473e+00  2.44524480e-03  0.00000000e+00 
 2.45024480e-03  1.81519264e+00  2.45024480e-03  0.00000000e+00 
 2.45524480e-03  1.80415803e+00  2.45524480e-03  0.00000000e+00 
 2.46000000e-03  1.79372592e+00  2.46000000e-03  0.00000000e+00 
 2.46000010e-03  1.79372576e+00  2.46000010e-03  5.00000000e-01 
 2.46000030e-03  1.79372557e+00  2.46000030e-03  1.50000000e+00 
 2.46000070e-03  1.79372591e+00  2.46000070e-03  3.50000000e+00 
 2.46000100e-03  1.79372681e+00  2.46000100e-03  5.00000000e+00 
 2.46000108e-03  1.79372713e+00  2.46000108e-03  5.00000000e+00 
 2.46000124e-03  1.79372775e+00  2.46000124e-03  5.00000000e+00 
 2.46000156e-03  1.79372900e+00  2.46000156e-03  5.00000000e+00 
 2.46000220e-03  1.79373151e+00  2.46000220e-03  5.00000000e+00 
 2.46000348e-03  1.79373651e+00  2.46000348e-03  5.00000000e+00 
 2.46000604e-03  1.79374652e+00  2.46000604e-03  5.00000000e+00 
 2.46001116e-03  1.79376654e+00  2.46001116e-03  5.00000000e+00 
 2.46002140e-03  1.79380658e+00  2.46002140e-03  5.00000000e+00 
 2.46004188e-03  1.79388665e+00  2.46004188e-03  5.00000000e+00 
 2.46008284e-03  1.79404680e+00  2.46008284e-03  5.00000000e+00 
 2.46016476e-03  1.79436707e+00  2.46016476e-03  5.00000000e+00 
 2.46032860e-03  1.79500750e+00  2.46032860e-03  5.00000000e+00 
 2.46065628e-03  1.79628799e+00  2.46065628e-03  5.00000000e+00 
 2.46131164e-03  1.79884744e+00  2.46131164e-03  5.00000000e+00 
 2.46262236e-03  1.80396020e+00  2.46262236e-03  5.00000000e+00 
 2.46524380e-03  1.81416124e+00  2.46524380e-03  5.00000000e+00 
 2.47024380e-03  1.83352805e+00  2.47024380e-03  5.00000000e+00 
 2.47524380e-03  1.85277711e+00  2.47524380e-03  5.00000000e+00 
 2.48024380e-03  1.87190917e+00  2.48024380e-03  5.00000000e+00 
 2.48524380e-03  1.89092492e+00  2.48524380e-03  5.00000000e+00 
 2.49024380e-03  1.90982507e+00  2.49024380e-03  5.00000000e+00 
 2.49524380e-03  1.92861033e+00  2.49524380e-03  5.00000000e+00 
 2.50024380e-03  1.94728139e+00  2.50024380e-03  5.00000000e+00 
 2.50524380e-03  1.96583895e+00  2.50524380e-03  5.00000000e+00 
 2.51024380e-03  1.98428370e+00  2.51024380e-03  5.00000000e+00 
 2.51524380e-03  2.00261632e+00  2.51524380e-03  5.00000000e+00 
 2.52024380e-03  2.02083750e+00  2.52024380e-03  5.00000000e+00 
 2.52524380e-03  2.03894791e+00  2.52524380e-03  5.00000000e+00 
 2.53024380e-03  2.05694822e+00  2.53024380e-03  5.00000000e+00 
 2.53524380e-03  2.07483912e+00  2.53524380e-03  5.00000000e+00 
 2.54024380e-03  2.09262125e+00  2.54024380e-03  5.00000000e+00 
 2.54524380e-03  2.11029529e+00  2.54524380e-03  5.00000000e+00 
 2.55024380e-03  2.12786188e+00  2.55024380e-03  5.00000000e+00 
 2.55524380e-03  2.14532169e+00  2.55524380e-03  5.00000000e+00 
 2.56024380e-03  2.16267535e+00  2.56024380e-03  5.00000000e+00 
 2.56524380e-03  2.17992353e+00  2.56524380e-03  5.00000000e+00 
 2.57024380e-03  2.19706685e+00  2.57024380e-03  5.00000000e+00 
 2.57524380e-03  2.21410596e+00  2.57524380e-03  5.00000000e+00 
 2.58024380e-03  2.23104148e+00  2.58024380e-03  5.00000000e+00 
 2.58524380e-03  2.24787406e+00  2.58524380e-03  5.00000000e+00 
 2.59024380e-03  2.26460431e+00  2.59024380e-03  5.00000000e+00 
 2.59524380e-03  2.28123285e+00  2.59524380e-03  5.00000000e+00 
 2.60024380e-03  2.29776031e+00  2.60024380e-03  5.00000000e+00 
 2.60524380e-03  2.31418730e+00  2.60524380e-03  5.00000000e+00 
 2.61024380e-03  2.33051443e+00  2.61024380e-03  5.00000000e+00 
 2.61524380e-03  2.34674230e+00  2.61524380e-03  5.00000000e+00 
 2.62024380e-03  2.36287153e+00  2.62024380e-03  5.00000000e+00 
 2.62524380e-03  2.37890271e+00  2.62524380e-03  5.00000000e+00 
 2.63024380e-03  2.39483643e+00  2.63024380e-03  5.00000000e+00 
 2.63524380e-03  2.41067329e+00  2.63524380e-03  5.00000000e+00 
 2.64024380e-03  2.42641388e+00  2.64024380e-03  5.00000000e+00 
 2.64524380e-03  2.44205878e+00  2.64524380e-03  5.00000000e+00 
 2.65024380e-03  2.45760857e+00  2.65024380e-03  5.00000000e+00 
 2.65524380e-03  2.47306384e+00  2.65524380e-03  5.00000000e+00 
 2.66024380e-03  2.48842515e+00  2.66024380e-03  5.00000000e+00 
 2.66524380e-03  2.50369309e+00  2.66524380e-03  5.00000000e+00 
 2.67024380e-03  2.51886820e+00  2.67024380e-03  5.00000000e+00 
 2.67524380e-03  2.53395107e+00  2.67524380e-03  5.00000000e+00 
 2.68024380e-03  2.54894225e+00  2.68024380e-03  5.00000000e+00 
 2.68524380e-03  2.56384230e+00  2.68524380e-03  5.00000000e+00 
 2.69024380e-03  2.57865177e+00  2.69024380e-03  5.00000000e+00 
 2.69524380e-03  2.59337121e+00  2.69524380e-03  5.00000000e+00 
 2.70024380e-03  2.60800117e+00  2.70024380e-03  5.00000000e+00 
 2.70524380e-03  2.62254220e+00  2.70524380e-03  5.00000000e+00 
 2.71024380e-03  2.63699483e+00  2.71024380e-03  5.00000000e+00 
 2.71524380e-03  2.65135960e+00  2.71524380e-03  5.00000000e+00 
 2.72024380e-03  2.66563705e+00  2.72024380e-03  5.00000000e+00 
 2.72524380e-03  2.67982771e+00  2.72524380e-03  5.00000000e+00 
 2.73024380e-03  2.69393210e+00  2.73024380e-03  5.00000000e+00 
 2.73524380e-03  2.70795075e+00  2.73524380e-03  5.00000000e+00 
 2.74024380e-03  2.72188418e+00  2.74024380e-03  5.00000000e+00 
 2.74524380e-03  2.73573291e+00  2.74524380e-03  5.00000000e+00 
 2.75024380e-03  2.74949745e+00  2.75024380e-03  5.00000000e+00 
 2.75524380e-03  2.76317832e+00  2.75524380e-03  5.00000000e+00 
 2.76024380e-03  2.77677602e+00  2.76024380e-03  5.00000000e+00 
 2.76524380e-03  2.79029105e+00  2.76524380e-03  5.00000000e+00 
 2.77024380e-03  2.80372394e+00  2.77024380e-03  5.00000000e+00 
 2.77524380e-03  2.81707516e+00  2.77524380e-03  5.00000000e+00 
 2.78024380e-03  2.83034522e+00  2.78024380e-03  5.00000000e+00 
 2.78524380e-03  2.84353461e+00  2.78524380e-03  5.00000000e+00 
 2.79024380e-03  2.85664382e+00  2.79024380e-03  5.00000000e+00 
 2.79524380e-03  2.86967334e+00  2.79524380e-03  5.00000000e+00 
 2.80024380e-03  2.88262366e+00  2.80024380e-03  5.00000000e+00 
 2.80524380e-03  2.89549524e+00  2.80524380e-03  5.00000000e+00 
 2.81024380e-03  2.90828859e+00  2.81024380e-03  5.00000000e+00 
 2.81524380e-03  2.92100416e+00  2.81524380e-03  5.00000000e+00 
 2.82024380e-03  2.93364243e+00  2.82024380e-03  5.00000000e+00 
 2.82524380e-03  2.94620387e+00  2.82524380e-03  5.00000000e+00 
 2.83024380e-03  2.95868896e+00  2.83024380e-03  5.00000000e+00 
 2.83524380e-03  2.97109814e+00  2.83524380e-03  5.00000000e+00 
 2.84024380e-03  2.98343189e+00  2.84024380e-03  5.00000000e+00 
 2.84524380e-03  2.99569067e+00  2.84524380e-03  5.00000000e+00 
 2.85024380e-03  3.00787492e+00  2.85024380e-03  5.00000000e+00 
 2.85524380e-03  3.01998510e+00  2.85524380e-03  5.00000000e+00 
 2.86024380e-03  3.03202166e+00  2.86024380e-03  5.00000000e+00 
 2.86524380e-03  3.04398506e+00  2.86524380e-03  5.00000000e+00 
 2.87000100e-03  3.05529999e+00  2.87000100e-03  5.00000000e+00 
 2.87000110e-03  3.05530016e+00  2.87000110e-03  4.50000000e+00 
 2.87000130e-03  3.05530039e+00  2.87000130e-03  3.50000000e+00 
 2.87000170e-03  3.05530012e+00  2.87000170e-03  1.50000000e+00 
 2.87000200e-03  3.05529928e+00  2.87000200e-03  0.00000000e+00 
 2.87000208e-03  3.05529898e+00  2.87000208e-03  0.00000000e+00 
 2.87000224e-03  3.05529838e+00  2.87000224e-03  0.00000000e+00 
 2.87000256e-03  3.05529719e+00  2.87000256e-03  0.00000000e+00 
 2.87000320e-03  3.05529481e+00  2.87000320e-03  0.00000000e+00 
 2.87000448e-03  3.05529004e+00  2.87000448e-03  0.00000000e+00 
 2.87000704e-03  3.05528050e+00  2.87000704e-03  0.00000000e+00 
 2.87001216e-03  3.05526142e+00  2.87001216e-03  0.00000000e+00 
 2.87002240e-03  3.05522327e+00  2.87002240e-03  0.00000000e+00 
 2.87004288e-03  3.05514696e+00  2.87004288e-03  0.00000000e+00 
 2.87008384e-03  3.05499436e+00  2.87008384e-03  0.00000000e+00 
 2.87016576e-03  3.05468917e+00  2.87016576e-03  0.00000000e+00 
 2.87032960e-03  3.05407889e+00  2.87032960e-03  0.00000000e+00 
 2.87065728e-03  3.05285870e+00  2.87065728e-03  0.00000000e+00 
 2.87131264e-03  3.05041977e+00  2.87131264e-03  0.00000000e+00 
 2.87262336e-03  3.04554775e+00  2.87262336e-03  0.00000000e+00 
 2.87524480e-03  3.03582704e+00  2.87524480e-03  0.00000000e+00 
 2.88024480e-03  3.01737217e+00  2.88024480e-03  0.00000000e+00 
 2.88524480e-03  2.99902948e+00  2.88524480e-03  0.00000000e+00 
 2.89024480e-03  2.98079830e+00  2.89024480e-03  0.00000000e+00 
 2.89524480e-03  2.96267794e+00  2.89524480e-03  0.00000000e+00 
 2.90024480e-03  2.94466774e+00  2.90024480e-03  0.00000000e+00 
 2.90524480e-03  2.92676703e+00  2.90524480e-03  0.00000000e+00 
 2.91024480e-03  2.90897513e+00  2.91024480e-03  0.00000000e+00 
 2.91524480e-03  2.89129139e+00  2.91524480e-03  0.00000000e+00 
 2.92024480e-03  2.87371515e+00  2.92024480e-03  0.00000000e+00 
 2.92524480e-03  2.85624576e+00  2.92524480e-03  0.00000000e+00 
 2.93024480e-03  2.83888256e+00  2.93024480e-03  0.00000000e+00 
 2.93524480e-03  2.82162492e+00  2.93524480e-03  0.00000000e+00 
 2.94024480e-03  2.80447218e+00  2.94024480e-03  0.00000000e+00 
 2.94524480e-03  2.78742372e+00  2.94524480e-03  0.00000000e+00 
 2.95024480e-03  2.77047889e+00  2.95024480e-03  0.00000000e+00 
 2.95524480e-03  2.75363708e+00  2.95524480e-03  0.00000000e+00 
 2.96024480e-03  2.73689764e+00  2.96024480e-03  0.00000000e+00 
 2.96524480e-03  2.72025997e+00  2.96524480e-03  0.00000000e+00 
 2.97024480e-03  2.70372343e+00  2.97024480e-03  0.00000000e+00 
 2.97524480e-03  2.68728742e+00  2.97524480e-03  0.00000000e+00 
 2.98024480e-03  2.67095133e+00  2.98024480e-03  0.00000000e+00 
 2.98524480e-03  2.65471454e+00  2.98524480e-03  0.00000000e+00 
 2.99024480e-03  2.63857646e+00  2.99024480e-03  0.00000000e+00 
 2.99524480e-03  2.62253648e+00  2.99524480e-03  0.00000000e+00 
 3.00024480e-03  2.60659401e+00  3.00024480e-03  0.00000000e+00 
 3.00524480e-03  2.59074846e+00  3.00524480e-03  0.00000000e+00 
 3.01024480e-03  2.57499922e+00  3.01024480e-03  0.00000000e+00 
 3.01524480e-03  2.55934573e+00  3.01524480e-03  0.00000000e+00 
 3.02024480e-03  2.54378740e+00  3.02024480e-03  0.00000000e+00 
 3.02524480e-03  2.52832365e+00  3.02524480e-03  0.00000000e+00 
 3.03024480e-03  2.51295390e+00  3.03024480e-03  0.00000000e+00 
 3.03524480e-03  2.49767758e+00  3.03524480e-03  0.00000000e+00 
 3.04024480e-03  2.48249413e+00  3.04024480e-03  0.00000000e+00 
 3.04524480e-03  2.46740298e+00  3.04524480e-03  0.00000000e+00 
 3.05024480e-03  2.45240357e+00  3.05024480e-03  0.00000000e+00 
 3.05524480e-03  2.43749535e+00  3.05524480e-03  0.00000000e+00 
 3.06024480e-03  2.42267774e+00  3.06024480e-03  0.00000000e+00 
 3.06524480e-03  2.40795022e+00  3.06524480e-03  0.00000000e+00 
 3.07024480e-03  2.39331222e+00  3.07024480e-03  0.00000000e+00 
 3.07524480e-03  2.37876321e+00  3.07524480e-03  0.00000000e+00 
 3.08024480e-03  2.36430265e+00  3.08024480e-03  0.00000000e+00 
 3.08524480e-03  2.34992999e+00  3.08524480e-03  0.00000000e+00 
 3.09024480e-03  2.33564470e+00  3.09024480e-03  0.00000000e+00 
 3.09524480e-03  2.32144625e+00  3.09524480e-03  0.00000000e+00 
 3.10024480e-03  2.30733412e+00  3.10024480e-03  0.00000000e+00 
 3.10524480e-03  2.29330777e+00  3.10524480e-03  0.00000000e+00 
 3.11024480e-03  2.27936669e+00  3.11024480e-03  0.00000000e+00 
 3.11524480e-03  2.26551036e+00  3.11524480e-03  0.00000000e+00 
 3.12024480e-03  2.25173826e+00  3.12024480e-03  0.00000000e+00 
 3.12524480e-03  2.23804988e+00  3.12524480e-03  0.00000000e+00 
 3.13024480e-03  2.22444471e+00  3.13024480e-03  0.00000000e+00 
 3.13524480e-03  2.21092225e+00  3.13524480e-03  0.00000000e+00 
 3.14024480e-03  2.19748199e+00  3.14024480e-03  0.00000000e+00 
 3.14524480e-03  2.18412344e+00  3.14524480e-03  0.00000000e+00 
 3.15024480e-03  2.17084609e+00  3.15024480e-03  0.00000000e+00 
 3.15524480e-03  2.15764946e+00  3.15524480e-03  0.00000000e+00 
 3.16024480e-03  2.14453305e+00  3.16024480e-03  0.00000000e+00 
 3.16524480e-03  2.13149638e+00  3.16524480e-03  0.00000000e+00 
 3.17024480e-03  2.11853895e+00  3.17024480e-03  0.00000000e+00 
 3.17524480e-03  2.10566030e+00  3.17524480e-03  0.00000000e+00 
 3.18024480e-03  2.09285993e+00  3.18024480e-03  0.00000000e+00 
 3.18524480e-03  2.08013738e+00  3.18524480e-03  0.00000000e+00 
 3.19024480e-03  2.06749216e+00  3.19024480e-03  0.00000000e+00 
 3.19524480e-03  2.05492382e+00  3.19524480e-03  0.00000000e+00 
 3.20024480e-03  2.04243188e+00  3.20024480e-03  0.00000000e+00 
 3.20524480e-03  2.03001589e+00  3.20524480e-03  0.00000000e+00 
 3.21024480e-03  2.01767536e+00  3.21024480e-03  0.00000000e+00 
 3.21524480e-03  2.00540986e+00  3.21524480e-03  0.00000000e+00 
 3.22024480e-03  1.99321892e+00  3.22024480e-03  0.00000000e+00 
 3.22524480e-03  1.98110209e+00  3.22524480e-03  0.00000000e+00 
 3.23024480e-03  1.96905891e+00  3.23024480e-03  0.00000000e+00 
 3.23524480e-03  1.95708895e+00  3.23524480e-03  0.00000000e+00 
 3.24024480e-03  1.94519175e+00  3.24024480e-03  0.00000000e+00 
 3.24524480e-03  1.93336688e+00  3.24524480e-03  0.00000000e+00 
 3.25024480e-03  1.92161389e+00  3.25024480e-03  0.00000000e+00 
 3.25524480e-03  1.90993234e+00  3.25524480e-03  0.00000000e+00 
 3.26024480e-03  1.89832181e+00  3.26024480e-03  0.00000000e+00 
 3.26524480e-03  1.88678186e+00  3.26524480e-03  0.00000000e+00 
 3.27024480e-03  1.87531206e+00  3.27024480e-03  0.00000000e+00 
 3.27524480e-03  1.86391199e+00  3.27524480e-03  0.00000000e+00 
 3.28000000e-03  1.85313437e+00  3.28000000e-03  0.00000000e+00 
 3.28000010e-03  1.85313420e+00  3.28000010e-03  5.00000000e-01 
 3.28000030e-03  1.85313400e+00  3.28000030e-03  1.50000000e+00 
 3.28000070e-03  1.85313431e+00  3.28000070e-03  3.50000000e+00 
 3.28000100e-03  1.85313519e+00  3.28000100e-03  5.00000000e+00 
 3.28000108e-03  1.85313550e+00  3.28000108e-03  5.00000000e+00 
 3.28000124e-03  1.85313611e+00  3.28000124e-03  5.00000000e+00 
 3.28000156e-03  1.85313734e+00  3.28000156e-03  5.00000000e+00 
 3.28000220e-03  1.85313979e+00  3.28000220e-03  5.00000000e+00 
 3.28000348e-03  1.85314471e+00  3.28000348e-03  5.00000000e+00 
 3.28000604e-03  1.85315453e+00  3.28000604e-03  5.00000000e+00 
 3.28001116e-03  1.85317418e+00  3.28001116e-03  5.00000000e+00 
 3.28002140e-03  1.85321348e+00  3.28002140e-03  5.00000000e+00 
 3.28004188e-03  1.85329207e+00  3.28004188e-03  5.00000000e+00 
 3.28008284e-03  1.85344925e+00  3.28008284e-03  5.00000000e+00 
 3.28016476e-03  1.85376358e+00  3.28016476e-03  5.00000000e+00 
 3.28032860e-03  1.85439215e+00  3.28032860e-03  5.00000000e+00 
 3.28065628e-03  1.85564891e+00  3.28065628e-03  5.00000000e+00 
 3.28131164e-03  1.85816094e+00  3.28131164e-03  5.00000000e+00 
 3.28262236e-03  1.86317896e+00  3.28262236e-03  5.00000000e+00 
 3.28524380e-03  1.87319099e+00  3.28524380e-03  5.00000000e+00 
 3.29024380e-03  1.89219895e+00  3.29024380e-03  5.00000000e+00 
 3.29524380e-03  1.91109136e+00  3.29524380e-03  5.00000000e+00 
 3.30024380e-03  1.92986892e+00  3.30024380e-03  5.00000000e+00 
 3.30524380e-03  1.94853233e+00  3.30524380e-03  5.00000000e+00 
 3.31024380e-03  1.96708229e+00  3.31024380e-03  5.00000000e+00 
 3.31524380e-03  1.98551948e+00  3.31524380e-03  5.00000000e+00 
 3.32024380e-03  2.00384459e+00  3.32024380e-03  5.00000000e+00 
 3.32524380e-03  2.02205830e+00  3.32524380e-03  5.00000000e+00 
 3.33024380e-03  2.04016129e+00  3.33024380e-03  5.00000000e+00 
 3.33524380e-03  2.05815423e+00  3.33524380e-03  5.00000000e+00 
 3.34024380e-03  2.07603779e+00  3.34024380e-03  5.00000000e+00 
 3.34524380e-03  2.09381263e+00  3.34524380e-03  5.00000000e+00 
 3.35024380e-03  2.11147943e+00  3.35024380e-03  5.00000000e+00 
 3.35524380e-03  2.12903882e+00  3.35524380e-03  5.00000000e+00 
 3.36024380e-03  2.14649147e+00  3.36024380e-03  5.00000000e+00 
 3.36524380e-03  2.16383803e+00  3.36524380e-03  5.00000000e+00 
 3.37024380e-03  2.18107914e+00  3.37024380e-03  5.00000000e+00 
 3.37524380e-03  2.19821543e+00  3.37524380e-03  5.00000000e+00 
 3.38024380e-03  2.21524756e+00  3.38024380e-03  5.00000000e+00 
 3.38524380e-03  2.23217614e+00  3.38524380e-03  5.00000000e+00 
 3.39024380e-03  2.24900182e+00  3.39024380e-03  5.00000000e+00 
 3.39524380e-03  2.26572521e+00  3.39524380e-03  5.00000000e+00 
 3.40024380e-03  2.28234694e+00  3.40024380e-03  5.00000000e+00 
 3.40524380e-03  2.29886763e+00  3.40524380e-03  5.00000000e+00 
 3.41024380e-03  2.31528789e+00  3.41024380e-03  5.00000000e+00 
 3.41524380e-03  2.33160833e+00  3.41524380e-03  5.00000000e+00 
 3.42024380e-03  2.34782955e+00  3.42024380e-03  5.00000000e+00 
 3.42524380e-03  2.36395217e+00  3.42524380e-03  5.00000000e+00 
 3.43024380e-03  2.37997678e+00  3.43024380e-03  5.00000000e+00 
 3.43524380e-03  2.39590397e+00  3.43524380e-03  5.00000000e+00 
 3.44024380e-03  2.41173434e+00  3.44024380e-03  5.00000000e+00 
 3.44524380e-03  2.42746848e+00  3.44524380e-03  5.00000000e+00 
 3.45024380e-03  2.44310697e+00  3.45024380e-03  5.00000000e+00 
 3.45524380e-03  2.45865039e+00  3.45524380e-03  5.00000000e+00 
 3.46024380e-03  2.47409933e+00  3.46024380e-03  5.00000000e+00 
 3.46524380e-03  2.48945434e+00  3.46524380e-03  5.00000000e+00 
 3.47024380e-03  2.50471602e+00  3.47024380e-03  5.00000000e+00 
 3.47524380e-03  2.51988492e+00  3.47524380e-03  5.00000000e+00 
 3.48024380e-03  2.53496161e+00  3.48024380e-03  5.00000000e+00 
 3.48524380e-03  2.54994664e+00  3.48524380e-03  5.00000000e+00 
 3.49024380e-03  2.56484058e+00  3.49024380e-03  5.00000000e+00 
 3.49524380e-03  2.57964399e+00  3.49524380e-03  5.00000000e+00 
 3.50024380e-03  2.59435740e+00  3.50024380e-03  5.00000000e+00 
 3.50524380e-03  2.60898136e+00  3.50524380e-03  5.00000000e+00 
 3.51024380e-03  2.62351643e+00  3.51024380e-03  5.00000000e+00 
 3.51524380e-03  2.63796314e+00  3.51524380e-03  5.00000000e+00 
 3.52024380e-03  2.65232203e+00  3.52024380e-03  5.00000000e+00 
 3.52524380e-03  2.66659362e+00  3.52524380e-03  5.00000000e+00 
 3.53024380e-03  2.68077847e+00  3.53024380e-03  5.00000000e+00 
 3.53524380e-03  2.69487708e+00  3.53524380e-03  5.00000000e+00 
 3.54024380e-03  2.70888998e+00  3.54024380e-03  5.00000000e+00 
 3.54524380e-03  2.72281770e+00  3.54524380e-03  5.00000000e+00 
 3.55024380e-03  2.73666076e+00  3.55024380e-03  5.00000000e+00 
 3.55524380e-03  2.75041966e+00  3.55524380e-03  5.00000000e+00 
 3.56024380e-03  2.76409492e+00  3.56024380e-03  5.00000000e+00 
 3.56524380e-03  2.77768705e+00  3.56524380e-03  5.00000000e+00 
 3.57024380e-03  2.79119655e+00  3.57024380e-03  5.00000000e+00 
 3.57524380e-03  2.80462392e+00  3.57524380e-03  5.00000000e+00 
 3.58024380e-03  2.81796967e+00  3.58024380e-03  5.00000000e+00 
 3.58524380e-03  2.83123430e+00  3.58524380e-03  5.00000000e+00 
 3.59024380e-03  2.84441828e+00  3.59024380e-03  5.00000000e+00 
 3.59524380e-03  2.85752212e+00  3.59524380e-03  5.00000000e+00 
 3.60024380e-03  2.87054630e+00  3.60024380e-03  5.00000000e+00 
 3.60524380e-03  2.88349131e+00  3.60524380e-03  5.00000000e+00 
 3.61024380e-03  2.89635763e+00  3.61024380e-03  5.00000000e+00 
 3.61524380e-03  2.90914573e+00  3.61524380e-03  5.00000000e+00 
 3.62024380e-03  2.92185609e+00  3.62024380e-03  5.00000000e+00 
 3.62524380e-03  2.93448918e+00  3.62524380e-03  5.00000000e+00 
 3.63024380e-03  2.94704548e+00  3.63024380e-03  5.00000000e+00 
 3.63524380e-03  2.95952544e+00  3.63524380e-03  5.00000000e+00 
 3.64024380e-03  2.97192954e+00  3.64024380e-03  5.00000000e+00 
 3.64524380e-03  2.98425824e+00  3.64524380e-03  5.00000000e+00 
 3.65024380e-03  2.99651199e+00  3.65024380e-03  5.00000000e+00 
 3.65524380e-03  3.00869125e+00  3.65524380e-03  5.00000000e+00 
 3.66024380e-03  3.02079647e+00  3.66024380e-03  5.00000000e+00 
 3.66524380e-03  3.03282810e+00  3.66524380e-03  5.00000000e+00 
 3.67024380e-03  3.04478659e+00  3.67024380e-03  5.00000000e+00 
 3.67524380e-03  3.05667239e+00  3.67524380e-03  5.00000000e+00 
 3.68024380e-03  3.06848593e+00  3.68024380e-03  5.00000000e+00 
 3.68524380e-03  3.08022766e+00  3.68524380e-03  5.00000000e+00 
 3.69000100e-03  3.09133293e+00  3.69000100e-03  5.00000000e+00 
 3.69000110e-03  3.09133310e+00  3.69000110e-03  4.50000000e+00 
 3.69000130e-03  3.09133333e+00  3.69000130e-03  3.50000000e+00 
 3.69000170e-03  3.09133304e+00  3.69000170e-03  1.50000000e+00 
 3.69000200e-03  3.09133218e+00  3.69000200e-03  0.00000000e+00 
 3.69000208e-03  3.09133188e+00  3.69000208e-03  0.00000000e+00 
 3.69000224e-03  3.09133128e+00  3.69000224e-03  0.00000000e+00 
 3.69000256e-03  3.09133007e+00  3.69000256e-03  0.00000000e+00 
 3.69000320e-03  3.09132766e+00  3.69000320e-03  0.00000000e+00 
 3.69000448e-03  3.09132283e+00  3.69000448e-03  0.00000000e+00 
 3.69000704e-03  3.09131318e+00  3.69000704e-03  0.00000000e+00 
 3.69001216e-03  3.09129388e+00  3.69001216e-03  0.00000000e+00 
 3.69002240e-03  3.09125528e+00  3.69002240e-03  0.00000000e+00 
 3.69004288e-03  3.09117807e+00  3.69004288e-03  0.00000000e+00 
 3.69008384e-03  3.09102367e+00  3.69008384e-03  0.00000000e+00 
 3.69016576e-03  3.09071488e+00  3.69016576e-03  0.00000000e+00 
 3.69032960e-03  3.09009740e+00  3.69032960e-03  0.00000000e+00 
 3.69065728e-03  3.08886282e+00  3.69065728e-03  0.00000000e+00 
 3.69131264e-03  3.08639512e+00  3.69131264e-03  0.00000000e+00 
 3.69262336e-03  3.08146565e+00  3.69262336e-03  0.00000000e+00 
 3.69524480e-03  3.07163030e+00  3.69524480e-03  0.00000000e+00 
 3.70024480e-03  3.05295777e+00  3.70024480e-03  0.00000000e+00 
 3.70524480e-03  3.03439876e+00  3.70524480e-03  0.00000000e+00 
 3.71024480e-03  3.01595257e+00  3.71024480e-03  0.00000000e+00 
 3.71524480e-03  2.99761851e+00  3.71524480e-03  0.00000000e+00 
 3.72024480e-03  2.97939590e+00  3.72024480e-03  0.00000000e+00 
 3.72524480e-03  2.96128408e+00  3.72524480e-03  0.00000000e+00 
 3.73024480e-03  2.94328235e+00  3.73024480e-03  0.00000000e+00 
 3.73524480e-03  2.92539005e+00  3.73524480e-03  0.00000000e+00 
 3.74024480e-03  2.90760653e+00  3.74024480e-03  0.00000000e+00 
 3.74524480e-03  2.88993111e+00  3.74524480e-03  0.00000000e+00 
 3.75024480e-03  2.87236314e+00  3.75024480e-03  0.00000000e+00 
 3.75524480e-03  2.85490196e+00  3.75524480e-03  0.00000000e+00 
 3.76024480e-03  2.83754694e+00  3.76024480e-03  0.00000000e+00 
 3.76524480e-03  2.82029741e+00  3.76524480e-03  0.00000000e+00 
 3.77024480e-03  2.80315275e+00  3.77024480e-03  0.00000000e+00 
 3.77524480e-03  2.78611230e+00  3.77524480e-03  0.00000000e+00 
 3.78024480e-03  2.76917545e+00  3.78024480e-03  0.00000000e+00 
 3.78524480e-03  2.75234156e+00  3.78524480e-03  0.00000000e+00 
 3.79024480e-03  2.73561000e+00  3.79024480e-03  0.00000000e+00 
 3.79524480e-03  2.71898015e+00  3.79524480e-03  0.00000000e+00 
 3.80024480e-03  2.70245140e+00  3.80024480e-03  0.00000000e+00 
 3.80524480e-03  2.68602312e+00  3.80524480e-03  0.00000000e+00 
 3.81024480e-03  2.66969471e+00  3.81024480e-03  0.00000000e+00 
 3.81524480e-03  2.65346556e+00  3.81524480e-03  0.00000000e+00 
 3.82024480e-03  2.63733507e+00  3.82024480e-03  0.00000000e+00 
 3.82524480e-03  2.62130264e+00  3.82524480e-03  0.00000000e+00 
 3.83024480e-03  2.60536767e+00  3.83024480e-03  0.00000000e+00 
 3.83524480e-03  2.58952957e+00  3.83524480e-03  0.00000000e+00 
 3.84024480e-03  2.57378775e+00  3.84024480e-03  0.00000000e+00 
 3.84524480e-03  2.55814162e+00  3.84524480e-03  0.00000000e+00 
 3.85024480e-03  2.54259061e+00  3.85024480e-03  0.00000000e+00 
 3.85524480e-03  2.52713413e+00  3.85524480e-03  0.00000000e+00 
 3.86024480e-03  2.51177162e+00  3.86024480e-03  0.00000000e+00 
 3.86524480e-03  2.49650249e+00  3.86524480e-03  0.00000000e+00 
 3.87024480e-03  2.48132618e+00  3.87024480e-03  0.00000000e+00 
 3.87524480e-03  2.46624213e+00  3.87524480e-03  0.00000000e+00 
 3.88024480e-03  2.45124978e+00  3.88024480e-03  0.00000000e+00 
 3.88524480e-03  2.43634856e+00  3.88524480e-03  0.00000000e+00 
 3.89024480e-03  2.42153793e+00  3.89024480e-03  0.00000000e+00 
 3.89524480e-03  2.40681734e+00  3.89524480e-03  0.00000000e+00 
 3.90024480e-03  2.39218623e+00  3.90024480e-03  0.00000000e+00 
 3.90524480e-03  2.37764406e+00  3.90524480e-03  0.00000000e+00 
 3.91024480e-03  2.36319030e+00  3.91024480e-03  0.00000000e+00 
 3.91524480e-03  2.34882440e+00  3.91524480e-03  0.00000000e+00 
 3.92024480e-03  2.33454583e+00  3.92024480e-03  0.00000000e+00 
 3.92524480e-03  2.32035407e+00  3.92524480e-03  0.00000000e+00 
 3.93024480e-03  2.30624857e+00  3.93024480e-03  0.00000000e+00 
 3.93524480e-03  2.29222882e+00  3.93524480e-03  0.00000000e+00 
 3.94024480e-03  2.27829430e+00  3.94024480e-03  0.00000000e+00 
 3.94524480e-03  2.26444449e+00  3.94524480e-03  0.00000000e+00 
 3.95024480e-03  2.25067887e+00  3.95024480e-03  0.00000000e+00 
 3.95524480e-03  2.23699693e+00  3.95524480e-03  0.00000000e+00 
 3.96024480e-03  2.22339816e+00  3.96024480e-03  0.00000000e+00 
 3.96524480e-03  2.20988206e+00  3.96524480e-03  0.00000000e+00 
 3.97024480e-03  2.19644813e+00  3.97024480e-03  0.00000000e+00 
 3.97524480e-03  2.18309586e+00  3.97524480e-03  0.00000000e+00 
 3.98024480e-03  2.16982476e+00  3.98024480e-03  0.00000000e+00 
 3.98524480e-03  2.15663434e+00  3.98524480e-03  0.00000000e+00 
 3.99024480e-03  2.14352410e+00  3.99024480e-03  0.00000000e+00 
 3.99524480e-03  2.13049356e+00  3.99524480e-03  0.00000000e+00 
 4.00024480e-03  2.11754223e+00  4.00024480e-03  0.00000000e+00 
 4.00524480e-03  2.10466963e+00  4.00524480e-03  0.00000000e+00 
 4.01024480e-03  2.09187529e+00  4.01024480e-03  0.00000000e+00 
 4.01524480e-03  2.07915872e+00  4.01524480e-03  0.00000000e+00 
 4.02024480e-03  2.06651946e+00  4.02024480e-03  0.00000000e+00 
 4.02524480e-03  2.05395703e+00  4.02524480e-03  0.00000000e+00 
 4.03024480e-03  2.04147097e+00  4.03024480e-03  0.00000000e+00 
 4.03524480e-03  2.02906081e+00  4.03524480e-03  0.00000000e+00 
 4.04024480e-03  2.01672610e+00  4.04024480e-03  0.00000000e+00 
 4.04524480e-03  2.00446636e+00  4.04524480e-03  0.00000000e+00 
 4.05024480e-03  1.99228116e+00  4.05024480e-03  0.00000000e+00 
 4.05524480e-03  1.98017002e+00  4.05524480e-03  0.00000000e+00 
 4.06024480e-03  1.96813252e+00  4.06024480e-03  0.00000000e+00 
 4.06524480e-03  1.95616819e+00  4.06524480e-03  0.00000000e+00 
 4.07024480e-03  1.94427659e+00  4.07024480e-03  0.00000000e+00 
 4.07524480e-03  1.93245728e+00  4.07524480e-03  0.00000000e+00 
 4.08024480e-03  1.92070981e+00  4.08024480e-03  0.00000000e+00 
 4.08524480e-03  1.90903377e+00  4.08524480e-03  0.00000000e+00 
 4.09024480e-03  1.89742870e+00  4.09024480e-03  0.00000000e+00 
 4.09524480e-03  1.88589418e+00  4.09524480e-03  0.00000000e+00 
 4.10000000e-03  1.87498945e+00  4.10000000e-03  0.00000000e+00 
 4.10050000e-03  1.87689378e+00  4.10050000e-03  5.00000000e+00 
 4.10150000e-03  1.88070013e+00  4.10150000e-03  5.00000000e+00 
 4.10350000e-03  1.88829891e+00  4.10350000e-03  5.00000000e+00 
 4.10750000e-03  1.90344101e+00  4.10750000e-03  5.00000000e+00 
 4.11250000e-03  1.92226507e+00  4.11250000e-03  5.00000000e+00 
 4.11750000e-03  1.94097471e+00  4.11750000e-03  5.00000000e+00 
 4.12250000e-03  1.95957061e+00  4.12250000e-03  5.00000000e+00 
 4.12750000e-03  1.97805346e+00  4.12750000e-03  5.00000000e+00 
 4.13250000e-03  1.99642396e+00  4.13250000e-03  5.00000000e+00 
 4.13750000e-03  2.01468278e+00  4.13750000e-03  5.00000000e+00 
 4.14250000e-03  2.03283060e+00  4.14250000e-03  5.00000000e+00 
 4.14750000e-03  2.05086811e+00  4.14750000e-03  5.00000000e+00 
 4.15250000e-03  2.06879596e+00  4.15250000e-03  5.00000000e+00 
 4.15750000e-03  2.08661483e+00  4.15750000e-03  5.00000000e+00 
 4.16250000e-03  2.10432538e+00  4.16250000e-03  5.00000000e+00 
 4.16750000e-03  2.12192826e+00  4.16750000e-03  5.00000000e+00 
 4.17250000e-03  2.13942414e+00  4.17250000e-03  5.00000000e+00 
 4.17750000e-03  2.15681366e+00  4.17750000e-03  5.00000000e+00 
 4.18250000e-03  2.17409747e+00  4.18250000e-03  5.00000000e+00 
 4.18750000e-03  2.19127621e+00  4.18750000e-03  5.00000000e+00 
 4.19250000e-03  2.20835051e+00  4.19250000e-03  5.00000000e+00 
 4.19750000e-03  2.22532103e+00  4.19750000e-03  5.00000000e+00 
 4.20250000e-03  2.24218838e+00  4.20250000e-03  5.00000000e+00 
 4.20750000e-03  2.25895319e+00  4.20750000e-03  5.00000000e+00 
 4.21250000e-03  2.27561609e+00  4.21250000e-03  5.00000000e+00 
 4.21750000e-03  2.29217769e+00  4.21750000e-03  5.00000000e+00 
 4.22250000e-03  2.30863862e+00  4.22250000e-03  5.00000000e+00 
 4.22750000e-03  2.32499948e+00  4.22750000e-03  5.00000000e+00 
 4.23250000e-03  2.34126088e+00  4.23250000e-03  5.00000000e+00 
 4.23750000e-03  2.35742343e+00  4.23750000e-03  5.00000000e+00 
 4.24250000e-03  2.37348772e+00  4.24250000e-03  5.00000000e+00 
 4.24750000e-03  2.38945436e+00  4.24750000e-03  5.00000000e+00 
 4.25250000e-03  2.40532394e+00  4.25250000e-03  5.00000000e+00 
 4.25750000e-03  2.42109705e+00  4.25750000e-03  5.00000000e+00 
 4.26250000e-03  2.43677427e+00  4.26250000e-03  5.00000000e+00 
 4.26750000e-03  2.45235619e+00  4.26750000e-03  5.00000000e+00 
 4.27250000e-03  2.46784338e+00  4.27250000e-03  5.00000000e+00 
 4.27750000e-03  2.48323643e+00  4.27750000e-03  5.00000000e+00 
 4.28250000e-03  2.49853591e+00  4.28250000e-03  5.00000000e+00 
 4.28750000e-03  2.51374238e+00  4.28750000e-03  5.00000000e+00 
 4.29250000e-03  2.52885640e+00  4.29250000e-03  5.00000000e+00 
 4.29750000e-03  2.54387855e+00  4.29750000e-03  5.00000000e+00 
 4.30250000e-03  2.55880938e+00  4.30250000e-03  5.00000000e+00 
 4.30750000e-03  2.57364945e+00  4.30750000e-03  5.00000000e+00 
 4.31250000e-03  2.58839930e+00  4.31250000e-03  5.00000000e+00 
 4.31750000e-03  2.60305949e+00  4.31750000e-03  5.00000000e+00 
 4.32250000e-03  2.61763055e+00  4.32250000e-03  5.00000000e+00 
 4.32750000e-03  2.63211304e+00  4.32750000e-03  5.00000000e+00 
 4.33250000e-03  2.64650749e+00  4.33250000e-03  5.00000000e+00 
 4.33750000e-03  2.66081444e+00  4.33750000e-03  5.00000000e+00 
 4.34250000e-03  2.67503441e+00  4.34250000e-03  5.00000000e+00 
 4.34750000e-03  2.68916794e+00  4.34750000e-03  5.00000000e+00 
 4.35250000e-03  2.70321555e+00  4.35250000e-03  5.00000000e+00 
 4.35750000e-03  2.71717777e+00  4.35750000e-03  5.00000000e+00 
 4.36250000e-03  2.73105511e+00  4.36250000e-03  5.00000000e+00 
 4.36750000e-03  2.74484808e+00  4.36750000e-03  5.00000000e+00 
 4.37250000e-03  2.75855721e+00  4.37250000e-03  5.00000000e+00 
 4.37750000e-03  2.77218301e+00  4.37750000e-03  5.00000000e+00 
 4.38250000e-03  2.78572597e+00  4.38250000e-03  5.00000000e+00 
 4.38750000e-03  2.79918660e+00  4.38750000e-03  5.00000000e+00 
 4.39250000e-03  2.81256540e+00  4.39250000e-03  5.00000000e+00 
 4.39750000e-03  2.82586288e+00  4.39750000e-03  5.00000000e+00 
 4.40250000e-03  2.83907952e+00  4.40250000e-03  5.00000000e+00 
 4.40750000e-03  2.85221581e+00  4.40750000e-03  5.00000000e+00 
 4.41250000e-03  2.86527225e+00  4.41250000e-03  5.00000000e+00 
 4.41750000e-03  2.87824932e+00  4.41750000e-03  5.00000000e+00 
 4.42250000e-03  2.89114750e+00  4.42250000e-03  5.00000000e+00 
 4.42750000e-03  2.90396727e+00  4.42750000e-03  5.00000000e+00 
 4.43250000e-03  2.91670911e+00  4.43250000e-03  5.00000000e+00 
 4.43750000e-03  2.92937349e+00  4.43750000e-03  5.00000000e+00 
 4.44250000e-03  2.94196089e+00  4.44250000e-03  5.00000000e+00 
 4.44750000e-03  2.95447177e+00  4.44750000e-03  5.00000000e+00 
 4.45250000e-03  2.96690659e+00  4.45250000e-03  5.00000000e+00 
 4.45750000e-03  2.97926582e+00  4.45750000e-03  5.00000000e+00 
 4.46250000e-03  2.99154992e+00  4.46250000e-03  5.00000000e+00 
 4.46750000e-03  3.00375934e+00  4.46750000e-03  5.00000000e+00 
 4.47250000e-03  3.01589454e+00  4.47250000e-03  5.00000000e+00 
 4.47750000e-03  3.02795597e+00  4.47750000e-03  5.00000000e+00 
 4.48250000e-03  3.03994408e+00  4.48250000e-03  5.00000000e+00 
 4.48750000e-03  3.05185932e+00  4.48750000e-03  5.00000000e+00 
 4.49250000e-03  3.06370212e+00  4.49250000e-03  5.00000000e+00 
 4.49750000e-03  3.07547292e+00  4.49750000e-03  5.00000000e+00 
 4.50250000e-03  3.08717218e+00  4.50250000e-03  5.00000000e+00 
 4.50750000e-03  3.09880031e+00  4.50750000e-03  5.00000000e+00 
 4.51000100e-03  3.10459014e+00  4.51000100e-03  5.00000000e+00 
 4.51000110e-03  3.10459031e+00  4.51000110e-03  4.50000000e+00 
 4.51000130e-03  3.10459053e+00  4.51000130e-03  3.50000000e+00 
 4.51000170e-03  3.10459023e+00  4.51000170e-03  1.50000000e+00 
 4.51000200e-03  3.10458937e+00  4.51000200e-03  2.08967865e-09 
 4.51000208e-03  3.10458907e+00  4.51000208e-03  0.00000000e+00 
 4.51000224e-03  3.10458846e+00  4.51000224e-03  0.00000000e+00 
 4.51000256e-03  3.10458725e+00  4.51000256e-03  0.00000000e+00 
 4.51000320e-03  3.10458483e+00  4.51000320e-03  0.00000000e+00 
 4.51000448e-03  3.10457998e+00  4.51000448e-03  0.00000000e+00 
 4.51000704e-03  3.10457029e+00  4.51000704e-03  0.00000000e+00 
 4.51001216e-03  3.10455090e+00  4.51001216e-03  0.00000000e+00 
 4.51002240e-03  3.10451214e+00  4.51002240e-03  0.00000000e+00 
 4.51004288e-03  3.10443460e+00  4.51004288e-03  0.00000000e+00 
 4.51008384e-03  3.10427953e+00  4.51008384e-03  0.00000000e+00 
 4.51016576e-03  3.10396942e+00  4.51016576e-03  0.00000000e+00 
 4.51032960e-03  3.10334930e+00  4.51032960e-03  0.00000000e+00 
 4.51065728e-03  3.10210942e+00  4.51065728e-03  0.00000000e+00 
 4.51131264e-03  3.09963114e+00  4.51131264e-03  0.00000000e+00 
 4.51262336e-03  3.09468053e+00  4.51262336e-03  0.00000000e+00 
 4.51524480e-03  3.08480300e+00  4.51524480e-03  0.00000000e+00 
 4.52024480e-03  3.06605040e+00  4.52024480e-03  0.00000000e+00 
 4.52524480e-03  3.04741179e+00  4.52524480e-03  0.00000000e+00 
 4.53024480e-03  3.02888649e+00  4.53024480e-03  0.00000000e+00 
 4.53524480e-03  3.01047381e+00  4.53524480e-03  0.00000000e+00 
 4.54024480e-03  2.99217306e+00  4.54024480e-03  0.00000000e+00 
 4.54524480e-03  2.97398355e+00  4.54524480e-03  0.00000000e+00 
 4.55024480e-03  2.95590463e+00  4.55024480e-03  0.00000000e+00 
 4.55524480e-03  2.93793560e+00  4.55524480e-03  0.00000000e+00 
 4.56024480e-03  2.92007581e+00  4.56024480e-03  0.00000000e+00 
 4.56524480e-03  2.90232459e+00  4.56524480e-03  0.00000000e+00 
 4.57024480e-03  2.88468128e+00  4.57024480e-03  0.00000000e+00 
 4.57524480e-03  2.86714522e+00  4.57524480e-03  0.00000000e+00 
 4.58024480e-03  2.84971577e+00  4.58024480e-03  0.00000000e+00 
 4.58524480e-03  2.83239227e+00  4.58524480e-03  0.00000000e+00 
 4.59024480e-03  2.81517408e+00  4.59024480e-03  0.00000000e+00 
 4.59524480e-03  2.79806056e+00  4.59524480e-03  0.00000000e+00 
 4.60024480e-03  2.78105107e+00  4.60024480e-03  0.00000000e+00 
 4.60524480e-03  2.76414499e+00  4.60524480e-03  0.00000000e+00 
 4.61024480e-03  2.74734167e+00  4.61024480e-03  0.00000000e+00 
 4.61524480e-03  2.73064051e+00  4.61524480e-03  0.00000000e+00 
 4.62024480e-03  2.71404087e+00  4.62024480e-03  0.00000000e+00 
 4.62524480e-03  2.69754214e+00  4.62524480e-03  0.00000000e+00 
 4.63024480e-03  2.68114371e+00  4.63024480e-03  0.00000000e+00 
 4.63524480e-03  2.66484496e+00  4.63524480e-03  0.00000000e+00 
 4.64024480e-03  2.64864530e+00  4.64024480e-03  0.00000000e+00 
 4.64524480e-03  2.63254411e+00  4.64524480e-03  0.00000000e+00 
 4.65024480e-03  2.61654080e+00  4.65024480e-03  0.00000000e+00 
 4.65524480e-03  2.60063478e+00  4.65524480e-03  0.00000000e+00 
 4.66024480e-03  2.58482545e+00  4.66024480e-03  0.00000000e+00 
 4.66524480e-03  2.56911222e+00  4.66524480e-03  0.00000000e+00 
 4.67024480e-03  2.55349452e+00  4.67024480e-03  0.00000000e+00 
 4.67524480e-03  2.53797176e+00  4.67524480e-03  0.00000000e+00 
 4.68024480e-03  2.52254336e+00  4.68024480e-03  0.00000000e+00 
 4.68524480e-03  2.50720875e+00  4.68524480e-03  0.00000000e+00 
 4.69024480e-03  2.49196736e+00  4.69024480e-03  0.00000000e+00 
 4.69524480e-03  2.47681862e+00  4.69524480e-03  0.00000000e+00 
 4.70024480e-03  2.46176197e+00  4.70024480e-03  0.00000000e+00 
 4.70524480e-03  2.44679685e+00  4.70524480e-03  0.00000000e+00 
 4.71024480e-03  2.43192271e+00  4.71024480e-03  0.00000000e+00 
 4.71524480e-03  2.41713898e+00  4.71524480e-03  0.00000000e+00 
 4.72024480e-03  2.40244513e+00  4.72024480e-03  0.00000000e+00 
 4.72524480e-03  2.38784060e+00  4.72524480e-03  0.00000000e+00 
 4.73024480e-03  2.37332485e+00  4.73024480e-03  0.00000000e+00 
 4.73524480e-03  2.35889734e+00  4.73524480e-03  0.00000000e+00 
 4.74024480e-03  2.34455754e+00  4.74024480e-03  0.00000000e+00 
 4.74524480e-03  2.33030491e+00  4.74524480e-03  0.00000000e+00 
 4.75024480e-03  2.31613893e+00  4.75024480e-03  0.00000000e+00 
 4.75524480e-03  2.30205905e+00  4.75524480e-03  0.00000000e+00 
 4.76024480e-03  2.28806477e+00  4.76024480e-03  0.00000000e+00 
 4.76524480e-03  2.27415557e+00  4.76524480e-03  0.00000000e+00 
 4.77024480e-03  2.26033091e+00  4.77024480e-03  0.00000000e+00 
 4.77524480e-03  2.24659030e+00  4.77524480e-03  0.00000000e+00 
 4.78024480e-03  2.23293322e+00  4.78024480e-03  0.00000000e+00 
 4.78524480e-03  2.21935915e+00  4.78524480e-03  0.00000000e+00 
 4.79024480e-03  2.20586761e+00  4.79024480e-03  0.00000000e+00 
 4.79524480e-03  2.19245808e+00  4.79524480e-03  0.00000000e+00 
 4.80024480e-03  2.17913007e+00  4.80024480e-03  0.00000000e+00 
 4.80524480e-03  2.16588307e+00  4.80524480e-03  0.00000000e+00 
 4.81024480e-03  2.15271661e+00  4.81024480e-03  0.00000000e+00 
 4.81524480e-03  2.13963019e+00  4.81524480e-03  0.00000000e+00 
 4.82024480e-03  2.12662332e+00  4.82024480e-03  0.00000000e+00 
 4.82524480e-03  2.11369552e+00  4.82524480e-03  0.00000000e+00 
 4.83024480e-03  2.10084630e+00  4.83024480e-03  0.00000000e+00 
 4.83524480e-03  2.08807520e+00  4.83524480e-03  0.00000000e+00 
 4.84024480e-03  2.07538174e+00  4.84024480e-03  0.00000000e+00 
 4.84524480e-03  2.06276543e+00  4.84524480e-03  0.00000000e+00 
 4.85024480e-03  2.05022583e+00  4.85024480e-03  0.00000000e+00 
 4.85524480e-03  2.03776245e+00  4.85524480e-03  0.00000000e+00 
 4.86024480e-03  2.02537483e+00  4.86024480e-03  0.00000000e+00 
 4.86524480e-03  2.01306252e+00  4.86524480e-03  0.00000000e+00 
 4.87024480e-03  2.00082506e+00  4.87024480e-03  0.00000000e+00 
 4.87524480e-03  1.98866199e+00  4.87524480e-03  0.00000000e+00 
 4.88024480e-03  1.97657286e+00  4.88024480e-03  0.00000000e+00 
 4.88524480e-03  1.96455722e+00  4.88524480e-03  0.00000000e+00 
 4.89024480e-03  1.95261462e+00  4.89024480e-03  0.00000000e+00 
 4.89524480e-03  1.94074463e+00  4.89524480e-03  0.00000000e+00 
 4.90024480e-03  1.92894679e+00  4.90024480e-03  0.00000000e+00 
 4.90524480e-03  1.91722067e+00  4.90524480e-03  0.00000000e+00 
 4.91024480e-03  1.90556583e+00  4.91024480e-03  0.00000000e+00 
 4.91524480e-03  1.89398184e+00  4.91524480e-03  0.00000000e+00 
 4.92000000e-03  1.88303035e+00  4.92000000e-03  0.00000000e+00 
 4.92050000e-03  1.88492978e+00  4.92050000e-03  5.00000000e+00 
 4.92150000e-03  1.88872633e+00  4.92150000e-03  5.00000000e+00 
 4.92350000e-03  1.89630556e+00  4.92350000e-03  5.00000000e+00 
 4.92750000e-03  1.91140870e+00  4.92750000e-03  5.00000000e+00 
 4.93250000e-03  1.93018433e+00  4.93250000e-03  5.00000000e+00 
 4.93750000e-03  1.94884582e+00  4.93750000e-03  5.00000000e+00 
 4.94250000e-03  1.96739387e+00  4.94250000e-03  5.00000000e+00 
 4.94750000e-03  1.98582917e+00  4.94750000e-03  5.00000000e+00 
 4.95250000e-03  2.00415240e+00  4.95250000e-03  5.00000000e+00 
 4.95750000e-03  2.02236424e+00  4.95750000e-03  5.00000000e+00 
 4.96250000e-03  2.04046536e+00  4.96250000e-03  5.00000000e+00 
 4.96750000e-03  2.05845646e+00  4.96750000e-03  5.00000000e+00 
 4.97250000e-03  2.07633818e+00  4.97250000e-03  5.00000000e+00 
 4.97750000e-03  2.09411120e+00  4.97750000e-03  5.00000000e+00 
 4.98250000e-03  2.11177618e+00  4.98250000e-03  5.00000000e+00 
 4.98750000e-03  2.12933377e+00  4.98750000e-03  5.00000000e+00 
 4.99250000e-03  2.14678463e+00  4.99250000e-03  5.00000000e+00 
 4.99750000e-03  2.16412940e+00  4.99750000e-03  5.00000000e+00 
 5.00250000e-03  2.18136874e+00  5.00250000e-03  5.00000000e+00 
 5.00750000e-03  2.19850327e+00  5.00750000e-03  5.00000000e+00 
 5.01250000e-03  2.21553365e+00  5.01250000e-03  5.00000000e+00 
 5.01750000e-03  2.23246050e+00  5.01750000e-03  5.00000000e+00 
 5.02250000e-03  2.24928444e+00  5.02250000e-03  5.00000000e+00 
 5.02750000e-03  2.26600612e+00  5.02750000e-03  5.00000000e+00 
 5.03250000e-03  2.28262614e+00  5.03250000e-03  5.00000000e+00 
 5.03750000e-03  2.29914513e+00  5.03750000e-03  5.00000000e+00 
 5.04250000e-03  2.31556370e+00  5.04250000e-03  5.00000000e+00 
 5.04750000e-03  2.33188247e+00  5.04750000e-03  5.00000000e+00 
 5.05250000e-03  2.34810203e+00  5.05250000e-03  5.00000000e+00 
 5.05750000e-03  2.36422299e+00  5.05750000e-03  5.00000000e+00 
 5.06250000e-03  2.38024595e+00  5.06250000e-03  5.00000000e+00 
 5.06750000e-03  2.39617150e+00  5.06750000e-03  5.00000000e+00 
 5.07250000e-03  2.41200025e+00  5.07250000e-03  5.00000000e+00 
 5.07750000e-03  2.42773277e+00  5.07750000e-03  5.00000000e+00 
 5.08250000e-03  2.44336965e+00  5.08250000e-03  5.00000000e+00 
 5.08750000e-03  2.45891148e+00  5.08750000e-03  5.00000000e+00 
 5.09250000e-03  2.47435882e+00  5.09250000e-03  5.00000000e+00 
 5.09750000e-03  2.48971227e+00  5.09750000e-03  5.00000000e+00 
 5.10250000e-03  2.50497237e+00  5.10250000e-03  5.00000000e+00 
 5.10750000e-03  2.52013971e+00  5.10750000e-03  5.00000000e+00 
 5.11250000e-03  2.53521485e+00  5.11250000e-03  5.00000000e+00 
 5.11750000e-03  2.55019835e+00  5.11750000e-03  5.00000000e+00 
 5.12250000e-03  2.56509076e+00  5.12250000e-03  5.00000000e+00 
 5.12750000e-03  2.57989264e+00  5.12750000e-03  5.00000000e+00 
 5.13250000e-03  2.59460454e+00  5.13250000e-03  5.00000000e+00 
 5.13750000e-03  2.60922700e+00  5.13750000e-03  5.00000000e+00 
 5.14250000e-03  2.62376058e+00  5.14250000e-03  5.00000000e+00 
 5.14750000e-03  2.63820580e+00  5.14750000e-03  5.00000000e+00 
 5.15250000e-03  2.65256321e+00  5.15250000e-03  5.00000000e+00 
 5.15750000e-03  2.66683335e+00  5.15750000e-03  5.00000000e+00 
 5.16250000e-03  2.68101673e+00  5.16250000e-03  5.00000000e+00 
 5.16750000e-03  2.69511389e+00  5.16750000e-03  5.00000000e+00 
 5.17250000e-03  2.70912536e+00  5.17250000e-03  5.00000000e+00 
 5.17750000e-03  2.72305165e+00  5.17750000e-03  5.00000000e+00 
 5.18250000e-03  2.73689328e+00  5.18250000e-03  5.00000000e+00 
 5.18750000e-03  2.75065077e+00  5.18750000e-03  5.00000000e+00 
 5.19250000e-03  2.76432462e+00  5.19250000e-03  5.00000000e+00 
 5.19750000e-03  2.77791536e+00  5.19750000e-03  5.00000000e+00 
 5.20250000e-03  2.79142347e+00  5.20250000e-03  5.00000000e+00 
 5.20750000e-03  2.80484947e+00  5.20750000e-03  5.00000000e+00 
 5.21250000e-03  2.81819385e+00  5.21250000e-03  5.00000000e+00 
 5.21750000e-03  2.83145711e+00  5.21750000e-03  5.00000000e+00 
 5.22250000e-03  2.84463974e+00  5.22250000e-03  5.00000000e+00 
 5.22750000e-03  2.85774223e+00  5.22750000e-03  5.00000000e+00 
 5.23250000e-03  2.87076507e+00  5.23250000e-03  5.00000000e+00 
 5.23750000e-03  2.88370875e+00  5.23750000e-03  5.00000000e+00 
 5.24250000e-03  2.89657374e+00  5.24250000e-03  5.00000000e+00 
 5.24750000e-03  2.90936053e+00  5.24750000e-03  5.00000000e+00 
 5.25250000e-03  2.92206958e+00  5.25250000e-03  5.00000000e+00 
 5.25750000e-03  2.93470138e+00  5.25750000e-03  5.00000000e+00 
 5.26250000e-03  2.94725639e+00  5.26250000e-03  5.00000000e+00 
 5.26750000e-03  2.95973507e+00  5.26750000e-03  5.00000000e+00 
 5.27250000e-03  2.97213790e+00  5.27250000e-03  5.00000000e+00 
 5.27750000e-03  2.98446533e+00  5.27750000e-03  5.00000000e+00 
 5.28250000e-03  2.99671782e+00  5.28250000e-03  5.00000000e+00 
 5.28750000e-03  3.00889582e+00  5.28750000e-03  5.00000000e+00 
 5.29250000e-03  3.02099980e+00  5.29250000e-03  5.00000000e+00 
 5.29750000e-03  3.03303020e+00  5.29750000e-03  5.00000000e+00 
 5.30250000e-03  3.04498746e+00  5.30250000e-03  5.00000000e+00 
 5.30750000e-03  3.05687204e+00  5.30750000e-03  5.00000000e+00 
 5.31250000e-03  3.06868436e+00  5.31250000e-03  5.00000000e+00 
 5.31750000e-03  3.08042488e+00  5.31750000e-03  5.00000000e+00 
 5.32250000e-03  3.09209403e+00  5.32250000e-03  5.00000000e+00 
 5.32750000e-03  3.10369225e+00  5.32750000e-03  5.00000000e+00 
 5.33000100e-03  3.10946718e+00  5.33000100e-03  5.00000000e+00 
 5.33000110e-03  3.10946735e+00  5.33000110e-03  4.50000000e+00 
 5.33000130e-03  3.10946757e+00  5.33000130e-03  3.50000000e+00 
 5.33000170e-03  3.10946727e+00  5.33000170e-03  1.50000000e+00 
 5.33000200e-03  3.10946640e+00  5.33000200e-03  0.00000000e+00 
 5.33000208e-03  3.10946610e+00  5.33000208e-03  0.00000000e+00 
 5.33000224e-03  3.10946549e+00  5.33000224e-03  0.00000000e+00 
 5.33000256e-03  3.10946428e+00  5.33000256e-03  0.00000000e+00 
 5.33000320e-03  3.10946185e+00  5.33000320e-03  0.00000000e+00 
 5.33000448e-03  3.10945700e+00  5.33000448e-03  0.00000000e+00 
 5.33000704e-03  3.10944729e+00  5.33000704e-03  0.00000000e+00 
 5.33001216e-03  3.10942788e+00  5.33001216e-03  0.00000000e+00 
 5.33002240e-03  3.10938905e+00  5.33002240e-03  0.00000000e+00 
 5.33004288e-03  3.10931139e+00  5.33004288e-03  0.00000000e+00 
 5.33008384e-03  3.10915608e+00  5.33008384e-03  0.00000000e+00 
 5.33016576e-03  3.10884548e+00  5.33016576e-03  0.00000000e+00 
 5.33032960e-03  3.10822438e+00  5.33032960e-03  0.00000000e+00 
 5.33065728e-03  3.10698255e+00  5.33065728e-03  0.00000000e+00 
 5.33131264e-03  3.10450039e+00  5.33131264e-03  0.00000000e+00 
 5.33262336e-03  3.09954199e+00  5.33262336e-03  0.00000000e+00 
 5.33524480e-03  3.08964895e+00  5.33524480e-03  0.00000000e+00 
 5.34024480e-03  3.07086689e+00  5.34024480e-03  0.00000000e+00 
 5.34524480e-03  3.05219900e+00  5.34524480e-03  0.00000000e+00 
 5.35024480e-03  3.03364460e+00  5.35024480e-03  0.00000000e+00 
 5.35524480e-03  3.01520300e+00  5.35524480e-03  0.00000000e+00 
 5.36024480e-03  2.99687349e+00  5.36024480e-03  0.00000000e+00 
 5.36524480e-03  2.97865542e+00  5.36524480e-03  0.00000000e+00 
 5.37024480e-03  2.96054809e+00  5.37024480e-03  0.00000000e+00 
 5.37524480e-03  2.94255084e+00  5.37524480e-03  0.00000000e+00 
 5.38024480e-03  2.92466299e+00  5.38024480e-03  0.00000000e+00 
 5.38524480e-03  2.90688388e+00  5.38524480e-03  0.00000000e+00 
 5.39024480e-03  2.88921286e+00  5.39024480e-03  0.00000000e+00 
 5.39524480e-03  2.87164925e+00  5.39524480e-03  0.00000000e+00 
 5.40024480e-03  2.85419242e+00  5.40024480e-03  0.00000000e+00 
 5.40524480e-03  2.83684170e+00  5.40524480e-03  0.00000000e+00 
 5.41024480e-03  2.81959647e+00  5.41024480e-03  0.00000000e+00 
 5.41524480e-03  2.80245606e+00  5.41524480e-03  0.00000000e+00 
 5.42024480e-03  2.78541986e+00  5.42024480e-03  0.00000000e+00 
 5.42524480e-03  2.76848721e+00  5.42524480e-03  0.00000000e+00 
 5.43024480e-03  2.75165750e+00  5.43024480e-03  0.00000000e+00 
 5.43524480e-03  2.73493010e+00  5.43524480e-03  0.00000000e+00 
 5.44024480e-03  2.71830439e+00  5.44024480e-03  0.00000000e+00 
 5.44524480e-03  2.70177974e+00  5.44524480e-03  0.00000000e+00 
 5.45024480e-03  2.68535555e+00  5.45024480e-03  0.00000000e+00 
 5.45524480e-03  2.66903120e+00  5.45524480e-03  0.00000000e+00 
 5.46024480e-03  2.65280608e+00  5.46024480e-03  0.00000000e+00 
 5.46524480e-03  2.63667960e+00  5.46524480e-03  0.00000000e+00 
 5.47024480e-03  2.62065116e+00  5.47024480e-03  0.00000000e+00 
 5.47524480e-03  2.60472014e+00  5.47524480e-03  0.00000000e+00 
 5.48024480e-03  2.58888598e+00  5.48024480e-03  0.00000000e+00 
 5.48524480e-03  2.57314807e+00  5.48524480e-03  0.00000000e+00 
 5.49024480e-03  2.55750583e+00  5.49024480e-03  0.00000000e+00 
 5.49524480e-03  2.54195869e+00  5.49524480e-03  0.00000000e+00 
 5.50024480e-03  2.52650605e+00  5.50024480e-03  0.00000000e+00 
 5.50524480e-03  2.51114735e+00  5.50524480e-03  0.00000000e+00 
 5.51024480e-03  2.49588202e+00  5.51024480e-03  0.00000000e+00 
 5.51524480e-03  2.48070948e+00  5.51524480e-03  0.00000000e+00 
 5.52024480e-03  2.46562918e+00  5.52024480e-03  0.00000000e+00 
 5.52524480e-03  2.45064055e+00  5.52524480e-03  0.00000000e+00 
 5.53024480e-03  2.43574304e+00  5.53024480e-03  0.00000000e+00 
 5.53524480e-03  2.42093609e+00  5.53524480e-03  0.00000000e+00 
 5.54024480e-03  2.40621916e+00  5.54024480e-03  0.00000000e+00 
 5.54524480e-03  2.39159169e+00  5.54524480e-03  0.00000000e+00 
 5.55024480e-03  2.37705313e+00  5.55024480e-03  0.00000000e+00 
 5.55524480e-03  2.36260296e+00  5.55524480e-03  0.00000000e+00 
 5.56024480e-03  2.34824063e+00  5.56024480e-03  0.00000000e+00 
 5.56524480e-03  2.33396562e+00  5.56524480e-03  0.00000000e+00 
 5.57024480e-03  2.31977737e+00  5.57024480e-03  0.00000000e+00 
 5.57524480e-03  2.30567538e+00  5.57524480e-03  0.00000000e+00 
 5.58024480e-03  2.29165912e+00  5.58024480e-03  0.00000000e+00 
 5.58524480e-03  2.27772806e+00  5.58524480e-03  0.00000000e+00 
 5.59024480e-03  2.26388169e+00  5.59024480e-03  0.00000000e+00 
 5.59524480e-03  2.25011949e+00  5.59524480e-03  0.00000000e+00 
 5.60024480e-03  2.23644095e+00  5.60024480e-03  0.00000000e+00 
 5.60524480e-03  2.22284557e+00  5.60524480e-03  0.00000000e+00 
 5.61024480e-03  2.20933283e+00  5.61024480e-03  0.00000000e+00 
 5.61524480e-03  2.19590224e+00  5.61524480e-03  0.00000000e+00 
 5.62024480e-03  2.18255329e+00  5.62024480e-03  0.00000000e+00 
 5.62524480e-03  2.16928548e+00  5.62524480e-03  0.00000000e+00 
 5.63024480e-03  2.15609834e+00  5.63024480e-03  0.00000000e+00 
 5.63524480e-03  2.14299136e+00  5.63524480e-03  0.00000000e+00 
 5.64024480e-03  2.12996405e+00  5.64024480e-03  0.00000000e+00 
 5.64524480e-03  2.11701594e+00  5.64524480e-03  0.00000000e+00 
 5.65024480e-03  2.10414655e+00  5.65024480e-03  0.00000000e+00 
 5.65524480e-03  2.09135538e+00  5.65524480e-03  0.00000000e+00 
 5.66024480e-03  2.07864198e+00  5.66024480e-03  0.00000000e+00 
 5.66524480e-03  2.06600585e+00  5.66524480e-03  0.00000000e+00 
 5.67024480e-03  2.05344655e+00  5.67024480e-03  0.00000000e+00 
 5.67524480e-03  2.04096359e+00  5.67524480e-03  0.00000000e+00 
 5.68024480e-03  2.02855652e+00  5.68024480e-03  0.00000000e+00 
 5.68524480e-03  2.01622487e+00  5.68524480e-03  0.00000000e+00 
 5.69024480e-03  2.00396818e+00  5.69024480e-03  0.00000000e+00 
 5.69524480e-03  1.99178600e+00  5.69524480e-03  0.00000000e+00 
 5.70024480e-03  1.97967788e+00  5.70024480e-03  0.00000000e+00 
 5.70524480e-03  1.96764337e+00  5.70524480e-03  0.00000000e+00 
 5.71024480e-03  1.95568201e+00  5.71024480e-03  0.00000000e+00 
 5.71524480e-03  1.94379336e+00  5.71524480e-03  0.00000000e+00 
 5.72024480e-03  1.93197699e+00  5.72024480e-03  0.00000000e+00 
 5.72524480e-03  1.92023245e+00  5.72524480e-03  0.00000000e+00 
 5.73024480e-03  1.90855930e+00  5.73024480e-03  0.00000000e+00 
 5.73524480e-03  1.89695712e+00  5.73524480e-03  0.00000000e+00 
 5.74000000e-03  1.88598842e+00  5.74000000e-03  0.00000000e+00 
 5.74000010e-03  1.88598825e+00  5.74000010e-03  4.99999998e-01 
 5.74000030e-03  1.88598804e+00  5.74000030e-03  1.50000000e+00 
 5.74000070e-03  1.88598834e+00  5.74000070e-03  3.50000000e+00 
 5.74000100e-03  1.88598920e+00  5.74000100e-03  5.00000000e+00 
 5.74000108e-03  1.88598951e+00  5.74000108e-03  5.00000000e+00 
 5.74000124e-03  1.88599011e+00  5.74000124e-03  5.00000000e+00 
 5.74000156e-03  1.88599133e+00  5.74000156e-03  5.00000000e+00 
 5.74000220e-03  1.88599376e+00  5.74000220e-03  5.00000000e+00 
 5.74000348e-03  1.88599862e+00  5.74000348e-03  5.00000000e+00 
 5.74000604e-03  1.88600834e+00  5.74000604e-03  5.00000000e+00 
 5.74001116e-03  1.88602779e+00  5.74001116e-03  5.00000000e+00 
 5.74002140e-03  1.88606667e+00  5.74002140e-03  5.00000000e+00 
 5.74004188e-03  1.88614444e+00  5.74004188e-03  5.00000000e+00 
 5.74008284e-03  1.88629998e+00  5.74008284e-03  5.00000000e+00 
 5.74016476e-03  1.88661103e+00  5.74016476e-03  5.00000000e+00 
 5.74032860e-03  1.88723304e+00  5.74032860e-03  5.00000000e+00 
 5.74065628e-03  1.88847668e+00  5.74065628e-03  5.00000000e+00 
 5.74131164e-03  1.89096248e+00  5.74131164e-03  5.00000000e+00 
 5.74262236e-03  1.89592812e+00  5.74262236e-03  5.00000000e+00 
 5.74524380e-03  1.90583562e+00  5.74524380e-03  5.00000000e+00 
 5.75024380e-03  1.92464513e+00  5.75024380e-03  5.00000000e+00 
 5.75524380e-03  1.94334030e+00  5.75524380e-03  5.00000000e+00 
 5.76024380e-03  1.96192181e+00  5.76024380e-03  5.00000000e+00 
 5.76524380e-03  1.98039037e+00  5.76524380e-03  5.00000000e+00 
 5.77024380e-03  1.99874666e+00  5.77024380e-03  5.00000000e+00 
 5.77524380e-03  2.01699137e+00  5.77524380e-03  5.00000000e+00 
 5.78024380e-03  2.03512516e+00  5.78024380e-03  5.00000000e+00 
 5.78524380e-03  2.05314871e+00  5.78524380e-03  5.00000000e+00 
 5.79024380e-03  2.07106270e+00  5.79024380e-03  5.00000000e+00 
 5.79524380e-03  2.08886779e+00  5.79524380e-03  5.00000000e+00 
 5.80024380e-03  2.10656464e+00  5.80024380e-03  5.00000000e+00 
 5.80524380e-03  2.12415392e+00  5.80524380e-03  5.00000000e+00 
 5.81024380e-03  2.14163626e+00  5.81024380e-03  5.00000000e+00 
 5.81524380e-03  2.15901233e+00  5.81524380e-03  5.00000000e+00 
 5.82024380e-03  2.17628278e+00  5.82024380e-03  5.00000000e+00 
 5.82524380e-03  2.19344823e+00  5.82524380e-03  5.00000000e+00 
 5.83024380e-03  2.21050934e+00  5.83024380e-03  5.00000000e+00 
 5.83524380e-03  2.22746673e+00  5.83524380e-03  5.00000000e+00 
 5.84024380e-03  2.24432103e+00  5.84024380e-03  5.00000000e+00 
 5.84524380e-03  2.26107288e+00  5.84524380e-03  5.00000000e+00 
 5.85024380e-03  2.27772289e+00  5.85024380e-03  5.00000000e+00 
 5.85524380e-03  2.29427169e+00  5.85524380e-03  5.00000000e+00 
 5.86024380e-03  2.31071989e+00  5.86024380e-03  5.00000000e+00 
 5.86524380e-03  2.32706809e+00  5.86524380e-03  5.00000000e+00 
 5.87024380e-03  2.34331692e+00  5.87024380e-03  5.00000000e+00 
 5.87524380e-03  2.35946697e+00  5.87524380e-03  5.00000000e+00 
 5.88024380e-03  2.37551884e+00  5.88024380e-03  5.00000000e+00 
 5.88524380e-03  2.39147313e+00  5.88524380e-03  5.00000000e+00 
 5.89024380e-03  2.40733044e+00  5.89024380e-03  5.00000000e+00 
 5.89524380e-03  2.42309135e+00  5.89524380e-03  5.00000000e+00 
 5.90024380e-03  2.43875645e+00  5.90024380e-03  5.00000000e+00 
 5.90524380e-03  2.45432632e+00  5.90524380e-03  5.00000000e+00 
 5.91024380e-03  2.46980154e+00  5.91024380e-03  5.00000000e+00 
 5.91524380e-03  2.48518268e+00  5.91524380e-03  5.00000000e+00 
 5.92024380e-03  2.50047033e+00  5.92024380e-03  5.00000000e+00 
 5.92524380e-03  2.51566503e+00  5.92524380e-03  5.00000000e+00 
 5.93024380e-03  2.53076738e+00  5.93024380e-03  5.00000000e+00 
 5.93524380e-03  2.54577791e+00  5.93524380e-03  5.00000000e+00 
 5.94024380e-03  2.56069719e+00  5.94024380e-03  5.00000000e+00 
 5.94524380e-03  2.57552578e+00  5.94524380e-03  5.00000000e+00 
 5.95024380e-03  2.59026422e+00  5.95024380e-03  5.00000000e+00 
 5.95524380e-03  2.60491307e+00  5.95524380e-03  5.00000000e+00 
 5.96024380e-03  2.61947287e+00  5.96024380e-03  5.00000000e+00 
 5.96524380e-03  2.63394416e+00  5.96524380e-03  5.00000000e+00 
 5.97024380e-03  2.64832748e+00  5.97024380e-03  5.00000000e+00 
 5.97524380e-03  2.66262336e+00  5.97524380e-03  5.00000000e+00 
 5.98024380e-03  2.67683234e+00  5.98024380e-03  5.00000000e+00 
 5.98524380e-03  2.69095494e+00  5.98524380e-03  5.00000000e+00 
 5.99024380e-03  2.70499169e+00  5.99024380e-03  5.00000000e+00 
 5.99524380e-03  2.71894311e+00  5.99524380e-03  5.00000000e+00 
 6.00024380e-03  2.73280971e+00  6.00024380e-03  5.00000000e+00 
 6.00524380e-03  2.74659202e+00  6.00524380e-03  5.00000000e+00 
 6.01024380e-03  2.76029055e+00  6.01024380e-03  5.00000000e+00 
 6.01524380e-03  2.77390581e+00  6.01524380e-03  5.00000000e+00 
 6.02024380e-03  2.78743830e+00  6.02024380e-03  5.00000000e+00 
 6.02524380e-03  2.80088852e+00  6.02524380e-03  5.00000000e+00 
 6.03024380e-03  2.81425698e+00  6.03024380e-03  5.00000000e+00 
 6.03524380e-03  2.82754417e+00  6.03524380e-03  5.00000000e+00 
 6.04024380e-03  2.84075059e+00  6.04024380e-03  5.00000000e+00 
 6.04524380e-03  2.85387672e+00  6.04524380e-03  5.00000000e+00 
 6.05024380e-03  2.86692307e+00  6.05024380e-03  5.00000000e+00 
 6.05524380e-03  2.87989010e+00  6.05524380e-03  5.00000000e+00 
 6.06024380e-03  2.89277831e+00  6.06024380e-03  5.00000000e+00 
 6.06524380e-03  2.90558816e+00  6.06524380e-03  5.00000000e+00 
 6.07024380e-03  2.91832015e+00  6.07024380e-03  5.00000000e+00 
 6.07524380e-03  2.93097474e+00  6.07524380e-03  5.00000000e+00 
 6.08024380e-03  2.94355240e+00  6.08024380e-03  5.00000000e+00 
 6.08524380e-03  2.95605360e+00  6.08524380e-03  5.00000000e+00 
 6.09024380e-03  2.96847881e+00  6.09024380e-03  5.00000000e+00 
 6.09524380e-03  2.98082848e+00  6.09524380e-03  5.00000000e+00 
 6.10024380e-03  2.99310308e+00  6.10024380e-03  5.00000000e+00 
 6.10524380e-03  3.00530306e+00  6.10524380e-03  5.00000000e+00 
 6.11024380e-03  3.01742888e+00  6.11024380e-03  5.00000000e+00 
 6.11524380e-03  3.02948098e+00  6.11524380e-03  5.00000000e+00 
 6.12024380e-03  3.04145982e+00  6.12024380e-03  5.00000000e+00 
 6.12524380e-03  3.05336584e+00  6.12524380e-03  5.00000000e+00 
 6.13024380e-03  3.06519948e+00  6.13024380e-03  5.00000000e+00 
 6.13524380e-03  3.07696119e+00  6.13524380e-03  5.00000000e+00 
 6.14024380e-03  3.08865139e+00  6.14024380e-03  5.00000000e+00 
 6.14524380e-03  3.10027053e+00  6.14524380e-03  5.00000000e+00 
 6.15000100e-03  3.11125987e+00  6.15000100e-03  5.00000000e+00 
 6.15000110e-03  3.11126004e+00  6.15000110e-03  4.50000000e+00 
 6.15000130e-03  3.11126025e+00  6.15000130e-03  3.50000000e+00 
 6.15000170e-03  3.11125996e+00  6.15000170e-03  1.50000000e+00 
 6.15000200e-03  3.11125909e+00  6.15000200e-03  2.08967865e-09 
 6.15000208e-03  3.11125879e+00  6.15000208e-03  0.00000000e+00 
 6.15000224e-03  3.11125818e+00  6.15000224e-03  0.00000000e+00 
 6.15000256e-03  3.11125697e+00  6.15000256e-03  0.00000000e+00 
 6.15000320e-03  3.11125454e+00  6.15000320e-03  0.00000000e+00 
 6.15000448e-03  3.11124968e+00  6.15000448e-03  0.00000000e+00 
 6.15000704e-03  3.11123997e+00  6.15000704e-03  0.00000000e+00 
 6.15001216e-03  3.11122054e+00  6.15001216e-03  0.00000000e+00 
 6.15002240e-03  3.11118169e+00  6.15002240e-03  0.00000000e+00 
 6.15004288e-03  3.11110399e+00  6.15004288e-03  0.00000000e+00 
 6.15008384e-03  3.11094859e+00  6.15008384e-03  0.00000000e+00 
 6.15016576e-03  3.11063781e+00  6.15016576e-03  0.00000000e+00 
 6.15032960e-03  3.11001635e+00  6.15032960e-03  0.00000000e+00 
 6.15065728e-03  3.10877381e+00  6.15065728e-03  0.00000000e+00 
 6.15131264e-03  3.10629021e+00  6.15131264e-03  0.00000000e+00 
 6.15262336e-03  3.10132896e+00  6.15262336e-03  0.00000000e+00 
 6.15524480e-03  3.09143021e+00  6.15524480e-03  0.00000000e+00 
 6.16024480e-03  3.07263732e+00  6.16024480e-03  0.00000000e+00 
 6.16524480e-03  3.05395868e+00  6.16524480e-03  0.00000000e+00 
 6.17024480e-03  3.03539358e+00  6.17024480e-03  0.00000000e+00 
 6.17524480e-03  3.01694134e+00  6.17524480e-03  0.00000000e+00 
 6.18024480e-03  2.99860127e+00  6.18024480e-03  0.00000000e+00 
 6.18524480e-03  2.98037269e+00  6.18524480e-03  0.00000000e+00 
 6.19024480e-03  2.96225492e+00  6.19024480e-03  0.00000000e+00 
 6.19524480e-03  2.94424729e+00  6.19524480e-03  0.00000000e+00 
 6.20024480e-03  2.92634913e+00  6.20024480e-03  0.00000000e+00 
 6.20524480e-03  2.90855978e+00  6.20524480e-03  0.00000000e+00 
 6.21024480e-03  2.89087856e+00  6.21024480e-03  0.00000000e+00 
 6.21524480e-03  2.87330483e+00  6.21524480e-03  0.00000000e+00 
 6.22024480e-03  2.85583793e+00  6.22024480e-03  0.00000000e+00 
 6.22524480e-03  2.83847722e+00  6.22524480e-03  0.00000000e+00 
 6.23024480e-03  2.82122204e+00  6.23024480e-03  0.00000000e+00 
 6.23524480e-03  2.80407175e+00  6.23524480e-03  0.00000000e+00 
 6.24024480e-03  2.78702572e+00  6.24024480e-03  0.00000000e+00 
 6.24524480e-03  2.77008332e+00  6.24524480e-03  0.00000000e+00 
 6.25024480e-03  2.75324390e+00  6.25024480e-03  0.00000000e+00 
 6.25524480e-03  2.73650686e+00  6.25524480e-03  0.00000000e+00 
 6.26024480e-03  2.71987156e+00  6.26024480e-03  0.00000000e+00 
 6.26524480e-03  2.70333738e+00  6.26524480e-03  0.00000000e+00 
 6.27024480e-03  2.68690372e+00  6.27024480e-03  0.00000000e+00 
 6.27524480e-03  2.67056996e+00  6.27524480e-03  0.00000000e+00 
 6.28024480e-03  2.65433549e+00  6.28024480e-03  0.00000000e+00 
 6.28524480e-03  2.63819972e+00  6.28524480e-03  0.00000000e+00 
 6.29024480e-03  2.62216203e+00  6.29024480e-03  0.00000000e+00 
 6.29524480e-03  2.60622183e+00  6.29524480e-03  0.00000000e+00 
 6.30024480e-03  2.59037854e+00  6.30024480e-03  0.00000000e+00 
 6.30524480e-03  2.57463156e+00  6.30524480e-03  0.00000000e+00 
 6.31024480e-03  2.55898030e+00  6.31024480e-03  0.00000000e+00 
 6.31524480e-03  2.54342419e+00  6.31524480e-03  0.00000000e+00 
 6.32024480e-03  2.52796264e+00  6.32024480e-03  0.00000000e+00 
 6.32524480e-03  2.51259509e+00  6.32524480e-03  0.00000000e+00 
 6.33024480e-03  2.49732096e+00  6.33024480e-03  0.00000000e+00 
 6.33524480e-03  2.48213967e+00  6.33524480e-03  0.00000000e+00 
 6.34024480e-03  2.46705068e+00  6.34024480e-03  0.00000000e+00 
 6.34524480e-03  2.45205341e+00  6.34524480e-03  0.00000000e+00 
 6.35024480e-03  2.43714731e+00  6.35024480e-03  0.00000000e+00 
 6.35524480e-03  2.42233183e+00  6.35524480e-03  0.00000000e+00 
 6.36024480e-03  2.40760640e+00  6.36024480e-03  0.00000000e+00 
 6.36524480e-03  2.39297050e+00  6.36524480e-03  0.00000000e+00 
 6.37024480e-03  2.37842357e+00  6.37024480e-03  0.00000000e+00 
 6.37524480e-03  2.36396506e+00  6.37524480e-03  0.00000000e+00 
 6.38024480e-03  2.34959446e+00  6.38024480e-03  0.00000000e+00 
 6.38524480e-03  2.33531121e+00  6.38524480e-03  0.00000000e+00 
 6.39024480e-03  2.32111479e+00  6.39024480e-03  0.00000000e+00 
 6.39524480e-03  2.30700467e+00  6.39524480e-03  0.00000000e+00 
 6.40024480e-03  2.29298032e+00  6.40024480e-03  0.00000000e+00 
 6.40524480e-03  2.27904123e+00  6.40524480e-03  0.00000000e+00 
 6.41024480e-03  2.26518688e+00  6.41024480e-03  0.00000000e+00 
 6.41524480e-03  2.25141674e+00  6.41524480e-03  0.00000000e+00 
 6.42024480e-03  2.23773032e+00  6.42024480e-03  0.00000000e+00 
 6.42524480e-03  2.22412710e+00  6.42524480e-03  0.00000000e+00 
 6.43024480e-03  2.21060657e+00  6.43024480e-03  0.00000000e+00 
 6.43524480e-03  2.19716823e+00  6.43524480e-03  0.00000000e+00 
 6.44024480e-03  2.18381158e+00  6.44024480e-03  0.00000000e+00 
 6.44524480e-03  2.17053613e+00  6.44524480e-03  0.00000000e+00 
 6.45024480e-03  2.15734138e+00  6.45024480e-03  0.00000000e+00 
 6.45524480e-03  2.14422685e+00  6.45524480e-03  0.00000000e+00 
 6.46024480e-03  2.13119203e+00  6.46024480e-03  0.00000000e+00 
 6.46524480e-03  2.11823646e+00  6.46524480e-03  0.00000000e+00 
 6.47024480e-03  2.10535964e+00  6.47024480e-03  0.00000000e+00 
 6.47524480e-03  2.09256110e+00  6.47524480e-03  0.00000000e+00 
 6.48024480e-03  2.07984037e+00  6.48024480e-03  0.00000000e+00 
 6.48524480e-03  2.06719696e+00  6.48524480e-03  0.00000000e+00 
 6.49024480e-03  2.05463041e+00  6.49024480e-03  0.00000000e+00 
 6.49524480e-03  2.04214026e+00  6.49524480e-03  0.00000000e+00 
 6.50024480e-03  2.02972603e+00  6.50024480e-03  0.00000000e+00 
 6.50524480e-03  2.01738727e+00  6.50524480e-03  0.00000000e+00 
 6.51024480e-03  2.00512352e+00  6.51024480e-03  0.00000000e+00 
 6.51524480e-03  1.99293432e+00  6.51524480e-03  0.00000000e+00 
 6.52024480e-03  1.98081922e+00  6.52024480e-03  0.00000000e+00 
 6.52524480e-03  1.96877776e+00  6.52524480e-03  0.00000000e+00 
 6.53024480e-03  1.95680951e+00  6.53024480e-03  0.00000000e+00 
 6.53524480e-03  1.94491401e+00  6.53524480e-03  0.00000000e+00 
 6.54024480e-03  1.93309082e+00  6.54024480e-03  0.00000000e+00 
 6.54524480e-03  1.92133951e+00  6.54524480e-03  0.00000000e+00 
 6.55024480e-03  1.90965964e+00  6.55024480e-03  0.00000000e+00 
 6.55524480e-03  1.89805076e+00  6.55524480e-03  0.00000000e+00 
 6.56000000e-03  1.88707574e+00  6.56000000e-03  0.00000000e+00 
 6.56000010e-03  1.88707557e+00  6.56000010e-03  4.99999998e-01 
 6.56000030e-03  1.88707536e+00  6.56000030e-03  1.50000000e+00 
 6.56000070e-03  1.88707566e+00  6.56000070e-03  3.50000000e+00 
 6.56000100e-03  1.88707652e+00  6.56000100e-03  5.00000000e+00 
 6.56000108e-03  1.88707683e+00  6.56000108e-03  5.00000000e+00 
 6.56000124e-03  1.88707743e+00  6.56000124e-03  5.00000000e+00 
 6.56000156e-03  1.88707865e+00  6.56000156e-03  5.00000000e+00 
 6.56000220e-03  1.88708108e+00  6.56000220e-03  5.00000000e+00 
 6.56000348e-03  1.88708594e+00  6.56000348e-03  5.00000000e+00 
 6.56000604e-03  1.88709565e+00  6.56000604e-03  5.00000000e+00 
 6.56001116e-03  1.88711509e+00  6.56001116e-03  5.00000000e+00 
 6.56002140e-03  1.88715396e+00  6.56002140e-03  5.00000000e+00 
 6.56004188e-03  1.88723171e+00  6.56004188e-03  5.00000000e+00 
 6.56008284e-03  1.88738719e+00  6.56008284e-03  5.00000000e+00 
 6.56016476e-03  1.88769813e+00  6.56016476e-03  5.00000000e+00 
 6.56032860e-03  1.88831992e+00  6.56032860e-03  5.00000000e+00 
 6.56065628e-03  1.88956313e+00  6.56065628e-03  5.00000000e+00 
 6.56131164e-03  1.89204806e+00  6.56131164e-03  5.00000000e+00 
 6.56262236e-03  1.89701197e+00  6.56262236e-03  5.00000000e+00 
 6.56524380e-03  1.90691601e+00  6.56524380e-03  5.00000000e+00 
 6.57024380e-03  1.92571895e+00  6.57024380e-03  5.00000000e+00 
 6.57524380e-03  1.94440759e+00  6.57524380e-03  5.00000000e+00 
 6.58024380e-03  1.96298262e+00  6.58024380e-03  5.00000000e+00 
 6.58524380e-03  1.98144473e+00  6.58524380e-03  5.00000000e+00 
 6.59024380e-03  1.99979461e+00  6.59024380e-03  5.00000000e+00 
 6.59524380e-03  2.01803294e+00  6.59524380e-03  5.00000000e+00 
 6.60024380e-03  2.03616040e+00  6.60024380e-03  5.00000000e+00 
 6.60524380e-03  2.05417766e+00  6.60524380e-03  5.00000000e+00 
 6.61024380e-03  2.07208540e+00  6.61024380e-03  5.00000000e+00 
 6.61524380e-03  2.08988427e+00  6.61524380e-03  5.00000000e+00 
 6.62024380e-03  2.10757494e+00  6.62024380e-03  5.00000000e+00 
 6.62524380e-03  2.12515808e+00  6.62524380e-03  5.00000000e+00 
 6.63024380e-03  2.14263432e+00  6.63024380e-03  5.00000000e+00 
 6.63524380e-03  2.16000432e+00  6.63524380e-03  5.00000000e+00 
 6.64024380e-03  2.17726873e+00  6.64024380e-03  5.00000000e+00 
 6.64524380e-03  2.19442819e+00  6.64524380e-03  5.00000000e+00 
 6.65024380e-03  2.21148334e+00  6.65024380e-03  5.00000000e+00 
 6.65524380e-03  2.22843481e+00  6.65524380e-03  5.00000000e+00 
 6.66024380e-03  2.24528323e+00  6.66024380e-03  5.00000000e+00 
 6.66524380e-03  2.26202923e+00  6.66524380e-03  5.00000000e+00 
 6.67024380e-03  2.27867343e+00  6.67024380e-03  5.00000000e+00 
 6.67524380e-03  2.29521645e+00  6.67524380e-03  5.00000000e+00 
 6.68024380e-03  2.31165890e+00  6.68024380e-03  5.00000000e+00 
 6.68524380e-03  2.32800140e+00  6.68524380e-03  5.00000000e+00 
 6.69024380e-03  2.34424455e+00  6.69024380e-03  5.00000000e+00 
 6.69524380e-03  2.36038896e+00  6.69524380e-03  5.00000000e+00 
 6.70024380e-03  2.37643523e+00  6.70024380e-03  5.00000000e+00 
 6.70524380e-03  2.39238395e+00  6.70524380e-03  5.00000000e+00 
 6.71024380e-03  2.40823572e+00  6.71024380e-03  5.00000000e+00 
 6.71524380e-03  2.42399113e+00  6.71524380e-03  5.00000000e+00 
 6.72024380e-03  2.43965076e+00  6.72024380e-03  5.00000000e+00 
 6.72524380e-03  2.45521519e+00  6.72524380e-03  5.00000000e+00 
 6.73024380e-03  2.47068501e+00  6.73024380e-03  5.00000000e+00 
 6.73524380e-03  2.48606078e+00  6.73524380e-03  5.00000000e+00 
 6.74024380e-03  2.50134309e+00  6.74024380e-03  5.00000000e+00 
 6.74524380e-03  2.51653249e+00  6.74524380e-03  5.00000000e+00 
 6.75024380e-03  2.53162956e+00  6.75024380e-03  5.00000000e+00 
 6.75524380e-03  2.54663485e+00  6.75524380e-03  5.00000000e+00 
 6.76024380e-03  2.56154892e+00  6.76024380e-03  5.00000000e+00 
 6.76524380e-03  2.57637233e+00  6.76524380e-03  5.00000000e+00 
 6.77024380e-03  2.59110563e+00  6.77024380e-03  5.00000000e+00 
 6.77524380e-03  2.60574937e+00  6.77524380e-03  5.00000000e+00 
 6.78024380e-03  2.62030408e+00  6.78024380e-03  5.00000000e+00 
 6.78524380e-03  2.63477032e+00  6.78524380e-03  5.00000000e+00 
 6.79024380e-03  2.64914861e+00  6.79024380e-03  5.00000000e+00 
 6.79524380e-03  2.66343950e+00  6.79524380e-03  5.00000000e+00 
 6.80024380e-03  2.67764352e+00  6.80024380e-03  5.00000000e+00 
 6.80524380e-03  2.69176119e+00  6.80524380e-03  5.00000000e+00 
 6.81024380e-03  2.70579304e+00  6.81024380e-03  5.00000000e+00 
 6.81524380e-03  2.71973958e+00  6.81524380e-03  5.00000000e+00 
 6.82024380e-03  2.73360135e+00  6.82024380e-03  5.00000000e+00 
 6.82524380e-03  2.74737885e+00  6.82524380e-03  5.00000000e+00 
 6.83024380e-03  2.76107259e+00  6.83024380e-03  5.00000000e+00 
 6.83524380e-03  2.77468309e+00  6.83524380e-03  5.00000000e+00 
 6.84024380e-03  2.78821086e+00  6.84024380e-03  5.00000000e+00 
 6.84524380e-03  2.80165638e+00  6.84524380e-03  5.00000000e+00 
 6.85024380e-03  2.81502017e+00  6.85024380e-03  5.00000000e+00 
 6.85524380e-03  2.82830273e+00  6.85524380e-03  5.00000000e+00 
 6.86024380e-03  2.84150453e+00  6.86024380e-03  5.00000000e+00 
 6.86524380e-03  2.85462609e+00  6.86524380e-03  5.00000000e+00 
 6.87024380e-03  2.86766787e+00  6.87024380e-03  5.00000000e+00 
 6.87524380e-03  2.88063038e+00  6.87524380e-03  5.00000000e+00 
 6.88024380e-03  2.89351408e+00  6.88024380e-03  5.00000000e+00 
 6.88524380e-03  2.90631947e+00  6.88524380e-03  5.00000000e+00 
 6.89024380e-03  2.91904701e+00  6.89024380e-03  5.00000000e+00 
 6.89524380e-03  2.93169718e+00  6.89524380e-03  5.00000000e+00 
 6.90024380e-03  2.94427045e+00  6.90024380e-03  5.00000000e+00 
 6.90524380e-03  2.95676729e+00  6.90524380e-03  5.00000000e+00 
 6.91024380e-03  2.96918815e+00  6.91024380e-03  5.00000000e+00 
 6.91524380e-03  2.98153351e+00  6.91524380e-03  5.00000000e+00 
 6.92024380e-03  2.99380383e+00  6.92024380e-03  5.00000000e+00 
 6.92524380e-03  3.00599955e+00  6.92524380e-03  5.00000000e+00 
 6.93024380e-03  3.01812113e+00  6.93024380e-03  5.00000000e+00 
 6.93524380e-03  3.03016903e+00  6.93524380e-03  5.00000000e+00 
 6.94024380e-03  3.04214368e+00  6.94024380e-03  5.00000000e+00 
 6.94524380e-03  3.05404555e+00  6.94524380e-03  5.00000000e+00 
 6.95024380e-03  3.06587506e+00  6.95024380e-03  5.00000000e+00 
 6.95524380e-03  3.07763266e+00  6.95524380e-03  5.00000000e+00 
 6.96024380e-03  3.08931878e+00  6.96024380e-03  5.00000000e+00 
 6.96524380e-03  3.10093386e+00  6.96524380e-03  5.00000000e+00 
 6.97000100e-03  3.11191936e+00  6.97000100e-03  5.00000000e+00 
 6.97000110e-03  3.11191953e+00  6.97000110e-03  4.50000000e+00 
 6.97000130e-03  3.11191974e+00  6.97000130e-03  3.50000000e+00 
 6.97000170e-03  3.11191945e+00  6.97000170e-03  1.50000000e+00 
 6.97000200e-03  3.11191858e+00  6.97000200e-03  2.08967865e-09 
 6.97000208e-03  3.11191828e+00  6.97000208e-03  0.00000000e+00 
 6.97000224e-03  3.11191767e+00  6.97000224e-03  0.00000000e+00 
 6.97000256e-03  3.11191646e+00  6.97000256e-03  0.00000000e+00 
 6.97000320e-03  3.11191403e+00  6.97000320e-03  0.00000000e+00 
 6.97000448e-03  3.11190917e+00  6.97000448e-03  0.00000000e+00 
 6.97000704e-03  3.11189946e+00  6.97000704e-03  0.00000000e+00 
 6.97001216e-03  3.11188003e+00  6.97001216e-03  0.00000000e+00 
 6.97002240e-03  3.11184116e+00  6.97002240e-03  0.00000000e+00 
 6.97004288e-03  3.11176345e+00  6.97004288e-03  0.00000000e+00 
 6.97008384e-03  3.11160801e+00  6.97008384e-03  0.00000000e+00 
 6.97016576e-03  3.11129717e+00  6.97016576e-03  0.00000000e+00 
 6.97032960e-03  3.11067558e+00  6.97032960e-03  0.00000000e+00 
 6.97065728e-03  3.10943277e+00  6.97065728e-03  0.00000000e+00 
 6.97131264e-03  3.10694865e+00  6.97131264e-03  0.00000000e+00 
 6.97262336e-03  3.10198634e+00  6.97262336e-03  0.00000000e+00 
 6.97524480e-03  3.09208550e+00  6.97524480e-03  0.00000000e+00 
 6.98024480e-03  3.07328863e+00  6.98024480e-03  0.00000000e+00 
 6.98524480e-03  3.05460602e+00  6.98524480e-03  0.00000000e+00 
 6.99024480e-03  3.03603699e+00  6.99024480e-03  0.00000000e+00 
 6.99524480e-03  3.01758084e+00  6.99524480e-03  0.00000000e+00 
 7.00024480e-03  2.99923688e+00  7.00024480e-03  0.00000000e+00 
 7.00524480e-03  2.98100444e+00  7.00524480e-03  0.00000000e+00 
 7.01024480e-03  2.96288283e+00  7.01024480e-03  0.00000000e+00 
 7.01524480e-03  2.94487138e+00  7.01524480e-03  0.00000000e+00 
 7.02024480e-03  2.92696943e+00  7.02024480e-03  0.00000000e+00 
 7.02524480e-03  2.90917630e+00  7.02524480e-03  0.00000000e+00 
 7.03024480e-03  2.89149134e+00  7.03024480e-03  0.00000000e+00 
 7.03524480e-03  2.87391388e+00  7.03524480e-03  0.00000000e+00 
 7.04024480e-03  2.85644328e+00  7.04024480e-03  0.00000000e+00 
 7.04524480e-03  2.83907889e+00  7.04524480e-03  0.00000000e+00 
 7.05024480e-03  2.82182005e+00  7.05024480e-03  0.00000000e+00 
 7.05524480e-03  2.80466613e+00  7.05524480e-03  0.00000000e+00 
 7.06024480e-03  2.78761648e+00  7.06024480e-03  0.00000000e+00 
 7.06524480e-03  2.77067049e+00  7.06524480e-03  0.00000000e+00 
 7.07024480e-03  2.75382751e+00  7.07024480e-03  0.00000000e+00 
 7.07524480e-03  2.73708691e+00  7.07524480e-03  0.00000000e+00 
 7.08024480e-03  2.72044809e+00  7.08024480e-03  0.00000000e+00 
 7.08524480e-03  2.70391041e+00  7.08524480e-03  0.00000000e+00 
 7.09024480e-03  2.68747326e+00  7.09024480e-03  0.00000000e+00 
 7.09524480e-03  2.67113604e+00  7.09524480e-03  0.00000000e+00 
 7.10024480e-03  2.65489813e+00  7.10024480e-03  0.00000000e+00 
 7.10524480e-03  2.63875893e+00  7.10524480e-03  0.00000000e+00 
 7.11024480e-03  2.62271784e+00  7.11024480e-03  0.00000000e+00 
 7.11524480e-03  2.60677427e+00  7.11524480e-03  0.00000000e+00 
 7.12024480e-03  2.59092762e+00  7.12024480e-03  0.00000000e+00 
 7.12524480e-03  2.57517730e+00  7.12524480e-03  0.00000000e+00 
 7.13024480e-03  2.55952273e+00  7.13024480e-03  0.00000000e+00 
 7.13524480e-03  2.54396332e+00  7.13524480e-03  0.00000000e+00 
 7.14024480e-03  2.52849849e+00  7.14024480e-03  0.00000000e+00 
 7.14524480e-03  2.51312768e+00  7.14524480e-03  0.00000000e+00 
 7.15024480e-03  2.49785031e+00  7.15024480e-03  0.00000000e+00 
 7.15524480e-03  2.48266581e+00  7.15524480e-03  0.00000000e+00 
 7.16024480e-03  2.46757362e+00  7.16024480e-03  0.00000000e+00 
 7.16524480e-03  2.45257317e+00  7.16524480e-03  0.00000000e+00 
 7.17024480e-03  2.43766391e+00  7.17024480e-03  0.00000000e+00 
 7.17524480e-03  2.42284528e+00  7.17524480e-03  0.00000000e+00 
 7.18024480e-03  2.40811674e+00  7.18024480e-03  0.00000000e+00 
 7.18524480e-03  2.39347773e+00  7.18524480e-03  0.00000000e+00 
 7.19024480e-03  2.37892772e+00  7.19024480e-03  0.00000000e+00 
 7.19524480e-03  2.36446615e+00  7.19524480e-03  0.00000000e+00 
 7.20024480e-03  2.35009250e+00  7.20024480e-03  0.00000000e+00 
 7.20524480e-03  2.33580622e+00  7.20524480e-03  0.00000000e+00 
 7.21024480e-03  2.32160679e+00  7.21024480e-03  0.00000000e+00 
 7.21524480e-03  2.30749368e+00  7.21524480e-03  0.00000000e+00 
 7.22024480e-03  2.29346636e+00  7.22024480e-03  0.00000000e+00 
 7.22524480e-03  2.27952432e+00  7.22524480e-03  0.00000000e+00 
 7.23024480e-03  2.26566703e+00  7.23024480e-03  0.00000000e+00 
 7.23524480e-03  2.25189397e+00  7.23524480e-03  0.00000000e+00 
 7.24024480e-03  2.23820465e+00  7.24024480e-03  0.00000000e+00 
 7.24524480e-03  2.22459854e+00  7.24524480e-03  0.00000000e+00 
 7.25024480e-03  2.21107515e+00  7.25024480e-03  0.00000000e+00 
 7.25524480e-03  2.19763396e+00  7.25524480e-03  0.00000000e+00 
 7.26024480e-03  2.18427448e+00  7.26024480e-03  0.00000000e+00 
 7.26524480e-03  2.17099622e+00  7.26524480e-03  0.00000000e+00 
 7.27024480e-03  2.15779867e+00  7.27024480e-03  0.00000000e+00 
 7.27524480e-03  2.14468136e+00  7.27524480e-03  0.00000000e+00 
 7.28024480e-03  2.13164378e+00  7.28024480e-03  0.00000000e+00 
 7.28524480e-03  2.11868546e+00  7.28524480e-03  0.00000000e+00 
 7.29024480e-03  2.10580591e+00  7.29024480e-03  0.00000000e+00 
 7.29524480e-03  2.09300466e+00  7.29524480e-03  0.00000000e+00 
 7.30024480e-03  2.08028123e+00  7.30024480e-03  0.00000000e+00 
 7.30524480e-03  2.06763514e+00  7.30524480e-03  0.00000000e+00 
 7.31024480e-03  2.05506593e+00  7.31024480e-03  0.00000000e+00 
 7.31524480e-03  2.04257313e+00  7.31524480e-03  0.00000000e+00 
 7.32024480e-03  2.03015627e+00  7.32024480e-03  0.00000000e+00 
 7.32524480e-03  2.01781490e+00  7.32524480e-03  0.00000000e+00 
 7.33024480e-03  2.00554854e+00  7.33024480e-03  0.00000000e+00 
 7.33524480e-03  1.99335676e+00  7.33524480e-03  0.00000000e+00 
 7.34024480e-03  1.98123909e+00  7.34024480e-03  0.00000000e+00 
 7.34524480e-03  1.96919508e+00  7.34524480e-03  0.00000000e+00 
 7.35024480e-03  1.95722429e+00  7.35024480e-03  0.00000000e+00 
 7.35524480e-03  1.94532627e+00  7.35524480e-03  0.00000000e+00 
 7.36024480e-03  1.93350058e+00  7.36024480e-03  0.00000000e+00 
 7.36524480e-03  1.92174678e+00  7.36524480e-03  0.00000000e+00 
 7.37024480e-03  1.91006443e+00  7.37024480e-03  0.00000000e+00 
 7.37524480e-03  1.89845309e+00  7.37524480e-03  0.00000000e+00 
 7.38000000e-03  1.88747575e+00  7.38000000e-03  0.00000000e+00 
 7.38000010e-03  1.88747558e+00  7.38000010e-03  4.99999998e-01 
 7.38000030e-03  1.88747536e+00  7.38000030e-03  1.50000000e+00 
 7.38000070e-03  1.88747566e+00  7.38000070e-03  3.50000000e+00 
 7.38000100e-03  1.88747652e+00  7.38000100e-03  5.00000000e+00 
 7.38000108e-03  1.88747683e+00  7.38000108e-03  5.00000000e+00 
 7.38000124e-03  1.88747743e+00  7.38000124e-03  5.00000000e+00 
 7.38000156e-03  1.88747865e+00  7.38000156e-03  5.00000000e+00 
 7.38000220e-03  1.88748108e+00  7.38000220e-03  5.00000000e+00 
 7.38000348e-03  1.88748594e+00  7.38000348e-03  5.00000000e+00 
 7.38000604e-03  1.88749565e+00  7.38000604e-03  5.00000000e+00 
 7.38001116e-03  1.88751509e+00  7.38001116e-03  5.00000000e+00 
 7.38002140e-03  1.88755396e+00  7.38002140e-03  5.00000000e+00 
 7.38004188e-03  1.88763169e+00  7.38004188e-03  5.00000000e+00 
 7.38008284e-03  1.88778715e+00  7.38008284e-03  5.00000000e+00 
 7.38016476e-03  1.88809805e+00  7.38016476e-03  5.00000000e+00 
 7.38032860e-03  1.88871977e+00  7.38032860e-03  5.00000000e+00 
 7.38065628e-03  1.88996281e+00  7.38065628e-03  5.00000000e+00 
 7.38131164e-03  1.89244742e+00  7.38131164e-03  5.00000000e+00 
 7.38262236e-03  1.89741069e+00  7.38262236e-03  5.00000000e+00 
 7.38524380e-03  1.90731346e+00  7.38524380e-03  5.00000000e+00 
 7.39024380e-03  1.92611399e+00  7.39024380e-03  5.00000000e+00 
 7.39524380e-03  1.94480022e+00  7.39524380e-03  5.00000000e+00 
 7.40024380e-03  1.96337287e+00  7.40024380e-03  5.00000000e+00 
 7.40524380e-03  1.98183261e+00  7.40524380e-03  5.00000000e+00 
 7.41024380e-03  2.00018013e+00  7.41024380e-03  5.00000000e+00 
 7.41524380e-03  2.01841612e+00  7.41524380e-03  5.00000000e+00 
 7.42024380e-03  2.03654125e+00  7.42024380e-03  5.00000000e+00 
 7.42524380e-03  2.05455619e+00  7.42524380e-03  5.00000000e+00 
 7.43024380e-03  2.07246163e+00  7.43024380e-03  5.00000000e+00 
 7.43524380e-03  2.09025821e+00  7.43524380e-03  5.00000000e+00 
 7.44024380e-03  2.10794661e+00  7.44024380e-03  5.00000000e+00 
 7.44524380e-03  2.12552748e+00  7.44524380e-03  5.00000000e+00 
 7.45024380e-03  2.14300148e+00  7.45024380e-03  5.00000000e+00 
 7.45524380e-03  2.16036925e+00  7.45524380e-03  5.00000000e+00 
 7.46024380e-03  2.17763145e+00  7.46024380e-03  5.00000000e+00 
 7.46524380e-03  2.19478870e+00  7.46524380e-03  5.00000000e+00 
 7.47024380e-03  2.21184166e+00  7.47024380e-03  5.00000000e+00 
 7.47524380e-03  2.22879095e+00  7.47524380e-03  5.00000000e+00 
 7.48024380e-03  2.24563720e+00  7.48024380e-03  5.00000000e+00 
 7.48524380e-03  2.26238105e+00  7.48524380e-03  5.00000000e+00 
 7.49024380e-03  2.27902311e+00  7.49024380e-03  5.00000000e+00 
 7.49524380e-03  2.29556400e+00  7.49524380e-03  5.00000000e+00 
 7.50024380e-03  2.31200435e+00  7.50024380e-03  5.00000000e+00 
 7.50524380e-03  2.32834474e+00  7.50524380e-03  5.00000000e+00 
 7.51024380e-03  2.34458581e+00  7.51024380e-03  5.00000000e+00 
 7.51524380e-03  2.36072815e+00  7.51524380e-03  5.00000000e+00 
 7.52024380e-03  2.37677235e+00  7.52024380e-03  5.00000000e+00 
 7.52524380e-03  2.39271902e+00  7.52524380e-03  5.00000000e+00 
 7.53024380e-03  2.40856876e+00  7.53024380e-03  5.00000000e+00 
 7.53524380e-03  2.42432214e+00  7.53524380e-03  5.00000000e+00 
 7.54024380e-03  2.43997975e+00  7.54024380e-03  5.00000000e+00 
 7.54524380e-03  2.45554219e+00  7.54524380e-03  5.00000000e+00 
 7.55024380e-03  2.47101002e+00  7.55024380e-03  5.00000000e+00 
 7.55524380e-03  2.48638381e+00  7.55524380e-03  5.00000000e+00 
 7.56024380e-03  2.50166416e+00  7.56024380e-03  5.00000000e+00 
 7.56524380e-03  2.51685161e+00  7.56524380e-03  5.00000000e+00 
 7.57024380e-03  2.53194674e+00  7.57024380e-03  5.00000000e+00 
 7.57524380e-03  2.54695010e+00  7.57524380e-03  5.00000000e+00 
 7.58024380e-03  2.56186226e+00  7.58024380e-03  5.00000000e+00 
 7.58524380e-03  2.57668376e+00  7.58524380e-03  5.00000000e+00 
 7.59024380e-03  2.59141517e+00  7.59024380e-03  5.00000000e+00 
 7.59524380e-03  2.60605702e+00  7.59524380e-03  5.00000000e+00 
 7.60024380e-03  2.62060987e+00  7.60024380e-03  5.00000000e+00 
 7.60524380e-03  2.63507424e+00  7.60524380e-03  5.00000000e+00 
 7.61024380e-03  2.64945069e+00  7.61024380e-03  5.00000000e+00 
 7.61524380e-03  2.66373975e+00  7.61524380e-03  5.00000000e+00 
 7.62024380e-03  2.67794194e+00  7.62024380e-03  5.00000000e+00 
 7.62524380e-03  2.69205779e+00  7.62524380e-03  5.00000000e+00 
 7.63024380e-03  2.70608783e+00  7.63024380e-03  5.00000000e+00 
 7.63524380e-03  2.72003259e+00  7.63524380e-03  5.00000000e+00 
 7.64024380e-03  2.73389257e+00  7.64024380e-03  5.00000000e+00 
 7.64524380e-03  2.74766830e+00  7.64524380e-03  5.00000000e+00 
 7.65024380e-03  2.76136029e+00  7.65024380e-03  5.00000000e+00 
 7.65524380e-03  2.77496904e+00  7.65524380e-03  5.00000000e+00 
 7.66024380e-03  2.78849506e+00  7.66024380e-03  5.00000000e+00 
 7.66524380e-03  2.80193886e+00  7.66524380e-03  5.00000000e+00 
 7.67024380e-03  2.81530094e+00  7.67024380e-03  5.00000000e+00 
 7.67524380e-03  2.82858178e+00  7.67524380e-03  5.00000000e+00 
 7.68024380e-03  2.84178189e+00  7.68024380e-03  5.00000000e+00 
 7.68524380e-03  2.85490176e+00  7.68524380e-03  5.00000000e+00 
 7.69024380e-03  2.86794187e+00  7.69024380e-03  5.00000000e+00 
 7.69524380e-03  2.88090271e+00  7.69524380e-03  5.00000000e+00 
 7.70024380e-03  2.89378476e+00  7.70024380e-03  5.00000000e+00 
 7.70524380e-03  2.90658850e+00  7.70524380e-03  5.00000000e+00 
 7.71024380e-03  2.91931441e+00  7.71024380e-03  5.00000000e+00 
 7.71524380e-03  2.93196295e+00  7.71524380e-03  5.00000000e+00 
 7.72024380e-03  2.94453460e+00  7.72024380e-03  5.00000000e+00 
 7.72524380e-03  2.95702984e+00  7.72524380e-03  5.00000000e+00 
 7.73024380e-03  2.96944911e+00  7.73024380e-03  5.00000000e+00 
 7.73524380e-03  2.98179288e+00  7.73524380e-03  5.00000000e+00 
 7.74024380e-03  2.99406162e+00  7.74024380e-03  5.00000000e+00 
 7.74524380e-03  3.00625577e+00  7.74524380e-03  5.00000000e+00 
 7.75024380e-03  3.01837580e+00  7.75024380e-03  5.00000000e+00 
 7.75524380e-03  3.03042215e+00  7.75524380e-03  5.00000000e+00 
 7.76024380e-03  3.04239526e+00  7.76024380e-03  5.00000000e+00 
 7.76524380e-03  3.05429560e+00  7.76524380e-03  5.00000000e+00 
 7.77024380e-03  3.06612359e+00  7.77024380e-03  5.00000000e+00 
 7.77524380e-03  3.07787967e+00  7.77524380e-03  5.00000000e+00 
 7.78024380e-03  3.08956430e+00  7.78024380e-03  5.00000000e+00 
 7.78524380e-03  3.10117789e+00  7.78524380e-03  5.00000000e+00 
 7.79000100e-03  3.11216197e+00  7.79000100e-03  5.00000000e+00 
 7.79000110e-03  3.11216214e+00  7.79000110e-03  4.50000000e+00 
 7.79000130e-03  3.11216236e+00  7.79000130e-03  3.50000000e+00 
 7.79000170e-03  3.11216206e+00  7.79000170e-03  1.50000000e+00 
 7.79000200e-03  3.11216119e+00  7.79000200e-03  2.08967865e-09 
 7.79000208e-03  3.11216089e+00  7.79000208e-03  0.00000000e+00 
 7.79000224e-03  3.11216028e+00  7.79000224e-03  0.00000000e+00 
 7.79000256e-03  3.11215907e+00  7.79000256e-03  0.00000000e+00 
 7.79000320e-03  3.11215664e+00  7.79000320e-03  0.00000000e+00 
 7.79000448e-03  3.11215178e+00  7.79000448e-03  0.00000000e+00 
 7.79000704e-03  3.11214207e+00  7.79000704e-03  0.00000000e+00 
 7.79001216e-03  3.11212263e+00  7.79001216e-03  0.00000000e+00 
 7.79002240e-03  3.11208377e+00  7.79002240e-03  0.00000000e+00 
 7.79004288e-03  3.11200605e+00  7.79004288e-03  0.00000000e+00 
 7.79008384e-03  3.11185060e+00  7.79008384e-03  0.00000000e+00 
 7.79016576e-03  3.11153974e+00  7.79016576e-03  0.00000000e+00 
 7.79032960e-03  3.11091810e+00  7.79032960e-03  0.00000000e+00 
 7.79065728e-03  3.10967519e+00  7.79065728e-03  0.00000000e+00 
 7.79131264e-03  3.10719087e+00  7.79131264e-03  0.00000000e+00 
 7.79262336e-03  3.10222818e+00  7.79262336e-03  0.00000000e+00 
 7.79524480e-03  3.09232656e+00  7.79524480e-03  0.00000000e+00 
 7.80024480e-03  3.07352823e+00  7.80024480e-03  0.00000000e+00 
 7.80524480e-03  3.05484416e+00  7.80524480e-03  0.00000000e+00 
 7.81024480e-03  3.03627368e+00  7.81024480e-03  0.00000000e+00 
 7.81524480e-03  3.01781609e+00  7.81524480e-03  0.00000000e+00 
 7.82024480e-03  2.99947071e+00  7.82024480e-03  0.00000000e+00 
 7.82524480e-03  2.98123684e+00  7.82524480e-03  0.00000000e+00 
 7.83024480e-03  2.96311382e+00  7.83024480e-03  0.00000000e+00 
 7.83524480e-03  2.94510097e+00  7.83524480e-03  0.00000000e+00 
 7.84024480e-03  2.92719762e+00  7.84024480e-03  0.00000000e+00 
 7.84524480e-03  2.90940311e+00  7.84524480e-03  0.00000000e+00 
 7.85024480e-03  2.89171677e+00  7.85024480e-03  0.00000000e+00 
 7.85524480e-03  2.87413794e+00  7.85524480e-03  0.00000000e+00 
 7.86024480e-03  2.85666598e+00  7.86024480e-03  0.00000000e+00 
 7.86524480e-03  2.83930023e+00  7.86524480e-03  0.00000000e+00 
 7.87024480e-03  2.82204004e+00  7.87024480e-03  0.00000000e+00 
 7.87524480e-03  2.80488478e+00  7.87524480e-03  0.00000000e+00 
 7.88024480e-03  2.78783381e+00  7.88024480e-03  0.00000000e+00 
 7.88524480e-03  2.77088650e+00  7.88524480e-03  0.00000000e+00 
 7.89024480e-03  2.75404220e+00  7.89024480e-03  0.00000000e+00 
 7.89524480e-03  2.73730030e+00  7.89524480e-03  0.00000000e+00 
 7.90024480e-03  2.72066018e+00  7.90024480e-03  0.00000000e+00 
 7.90524480e-03  2.70412121e+00  7.90524480e-03  0.00000000e+00 
 7.91024480e-03  2.68768278e+00  7.91024480e-03  0.00000000e+00 
 7.91524480e-03  2.67134429e+00  7.91524480e-03  0.00000000e+00 
 7.92024480e-03  2.65510511e+00  7.92024480e-03  0.00000000e+00 
 7.92524480e-03  2.63896466e+00  7.92524480e-03  0.00000000e+00 
 7.93024480e-03  2.62292232e+00  7.93024480e-03  0.00000000e+00 
 7.93524480e-03  2.60697750e+00  7.93524480e-03  0.00000000e+00 
 7.94024480e-03  2.59112961e+00  7.94024480e-03  0.00000000e+00 
 7.94524480e-03  2.57537807e+00  7.94524480e-03  0.00000000e+00 
 7.95024480e-03  2.55972227e+00  7.95024480e-03  0.00000000e+00 
 7.95524480e-03  2.54416165e+00  7.95524480e-03  0.00000000e+00 
 7.96024480e-03  2.52869562e+00  7.96024480e-03  0.00000000e+00 
 7.96524480e-03  2.51332361e+00  7.96524480e-03  0.00000000e+00 
 7.97024480e-03  2.49804505e+00  7.97024480e-03  0.00000000e+00 
 7.97524480e-03  2.48285937e+00  7.97524480e-03  0.00000000e+00 
 7.98024480e-03  2.46776600e+00  7.98024480e-03  0.00000000e+00 
 7.98524480e-03  2.45276438e+00  7.98524480e-03  0.00000000e+00 
 7.99024480e-03  2.43785396e+00  7.99024480e-03  0.00000000e+00 
 7.99524480e-03  2.42303418e+00  7.99524480e-03  0.00000000e+00 
 8.00024480e-03  2.40830448e+00  8.00024480e-03  0.00000000e+00 
 8.00524480e-03  2.39366434e+00  8.00524480e-03  0.00000000e+00 
 8.01024480e-03  2.37911318e+00  8.01024480e-03  0.00000000e+00 
 8.01524480e-03  2.36465049e+00  8.01524480e-03  0.00000000e+00 
 8.02024480e-03  2.35027572e+00  8.02024480e-03  0.00000000e+00 
 8.02524480e-03  2.33598833e+00  8.02524480e-03  0.00000000e+00 
 8.03024480e-03  2.32178779e+00  8.03024480e-03  0.00000000e+00 
 8.03524480e-03  2.30767358e+00  8.03524480e-03  0.00000000e+00 
 8.04024480e-03  2.29364517e+00  8.04024480e-03  0.00000000e+00 
 8.04524480e-03  2.27970203e+00  8.04524480e-03  0.00000000e+00 
 8.05024480e-03  2.26584366e+00  8.05024480e-03  0.00000000e+00 
 8.05524480e-03  2.25206954e+00  8.05524480e-03  0.00000000e+00 
 8.06024480e-03  2.23837915e+00  8.06024480e-03  0.00000000e+00 
 8.06524480e-03  2.22477198e+00  8.06524480e-03  0.00000000e+00 
 8.07024480e-03  2.21124753e+00  8.07024480e-03  0.00000000e+00 
 8.07524480e-03  2.19780529e+00  8.07524480e-03  0.00000000e+00 
 8.08024480e-03  2.18444477e+00  8.08024480e-03  0.00000000e+00 
 8.08524480e-03  2.17116548e+00  8.08524480e-03  0.00000000e+00 
 8.09024480e-03  2.15796690e+00  8.09024480e-03  0.00000000e+00 
 8.09524480e-03  2.14484856e+00  8.09524480e-03  0.00000000e+00 
 8.10024480e-03  2.13180997e+00  8.10024480e-03  0.00000000e+00 
 8.10524480e-03  2.11885064e+00  8.10524480e-03  0.00000000e+00 
 8.11024480e-03  2.10597009e+00  8.11024480e-03  0.00000000e+00 
 8.11524480e-03  2.09316784e+00  8.11524480e-03  0.00000000e+00 
 8.12024480e-03  2.08044341e+00  8.12024480e-03  0.00000000e+00 
 8.12524480e-03  2.06779634e+00  8.12524480e-03  0.00000000e+00 
 8.13024480e-03  2.05522615e+00  8.13024480e-03  0.00000000e+00 
 8.13524480e-03  2.04273237e+00  8.13524480e-03  0.00000000e+00 
 8.14024480e-03  2.03031455e+00  8.14024480e-03  0.00000000e+00 
 8.14524480e-03  2.01797221e+00  8.14524480e-03  0.00000000e+00 
 8.15024480e-03  2.00570490e+00  8.15024480e-03  0.00000000e+00 
 8.15524480e-03  1.99351217e+00  8.15524480e-03  0.00000000e+00 
 8.16024480e-03  1.98139355e+00  8.16024480e-03  0.00000000e+00 
 8.16524480e-03  1.96934861e+00  8.16524480e-03  0.00000000e+00 
 8.17024480e-03  1.95737688e+00  8.17024480e-03  0.00000000e+00 
 8.17524480e-03  1.94547793e+00  8.17524480e-03  0.00000000e+00 
 8.18024480e-03  1.93365132e+00  8.18024480e-03  0.00000000e+00 
 8.18524480e-03  1.92189660e+00  8.18524480e-03  0.00000000e+00 
 8.19024480e-03  1.91021334e+00  8.19024480e-03  0.00000000e+00 
 8.19524480e-03  1.89860110e+00  8.19524480e-03  0.00000000e+00 
 8.20000000e-03  1.88762290e+00  8.20000000e-03  0.00000000e+00 
 8.20050000e-03  1.88951953e+00  8.20050000e-03  5.00000000e+00 
 8.20150000e-03  1.89331049e+00  8.20150000e-03  5.00000000e+00 
 8.20350000e-03  1.90087855e+00  8.20350000e-03  5.00000000e+00 
 8.20750000e-03  1.91595943e+00  8.20750000e-03  5.00000000e+00 
 8.21250000e-03  1.93470740e+00  8.21250000e-03  5.00000000e+00 
 8.21750000e-03  1.95334140e+00  8.21750000e-03  5.00000000e+00 
 8.22250000e-03  1.97186212e+00  8.22250000e-03  5.00000000e+00 
 8.22750000e-03  1.99027025e+00  8.22750000e-03  5.00000000e+00 
 8.23250000e-03  2.00856648e+00  8.23250000e-03  5.00000000e+00 
 8.23750000e-03  2.02675149e+00  8.23750000e-03  5.00000000e+00 
 8.24250000e-03  2.04482595e+00  8.24250000e-03  5.00000000e+00 
 8.24750000e-03  2.06279053e+00  8.24750000e-03  5.00000000e+00 
 8.25250000e-03  2.08064591e+00  8.25250000e-03  5.00000000e+00 
 8.25750000e-03  2.09839274e+00  8.25750000e-03  5.00000000e+00 
 8.26250000e-03  2.11603169e+00  8.26250000e-03  5.00000000e+00 
 8.26750000e-03  2.13356341e+00  8.26750000e-03  5.00000000e+00 
 8.27250000e-03  2.15098856e+00  8.27250000e-03  5.00000000e+00 
 8.27750000e-03  2.16830778e+00  8.27750000e-03  5.00000000e+00 
 8.28250000e-03  2.18552171e+00  8.28250000e-03  5.00000000e+00 
 8.28750000e-03  2.20263100e+00  8.28750000e-03  5.00000000e+00 
 8.29250000e-03  2.21963629e+00  8.29250000e-03  5.00000000e+00 
 8.29750000e-03  2.23653819e+00  8.29750000e-03  5.00000000e+00 
 8.30250000e-03  2.25333735e+00  8.30250000e-03  5.00000000e+00 
 8.30750000e-03  2.27003439e+00  8.30750000e-03  5.00000000e+00 
 8.31250000e-03  2.28662993e+00  8.31250000e-03  5.00000000e+00 
 8.31750000e-03  2.30312458e+00  8.31750000e-03  5.00000000e+00 
 8.32250000e-03  2.31951896e+00  8.32250000e-03  5.00000000e+00 
 8.32750000e-03  2.33581367e+00  8.32750000e-03  5.00000000e+00 
 8.33250000e-03  2.35200934e+00  8.33250000e-03  5.00000000e+00 
 8.33750000e-03  2.36810654e+00  8.33750000e-03  5.00000000e+00 
 8.34250000e-03  2.38410590e+00  8.34250000e-03  5.00000000e+00 
 8.34750000e-03  2.40000799e+00  8.34750000e-03  5.00000000e+00 
 8.35250000e-03  2.41581341e+00  8.35250000e-03  5.00000000e+00 
 8.35750000e-03  2.43152275e+00  8.35750000e-03  5.00000000e+00 
 8.36250000e-03  2.44713659e+00  8.36250000e-03  5.00000000e+00 
 8.36750000e-03  2.46265552e+00  8.36750000e-03  5.00000000e+00 
 8.37250000e-03  2.47808011e+00  8.37250000e-03  5.00000000e+00 
 8.37750000e-03  2.49341093e+00  8.37750000e-03  5.00000000e+00 
 8.38250000e-03  2.50864855e+00  8.38250000e-03  5.00000000e+00 
 8.38750000e-03  2.52379354e+00  8.38750000e-03  5.00000000e+00 
 8.39250000e-03  2.53884647e+00  8.39250000e-03  5.00000000e+00 
 8.39750000e-03  2.55380789e+00  8.39750000e-03  5.00000000e+00 
 8.40250000e-03  2.56867836e+00  8.40250000e-03  5.00000000e+00 
 8.40750000e-03  2.58345843e+00  8.40750000e-03  5.00000000e+00 
 8.41250000e-03  2.59814865e+00  8.41250000e-03  5.00000000e+00 
 8.41750000e-03  2.61274957e+00  8.41750000e-03  5.00000000e+00 
 8.42250000e-03  2.62726173e+00  8.42250000e-03  5.00000000e+00 
 8.42750000e-03  2.64168567e+00  8.42750000e-03  5.00000000e+00 
 8.43250000e-03  2.65602193e+00  8.43250000e-03  5.00000000e+00 
 8.43750000e-03  2.67027104e+00  8.43750000e-03  5.00000000e+00 
 8.44250000e-03  2.68443352e+00  8.44250000e-03  5.00000000e+00 
 8.44750000e-03  2.69850992e+00  8.44750000e-03  5.00000000e+00 
 8.45250000e-03  2.71250074e+00  8.45250000e-03  5.00000000e+00 
 8.45750000e-03  2.72640651e+00  8.45750000e-03  5.00000000e+00 
 8.46250000e-03  2.74022774e+00  8.46250000e-03  5.00000000e+00 
 8.46750000e-03  2.75396496e+00  8.46750000e-03  5.00000000e+00 
 8.47250000e-03  2.76761867e+00  8.47250000e-03  5.00000000e+00 
 8.47750000e-03  2.78118938e+00  8.47750000e-03  5.00000000e+00 
 8.48250000e-03  2.79467759e+00  8.48250000e-03  5.00000000e+00 
 8.48750000e-03  2.80808380e+00  8.48750000e-03  5.00000000e+00 
 8.49250000e-03  2.82140852e+00  8.49250000e-03  5.00000000e+00 
 8.49750000e-03  2.83465224e+00  8.49750000e-03  5.00000000e+00 
 8.50250000e-03  2.84781545e+00  8.50250000e-03  5.00000000e+00 
 8.50750000e-03  2.86089864e+00  8.50750000e-03  5.00000000e+00 
 8.51250000e-03  2.87390229e+00  8.51250000e-03  5.00000000e+00 
 8.51750000e-03  2.88682690e+00  8.51750000e-03  5.00000000e+00 
 8.52250000e-03  2.89967294e+00  8.52250000e-03  5.00000000e+00 
 8.52750000e-03  2.91244088e+00  8.52750000e-03  5.00000000e+00 
 8.53250000e-03  2.92513121e+00  8.53250000e-03  5.00000000e+00 
 8.53750000e-03  2.93774439e+00  8.53750000e-03  5.00000000e+00 
 8.54250000e-03  2.95028090e+00  8.54250000e-03  5.00000000e+00 
 8.54750000e-03  2.96274120e+00  8.54750000e-03  5.00000000e+00 
 8.55250000e-03  2.97512575e+00  8.55250000e-03  5.00000000e+00 
 8.55750000e-03  2.98743502e+00  8.55750000e-03  5.00000000e+00 
 8.56250000e-03  2.99966946e+00  8.56250000e-03  5.00000000e+00 
 8.56750000e-03  3.01182952e+00  8.56750000e-03  5.00000000e+00 
 8.57250000e-03  3.02391566e+00  8.57250000e-03  5.00000000e+00 
 8.57750000e-03  3.03592833e+00  8.57750000e-03  5.00000000e+00 
 8.58250000e-03  3.04786798e+00  8.58250000e-03  5.00000000e+00 
 8.58750000e-03  3.05973504e+00  8.58750000e-03  5.00000000e+00 
 8.59250000e-03  3.07152997e+00  8.59250000e-03  5.00000000e+00 
 8.59750000e-03  3.08325319e+00  8.59750000e-03  5.00000000e+00 
 8.60250000e-03  3.09490515e+00  8.60250000e-03  5.00000000e+00 
 8.60750000e-03  3.10648627e+00  8.60750000e-03  5.00000000e+00 
 8.61000100e-03  3.11225269e+00  8.61000100e-03  5.00000000e+00 
 8.61000110e-03  3.11225286e+00  8.61000110e-03  4.50000000e+00 
 8.61000130e-03  3.11225308e+00  8.61000130e-03  3.50000001e+00 
 8.61000170e-03  3.11225278e+00  8.61000170e-03  1.50000000e+00 
 8.61000200e-03  3.11225192e+00  8.61000200e-03  2.08967865e-09 
 8.61000208e-03  3.11225161e+00  8.61000208e-03  0.00000000e+00 
 8.61000224e-03  3.11225100e+00  8.61000224e-03  0.00000000e+00 
 8.61000256e-03  3.11224979e+00  8.61000256e-03  0.00000000e+00 
 8.61000320e-03  3.11224736e+00  8.61000320e-03  0.00000000e+00 
 8.61000448e-03  3.11224250e+00  8.61000448e-03  0.00000000e+00 
 8.61000704e-03  3.11223279e+00  8.61000704e-03  0.00000000e+00 
 8.61001216e-03  3.11221335e+00  8.61001216e-03  0.00000000e+00 
 8.61002240e-03  3.11217449e+00  8.61002240e-03  0.00000000e+00 
 8.61004288e-03  3.11209676e+00  8.61004288e-03  0.00000000e+00 
 8.61008384e-03  3.11194131e+00  8.61008384e-03  0.00000000e+00 
 8.61016576e-03  3.11163044e+00  8.61016576e-03  0.00000000e+00 
 8.61032960e-03  3.11100878e+00  8.61032960e-03  0.00000000e+00 
 8.61065728e-03  3.10976584e+00  8.61065728e-03  0.00000000e+00 
 8.61131264e-03  3.10728145e+00  8.61131264e-03  0.00000000e+00 
 8.61262336e-03  3.10231861e+00  8.61262336e-03  0.00000000e+00 
 8.61524480e-03  3.09241671e+00  8.61524480e-03  0.00000000e+00 
 8.62024480e-03  3.07361782e+00  8.62024480e-03  0.00000000e+00 
 8.62524480e-03  3.05493321e+00  8.62524480e-03  0.00000000e+00 
 8.63024480e-03  3.03636219e+00  8.63024480e-03  0.00000000e+00 
 8.63524480e-03  3.01790406e+00  8.63524480e-03  0.00000000e+00 
 8.64024480e-03  2.99955814e+00  8.64024480e-03  0.00000000e+00 
 8.64524480e-03  2.98132375e+00  8.64524480e-03  0.00000000e+00 
 8.65024480e-03  2.96320020e+00  8.65024480e-03  0.00000000e+00 
 8.65524480e-03  2.94518682e+00  8.65524480e-03  0.00000000e+00 
 8.66024480e-03  2.92728295e+00  8.66024480e-03  0.00000000e+00 
 8.66524480e-03  2.90948792e+00  8.66524480e-03  0.00000000e+00 
 8.67024480e-03  2.89180106e+00  8.67024480e-03  0.00000000e+00 
 8.67524480e-03  2.87422172e+00  8.67524480e-03  0.00000000e+00 
 8.68024480e-03  2.85674925e+00  8.68024480e-03  0.00000000e+00 
 8.68524480e-03  2.83938299e+00  8.68524480e-03  0.00000000e+00 
 8.69024480e-03  2.82212231e+00  8.69024480e-03  0.00000000e+00 
 8.69524480e-03  2.80496655e+00  8.69524480e-03  0.00000000e+00 
 8.70024480e-03  2.78791508e+00  8.70024480e-03  0.00000000e+00 
 8.70524480e-03  2.77096727e+00  8.70524480e-03  0.00000000e+00 
 8.71024480e-03  2.75412248e+00  8.71024480e-03  0.00000000e+00 
 8.71524480e-03  2.73738010e+00  8.71524480e-03  0.00000000e+00 
 8.72024480e-03  2.72073949e+00  8.72024480e-03  0.00000000e+00 
 8.72524480e-03  2.70420004e+00  8.72524480e-03  0.00000000e+00 
 8.73024480e-03  2.68776113e+00  8.73024480e-03  0.00000000e+00 
 8.73524480e-03  2.67142216e+00  8.73524480e-03  0.00000000e+00 
 8.74024480e-03  2.65518251e+00  8.74024480e-03  0.00000000e+00 
 8.74524480e-03  2.63904158e+00  8.74524480e-03  0.00000000e+00 
 8.75024480e-03  2.62299878e+00  8.75024480e-03  0.00000000e+00 
 8.75524480e-03  2.60705350e+00  8.75524480e-03  0.00000000e+00 
 8.76024480e-03  2.59120515e+00  8.76024480e-03  0.00000000e+00 
 8.76524480e-03  2.57545314e+00  8.76524480e-03  0.00000000e+00 
 8.77024480e-03  2.55979689e+00  8.77024480e-03  0.00000000e+00 
 8.77524480e-03  2.54423581e+00  8.77524480e-03  0.00000000e+00 
 8.78024480e-03  2.52876933e+00  8.78024480e-03  0.00000000e+00 
 8.78524480e-03  2.51339688e+00  8.78524480e-03  0.00000000e+00 
 8.79024480e-03  2.49811787e+00  8.79024480e-03  0.00000000e+00 
 8.79524480e-03  2.48293174e+00  8.79524480e-03  0.00000000e+00 
 8.80024480e-03  2.46783793e+00  8.80024480e-03  0.00000000e+00 
 8.80524480e-03  2.45283588e+00  8.80524480e-03  0.00000000e+00 
 8.81024480e-03  2.43792502e+00  8.81024480e-03  0.00000000e+00 
 8.81524480e-03  2.42310481e+00  8.81524480e-03  0.00000000e+00 
 8.82024480e-03  2.40837469e+00  8.82024480e-03  0.00000000e+00 
 8.82524480e-03  2.39373411e+00  8.82524480e-03  0.00000000e+00 
 8.83024480e-03  2.37918254e+00  8.83024480e-03  0.00000000e+00 
 8.83524480e-03  2.36471942e+00  8.83524480e-03  0.00000000e+00 
 8.84024480e-03  2.35034423e+00  8.84024480e-03  0.00000000e+00 
 8.84524480e-03  2.33605642e+00  8.84524480e-03  0.00000000e+00 
 8.85024480e-03  2.32185547e+00  8.85024480e-03  0.00000000e+00 
 8.85524480e-03  2.30774085e+00  8.85524480e-03  0.00000000e+00 
 8.86024480e-03  2.29371203e+00  8.86024480e-03  0.00000000e+00 
 8.86524480e-03  2.27976849e+00  8.86524480e-03  0.00000000e+00 
 8.87024480e-03  2.26590971e+00  8.87024480e-03  0.00000000e+00 
 8.87524480e-03  2.25213519e+00  8.87524480e-03  0.00000000e+00 
 8.88024480e-03  2.23844439e+00  8.88024480e-03  0.00000000e+00 
 8.88524480e-03  2.22483683e+00  8.88524480e-03  0.00000000e+00 
 8.89024480e-03  2.21131199e+00  8.89024480e-03  0.00000000e+00 
 8.89524480e-03  2.19786936e+00  8.89524480e-03  0.00000000e+00 
 8.90024480e-03  2.18450845e+00  8.90024480e-03  0.00000000e+00 
 8.90524480e-03  2.17122877e+00  8.90524480e-03  0.00000000e+00 
 8.91024480e-03  2.15802981e+00  8.91024480e-03  0.00000000e+00 
 8.91524480e-03  2.14491108e+00  8.91524480e-03  0.00000000e+00 
 8.92024480e-03  2.13187211e+00  8.92024480e-03  0.00000000e+00 
 8.92524480e-03  2.11891240e+00  8.92524480e-03  0.00000000e+00 
 8.93024480e-03  2.10603148e+00  8.93024480e-03  0.00000000e+00 
 8.93524480e-03  2.09322885e+00  8.93524480e-03  0.00000000e+00 
 8.94024480e-03  2.08050406e+00  8.94024480e-03  0.00000000e+00 
 8.94524480e-03  2.06785662e+00  8.94524480e-03  0.00000000e+00 
 8.95024480e-03  2.05528606e+00  8.95024480e-03  0.00000000e+00 
 8.95524480e-03  2.04279192e+00  8.95524480e-03  0.00000000e+00 
 8.96024480e-03  2.03037373e+00  8.96024480e-03  0.00000000e+00 
 8.96524480e-03  2.01803103e+00  8.96524480e-03  0.00000000e+00 
 8.97024480e-03  2.00576337e+00  8.97024480e-03  0.00000000e+00 
 8.97524480e-03  1.99357028e+00  8.97524480e-03  0.00000000e+00 
 8.98024480e-03  1.98145131e+00  8.98024480e-03  0.00000000e+00 
 8.98524480e-03  1.96940601e+00  8.98524480e-03  0.00000000e+00 
 8.99024480e-03  1.95743394e+00  8.99024480e-03  0.00000000e+00 
 8.99524480e-03  1.94553464e+00  8.99524480e-03  0.00000000e+00 
 9.00024480e-03  1.93370769e+00  9.00024480e-03  0.00000000e+00 
 9.00524480e-03  1.92195262e+00  9.00524480e-03  0.00000000e+00 
 9.01024480e-03  1.91026902e+00  9.01024480e-03  0.00000000e+00 
 9.01524480e-03  1.89865644e+00  9.01524480e-03  0.00000000e+00 
 9.02000000e-03  1.88767792e+00  9.02000000e-03  0.00000000e+00 
 9.02050000e-03  1.88957452e+00  9.02050000e-03  5.00000000e+00 
 9.02150000e-03  1.89336541e+00  9.02150000e-03  5.00000000e+00 
 9.02350000e-03  1.90093334e+00  9.02350000e-03  5.00000000e+00 
 9.02750000e-03  1.91601396e+00  9.02750000e-03  5.00000000e+00 
 9.03250000e-03  1.93476159e+00  9.03250000e-03  5.00000000e+00 
 9.03750000e-03  1.95339526e+00  9.03750000e-03  5.00000000e+00 
 9.04250000e-03  1.97191565e+00  9.04250000e-03  5.00000000e+00 
 9.04750000e-03  1.99032346e+00  9.04750000e-03  5.00000000e+00 
 9.05250000e-03  2.00861937e+00  9.05250000e-03  5.00000000e+00 
 9.05750000e-03  2.02680405e+00  9.05750000e-03  5.00000000e+00 
 9.06250000e-03  2.04487819e+00  9.06250000e-03  5.00000000e+00 
 9.06750000e-03  2.06284246e+00  9.06750000e-03  5.00000000e+00 
 9.07250000e-03  2.08069752e+00  9.07250000e-03  5.00000000e+00 
 9.07750000e-03  2.09844404e+00  9.07750000e-03  5.00000000e+00 
 9.08250000e-03  2.11608268e+00  9.08250000e-03  5.00000000e+00 
 9.08750000e-03  2.13361409e+00  9.08750000e-03  5.00000000e+00 
 9.09250000e-03  2.15103893e+00  9.09250000e-03  5.00000000e+00 
 9.09750000e-03  2.16835784e+00  9.09750000e-03  5.00000000e+00 
 9.10250000e-03  2.18557147e+00  9.10250000e-03  5.00000000e+00 
 9.10750000e-03  2.20268046e+00  9.10750000e-03  5.00000000e+00 
 9.11250000e-03  2.21968544e+00  9.11250000e-03  5.00000000e+00 
 9.11750000e-03  2.23658705e+00  9.11750000e-03  5.00000000e+00 
 9.12250000e-03  2.25338591e+00  9.12250000e-03  5.00000000e+00 
 9.12750000e-03  2.27008265e+00  9.12750000e-03  5.00000000e+00 
 9.13250000e-03  2.28667790e+00  9.13250000e-03  5.00000000e+00 
 9.13750000e-03  2.30317226e+00  9.13750000e-03  5.00000000e+00 
 9.14250000e-03  2.31956635e+00  9.14250000e-03  5.00000000e+00 
 9.14750000e-03  2.33586077e+00  9.14750000e-03  5.00000000e+00 
 9.15250000e-03  2.35205615e+00  9.15250000e-03  5.00000000e+00 
 9.15750000e-03  2.36815307e+00  9.15750000e-03  5.00000000e+00 
 9.16250000e-03  2.38415214e+00  9.16250000e-03  5.00000000e+00 
 9.16750000e-03  2.40005395e+00  9.16750000e-03  5.00000000e+00 
 9.17250000e-03  2.41585910e+00  9.17250000e-03  5.00000000e+00 
 9.17750000e-03  2.43156816e+00  9.17750000e-03  5.00000000e+00 
 9.18250000e-03  2.44718173e+00  9.18250000e-03  5.00000000e+00 
 9.18750000e-03  2.46270038e+00  9.18750000e-03  5.00000000e+00 
 9.19250000e-03  2.47812469e+00  9.19250000e-03  5.00000000e+00 
 9.19750000e-03  2.49345524e+00  9.19750000e-03  5.00000000e+00 
 9.20250000e-03  2.50869260e+00  9.20250000e-03  5.00000000e+00 
 9.20750000e-03  2.52383732e+00  9.20750000e-03  5.00000000e+00 
 9.21250000e-03  2.53888998e+00  9.21250000e-03  5.00000000e+00 
 9.21750000e-03  2.55385114e+00  9.21750000e-03  5.00000000e+00 
 9.22250000e-03  2.56872134e+00  9.22250000e-03  5.00000000e+00 
 9.22750000e-03  2.58350115e+00  9.22750000e-03  5.00000000e+00 
 9.23250000e-03  2.59819112e+00  9.23250000e-03  5.00000000e+00 
 9.23750000e-03  2.61279178e+00  9.23750000e-03  5.00000000e+00 
 9.24250000e-03  2.62730368e+00  9.24250000e-03  5.00000000e+00 
 9.24750000e-03  2.64172737e+00  9.24750000e-03  5.00000000e+00 
 9.25250000e-03  2.65606337e+00  9.25250000e-03  5.00000000e+00 
 9.25750000e-03  2.67031223e+00  9.25750000e-03  5.00000000e+00 
 9.26250000e-03  2.68447446e+00  9.26250000e-03  5.00000000e+00 
 9.26750000e-03  2.69855060e+00  9.26750000e-03  5.00000000e+00 
 9.27250000e-03  2.71254118e+00  9.27250000e-03  5.00000000e+00 
 9.27750000e-03  2.72644670e+00  9.27750000e-03  5.00000000e+00 
 9.28250000e-03  2.74026770e+00  9.28250000e-03  5.00000000e+00 
 9.28750000e-03  2.75400467e+00  9.28750000e-03  5.00000000e+00 
 9.29250000e-03  2.76765814e+00  9.29250000e-03  5.00000000e+00 
 9.29750000e-03  2.78122861e+00  9.29750000e-03  5.00000000e+00 
 9.30250000e-03  2.79471658e+00  9.30250000e-03  5.00000000e+00 
 9.30750000e-03  2.80812256e+00  9.30750000e-03  5.00000000e+00 
 9.31250000e-03  2.82144704e+00  9.31250000e-03  5.00000000e+00 
 9.31750000e-03  2.83469052e+00  9.31750000e-03  5.00000000e+00 
 9.32250000e-03  2.84785350e+00  9.32250000e-03  5.00000000e+00 
 9.32750000e-03  2.86093645e+00  9.32750000e-03  5.00000000e+00 
 9.33250000e-03  2.87393988e+00  9.33250000e-03  5.00000000e+00 
 9.33750000e-03  2.88686426e+00  9.33750000e-03  5.00000000e+00 
 9.34250000e-03  2.89971007e+00  9.34250000e-03  5.00000000e+00 
 9.34750000e-03  2.91247779e+00  9.34750000e-03  5.00000000e+00 
 9.35250000e-03  2.92516789e+00  9.35250000e-03  5.00000000e+00 
 9.35750000e-03  2.93778085e+00  9.35750000e-03  5.00000000e+00 
 9.36250000e-03  2.95031714e+00  9.36250000e-03  5.00000000e+00 
 9.36750000e-03  2.96277722e+00  9.36750000e-03  5.00000000e+00 
 9.37250000e-03  2.97516155e+00  9.37250000e-03  5.00000000e+00 
 9.37750000e-03  2.98747060e+00  9.37750000e-03  5.00000000e+00 
 9.38250000e-03  2.99970482e+00  9.38250000e-03  5.00000000e+00 
 9.38750000e-03  3.01186467e+00  9.38750000e-03  5.00000000e+00 
 9.39250000e-03  3.02395060e+00  9.39250000e-03  5.00000000e+00 
 9.39750000e-03  3.03596306e+00  9.39750000e-03  5.00000000e+00 
 9.40250000e-03  3.04790249e+00  9.40250000e-03  5.00000000e+00 
 9.40750000e-03  3.05976935e+00  9.40750000e-03  5.00000000e+00 
 9.41250000e-03  3.07156406e+00  9.41250000e-03  5.00000000e+00 
 9.41750000e-03  3.08328708e+00  9.41750000e-03  5.00000000e+00 
 9.42250000e-03  3.09493883e+00  9.42250000e-03  5.00000000e+00 
 9.42750000e-03  3.10651975e+00  9.42750000e-03  5.00000000e+00 
 9.43000100e-03  3.11228607e+00  9.43000100e-03  5.00000000e+00 
 9.43000110e-03  3.11228624e+00  9.43000110e-03  4.50000000e+00 
 9.43000130e-03  3.11228645e+00  9.43000130e-03  3.50000001e+00 
 9.43000170e-03  3.11228615e+00  9.43000170e-03  1.50000000e+00 
 9.43000200e-03  3.11228529e+00  9.43000200e-03  2.08967865e-09 
 9.43000208e-03  3.11228499e+00  9.43000208e-03  0.00000000e+00 
 9.43000224e-03  3.11228438e+00  9.43000224e-03  0.00000000e+00 
 9.43000256e-03  3.11228316e+00  9.43000256e-03  0.00000000e+00 
 9.43000320e-03  3.11228073e+00  9.43000320e-03  0.00000000e+00 
 9.43000448e-03  3.11227588e+00  9.43000448e-03  0.00000000e+00 
 9.43000704e-03  3.11226616e+00  9.43000704e-03  0.00000000e+00 
 9.43001216e-03  3.11224673e+00  9.43001216e-03  0.00000000e+00 
 9.43002240e-03  3.11220786e+00  9.43002240e-03  0.00000000e+00 
 9.43004288e-03  3.11213013e+00  9.43004288e-03  0.00000000e+00 
 9.43008384e-03  3.11197468e+00  9.43008384e-03  0.00000000e+00 
 9.43016576e-03  3.11166381e+00  9.43016576e-03  0.00000000e+00 
 9.43032960e-03  3.11104214e+00  9.43032960e-03  0.00000000e+00 
 9.43065728e-03  3.10979919e+00  9.43065728e-03  0.00000000e+00 
 9.43131264e-03  3.10731477e+00  9.43131264e-03  0.00000000e+00 
 9.43262336e-03  3.10235188e+00  9.43262336e-03  0.00000000e+00 
 9.43524480e-03  3.09244987e+00  9.43524480e-03  0.00000000e+00 
 9.44024480e-03  3.07365078e+00  9.44024480e-03  0.00000000e+00 
 9.44524480e-03  3.05496597e+00  9.44524480e-03  0.00000000e+00 
 9.45024480e-03  3.03639475e+00  9.45024480e-03  0.00000000e+00 
 9.45524480e-03  3.01793643e+00  9.45524480e-03  0.00000000e+00 
 9.46024480e-03  2.99959031e+00  9.46024480e-03  0.00000000e+00 
 9.46524480e-03  2.98135572e+00  9.46524480e-03  0.00000000e+00 
 9.47024480e-03  2.96323197e+00  9.47024480e-03  0.00000000e+00 
 9.47524480e-03  2.94521840e+00  9.47524480e-03  0.00000000e+00 
 9.48024480e-03  2.92731434e+00  9.48024480e-03  0.00000000e+00 
 9.48524480e-03  2.90951912e+00  9.48524480e-03  0.00000000e+00 
 9.49024480e-03  2.89183207e+00  9.49024480e-03  0.00000000e+00 
 9.49524480e-03  2.87425254e+00  9.49524480e-03  0.00000000e+00 
 9.50024480e-03  2.85677988e+00  9.50024480e-03  0.00000000e+00 
 9.50524480e-03  2.83941344e+00  9.50524480e-03  0.00000000e+00 
 9.51024480e-03  2.82215257e+00  9.51024480e-03  0.00000000e+00 
 9.51524480e-03  2.80499663e+00  9.51524480e-03  0.00000000e+00 
 9.52024480e-03  2.78794498e+00  9.52024480e-03  0.00000000e+00 
 9.52524480e-03  2.77099698e+00  9.52524480e-03  0.00000000e+00 
 9.53024480e-03  2.75415202e+00  9.53024480e-03  0.00000000e+00 
 9.53524480e-03  2.73740945e+00  9.53524480e-03  0.00000000e+00 
 9.54024480e-03  2.72076866e+00  9.54024480e-03  0.00000000e+00 
 9.54524480e-03  2.70422904e+00  9.54524480e-03  0.00000000e+00 
 9.55024480e-03  2.68778995e+00  9.55024480e-03  0.00000000e+00 
 9.55524480e-03  2.67145081e+00  9.55524480e-03  0.00000000e+00 
 9.56024480e-03  2.65521098e+00  9.56024480e-03  0.00000000e+00 
 9.56524480e-03  2.63906988e+00  9.56524480e-03  0.00000000e+00 
 9.57024480e-03  2.62302690e+00  9.57024480e-03  0.00000000e+00 
 9.57524480e-03  2.60708145e+00  9.57524480e-03  0.00000000e+00 
 9.58024480e-03  2.59123293e+00  9.58024480e-03  0.00000000e+00 
 9.58524480e-03  2.57548076e+00  9.58524480e-03  0.00000000e+00 
 9.59024480e-03  2.55982434e+00  9.59024480e-03  0.00000000e+00 
 9.59524480e-03  2.54426310e+00  9.59524480e-03  0.00000000e+00 
 9.60024480e-03  2.52879645e+00  9.60024480e-03  0.00000000e+00 
 9.60524480e-03  2.51342383e+00  9.60524480e-03  0.00000000e+00 
 9.61024480e-03  2.49814466e+00  9.61024480e-03  0.00000000e+00 
 9.61524480e-03  2.48295837e+00  9.61524480e-03  0.00000000e+00 
 9.62024480e-03  2.46786440e+00  9.62024480e-03  0.00000000e+00 
 9.62524480e-03  2.45286218e+00  9.62524480e-03  0.00000000e+00 
 9.63024480e-03  2.43795116e+00  9.63024480e-03  0.00000000e+00 
 9.63524480e-03  2.42313079e+00  9.63524480e-03  0.00000000e+00 
 9.64024480e-03  2.40840051e+00  9.64024480e-03  0.00000000e+00 
 9.64524480e-03  2.39375978e+00  9.64524480e-03  0.00000000e+00 
 9.65024480e-03  2.37920805e+00  9.65024480e-03  0.00000000e+00 
 9.65524480e-03  2.36474478e+00  9.65524480e-03  0.00000000e+00 
 9.66024480e-03  2.35036943e+00  9.66024480e-03  0.00000000e+00 
 9.66524480e-03  2.33608147e+00  9.66524480e-03  0.00000000e+00 
 9.67024480e-03  2.32188037e+00  9.67024480e-03  0.00000000e+00 
 9.67524480e-03  2.30776559e+00  9.67524480e-03  0.00000000e+00 
 9.68024480e-03  2.29373662e+00  9.68024480e-03  0.00000000e+00 
 9.68524480e-03  2.27979294e+00  9.68524480e-03  0.00000000e+00 
 9.69024480e-03  2.26593401e+00  9.69024480e-03  0.00000000e+00 
 9.69524480e-03  2.25215934e+00  9.69524480e-03  0.00000000e+00 
 9.70024480e-03  2.23846840e+00  9.70024480e-03  0.00000000e+00 
 9.70524480e-03  2.22486069e+00  9.70524480e-03  0.00000000e+00 
 9.71024480e-03  2.21133570e+00  9.71024480e-03  0.00000000e+00 
 9.71524480e-03  2.19789293e+00  9.71524480e-03  0.00000000e+00 
 9.72024480e-03  2.18453188e+00  9.72024480e-03  0.00000000e+00 
 9.72524480e-03  2.17125205e+00  9.72524480e-03  0.00000000e+00 
 9.73024480e-03  2.15805295e+00  9.73024480e-03  0.00000000e+00 
 9.73524480e-03  2.14493408e+00  9.73524480e-03  0.00000000e+00 
 9.74024480e-03  2.13189497e+00  9.74024480e-03  0.00000000e+00 
 9.74524480e-03  2.11893512e+00  9.74524480e-03  0.00000000e+00 
 9.75024480e-03  2.10605406e+00  9.75024480e-03  0.00000000e+00 
 9.75524480e-03  2.09325130e+00  9.75524480e-03  0.00000000e+00 
 9.76024480e-03  2.08052637e+00  9.76024480e-03  0.00000000e+00 
 9.76524480e-03  2.06787879e+00  9.76524480e-03  0.00000000e+00 
 9.77024480e-03  2.05530810e+00  9.77024480e-03  0.00000000e+00 
 9.77524480e-03  2.04281382e+00  9.77524480e-03  0.00000000e+00 
 9.78024480e-03  2.03039550e+00  9.78024480e-03  0.00000000e+00 
 9.78524480e-03  2.01805267e+00  9.78524480e-03  0.00000000e+00 
 9.79024480e-03  2.00578488e+00  9.79024480e-03  0.00000000e+00 
 9.79524480e-03  1.99359166e+00  9.79524480e-03  0.00000000e+00 
 9.80024480e-03  1.98147256e+00  9.80024480e-03  0.00000000e+00 
 9.80524480e-03  1.96942713e+00  9.80524480e-03  0.00000000e+00 
 9.81024480e-03  1.95745493e+00  9.81024480e-03  0.00000000e+00 
 9.81524480e-03  1.94555551e+00  9.81524480e-03  0.00000000e+00 
 9.82024480e-03  1.93372842e+00  9.82024480e-03  0.00000000e+00 
 9.82524480e-03  1.92197323e+00  9.82524480e-03  0.00000000e+00 
 9.83024480e-03  1.91028951e+00  9.83024480e-03  0.00000000e+00 
 9.83524480e-03  1.89867680e+00  9.83524480e-03  0.00000000e+00 
 9.84000000e-03  1.88769816e+00  9.84000000e-03  0.00000000e+00 
 9.84000010e-03  1.88769799e+00  9.84000010e-03  4.99999998e-01 
 9.84000030e-03  1.88769778e+00  9.84000030e-03  1.49999999e+00 
 9.84000070e-03  1.88769808e+00  9.84000070e-03  3.49999999e+00 
 9.84000100e-03  1.88769894e+00  9.84000100e-03  5.00000000e+00 
 9.84000108e-03  1.88769925e+00  9.84000108e-03  5.00000000e+00 
 9.84000124e-03  1.88769985e+00  9.84000124e-03  5.00000000e+00 
 9.84000156e-03  1.88770107e+00  9.84000156e-03  5.00000000e+00 
 9.84000220e-03  1.88770350e+00  9.84000220e-03  5.00000000e+00 
 9.84000348e-03  1.88770835e+00  9.84000348e-03  5.00000000e+00 
 9.84000604e-03  1.88771807e+00  9.84000604e-03  5.00000000e+00 
 9.84001116e-03  1.88773750e+00  9.84001116e-03  5.00000000e+00 
 9.84002140e-03  1.88777637e+00  9.84002140e-03  5.00000000e+00 
 9.84004188e-03  1.88785410e+00  9.84004188e-03  5.00000000e+00 
 9.84008284e-03  1.88800955e+00  9.84008284e-03  5.00000000e+00 
 9.84016476e-03  1.88832043e+00  9.84016476e-03  5.00000000e+00 
 9.84032860e-03  1.88894210e+00  9.84032860e-03  5.00000000e+00 
 9.84065628e-03  1.89018506e+00  9.84065628e-03  5.00000000e+00 
 9.84131164e-03  1.89266949e+00  9.84131164e-03  5.00000000e+00 
 9.84262236e-03  1.89763240e+00  9.84262236e-03  5.00000000e+00 
 9.84524380e-03  1.90753446e+00  9.84524380e-03  5.00000000e+00 
 9.85024380e-03  1.92633365e+00  9.85024380e-03  5.00000000e+00 
 9.85524380e-03  1.94501855e+00  9.85524380e-03  5.00000000e+00 
 9.86024380e-03  1.96358986e+00  9.86024380e-03  5.00000000e+00 
 9.86524380e-03  1.98204828e+00  9.86524380e-03  5.00000000e+00 
 9.87024380e-03  2.00039449e+00  9.87024380e-03  5.00000000e+00 
 9.87524380e-03  2.01862918e+00  9.87524380e-03  5.00000000e+00 
 9.88024380e-03  2.03675301e+00  9.88024380e-03  5.00000000e+00 
 9.88524380e-03  2.05476667e+00  9.88524380e-03  5.00000000e+00 
 9.89024380e-03  2.07267083e+00  9.89024380e-03  5.00000000e+00 
 9.89524380e-03  2.09046614e+00  9.89524380e-03  5.00000000e+00 
 9.90024380e-03  2.10815328e+00  9.90024380e-03  5.00000000e+00 
 9.90524380e-03  2.12573289e+00  9.90524380e-03  5.00000000e+00 
 9.91024380e-03  2.14320564e+00  9.91024380e-03  5.00000000e+00 
 9.91524380e-03  2.16057217e+00  9.91524380e-03  5.00000000e+00 
 9.92024380e-03  2.17783313e+00  9.92024380e-03  5.00000000e+00 
 9.92524380e-03  2.19498916e+00  9.92524380e-03  5.00000000e+00 
 9.93024380e-03  2.21204090e+00  9.93024380e-03  5.00000000e+00 
 9.93524380e-03  2.22898898e+00  9.93524380e-03  5.00000000e+00 
 9.94024380e-03  2.24583403e+00  9.94024380e-03  5.00000000e+00 
 9.94524380e-03  2.26257668e+00  9.94524380e-03  5.00000000e+00 
 9.95024380e-03  2.27921755e+00  9.95024380e-03  5.00000000e+00 
 9.95524380e-03  2.29575726e+00  9.95524380e-03  5.00000000e+00 
 9.96024380e-03  2.31219643e+00  9.96024380e-03  5.00000000e+00 
 9.96524380e-03  2.32853566e+00  9.96524380e-03  5.00000000e+00 
 9.97024380e-03  2.34477556e+00  9.97024380e-03  5.00000000e+00 
 9.97524380e-03  2.36091675e+00  9.97524380e-03  5.00000000e+00 
 9.98024380e-03  2.37695981e+00  9.98024380e-03  5.00000000e+00 
 9.98524380e-03  2.39290534e+00  9.98524380e-03  5.00000000e+00 
 9.99024380e-03  2.40875394e+00  9.99024380e-03  5.00000000e+00 
 9.99524380e-03  2.42450619e+00  9.99524380e-03  5.00000000e+00 
 1.00000000e-02  2.43940149e+00  1.00000000e-02  5.00000000e+00 
