 0.00000000e+00  0.00000000e+00  0.00000000e+00  0.00000000e+00 
 1.00000000e-11  6.09756090e-10  1.00000000e-11  5.00000000e-02 
 1.45920001e-11  1.01833210e-09  1.45920001e-11  7.29600006e-02 
 2.37760003e-11  2.09263612e-09  2.37760003e-11  1.18880002e-01 
 4.21440008e-11  5.78415618e-09  4.21440008e-11  2.10720004e-01 
 7.88800017e-11  1.93388442e-08  7.88800017e-11  3.94400008e-01 
 1.52352003e-10  7.11348106e-08  1.52352003e-10  7.61760017e-01 
 2.99296007e-10  2.73473093e-07  2.99296007e-10  1.49648004e+00 
 5.93184014e-10  1.07313497e-06  5.93184014e-10  2.96592007e+00 
 1.00000000e-09  3.04914835e-06  1.00000000e-09  5.00000000e+00 
 1.05877760e-09  3.40754812e-06  1.05877760e-09  5.00000000e+00 
 1.17633280e-09  4.12434760e-06  1.17633280e-09  5.00000000e+00 
 1.41144321e-09  5.55794624e-06  1.41144321e-09  5.00000000e+00 
 1.88166402e-09  8.42514230e-06  1.88166402e-09  5.00000000e+00 
 2.82210564e-09  1.41595295e-05  2.82210564e-09  5.00000000e+00 
 4.70298889e-09  2.56282841e-05  4.70298889e-09  5.00000000e+00 
 8.46475538e-09  4.85657145e-05  8.46475538e-09  5.00000000e+00 
 1.59882884e-08  9.44402596e-05  1.59882884e-08  5.00000000e+00 
 3.10353543e-08  1.86188087e-04  3.10353543e-08  5.00000000e+00 
 6.11294863e-08  3.69678691e-04  6.11294863e-08  5.00000000e+00 
 1.21317750e-07  7.36639698e-04  1.21317750e-07  5.00000000e+00 
 2.41694278e-07  1.47048091e-03  2.41694278e-07  5.00000000e+00 
 4.82447333e-07  2.93784020e-03  4.82447333e-07  5.00000000e+00 
 9.63953444e-07  5.87126671e-03  9.63953444e-07  5.00000000e+00 
 1.92696567e-06  1.17329552e-02  1.92696567e-06  5.00000000e+00 
 3.85299011e-06  2.34357044e-02  3.85299011e-06  5.00000000e+00 
 7.70503900e-06  4.67589335e-02  7.70503900e-06  5.00000000e+00 
 1.54091368e-05  9.30782375e-02  1.54091368e-05  5.00000000e+00 
 3.08173323e-05  1.84423454e-01  3.08173323e-05  5.00000000e+00 
 6.16337234e-05  3.62059598e-01  6.16337234e-05  5.00000000e+00 
 1.23266506e-04  6.98030053e-01  1.23266506e-04  5.00000000e+00 
 2.23266506e-04  1.19250936e+00  2.23266506e-04  5.00000000e+00 
 3.23266506e-04  1.63015196e+00  3.23266506e-04  5.00000000e+00 
 4.23266506e-04  2.01749082e+00  4.23266506e-04  5.00000000e+00 
 5.23266506e-04  2.36030796e+00  5.23266506e-04  5.00000000e+00 
 6.23266506e-04  2.66372084e+00  6.23266506e-04  5.00000000e+00 
 7.23266506e-04  2.93225868e+00  7.23266506e-04  5.00000000e+00 
 8.23266506e-04  3.16993009e+00  8.23266506e-04  5.00000000e+00 
 9.23266506e-04  3.38028295e+00  9.23266506e-04  5.00000000e+00 
 1.02326651e-03  3.56645733e+00  1.02326651e-03  5.00000000e+00 
 1.12326651e-03  3.73123235e+00  1.12326651e-03  5.00000000e+00 
 1.22326651e-03  3.87706771e+00  1.22326651e-03  5.00000000e+00 
 1.32326651e-03  4.00614039e+00  1.32326651e-03  5.00000000e+00 
 1.42326651e-03  4.12037712e+00  1.42326651e-03  5.00000000e+00 
 1.52326651e-03  4.22148320e+00  1.52326651e-03  5.00000000e+00 
 1.62326651e-03  4.31096789e+00  1.62326651e-03  5.00000000e+00 
 1.72326651e-03  4.39016698e+00  1.72326651e-03  5.00000000e+00 
 1.82326651e-03  4.46026273e+00  1.82326651e-03  5.00000000e+00 
 1.92326651e-03  4.52230150e+00  1.92326651e-03  5.00000000e+00 
 2.02326651e-03  4.57720937e+00  2.02326651e-03  5.00000000e+00 
 2.12326651e-03  4.62580600e+00  2.12326651e-03  5.00000000e+00 
 2.22326651e-03  4.66881680e+00  2.22326651e-03  5.00000000e+00 
 2.32326651e-03  4.70688384e+00  2.32326651e-03  5.00000000e+00 
 2.42326651e-03  4.74057535e+00  2.42326651e-03  5.00000000e+00 
 2.52326651e-03  4.77039427e+00  2.52326651e-03  5.00000000e+00 
 2.62326651e-03  4.79678574e+00  2.62326651e-03  5.00000000e+00 
 2.72326651e-03  4.82014370e+00  2.72326651e-03  5.00000000e+00 
 2.82326651e-03  4.84081684e+00  2.82326651e-03  5.00000000e+00 
 2.92326651e-03  4.85911375e+00  2.92326651e-03  5.00000000e+00 
 3.02326651e-03  4.87530757e+00  3.02326651e-03  5.00000000e+00 
 3.12326651e-03  4.88964004e+00  3.12326651e-03  5.00000000e+00 
 3.22326651e-03  4.90232509e+00  3.22326651e-03  5.00000000e+00 
 3.32326651e-03  4.91355209e+00  3.32326651e-03  5.00000000e+00 
 3.42326651e-03  4.92348863e+00  3.42326651e-03  5.00000000e+00 
 3.52326651e-03  4.93228304e+00  3.52326651e-03  5.00000000e+00 
 3.62326651e-03  4.94006660e+00  3.62326651e-03  5.00000000e+00 
 3.72326651e-03  4.94695550e+00  3.72326651e-03  5.00000000e+00 
 3.82326651e-03  4.95305257e+00  3.82326651e-03  5.00000000e+00 
 3.92326651e-03  4.95844882e+00  3.92326651e-03  5.00000000e+00 
 4.02326651e-03  4.96322482e+00  4.02326651e-03  5.00000000e+00 
 4.12326651e-03  4.96745185e+00  4.12326651e-03  5.00000000e+00 
 4.22326651e-03  4.97119302e+00  4.22326651e-03  5.00000000e+00 
 4.32326651e-03  4.97450417e+00  4.32326651e-03  5.00000000e+00 
 4.42326651e-03  4.97743472e+00  4.42326651e-03  5.00000000e+00 
 4.52326651e-03  4.98002843e+00  4.52326651e-03  5.00000000e+00 
 4.62326651e-03  4.98232401e+00  4.62326651e-03  5.00000000e+00 
 4.72326651e-03  4.98435574e+00  4.72326651e-03  5.00000000e+00 
 4.82326651e-03  4.98615393e+00  4.82326651e-03  5.00000000e+00 
 4.92326651e-03  4.98774543e+00  4.92326651e-03  5.00000000e+00 
 5.02326651e-03  4.98915400e+00  5.02326651e-03  5.00000000e+00 
 5.12326651e-03  4.99040067e+00  5.12326651e-03  5.00000000e+00 
 5.22326651e-03  4.99150404e+00  5.22326651e-03  5.00000000e+00 
 5.32326651e-03  4.99248059e+00  5.32326651e-03  5.00000000e+00 
 5.42326651e-03  4.99334489e+00  5.42326651e-03  5.00000000e+00 
 5.52326651e-03  4.99410984e+00  5.52326651e-03  5.00000000e+00 
 5.62326651e-03  4.99478687e+00  5.62326651e-03  5.00000000e+00 
 5.72326651e-03  4.99538608e+00  5.72326651e-03  5.00000000e+00 
 5.82326651e-03  4.99591642e+00  5.82326651e-03  5.00000000e+00 
 5.92326651e-03  4.99638580e+00  5.92326651e-03  5.00000000e+00 
 6.02326651e-03  4.99680122e+00  6.02326651e-03  5.00000000e+00 
 6.12326651e-03  4.99716890e+00  6.12326651e-03  5.00000000e+00 
 6.22326651e-03  4.99749431e+00  6.22326651e-03  5.00000000e+00 
 6.32326651e-03  4.99778232e+00  6.32326651e-03  5.00000000e+00 
 6.42326651e-03  4.99803723e+00  6.42326651e-03  5.00000000e+00 
 6.52326651e-03  4.99826283e+00  6.52326651e-03  5.00000000e+00 
 6.62326651e-03  4.99846251e+00  6.62326651e-03  5.00000000e+00 
 6.72326651e-03  4.99863923e+00  6.72326651e-03  5.00000000e+00 
 6.82326651e-03  4.99879564e+00  6.82326651e-03  5.00000000e+00 
 6.92326651e-03  4.99893407e+00  6.92326651e-03  5.00000000e+00 
 7.02326651e-03  4.99905659e+00  7.02326651e-03  5.00000000e+00 
 7.12326651e-03  4.99916503e+00  7.12326651e-03  5.00000000e+00 
 7.22326651e-03  4.99926100e+00  7.22326651e-03  5.00000000e+00 
 7.32326651e-03  4.99934595e+00  7.32326651e-03  5.00000000e+00 
 7.42326651e-03  4.99942112e+00  7.42326651e-03  5.00000000e+00 
 7.52326651e-03  4.99948766e+00  7.52326651e-03  5.00000000e+00 
 7.62326651e-03  4.99954655e+00  7.62326651e-03  5.00000000e+00 
 7.72326651e-03  4.99959867e+00  7.72326651e-03  5.00000000e+00 
 7.82326651e-03  4.99964480e+00  7.82326651e-03  5.00000000e+00 
 7.92326651e-03  4.99968563e+00  7.92326651e-03  5.00000000e+00 
 8.02326651e-03  4.99972176e+00  8.02326651e-03  5.00000000e+00 
 8.12326651e-03  4.99975374e+00  8.12326651e-03  5.00000000e+00 
 8.22326651e-03  4.99978205e+00  8.22326651e-03  5.00000000e+00 
 8.32326651e-03  4.99980710e+00  8.32326651e-03  5.00000000e+00 
 8.42326651e-03  4.99982927e+00  8.42326651e-03  5.00000000e+00 
 8.52326651e-03  4.99984890e+00  8.52326651e-03  5.00000000e+00 
 8.62326651e-03  4.99986627e+00  8.62326651e-03  5.00000000e+00 
 8.72326651e-03  4.99988164e+00  8.72326651e-03  5.00000000e+00 
 8.82326651e-03  4.99989524e+00  8.82326651e-03  5.00000000e+00 
 8.92326651e-03  4.99990728e+00  8.92326651e-03  5.00000000e+00 
 9.02326651e-03  4.99991794e+00  9.02326651e-03  5.00000000e+00 
 9.12326651e-03  4.99992737e+00  9.12326651e-03  5.00000000e+00 
 9.22326651e-03  4.99993572e+00  9.22326651e-03  5.00000000e+00 
 9.32326651e-03  4.99994311e+00  9.32326651e-03  5.00000000e+00 
 9.42326651e-03  4.99994965e+00  9.42326651e-03  5.00000000e+00 
 9.52326651e-03  4.99995544e+00  9.52326651e-03  5.00000000e+00 
 9.62326651e-03  4.99996056e+00  9.62326651e-03  5.00000000e+00 
 9.72326651e-03  4.99996509e+00  9.72326651e-03  5.00000000e+00 
 9.82326651e-03  4.99996910e+00  9.82326651e-03  5.00000000e+00 
 9.92326651e-03  4.99997266e+00  9.92326651e-03  5.00000000e+00 
 1.00232665e-02  4.99997580e+00  1.00232665e-02  5.00000000e+00 
 1.01232665e-02  4.99997858e+00  1.01232665e-02  5.00000000e+00 
 1.02232665e-02  4.99998104e+00  1.02232665e-02  5.00000000e+00 
 1.03232665e-02  4.99998322e+00  1.03232665e-02  5.00000000e+00 
 1.04232665e-02  4.99998515e+00  1.04232665e-02  5.00000000e+00 
 1.05232665e-02  4.99998686e+00  1.05232665e-02  5.00000000e+00 
 1.06232665e-02  4.99998837e+00  1.06232665e-02  5.00000000e+00 
 1.07232665e-02  4.99998970e+00  1.07232665e-02  5.00000000e+00 
 1.08232665e-02  4.99999089e+00  1.08232665e-02  5.00000000e+00 
 1.09232665e-02  4.99999194e+00  1.09232665e-02  5.00000000e+00 
 1.10232665e-02  4.99999286e+00  1.10232665e-02  5.00000000e+00 
 1.11232665e-02  4.99999368e+00  1.11232665e-02  5.00000000e+00 
 1.12232665e-02  4.99999441e+00  1.12232665e-02  5.00000000e+00 
 1.13232665e-02  4.99999505e+00  1.13232665e-02  5.00000000e+00 
 1.14232665e-02  4.99999562e+00  1.14232665e-02  5.00000000e+00 
 1.15232665e-02  4.99999612e+00  1.15232665e-02  5.00000000e+00 
 1.16232665e-02  4.99999657e+00  1.16232665e-02  5.00000000e+00 
 1.17232665e-02  4.99999696e+00  1.17232665e-02  5.00000000e+00 
 1.18232665e-02  4.99999731e+00  1.18232665e-02  5.00000000e+00 
 1.19232665e-02  4.99999762e+00  1.19232665e-02  5.00000000e+00 
 1.20232665e-02  4.99999789e+00  1.20232665e-02  5.00000000e+00 
 1.21232665e-02  4.99999814e+00  1.21232665e-02  5.00000000e+00 
 1.22232665e-02  4.99999835e+00  1.22232665e-02  5.00000000e+00 
 1.23232665e-02  4.99999854e+00  1.23232665e-02  5.00000000e+00 
 1.24232665e-02  4.99999871e+00  1.24232665e-02  5.00000000e+00 
 1.25232665e-02  4.99999886e+00  1.25232665e-02  5.00000000e+00 
 1.26232665e-02  4.99999899e+00  1.26232665e-02  5.00000000e+00 
 1.27232665e-02  4.99999910e+00  1.27232665e-02  5.00000000e+00 
 1.28232665e-02  4.99999921e+00  1.28232665e-02  5.00000000e+00 
 1.29232665e-02  4.99999930e+00  1.29232665e-02  5.00000000e+00 
 1.30232665e-02  4.99999938e+00  1.30232665e-02  5.00000000e+00 
 1.31232665e-02  4.99999945e+00  1.31232665e-02  5.00000000e+00 
 1.32232665e-02  4.99999951e+00  1.32232665e-02  5.00000000e+00 
 1.33232665e-02  4.99999957e+00  1.33232665e-02  5.00000000e+00 
 1.34232665e-02  4.99999962e+00  1.34232665e-02  5.00000000e+00 
 1.35232665e-02  4.99999966e+00  1.35232665e-02  5.00000000e+00 
 1.36232665e-02  4.99999970e+00  1.36232665e-02  5.00000000e+00 
 1.37232665e-02  4.99999974e+00  1.37232665e-02  5.00000000e+00 
 1.38232665e-02  4.99999977e+00  1.38232665e-02  5.00000000e+00 
 1.39232665e-02  4.99999979e+00  1.39232665e-02  5.00000000e+00 
 1.40232665e-02  4.99999982e+00  1.40232665e-02  5.00000000e+00 
 1.41232665e-02  4.99999984e+00  1.41232665e-02  5.00000000e+00 
 1.42232665e-02  4.99999986e+00  1.42232665e-02  5.00000000e+00 
 1.43232665e-02  4.99999987e+00  1.43232665e-02  5.00000000e+00 
 1.44232665e-02  4.99999989e+00  1.44232665e-02  5.00000000e+00 
 1.45232665e-02  4.99999990e+00  1.45232665e-02  5.00000000e+00 
 1.46232665e-02  4.99999991e+00  1.46232665e-02  5.00000000e+00 
 1.47232665e-02  4.99999992e+00  1.47232665e-02  5.00000000e+00 
 1.48232665e-02  4.99999993e+00  1.48232665e-02  5.00000000e+00 
 1.49232665e-02  4.99999994e+00  1.49232665e-02  5.00000000e+00 
 1.50232665e-02  4.99999995e+00  1.50232665e-02  5.00000000e+00 
 1.51232665e-02  4.99999995e+00  1.51232665e-02  5.00000000e+00 
 1.52232665e-02  4.99999996e+00  1.52232665e-02  5.00000000e+00 
 1.53232665e-02  4.99999996e+00  1.53232665e-02  5.00000000e+00 
 1.54232665e-02  4.99999997e+00  1.54232665e-02  5.00000000e+00 
 1.55232665e-02  4.99999997e+00  1.55232665e-02  5.00000000e+00 
 1.56232665e-02  4.99999997e+00  1.56232665e-02  5.00000000e+00 
 1.57232665e-02  4.99999998e+00  1.57232665e-02  5.00000000e+00 
 1.58232665e-02  4.99999998e+00  1.58232665e-02  5.00000000e+00 
 1.59232665e-02  4.99999998e+00  1.59232665e-02  5.00000000e+00 
 1.60232665e-02  4.99999998e+00  1.60232665e-02  5.00000000e+00 
 1.61232665e-02  4.99999999e+00  1.61232665e-02  5.00000000e+00 
 1.62232665e-02  4.99999999e+00  1.62232665e-02  5.00000000e+00 
 1.63232665e-02  4.99999999e+00  1.63232665e-02  5.00000000e+00 
 1.64232665e-02  4.99999999e+00  1.64232665e-02  5.00000000e+00 
 1.65232665e-02  4.99999999e+00  1.65232665e-02  5.00000000e+00 
 1.66232665e-02  4.99999999e+00  1.66232665e-02  5.00000000e+00 
 1.67232665e-02  4.99999999e+00  1.67232665e-02  5.00000000e+00 
 1.68232665e-02  4.99999999e+00  1.68232665e-02  5.00000000e+00 
 1.69232665e-02  4.99999999e+00  1.69232665e-02  5.00000000e+00 
 1.70232665e-02  5.00000000e+00  1.70232665e-02  5.00000000e+00 
 1.71232665e-02  5.00000000e+00  1.71232665e-02  5.00000000e+00 
 1.72232665e-02  5.00000000e+00  1.72232665e-02  5.00000000e+00 
 1.73232665e-02  5.00000000e+00  1.73232665e-02  5.00000000e+00 
 1.74232665e-02  5.00000000e+00  1.74232665e-02  5.00000000e+00 
 1.75232665e-02  5.00000000e+00  1.75232665e-02  5.00000000e+00 
 1.76232665e-02  5.00000000e+00  1.76232665e-02  5.00000000e+00 
 1.77232665e-02  5.00000000e+00  1.77232665e-02  5.00000000e+00 
 1.78232665e-02  5.00000000e+00  1.78232665e-02  5.00000000e+00 
 1.79232665e-02  5.00000000e+00  1.79232665e-02  5.00000000e+00 
 1.80232665e-02  5.00000000e+00  1.80232665e-02  5.00000000e+00 
 1.81232665e-02  5.00000000e+00  1.81232665e-02  5.00000000e+00 
 1.82232665e-02  5.00000000e+00  1.82232665e-02  5.00000000e+00 
 1.83232665e-02  5.00000000e+00  1.83232665e-02  5.00000000e+00 
 1.84232665e-02  5.00000000e+00  1.84232665e-02  5.00000000e+00 
 1.85232665e-02  5.00000000e+00  1.85232665e-02  5.00000000e+00 
 1.86232665e-02  5.00000000e+00  1.86232665e-02  5.00000000e+00 
 1.87232665e-02  5.00000000e+00  1.87232665e-02  5.00000000e+00 
 1.88232665e-02  5.00000000e+00  1.88232665e-02  5.00000000e+00 
 1.89232665e-02  5.00000000e+00  1.89232665e-02  5.00000000e+00 
 1.90232665e-02  5.00000000e+00  1.90232665e-02  5.00000000e+00 
 1.91232665e-02  5.00000000e+00  1.91232665e-02  5.00000000e+00 
 1.92232665e-02  5.00000000e+00  1.92232665e-02  5.00000000e+00 
 1.93232665e-02  5.00000000e+00  1.93232665e-02  5.00000000e+00 
 1.94232665e-02  5.00000000e+00  1.94232665e-02  5.00000000e+00 
 1.95232665e-02  5.00000000e+00  1.95232665e-02  5.00000000e+00 
 1.96232665e-02  5.00000000e+00  1.96232665e-02  5.00000000e+00 
 1.97232665e-02  5.00000000e+00  1.97232665e-02  5.00000000e+00 
 1.98232665e-02  5.00000000e+00  1.98232665e-02  5.00000000e+00 
 1.99232665e-02  5.00000000e+00  1.99232665e-02  5.00000000e+00 
 2.00232665e-02  5.00000000e+00  2.00232665e-02  5.00000000e+00 
 2.01232665e-02  5.00000000e+00  2.01232665e-02  5.00000000e+00 
 2.02232665e-02  5.00000000e+00  2.02232665e-02  5.00000000e+00 
 2.03232665e-02  5.00000000e+00  2.03232665e-02  5.00000000e+00 
 2.04232665e-02  5.00000000e+00  2.04232665e-02  5.00000000e+00 
 2.05232665e-02  5.00000000e+00  2.05232665e-02  5.00000000e+00 
 2.06232665e-02  5.00000000e+00  2.06232665e-02  5.00000000e+00 
 2.07232665e-02  5.00000000e+00  2.07232665e-02  5.00000000e+00 
 2.08232665e-02  5.00000000e+00  2.08232665e-02  5.00000000e+00 
 2.09232665e-02  5.00000000e+00  2.09232665e-02  5.00000000e+00 
 2.10232665e-02  5.00000000e+00  2.10232665e-02  5.00000000e+00 
 2.11232665e-02  5.00000000e+00  2.11232665e-02  5.00000000e+00 
 2.12232665e-02  5.00000000e+00  2.12232665e-02  5.00000000e+00 
 2.13232665e-02  5.00000000e+00  2.13232665e-02  5.00000000e+00 
 2.14232665e-02  5.00000000e+00  2.14232665e-02  5.00000000e+00 
 2.15232665e-02  5.00000000e+00  2.15232665e-02  5.00000000e+00 
 2.16232665e-02  5.00000000e+00  2.16232665e-02  5.00000000e+00 
 2.17232665e-02  5.00000000e+00  2.17232665e-02  5.00000000e+00 
 2.18232665e-02  5.00000000e+00  2.18232665e-02  5.00000000e+00 
 2.19232665e-02  5.00000000e+00  2.19232665e-02  5.00000000e+00 
 2.20232665e-02  5.00000000e+00  2.20232665e-02  5.00000000e+00 
 2.21232665e-02  5.00000000e+00  2.21232665e-02  5.00000000e+00 
 2.22232665e-02  5.00000000e+00  2.22232665e-02  5.00000000e+00 
 2.23232665e-02  5.00000000e+00  2.23232665e-02  5.00000000e+00 
 2.24232665e-02  5.00000000e+00  2.24232665e-02  5.00000000e+00 
 2.25232665e-02  5.00000000e+00  2.25232665e-02  5.00000000e+00 
 2.26232665e-02  5.00000000e+00  2.26232665e-02  5.00000000e+00 
 2.27232665e-02  5.00000000e+00  2.27232665e-02  5.00000000e+00 
 2.28232665e-02  5.00000000e+00  2.28232665e-02  5.00000000e+00 
 2.29232665e-02  5.00000000e+00  2.29232665e-02  5.00000000e+00 
 2.30232665e-02  5.00000000e+00  2.30232665e-02  5.00000000e+00 
 2.31232665e-02  5.00000000e+00  2.31232665e-02  5.00000000e+00 
 2.32232665e-02  5.00000000e+00  2.32232665e-02  5.00000000e+00 
 2.33232665e-02  5.00000000e+00  2.33232665e-02  5.00000000e+00 
 2.34232665e-02  5.00000000e+00  2.34232665e-02  5.00000000e+00 
 2.35232665e-02  5.00000000e+00  2.35232665e-02  5.00000000e+00 
 2.36232665e-02  5.00000000e+00  2.36232665e-02  5.00000000e+00 
 2.37232665e-02  5.00000000e+00  2.37232665e-02  5.00000000e+00 
 2.38232665e-02  5.00000000e+00  2.38232665e-02  5.00000000e+00 
 2.39232665e-02  5.00000000e+00  2.39232665e-02  5.00000000e+00 
 2.40232665e-02  5.00000000e+00  2.40232665e-02  5.00000000e+00 
 2.41232665e-02  5.00000000e+00  2.41232665e-02  5.00000000e+00 
 2.42232665e-02  5.00000000e+00  2.42232665e-02  5.00000000e+00 
 2.43232665e-02  5.00000000e+00  2.43232665e-02  5.00000000e+00 
 2.44232665e-02  5.00000000e+00  2.44232665e-02  5.00000000e+00 
 2.45232665e-02  5.00000000e+00  2.45232665e-02  5.00000000e+00 
 2.46232665e-02  5.00000000e+00  2.46232665e-02  5.00000000e+00 
 2.47232665e-02  5.00000000e+00  2.47232665e-02  5.00000000e+00 
 2.48232665e-02  5.00000000e+00  2.48232665e-02  5.00000000e+00 
 2.49232665e-02  5.00000000e+00  2.49232665e-02  5.00000000e+00 
 2.50232665e-02  5.00000000e+00  2.50232665e-02  5.00000000e+00 
 2.51232665e-02  5.00000000e+00  2.51232665e-02  5.00000000e+00 
 2.52232665e-02  5.00000000e+00  2.52232665e-02  5.00000000e+00 
 2.53232665e-02  5.00000000e+00  2.53232665e-02  5.00000000e+00 
 2.54232665e-02  5.00000000e+00  2.54232665e-02  5.00000000e+00 
 2.55232665e-02  5.00000000e+00  2.55232665e-02  5.00000000e+00 
 2.56232665e-02  5.00000000e+00  2.56232665e-02  5.00000000e+00 
 2.57232665e-02  5.00000000e+00  2.57232665e-02  5.00000000e+00 
 2.58232665e-02  5.00000000e+00  2.58232665e-02  5.00000000e+00 
 2.59232665e-02  5.00000000e+00  2.59232665e-02  5.00000000e+00 
 2.60232665e-02  5.00000000e+00  2.60232665e-02  5.00000000e+00 
 2.61232665e-02  5.00000000e+00  2.61232665e-02  5.00000000e+00 
 2.62232665e-02  5.00000000e+00  2.62232665e-02  5.00000000e+00 
 2.63232665e-02  5.00000000e+00  2.63232665e-02  5.00000000e+00 
 2.64232665e-02  5.00000000e+00  2.64232665e-02  5.00000000e+00 
 2.65232665e-02  5.00000000e+00  2.65232665e-02  5.00000000e+00 
 2.66232665e-02  5.00000000e+00  2.66232665e-02  5.00000000e+00 
 2.67232665e-02  5.00000000e+00  2.67232665e-02  5.00000000e+00 
 2.68232665e-02  5.00000000e+00  2.68232665e-02  5.00000000e+00 
 2.69232665e-02  5.00000000e+00  2.69232665e-02  5.00000000e+00 
 2.70232665e-02  5.00000000e+00  2.70232665e-02  5.00000000e+00 
 2.71232665e-02  5.00000000e+00  2.71232665e-02  5.00000000e+00 
 2.72232665e-02  5.00000000e+00  2.72232665e-02  5.00000000e+00 
 2.73232665e-02  5.00000000e+00  2.73232665e-02  5.00000000e+00 
 2.74232665e-02  5.00000000e+00  2.74232665e-02  5.00000000e+00 
 2.75232665e-02  5.00000000e+00  2.75232665e-02  5.00000000e+00 
 2.76232665e-02  5.00000000e+00  2.76232665e-02  5.00000000e+00 
 2.77232665e-02  5.00000000e+00  2.77232665e-02  5.00000000e+00 
 2.78232665e-02  5.00000000e+00  2.78232665e-02  5.00000000e+00 
 2.79232665e-02  5.00000000e+00  2.79232665e-02  5.00000000e+00 
 2.80232665e-02  5.00000000e+00  2.80232665e-02  5.00000000e+00 
 2.81232665e-02  5.00000000e+00  2.81232665e-02  5.00000000e+00 
 2.82232665e-02  5.00000000e+00  2.82232665e-02  5.00000000e+00 
 2.83232665e-02  5.00000000e+00  2.83232665e-02  5.00000000e+00 
 2.84232665e-02  5.00000000e+00  2.84232665e-02  5.00000000e+00 
 2.85232665e-02  5.00000000e+00  2.85232665e-02  5.00000000e+00 
 2.86232665e-02  5.00000000e+00  2.86232665e-02  5.00000000e+00 
 2.87232665e-02  5.00000000e+00  2.87232665e-02  5.00000000e+00 
 2.88232665e-02  5.00000000e+00  2.88232665e-02  5.00000000e+00 
 2.89232665e-02  5.00000000e+00  2.89232665e-02  5.00000000e+00 
 2.90232665e-02  5.00000000e+00  2.90232665e-02  5.00000000e+00 
 2.91232665e-02  5.00000000e+00  2.91232665e-02  5.00000000e+00 
 2.92232665e-02  5.00000000e+00  2.92232665e-02  5.00000000e+00 
 2.93232665e-02  5.00000000e+00  2.93232665e-02  5.00000000e+00 
 2.94232665e-02  5.00000000e+00  2.94232665e-02  5.00000000e+00 
 2.95232665e-02  5.00000000e+00  2.95232665e-02  5.00000000e+00 
 2.96232665e-02  5.00000000e+00  2.96232665e-02  5.00000000e+00 
 2.97232665e-02  5.00000000e+00  2.97232665e-02  5.00000000e+00 
 2.98232665e-02  5.00000000e+00  2.98232665e-02  5.00000000e+00 
 2.99232665e-02  5.00000000e+00  2.99232665e-02  5.00000000e+00 
 3.00232665e-02  5.00000000e+00  3.00232665e-02  5.00000000e+00 
 3.01232665e-02  5.00000000e+00  3.01232665e-02  5.00000000e+00 
 3.02232665e-02  5.00000000e+00  3.02232665e-02  5.00000000e+00 
 3.03232665e-02  5.00000000e+00  3.03232665e-02  5.00000000e+00 
 3.04232665e-02  5.00000000e+00  3.04232665e-02  5.00000000e+00 
 3.05232665e-02  5.00000000e+00  3.05232665e-02  5.00000000e+00 
 3.06232665e-02  5.00000000e+00  3.06232665e-02  5.00000000e+00 
 3.07232665e-02  5.00000000e+00  3.07232665e-02  5.00000000e+00 
 3.08232665e-02  5.00000000e+00  3.08232665e-02  5.00000000e+00 
 3.09232665e-02  5.00000000e+00  3.09232665e-02  5.00000000e+00 
 3.10232665e-02  5.00000000e+00  3.10232665e-02  5.00000000e+00 
 3.11232665e-02  5.00000000e+00  3.11232665e-02  5.00000000e+00 
 3.12232665e-02  5.00000000e+00  3.12232665e-02  5.00000000e+00 
 3.13232665e-02  5.00000000e+00  3.13232665e-02  5.00000000e+00 
 3.14232665e-02  5.00000000e+00  3.14232665e-02  5.00000000e+00 
 3.15232665e-02  5.00000000e+00  3.15232665e-02  5.00000000e+00 
 3.16232665e-02  5.00000000e+00  3.16232665e-02  5.00000000e+00 
 3.17232665e-02  5.00000000e+00  3.17232665e-02  5.00000000e+00 
 3.18232665e-02  5.00000000e+00  3.18232665e-02  5.00000000e+00 
 3.19232665e-02  5.00000000e+00  3.19232665e-02  5.00000000e+00 
 3.20232665e-02  5.00000000e+00  3.20232665e-02  5.00000000e+00 
 3.21232665e-02  5.00000000e+00  3.21232665e-02  5.00000000e+00 
 3.22232665e-02  5.00000000e+00  3.22232665e-02  5.00000000e+00 
 3.23232665e-02  5.00000000e+00  3.23232665e-02  5.00000000e+00 
 3.24232665e-02  5.00000000e+00  3.24232665e-02  5.00000000e+00 
 3.25232665e-02  5.00000000e+00  3.25232665e-02  5.00000000e+00 
 3.26232665e-02  5.00000000e+00  3.26232665e-02  5.00000000e+00 
 3.27232665e-02  5.00000000e+00  3.27232665e-02  5.00000000e+00 
 3.28232665e-02  5.00000000e+00  3.28232665e-02  5.00000000e+00 
 3.29232665e-02  5.00000000e+00  3.29232665e-02  5.00000000e+00 
 3.30232665e-02  5.00000000e+00  3.30232665e-02  5.00000000e+00 
 3.31232665e-02  5.00000000e+00  3.31232665e-02  5.00000000e+00 
 3.32232665e-02  5.00000000e+00  3.32232665e-02  5.00000000e+00 
 3.33232665e-02  5.00000000e+00  3.33232665e-02  5.00000000e+00 
 3.34232665e-02  5.00000000e+00  3.34232665e-02  5.00000000e+00 
 3.35232665e-02  5.00000000e+00  3.35232665e-02  5.00000000e+00 
 3.36232665e-02  5.00000000e+00  3.36232665e-02  5.00000000e+00 
 3.37232665e-02  5.00000000e+00  3.37232665e-02  5.00000000e+00 
 3.38232665e-02  5.00000000e+00  3.38232665e-02  5.00000000e+00 
 3.39232665e-02  5.00000000e+00  3.39232665e-02  5.00000000e+00 
 3.40232665e-02  5.00000000e+00  3.40232665e-02  5.00000000e+00 
 3.41232665e-02  5.00000000e+00  3.41232665e-02  5.00000000e+00 
 3.42232665e-02  5.00000000e+00  3.42232665e-02  5.00000000e+00 
 3.43232665e-02  5.00000000e+00  3.43232665e-02  5.00000000e+00 
 3.44232665e-02  5.00000000e+00  3.44232665e-02  5.00000000e+00 
 3.45232665e-02  5.00000000e+00  3.45232665e-02  5.00000000e+00 
 3.46232665e-02  5.00000000e+00  3.46232665e-02  5.00000000e+00 
 3.47232665e-02  5.00000000e+00  3.47232665e-02  5.00000000e+00 
 3.48232665e-02  5.00000000e+00  3.48232665e-02  5.00000000e+00 
 3.49232665e-02  5.00000000e+00  3.49232665e-02  5.00000000e+00 
 3.50232665e-02  5.00000000e+00  3.50232665e-02  5.00000000e+00 
 3.51232665e-02  5.00000000e+00  3.51232665e-02  5.00000000e+00 
 3.52232665e-02  5.00000000e+00  3.52232665e-02  5.00000000e+00 
 3.53232665e-02  5.00000000e+00  3.53232665e-02  5.00000000e+00 
 3.54232665e-02  5.00000000e+00  3.54232665e-02  5.00000000e+00 
 3.55232665e-02  5.00000000e+00  3.55232665e-02  5.00000000e+00 
 3.56232665e-02  5.00000000e+00  3.56232665e-02  5.00000000e+00 
 3.57232665e-02  5.00000000e+00  3.57232665e-02  5.00000000e+00 
 3.58232665e-02  5.00000000e+00  3.58232665e-02  5.00000000e+00 
 3.59232665e-02  5.00000000e+00  3.59232665e-02  5.00000000e+00 
 3.60232665e-02  5.00000000e+00  3.60232665e-02  5.00000000e+00 
 3.61232665e-02  5.00000000e+00  3.61232665e-02  5.00000000e+00 
 3.62232665e-02  5.00000000e+00  3.62232665e-02  5.00000000e+00 
 3.63232665e-02  5.00000000e+00  3.63232665e-02  5.00000000e+00 
 3.64232665e-02  5.00000000e+00  3.64232665e-02  5.00000000e+00 
 3.65232665e-02  5.00000000e+00  3.65232665e-02  5.00000000e+00 
 3.66232665e-02  5.00000000e+00  3.66232665e-02  5.00000000e+00 
 3.67232665e-02  5.00000000e+00  3.67232665e-02  5.00000000e+00 
 3.68232665e-02  5.00000000e+00  3.68232665e-02  5.00000000e+00 
 3.69232665e-02  5.00000000e+00  3.69232665e-02  5.00000000e+00 
 3.70232665e-02  5.00000000e+00  3.70232665e-02  5.00000000e+00 
 3.71232665e-02  5.00000000e+00  3.71232665e-02  5.00000000e+00 
 3.72232665e-02  5.00000000e+00  3.72232665e-02  5.00000000e+00 
 3.73232665e-02  5.00000000e+00  3.73232665e-02  5.00000000e+00 
 3.74232665e-02  5.00000000e+00  3.74232665e-02  5.00000000e+00 
 3.75232665e-02  5.00000000e+00  3.75232665e-02  5.00000000e+00 
 3.76232665e-02  5.00000000e+00  3.76232665e-02  5.00000000e+00 
 3.77232665e-02  5.00000000e+00  3.77232665e-02  5.00000000e+00 
 3.78232665e-02  5.00000000e+00  3.78232665e-02  5.00000000e+00 
 3.79232665e-02  5.00000000e+00  3.79232665e-02  5.00000000e+00 
 3.80232665e-02  5.00000000e+00  3.80232665e-02  5.00000000e+00 
 3.81232665e-02  5.00000000e+00  3.81232665e-02  5.00000000e+00 
 3.82232665e-02  5.00000000e+00  3.82232665e-02  5.00000000e+00 
 3.83232665e-02  5.00000000e+00  3.83232665e-02  5.00000000e+00 
 3.84232665e-02  5.00000000e+00  3.84232665e-02  5.00000000e+00 
 3.85232665e-02  5.00000000e+00  3.85232665e-02  5.00000000e+00 
 3.86232665e-02  5.00000000e+00  3.86232665e-02  5.00000000e+00 
 3.87232665e-02  5.00000000e+00  3.87232665e-02  5.00000000e+00 
 3.88232665e-02  5.00000000e+00  3.88232665e-02  5.00000000e+00 
 3.89232665e-02  5.00000000e+00  3.89232665e-02  5.00000000e+00 
 3.90232665e-02  5.00000000e+00  3.90232665e-02  5.00000000e+00 
 3.91232665e-02  5.00000000e+00  3.91232665e-02  5.00000000e+00 
 3.92232665e-02  5.00000000e+00  3.92232665e-02  5.00000000e+00 
 3.93232665e-02  5.00000000e+00  3.93232665e-02  5.00000000e+00 
 3.94232665e-02  5.00000000e+00  3.94232665e-02  5.00000000e+00 
 3.95232665e-02  5.00000000e+00  3.95232665e-02  5.00000000e+00 
 3.96232665e-02  5.00000000e+00  3.96232665e-02  5.00000000e+00 
 3.97232665e-02  5.00000000e+00  3.97232665e-02  5.00000000e+00 
 3.98232665e-02  5.00000000e+00  3.98232665e-02  5.00000000e+00 
 3.99232665e-02  5.00000000e+00  3.99232665e-02  5.00000000e+00 
 4.00232665e-02  5.00000000e+00  4.00232665e-02  5.00000000e+00 
 4.01232665e-02  5.00000000e+00  4.01232665e-02  5.00000000e+00 
 4.02232665e-02  5.00000000e+00  4.02232665e-02  5.00000000e+00 
 4.03232665e-02  5.00000000e+00  4.03232665e-02  5.00000000e+00 
 4.04232665e-02  5.00000000e+00  4.04232665e-02  5.00000000e+00 
 4.05232665e-02  5.00000000e+00  4.05232665e-02  5.00000000e+00 
 4.06232665e-02  5.00000000e+00  4.06232665e-02  5.00000000e+00 
 4.07232665e-02  5.00000000e+00  4.07232665e-02  5.00000000e+00 
 4.08232665e-02  5.00000000e+00  4.08232665e-02  5.00000000e+00 
 4.09232665e-02  5.00000000e+00  4.09232665e-02  5.00000000e+00 
 4.10000010e-02  5.00000000e+00  4.10000010e-02  5.00000000e+00 
 4.10000011e-02  4.99999994e+00  4.10000011e-02  4.49999999e+00 
 4.10000013e-02  4.99999970e+00  4.10000013e-02  3.49999998e+00 
 4.10000017e-02  4.99999848e+00  4.10000017e-02  1.49999999e+00 
 4.10000020e-02  4.99999692e+00  4.10000020e-02  0.00000000e+00 
 4.10000021e-02  4.99999643e+00  4.10000021e-02  0.00000000e+00 
 4.10000022e-02  4.99999546e+00  4.10000022e-02  0.00000000e+00 
 4.10000026e-02  4.99999351e+00  4.10000026e-02  0.00000000e+00 
 4.10000032e-02  4.99998960e+00  4.10000032e-02  0.00000000e+00 
 4.10000045e-02  4.99998180e+00  4.10000045e-02  0.00000000e+00 
 4.10000070e-02  4.99996619e+00  4.10000070e-02  0.00000000e+00 
 4.10000122e-02  4.99993497e+00  4.10000122e-02  0.00000000e+00 
 4.10000224e-02  4.99987253e+00  4.10000224e-02  0.00000000e+00 
 4.10000429e-02  4.99974766e+00  4.10000429e-02  0.00000000e+00 
 4.10000838e-02  4.99949792e+00  4.10000838e-02  0.00000000e+00 
 4.10001658e-02  4.99899848e+00  4.10001658e-02  0.00000000e+00 
 4.10003296e-02  4.99799976e+00  4.10003296e-02  0.00000000e+00 
 4.10006573e-02  4.99600291e+00  4.10006573e-02  0.00000000e+00 
 4.10013126e-02  4.99201160e+00  4.10013126e-02  0.00000000e+00 
 4.10026234e-02  4.98403855e+00  4.10026234e-02  0.00000000e+00 
 4.10052448e-02  4.96813061e+00  4.10052448e-02  0.00000000e+00 
 4.10104877e-02  4.93646682e+00  4.10104877e-02  0.00000000e+00 
 4.10209734e-02  4.87374273e+00  4.10209734e-02  0.00000000e+00 
 4.10419450e-02  4.75067043e+00  4.10419450e-02  0.00000000e+00 
 4.10838880e-02  4.51373309e+00  4.10838880e-02  0.00000000e+00 
 4.11677741e-02  4.07444725e+00  4.11677741e-02  0.00000000e+00 
 4.12677741e-02  3.60611998e+00  4.12677741e-02  0.00000000e+00 
 4.13677741e-02  3.19162343e+00  4.13677741e-02  0.00000000e+00 
 4.14677741e-02  2.82477016e+00  4.14677741e-02  0.00000000e+00 
 4.15677741e-02  2.50008393e+00  4.15677741e-02  0.00000000e+00 
 4.16677741e-02  2.21271796e+00  4.16677741e-02  0.00000000e+00 
 4.17677741e-02  1.95838257e+00  4.17677741e-02  0.00000000e+00 
 4.18677741e-02  1.73328112e+00  4.18677741e-02  0.00000000e+00 
 4.19677741e-02  1.53405341e+00  4.19677741e-02  0.00000000e+00 
 4.20677741e-02  1.35772543e+00  4.20677741e-02  0.00000000e+00 
 4.21677741e-02  1.20166503e+00  4.21677741e-02  0.00000000e+00 
 4.22677741e-02  1.06354262e+00  4.22677741e-02  0.00000000e+00 
 4.23677741e-02  9.41296339e-01  4.23677741e-02  0.00000000e+00 
 4.24677741e-02  8.33101358e-01  4.24677741e-02  0.00000000e+00 
 4.25677741e-02  7.37342581e-01  4.25677741e-02  0.00000000e+00 
 4.26677741e-02  6.52590560e-01  4.26677741e-02  0.00000000e+00 
 4.27677741e-02  5.77580151e-01  4.27677741e-02  0.00000000e+00 
 4.28677741e-02  5.11191628e-01  4.28677741e-02  0.00000000e+00 
 4.29677741e-02  4.52433970e-01  4.29677741e-02  0.00000000e+00 
 4.30677741e-02  4.00430065e-01  4.30677741e-02  0.00000000e+00 
 4.31677741e-02  3.54403621e-01  4.31677741e-02  0.00000000e+00 
 4.32677741e-02  3.13667572e-01  4.32677741e-02  0.00000000e+00 
 4.33677741e-02  2.77613828e-01  4.33677741e-02  0.00000000e+00 
 4.34677741e-02  2.45704193e-01  4.34677741e-02  0.00000000e+00 
 4.35677741e-02  2.17462332e-01  4.35677741e-02  0.00000000e+00 
 4.36677741e-02  1.92466661e-01  4.36677741e-02  0.00000000e+00 
 4.37677741e-02  1.70344057e-01  4.37677741e-02  0.00000000e+00 
 4.38677741e-02  1.50764280e-01  4.38677741e-02  0.00000000e+00 
 4.39677741e-02  1.33435052e-01  4.39677741e-02  0.00000000e+00 
 4.40677741e-02  1.18097690e-01  4.40677741e-02  0.00000000e+00 
 4.41677741e-02  1.04523243e-01  4.41677741e-02  0.00000000e+00 
 4.42677741e-02  9.25090771e-02  4.42677741e-02  0.00000000e+00 
 4.43677741e-02  8.18758498e-02  4.43677741e-02  0.00000000e+00 
 4.44677741e-02  7.24648326e-02  4.44677741e-02  0.00000000e+00 
 4.45677741e-02  6.41355415e-02  4.45677741e-02  0.00000000e+00 
 4.46677741e-02  5.67636402e-02  4.46677741e-02  0.00000000e+00 
 4.47677741e-02  5.02390838e-02  4.47677741e-02  0.00000000e+00 
 4.48677741e-02  4.44644765e-02  4.48677741e-02  0.00000000e+00 
 4.49677741e-02  3.93536171e-02  4.49677741e-02  0.00000000e+00 
 4.50677741e-02  3.48302129e-02  4.50677741e-02  0.00000000e+00 
 4.51677741e-02  3.08267401e-02  4.51677741e-02  0.00000000e+00 
 4.52677741e-02  2.72834367e-02  4.52677741e-02  0.00000000e+00 
 4.53677741e-02  2.41474095e-02  4.53677741e-02  0.00000000e+00 
 4.54677741e-02  2.13718452e-02  4.54677741e-02  0.00000000e+00 
 4.55677741e-02  1.89153112e-02  4.55677741e-02  0.00000000e+00 
 4.56677741e-02  1.67411375e-02  4.56677741e-02  0.00000000e+00 
 4.57677741e-02  1.48168688e-02  4.57677741e-02  0.00000000e+00 
 4.58677741e-02  1.31137805e-02  4.58677741e-02  0.00000000e+00 
 4.59677741e-02  1.16064494e-02  4.59677741e-02  0.00000000e+00 
 4.60677741e-02  1.02723747e-02  4.60677741e-02  0.00000000e+00 
 4.61677741e-02  9.09164201e-03  4.61677741e-02  0.00000000e+00 
 4.62677741e-02  8.04662569e-03  4.62677741e-02  0.00000000e+00 
 4.63677741e-02  7.12172618e-03  4.63677741e-02  0.00000000e+00 
 4.64677741e-02  6.30313697e-03  4.64677741e-02  0.00000000e+00 
 4.65677741e-02  5.57863846e-03  4.65677741e-02  0.00000000e+00 
 4.66677741e-02  4.93741565e-03  4.66677741e-02  0.00000000e+00 
 4.67677741e-02  4.36989661e-03  4.67677741e-02  0.00000000e+00 
 4.68677741e-02  3.86760965e-03  4.68677741e-02  0.00000000e+00 
 4.69677741e-02  3.42305681e-03  4.69677741e-02  0.00000000e+00 
 4.70677741e-02  3.02960201e-03  4.70677741e-02  0.00000000e+00 
 4.71677741e-02  2.68137189e-03  4.71677741e-02  0.00000000e+00 
 4.72677741e-02  2.37316823e-03  4.72677741e-02  0.00000000e+00 
 4.73677741e-02  2.10039027e-03  4.73677741e-02  0.00000000e+00 
 4.74677741e-02  1.85896610e-03  4.74677741e-02  0.00000000e+00 
 4.75677741e-02  1.64529184e-03  4.75677741e-02  0.00000000e+00 
 4.76677741e-02  1.45617783e-03  4.76677741e-02  0.00000000e+00 
 4.77677741e-02  1.28880107e-03  4.77677741e-02  0.00000000e+00 
 4.78677741e-02  1.14066302e-03  4.78677741e-02  0.00000000e+00 
 4.79677741e-02  1.00955232e-03  4.79677741e-02  0.00000000e+00 
 4.80677741e-02  8.93511827e-04  4.80677741e-02  0.00000000e+00 
 4.81677741e-02  7.90809318e-04  4.81677741e-02  0.00000000e+00 
 4.82677741e-02  6.99911695e-04  4.82677741e-02  0.00000000e+00 
 4.83677741e-02  6.19462075e-04  4.83677741e-02  0.00000000e+00 
 4.84677741e-02  5.48259538e-04  4.84677741e-02  0.00000000e+00 
 4.85677741e-02  4.85241200e-04  4.85677741e-02  0.00000000e+00 
 4.86677741e-02  4.29466349e-04  4.86677741e-02  0.00000000e+00 
 4.87677741e-02  3.80102401e-04  4.87677741e-02  0.00000000e+00 
 4.88677741e-02  3.36412470e-04  4.88677741e-02  0.00000000e+00 
 4.89677741e-02  2.97744370e-04  4.89677741e-02  0.00000000e+00 
 4.90677741e-02  2.63520879e-04  4.90677741e-02  0.00000000e+00 
 4.91677741e-02  2.33231123e-04  4.91677741e-02  0.00000000e+00 
 4.92677741e-02  2.06422948e-04  4.92677741e-02  0.00000000e+00 
 4.93677741e-02  1.82696172e-04  4.93677741e-02  0.00000000e+00 
 4.94677741e-02  1.61696612e-04  4.94677741e-02  0.00000000e+00 
 4.95677741e-02  1.43110795e-04  4.95677741e-02  0.00000000e+00 
 4.96677741e-02  1.26661278e-04  4.96677741e-02  0.00000000e+00 
 4.97677741e-02  1.12102511e-04  4.97677741e-02  0.00000000e+00 
 4.98677741e-02  9.92171645e-05  4.98677741e-02  0.00000000e+00 
 4.99677741e-02  8.78128927e-05  4.99677741e-02  0.00000000e+00 
 5.00677741e-02  7.77194568e-05  5.00677741e-02  0.00000000e+00 
 5.01677741e-02  6.87861859e-05  5.01677741e-02  0.00000000e+00 
 5.02677741e-02  6.08797277e-05  5.02677741e-02  0.00000000e+00 
 5.03677741e-02  5.38820579e-05  5.03677741e-02  0.00000000e+00 
 5.04677741e-02  4.76887179e-05  5.04677741e-02  0.00000000e+00 
 5.05677741e-02  4.22072561e-05  5.05677741e-02  0.00000000e+00 
 5.06677741e-02  3.73558473e-05  5.06677741e-02  0.00000000e+00 
 5.07677741e-02  3.30620718e-05  5.07677741e-02  0.00000000e+00 
 5.08677741e-02  2.92618336e-05  5.08677741e-02  0.00000000e+00 
 5.09677741e-02  2.58984045e-05  5.09677741e-02  0.00000000e+00 
 5.10677741e-02  2.29215764e-05  5.10677741e-02  0.00000000e+00 
 5.11677741e-02  2.02869124e-05  5.11677741e-02  0.00000000e+00 
 5.12677741e-02  1.79550834e-05  5.12677741e-02  0.00000000e+00 
 5.13677741e-02  1.58912807e-05  5.13677741e-02  0.00000000e+00 
 5.14677741e-02  1.40646967e-05  5.14677741e-02  0.00000000e+00 
 5.15677741e-02  1.24480649e-05  5.15677741e-02  0.00000000e+00 
 5.16677741e-02  1.10172529e-05  5.16677741e-02  0.00000000e+00 
 5.17677741e-02  9.75090196e-06  5.17677741e-02  0.00000000e+00 
 5.18677741e-02  8.63010863e-06  5.18677741e-02  0.00000000e+00 
 5.19677741e-02  7.63814212e-06  5.19677741e-02  0.00000000e+00 
 5.20677741e-02  6.76019475e-06  5.20677741e-02  0.00000000e+00 
 5.21677741e-02  5.98316087e-06  5.21677741e-02  0.00000000e+00 
 5.22677741e-02  5.29544123e-06  5.22677741e-02  0.00000000e+00 
 5.23677741e-02  4.68676982e-06  5.23677741e-02  0.00000000e+00 
 5.24677741e-02  4.14806065e-06  5.24677741e-02  0.00000000e+00 
 5.25677741e-02  3.67127207e-06  5.25677741e-02  0.00000000e+00 
 5.26677741e-02  3.24928677e-06  5.26677741e-02  0.00000000e+00 
 5.27677741e-02  2.87580554e-06  5.27677741e-02  0.00000000e+00 
 5.28677741e-02  2.54525318e-06  5.28677741e-02  0.00000000e+00 
 5.29677741e-02  2.25269534e-06  5.29677741e-02  0.00000000e+00 
 5.30677741e-02  1.99376484e-06  5.30677741e-02  0.00000000e+00 
 5.31677741e-02  1.76459647e-06  5.31677741e-02  0.00000000e+00 
 5.32677741e-02  1.56176929e-06  5.32677741e-02  0.00000000e+00 
 5.33677741e-02  1.38225558e-06  5.33677741e-02  0.00000000e+00 
 5.34677741e-02  1.22337562e-06  5.34677741e-02  0.00000000e+00 
 5.35677741e-02  1.08275774e-06  5.35677741e-02  0.00000000e+00 
 5.36677741e-02  9.58302825e-07  5.36677741e-02  0.00000000e+00 
 5.37677741e-02  8.48153075e-07  5.37677741e-02  0.00000000e+00 
 5.38677741e-02  7.50664216e-07  5.38677741e-02  0.00000000e+00 
 5.39677741e-02  6.64380972e-07  5.39677741e-02  0.00000000e+00 
 5.40677741e-02  5.88015343e-07  5.40677741e-02  0.00000000e+00 
 5.41677741e-02  5.20427373e-07  5.41677741e-02  0.00000000e+00 
 5.42677741e-02  4.60608135e-07  5.42677741e-02  0.00000000e+00 
 5.43677741e-02  4.07664671e-07  5.43677741e-02  0.00000000e+00 
 5.44677741e-02  3.60806663e-07  5.44677741e-02  0.00000000e+00 
 5.45677741e-02  3.19334633e-07  5.45677741e-02  0.00000000e+00 
 5.46677741e-02  2.82629502e-07  5.46677741e-02  0.00000000e+00 
 5.47677741e-02  2.50143353e-07  5.47677741e-02  0.00000000e+00 
 5.48677741e-02  2.21391243e-07  5.48677741e-02  0.00000000e+00 
 5.49677741e-02  1.95943974e-07  5.49677741e-02  0.00000000e+00 
 5.50677741e-02  1.73421678e-07  5.50677741e-02  0.00000000e+00 
 5.51677741e-02  1.53488152e-07  5.51677741e-02  0.00000000e+00 
 5.52677741e-02  1.35845835e-07  5.52677741e-02  0.00000000e+00 
 5.53677741e-02  1.20231372e-07  5.53677741e-02  0.00000000e+00 
 5.54677741e-02  1.06411674e-07  5.54677741e-02  0.00000000e+00 
 5.55677741e-02  9.41804469e-08  5.55677741e-02  0.00000000e+00 
 5.56677741e-02  8.33551082e-08  5.56677741e-02  0.00000000e+00 
 5.57677741e-02  7.37740612e-08  5.57677741e-02  0.00000000e+00 
 5.58677741e-02  6.52942841e-08  5.58677741e-02  0.00000000e+00 
 5.59677741e-02  5.77891940e-08  5.59677741e-02  0.00000000e+00 
 5.60677741e-02  5.11467579e-08  5.60677741e-02  0.00000000e+00 
 5.61677741e-02  4.52678202e-08  5.61677741e-02  0.00000000e+00 
 5.62677741e-02  4.00646225e-08  5.62677741e-02  0.00000000e+00 
 5.63677741e-02  3.54594934e-08  5.63677741e-02  0.00000000e+00 
 5.64677741e-02  3.13836896e-08  5.64677741e-02  0.00000000e+00 
 5.65677741e-02  2.77763690e-08  5.65677741e-02  0.00000000e+00 
 5.66677741e-02  2.45836829e-08  5.66677741e-02  0.00000000e+00 
 5.67677741e-02  2.17579722e-08  5.67677741e-02  0.00000000e+00 
 5.68677741e-02  1.92570559e-08  5.68677741e-02  0.00000000e+00 
 5.69677741e-02  1.70436012e-08  5.69677741e-02  0.00000000e+00 
 5.70677741e-02  1.50845665e-08  5.70677741e-02  0.00000000e+00 
 5.71677741e-02  1.33507083e-08  5.71677741e-02  0.00000000e+00 
 5.72677741e-02  1.18161441e-08  5.72677741e-02  0.00000000e+00 
 5.73677741e-02  1.04579667e-08  5.73677741e-02  0.00000000e+00 
 5.74677741e-02  9.25590152e-09  5.74677741e-02  0.00000000e+00 
 5.75677741e-02  8.19200480e-09  5.75677741e-02  0.00000000e+00 
 5.76677741e-02  7.25039505e-09  5.76677741e-02  0.00000000e+00 
 5.77677741e-02  6.41701631e-09  5.77677741e-02  0.00000000e+00 
 5.78677741e-02  5.67942823e-09  5.78677741e-02  0.00000000e+00 
 5.79677741e-02  5.02662038e-09  5.79677741e-02  0.00000000e+00 
 5.80677741e-02  4.44884793e-09  5.80677741e-02  0.00000000e+00 
 5.81677741e-02  3.93748610e-09  5.81677741e-02  0.00000000e+00 
 5.82677741e-02  3.48490149e-09  5.82677741e-02  0.00000000e+00 
 5.83677741e-02  3.08433810e-09  5.83677741e-02  0.00000000e+00 
 5.84677741e-02  2.72981648e-09  5.84677741e-02  0.00000000e+00 
 5.85677741e-02  2.41604447e-09  5.85677741e-02  0.00000000e+00 
 5.86677741e-02  2.13833821e-09  5.86677741e-02  0.00000000e+00 
 5.87677741e-02  1.89255221e-09  5.87677741e-02  0.00000000e+00 
 5.88677741e-02  1.67501747e-09  5.88677741e-02  0.00000000e+00 
 5.89677741e-02  1.48248673e-09  5.89677741e-02  0.00000000e+00 
 5.90677741e-02  1.31208595e-09  5.90677741e-02  0.00000000e+00 
 5.91677741e-02  1.16127148e-09  5.91677741e-02  0.00000000e+00 
 5.92677741e-02  1.02779200e-09  5.92677741e-02  0.00000000e+00 
 5.93677741e-02  9.09654985e-10  5.93677741e-02  0.00000000e+00 
 5.94677741e-02  8.05096941e-10  5.94677741e-02  0.00000000e+00 
 5.95677741e-02  7.12557063e-10  5.95677741e-02  0.00000000e+00 
 5.96677741e-02  6.30653952e-10  5.96677741e-02  0.00000000e+00 
 5.97677741e-02  5.58164992e-10  5.97677741e-02  0.00000000e+00 
 5.98677741e-02  4.94008096e-10  5.98677741e-02  0.00000000e+00 
 5.99677741e-02  4.37225557e-10  5.99677741e-02  0.00000000e+00 
 6.00677741e-02  3.86969745e-10  6.00677741e-02  0.00000000e+00 
 6.01677741e-02  3.42490464e-10  6.01677741e-02  0.00000000e+00 
 6.02677741e-02  3.03123744e-10  6.02677741e-02  0.00000000e+00 
 6.03677741e-02  2.68281935e-10  6.03677741e-02  0.00000000e+00 
 6.04677741e-02  2.37444931e-10  6.04677741e-02  0.00000000e+00 
 6.05677741e-02  2.10152410e-10  6.05677741e-02  0.00000000e+00 
 6.06677741e-02  1.85996960e-10  6.06677741e-02  0.00000000e+00 
 6.07677741e-02  1.64617999e-10  6.07677741e-02  0.00000000e+00 
 6.08677741e-02  1.45696390e-10  6.08677741e-02  0.00000000e+00 
 6.09677741e-02  1.28949679e-10  6.09677741e-02  0.00000000e+00 
 6.10677741e-02  1.14127877e-10  6.10677741e-02  0.00000000e+00 
 6.11677741e-02  1.01009730e-10  6.11677741e-02  0.00000000e+00 
 6.12677741e-02  8.93994161e-11  6.12677741e-02  0.00000000e+00 
 6.13677741e-02  7.91236212e-11  6.13677741e-02  0.00000000e+00 
 6.14677741e-02  7.00289521e-11  6.14677741e-02  0.00000000e+00 
 6.15677741e-02  6.19796472e-11  6.15677741e-02  0.00000000e+00 
 6.16677741e-02  5.48555499e-11  6.16677741e-02  0.00000000e+00 
 6.17677741e-02  4.85503142e-11  6.17677741e-02  0.00000000e+00 
 6.18677741e-02  4.29698183e-11  6.18677741e-02  0.00000000e+00 
 6.19677741e-02  3.80307588e-11  6.19677741e-02  0.00000000e+00 
 6.20677741e-02  3.36594072e-11  6.20677741e-02  0.00000000e+00 
 6.21677741e-02  2.97905098e-11  6.21677741e-02  0.00000000e+00 
 6.22677741e-02  2.63663133e-11  6.22677741e-02  0.00000000e+00 
 6.23677741e-02  2.33357026e-11  6.23677741e-02  0.00000000e+00 
 6.24677741e-02  2.06534379e-11  6.24677741e-02  0.00000000e+00 
 6.25677741e-02  1.82794795e-11  6.25677741e-02  0.00000000e+00 
 6.26677741e-02  1.61783899e-11  6.26677741e-02  0.00000000e+00 
 6.27677741e-02  1.43188049e-11  6.27677741e-02  0.00000000e+00 
 6.28677741e-02  1.26729652e-11  6.28677741e-02  0.00000000e+00 
 6.29677741e-02  1.12163026e-11  6.29677741e-02  0.00000000e+00 
 6.30677741e-02  9.92707238e-12  6.30677741e-02  0.00000000e+00 
 6.31677741e-02  8.78602958e-12  6.31677741e-02  0.00000000e+00 
 6.32677741e-02  7.77614112e-12  6.32677741e-02  0.00000000e+00 
 6.33677741e-02  6.88233180e-12  6.33677741e-02  0.00000000e+00 
 6.34677741e-02  6.09125918e-12  6.34677741e-02  0.00000000e+00 
 6.35677741e-02  5.39111444e-12  6.35677741e-02  0.00000000e+00 
 6.36677741e-02  4.77144612e-12  6.36677741e-02  0.00000000e+00 
 6.37677741e-02  4.22300403e-12  6.37677741e-02  0.00000000e+00 
 6.38677741e-02  3.73760127e-12  6.38677741e-02  0.00000000e+00 
 6.39677741e-02  3.30799193e-12  6.39677741e-02  0.00000000e+00 
 6.40677741e-02  2.92776297e-12  6.40677741e-02  0.00000000e+00 
 6.41677741e-02  2.59123849e-12  6.41677741e-02  0.00000000e+00 
 6.42677741e-02  2.29339499e-12  6.42677741e-02  0.00000000e+00 
 6.43677741e-02  2.02978637e-12  6.43677741e-02  0.00000000e+00 
 6.44677741e-02  1.79647759e-12  6.44677741e-02  0.00000000e+00 
 6.45677741e-02  1.58998591e-12  6.45677741e-02  0.00000000e+00 
 6.46677741e-02  1.40722891e-12  6.46677741e-02  0.00000000e+00 
 6.47677741e-02  1.24547846e-12  6.47677741e-02  0.00000000e+00 
 6.48677741e-02  1.10232002e-12  6.48677741e-02  0.00000000e+00 
 6.49677741e-02  9.75616568e-13  6.49677741e-02  0.00000000e+00 
 6.50677741e-02  8.63476733e-13  6.50677741e-02  0.00000000e+00 
 6.51677741e-02  7.64226533e-13  6.51677741e-02  0.00000000e+00 
 6.52677741e-02  6.76384403e-13  6.52677741e-02  0.00000000e+00 
 6.53677741e-02  5.98639069e-13  6.53677741e-02  0.00000000e+00 
 6.54677741e-02  5.29829981e-13  6.54677741e-02  0.00000000e+00 
 6.55677741e-02  4.68929983e-13  6.55677741e-02  0.00000000e+00 
 6.56677741e-02  4.15029985e-13  6.56677741e-02  0.00000000e+00 
 6.57677741e-02  3.67325389e-13  6.57677741e-02  0.00000000e+00 
 6.58677741e-02  3.25104080e-13  6.58677741e-02  0.00000000e+00 
 6.59677741e-02  2.87735795e-13  6.59677741e-02  0.00000000e+00 
 6.60677741e-02  2.54662715e-13  6.60677741e-02  0.00000000e+00 
 6.61677741e-02  2.25391139e-13  6.61677741e-02  0.00000000e+00 
 6.62677741e-02  1.99484111e-13  6.62677741e-02  0.00000000e+00 
 6.63677741e-02  1.76554903e-13  6.63677741e-02  0.00000000e+00 
 6.64677741e-02  1.56261236e-13  6.64677741e-02  0.00000000e+00 
 6.65677741e-02  1.38300174e-13  6.65677741e-02  0.00000000e+00 
 6.66677741e-02  1.22403603e-13  6.66677741e-02  0.00000000e+00 
 6.67677741e-02  1.08334223e-13  6.67677741e-02  0.00000000e+00 
 6.68677741e-02  9.58820135e-14  6.68677741e-02  0.00000000e+00 
 6.69677741e-02  8.48610924e-14  6.69677741e-02  0.00000000e+00 
 6.70677741e-02  7.51069438e-14  6.70677741e-02  0.00000000e+00 
 6.71677741e-02  6.64739618e-14  6.71677741e-02  0.00000000e+00 
 6.72677741e-02  5.88332765e-14  6.72677741e-02  0.00000000e+00 
 6.73677741e-02  5.20708309e-14  6.73677741e-02  0.00000000e+00 
 6.74677741e-02  4.60856780e-14  6.74677741e-02  0.00000000e+00 
 6.75677741e-02  4.07884736e-14  6.75677741e-02  0.00000000e+00 
 6.76677741e-02  3.61001433e-14  6.76677741e-02  0.00000000e+00 
 6.77677741e-02  3.19507015e-14  6.77677741e-02  0.00000000e+00 
 6.78677741e-02  2.82782071e-14  6.78677741e-02  0.00000000e+00 
 6.79677741e-02  2.50278385e-14  6.79677741e-02  0.00000000e+00 
 6.80677741e-02  2.21510754e-14  6.80677741e-02  0.00000000e+00 
 6.81677741e-02  1.96049748e-14  6.81677741e-02  0.00000000e+00 
 6.82677741e-02  1.73515294e-14  6.82677741e-02  0.00000000e+00 
 6.83677741e-02  1.53571008e-14  6.83677741e-02  0.00000000e+00 
 6.84677741e-02  1.35919168e-14  6.84677741e-02  0.00000000e+00 
 6.85677741e-02  1.20296275e-14  6.85677741e-02  0.00000000e+00 
 6.86677741e-02  1.06469117e-14  6.86677741e-02  0.00000000e+00 
 6.87677741e-02  9.42312873e-15  6.87677741e-02  0.00000000e+00 
 6.88677741e-02  8.34001048e-15  6.88677741e-02  0.00000000e+00 
 6.89677741e-02  7.38138859e-15  6.89677741e-02  0.00000000e+00 
 6.90677741e-02  6.53295312e-15  6.90677741e-02  0.00000000e+00 
 6.91677741e-02  5.78203897e-15  6.91677741e-02  0.00000000e+00 
 6.92677741e-02  5.11743679e-15  6.92677741e-02  0.00000000e+00 
 6.93677741e-02  4.52922566e-15  6.93677741e-02  0.00000000e+00 
 6.94677741e-02  4.00862501e-15  6.94677741e-02  0.00000000e+00 
 6.95677741e-02  3.54786352e-15  6.95677741e-02  0.00000000e+00 
 6.96677741e-02  3.14006311e-15  6.96677741e-02  0.00000000e+00 
 6.97677741e-02  2.77913632e-15  6.97677741e-02  0.00000000e+00 
 6.98677741e-02  2.45969536e-15  6.98677741e-02  0.00000000e+00 
 6.99677741e-02  2.17697176e-15  6.99677741e-02  0.00000000e+00 
 7.00677741e-02  1.92674512e-15  7.00677741e-02  0.00000000e+00 
 7.01677741e-02  1.70528016e-15  7.01677741e-02  0.00000000e+00 
 7.02677741e-02  1.50927095e-15  7.02677741e-02  0.00000000e+00 
 7.03677741e-02  1.33579153e-15  7.03677741e-02  0.00000000e+00 
 7.04677741e-02  1.18225227e-15  7.04677741e-02  0.00000000e+00 
 7.05677741e-02  1.04636121e-15  7.05677741e-02  0.00000000e+00 
 7.06677741e-02  9.26089803e-16  7.06677741e-02  0.00000000e+00 
 7.07677741e-02  8.19642700e-16  7.07677741e-02  0.00000000e+00 
 7.08677741e-02  7.25430895e-16  7.08677741e-02  0.00000000e+00 
 7.09677741e-02  6.42048033e-16  7.09677741e-02  0.00000000e+00 
 7.10677741e-02  5.68249409e-16  7.10677741e-02  0.00000000e+00 
 7.11677741e-02  5.02933385e-16  7.11677741e-02  0.00000000e+00 
 7.12677741e-02  4.45124950e-16  7.12677741e-02  0.00000000e+00 
 7.13677741e-02  3.93961163e-16  7.13677741e-02  0.00000000e+00 
 7.14677741e-02  3.48678270e-16  7.14677741e-02  0.00000000e+00 
 7.15677741e-02  3.08600308e-16  7.15677741e-02  0.00000000e+00 
 7.16677741e-02  2.73129008e-16  7.16677741e-02  0.00000000e+00 
 7.17677741e-02  2.41734870e-16  7.17677741e-02  0.00000000e+00 
 7.18677741e-02  2.13949252e-16  7.18677741e-02  0.00000000e+00 
 7.19677741e-02  1.89357384e-16  7.19677741e-02  0.00000000e+00 
 7.20677741e-02  1.67592168e-16  7.20677741e-02  0.00000000e+00 
 7.21677741e-02  1.48328700e-16  7.21677741e-02  0.00000000e+00 
 7.22677741e-02  1.31279424e-16  7.22677741e-02  0.00000000e+00 
 7.23677741e-02  1.16189835e-16  7.23677741e-02  0.00000000e+00 
 7.24677741e-02  1.02834682e-16  7.24677741e-02  0.00000000e+00 
 7.25677741e-02  9.10146034e-17  7.25677741e-02  0.00000000e+00 
 7.26677741e-02  8.05531547e-17  7.26677741e-02  0.00000000e+00 
 7.27677741e-02  7.12941714e-17  7.27677741e-02  0.00000000e+00 
 7.28677741e-02  6.30994391e-17  7.28677741e-02  0.00000000e+00 
 7.29677741e-02  5.58466300e-17  7.29677741e-02  0.00000000e+00 
 7.30677741e-02  4.94274771e-17  7.30677741e-02  0.00000000e+00 
 7.31677741e-02  4.37461579e-17  7.31677741e-02  0.00000000e+00 
 7.32677741e-02  3.87178639e-17  7.32677741e-02  0.00000000e+00 
 7.33677741e-02  3.42675347e-17  7.33677741e-02  0.00000000e+00 
 7.34677741e-02  3.03287376e-17  7.34677741e-02  0.00000000e+00 
 7.35677741e-02  2.68426758e-17  7.35677741e-02  0.00000000e+00 
 7.36677741e-02  2.37573108e-17  7.36677741e-02  0.00000000e+00 
 7.37677741e-02  2.10265854e-17  7.37677741e-02  0.00000000e+00 
 7.38677741e-02  1.86097365e-17  7.38677741e-02  0.00000000e+00 
 7.39677741e-02  1.64706863e-17  7.39677741e-02  0.00000000e+00 
 7.40677741e-02  1.45775040e-17  7.40677741e-02  0.00000000e+00 
 7.41677741e-02  1.29019288e-17  7.41677741e-02  0.00000000e+00 
 7.42677741e-02  1.14189485e-17  7.42677741e-02  0.00000000e+00 
 7.43677741e-02  1.01064257e-17  7.43677741e-02  0.00000000e+00 
 7.44677741e-02  8.94476756e-18  7.44677741e-02  0.00000000e+00 
 7.45677741e-02  7.91663336e-18  7.45677741e-02  0.00000000e+00 
 7.46677741e-02  7.00667550e-18  7.46677741e-02  0.00000000e+00 
 7.47677741e-02  6.20131050e-18  7.47677741e-02  0.00000000e+00 
 7.48677741e-02  5.48851619e-18  7.48677741e-02  0.00000000e+00 
 7.49677741e-02  4.85765226e-18  7.49677741e-02  0.00000000e+00 
 7.50677741e-02  4.29930143e-18  7.50677741e-02  0.00000000e+00 
 7.51677741e-02  3.80512885e-18  7.51677741e-02  0.00000000e+00 
 7.52677741e-02  3.36775772e-18  7.52677741e-02  0.00000000e+00 
 7.53677741e-02  2.98065913e-18  7.53677741e-02  0.00000000e+00 
 7.54677741e-02  2.63805463e-18  7.54677741e-02  0.00000000e+00 
 7.55677741e-02  2.33482996e-18  7.55677741e-02  0.00000000e+00 
 7.56677741e-02  2.06645870e-18  7.56677741e-02  0.00000000e+00 
 7.57677741e-02  1.82893471e-18  7.57677741e-02  0.00000000e+00 
 7.58677741e-02  1.61871233e-18  7.58677741e-02  0.00000000e+00 
 7.59677741e-02  1.43265344e-18  7.59677741e-02  0.00000000e+00 
 7.60677741e-02  1.26798063e-18  7.60677741e-02  0.00000000e+00 
 7.61677741e-02  1.12223573e-18  7.61677741e-02  0.00000000e+00 
 7.62677741e-02  9.93243120e-19  7.62677741e-02  0.00000000e+00 
 7.63677741e-02  8.79077244e-19  7.63677741e-02  0.00000000e+00 
 7.64677741e-02  7.78033883e-19  7.64677741e-02  0.00000000e+00 
 7.65677741e-02  6.88604701e-19  7.65677741e-02  0.00000000e+00 
 7.66677741e-02  6.09454735e-19  7.66677741e-02  0.00000000e+00 
 7.67677741e-02  5.39402467e-19  7.67677741e-02  0.00000000e+00 
 7.68677741e-02  4.77402183e-19  7.68677741e-02  0.00000000e+00 
 7.69677741e-02  4.22528369e-19  7.69677741e-02  0.00000000e+00 
 7.70677741e-02  3.73961890e-19  7.70677741e-02  0.00000000e+00 
 7.71677741e-02  3.30977765e-19  7.71677741e-02  0.00000000e+00 
 7.72677741e-02  2.92934343e-19  7.72677741e-02  0.00000000e+00 
 7.73677741e-02  2.59263729e-19  7.73677741e-02  0.00000000e+00 
 7.74677741e-02  2.29463301e-19  7.74677741e-02  0.00000000e+00 
 7.75677741e-02  2.03088209e-19  7.75677741e-02  0.00000000e+00 
 7.76677741e-02  1.79744736e-19  7.76677741e-02  0.00000000e+00 
 7.77677741e-02  1.59084422e-19  7.77677741e-02  0.00000000e+00 
 7.78677741e-02  1.40798856e-19  7.78677741e-02  0.00000000e+00 
 7.79677741e-02  1.24615080e-19  7.79677741e-02  0.00000000e+00 
 7.80677741e-02  1.10291507e-19  7.80677741e-02  0.00000000e+00 
 7.81677741e-02  9.76143224e-20  7.81677741e-02  0.00000000e+00 
 7.82677741e-02  8.63942854e-20  7.82677741e-02  0.00000000e+00 
 7.83677741e-02  7.64639077e-20  7.83677741e-02  0.00000000e+00 
 7.84677741e-02  6.76749528e-20  7.84677741e-02  0.00000000e+00 
 7.85677741e-02  5.98962226e-20  7.85677741e-02  0.00000000e+00 
 7.86677741e-02  5.30115993e-20  7.86677741e-02  0.00000000e+00 
 7.87677741e-02  4.69183120e-20  7.87677741e-02  0.00000000e+00 
 7.88677741e-02  4.15254026e-20  7.88677741e-02  0.00000000e+00 
 7.89677741e-02  3.67523678e-20  7.89677741e-02  0.00000000e+00 
 7.90677741e-02  3.25279577e-20  7.90677741e-02  0.00000000e+00 
 7.91677741e-02  2.87891120e-20  7.91677741e-02  0.00000000e+00 
 7.92677741e-02  2.54800187e-20  7.92677741e-02  0.00000000e+00 
 7.93677741e-02  2.25512809e-20  7.93677741e-02  0.00000000e+00 
 7.94677741e-02  1.99591796e-20  7.94677741e-02  0.00000000e+00 
 7.95677741e-02  1.76650211e-20  7.95677741e-02  0.00000000e+00 
 7.96677741e-02  1.56345589e-20  7.96677741e-02  0.00000000e+00 
 7.97677741e-02  1.38374831e-20  7.97677741e-02  0.00000000e+00 
 7.98677741e-02  1.22469678e-20  7.98677741e-02  0.00000000e+00 
 7.99677741e-02  1.08392704e-20  7.99677741e-02  0.00000000e+00 
 8.00677741e-02  9.59337724e-21  8.00677741e-02  0.00000000e+00 
 8.01677741e-02  8.49069020e-21  8.01677741e-02  0.00000000e+00 
 8.02677741e-02  7.51474880e-21  8.02677741e-02  0.00000000e+00 
 8.03677741e-02  6.65098457e-21  8.03677741e-02  0.00000000e+00 
 8.04677741e-02  5.88650358e-21  8.04677741e-02  0.00000000e+00 
 8.05677741e-02  5.20989398e-21  8.05677741e-02  0.00000000e+00 
 8.06677741e-02  4.61105559e-21  8.06677741e-02  0.00000000e+00 
 8.07677741e-02  4.08104920e-21  8.07677741e-02  0.00000000e+00 
 8.08677741e-02  3.61196308e-21  8.08677741e-02  0.00000000e+00 
 8.09677741e-02  3.19679491e-21  8.09677741e-02  0.00000000e+00 
 8.10677741e-02  2.82934722e-21  8.10677741e-02  0.00000000e+00 
 8.11677741e-02  2.50413490e-21  8.11677741e-02  0.00000000e+00 
 8.12677741e-02  2.21630330e-21  8.12677741e-02  0.00000000e+00 
 8.13677741e-02  1.96155579e-21  8.13677741e-02  0.00000000e+00 
 8.14677741e-02  1.73608961e-21  8.14677741e-02  0.00000000e+00 
 8.15677741e-02  1.53653908e-21  8.15677741e-02  0.00000000e+00 
 8.16677741e-02  1.35992539e-21  8.16677741e-02  0.00000000e+00 
 8.17677741e-02  1.20361213e-21  8.17677741e-02  0.00000000e+00 
 8.18677741e-02  1.06526591e-21  8.18677741e-02  0.00000000e+00 
 8.19677741e-02  9.42821551e-22  8.19677741e-02  0.00000000e+00 
 8.20000000e-02  9.06482810e-22  8.20000000e-02  0.00000000e+00 
 8.20000001e-02  6.09755989e-08  8.20000001e-02  4.99999972e-01 
 8.20000003e-02  3.04877988e-07  8.20000003e-02  1.49999999e+00 
 8.20000007e-02  1.52438974e-06  8.20000007e-02  3.50000001e+00 
 8.20000010e-02  3.07926693e-06  8.20000010e-02  5.00000000e+00 
 8.20000010e-02  3.38228556e-06  8.20000010e-02  5.00000000e+00 
 8.20000011e-02  3.98832279e-06  8.20000011e-02  5.00000000e+00 
 8.20000013e-02  5.20039702e-06  8.20000013e-02  5.00000000e+00 
 8.20000017e-02  7.62454460e-06  8.20000017e-02  5.00000000e+00 
 8.20000025e-02  1.24728362e-05  8.20000025e-02  5.00000000e+00 
 8.20000041e-02  2.21694054e-05  8.20000041e-02  5.00000000e+00 
 8.20000073e-02  4.15624873e-05  8.20000073e-02  5.00000000e+00 
 8.20000137e-02  8.03484255e-05  8.20000137e-02  5.00000000e+00 
 8.20000264e-02  1.57919399e-04  8.20000264e-02  5.00000000e+00 
 8.20000518e-02  3.13057736e-04  8.20000518e-02  5.00000000e+00 
 8.20001027e-02  6.23319970e-04  8.20001027e-02  5.00000000e+00 
 8.20002045e-02  1.24378668e-03  8.20002045e-02  5.00000000e+00 
 8.20004081e-02  2.48448909e-03  8.20004081e-02  5.00000000e+00 
 8.20008152e-02  4.96497019e-03  8.20008152e-02  5.00000000e+00 
 8.20016294e-02  9.92223981e-03  8.20016294e-02  5.00000000e+00 
 8.20032578e-02  1.98220270e-02  8.20032578e-02  5.00000000e+00 
 8.20065146e-02  3.95627394e-02  8.20065146e-02  5.00000000e+00 
 8.20130282e-02  7.88098804e-02  8.20130282e-02  5.00000000e+00 
 8.20260555e-02  1.56376259e-01  8.20260555e-02  5.00000000e+00 
 8.20521100e-02  3.07869959e-01  8.20521100e-02  5.00000000e+00 
 8.21042191e-02  5.96861458e-01  8.21042191e-02  5.00000000e+00 
 8.22042191e-02  1.10296934e+00  8.22042191e-02  5.00000000e+00 
 8.23042191e-02  1.55090390e+00  8.23042191e-02  5.00000000e+00 
 8.24042191e-02  1.94735172e+00  8.24042191e-02  5.00000000e+00 
 8.25042191e-02  2.29823084e+00  8.25042191e-02  5.00000000e+00 
 8.26042191e-02  2.60877902e+00  8.26042191e-02  5.00000000e+00 
 8.27042191e-02  2.88363200e+00  8.27042191e-02  5.00000000e+00 
 8.28042191e-02  3.12689269e+00  8.28042191e-02  5.00000000e+00 
 8.29042191e-02  3.34219238e+00  8.29042191e-02  5.00000000e+00 
 8.30042191e-02  3.53274498e+00  8.30042191e-02  5.00000000e+00 
 8.31042191e-02  3.70139498e+00  8.31042191e-02  5.00000000e+00 
 8.32042191e-02  3.85065993e+00  8.32042191e-02  5.00000000e+00 
 8.33042191e-02  3.98276798e+00  8.33042191e-02  5.00000000e+00 
 8.34042191e-02  4.09969120e+00  8.34042191e-02  5.00000000e+00 
 8.35042191e-02  4.20317497e+00  8.35042191e-02  5.00000000e+00 
 8.36042191e-02  4.29476406e+00  8.36042191e-02  5.00000000e+00 
 8.37042191e-02  4.37582566e+00  8.37042191e-02  5.00000000e+00 
 8.38042191e-02  4.44756984e+00  8.38042191e-02  5.00000000e+00 
 8.39042191e-02  4.51106756e+00  8.39042191e-02  5.00000000e+00 
 8.40042191e-02  4.56726669e+00  8.40042191e-02  5.00000000e+00 
 8.41042191e-02  4.61700615e+00  8.41042191e-02  5.00000000e+00 
 8.42042191e-02  4.66102843e+00  8.42042191e-02  5.00000000e+00 
 8.43042191e-02  4.69999068e+00  8.43042191e-02  5.00000000e+00 
 8.44042191e-02  4.73447451e+00  8.44042191e-02  5.00000000e+00 
 8.45042191e-02  4.76499468e+00  8.45042191e-02  5.00000000e+00 
 8.46042191e-02  4.79200679e+00  8.46042191e-02  5.00000000e+00 
 8.47042191e-02  4.81591405e+00  8.47042191e-02  5.00000000e+00 
 8.48042191e-02  4.83707336e+00  8.48042191e-02  5.00000000e+00 
 8.49042191e-02  4.85580056e+00  8.49042191e-02  5.00000000e+00 
 8.50042191e-02  4.87237521e+00  8.50042191e-02  5.00000000e+00 
 8.51042191e-02  4.88704472e+00  8.51042191e-02  5.00000000e+00 
 8.52042191e-02  4.90002809e+00  8.52042191e-02  5.00000000e+00 
 8.53042191e-02  4.91151911e+00  8.53042191e-02  5.00000000e+00 
 8.54042191e-02  4.92168933e+00  8.54042191e-02  5.00000000e+00 
 8.55042191e-02  4.93069056e+00  8.55042191e-02  5.00000000e+00 
 8.56042191e-02  4.93865716e+00  8.56042191e-02  5.00000000e+00 
 8.57042191e-02  4.94570806e+00  8.57042191e-02  5.00000000e+00 
 8.58042191e-02  4.95194851e+00  8.58042191e-02  5.00000000e+00 
 8.59042191e-02  4.95747167e+00  8.59042191e-02  5.00000000e+00 
 8.60042191e-02  4.96235999e+00  8.60042191e-02  5.00000000e+00 
 8.61042191e-02  4.96668642e+00  8.61042191e-02  5.00000000e+00 
 8.62042191e-02  4.97051557e+00  8.62042191e-02  5.00000000e+00 
 8.63042191e-02  4.97390459e+00  8.63042191e-02  5.00000000e+00 
 8.64042191e-02  4.97690406e+00  8.64042191e-02  5.00000000e+00 
 8.65042191e-02  4.97955876e+00  8.65042191e-02  5.00000000e+00 
 8.66042191e-02  4.98190833e+00  8.66042191e-02  5.00000000e+00 
 8.67042191e-02  4.98398783e+00  8.67042191e-02  5.00000000e+00 
 8.68042191e-02  4.98582831e+00  8.68042191e-02  5.00000000e+00 
 8.69042191e-02  4.98745724e+00  8.69042191e-02  5.00000000e+00 
 8.70042191e-02  4.98889894e+00  8.70042191e-02  5.00000000e+00 
 8.71042191e-02  4.99017492e+00  8.71042191e-02  5.00000000e+00 
 8.72042191e-02  4.99130424e+00  8.72042191e-02  5.00000000e+00 
 8.73042191e-02  4.99230375e+00  8.73042191e-02  5.00000000e+00 
 8.74042191e-02  4.99318838e+00  8.74042191e-02  5.00000000e+00 
 8.75042191e-02  4.99397133e+00  8.75042191e-02  5.00000000e+00 
 8.76042191e-02  4.99466428e+00  8.76042191e-02  5.00000000e+00 
 8.77042191e-02  4.99527758e+00  8.77042191e-02  5.00000000e+00 
 8.78042191e-02  4.99582038e+00  8.78042191e-02  5.00000000e+00 
 8.79042191e-02  4.99630080e+00  8.79042191e-02  5.00000000e+00 
 8.80042191e-02  4.99672600e+00  8.80042191e-02  5.00000000e+00 
 8.81042191e-02  4.99710232e+00  8.81042191e-02  5.00000000e+00 
 8.82042191e-02  4.99743539e+00  8.82042191e-02  5.00000000e+00 
 8.83042191e-02  4.99773017e+00  8.83042191e-02  5.00000000e+00 
 8.84042191e-02  4.99799107e+00  8.84042191e-02  5.00000000e+00 
 8.85042191e-02  4.99822198e+00  8.85042191e-02  5.00000000e+00 
 8.86042191e-02  4.99842635e+00  8.86042191e-02  5.00000000e+00 
 8.87042191e-02  4.99860723e+00  8.87042191e-02  5.00000000e+00 
 8.88042191e-02  4.99876732e+00  8.88042191e-02  5.00000000e+00 
 8.89042191e-02  4.99890901e+00  8.89042191e-02  5.00000000e+00 
 8.90042191e-02  4.99903441e+00  8.90042191e-02  5.00000000e+00 
 8.91042191e-02  4.99914540e+00  8.91042191e-02  5.00000000e+00 
 8.92042191e-02  4.99924363e+00  8.92042191e-02  5.00000000e+00 
 8.93042191e-02  4.99933057e+00  8.93042191e-02  5.00000000e+00 
 8.94042191e-02  4.99940751e+00  8.94042191e-02  5.00000000e+00 
 8.95042191e-02  4.99947561e+00  8.95042191e-02  5.00000000e+00 
 8.96042191e-02  4.99953589e+00  8.96042191e-02  5.00000000e+00 
 8.97042191e-02  4.99958923e+00  8.97042191e-02  5.00000000e+00 
 8.98042191e-02  4.99963645e+00  8.98042191e-02  5.00000000e+00 
 8.99042191e-02  4.99967824e+00  8.99042191e-02  5.00000000e+00 
 9.00042191e-02  4.99971522e+00  9.00042191e-02  5.00000000e+00 
 9.01042191e-02  4.99974795e+00  9.01042191e-02  5.00000000e+00 
 9.02042191e-02  4.99977692e+00  9.02042191e-02  5.00000000e+00 
 9.03042191e-02  4.99980257e+00  9.03042191e-02  5.00000000e+00 
 9.04042191e-02  4.99982526e+00  9.04042191e-02  5.00000000e+00 
 9.05042191e-02  4.99984534e+00  9.05042191e-02  5.00000000e+00 
 9.06042191e-02  4.99986312e+00  9.06042191e-02  5.00000000e+00 
 9.07042191e-02  4.99987885e+00  9.07042191e-02  5.00000000e+00 
 9.08042191e-02  4.99989278e+00  9.08042191e-02  5.00000000e+00 
 9.09042191e-02  4.99990510e+00  9.09042191e-02  5.00000000e+00 
 9.10042191e-02  4.99991601e+00  9.10042191e-02  5.00000000e+00 
 9.11042191e-02  4.99992566e+00  9.11042191e-02  5.00000000e+00 
 9.12042191e-02  4.99993421e+00  9.12042191e-02  5.00000000e+00 
 9.13042191e-02  4.99994177e+00  9.13042191e-02  5.00000000e+00 
 9.14042191e-02  4.99994846e+00  9.14042191e-02  5.00000000e+00 
 9.15042191e-02  4.99995439e+00  9.15042191e-02  5.00000000e+00 
 9.16042191e-02  4.99995963e+00  9.16042191e-02  5.00000000e+00 
 9.17042191e-02  4.99996427e+00  9.17042191e-02  5.00000000e+00 
 9.18042191e-02  4.99996838e+00  9.18042191e-02  5.00000000e+00 
 9.19042191e-02  4.99997201e+00  9.19042191e-02  5.00000000e+00 
 9.20042191e-02  4.99997523e+00  9.20042191e-02  5.00000000e+00 
 9.21042191e-02  4.99997808e+00  9.21042191e-02  5.00000000e+00 
 9.22042191e-02  4.99998060e+00  9.22042191e-02  5.00000000e+00 
 9.23042191e-02  4.99998283e+00  9.23042191e-02  5.00000000e+00 
 9.24042191e-02  4.99998480e+00  9.24042191e-02  5.00000000e+00 
 9.25042191e-02  4.99998655e+00  9.25042191e-02  5.00000000e+00 
 9.26042191e-02  4.99998809e+00  9.26042191e-02  5.00000000e+00 
 9.27042191e-02  4.99998946e+00  9.27042191e-02  5.00000000e+00 
 9.28042191e-02  4.99999067e+00  9.28042191e-02  5.00000000e+00 
 9.29042191e-02  4.99999175e+00  9.29042191e-02  5.00000000e+00 
 9.30042191e-02  4.99999269e+00  9.30042191e-02  5.00000000e+00 
 9.31042191e-02  4.99999353e+00  9.31042191e-02  5.00000000e+00 
 9.32042191e-02  4.99999428e+00  9.32042191e-02  5.00000000e+00 
 9.33042191e-02  4.99999494e+00  9.33042191e-02  5.00000000e+00 
 9.34042191e-02  4.99999552e+00  9.34042191e-02  5.00000000e+00 
 9.35042191e-02  4.99999603e+00  9.35042191e-02  5.00000000e+00 
 9.36042191e-02  4.99999649e+00  9.36042191e-02  5.00000000e+00 
 9.37042191e-02  4.99999689e+00  9.37042191e-02  5.00000000e+00 
 9.38042191e-02  4.99999725e+00  9.38042191e-02  5.00000000e+00 
 9.39042191e-02  4.99999757e+00  9.39042191e-02  5.00000000e+00 
 9.40042191e-02  4.99999785e+00  9.40042191e-02  5.00000000e+00 
 9.41042191e-02  4.99999809e+00  9.41042191e-02  5.00000000e+00 
 9.42042191e-02  4.99999831e+00  9.42042191e-02  5.00000000e+00 
 9.43042191e-02  4.99999851e+00  9.43042191e-02  5.00000000e+00 
 9.44042191e-02  4.99999868e+00  9.44042191e-02  5.00000000e+00 
 9.45042191e-02  4.99999883e+00  9.45042191e-02  5.00000000e+00 
 9.46042191e-02  4.99999896e+00  9.46042191e-02  5.00000000e+00 
 9.47042191e-02  4.99999908e+00  9.47042191e-02  5.00000000e+00 
 9.48042191e-02  4.99999919e+00  9.48042191e-02  5.00000000e+00 
 9.49042191e-02  4.99999928e+00  9.49042191e-02  5.00000000e+00 
 9.50042191e-02  4.99999936e+00  9.50042191e-02  5.00000000e+00 
 9.51042191e-02  4.99999944e+00  9.51042191e-02  5.00000000e+00 
 9.52042191e-02  4.99999950e+00  9.52042191e-02  5.00000000e+00 
 9.53042191e-02  4.99999956e+00  9.53042191e-02  5.00000000e+00 
 9.54042191e-02  4.99999961e+00  9.54042191e-02  5.00000000e+00 
 9.55042191e-02  4.99999965e+00  9.55042191e-02  5.00000000e+00 
 9.56042191e-02  4.99999969e+00  9.56042191e-02  5.00000000e+00 
 9.57042191e-02  4.99999973e+00  9.57042191e-02  5.00000000e+00 
 9.58042191e-02  4.99999976e+00  9.58042191e-02  5.00000000e+00 
 9.59042191e-02  4.99999979e+00  9.59042191e-02  5.00000000e+00 
 9.60042191e-02  4.99999981e+00  9.60042191e-02  5.00000000e+00 
 9.61042191e-02  4.99999983e+00  9.61042191e-02  5.00000000e+00 
 9.62042191e-02  4.99999985e+00  9.62042191e-02  5.00000000e+00 
 9.63042191e-02  4.99999987e+00  9.63042191e-02  5.00000000e+00 
 9.64042191e-02  4.99999989e+00  9.64042191e-02  5.00000000e+00 
 9.65042191e-02  4.99999990e+00  9.65042191e-02  5.00000000e+00 
 9.66042191e-02  4.99999991e+00  9.66042191e-02  5.00000000e+00 
 9.67042191e-02  4.99999992e+00  9.67042191e-02  5.00000000e+00 
 9.68042191e-02  4.99999993e+00  9.68042191e-02  5.00000000e+00 
 9.69042191e-02  4.99999994e+00  9.69042191e-02  5.00000000e+00 
 9.70042191e-02  4.99999994e+00  9.70042191e-02  5.00000000e+00 
 9.71042191e-02  4.99999995e+00  9.71042191e-02  5.00000000e+00 
 9.72042191e-02  4.99999996e+00  9.72042191e-02  5.00000000e+00 
 9.73042191e-02  4.99999996e+00  9.73042191e-02  5.00000000e+00 
 9.74042191e-02  4.99999997e+00  9.74042191e-02  5.00000000e+00 
 9.75042191e-02  4.99999997e+00  9.75042191e-02  5.00000000e+00 
 9.76042191e-02  4.99999997e+00  9.76042191e-02  5.00000000e+00 
 9.77042191e-02  4.99999998e+00  9.77042191e-02  5.00000000e+00 
 9.78042191e-02  4.99999998e+00  9.78042191e-02  5.00000000e+00 
 9.79042191e-02  4.99999998e+00  9.79042191e-02  5.00000000e+00 
 9.80042191e-02  4.99999998e+00  9.80042191e-02  5.00000000e+00 
 9.81042191e-02  4.99999999e+00  9.81042191e-02  5.00000000e+00 
 9.82042191e-02  4.99999999e+00  9.82042191e-02  5.00000000e+00 
 9.83042191e-02  4.99999999e+00  9.83042191e-02  5.00000000e+00 
 9.84042191e-02  4.99999999e+00  9.84042191e-02  5.00000000e+00 
 9.85042191e-02  4.99999999e+00  9.85042191e-02  5.00000000e+00 
 9.86042191e-02  4.99999999e+00  9.86042191e-02  5.00000000e+00 
 9.87042191e-02  4.99999999e+00  9.87042191e-02  5.00000000e+00 
 9.88042191e-02  4.99999999e+00  9.88042191e-02  5.00000000e+00 
 9.89042191e-02  4.99999999e+00  9.89042191e-02  5.00000000e+00 
 9.90042191e-02  5.00000000e+00  9.90042191e-02  5.00000000e+00 
 9.91042191e-02  5.00000000e+00  9.91042191e-02  5.00000000e+00 
 9.92042191e-02  5.00000000e+00  9.92042191e-02  5.00000000e+00 
 9.93042191e-02  5.00000000e+00  9.93042191e-02  5.00000000e+00 
 9.94042191e-02  5.00000000e+00  9.94042191e-02  5.00000000e+00 
 9.95042191e-02  5.00000000e+00  9.95042191e-02  5.00000000e+00 
 9.96042191e-02  5.00000000e+00  9.96042191e-02  5.00000000e+00 
 9.97042191e-02  5.00000000e+00  9.97042191e-02  5.00000000e+00 
 9.98042191e-02  5.00000000e+00  9.98042191e-02  5.00000000e+00 
 9.99042191e-02  5.00000000e+00  9.99042191e-02  5.00000000e+00 
 1.00004219e-01  5.00000000e+00  1.00004219e-01  5.00000000e+00 
 1.00104219e-01  5.00000000e+00  1.00104219e-01  5.00000000e+00 
 1.00204219e-01  5.00000000e+00  1.00204219e-01  5.00000000e+00 
 1.00304219e-01  5.00000000e+00  1.00304219e-01  5.00000000e+00 
 1.00404219e-01  5.00000000e+00  1.00404219e-01  5.00000000e+00 
 1.00504219e-01  5.00000000e+00  1.00504219e-01  5.00000000e+00 
 1.00604219e-01  5.00000000e+00  1.00604219e-01  5.00000000e+00 
 1.00704219e-01  5.00000000e+00  1.00704219e-01  5.00000000e+00 
 1.00804219e-01  5.00000000e+00  1.00804219e-01  5.00000000e+00 
 1.00904219e-01  5.00000000e+00  1.00904219e-01  5.00000000e+00 
 1.01004219e-01  5.00000000e+00  1.01004219e-01  5.00000000e+00 
 1.01104219e-01  5.00000000e+00  1.01104219e-01  5.00000000e+00 
 1.01204219e-01  5.00000000e+00  1.01204219e-01  5.00000000e+00 
 1.01304219e-01  5.00000000e+00  1.01304219e-01  5.00000000e+00 
 1.01404219e-01  5.00000000e+00  1.01404219e-01  5.00000000e+00 
 1.01504219e-01  5.00000000e+00  1.01504219e-01  5.00000000e+00 
 1.01604219e-01  5.00000000e+00  1.01604219e-01  5.00000000e+00 
 1.01704219e-01  5.00000000e+00  1.01704219e-01  5.00000000e+00 
 1.01804219e-01  5.00000000e+00  1.01804219e-01  5.00000000e+00 
 1.01904219e-01  5.00000000e+00  1.01904219e-01  5.00000000e+00 
 1.02004219e-01  5.00000000e+00  1.02004219e-01  5.00000000e+00 
 1.02104219e-01  5.00000000e+00  1.02104219e-01  5.00000000e+00 
 1.02204219e-01  5.00000000e+00  1.02204219e-01  5.00000000e+00 
 1.02304219e-01  5.00000000e+00  1.02304219e-01  5.00000000e+00 
 1.02404219e-01  5.00000000e+00  1.02404219e-01  5.00000000e+00 
 1.02504219e-01  5.00000000e+00  1.02504219e-01  5.00000000e+00 
 1.02604219e-01  5.00000000e+00  1.02604219e-01  5.00000000e+00 
 1.02704219e-01  5.00000000e+00  1.02704219e-01  5.00000000e+00 
 1.02804219e-01  5.00000000e+00  1.02804219e-01  5.00000000e+00 
 1.02904219e-01  5.00000000e+00  1.02904219e-01  5.00000000e+00 
 1.03004219e-01  5.00000000e+00  1.03004219e-01  5.00000000e+00 
 1.03104219e-01  5.00000000e+00  1.03104219e-01  5.00000000e+00 
 1.03204219e-01  5.00000000e+00  1.03204219e-01  5.00000000e+00 
 1.03304219e-01  5.00000000e+00  1.03304219e-01  5.00000000e+00 
 1.03404219e-01  5.00000000e+00  1.03404219e-01  5.00000000e+00 
 1.03504219e-01  5.00000000e+00  1.03504219e-01  5.00000000e+00 
 1.03604219e-01  5.00000000e+00  1.03604219e-01  5.00000000e+00 
 1.03704219e-01  5.00000000e+00  1.03704219e-01  5.00000000e+00 
 1.03804219e-01  5.00000000e+00  1.03804219e-01  5.00000000e+00 
 1.03904219e-01  5.00000000e+00  1.03904219e-01  5.00000000e+00 
 1.04004219e-01  5.00000000e+00  1.04004219e-01  5.00000000e+00 
 1.04104219e-01  5.00000000e+00  1.04104219e-01  5.00000000e+00 
 1.04204219e-01  5.00000000e+00  1.04204219e-01  5.00000000e+00 
 1.04304219e-01  5.00000000e+00  1.04304219e-01  5.00000000e+00 
 1.04404219e-01  5.00000000e+00  1.04404219e-01  5.00000000e+00 
 1.04504219e-01  5.00000000e+00  1.04504219e-01  5.00000000e+00 
 1.04604219e-01  5.00000000e+00  1.04604219e-01  5.00000000e+00 
 1.04704219e-01  5.00000000e+00  1.04704219e-01  5.00000000e+00 
 1.04804219e-01  5.00000000e+00  1.04804219e-01  5.00000000e+00 
 1.04904219e-01  5.00000000e+00  1.04904219e-01  5.00000000e+00 
 1.05004219e-01  5.00000000e+00  1.05004219e-01  5.00000000e+00 
 1.05104219e-01  5.00000000e+00  1.05104219e-01  5.00000000e+00 
 1.05204219e-01  5.00000000e+00  1.05204219e-01  5.00000000e+00 
 1.05304219e-01  5.00000000e+00  1.05304219e-01  5.00000000e+00 
 1.05404219e-01  5.00000000e+00  1.05404219e-01  5.00000000e+00 
 1.05504219e-01  5.00000000e+00  1.05504219e-01  5.00000000e+00 
 1.05604219e-01  5.00000000e+00  1.05604219e-01  5.00000000e+00 
 1.05704219e-01  5.00000000e+00  1.05704219e-01  5.00000000e+00 
 1.05804219e-01  5.00000000e+00  1.05804219e-01  5.00000000e+00 
 1.05904219e-01  5.00000000e+00  1.05904219e-01  5.00000000e+00 
 1.06004219e-01  5.00000000e+00  1.06004219e-01  5.00000000e+00 
 1.06104219e-01  5.00000000e+00  1.06104219e-01  5.00000000e+00 
 1.06204219e-01  5.00000000e+00  1.06204219e-01  5.00000000e+00 
 1.06304219e-01  5.00000000e+00  1.06304219e-01  5.00000000e+00 
 1.06404219e-01  5.00000000e+00  1.06404219e-01  5.00000000e+00 
 1.06504219e-01  5.00000000e+00  1.06504219e-01  5.00000000e+00 
 1.06604219e-01  5.00000000e+00  1.06604219e-01  5.00000000e+00 
 1.06704219e-01  5.00000000e+00  1.06704219e-01  5.00000000e+00 
 1.06804219e-01  5.00000000e+00  1.06804219e-01  5.00000000e+00 
 1.06904219e-01  5.00000000e+00  1.06904219e-01  5.00000000e+00 
 1.07004219e-01  5.00000000e+00  1.07004219e-01  5.00000000e+00 
 1.07104219e-01  5.00000000e+00  1.07104219e-01  5.00000000e+00 
 1.07204219e-01  5.00000000e+00  1.07204219e-01  5.00000000e+00 
 1.07304219e-01  5.00000000e+00  1.07304219e-01  5.00000000e+00 
 1.07404219e-01  5.00000000e+00  1.07404219e-01  5.00000000e+00 
 1.07504219e-01  5.00000000e+00  1.07504219e-01  5.00000000e+00 
 1.07604219e-01  5.00000000e+00  1.07604219e-01  5.00000000e+00 
 1.07704219e-01  5.00000000e+00  1.07704219e-01  5.00000000e+00 
 1.07804219e-01  5.00000000e+00  1.07804219e-01  5.00000000e+00 
 1.07904219e-01  5.00000000e+00  1.07904219e-01  5.00000000e+00 
 1.08004219e-01  5.00000000e+00  1.08004219e-01  5.00000000e+00 
 1.08104219e-01  5.00000000e+00  1.08104219e-01  5.00000000e+00 
 1.08204219e-01  5.00000000e+00  1.08204219e-01  5.00000000e+00 
 1.08304219e-01  5.00000000e+00  1.08304219e-01  5.00000000e+00 
 1.08404219e-01  5.00000000e+00  1.08404219e-01  5.00000000e+00 
 1.08504219e-01  5.00000000e+00  1.08504219e-01  5.00000000e+00 
 1.08604219e-01  5.00000000e+00  1.08604219e-01  5.00000000e+00 
 1.08704219e-01  5.00000000e+00  1.08704219e-01  5.00000000e+00 
 1.08804219e-01  5.00000000e+00  1.08804219e-01  5.00000000e+00 
 1.08904219e-01  5.00000000e+00  1.08904219e-01  5.00000000e+00 
 1.09004219e-01  5.00000000e+00  1.09004219e-01  5.00000000e+00 
 1.09104219e-01  5.00000000e+00  1.09104219e-01  5.00000000e+00 
 1.09204219e-01  5.00000000e+00  1.09204219e-01  5.00000000e+00 
 1.09304219e-01  5.00000000e+00  1.09304219e-01  5.00000000e+00 
 1.09404219e-01  5.00000000e+00  1.09404219e-01  5.00000000e+00 
 1.09504219e-01  5.00000000e+00  1.09504219e-01  5.00000000e+00 
 1.09604219e-01  5.00000000e+00  1.09604219e-01  5.00000000e+00 
 1.09704219e-01  5.00000000e+00  1.09704219e-01  5.00000000e+00 
 1.09804219e-01  5.00000000e+00  1.09804219e-01  5.00000000e+00 
 1.09904219e-01  5.00000000e+00  1.09904219e-01  5.00000000e+00 
 1.10004219e-01  5.00000000e+00  1.10004219e-01  5.00000000e+00 
 1.10104219e-01  5.00000000e+00  1.10104219e-01  5.00000000e+00 
 1.10204219e-01  5.00000000e+00  1.10204219e-01  5.00000000e+00 
 1.10304219e-01  5.00000000e+00  1.10304219e-01  5.00000000e+00 
 1.10404219e-01  5.00000000e+00  1.10404219e-01  5.00000000e+00 
 1.10504219e-01  5.00000000e+00  1.10504219e-01  5.00000000e+00 
 1.10604219e-01  5.00000000e+00  1.10604219e-01  5.00000000e+00 
 1.10704219e-01  5.00000000e+00  1.10704219e-01  5.00000000e+00 
 1.10804219e-01  5.00000000e+00  1.10804219e-01  5.00000000e+00 
 1.10904219e-01  5.00000000e+00  1.10904219e-01  5.00000000e+00 
 1.11004219e-01  5.00000000e+00  1.11004219e-01  5.00000000e+00 
 1.11104219e-01  5.00000000e+00  1.11104219e-01  5.00000000e+00 
 1.11204219e-01  5.00000000e+00  1.11204219e-01  5.00000000e+00 
 1.11304219e-01  5.00000000e+00  1.11304219e-01  5.00000000e+00 
 1.11404219e-01  5.00000000e+00  1.11404219e-01  5.00000000e+00 
 1.11504219e-01  5.00000000e+00  1.11504219e-01  5.00000000e+00 
 1.11604219e-01  5.00000000e+00  1.11604219e-01  5.00000000e+00 
 1.11704219e-01  5.00000000e+00  1.11704219e-01  5.00000000e+00 
 1.11804219e-01  5.00000000e+00  1.11804219e-01  5.00000000e+00 
 1.11904219e-01  5.00000000e+00  1.11904219e-01  5.00000000e+00 
 1.12004219e-01  5.00000000e+00  1.12004219e-01  5.00000000e+00 
 1.12104219e-01  5.00000000e+00  1.12104219e-01  5.00000000e+00 
 1.12204219e-01  5.00000000e+00  1.12204219e-01  5.00000000e+00 
 1.12304219e-01  5.00000000e+00  1.12304219e-01  5.00000000e+00 
 1.12404219e-01  5.00000000e+00  1.12404219e-01  5.00000000e+00 
 1.12504219e-01  5.00000000e+00  1.12504219e-01  5.00000000e+00 
 1.12604219e-01  5.00000000e+00  1.12604219e-01  5.00000000e+00 
 1.12704219e-01  5.00000000e+00  1.12704219e-01  5.00000000e+00 
 1.12804219e-01  5.00000000e+00  1.12804219e-01  5.00000000e+00 
 1.12904219e-01  5.00000000e+00  1.12904219e-01  5.00000000e+00 
 1.13004219e-01  5.00000000e+00  1.13004219e-01  5.00000000e+00 
 1.13104219e-01  5.00000000e+00  1.13104219e-01  5.00000000e+00 
 1.13204219e-01  5.00000000e+00  1.13204219e-01  5.00000000e+00 
 1.13304219e-01  5.00000000e+00  1.13304219e-01  5.00000000e+00 
 1.13404219e-01  5.00000000e+00  1.13404219e-01  5.00000000e+00 
 1.13504219e-01  5.00000000e+00  1.13504219e-01  5.00000000e+00 
 1.13604219e-01  5.00000000e+00  1.13604219e-01  5.00000000e+00 
 1.13704219e-01  5.00000000e+00  1.13704219e-01  5.00000000e+00 
 1.13804219e-01  5.00000000e+00  1.13804219e-01  5.00000000e+00 
 1.13904219e-01  5.00000000e+00  1.13904219e-01  5.00000000e+00 
 1.14004219e-01  5.00000000e+00  1.14004219e-01  5.00000000e+00 
 1.14104219e-01  5.00000000e+00  1.14104219e-01  5.00000000e+00 
 1.14204219e-01  5.00000000e+00  1.14204219e-01  5.00000000e+00 
 1.14304219e-01  5.00000000e+00  1.14304219e-01  5.00000000e+00 
 1.14404219e-01  5.00000000e+00  1.14404219e-01  5.00000000e+00 
 1.14504219e-01  5.00000000e+00  1.14504219e-01  5.00000000e+00 
 1.14604219e-01  5.00000000e+00  1.14604219e-01  5.00000000e+00 
 1.14704219e-01  5.00000000e+00  1.14704219e-01  5.00000000e+00 
 1.14804219e-01  5.00000000e+00  1.14804219e-01  5.00000000e+00 
 1.14904219e-01  5.00000000e+00  1.14904219e-01  5.00000000e+00 
 1.15004219e-01  5.00000000e+00  1.15004219e-01  5.00000000e+00 
 1.15104219e-01  5.00000000e+00  1.15104219e-01  5.00000000e+00 
 1.15204219e-01  5.00000000e+00  1.15204219e-01  5.00000000e+00 
 1.15304219e-01  5.00000000e+00  1.15304219e-01  5.00000000e+00 
 1.15404219e-01  5.00000000e+00  1.15404219e-01  5.00000000e+00 
 1.15504219e-01  5.00000000e+00  1.15504219e-01  5.00000000e+00 
 1.15604219e-01  5.00000000e+00  1.15604219e-01  5.00000000e+00 
 1.15704219e-01  5.00000000e+00  1.15704219e-01  5.00000000e+00 
 1.15804219e-01  5.00000000e+00  1.15804219e-01  5.00000000e+00 
 1.15904219e-01  5.00000000e+00  1.15904219e-01  5.00000000e+00 
 1.16004219e-01  5.00000000e+00  1.16004219e-01  5.00000000e+00 
 1.16104219e-01  5.00000000e+00  1.16104219e-01  5.00000000e+00 
 1.16204219e-01  5.00000000e+00  1.16204219e-01  5.00000000e+00 
 1.16304219e-01  5.00000000e+00  1.16304219e-01  5.00000000e+00 
 1.16404219e-01  5.00000000e+00  1.16404219e-01  5.00000000e+00 
 1.16504219e-01  5.00000000e+00  1.16504219e-01  5.00000000e+00 
 1.16604219e-01  5.00000000e+00  1.16604219e-01  5.00000000e+00 
 1.16704219e-01  5.00000000e+00  1.16704219e-01  5.00000000e+00 
 1.16804219e-01  5.00000000e+00  1.16804219e-01  5.00000000e+00 
 1.16904219e-01  5.00000000e+00  1.16904219e-01  5.00000000e+00 
 1.17004219e-01  5.00000000e+00  1.17004219e-01  5.00000000e+00 
 1.17104219e-01  5.00000000e+00  1.17104219e-01  5.00000000e+00 
 1.17204219e-01  5.00000000e+00  1.17204219e-01  5.00000000e+00 
 1.17304219e-01  5.00000000e+00  1.17304219e-01  5.00000000e+00 
 1.17404219e-01  5.00000000e+00  1.17404219e-01  5.00000000e+00 
 1.17504219e-01  5.00000000e+00  1.17504219e-01  5.00000000e+00 
 1.17604219e-01  5.00000000e+00  1.17604219e-01  5.00000000e+00 
 1.17704219e-01  5.00000000e+00  1.17704219e-01  5.00000000e+00 
 1.17804219e-01  5.00000000e+00  1.17804219e-01  5.00000000e+00 
 1.17904219e-01  5.00000000e+00  1.17904219e-01  5.00000000e+00 
 1.18004219e-01  5.00000000e+00  1.18004219e-01  5.00000000e+00 
 1.18104219e-01  5.00000000e+00  1.18104219e-01  5.00000000e+00 
 1.18204219e-01  5.00000000e+00  1.18204219e-01  5.00000000e+00 
 1.18304219e-01  5.00000000e+00  1.18304219e-01  5.00000000e+00 
 1.18404219e-01  5.00000000e+00  1.18404219e-01  5.00000000e+00 
 1.18504219e-01  5.00000000e+00  1.18504219e-01  5.00000000e+00 
 1.18604219e-01  5.00000000e+00  1.18604219e-01  5.00000000e+00 
 1.18704219e-01  5.00000000e+00  1.18704219e-01  5.00000000e+00 
 1.18804219e-01  5.00000000e+00  1.18804219e-01  5.00000000e+00 
 1.18904219e-01  5.00000000e+00  1.18904219e-01  5.00000000e+00 
 1.19004219e-01  5.00000000e+00  1.19004219e-01  5.00000000e+00 
 1.19104219e-01  5.00000000e+00  1.19104219e-01  5.00000000e+00 
 1.19204219e-01  5.00000000e+00  1.19204219e-01  5.00000000e+00 
 1.19304219e-01  5.00000000e+00  1.19304219e-01  5.00000000e+00 
 1.19404219e-01  5.00000000e+00  1.19404219e-01  5.00000000e+00 
 1.19504219e-01  5.00000000e+00  1.19504219e-01  5.00000000e+00 
 1.19604219e-01  5.00000000e+00  1.19604219e-01  5.00000000e+00 
 1.19704219e-01  5.00000000e+00  1.19704219e-01  5.00000000e+00 
 1.19804219e-01  5.00000000e+00  1.19804219e-01  5.00000000e+00 
 1.19904219e-01  5.00000000e+00  1.19904219e-01  5.00000000e+00 
 1.20004219e-01  5.00000000e+00  1.20004219e-01  5.00000000e+00 
 1.20104219e-01  5.00000000e+00  1.20104219e-01  5.00000000e+00 
 1.20204219e-01  5.00000000e+00  1.20204219e-01  5.00000000e+00 
 1.20304219e-01  5.00000000e+00  1.20304219e-01  5.00000000e+00 
 1.20404219e-01  5.00000000e+00  1.20404219e-01  5.00000000e+00 
 1.20504219e-01  5.00000000e+00  1.20504219e-01  5.00000000e+00 
 1.20604219e-01  5.00000000e+00  1.20604219e-01  5.00000000e+00 
 1.20704219e-01  5.00000000e+00  1.20704219e-01  5.00000000e+00 
 1.20804219e-01  5.00000000e+00  1.20804219e-01  5.00000000e+00 
 1.20904219e-01  5.00000000e+00  1.20904219e-01  5.00000000e+00 
 1.21004219e-01  5.00000000e+00  1.21004219e-01  5.00000000e+00 
 1.21104219e-01  5.00000000e+00  1.21104219e-01  5.00000000e+00 
 1.21204219e-01  5.00000000e+00  1.21204219e-01  5.00000000e+00 
 1.21304219e-01  5.00000000e+00  1.21304219e-01  5.00000000e+00 
 1.21404219e-01  5.00000000e+00  1.21404219e-01  5.00000000e+00 
 1.21504219e-01  5.00000000e+00  1.21504219e-01  5.00000000e+00 
 1.21604219e-01  5.00000000e+00  1.21604219e-01  5.00000000e+00 
 1.21704219e-01  5.00000000e+00  1.21704219e-01  5.00000000e+00 
 1.21804219e-01  5.00000000e+00  1.21804219e-01  5.00000000e+00 
 1.21904219e-01  5.00000000e+00  1.21904219e-01  5.00000000e+00 
 1.22004219e-01  5.00000000e+00  1.22004219e-01  5.00000000e+00 
 1.22104219e-01  5.00000000e+00  1.22104219e-01  5.00000000e+00 
 1.22204219e-01  5.00000000e+00  1.22204219e-01  5.00000000e+00 
 1.22304219e-01  5.00000000e+00  1.22304219e-01  5.00000000e+00 
 1.22404219e-01  5.00000000e+00  1.22404219e-01  5.00000000e+00 
 1.22504219e-01  5.00000000e+00  1.22504219e-01  5.00000000e+00 
 1.22604219e-01  5.00000000e+00  1.22604219e-01  5.00000000e+00 
 1.22704219e-01  5.00000000e+00  1.22704219e-01  5.00000000e+00 
 1.22804219e-01  5.00000000e+00  1.22804219e-01  5.00000000e+00 
 1.22904219e-01  5.00000000e+00  1.22904219e-01  5.00000000e+00 
 1.23000001e-01  5.00000000e+00  1.23000001e-01  5.00000000e+00 
 1.23010001e-01  4.93975904e+00  1.23010001e-01  0.00000000e+00 
 1.23030001e-01  4.82072870e+00  1.23030001e-01  0.00000000e+00 
 1.23070001e-01  4.59117019e+00  1.23070001e-01  0.00000000e+00 
 1.23150001e-01  4.16408459e+00  1.23150001e-01  0.00000000e+00 
 1.23250001e-01  3.68545418e+00  1.23250001e-01  0.00000000e+00 
 1.23350001e-01  3.26183875e+00  1.23350001e-01  0.00000000e+00 
 1.23450001e-01  2.88691476e+00  1.23450001e-01  0.00000000e+00 
 1.23550001e-01  2.55508548e+00  1.23550001e-01  0.00000000e+00 
 1.23650001e-01  2.26139749e+00  1.23650001e-01  0.00000000e+00 
 1.23750001e-01  2.00146674e+00  1.23750001e-01  0.00000000e+00 
 1.23850001e-01  1.77141310e+00  1.23850001e-01  0.00000000e+00 
 1.23950001e-01  1.56780240e+00  1.23950001e-01  0.00000000e+00 
 1.24050001e-01  1.38759522e+00  1.24050001e-01  0.00000000e+00 
 1.24150001e-01  1.22810152e+00  1.24150001e-01  0.00000000e+00 
 1.24250001e-01  1.08694043e+00  1.24250001e-01  0.00000000e+00 
 1.24350001e-01  9.62004744e-01  1.24350001e-01  0.00000000e+00 
 1.24450001e-01  8.51429486e-01  1.24450001e-01  0.00000000e+00 
 1.24550001e-01  7.53564028e-01  1.24550001e-01  0.00000000e+00 
 1.24650001e-01  6.66947473e-01  1.24650001e-01  0.00000000e+00 
 1.24750001e-01  5.90286844e-01  1.24750001e-01  0.00000000e+00 
 1.24850001e-01  5.22437782e-01  1.24850001e-01  0.00000000e+00 
 1.24950001e-01  4.62387462e-01  1.24950001e-01  0.00000000e+00 
 1.25050001e-01  4.09239478e-01  1.25050001e-01  0.00000000e+00 
 1.25150001e-01  3.62200457e-01  1.25150001e-01  0.00000000e+00 
 1.25250001e-01  3.20568221e-01  1.25250001e-01  0.00000000e+00 
 1.25350001e-01  2.83721299e-01  1.25350001e-01  0.00000000e+00 
 1.25450001e-01  2.51109655e-01  1.25450001e-01  0.00000000e+00 
 1.25550001e-01  2.22246477e-01  1.25550001e-01  0.00000000e+00 
 1.25650001e-01  1.96700905e-01  1.25650001e-01  0.00000000e+00 
 1.25750001e-01  1.74091605e-01  1.25750001e-01  0.00000000e+00 
 1.25850001e-01  1.54081076e-01  1.25850001e-01  0.00000000e+00 
 1.25950001e-01  1.36370607e-01  1.25950001e-01  0.00000000e+00 
 1.26050001e-01  1.20695825e-01  1.26050001e-01  0.00000000e+00 
 1.26150001e-01  1.06822742e-01  1.26150001e-01  0.00000000e+00 
 1.26250001e-01  9.45442655e-02  1.26250001e-01  0.00000000e+00 
 1.26350001e-01  8.36771086e-02  1.26350001e-01  0.00000000e+00 
 1.26450001e-01  7.40590501e-02  1.26450001e-01  0.00000000e+00 
 1.26550001e-01  6.55465156e-02  1.26550001e-01  0.00000000e+00 
 1.26650001e-01  5.80124334e-02  1.26650001e-01  0.00000000e+00 
 1.26750001e-01  5.13443376e-02  1.26750001e-01  0.00000000e+00 
 1.26850001e-01  4.54426896e-02  1.26850001e-01  0.00000000e+00 
 1.26950001e-01  4.02193919e-02  1.26950001e-01  0.00000000e+00 
 1.27050001e-01  3.55964733e-02  1.27050001e-01  0.00000000e+00 
 1.27150001e-01  3.15049247e-02  1.27150001e-01  0.00000000e+00 
 1.27250001e-01  2.78836690e-02  1.27250001e-01  0.00000000e+00 
 1.27350001e-01  2.46786495e-02  1.27350001e-01  0.00000000e+00 
 1.27450001e-01  2.18420231e-02  1.27450001e-01  0.00000000e+00 
 1.27550001e-01  1.93314458e-02  1.27550001e-01  0.00000000e+00 
 1.27650001e-01  1.71094405e-02  1.27650001e-01  0.00000000e+00 
 1.27750001e-01  1.51428382e-02  1.27750001e-01  0.00000000e+00 
 1.27850001e-01  1.34022820e-02  1.27850001e-01  0.00000000e+00 
 1.27950001e-01  1.18617899e-02  1.27950001e-01  0.00000000e+00 
 1.28050001e-01  1.04983657e-02  1.28050001e-01  0.00000000e+00 
 1.28150001e-01  9.29165703e-03  1.28150001e-01  0.00000000e+00 
 1.28250001e-01  8.22365047e-03  1.28250001e-01  0.00000000e+00 
 1.28350001e-01  7.27840329e-03  1.28350001e-01  0.00000000e+00 
 1.28450001e-01  6.44180521e-03  1.28450001e-01  0.00000000e+00 
 1.28550001e-01  5.70136783e-03  1.28550001e-01  0.00000000e+00 
 1.28650001e-01  5.04603820e-03  1.28650001e-01  0.00000000e+00 
 1.28750001e-01  4.46603381e-03  1.28750001e-01  0.00000000e+00 
 1.28850001e-01  3.95269659e-03  1.28850001e-01  0.00000000e+00 
 1.28950001e-01  3.49836365e-03  1.28950001e-01  0.00000000e+00 
 1.29050001e-01  3.09625288e-03  1.29050001e-01  0.00000000e+00 
 1.29150001e-01  2.74036175e-03  1.29150001e-01  0.00000000e+00 
 1.29250001e-01  2.42537764e-03  1.29250001e-01  0.00000000e+00 
 1.29350001e-01  2.14659860e-03  1.29350001e-01  0.00000000e+00 
 1.29450001e-01  1.89986313e-03  1.29450001e-01  0.00000000e+00 
 1.29550001e-01  1.68148806e-03  1.29550001e-01  0.00000000e+00 
 1.29650001e-01  1.48821357e-03  1.29650001e-01  0.00000000e+00 
 1.29750001e-01  1.31715454e-03  1.29750001e-01  0.00000000e+00 
 1.29850001e-01  1.16575746e-03  1.29850001e-01  0.00000000e+00 
 1.29950001e-01  1.03176235e-03  1.29950001e-01  0.00000000e+00 
 1.30050001e-01  9.13168978e-04  1.30050001e-01  0.00000000e+00 
 1.30150001e-01  8.08207027e-04  1.30150001e-01  0.00000000e+00 
 1.30250001e-01  7.15309667e-04  1.30250001e-01  0.00000000e+00 
 1.30350001e-01  6.33090165e-04  1.30350001e-01  0.00000000e+00 
 1.30450001e-01  5.60321181e-04  1.30450001e-01  0.00000000e+00 
 1.30550001e-01  4.95916447e-04  1.30550001e-01  0.00000000e+00 
 1.30650001e-01  4.38914557e-04  1.30650001e-01  0.00000000e+00 
 1.30750001e-01  3.88464608e-04  1.30750001e-01  0.00000000e+00 
 1.30850001e-01  3.43813503e-04  1.30850001e-01  0.00000000e+00 
 1.30950001e-01  3.04294710e-04  1.30950001e-01  0.00000000e+00 
 1.31050001e-01  2.69318307e-04  1.31050001e-01  0.00000000e+00 
 1.31150001e-01  2.38362179e-04  1.31150001e-01  0.00000000e+00 
 1.31250001e-01  2.10964228e-04  1.31250001e-01  0.00000000e+00 
 1.31350001e-01  1.86715466e-04  1.31350001e-01  0.00000000e+00 
 1.31450001e-01  1.65253918e-04  1.31450001e-01  0.00000000e+00 
 1.31550001e-01  1.46259215e-04  1.31550001e-01  0.00000000e+00 
 1.31650001e-01  1.29447811e-04  1.31650001e-01  0.00000000e+00 
 1.31750001e-01  1.14568752e-04  1.31750001e-01  0.00000000e+00 
 1.31850001e-01  1.01399930e-04  1.31850001e-01  0.00000000e+00 
 1.31950001e-01  8.97447657e-05  1.31950001e-01  0.00000000e+00 
 1.32050001e-01  7.94292754e-05  1.32050001e-01  0.00000000e+00 
 1.32150001e-01  7.02994736e-05  1.32150001e-01  0.00000000e+00 
 1.32250001e-01  6.22190743e-05  1.32250001e-01  0.00000000e+00 
 1.32350001e-01  5.50674566e-05  1.32350001e-01  0.00000000e+00 
 1.32450001e-01  4.87378639e-05  1.32450001e-01  0.00000000e+00 
 1.32550001e-01  4.31358106e-05  1.32550001e-01  0.00000000e+00 
 1.32650001e-01  3.81776714e-05  1.32650001e-01  0.00000000e+00 
 1.32750001e-01  3.37894333e-05  1.32750001e-01  0.00000000e+00 
 1.32850001e-01  2.99055904e-05  1.32850001e-01  0.00000000e+00 
 1.32950001e-01  2.64681662e-05  1.32950001e-01  0.00000000e+00 
 1.33050001e-01  2.34258483e-05  1.33050001e-01  0.00000000e+00 
 1.33150001e-01  2.07332220e-05  1.33150001e-01  0.00000000e+00 
 1.33250001e-01  1.83500931e-05  1.33250001e-01  0.00000000e+00 
 1.33350001e-01  1.62408870e-05  1.33350001e-01  0.00000000e+00 
 1.33450001e-01  1.43741183e-05  1.33450001e-01  0.00000000e+00 
 1.33550001e-01  1.27219208e-05  1.33550001e-01  0.00000000e+00 
 1.33650001e-01  1.12596311e-05  1.33650001e-01  0.00000000e+00 
 1.33750001e-01  9.96542062e-06  1.33750001e-01  0.00000000e+00 
 1.33850001e-01  8.81996997e-06  1.33850001e-01  0.00000000e+00 
 1.33950001e-01  7.80618032e-06  1.33950001e-01  0.00000000e+00 
 1.34050001e-01  6.90891821e-06  1.34050001e-01  0.00000000e+00 
 1.34150001e-01  6.11478968e-06  1.34150001e-01  0.00000000e+00 
 1.34250001e-01  5.41194029e-06  1.34250001e-01  0.00000000e+00 
 1.34350001e-01  4.78987819e-06  1.34350001e-01  0.00000000e+00 
 1.34450001e-01  4.23931748e-06  1.34450001e-01  0.00000000e+00 
 1.34550001e-01  3.75203961e-06  1.34550001e-01  0.00000000e+00 
 1.34650001e-01  3.32077069e-06  1.34650001e-01  0.00000000e+00 
 1.34750001e-01  2.93907291e-06  1.34750001e-01  0.00000000e+00 
 1.34850001e-01  2.60124844e-06  1.34850001e-01  0.00000000e+00 
 1.34950001e-01  2.30225436e-06  1.34950001e-01  0.00000000e+00 
 1.35050001e-01  2.03762742e-06  1.35050001e-01  0.00000000e+00 
 1.35150001e-01  1.80341738e-06  1.35150001e-01  0.00000000e+00 
 1.35250001e-01  1.59612802e-06  1.35250001e-01  0.00000000e+00 
 1.35350001e-01  1.41266503e-06  1.35350001e-01  0.00000000e+00 
 1.35450001e-01  1.25028974e-06  1.35450001e-01  0.00000000e+00 
 1.35550001e-01  1.10657828e-06  1.35550001e-01  0.00000000e+00 
 1.35650001e-01  9.79385370e-07  1.35650001e-01  0.00000000e+00 
 1.35750001e-01  8.66812339e-07  1.35750001e-01  0.00000000e+00 
 1.35850001e-01  7.67178737e-07  1.35850001e-01  0.00000000e+00 
 1.35950001e-01  6.78997273e-07  1.35950001e-01  0.00000000e+00 
 1.36050001e-01  6.00951610e-07  1.36050001e-01  0.00000000e+00 
 1.36150001e-01  5.31876712e-07  1.36150001e-01  0.00000000e+00 
 1.36250001e-01  4.70741458e-07  1.36250001e-01  0.00000000e+00 
 1.36350001e-01  4.16633244e-07  1.36350001e-01  0.00000000e+00 
 1.36450001e-01  3.68744365e-07  1.36450001e-01  0.00000000e+00 
 1.36550001e-01  3.26359956e-07  1.36550001e-01  0.00000000e+00 
 1.36650001e-01  2.88847317e-07  1.36650001e-01  0.00000000e+00 
 1.36750001e-01  2.55646476e-07  1.36750001e-01  0.00000000e+00 
 1.36850001e-01  2.26261824e-07  1.36850001e-01  0.00000000e+00 
 1.36950001e-01  2.00254717e-07  1.36950001e-01  0.00000000e+00 
 1.37050001e-01  1.77236934e-07  1.37050001e-01  0.00000000e+00 
 1.37150001e-01  1.56864872e-07  1.37150001e-01  0.00000000e+00 
 1.37250001e-01  1.38834427e-07  1.37250001e-01  0.00000000e+00 
 1.37350001e-01  1.22876447e-07  1.37350001e-01  0.00000000e+00 
 1.37450001e-01  1.08752718e-07  1.37450001e-01  0.00000000e+00 
 1.37550001e-01  9.62524053e-08  1.37550001e-01  0.00000000e+00 
 1.37650001e-01  8.51889104e-08  1.37650001e-01  0.00000000e+00 
 1.37750001e-01  7.53970816e-08  1.37750001e-01  0.00000000e+00 
 1.37850001e-01  6.67307504e-08  1.37850001e-01  0.00000000e+00 
 1.37950001e-01  5.90605492e-08  1.37950001e-01  0.00000000e+00 
 1.38050001e-01  5.22719803e-08  1.38050001e-01  0.00000000e+00 
 1.38150001e-01  4.62637067e-08  1.38150001e-01  0.00000000e+00 
 1.38250001e-01  4.09460393e-08  1.38250001e-01  0.00000000e+00 
 1.38350001e-01  3.62395980e-08  1.38350001e-01  0.00000000e+00 
 1.38450001e-01  3.20741270e-08  1.38450001e-01  0.00000000e+00 
 1.38550001e-01  2.83874457e-08  1.38550001e-01  0.00000000e+00 
 1.38650001e-01  2.51245209e-08  1.38650001e-01  0.00000000e+00 
 1.38750001e-01  2.22366449e-08  1.38750001e-01  0.00000000e+00 
 1.38850001e-01  1.96807087e-08  1.38850001e-01  0.00000000e+00 
 1.38950001e-01  1.74185583e-08  1.38950001e-01  0.00000000e+00 
 1.39050001e-01  1.54164252e-08  1.39050001e-01  0.00000000e+00 
 1.39150001e-01  1.36444223e-08  1.39150001e-01  0.00000000e+00 
 1.39250001e-01  1.20760979e-08  1.39250001e-01  0.00000000e+00 
 1.39350001e-01  1.06880407e-08  1.39350001e-01  0.00000000e+00 
 1.39450001e-01  9.45953023e-09  1.39450001e-01  0.00000000e+00 
 1.39550001e-01  8.37222791e-09  1.39550001e-01  0.00000000e+00 
 1.39650001e-01  7.40990286e-09  1.39650001e-01  0.00000000e+00 
 1.39750001e-01  6.55818989e-09  1.39750001e-01  0.00000000e+00 
 1.39850001e-01  5.80437496e-09  1.39850001e-01  0.00000000e+00 
 1.39950001e-01  5.13720542e-09  1.39950001e-01  0.00000000e+00 
 1.40050001e-01  4.54672204e-09  1.40050001e-01  0.00000000e+00 
 1.40150001e-01  4.02411031e-09  1.40150001e-01  0.00000000e+00 
 1.40250001e-01  3.56156890e-09  1.40250001e-01  0.00000000e+00 
 1.40350001e-01  3.15219316e-09  1.40350001e-01  0.00000000e+00 
 1.40450001e-01  2.78987211e-09  1.40450001e-01  0.00000000e+00 
 1.40550001e-01  2.46919715e-09  1.40550001e-01  0.00000000e+00 
 1.40650001e-01  2.18538139e-09  1.40650001e-01  0.00000000e+00 
 1.40750001e-01  1.93418813e-09  1.40750001e-01  0.00000000e+00 
 1.40850001e-01  1.71186765e-09  1.40850001e-01  0.00000000e+00 
 1.40950001e-01  1.51510125e-09  1.40950001e-01  0.00000000e+00 
 1.41050001e-01  1.34095169e-09  1.41050001e-01  0.00000000e+00 
 1.41150001e-01  1.18681931e-09  1.41150001e-01  0.00000000e+00 
 1.41250001e-01  1.05040330e-09  1.41250001e-01  0.00000000e+00 
 1.41350001e-01  9.29667284e-10  1.41350001e-01  0.00000000e+00 
 1.41450001e-01  8.22808976e-10  1.41450001e-01  0.00000000e+00 
 1.41550001e-01  7.28233231e-10  1.41550001e-01  0.00000000e+00 
 1.41650001e-01  6.44528262e-10  1.41650001e-01  0.00000000e+00 
 1.41750001e-01  5.70444554e-10  1.41750001e-01  0.00000000e+00 
 1.41850001e-01  5.04876214e-10  1.41850001e-01  0.00000000e+00 
 1.41950001e-01  4.46844466e-10  1.41950001e-01  0.00000000e+00 
 1.42050001e-01  3.95483033e-10  1.42050001e-01  0.00000000e+00 
 1.42150001e-01  3.50025213e-10  1.42150001e-01  0.00000000e+00 
 1.42250001e-01  3.09792430e-10  1.42250001e-01  0.00000000e+00 
 1.42350001e-01  2.74184105e-10  1.42350001e-01  0.00000000e+00 
 1.42450001e-01  2.42668690e-10  1.42450001e-01  0.00000000e+00 
 1.42550001e-01  2.14775737e-10  1.42550001e-01  0.00000000e+00 
 1.42650001e-01  1.90088871e-10  1.42650001e-01  0.00000000e+00 
 1.42750001e-01  1.68239575e-10  1.42750001e-01  0.00000000e+00 
 1.42850001e-01  1.48901693e-10  1.42850001e-01  0.00000000e+00 
 1.42950001e-01  1.31786556e-10  1.42950001e-01  0.00000000e+00 
 1.43050001e-01  1.16638676e-10  1.43050001e-01  0.00000000e+00 
 1.43150001e-01  1.03231932e-10  1.43150001e-01  0.00000000e+00 
 1.43250001e-01  9.13661924e-11  1.43250001e-01  0.00000000e+00 
 1.43350001e-01  8.08643312e-11  1.43350001e-01  0.00000000e+00 
 1.43450001e-01  7.15695805e-11  1.43450001e-01  0.00000000e+00 
 1.43550001e-01  6.33431919e-11  1.43550001e-01  0.00000000e+00 
 1.43650001e-01  5.60623653e-11  1.43650001e-01  0.00000000e+00 
 1.43750001e-01  4.96184152e-11  1.43750001e-01  0.00000000e+00 
 1.43850001e-01  4.39151491e-11  1.43850001e-01  0.00000000e+00 
 1.43950001e-01  3.88674308e-11  1.43950001e-01  0.00000000e+00 
 1.44050001e-01  3.43999101e-11  1.44050001e-01  0.00000000e+00 
 1.44150001e-01  3.04458974e-11  1.44150001e-01  0.00000000e+00 
 1.44250001e-01  2.69463690e-11  1.44250001e-01  0.00000000e+00 
 1.44350001e-01  2.38490852e-11  1.44350001e-01  0.00000000e+00 
 1.44450001e-01  2.11078110e-11  1.44450001e-01  0.00000000e+00 
 1.44550001e-01  1.86816258e-11  1.44550001e-01  0.00000000e+00 
 1.44650001e-01  1.65343125e-11  1.44650001e-01  0.00000000e+00 
 1.44750001e-01  1.46338168e-11  1.44750001e-01  0.00000000e+00 
 1.44850001e-01  1.29517689e-11  1.44850001e-01  0.00000000e+00 
 1.44950001e-01  1.14630599e-11  1.44950001e-01  0.00000000e+00 
 1.45050001e-01  1.01454668e-11  1.45050001e-01  0.00000000e+00 
 1.45150001e-01  8.97932116e-12  1.45150001e-01  0.00000000e+00 
 1.45250001e-01  7.94721528e-12  1.45250001e-01  0.00000000e+00 
 1.45350001e-01  7.03374226e-12  1.45350001e-01  0.00000000e+00 
 1.45450001e-01  6.22526614e-12  1.45450001e-01  0.00000000e+00 
 1.45550001e-01  5.50971831e-12  1.45550001e-01  0.00000000e+00 
 1.45650001e-01  4.87641735e-12  1.45650001e-01  0.00000000e+00 
 1.45750001e-01  4.31590961e-12  1.45750001e-01  0.00000000e+00 
 1.45850001e-01  3.81982804e-12  1.45850001e-01  0.00000000e+00 
 1.45950001e-01  3.38076735e-12  1.45950001e-01  0.00000000e+00 
 1.46050001e-01  2.99217340e-12  1.46050001e-01  0.00000000e+00 
 1.46150001e-01  2.64824542e-12  1.46150001e-01  0.00000000e+00 
 1.46250001e-01  2.34384940e-12  1.46250001e-01  0.00000000e+00 
 1.46350001e-01  2.07444142e-12  1.46350001e-01  0.00000000e+00 
 1.46450001e-01  1.83599988e-12  1.46450001e-01  0.00000000e+00 
 1.46550001e-01  1.62496541e-12  1.46550001e-01  0.00000000e+00 
 1.46650001e-01  1.43818778e-12  1.46650001e-01  0.00000000e+00 
 1.46750001e-01  1.27287884e-12  1.46750001e-01  0.00000000e+00 
 1.46850001e-01  1.12657092e-12  1.46850001e-01  0.00000000e+00 
 1.46950001e-01  9.97080014e-13  1.46950001e-01  0.00000000e+00 
 1.47050001e-01  8.82473116e-13  1.47050001e-01  0.00000000e+00 
 1.47150001e-01  7.81039424e-13  1.47150001e-01  0.00000000e+00 
 1.47250001e-01  6.91264778e-13  1.47250001e-01  0.00000000e+00 
 1.47350001e-01  6.11809056e-13  1.47350001e-01  0.00000000e+00 
 1.47450001e-01  5.41486176e-13  1.47450001e-01  0.00000000e+00 
 1.47550001e-01  4.79246386e-13  1.47550001e-01  0.00000000e+00 
 1.47650001e-01  4.24160594e-13  1.47650001e-01  0.00000000e+00 
 1.47750001e-01  3.75406503e-13  1.47750001e-01  0.00000000e+00 
 1.47850001e-01  3.32256330e-13  1.47850001e-01  0.00000000e+00 
 1.47950001e-01  2.94065947e-13  1.47950001e-01  0.00000000e+00 
 1.48050001e-01  2.60265264e-13  1.48050001e-01  0.00000000e+00 
 1.48150001e-01  2.30349716e-13  1.48150001e-01  0.00000000e+00 
 1.48250001e-01  2.03872737e-13  1.48250001e-01  0.00000000e+00 
 1.48350001e-01  1.80439089e-13  1.48350001e-01  0.00000000e+00 
 1.48450001e-01  1.59698964e-13  1.48450001e-01  0.00000000e+00 
 1.48550001e-01  1.41342761e-13  1.48550001e-01  0.00000000e+00 
 1.48650001e-01  1.25096467e-13  1.48650001e-01  0.00000000e+00 
 1.48750001e-01  1.10717563e-13  1.48750001e-01  0.00000000e+00 
 1.48850001e-01  9.79914061e-14  1.48850001e-01  0.00000000e+00 
 1.48950001e-01  8.67280261e-14  1.48950001e-01  0.00000000e+00 
 1.49050001e-01  7.67592875e-14  1.49050001e-01  0.00000000e+00 
 1.49150001e-01  6.79363809e-14  1.49150001e-01  0.00000000e+00 
 1.49250001e-01  6.01276015e-14  1.49250001e-01  0.00000000e+00 
 1.49350001e-01  5.32163829e-14  1.49350001e-01  0.00000000e+00 
 1.49450001e-01  4.70995573e-14  1.49450001e-01  0.00000000e+00 
 1.49550001e-01  4.16858151e-14  1.49550001e-01  0.00000000e+00 
 1.49650001e-01  3.68943421e-14  1.49650001e-01  0.00000000e+00 
 1.49750001e-01  3.26536131e-14  1.49750001e-01  0.00000000e+00 
 1.49850001e-01  2.89003242e-14  1.49850001e-01  0.00000000e+00 
 1.49950001e-01  2.55784479e-14  1.49950001e-01  0.00000000e+00 
 1.50050001e-01  2.26383964e-14  1.50050001e-01  0.00000000e+00 
 1.50150001e-01  2.00362819e-14  1.50150001e-01  0.00000000e+00 
 1.50250001e-01  1.77332610e-14  1.50250001e-01  0.00000000e+00 
 1.50350001e-01  1.56949551e-14  1.50350001e-01  0.00000000e+00 
 1.50450001e-01  1.38909373e-14  1.50450001e-01  0.00000000e+00 
 1.50550001e-01  1.22942778e-14  1.50550001e-01  0.00000000e+00 
 1.50650001e-01  1.08811424e-14  1.50650001e-01  0.00000000e+00 
 1.50750001e-01  9.63043641e-15  1.50750001e-01  0.00000000e+00 
 1.50850001e-01  8.52348970e-15  1.50850001e-01  0.00000000e+00 
 1.50950001e-01  7.54377824e-15  1.50950001e-01  0.00000000e+00 
 1.51050001e-01  6.67667729e-15  1.51050001e-01  0.00000000e+00 
 1.51150001e-01  5.90924312e-15  1.51150001e-01  0.00000000e+00 
 1.51250001e-01  5.23001977e-15  1.51250001e-01  0.00000000e+00 
 1.51350001e-01  4.62886808e-15  1.51350001e-01  0.00000000e+00 
 1.51450001e-01  4.09681427e-15  1.51450001e-01  0.00000000e+00 
 1.51550001e-01  3.62591608e-15  1.51550001e-01  0.00000000e+00 
 1.51650001e-01  3.20914412e-15  1.51650001e-01  0.00000000e+00 
 1.51750001e-01  2.84027698e-15  1.51750001e-01  0.00000000e+00 
 1.51850001e-01  2.51380836e-15  1.51850001e-01  0.00000000e+00 
 1.51950001e-01  2.22486487e-15  1.51950001e-01  0.00000000e+00 
 1.52050001e-01  1.96913328e-15  1.52050001e-01  0.00000000e+00 
 1.52150001e-01  1.74279612e-15  1.52150001e-01  0.00000000e+00 
 1.52250001e-01  1.54247472e-15  1.52250001e-01  0.00000000e+00 
 1.52350001e-01  1.36517878e-15  1.52350001e-01  0.00000000e+00 
 1.52450001e-01  1.20826168e-15  1.52450001e-01  0.00000000e+00 
 1.52550001e-01  1.06938103e-15  1.52550001e-01  0.00000000e+00 
 1.52650001e-01  9.46463666e-16  1.52650001e-01  0.00000000e+00 
 1.52750001e-01  8.37674739e-16  1.52750001e-01  0.00000000e+00 
 1.52850001e-01  7.41390287e-16  1.52850001e-01  0.00000000e+00 
 1.52950001e-01  6.56173012e-16  1.52950001e-01  0.00000000e+00 
 1.53050001e-01  5.80750827e-16  1.53050001e-01  0.00000000e+00 
 1.53150001e-01  5.13997858e-16  1.53150001e-01  0.00000000e+00 
 1.53250001e-01  4.54917645e-16  1.53250001e-01  0.00000000e+00 
 1.53350001e-01  4.02628260e-16  1.53350001e-01  0.00000000e+00 
 1.53450001e-01  3.56349150e-16  1.53450001e-01  0.00000000e+00 
 1.53550001e-01  3.15389477e-16  1.53550001e-01  0.00000000e+00 
 1.53650001e-01  2.79137813e-16  1.53650001e-01  0.00000000e+00 
 1.53750001e-01  2.47053007e-16  1.53750001e-01  0.00000000e+00 
 1.53850001e-01  2.18656110e-16  1.53850001e-01  0.00000000e+00 
 1.53950001e-01  1.93523224e-16  1.53950001e-01  0.00000000e+00 
 1.54050001e-01  1.71279175e-16  1.54050001e-01  0.00000000e+00 
 1.54150001e-01  1.51591913e-16  1.54150001e-01  0.00000000e+00 
 1.54250001e-01  1.34167556e-16  1.54250001e-01  0.00000000e+00 
 1.54350001e-01  1.18745997e-16  1.54350001e-01  0.00000000e+00 
 1.54450001e-01  1.05097032e-16  1.54450001e-01  0.00000000e+00 
 1.54550001e-01  9.30169136e-17  1.54550001e-01  0.00000000e+00 
 1.54650001e-01  8.23253143e-17  1.54650001e-01  0.00000000e+00 
 1.54750001e-01  7.28626345e-17  1.54750001e-01  0.00000000e+00 
 1.54850001e-01  6.44876191e-17  1.54850001e-01  0.00000000e+00 
 1.54950001e-01  5.70752491e-17  1.54950001e-01  0.00000000e+00 
 1.55050001e-01  5.05148756e-17  1.55050001e-01  0.00000000e+00 
 1.55150001e-01  4.47085681e-17  1.55150001e-01  0.00000000e+00 
 1.55250001e-01  3.95696522e-17  1.55250001e-01  0.00000000e+00 
 1.55350001e-01  3.50214163e-17  1.55350001e-01  0.00000000e+00 
 1.55450001e-01  3.09959662e-17  1.55450001e-01  0.00000000e+00 
 1.55550001e-01  2.74332114e-17  1.55550001e-01  0.00000000e+00 
 1.55650001e-01  2.42799687e-17  1.55650001e-01  0.00000000e+00 
 1.55750001e-01  2.14891677e-17  1.55750001e-01  0.00000000e+00 
 1.55850001e-01  1.90191485e-17  1.55850001e-01  0.00000000e+00 
 1.55950001e-01  1.68330394e-17  1.55950001e-01  0.00000000e+00 
 1.56050001e-01  1.48982073e-17  1.56050001e-01  0.00000000e+00 
 1.56150001e-01  1.31857697e-17  1.56150001e-01  0.00000000e+00 
 1.56250001e-01  1.16701640e-17  1.56250001e-01  0.00000000e+00 
 1.56350001e-01  1.03287658e-17  1.56350001e-01  0.00000000e+00 
 1.56450001e-01  9.14155136e-18  1.56450001e-01  0.00000000e+00 
 1.56550001e-01  8.09079833e-18  1.56550001e-01  0.00000000e+00 
 1.56650001e-01  7.16082151e-18  1.56650001e-01  0.00000000e+00 
 1.56750001e-01  6.33773858e-18  1.56750001e-01  0.00000000e+00 
 1.56850001e-01  5.60926288e-18  1.56850001e-01  0.00000000e+00 
 1.56950001e-01  4.96452002e-18  1.56950001e-01  0.00000000e+00 
 1.57050001e-01  4.39388554e-18  1.57050001e-01  0.00000000e+00 
 1.57150001e-01  3.88884122e-18  1.57150001e-01  0.00000000e+00 
 1.57250001e-01  3.44184798e-18  1.57250001e-01  0.00000000e+00 
 1.57350001e-01  3.04623327e-18  1.57350001e-01  0.00000000e+00 
 1.57450001e-01  2.69609151e-18  1.57450001e-01  0.00000000e+00 
 1.57550001e-01  2.38619594e-18  1.57550001e-01  0.00000000e+00 
 1.57650001e-01  2.11192054e-18  1.57650001e-01  0.00000000e+00 
 1.57750001e-01  1.86917105e-18  1.57750001e-01  0.00000000e+00 
 1.57850001e-01  1.65432381e-18  1.57850001e-01  0.00000000e+00 
 1.57950001e-01  1.46417164e-18  1.57950001e-01  0.00000000e+00 
 1.58050001e-01  1.29587605e-18  1.58050001e-01  0.00000000e+00 
 1.58150001e-01  1.14692478e-18  1.58150001e-01  0.00000000e+00 
 1.58250001e-01  1.01509435e-18  1.58250001e-01  0.00000000e+00 
 1.58350001e-01  8.98416837e-19  1.58350001e-01  0.00000000e+00 
 1.58450001e-01  7.95150534e-19  1.58450001e-01  0.00000000e+00 
 1.58550001e-01  7.03753921e-19  1.58550001e-01  0.00000000e+00 
 1.58650001e-01  6.22862665e-19  1.58650001e-01  0.00000000e+00 
 1.58750001e-01  5.51269256e-19  1.58750001e-01  0.00000000e+00 
 1.58850001e-01  4.87904973e-19  1.58850001e-01  0.00000000e+00 
 1.58950001e-01  4.31823942e-19  1.58950001e-01  0.00000000e+00 
 1.59050001e-01  3.82189006e-19  1.59050001e-01  0.00000000e+00 
 1.59150001e-01  3.38259235e-19  1.59150001e-01  0.00000000e+00 
 1.59250001e-01  2.99378863e-19  1.59250001e-01  0.00000000e+00 
 1.59350001e-01  2.64967500e-19  1.59350001e-01  0.00000000e+00 
 1.59450001e-01  2.34511465e-19  1.59450001e-01  0.00000000e+00 
 1.59550001e-01  2.07556124e-19  1.59550001e-01  0.00000000e+00 
 1.59650001e-01  1.83699099e-19  1.59650001e-01  0.00000000e+00 
 1.59750001e-01  1.62584260e-19  1.59750001e-01  0.00000000e+00 
 1.59850001e-01  1.43896414e-19  1.59850001e-01  0.00000000e+00 
 1.59950001e-01  1.27356596e-19  1.59950001e-01  0.00000000e+00 
 1.60050001e-01  1.12717907e-19  1.60050001e-01  0.00000000e+00 
 1.60150001e-01  9.97618256e-20  1.60150001e-01  0.00000000e+00 
 1.60250001e-01  8.82949491e-20  1.60250001e-01  0.00000000e+00 
 1.60350001e-01  7.81461044e-20  1.60350001e-01  0.00000000e+00 
 1.60450001e-01  6.91637936e-20  1.60450001e-01  0.00000000e+00 
 1.60550001e-01  6.12139322e-20  1.60550001e-01  0.00000000e+00 
 1.60650001e-01  5.41778481e-20  1.60650001e-01  0.00000000e+00 
 1.60750001e-01  4.79505092e-20  1.60750001e-01  0.00000000e+00 
 1.60850001e-01  4.24389564e-20  1.60850001e-01  0.00000000e+00 
 1.60950001e-01  3.75609155e-20  1.60950001e-01  0.00000000e+00 
 1.61050001e-01  3.32435689e-20  1.61050001e-01  0.00000000e+00 
 1.61150001e-01  2.94224690e-20  1.61150001e-01  0.00000000e+00 
 1.61250001e-01  2.60405760e-20  1.61250001e-01  0.00000000e+00 
 1.61350001e-01  2.30474063e-20  1.61350001e-01  0.00000000e+00 
 1.61450001e-01  2.03982792e-20  1.61450001e-01  0.00000000e+00 
 1.61550001e-01  1.80536494e-20  1.61550001e-01  0.00000000e+00 
 1.61650001e-01  1.59785173e-20  1.61650001e-01  0.00000000e+00 
 1.61750001e-01  1.41419061e-20  1.61750001e-01  0.00000000e+00 
 1.61850001e-01  1.25163996e-20  1.61850001e-01  0.00000000e+00 
 1.61950001e-01  1.10777330e-20  1.61950001e-01  0.00000000e+00 
 1.62050001e-01  9.80443037e-21  1.62050001e-01  0.00000000e+00 
 1.62150001e-01  8.67748435e-21  1.62150001e-01  0.00000000e+00 
 1.62250001e-01  7.68007236e-21  1.62250001e-01  0.00000000e+00 
 1.62350001e-01  6.79730542e-21  1.62350001e-01  0.00000000e+00 
 1.62450001e-01  6.01600595e-21  1.62450001e-01  0.00000000e+00 
 1.62550001e-01  5.32451101e-21  1.62550001e-01  0.00000000e+00 
 1.62650001e-01  4.71249825e-21  1.62650001e-01  0.00000000e+00 
 1.62750001e-01  4.17083179e-21  1.62750001e-01  0.00000000e+00 
 1.62850001e-01  3.69142583e-21  1.62850001e-01  0.00000000e+00 
 1.62950001e-01  3.26712401e-21  1.62950001e-01  0.00000000e+00 
 1.63050001e-01  2.89159252e-21  1.63050001e-01  0.00000000e+00 
 1.63150001e-01  2.55922556e-21  1.63150001e-01  0.00000000e+00 
 1.63250001e-01  2.26506170e-21  1.63250001e-01  0.00000000e+00 
 1.63350001e-01  2.00470978e-21  1.63350001e-01  0.00000000e+00 
 1.63450001e-01  1.77428337e-21  1.63450001e-01  0.00000000e+00 
 1.63550001e-01  1.57034275e-21  1.63550001e-01  0.00000000e+00 
 1.63650001e-01  1.38984359e-21  1.63650001e-01  0.00000000e+00 
 1.63750001e-01  1.23009145e-21  1.63750001e-01  0.00000000e+00 
 1.63850001e-01  1.08870163e-21  1.63850001e-01  0.00000000e+00 
 1.63950001e-01  9.63563511e-22  1.63950001e-01  0.00000000e+00 
 1.64000000e-01  9.06549025e-22  1.64000000e-01  0.00000000e+00 
 1.64000000e-01  6.09756073e-08  1.64000000e-01  5.00000041e-01 
 1.64000000e-01  3.04878005e-07  1.64000000e-01  1.49999999e+00 
 1.64000001e-01  1.52438975e-06  1.64000001e-01  3.50000001e+00 
 1.64000001e-01  3.07926695e-06  1.64000001e-01  5.00000000e+00 
 1.64000001e-01  3.38228557e-06  1.64000001e-01  5.00000000e+00 
 1.64000001e-01  3.98832277e-06  1.64000001e-01  5.00000000e+00 
 1.64000001e-01  5.20039696e-06  1.64000001e-01  5.00000000e+00 
 1.64000002e-01  7.62454446e-06  1.64000002e-01  5.00000000e+00 
 1.64000003e-01  1.24728359e-05  1.64000003e-01  5.00000000e+00 
 1.64000004e-01  2.21694048e-05  1.64000004e-01  5.00000000e+00 
 1.64000007e-01  4.15624860e-05  1.64000007e-01  5.00000000e+00 
 1.64000014e-01  8.03484229e-05  1.64000014e-01  5.00000000e+00 
 1.64000026e-01  1.57919394e-04  1.64000026e-01  5.00000000e+00 
 1.64000052e-01  3.13057726e-04  1.64000052e-01  5.00000000e+00 
 1.64000103e-01  6.23319948e-04  1.64000103e-01  5.00000000e+00 
 1.64000205e-01  1.24378663e-03  1.64000205e-01  5.00000000e+00 
 1.64000408e-01  2.48448900e-03  1.64000408e-01  5.00000000e+00 
 1.64000815e-01  4.96497002e-03  1.64000815e-01  5.00000000e+00 
 1.64001629e-01  9.92223947e-03  1.64001629e-01  5.00000000e+00 
 1.64003258e-01  1.98220263e-02  1.64003258e-01  5.00000000e+00 
 1.64006515e-01  3.95627380e-02  1.64006515e-01  5.00000000e+00 
 1.64013028e-01  7.88098777e-02  1.64013028e-01  5.00000000e+00 
 1.64026055e-01  1.56376254e-01  1.64026055e-01  5.00000000e+00 
 1.64052110e-01  3.07869949e-01  1.64052110e-01  5.00000000e+00 
 1.64104219e-01  5.96861439e-01  1.64104219e-01  5.00000000e+00 
 1.64204219e-01  1.10296932e+00  1.64204219e-01  5.00000000e+00 
 1.64304219e-01  1.55090388e+00  1.64304219e-01  5.00000000e+00 
 1.64404219e-01  1.94735171e+00  1.64404219e-01  5.00000000e+00 
 1.64504219e-01  2.29823082e+00  1.64504219e-01  5.00000000e+00 
 1.64604219e-01  2.60877901e+00  1.64604219e-01  5.00000000e+00 
 1.64704219e-01  2.88363199e+00  1.64704219e-01  5.00000000e+00 
 1.64804219e-01  3.12689268e+00  1.64804219e-01  5.00000000e+00 
 1.64904219e-01  3.34219237e+00  1.64904219e-01  5.00000000e+00 
 1.65000000e-01  3.52514899e+00  1.65000000e-01  5.00000000e+00 
