 0.00000000e+00  0.00000000e+00  0.00000000e+00  0.00000000e+00 
 1.00000000e-11  6.09756090e-10  1.00000000e-11  5.00000000e-02 
 1.45920001e-11  1.01833210e-09  1.45920001e-11  7.29600006e-02 
 2.37760003e-11  2.09263612e-09  2.37760003e-11  1.18880002e-01 
 4.21440008e-11  5.78415618e-09  4.21440008e-11  2.10720004e-01 
 7.88800017e-11  1.93388442e-08  7.88800017e-11  3.94400008e-01 
 1.52352003e-10  7.11348106e-08  1.52352003e-10  7.61760017e-01 
 2.99296007e-10  2.73473093e-07  2.99296007e-10  1.49648004e+00 
 5.93184014e-10  1.07313497e-06  5.93184014e-10  2.96592007e+00 
 1.00000000e-09  3.04914835e-06  1.00000000e-09  5.00000000e+00 
 1.05877760e-09  3.40754812e-06  1.05877760e-09  5.00000000e+00 
 1.17633280e-09  4.12434760e-06  1.17633280e-09  5.00000000e+00 
 1.41144321e-09  5.55794624e-06  1.41144321e-09  5.00000000e+00 
 1.88166402e-09  8.42514230e-06  1.88166402e-09  5.00000000e+00 
 2.82210564e-09  1.41595295e-05  2.82210564e-09  5.00000000e+00 
 4.70298889e-09  2.56282841e-05  4.70298889e-09  5.00000000e+00 
 8.46475538e-09  4.85657145e-05  8.46475538e-09  5.00000000e+00 
 1.59882884e-08  9.44402596e-05  1.59882884e-08  5.00000000e+00 
 3.10353543e-08  1.86188087e-04  3.10353543e-08  5.00000000e+00 
 6.11294863e-08  3.69678691e-04  6.11294863e-08  5.00000000e+00 
 1.21317750e-07  7.36639698e-04  1.21317750e-07  5.00000000e+00 
 2.41694278e-07  1.47048091e-03  2.41694278e-07  5.00000000e+00 
 4.82447333e-07  2.93784020e-03  4.82447333e-07  5.00000000e+00 
 9.63953444e-07  5.87126671e-03  9.63953444e-07  5.00000000e+00 
 1.92696567e-06  1.17329552e-02  1.92696567e-06  5.00000000e+00 
 3.85299011e-06  2.34357044e-02  3.85299011e-06  5.00000000e+00 
 7.70503900e-06  4.67589335e-02  7.70503900e-06  5.00000000e+00 
 1.54091368e-05  9.30782375e-02  1.54091368e-05  5.00000000e+00 
 3.08173323e-05  1.84423454e-01  3.08173323e-05  5.00000000e+00 
 6.16337234e-05  3.62059598e-01  6.16337234e-05  5.00000000e+00 
 1.23266506e-04  6.98030053e-01  1.23266506e-04  5.00000000e+00 
 2.46532070e-04  1.29951036e+00  2.46532070e-04  5.00000000e+00 
 4.46532070e-04  2.10396463e+00  4.46532070e-04  5.00000000e+00 
 6.46532070e-04  2.73353753e+00  6.46532070e-04  5.00000000e+00 
 8.46532070e-04  3.22624677e+00  8.46532070e-04  5.00000000e+00 
 1.04653207e-03  3.61184530e+00  1.04653207e-03  5.00000000e+00 
 1.24653207e-03  3.91361806e+00  1.24653207e-03  5.00000000e+00 
 1.44653207e-03  4.14978804e+00  1.44653207e-03  5.00000000e+00 
 1.64653207e-03  4.33461673e+00  1.64653207e-03  5.00000000e+00 
 1.84653207e-03  4.47926527e+00  1.84653207e-03  5.00000000e+00 
 2.04653207e-03  4.59246847e+00  2.04653207e-03  5.00000000e+00 
 2.24653207e-03  4.68106228e+00  2.24653207e-03  5.00000000e+00 
 2.44653207e-03  4.75039657e+00  2.44653207e-03  5.00000000e+00 
 2.64653207e-03  4.80465818e+00  2.64653207e-03  5.00000000e+00 
 2.84653207e-03  4.84712380e+00  2.84653207e-03  5.00000000e+00 
 3.04653207e-03  4.88035775e+00  3.04653207e-03  5.00000000e+00 
 3.24653207e-03  4.90636694e+00  3.24653207e-03  5.00000000e+00 
 3.44653207e-03  4.92672195e+00  3.44653207e-03  5.00000000e+00 
 3.64653207e-03  4.94265196e+00  3.64653207e-03  5.00000000e+00 
 3.84653207e-03  4.95511893e+00  3.84653207e-03  5.00000000e+00 
 4.04653207e-03  4.96487568e+00  4.04653207e-03  5.00000000e+00 
 4.24653207e-03  4.97251140e+00  4.24653207e-03  5.00000000e+00 
 4.44653207e-03  4.97848718e+00  4.44653207e-03  5.00000000e+00 
 4.64653207e-03  4.98316388e+00  4.64653207e-03  5.00000000e+00 
 4.84653207e-03  4.98682391e+00  4.84653207e-03  5.00000000e+00 
 5.04653207e-03  4.98968828e+00  5.04653207e-03  5.00000000e+00 
 5.24653207e-03  4.99192996e+00  5.24653207e-03  5.00000000e+00 
 5.44653207e-03  4.99368431e+00  5.44653207e-03  5.00000000e+00 
 5.64653207e-03  4.99505729e+00  5.64653207e-03  5.00000000e+00 
 5.84653207e-03  4.99613179e+00  5.84653207e-03  5.00000000e+00 
 6.04653207e-03  4.99697271e+00  6.04653207e-03  5.00000000e+00 
 6.24653207e-03  4.99763081e+00  6.24653207e-03  5.00000000e+00 
 6.44653207e-03  4.99814585e+00  6.44653207e-03  5.00000000e+00 
 6.64653207e-03  4.99854893e+00  6.64653207e-03  5.00000000e+00 
 6.84653207e-03  4.99886438e+00  6.84653207e-03  5.00000000e+00 
 7.04653207e-03  4.99911125e+00  7.04653207e-03  5.00000000e+00 
 7.24653207e-03  4.99930446e+00  7.24653207e-03  5.00000000e+00 
 7.44653207e-03  4.99945566e+00  7.44653207e-03  5.00000000e+00 
 7.64653207e-03  4.99957400e+00  7.64653207e-03  5.00000000e+00 
 7.84653207e-03  4.99966661e+00  7.84653207e-03  5.00000000e+00 
 8.04653207e-03  4.99973908e+00  8.04653207e-03  5.00000000e+00 
 8.24653207e-03  4.99979580e+00  8.24653207e-03  5.00000000e+00 
 8.44653207e-03  4.99984019e+00  8.44653207e-03  5.00000000e+00 
 8.64653207e-03  4.99987494e+00  8.64653207e-03  5.00000000e+00 
 8.84653207e-03  4.99990212e+00  8.84653207e-03  5.00000000e+00 
 9.04653207e-03  4.99992340e+00  9.04653207e-03  5.00000000e+00 
 9.24653207e-03  4.99994005e+00  9.24653207e-03  5.00000000e+00 
 9.44653207e-03  4.99995308e+00  9.44653207e-03  5.00000000e+00 
 9.64653207e-03  4.99996328e+00  9.64653207e-03  5.00000000e+00 
 9.84653207e-03  4.99997127e+00  9.84653207e-03  5.00000000e+00 
 1.00465321e-02  4.99997751e+00  1.00465321e-02  5.00000000e+00 
 1.02465321e-02  4.99998240e+00  1.02465321e-02  5.00000000e+00 
 1.04465321e-02  4.99998623e+00  1.04465321e-02  5.00000000e+00 
 1.06465321e-02  4.99998922e+00  1.06465321e-02  5.00000000e+00 
 1.08465321e-02  4.99999156e+00  1.08465321e-02  5.00000000e+00 
 1.10465321e-02  4.99999340e+00  1.10465321e-02  5.00000000e+00 
 1.12465321e-02  4.99999483e+00  1.12465321e-02  5.00000000e+00 
 1.14465321e-02  4.99999596e+00  1.14465321e-02  5.00000000e+00 
 1.16465321e-02  4.99999684e+00  1.16465321e-02  5.00000000e+00 
 1.18465321e-02  4.99999752e+00  1.18465321e-02  5.00000000e+00 
 1.20465321e-02  4.99999806e+00  1.20465321e-02  5.00000000e+00 
 1.22465321e-02  4.99999848e+00  1.22465321e-02  5.00000000e+00 
 1.24465321e-02  4.99999881e+00  1.24465321e-02  5.00000000e+00 
 1.26465321e-02  4.99999907e+00  1.26465321e-02  5.00000000e+00 
 1.28465321e-02  4.99999927e+00  1.28465321e-02  5.00000000e+00 
 1.30465321e-02  4.99999943e+00  1.30465321e-02  5.00000000e+00 
 1.32465321e-02  4.99999955e+00  1.32465321e-02  5.00000000e+00 
 1.34465321e-02  4.99999965e+00  1.34465321e-02  5.00000000e+00 
 1.36465321e-02  4.99999973e+00  1.36465321e-02  5.00000000e+00 
 1.38465321e-02  4.99999979e+00  1.38465321e-02  5.00000000e+00 
 1.40465321e-02  4.99999983e+00  1.40465321e-02  5.00000000e+00 
 1.42465321e-02  4.99999987e+00  1.42465321e-02  5.00000000e+00 
 1.44465321e-02  4.99999990e+00  1.44465321e-02  5.00000000e+00 
 1.46465321e-02  4.99999992e+00  1.46465321e-02  5.00000000e+00 
 1.48465321e-02  4.99999994e+00  1.48465321e-02  5.00000000e+00 
 1.50465321e-02  4.99999995e+00  1.50465321e-02  5.00000000e+00 
 1.52465321e-02  4.99999996e+00  1.52465321e-02  5.00000000e+00 
 1.54465321e-02  4.99999997e+00  1.54465321e-02  5.00000000e+00 
 1.56465321e-02  4.99999998e+00  1.56465321e-02  5.00000000e+00 
 1.58465321e-02  4.99999998e+00  1.58465321e-02  5.00000000e+00 
 1.60465321e-02  4.99999999e+00  1.60465321e-02  5.00000000e+00 
 1.62465321e-02  4.99999999e+00  1.62465321e-02  5.00000000e+00 
 1.64465321e-02  4.99999999e+00  1.64465321e-02  5.00000000e+00 
 1.66465321e-02  4.99999999e+00  1.66465321e-02  5.00000000e+00 
 1.68465321e-02  4.99999999e+00  1.68465321e-02  5.00000000e+00 
 1.70465321e-02  5.00000000e+00  1.70465321e-02  5.00000000e+00 
 1.72465321e-02  5.00000000e+00  1.72465321e-02  5.00000000e+00 
 1.74465321e-02  5.00000000e+00  1.74465321e-02  5.00000000e+00 
 1.76465321e-02  5.00000000e+00  1.76465321e-02  5.00000000e+00 
 1.78465321e-02  5.00000000e+00  1.78465321e-02  5.00000000e+00 
 1.80465321e-02  5.00000000e+00  1.80465321e-02  5.00000000e+00 
 1.82465321e-02  5.00000000e+00  1.82465321e-02  5.00000000e+00 
 1.84465321e-02  5.00000000e+00  1.84465321e-02  5.00000000e+00 
 1.86465321e-02  5.00000000e+00  1.86465321e-02  5.00000000e+00 
 1.88465321e-02  5.00000000e+00  1.88465321e-02  5.00000000e+00 
 1.90465321e-02  5.00000000e+00  1.90465321e-02  5.00000000e+00 
 1.92465321e-02  5.00000000e+00  1.92465321e-02  5.00000000e+00 
 1.94465321e-02  5.00000000e+00  1.94465321e-02  5.00000000e+00 
 1.96465321e-02  5.00000000e+00  1.96465321e-02  5.00000000e+00 
 1.98465321e-02  5.00000000e+00  1.98465321e-02  5.00000000e+00 
 2.00465321e-02  5.00000000e+00  2.00465321e-02  5.00000000e+00 
 2.02465321e-02  5.00000000e+00  2.02465321e-02  5.00000000e+00 
 2.04465321e-02  5.00000000e+00  2.04465321e-02  5.00000000e+00 
 2.06465321e-02  5.00000000e+00  2.06465321e-02  5.00000000e+00 
 2.08465321e-02  5.00000000e+00  2.08465321e-02  5.00000000e+00 
 2.10465321e-02  5.00000000e+00  2.10465321e-02  5.00000000e+00 
 2.12465321e-02  5.00000000e+00  2.12465321e-02  5.00000000e+00 
 2.14465321e-02  5.00000000e+00  2.14465321e-02  5.00000000e+00 
 2.16465321e-02  5.00000000e+00  2.16465321e-02  5.00000000e+00 
 2.18465321e-02  5.00000000e+00  2.18465321e-02  5.00000000e+00 
 2.20465321e-02  5.00000000e+00  2.20465321e-02  5.00000000e+00 
 2.22465321e-02  5.00000000e+00  2.22465321e-02  5.00000000e+00 
 2.24465321e-02  5.00000000e+00  2.24465321e-02  5.00000000e+00 
 2.26465321e-02  5.00000000e+00  2.26465321e-02  5.00000000e+00 
 2.28465321e-02  5.00000000e+00  2.28465321e-02  5.00000000e+00 
 2.30465321e-02  5.00000000e+00  2.30465321e-02  5.00000000e+00 
 2.32465321e-02  5.00000000e+00  2.32465321e-02  5.00000000e+00 
 2.34465321e-02  5.00000000e+00  2.34465321e-02  5.00000000e+00 
 2.36465321e-02  5.00000000e+00  2.36465321e-02  5.00000000e+00 
 2.38465321e-02  5.00000000e+00  2.38465321e-02  5.00000000e+00 
 2.40465321e-02  5.00000000e+00  2.40465321e-02  5.00000000e+00 
 2.42465321e-02  5.00000000e+00  2.42465321e-02  5.00000000e+00 
 2.44465321e-02  5.00000000e+00  2.44465321e-02  5.00000000e+00 
 2.46465321e-02  5.00000000e+00  2.46465321e-02  5.00000000e+00 
 2.48465321e-02  5.00000000e+00  2.48465321e-02  5.00000000e+00 
 2.50465321e-02  5.00000000e+00  2.50465321e-02  5.00000000e+00 
 2.52465321e-02  5.00000000e+00  2.52465321e-02  5.00000000e+00 
 2.54465321e-02  5.00000000e+00  2.54465321e-02  5.00000000e+00 
 2.56465321e-02  5.00000000e+00  2.56465321e-02  5.00000000e+00 
 2.58465321e-02  5.00000000e+00  2.58465321e-02  5.00000000e+00 
 2.60465321e-02  5.00000000e+00  2.60465321e-02  5.00000000e+00 
 2.62465321e-02  5.00000000e+00  2.62465321e-02  5.00000000e+00 
 2.64465321e-02  5.00000000e+00  2.64465321e-02  5.00000000e+00 
 2.66465321e-02  5.00000000e+00  2.66465321e-02  5.00000000e+00 
 2.68465321e-02  5.00000000e+00  2.68465321e-02  5.00000000e+00 
 2.70465321e-02  5.00000000e+00  2.70465321e-02  5.00000000e+00 
 2.72465321e-02  5.00000000e+00  2.72465321e-02  5.00000000e+00 
 2.74465321e-02  5.00000000e+00  2.74465321e-02  5.00000000e+00 
 2.76465321e-02  5.00000000e+00  2.76465321e-02  5.00000000e+00 
 2.78465321e-02  5.00000000e+00  2.78465321e-02  5.00000000e+00 
 2.80465321e-02  5.00000000e+00  2.80465321e-02  5.00000000e+00 
 2.82465321e-02  5.00000000e+00  2.82465321e-02  5.00000000e+00 
 2.84465321e-02  5.00000000e+00  2.84465321e-02  5.00000000e+00 
 2.86465321e-02  5.00000000e+00  2.86465321e-02  5.00000000e+00 
 2.88465321e-02  5.00000000e+00  2.88465321e-02  5.00000000e+00 
 2.90465321e-02  5.00000000e+00  2.90465321e-02  5.00000000e+00 
 2.92465321e-02  5.00000000e+00  2.92465321e-02  5.00000000e+00 
 2.94465321e-02  5.00000000e+00  2.94465321e-02  5.00000000e+00 
 2.96465321e-02  5.00000000e+00  2.96465321e-02  5.00000000e+00 
 2.98465321e-02  5.00000000e+00  2.98465321e-02  5.00000000e+00 
 3.00465321e-02  5.00000000e+00  3.00465321e-02  5.00000000e+00 
 3.02465321e-02  5.00000000e+00  3.02465321e-02  5.00000000e+00 
 3.04465321e-02  5.00000000e+00  3.04465321e-02  5.00000000e+00 
 3.06465321e-02  5.00000000e+00  3.06465321e-02  5.00000000e+00 
 3.08465321e-02  5.00000000e+00  3.08465321e-02  5.00000000e+00 
 3.10465321e-02  5.00000000e+00  3.10465321e-02  5.00000000e+00 
 3.12465321e-02  5.00000000e+00  3.12465321e-02  5.00000000e+00 
 3.14465321e-02  5.00000000e+00  3.14465321e-02  5.00000000e+00 
 3.16465321e-02  5.00000000e+00  3.16465321e-02  5.00000000e+00 
 3.18465321e-02  5.00000000e+00  3.18465321e-02  5.00000000e+00 
 3.20465321e-02  5.00000000e+00  3.20465321e-02  5.00000000e+00 
 3.22465321e-02  5.00000000e+00  3.22465321e-02  5.00000000e+00 
 3.24465321e-02  5.00000000e+00  3.24465321e-02  5.00000000e+00 
 3.26465321e-02  5.00000000e+00  3.26465321e-02  5.00000000e+00 
 3.28465321e-02  5.00000000e+00  3.28465321e-02  5.00000000e+00 
 3.30465321e-02  5.00000000e+00  3.30465321e-02  5.00000000e+00 
 3.32465321e-02  5.00000000e+00  3.32465321e-02  5.00000000e+00 
 3.34465321e-02  5.00000000e+00  3.34465321e-02  5.00000000e+00 
 3.36465321e-02  5.00000000e+00  3.36465321e-02  5.00000000e+00 
 3.38465321e-02  5.00000000e+00  3.38465321e-02  5.00000000e+00 
 3.40465321e-02  5.00000000e+00  3.40465321e-02  5.00000000e+00 
 3.42465321e-02  5.00000000e+00  3.42465321e-02  5.00000000e+00 
 3.44465321e-02  5.00000000e+00  3.44465321e-02  5.00000000e+00 
 3.46465321e-02  5.00000000e+00  3.46465321e-02  5.00000000e+00 
 3.48465321e-02  5.00000000e+00  3.48465321e-02  5.00000000e+00 
 3.50465321e-02  5.00000000e+00  3.50465321e-02  5.00000000e+00 
 3.52465321e-02  5.00000000e+00  3.52465321e-02  5.00000000e+00 
 3.54465321e-02  5.00000000e+00  3.54465321e-02  5.00000000e+00 
 3.56465321e-02  5.00000000e+00  3.56465321e-02  5.00000000e+00 
 3.58465321e-02  5.00000000e+00  3.58465321e-02  5.00000000e+00 
 3.60465321e-02  5.00000000e+00  3.60465321e-02  5.00000000e+00 
 3.62465321e-02  5.00000000e+00  3.62465321e-02  5.00000000e+00 
 3.64465321e-02  5.00000000e+00  3.64465321e-02  5.00000000e+00 
 3.66465321e-02  5.00000000e+00  3.66465321e-02  5.00000000e+00 
 3.68465321e-02  5.00000000e+00  3.68465321e-02  5.00000000e+00 
 3.70465321e-02  5.00000000e+00  3.70465321e-02  5.00000000e+00 
 3.72465321e-02  5.00000000e+00  3.72465321e-02  5.00000000e+00 
 3.74465321e-02  5.00000000e+00  3.74465321e-02  5.00000000e+00 
 3.76465321e-02  5.00000000e+00  3.76465321e-02  5.00000000e+00 
 3.78465321e-02  5.00000000e+00  3.78465321e-02  5.00000000e+00 
 3.80465321e-02  5.00000000e+00  3.80465321e-02  5.00000000e+00 
 3.82465321e-02  5.00000000e+00  3.82465321e-02  5.00000000e+00 
 3.84465321e-02  5.00000000e+00  3.84465321e-02  5.00000000e+00 
 3.86465321e-02  5.00000000e+00  3.86465321e-02  5.00000000e+00 
 3.88465321e-02  5.00000000e+00  3.88465321e-02  5.00000000e+00 
 3.90465321e-02  5.00000000e+00  3.90465321e-02  5.00000000e+00 
 3.92465321e-02  5.00000000e+00  3.92465321e-02  5.00000000e+00 
 3.94465321e-02  5.00000000e+00  3.94465321e-02  5.00000000e+00 
 3.96465321e-02  5.00000000e+00  3.96465321e-02  5.00000000e+00 
 3.98465321e-02  5.00000000e+00  3.98465321e-02  5.00000000e+00 
 4.00465321e-02  5.00000000e+00  4.00465321e-02  5.00000000e+00 
 4.02465321e-02  5.00000000e+00  4.02465321e-02  5.00000000e+00 
 4.04465321e-02  5.00000000e+00  4.04465321e-02  5.00000000e+00 
 4.06465321e-02  5.00000000e+00  4.06465321e-02  5.00000000e+00 
 4.08465321e-02  5.00000000e+00  4.08465321e-02  5.00000000e+00 
 4.10000010e-02  5.00000000e+00  4.10000010e-02  5.00000000e+00 
 4.10000011e-02  4.99999994e+00  4.10000011e-02  4.49999999e+00 
 4.10000013e-02  4.99999970e+00  4.10000013e-02  3.49999998e+00 
 4.10000017e-02  4.99999848e+00  4.10000017e-02  1.49999999e+00 
 4.10000020e-02  4.99999692e+00  4.10000020e-02  0.00000000e+00 
 4.10000021e-02  4.99999643e+00  4.10000021e-02  0.00000000e+00 
 4.10000022e-02  4.99999546e+00  4.10000022e-02  0.00000000e+00 
 4.10000026e-02  4.99999351e+00  4.10000026e-02  0.00000000e+00 
 4.10000032e-02  4.99998960e+00  4.10000032e-02  0.00000000e+00 
 4.10000045e-02  4.99998180e+00  4.10000045e-02  0.00000000e+00 
 4.10000070e-02  4.99996619e+00  4.10000070e-02  0.00000000e+00 
 4.10000122e-02  4.99993497e+00  4.10000122e-02  0.00000000e+00 
 4.10000224e-02  4.99987253e+00  4.10000224e-02  0.00000000e+00 
 4.10000429e-02  4.99974766e+00  4.10000429e-02  0.00000000e+00 
 4.10000838e-02  4.99949792e+00  4.10000838e-02  0.00000000e+00 
 4.10001658e-02  4.99899848e+00  4.10001658e-02  0.00000000e+00 
 4.10003296e-02  4.99799976e+00  4.10003296e-02  0.00000000e+00 
 4.10006573e-02  4.99600291e+00  4.10006573e-02  0.00000000e+00 
 4.10013126e-02  4.99201160e+00  4.10013126e-02  0.00000000e+00 
 4.10026234e-02  4.98403855e+00  4.10026234e-02  0.00000000e+00 
 4.10052448e-02  4.96813061e+00  4.10052448e-02  0.00000000e+00 
 4.10104877e-02  4.93646682e+00  4.10104877e-02  0.00000000e+00 
 4.10209734e-02  4.87374273e+00  4.10209734e-02  0.00000000e+00 
 4.10419450e-02  4.75067043e+00  4.10419450e-02  0.00000000e+00 
 4.10838880e-02  4.51373309e+00  4.10838880e-02  0.00000000e+00 
 4.11677741e-02  4.07444725e+00  4.11677741e-02  0.00000000e+00 
 4.13355462e-02  3.31818069e+00  4.13355462e-02  0.00000000e+00 
 4.15355462e-02  2.59683706e+00  4.15355462e-02  0.00000000e+00 
 4.17355462e-02  2.03230726e+00  4.17355462e-02  0.00000000e+00 
 4.19355462e-02  1.59050134e+00  4.19355462e-02  0.00000000e+00 
 4.21355462e-02  1.24474018e+00  4.21355462e-02  0.00000000e+00 
 4.23355462e-02  9.74144486e-01  4.23355462e-02  0.00000000e+00 
 4.25355462e-02  7.62373946e-01  4.25355462e-02  0.00000000e+00 
 4.27355462e-02  5.96640479e-01  4.27355462e-02  0.00000000e+00 
 4.29355462e-02  4.66936027e-01  4.29355462e-02  0.00000000e+00 
 4.31355462e-02  3.65428195e-01  4.31355462e-02  0.00000000e+00 
 4.33355462e-02  2.85987283e-01  4.33355462e-02  0.00000000e+00 
 4.35355462e-02  2.23816135e-01  4.35355462e-02  0.00000000e+00 
 4.37355462e-02  1.75160453e-01  4.37355462e-02  0.00000000e+00 
 4.39355462e-02  1.37082094e-01  4.39355462e-02  0.00000000e+00 
 4.41355462e-02  1.07281639e-01  4.41355462e-02  0.00000000e+00 
 4.43355462e-02  8.39595433e-02  4.43355462e-02  0.00000000e+00 
 4.45355462e-02  6.57074687e-02  4.45355462e-02  0.00000000e+00 
 4.47355462e-02  5.14232363e-02  4.47355462e-02  0.00000000e+00 
 4.49355462e-02  4.02442719e-02  4.49355462e-02  0.00000000e+00 
 4.51355462e-02  3.14955172e-02  4.51355462e-02  0.00000000e+00 
 4.53355462e-02  2.46486656e-02  4.53355462e-02  0.00000000e+00 
 4.55355462e-02  1.92902600e-02  4.55355462e-02  0.00000000e+00 
 4.57355462e-02  1.50967252e-02  4.57355462e-02  0.00000000e+00 
 4.59355462e-02  1.18148285e-02  4.59355462e-02  0.00000000e+00 
 4.61355462e-02  9.24638749e-03  4.61355462e-02  0.00000000e+00 
 4.63355462e-02  7.23630325e-03  4.63355462e-02  0.00000000e+00 
 4.65355462e-02  5.66319385e-03  4.65355462e-02  0.00000000e+00 
 4.67355462e-02  4.43206475e-03  4.67355462e-02  0.00000000e+00 
 4.69355462e-02  3.46857241e-03  4.69355462e-02  0.00000000e+00 
 4.71355462e-02  2.71453493e-03  4.71355462e-02  0.00000000e+00 
 4.73355462e-02  2.12441864e-03  4.73355462e-02  0.00000000e+00 
 4.75355462e-02  1.66258850e-03  4.75355462e-02  0.00000000e+00 
 4.77355462e-02  1.30115622e-03  4.77355462e-02  0.00000000e+00 
 4.79355462e-02  1.01829617e-03  4.79355462e-02  0.00000000e+00 
 4.81355462e-02  7.96927439e-04  4.81355462e-02  0.00000000e+00 
 4.83355462e-02  6.23682343e-04  4.83355462e-02  0.00000000e+00 
 4.85355462e-02  4.88099225e-04  4.85355462e-02  0.00000000e+00 
 4.87355462e-02  3.81990698e-04  4.87355462e-02  0.00000000e+00 
 4.89355462e-02  2.98949242e-04  4.89355462e-02  0.00000000e+00 
 4.91355462e-02  2.33960276e-04  4.91355462e-02  0.00000000e+00 
 4.93355462e-02  1.83099347e-04  4.93355462e-02  0.00000000e+00 
 4.95355462e-02  1.43295141e-04  4.95355462e-02  0.00000000e+00 
 4.97355462e-02  1.12144023e-04  4.97355462e-02  0.00000000e+00 
 4.99355462e-02  8.77648878e-05  4.99355462e-02  0.00000000e+00 
 5.01355462e-02  6.86855644e-05  5.01355462e-02  0.00000000e+00 
 5.03355462e-02  5.37539199e-05  5.03355462e-02  0.00000000e+00 
 5.05355462e-02  4.20682852e-05  5.05355462e-02  0.00000000e+00 
 5.07355462e-02  3.29230058e-05  5.07355462e-02  0.00000000e+00 
 5.09355462e-02  2.57658306e-05  5.09355462e-02  0.00000000e+00 
 5.11355462e-02  2.01645631e-05  5.11355462e-02  0.00000000e+00 
 5.13355462e-02  1.57809624e-05  5.13355462e-02  0.00000000e+00 
 5.15355462e-02  1.23503184e-05  5.15355462e-02  0.00000000e+00 
 5.17355462e-02  9.66546658e-06  5.17355462e-02  0.00000000e+00 
 5.19355462e-02  7.56427820e-06  5.19355462e-02  0.00000000e+00 
 5.21355462e-02  5.91986989e-06  5.21355462e-02  0.00000000e+00 
 5.23355462e-02  4.63294166e-06  5.23355462e-02  0.00000000e+00 
 5.25355462e-02  3.62578043e-06  5.25355462e-02  0.00000000e+00 
 5.27355462e-02  2.83756729e-06  5.27355462e-02  0.00000000e+00 
 5.29355462e-02  2.22070484e-06  5.29355462e-02  0.00000000e+00 
 5.31355462e-02  1.73794291e-06  5.31355462e-02  0.00000000e+00 
 5.33355462e-02  1.36012924e-06  5.33355462e-02  0.00000000e+00 
 5.35355462e-02  1.06444897e-06  5.35355462e-02  0.00000000e+00 
 5.37355462e-02  8.33047019e-07  5.37355462e-02  0.00000000e+00 
 5.39355462e-02  6.51949841e-07  5.39355462e-02  0.00000000e+00 
 5.41355462e-02  5.10221615e-07  5.41355462e-02  0.00000000e+00 
 5.43355462e-02  3.99303872e-07  5.43355462e-02  0.00000000e+00 
 5.45355462e-02  3.12498683e-07  5.45355462e-02  0.00000000e+00 
 5.47355462e-02  2.44564186e-07  5.47355462e-02  0.00000000e+00 
 5.49355462e-02  1.91398059e-07  5.49355462e-02  0.00000000e+00 
 5.51355462e-02  1.49789785e-07  5.51355462e-02  0.00000000e+00 
 5.53355462e-02  1.17226788e-07  5.53355462e-02  0.00000000e+00 
 5.55355462e-02  9.17427040e-08  5.55355462e-02  0.00000000e+00 
 5.57355462e-02  7.17986379e-08  5.57355462e-02  0.00000000e+00 
 5.59355462e-02  5.61902384e-08  5.59355462e-02  0.00000000e+00 
 5.61355462e-02  4.39749692e-08  5.61355462e-02  0.00000000e+00 
 5.63355462e-02  3.44151933e-08  5.63355462e-02  0.00000000e+00 
 5.65355462e-02  2.69336295e-08  5.65355462e-02  0.00000000e+00 
 5.67355462e-02  2.10784927e-08  5.67355462e-02  0.00000000e+00 
 5.69355462e-02  1.64962116e-08  5.69355462e-02  0.00000000e+00 
 5.71355462e-02  1.29100787e-08  5.71355462e-02  0.00000000e+00 
 5.73355462e-02  1.01035398e-08  5.73355462e-02  0.00000000e+00 
 5.75355462e-02  7.90711813e-09  5.75355462e-02  0.00000000e+00 
 5.77355462e-02  6.18817941e-09  5.77355462e-02  0.00000000e+00 
 5.79355462e-02  4.84292301e-09  5.79355462e-02  0.00000000e+00 
 5.81355462e-02  3.79011366e-09  5.81355462e-02  0.00000000e+00 
 5.83355462e-02  2.96617591e-09  5.83355462e-02  0.00000000e+00 
 5.85355462e-02  2.32135506e-09  5.85355462e-02  0.00000000e+00 
 5.87355462e-02  1.81671266e-09  5.87355462e-02  0.00000000e+00 
 5.89355462e-02  1.42177512e-09  5.89355462e-02  0.00000000e+00 
 5.91355462e-02  1.11269357e-09  5.91355462e-02  0.00000000e+00 
 5.93355462e-02  8.70803667e-10  5.93355462e-02  0.00000000e+00 
 5.95355462e-02  6.81498522e-10  5.95355462e-02  0.00000000e+00 
 5.97355462e-02  5.33346669e-10  5.97355462e-02  0.00000000e+00 
 5.99355462e-02  4.17401741e-10  5.99355462e-02  0.00000000e+00 
 6.01355462e-02  3.26662232e-10  6.01355462e-02  0.00000000e+00 
 6.03355462e-02  2.55648703e-10  6.03355462e-02  0.00000000e+00 
 6.05355462e-02  2.00072898e-10  6.05355462e-02  0.00000000e+00 
 6.07355462e-02  1.56578790e-10  6.07355462e-02  0.00000000e+00 
 6.09355462e-02  1.22539923e-10  6.09355462e-02  0.00000000e+00 
 6.11355462e-02  9.59008090e-11  6.11355462e-02  0.00000000e+00 
 6.13355462e-02  7.50528070e-11  6.13355462e-02  0.00000000e+00 
 6.15355462e-02  5.87369794e-11  6.15355462e-02  0.00000000e+00 
 6.17355462e-02  4.59680708e-11  6.17355462e-02  0.00000000e+00 
 6.19355462e-02  3.59750120e-11  6.19355462e-02  0.00000000e+00 
 6.21355462e-02  2.81543572e-11  6.21355462e-02  0.00000000e+00 
 6.23355462e-02  2.20338448e-11  6.23355462e-02  0.00000000e+00 
 6.25355462e-02  1.72438785e-11  6.25355462e-02  0.00000000e+00 
 6.27355462e-02  1.34952093e-11  6.27355462e-02  0.00000000e+00 
 6.29355462e-02  1.05614681e-11  6.29355462e-02  0.00000000e+00 
 6.31355462e-02  8.26549679e-12  6.31355462e-02  0.00000000e+00 
 6.33355462e-02  6.46864966e-12  6.33355462e-02  0.00000000e+00 
 6.35355462e-02  5.06242147e-12  6.35355462e-02  0.00000000e+00 
 6.37355462e-02  3.96189507e-12  6.37355462e-02  0.00000000e+00 
 6.39355462e-02  3.10061353e-12  6.39355462e-02  0.00000000e+00 
 6.41355462e-02  2.42656711e-12  6.41355462e-02  0.00000000e+00 
 6.43355462e-02  1.89905252e-12  6.43355462e-02  0.00000000e+00 
 6.45355462e-02  1.48621502e-12  6.45355462e-02  0.00000000e+00 
 6.47355462e-02  1.16312480e-12  6.47355462e-02  0.00000000e+00 
 6.49355462e-02  9.10271579e-13  6.49355462e-02  0.00000000e+00 
 6.51355462e-02  7.12386453e-13  6.51355462e-02  0.00000000e+00 
 6.53355462e-02  5.57519833e-13  6.53355462e-02  0.00000000e+00 
 6.55355462e-02  4.36319869e-13  6.55355462e-02  0.00000000e+00 
 6.57355462e-02  3.41467724e-13  6.57355462e-02  0.00000000e+00 
 6.59355462e-02  2.67235610e-13  6.59355462e-02  0.00000000e+00 
 6.61355462e-02  2.09140912e-13  6.61355462e-02  0.00000000e+00 
 6.63355462e-02  1.63675496e-13  6.63355462e-02  0.00000000e+00 
 6.65355462e-02  1.28093867e-13  6.65355462e-02  0.00000000e+00 
 6.67355462e-02  1.00247374e-13  6.67355462e-02  0.00000000e+00 
 6.69355462e-02  7.84544666e-14  6.69355462e-02  0.00000000e+00 
 6.71355462e-02  6.13991478e-14  6.71355462e-02  0.00000000e+00 
 6.73355462e-02  4.80515070e-14  6.73355462e-02  0.00000000e+00 
 6.75355462e-02  3.76055272e-14  6.75355462e-02  0.00000000e+00 
 6.77355462e-02  2.94304126e-14  6.77355462e-02  0.00000000e+00 
 6.79355462e-02  2.30324968e-14  6.79355462e-02  0.00000000e+00 
 6.81355462e-02  1.80254323e-14  6.81355462e-02  0.00000000e+00 
 6.83355462e-02  1.41068600e-14  6.83355462e-02  0.00000000e+00 
 6.85355462e-02  1.10401513e-14  6.85355462e-02  0.00000000e+00 
 6.87355462e-02  8.64011844e-15  6.87355462e-02  0.00000000e+00 
 6.89355462e-02  6.76183182e-15  6.89355462e-02  0.00000000e+00 
 6.91355462e-02  5.29186838e-15  6.91355462e-02  0.00000000e+00 
 6.93355462e-02  4.14146221e-15  6.93355462e-02  0.00000000e+00 
 6.95355462e-02  3.24114434e-15  6.95355462e-02  0.00000000e+00 
 6.97355462e-02  2.53654775e-15  6.97355462e-02  0.00000000e+00 
 6.99355462e-02  1.98512432e-15  6.99355462e-02  0.00000000e+00 
 7.01355462e-02  1.55357556e-15  7.01355462e-02  0.00000000e+00 
 7.03355462e-02  1.21584174e-15  7.03355462e-02  0.00000000e+00 
 7.05355462e-02  9.51528318e-16  7.05355462e-02  0.00000000e+00 
 7.07355462e-02  7.44674336e-16  7.07355462e-02  0.00000000e+00 
 7.09355462e-02  5.82788611e-16  7.09355462e-02  0.00000000e+00 
 7.11355462e-02  4.56095435e-16  7.11355462e-02  0.00000000e+00 
 7.13355462e-02  3.56944253e-16  7.13355462e-02  0.00000000e+00 
 7.15355462e-02  2.79347676e-16  7.15355462e-02  0.00000000e+00 
 7.17355462e-02  2.18619921e-16  7.17355462e-02  0.00000000e+00 
 7.19355462e-02  1.71093851e-16  7.19355462e-02  0.00000000e+00 
 7.21355462e-02  1.33899536e-16  7.21355462e-02  0.00000000e+00 
 7.23355462e-02  1.04790941e-16  7.23355462e-02  0.00000000e+00 
 7.25355462e-02  8.20103015e-17  7.25355462e-02  0.00000000e+00 
 7.27355462e-02  6.41819751e-17  7.27355462e-02  0.00000000e+00 
 7.29355462e-02  5.02293718e-17  7.29355462e-02  0.00000000e+00 
 7.31355462e-02  3.93099432e-17  7.31355462e-02  0.00000000e+00 
 7.33355462e-02  3.07643033e-17  7.33355462e-02  0.00000000e+00 
 7.35355462e-02  2.40764113e-17  7.35355462e-02  0.00000000e+00 
 7.37355462e-02  1.88424089e-17  7.37355462e-02  0.00000000e+00 
 7.39355462e-02  1.47462330e-17  7.39355462e-02  0.00000000e+00 
 7.41355462e-02  1.15405302e-17  7.41355462e-02  0.00000000e+00 
 7.43355462e-02  9.03171928e-18  7.43355462e-02  0.00000000e+00 
 7.45355462e-02  7.06830204e-18  7.45355462e-02  0.00000000e+00 
 7.47355462e-02  5.53171464e-18  7.47355462e-02  0.00000000e+00 
 7.49355462e-02  4.32916798e-18  7.49355462e-02  0.00000000e+00 
 7.51355462e-02  3.38804451e-18  7.51355462e-02  0.00000000e+00 
 7.53355462e-02  2.65151309e-18  7.53355462e-02  0.00000000e+00 
 7.55355462e-02  2.07509720e-18  7.55355462e-02  0.00000000e+00 
 7.57355462e-02  1.62398911e-18  7.57355462e-02  0.00000000e+00 
 7.59355462e-02  1.27094800e-18  7.59355462e-02  0.00000000e+00 
 7.61355462e-02  9.94654959e-19  7.61355462e-02  0.00000000e+00 
 7.63355462e-02  7.78425620e-19  7.63355462e-02  0.00000000e+00 
 7.65355462e-02  6.09202659e-19  7.65355462e-02  0.00000000e+00 
 7.67355462e-02  4.76767298e-19  7.67355462e-02  0.00000000e+00 
 7.69355462e-02  3.73122234e-19  7.69355462e-02  0.00000000e+00 
 7.71355462e-02  2.92008705e-19  7.71355462e-02  0.00000000e+00 
 7.73355462e-02  2.28528551e-19  7.73355462e-02  0.00000000e+00 
 7.75355462e-02  1.78848432e-19  7.75355462e-02  0.00000000e+00 
 7.77355462e-02  1.39968338e-19  7.77355462e-02  0.00000000e+00 
 7.79355462e-02  1.09540438e-19  7.79355462e-02  0.00000000e+00 
 7.81355462e-02  8.57272995e-20  7.81355462e-02  0.00000000e+00 
 7.83355462e-02  6.70909300e-20  7.83355462e-02  0.00000000e+00 
 7.85355462e-02  5.25059452e-20  7.85355462e-02  0.00000000e+00 
 7.87355462e-02  4.10916093e-20  7.87355462e-02  0.00000000e+00 
 7.89355462e-02  3.21586508e-20  7.89355462e-02  0.00000000e+00 
 7.91355462e-02  2.51676397e-20  7.91355462e-02  0.00000000e+00 
 7.93355462e-02  1.96964137e-20  7.93355462e-02  0.00000000e+00 
 7.95355462e-02  1.54145846e-20  7.95355462e-02  0.00000000e+00 
 7.97355462e-02  1.20635880e-20  7.97355462e-02  0.00000000e+00 
 7.99355462e-02  9.44106885e-21  7.99355462e-02  0.00000000e+00 
 8.01355462e-02  7.38866258e-21  8.01355462e-02  0.00000000e+00 
 8.03355462e-02  5.78243158e-21  8.03355462e-02  0.00000000e+00 
 8.05355462e-02  4.52538124e-21  8.05355462e-02  0.00000000e+00 
 8.07355462e-02  3.54160271e-21  8.07355462e-02  0.00000000e+00 
 8.09355462e-02  2.77168908e-21  8.09355462e-02  0.00000000e+00 
 8.11355462e-02  2.16914797e-21  8.11355462e-02  0.00000000e+00 
 8.13355462e-02  1.69759407e-21  8.13355462e-02  0.00000000e+00 
 8.15355462e-02  1.32855188e-21  8.15355462e-02  0.00000000e+00 
 8.17355462e-02  1.03973625e-21  8.17355462e-02  0.00000000e+00 
 8.19355462e-02  8.13706632e-22  8.19355462e-02  0.00000000e+00 
 8.20000000e-02  7.52166151e-22  8.20000000e-02  0.00000000e+00 
 8.20000001e-02  6.09755989e-08  8.20000001e-02  4.99999972e-01 
 8.20000003e-02  3.04877988e-07  8.20000003e-02  1.49999999e+00 
 8.20000007e-02  1.52438974e-06  8.20000007e-02  3.50000001e+00 
 8.20000010e-02  3.07926693e-06  8.20000010e-02  5.00000000e+00 
 8.20000010e-02  3.38228556e-06  8.20000010e-02  5.00000000e+00 
 8.20000011e-02  3.98832279e-06  8.20000011e-02  5.00000000e+00 
 8.20000013e-02  5.20039702e-06  8.20000013e-02  5.00000000e+00 
 8.20000017e-02  7.62454460e-06  8.20000017e-02  5.00000000e+00 
 8.20000025e-02  1.24728362e-05  8.20000025e-02  5.00000000e+00 
 8.20000041e-02  2.21694054e-05  8.20000041e-02  5.00000000e+00 
 8.20000073e-02  4.15624873e-05  8.20000073e-02  5.00000000e+00 
 8.20000137e-02  8.03484255e-05  8.20000137e-02  5.00000000e+00 
 8.20000264e-02  1.57919399e-04  8.20000264e-02  5.00000000e+00 
 8.20000518e-02  3.13057736e-04  8.20000518e-02  5.00000000e+00 
 8.20001027e-02  6.23319970e-04  8.20001027e-02  5.00000000e+00 
 8.20002045e-02  1.24378668e-03  8.20002045e-02  5.00000000e+00 
 8.20004081e-02  2.48448909e-03  8.20004081e-02  5.00000000e+00 
 8.20008152e-02  4.96497019e-03  8.20008152e-02  5.00000000e+00 
 8.20016294e-02  9.92223981e-03  8.20016294e-02  5.00000000e+00 
 8.20032578e-02  1.98220270e-02  8.20032578e-02  5.00000000e+00 
 8.20065146e-02  3.95627394e-02  8.20065146e-02  5.00000000e+00 
 8.20130282e-02  7.88098804e-02  8.20130282e-02  5.00000000e+00 
 8.20260555e-02  1.56376259e-01  8.20260555e-02  5.00000000e+00 
 8.20521100e-02  3.07869959e-01  8.20521100e-02  5.00000000e+00 
 8.21042191e-02  5.96861458e-01  8.21042191e-02  5.00000000e+00 
 8.22084373e-02  1.12304217e+00  8.22084373e-02  5.00000000e+00 
 8.24084373e-02  1.96585909e+00  8.24084373e-02  5.00000000e+00 
 8.26084373e-02  2.62545494e+00  8.26084373e-02  5.00000000e+00 
 8.28084373e-02  3.14166039e+00  8.28084373e-02  5.00000000e+00 
 8.30084373e-02  3.54564726e+00  8.30084373e-02  5.00000000e+00 
 8.32084373e-02  3.86181090e+00  8.32084373e-02  5.00000000e+00 
 8.34084373e-02  4.10924331e+00  8.34084373e-02  5.00000000e+00 
 8.36084373e-02  4.30288607e+00  8.36084373e-02  5.00000000e+00 
 8.38084373e-02  4.45443258e+00  8.38084373e-02  5.00000000e+00 
 8.40084373e-02  4.57303419e+00  8.40084373e-02  5.00000000e+00 
 8.42084373e-02  4.66585285e+00  8.42084373e-02  5.00000000e+00 
 8.44084373e-02  4.73849353e+00  8.44084373e-02  5.00000000e+00 
 8.46084373e-02  4.79534276e+00  8.46084373e-02  5.00000000e+00 
 8.48084373e-02  4.83983347e+00  8.48084373e-02  5.00000000e+00 
 8.50084373e-02  4.87465228e+00  8.50084373e-02  5.00000000e+00 
 8.52084373e-02  4.90190178e+00  8.52084373e-02  5.00000000e+00 
 8.54084373e-02  4.92322748e+00  8.54084373e-02  5.00000000e+00 
 8.56084373e-02  4.93991716e+00  8.56084373e-02  5.00000000e+00 
 8.58084373e-02  4.95297865e+00  8.58084373e-02  5.00000000e+00 
 8.60084373e-02  4.96320068e+00  8.60084373e-02  5.00000000e+00 
 8.62084373e-02  4.97120053e+00  8.62084373e-02  5.00000000e+00 
 8.64084373e-02  4.97746129e+00  8.64084373e-02  5.00000000e+00 
 8.66084373e-02  4.98236101e+00  8.66084373e-02  5.00000000e+00 
 8.68084373e-02  4.98619557e+00  8.68084373e-02  5.00000000e+00 
 8.70084373e-02  4.98919653e+00  8.70084373e-02  5.00000000e+00 
 8.72084373e-02  4.99154511e+00  8.72084373e-02  5.00000000e+00 
 8.74084373e-02  4.99338313e+00  8.74084373e-02  5.00000000e+00 
 8.76084373e-02  4.99482158e+00  8.76084373e-02  5.00000000e+00 
 8.78084373e-02  4.99594732e+00  8.78084373e-02  5.00000000e+00 
 8.80084373e-02  4.99682834e+00  8.80084373e-02  5.00000000e+00 
 8.82084373e-02  4.99751783e+00  8.82084373e-02  5.00000000e+00 
 8.84084373e-02  4.99805743e+00  8.84084373e-02  5.00000000e+00 
 8.86084373e-02  4.99847973e+00  8.86084373e-02  5.00000000e+00 
 8.88084373e-02  4.99881022e+00  8.88084373e-02  5.00000000e+00 
 8.90084373e-02  4.99906887e+00  8.90084373e-02  5.00000000e+00 
 8.92084373e-02  4.99927129e+00  8.92084373e-02  5.00000000e+00 
 8.94084373e-02  4.99942971e+00  8.94084373e-02  5.00000000e+00 
 8.96084373e-02  4.99955368e+00  8.96084373e-02  5.00000000e+00 
 8.98084373e-02  4.99965071e+00  8.98084373e-02  5.00000000e+00 
 9.00084373e-02  4.99972664e+00  9.00084373e-02  5.00000000e+00 
 9.02084373e-02  4.99978607e+00  9.02084373e-02  5.00000000e+00 
 9.04084373e-02  4.99983257e+00  9.04084373e-02  5.00000000e+00 
 9.06084373e-02  4.99986897e+00  9.06084373e-02  5.00000000e+00 
 9.08084373e-02  4.99989746e+00  9.08084373e-02  5.00000000e+00 
 9.10084373e-02  4.99991975e+00  9.10084373e-02  5.00000000e+00 
 9.12084373e-02  4.99993719e+00  9.12084373e-02  5.00000000e+00 
 9.14084373e-02  4.99995085e+00  9.14084373e-02  5.00000000e+00 
 9.16084373e-02  4.99996153e+00  9.16084373e-02  5.00000000e+00 
 9.18084373e-02  4.99996990e+00  9.18084373e-02  5.00000000e+00 
 9.20084373e-02  4.99997644e+00  9.20084373e-02  5.00000000e+00 
 9.22084373e-02  4.99998156e+00  9.22084373e-02  5.00000000e+00 
 9.24084373e-02  4.99998557e+00  9.24084373e-02  5.00000000e+00 
 9.26084373e-02  4.99998871e+00  9.26084373e-02  5.00000000e+00 
 9.28084373e-02  4.99999116e+00  9.28084373e-02  5.00000000e+00 
 9.30084373e-02  4.99999308e+00  9.30084373e-02  5.00000000e+00 
 9.32084373e-02  4.99999459e+00  9.32084373e-02  5.00000000e+00 
 9.34084373e-02  4.99999576e+00  9.34084373e-02  5.00000000e+00 
 9.36084373e-02  4.99999668e+00  9.36084373e-02  5.00000000e+00 
 9.38084373e-02  4.99999741e+00  9.38084373e-02  5.00000000e+00 
 9.40084373e-02  4.99999797e+00  9.40084373e-02  5.00000000e+00 
 9.42084373e-02  4.99999841e+00  9.42084373e-02  5.00000000e+00 
 9.44084373e-02  4.99999876e+00  9.44084373e-02  5.00000000e+00 
 9.46084373e-02  4.99999903e+00  9.46084373e-02  5.00000000e+00 
 9.48084373e-02  4.99999924e+00  9.48084373e-02  5.00000000e+00 
 9.50084373e-02  4.99999940e+00  9.50084373e-02  5.00000000e+00 
 9.52084373e-02  4.99999953e+00  9.52084373e-02  5.00000000e+00 
 9.54084373e-02  4.99999963e+00  9.54084373e-02  5.00000000e+00 
 9.56084373e-02  4.99999971e+00  9.56084373e-02  5.00000000e+00 
 9.58084373e-02  4.99999978e+00  9.58084373e-02  5.00000000e+00 
 9.60084373e-02  4.99999982e+00  9.60084373e-02  5.00000000e+00 
 9.62084373e-02  4.99999986e+00  9.62084373e-02  5.00000000e+00 
 9.64084373e-02  4.99999989e+00  9.64084373e-02  5.00000000e+00 
 9.66084373e-02  4.99999992e+00  9.66084373e-02  5.00000000e+00 
 9.68084373e-02  4.99999993e+00  9.68084373e-02  5.00000000e+00 
 9.70084373e-02  4.99999995e+00  9.70084373e-02  5.00000000e+00 
 9.72084373e-02  4.99999996e+00  9.72084373e-02  5.00000000e+00 
 9.74084373e-02  4.99999997e+00  9.74084373e-02  5.00000000e+00 
 9.76084373e-02  4.99999998e+00  9.76084373e-02  5.00000000e+00 
 9.78084373e-02  4.99999998e+00  9.78084373e-02  5.00000000e+00 
 9.80084373e-02  4.99999998e+00  9.80084373e-02  5.00000000e+00 
 9.82084373e-02  4.99999999e+00  9.82084373e-02  5.00000000e+00 
 9.84084373e-02  4.99999999e+00  9.84084373e-02  5.00000000e+00 
 9.86084373e-02  4.99999999e+00  9.86084373e-02  5.00000000e+00 
 9.88084373e-02  4.99999999e+00  9.88084373e-02  5.00000000e+00 
 9.90084373e-02  5.00000000e+00  9.90084373e-02  5.00000000e+00 
 9.92084373e-02  5.00000000e+00  9.92084373e-02  5.00000000e+00 
 9.94084373e-02  5.00000000e+00  9.94084373e-02  5.00000000e+00 
 9.96084373e-02  5.00000000e+00  9.96084373e-02  5.00000000e+00 
 9.98084373e-02  5.00000000e+00  9.98084373e-02  5.00000000e+00 
 1.00008437e-01  5.00000000e+00  1.00008437e-01  5.00000000e+00 
 1.00208437e-01  5.00000000e+00  1.00208437e-01  5.00000000e+00 
 1.00408437e-01  5.00000000e+00  1.00408437e-01  5.00000000e+00 
 1.00608437e-01  5.00000000e+00  1.00608437e-01  5.00000000e+00 
 1.00808437e-01  5.00000000e+00  1.00808437e-01  5.00000000e+00 
 1.01008437e-01  5.00000000e+00  1.01008437e-01  5.00000000e+00 
 1.01208437e-01  5.00000000e+00  1.01208437e-01  5.00000000e+00 
 1.01408437e-01  5.00000000e+00  1.01408437e-01  5.00000000e+00 
 1.01608437e-01  5.00000000e+00  1.01608437e-01  5.00000000e+00 
 1.01808437e-01  5.00000000e+00  1.01808437e-01  5.00000000e+00 
 1.02008437e-01  5.00000000e+00  1.02008437e-01  5.00000000e+00 
 1.02208437e-01  5.00000000e+00  1.02208437e-01  5.00000000e+00 
 1.02408437e-01  5.00000000e+00  1.02408437e-01  5.00000000e+00 
 1.02608437e-01  5.00000000e+00  1.02608437e-01  5.00000000e+00 
 1.02808437e-01  5.00000000e+00  1.02808437e-01  5.00000000e+00 
 1.03008437e-01  5.00000000e+00  1.03008437e-01  5.00000000e+00 
 1.03208437e-01  5.00000000e+00  1.03208437e-01  5.00000000e+00 
 1.03408437e-01  5.00000000e+00  1.03408437e-01  5.00000000e+00 
 1.03608437e-01  5.00000000e+00  1.03608437e-01  5.00000000e+00 
 1.03808437e-01  5.00000000e+00  1.03808437e-01  5.00000000e+00 
 1.04008437e-01  5.00000000e+00  1.04008437e-01  5.00000000e+00 
 1.04208437e-01  5.00000000e+00  1.04208437e-01  5.00000000e+00 
 1.04408437e-01  5.00000000e+00  1.04408437e-01  5.00000000e+00 
 1.04608437e-01  5.00000000e+00  1.04608437e-01  5.00000000e+00 
 1.04808437e-01  5.00000000e+00  1.04808437e-01  5.00000000e+00 
 1.05008437e-01  5.00000000e+00  1.05008437e-01  5.00000000e+00 
 1.05208437e-01  5.00000000e+00  1.05208437e-01  5.00000000e+00 
 1.05408437e-01  5.00000000e+00  1.05408437e-01  5.00000000e+00 
 1.05608437e-01  5.00000000e+00  1.05608437e-01  5.00000000e+00 
 1.05808437e-01  5.00000000e+00  1.05808437e-01  5.00000000e+00 
 1.06008437e-01  5.00000000e+00  1.06008437e-01  5.00000000e+00 
 1.06208437e-01  5.00000000e+00  1.06208437e-01  5.00000000e+00 
 1.06408437e-01  5.00000000e+00  1.06408437e-01  5.00000000e+00 
 1.06608437e-01  5.00000000e+00  1.06608437e-01  5.00000000e+00 
 1.06808437e-01  5.00000000e+00  1.06808437e-01  5.00000000e+00 
 1.07008437e-01  5.00000000e+00  1.07008437e-01  5.00000000e+00 
 1.07208437e-01  5.00000000e+00  1.07208437e-01  5.00000000e+00 
 1.07408437e-01  5.00000000e+00  1.07408437e-01  5.00000000e+00 
 1.07608437e-01  5.00000000e+00  1.07608437e-01  5.00000000e+00 
 1.07808437e-01  5.00000000e+00  1.07808437e-01  5.00000000e+00 
 1.08008437e-01  5.00000000e+00  1.08008437e-01  5.00000000e+00 
 1.08208437e-01  5.00000000e+00  1.08208437e-01  5.00000000e+00 
 1.08408437e-01  5.00000000e+00  1.08408437e-01  5.00000000e+00 
 1.08608437e-01  5.00000000e+00  1.08608437e-01  5.00000000e+00 
 1.08808437e-01  5.00000000e+00  1.08808437e-01  5.00000000e+00 
 1.09008437e-01  5.00000000e+00  1.09008437e-01  5.00000000e+00 
 1.09208437e-01  5.00000000e+00  1.09208437e-01  5.00000000e+00 
 1.09408437e-01  5.00000000e+00  1.09408437e-01  5.00000000e+00 
 1.09608437e-01  5.00000000e+00  1.09608437e-01  5.00000000e+00 
 1.09808437e-01  5.00000000e+00  1.09808437e-01  5.00000000e+00 
 1.10008437e-01  5.00000000e+00  1.10008437e-01  5.00000000e+00 
 1.10208437e-01  5.00000000e+00  1.10208437e-01  5.00000000e+00 
 1.10408437e-01  5.00000000e+00  1.10408437e-01  5.00000000e+00 
 1.10608437e-01  5.00000000e+00  1.10608437e-01  5.00000000e+00 
 1.10808437e-01  5.00000000e+00  1.10808437e-01  5.00000000e+00 
 1.11008437e-01  5.00000000e+00  1.11008437e-01  5.00000000e+00 
 1.11208437e-01  5.00000000e+00  1.11208437e-01  5.00000000e+00 
 1.11408437e-01  5.00000000e+00  1.11408437e-01  5.00000000e+00 
 1.11608437e-01  5.00000000e+00  1.11608437e-01  5.00000000e+00 
 1.11808437e-01  5.00000000e+00  1.11808437e-01  5.00000000e+00 
 1.12008437e-01  5.00000000e+00  1.12008437e-01  5.00000000e+00 
 1.12208437e-01  5.00000000e+00  1.12208437e-01  5.00000000e+00 
 1.12408437e-01  5.00000000e+00  1.12408437e-01  5.00000000e+00 
 1.12608437e-01  5.00000000e+00  1.12608437e-01  5.00000000e+00 
 1.12808437e-01  5.00000000e+00  1.12808437e-01  5.00000000e+00 
 1.13008437e-01  5.00000000e+00  1.13008437e-01  5.00000000e+00 
 1.13208437e-01  5.00000000e+00  1.13208437e-01  5.00000000e+00 
 1.13408437e-01  5.00000000e+00  1.13408437e-01  5.00000000e+00 
 1.13608437e-01  5.00000000e+00  1.13608437e-01  5.00000000e+00 
 1.13808437e-01  5.00000000e+00  1.13808437e-01  5.00000000e+00 
 1.14008437e-01  5.00000000e+00  1.14008437e-01  5.00000000e+00 
 1.14208437e-01  5.00000000e+00  1.14208437e-01  5.00000000e+00 
 1.14408437e-01  5.00000000e+00  1.14408437e-01  5.00000000e+00 
 1.14608437e-01  5.00000000e+00  1.14608437e-01  5.00000000e+00 
 1.14808437e-01  5.00000000e+00  1.14808437e-01  5.00000000e+00 
 1.15008437e-01  5.00000000e+00  1.15008437e-01  5.00000000e+00 
 1.15208437e-01  5.00000000e+00  1.15208437e-01  5.00000000e+00 
 1.15408437e-01  5.00000000e+00  1.15408437e-01  5.00000000e+00 
 1.15608437e-01  5.00000000e+00  1.15608437e-01  5.00000000e+00 
 1.15808437e-01  5.00000000e+00  1.15808437e-01  5.00000000e+00 
 1.16008437e-01  5.00000000e+00  1.16008437e-01  5.00000000e+00 
 1.16208437e-01  5.00000000e+00  1.16208437e-01  5.00000000e+00 
 1.16408437e-01  5.00000000e+00  1.16408437e-01  5.00000000e+00 
 1.16608437e-01  5.00000000e+00  1.16608437e-01  5.00000000e+00 
 1.16808437e-01  5.00000000e+00  1.16808437e-01  5.00000000e+00 
 1.17008437e-01  5.00000000e+00  1.17008437e-01  5.00000000e+00 
 1.17208437e-01  5.00000000e+00  1.17208437e-01  5.00000000e+00 
 1.17408437e-01  5.00000000e+00  1.17408437e-01  5.00000000e+00 
 1.17608437e-01  5.00000000e+00  1.17608437e-01  5.00000000e+00 
 1.17808437e-01  5.00000000e+00  1.17808437e-01  5.00000000e+00 
 1.18008437e-01  5.00000000e+00  1.18008437e-01  5.00000000e+00 
 1.18208437e-01  5.00000000e+00  1.18208437e-01  5.00000000e+00 
 1.18408437e-01  5.00000000e+00  1.18408437e-01  5.00000000e+00 
 1.18608437e-01  5.00000000e+00  1.18608437e-01  5.00000000e+00 
 1.18808437e-01  5.00000000e+00  1.18808437e-01  5.00000000e+00 
 1.19008437e-01  5.00000000e+00  1.19008437e-01  5.00000000e+00 
 1.19208437e-01  5.00000000e+00  1.19208437e-01  5.00000000e+00 
 1.19408437e-01  5.00000000e+00  1.19408437e-01  5.00000000e+00 
 1.19608437e-01  5.00000000e+00  1.19608437e-01  5.00000000e+00 
 1.19808437e-01  5.00000000e+00  1.19808437e-01  5.00000000e+00 
 1.20008437e-01  5.00000000e+00  1.20008437e-01  5.00000000e+00 
 1.20208437e-01  5.00000000e+00  1.20208437e-01  5.00000000e+00 
 1.20408437e-01  5.00000000e+00  1.20408437e-01  5.00000000e+00 
 1.20608437e-01  5.00000000e+00  1.20608437e-01  5.00000000e+00 
 1.20808437e-01  5.00000000e+00  1.20808437e-01  5.00000000e+00 
 1.21008437e-01  5.00000000e+00  1.21008437e-01  5.00000000e+00 
 1.21208437e-01  5.00000000e+00  1.21208437e-01  5.00000000e+00 
 1.21408437e-01  5.00000000e+00  1.21408437e-01  5.00000000e+00 
 1.21608437e-01  5.00000000e+00  1.21608437e-01  5.00000000e+00 
 1.21808437e-01  5.00000000e+00  1.21808437e-01  5.00000000e+00 
 1.22008437e-01  5.00000000e+00  1.22008437e-01  5.00000000e+00 
 1.22208437e-01  5.00000000e+00  1.22208437e-01  5.00000000e+00 
 1.22408437e-01  5.00000000e+00  1.22408437e-01  5.00000000e+00 
 1.22608437e-01  5.00000000e+00  1.22608437e-01  5.00000000e+00 
 1.22808437e-01  5.00000000e+00  1.22808437e-01  5.00000000e+00 
 1.23000001e-01  5.00000000e+00  1.23000001e-01  5.00000000e+00 
 1.23020001e-01  4.88095238e+00  1.23020001e-01  0.00000000e+00 
 1.23060001e-01  4.64852608e+00  1.23060001e-01  0.00000000e+00 
 1.23140001e-01  4.21610505e+00  1.23140001e-01  0.00000000e+00 
 1.23300001e-01  3.46657526e+00  1.23300001e-01  0.00000000e+00 
 1.23500001e-01  2.71297194e+00  1.23500001e-01  0.00000000e+00 
 1.23700001e-01  2.12319543e+00  1.23700001e-01  0.00000000e+00 
 1.23900001e-01  1.66163121e+00  1.23900001e-01  0.00000000e+00 
 1.24100001e-01  1.30040703e+00  1.24100001e-01  0.00000000e+00 
 1.24300001e-01  1.01770985e+00  1.24300001e-01  0.00000000e+00 
 1.24500001e-01  7.96468580e-01  1.24500001e-01  0.00000000e+00 
 1.24700001e-01  6.23323236e-01  1.24700001e-01  0.00000000e+00 
 1.24900001e-01  4.87818185e-01  1.24900001e-01  0.00000000e+00 
 1.25100001e-01  3.81770753e-01  1.25100001e-01  0.00000000e+00 
 1.25300001e-01  2.98777111e-01  1.25300001e-01  0.00000000e+00 
 1.25500001e-01  2.33825565e-01  1.25500001e-01  0.00000000e+00 
 1.25700001e-01  1.82993921e-01  1.25700001e-01  0.00000000e+00 
 1.25900001e-01  1.43212634e-01  1.25900001e-01  0.00000000e+00 
 1.26100001e-01  1.12079452e-01  1.26100001e-01  0.00000000e+00 
 1.26300001e-01  8.77143541e-02  1.26300001e-01  0.00000000e+00 
 1.26500001e-01  6.86460162e-02  1.26500001e-01  0.00000000e+00 
 1.26700001e-01  5.37229692e-02  1.26700001e-01  0.00000000e+00 
 1.26900001e-01  4.20440629e-02  1.26900001e-01  0.00000000e+00 
 1.27100001e-01  3.29040492e-02  1.27100001e-01  0.00000000e+00 
 1.27300001e-01  2.57509950e-02  1.27300001e-01  0.00000000e+00 
 1.27500001e-01  2.01529526e-02  1.27500001e-01  0.00000000e+00 
 1.27700001e-01  1.57718760e-02  1.27700001e-01  0.00000000e+00 
 1.27900001e-01  1.23432073e-02  1.27900001e-01  0.00000000e+00 
 1.28100001e-01  9.65990135e-03  1.28100001e-01  0.00000000e+00 
 1.28300001e-01  7.55992280e-03  1.28300001e-01  0.00000000e+00 
 1.28500001e-01  5.91646132e-03  1.28500001e-01  0.00000000e+00 
 1.28700001e-01  4.63027408e-03  1.28700001e-01  0.00000000e+00 
 1.28900001e-01  3.62369276e-03  1.28900001e-01  0.00000000e+00 
 1.29100001e-01  2.83593346e-03  1.29100001e-01  0.00000000e+00 
 1.29300001e-01  2.21942619e-03  1.29300001e-01  0.00000000e+00 
 1.29500001e-01  1.73694223e-03  1.29500001e-01  0.00000000e+00 
 1.29700001e-01  1.35934610e-03  1.29700001e-01  0.00000000e+00 
 1.29900001e-01  1.06383607e-03  1.29900001e-01  0.00000000e+00 
 1.30100001e-01  8.32567363e-04  1.30100001e-01  0.00000000e+00 
 1.30300001e-01  6.51574458e-04  1.30300001e-01  0.00000000e+00 
 1.30500001e-01  5.09927837e-04  1.30500001e-01  0.00000000e+00 
 1.30700001e-01  3.99073959e-04  1.30700001e-01  0.00000000e+00 
 1.30900001e-01  3.12318751e-04  1.30900001e-01  0.00000000e+00 
 1.31100001e-01  2.44423370e-04  1.31100001e-01  0.00000000e+00 
 1.31300001e-01  1.91287855e-04  1.31300001e-01  0.00000000e+00 
 1.31500001e-01  1.49703539e-04  1.31500001e-01  0.00000000e+00 
 1.31700001e-01  1.17159291e-04  1.31700001e-01  0.00000000e+00 
 1.31900001e-01  9.16898799e-05  1.31900001e-01  0.00000000e+00 
 1.32100001e-01  7.17572973e-05  1.32100001e-01  0.00000000e+00 
 1.32300001e-01  5.61578849e-05  1.32300001e-01  0.00000000e+00 
 1.32500001e-01  4.39496490e-05  1.32500001e-01  0.00000000e+00 
 1.32700001e-01  3.43953775e-05  1.32700001e-01  0.00000000e+00 
 1.32900001e-01  2.69181215e-05  1.32900001e-01  0.00000000e+00 
 1.33100001e-01  2.10663560e-05  1.33100001e-01  0.00000000e+00 
 1.33300001e-01  1.64867134e-05  1.33300001e-01  0.00000000e+00 
 1.33500001e-01  1.29026452e-05  1.33500001e-01  0.00000000e+00 
 1.33700001e-01  1.00977224e-05  1.33700001e-01  0.00000000e+00 
 1.33900001e-01  7.90256533e-06  1.33900001e-01  0.00000000e+00 
 1.34100001e-01  6.18461635e-06  1.34100001e-01  0.00000000e+00 
 1.34300001e-01  4.84013453e-06  1.34300001e-01  0.00000000e+00 
 1.34500001e-01  3.78793137e-06  1.34500001e-01  0.00000000e+00 
 1.34700001e-01  2.96446803e-06  1.34700001e-01  0.00000000e+00 
 1.34900001e-01  2.32001846e-06  1.34900001e-01  0.00000000e+00 
 1.35100001e-01  1.81566662e-06  1.35100001e-01  0.00000000e+00 
 1.35300001e-01  1.42095649e-06  1.35300001e-01  0.00000000e+00 
 1.35500001e-01  1.11205290e-06  1.35500001e-01  0.00000000e+00 
 1.35700001e-01  8.70302271e-07  1.35700001e-01  0.00000000e+00 
 1.35900001e-01  6.81106125e-07  1.35900001e-01  0.00000000e+00 
 1.36100001e-01  5.33039576e-07  1.36100001e-01  0.00000000e+00 
 1.36300001e-01  4.17161407e-07  1.36300001e-01  0.00000000e+00 
 1.36500001e-01  3.26474145e-07  1.36500001e-01  0.00000000e+00 
 1.36700001e-01  2.55501505e-07  1.36700001e-01  0.00000000e+00 
 1.36900001e-01  1.99957699e-07  1.36900001e-01  0.00000000e+00 
 1.37100001e-01  1.56488634e-07  1.37100001e-01  0.00000000e+00 
 1.37300001e-01  1.22469366e-07  1.37300001e-01  0.00000000e+00 
 1.37500001e-01  9.58455907e-08  1.37500001e-01  0.00000000e+00 
 1.37700001e-01  7.50095927e-08  1.37700001e-01  0.00000000e+00 
 1.37900001e-01  5.87031595e-08  1.37900001e-01  0.00000000e+00 
 1.38100001e-01  4.59416031e-08  1.38100001e-01  0.00000000e+00 
 1.38300001e-01  3.59542981e-08  1.38300001e-01  0.00000000e+00 
 1.38500001e-01  2.81381463e-08  1.38500001e-01  0.00000000e+00 
 1.38700001e-01  2.20211580e-08  1.38700001e-01  0.00000000e+00 
 1.38900001e-01  1.72339497e-08  1.38900001e-01  0.00000000e+00 
 1.39100001e-01  1.34874389e-08  1.39100001e-01  0.00000000e+00 
 1.39300001e-01  1.05553870e-08  1.39300001e-01  0.00000000e+00 
 1.39500001e-01  8.26073764e-09  1.39500001e-01  0.00000000e+00 
 1.39700001e-01  6.46492511e-09  1.39700001e-01  0.00000000e+00 
 1.39900001e-01  5.05950661e-09  1.39900001e-01  0.00000000e+00 
 1.40100001e-01  3.95961387e-09  1.40100001e-01  0.00000000e+00 
 1.40300001e-01  3.09882824e-09  1.40300001e-01  0.00000000e+00 
 1.40500001e-01  2.42516993e-09  1.40500001e-01  0.00000000e+00 
 1.40700001e-01  1.89795908e-09  1.40700001e-01  0.00000000e+00 
 1.40900001e-01  1.48535928e-09  1.40900001e-01  0.00000000e+00 
 1.41100001e-01  1.16245509e-09  1.41100001e-01  0.00000000e+00 
 1.41300001e-01  9.09747459e-10  1.41300001e-01  0.00000000e+00 
 1.41500001e-01  7.11976272e-10  1.41500001e-01  0.00000000e+00 
 1.41700001e-01  5.57198822e-10  1.41700001e-01  0.00000000e+00 
 1.41900001e-01  4.36068643e-10  1.41900001e-01  0.00000000e+00 
 1.42100001e-01  3.41271112e-10  1.42100001e-01  0.00000000e+00 
 1.42300001e-01  2.67081740e-10  1.42300001e-01  0.00000000e+00 
 1.42500001e-01  2.09020492e-10  1.42500001e-01  0.00000000e+00 
 1.42700001e-01  1.63581255e-10  1.42700001e-01  0.00000000e+00 
 1.42900001e-01  1.28020112e-10  1.42900001e-01  0.00000000e+00 
 1.43100001e-01  1.00189653e-10  1.43100001e-01  0.00000000e+00 
 1.43300001e-01  7.84092937e-11  1.43300001e-01  0.00000000e+00 
 1.43500001e-01  6.13637951e-11  1.43500001e-01  0.00000000e+00 
 1.43700001e-01  4.80238396e-11  1.43700001e-01  0.00000000e+00 
 1.43900001e-01  3.75838745e-11  1.43900001e-01  0.00000000e+00 
 1.44100001e-01  2.94134670e-11  1.44100001e-01  0.00000000e+00 
 1.44300001e-01  2.30192350e-11  1.44300001e-01  0.00000000e+00 
 1.44500001e-01  1.80150535e-11  1.44500001e-01  0.00000000e+00 
 1.44700001e-01  1.40987375e-11  1.44700001e-01  0.00000000e+00 
 1.44900001e-01  1.10337946e-11  1.44900001e-01  0.00000000e+00 
 1.45100001e-01  8.63514359e-12  1.45100001e-01  0.00000000e+00 
 1.45300001e-01  6.75793846e-12  1.45300001e-01  0.00000000e+00 
 1.45500001e-01  5.28882141e-12  1.45500001e-01  0.00000000e+00 
 1.45700001e-01  4.13907762e-12  1.45700001e-01  0.00000000e+00 
 1.45900001e-01  3.23927814e-12  1.45900001e-01  0.00000000e+00 
 1.46100001e-01  2.53508724e-12  1.46100001e-01  0.00000000e+00 
 1.46300001e-01  1.98398132e-12  1.46300001e-01  0.00000000e+00 
 1.46500001e-01  1.55268103e-12  1.46500001e-01  0.00000000e+00 
 1.46700001e-01  1.21514168e-12  1.46700001e-01  0.00000000e+00 
 1.46900001e-01  9.50980442e-13  1.46900001e-01  0.00000000e+00 
 1.47100001e-01  7.44245564e-13  1.47100001e-01  0.00000000e+00 
 1.47300001e-01  5.82453050e-13  1.47300001e-01  0.00000000e+00 
 1.47500001e-01  4.55832822e-13  1.47500001e-01  0.00000000e+00 
 1.47700001e-01  3.56738730e-13  1.47700001e-01  0.00000000e+00 
 1.47900001e-01  2.79186832e-13  1.47900001e-01  0.00000000e+00 
 1.48100001e-01  2.18494043e-13  1.48100001e-01  0.00000000e+00 
 1.48300001e-01  1.70995338e-13  1.48300001e-01  0.00000000e+00 
 1.48500001e-01  1.33822438e-13  1.48500001e-01  0.00000000e+00 
 1.48700001e-01  1.04730604e-13  1.48700001e-01  0.00000000e+00 
 1.48900001e-01  8.19630812e-14  1.48900001e-01  0.00000000e+00 
 1.49100001e-01  6.41450201e-14  1.49100001e-01  0.00000000e+00 
 1.49300001e-01  5.02004505e-14  1.49300001e-01  0.00000000e+00 
 1.49500001e-01  3.92873091e-14  1.49500001e-01  0.00000000e+00 
 1.49700001e-01  3.07465897e-14  1.49700001e-01  0.00000000e+00 
 1.49900001e-01  2.40625485e-14  1.49900001e-01  0.00000000e+00 
 1.50100001e-01  1.88315597e-14  1.50100001e-01  0.00000000e+00 
 1.50300001e-01  1.47377424e-14  1.50300001e-01  0.00000000e+00 
 1.50500001e-01  1.15338853e-14  1.50500001e-01  0.00000000e+00 
 1.50700001e-01  9.02651895e-15  1.50700001e-01  0.00000000e+00 
 1.50900001e-01  7.06423222e-15  1.50900001e-01  0.00000000e+00 
 1.51100001e-01  5.52852956e-15  1.51100001e-01  0.00000000e+00 
 1.51300001e-01  4.32667531e-15  1.51300001e-01  0.00000000e+00 
 1.51500001e-01  3.38609372e-15  1.51500001e-01  0.00000000e+00 
 1.51700001e-01  2.64998639e-15  1.51700001e-01  0.00000000e+00 
 1.51900001e-01  2.07390239e-15  1.51900001e-01  0.00000000e+00 
 1.52100001e-01  1.62305405e-15  1.52100001e-01  0.00000000e+00 
 1.52300001e-01  1.27021621e-15  1.52300001e-01  0.00000000e+00 
 1.52500001e-01  9.94082251e-16  1.52500001e-01  0.00000000e+00 
 1.52700001e-01  7.77977414e-16  1.52700001e-01  0.00000000e+00 
 1.52900001e-01  6.08851889e-16  1.52900001e-01  0.00000000e+00 
 1.53100001e-01  4.76492783e-16  1.53100001e-01  0.00000000e+00 
 1.53300001e-01  3.72907395e-16  1.53300001e-01  0.00000000e+00 
 1.53500001e-01  2.91840570e-16  1.53500001e-01  0.00000000e+00 
 1.53700001e-01  2.28396968e-16  1.53700001e-01  0.00000000e+00 
 1.53900001e-01  1.78745453e-16  1.53900001e-01  0.00000000e+00 
 1.54100001e-01  1.39887746e-16  1.54100001e-01  0.00000000e+00 
 1.54300001e-01  1.09477366e-16  1.54300001e-01  0.00000000e+00 
 1.54500001e-01  8.56779390e-17  1.54500001e-01  0.00000000e+00 
 1.54700001e-01  6.70523001e-17  1.54700001e-01  0.00000000e+00 
 1.54900001e-01  5.24757131e-17  1.54900001e-01  0.00000000e+00 
 1.55100001e-01  4.10679494e-17  1.55100001e-01  0.00000000e+00 
 1.55300001e-01  3.21401343e-17  1.55300001e-01  0.00000000e+00 
 1.55500001e-01  2.51531486e-17  1.55500001e-01  0.00000000e+00 
 1.55700001e-01  1.96850728e-17  1.55700001e-01  0.00000000e+00 
 1.55900001e-01  1.54057091e-17  1.55900001e-01  0.00000000e+00 
 1.56100001e-01  1.20566419e-17  1.56100001e-01  0.00000000e+00 
 1.56300001e-01  9.43563282e-18  1.56300001e-01  0.00000000e+00 
 1.56500001e-01  7.38440830e-18  1.56500001e-01  0.00000000e+00 
 1.56700001e-01  5.77910214e-18  1.56700001e-01  0.00000000e+00 
 1.56900001e-01  4.52277559e-18  1.56900001e-01  0.00000000e+00 
 1.57100001e-01  3.53956351e-18  1.57100001e-01  0.00000000e+00 
 1.57300001e-01  2.77009318e-18  1.57300001e-01  0.00000000e+00 
 1.57500001e-01  2.16789901e-18  1.57500001e-01  0.00000000e+00 
 1.57700001e-01  1.69661662e-18  1.57700001e-01  0.00000000e+00 
 1.57900001e-01  1.32778692e-18  1.57900001e-01  0.00000000e+00 
 1.58100001e-01  1.03913759e-18  1.58100001e-01  0.00000000e+00 
 1.58300001e-01  8.13238112e-19  1.58300001e-01  0.00000000e+00 
 1.58500001e-01  6.36447218e-19  1.58500001e-01  0.00000000e+00 
 1.58700001e-01  4.98089127e-19  1.58700001e-01  0.00000000e+00 
 1.58900001e-01  3.89808882e-19  1.58900001e-01  0.00000000e+00 
 1.59100001e-01  3.05067821e-19  1.59100001e-01  0.00000000e+00 
 1.59300001e-01  2.38748729e-19  1.59300001e-01  0.00000000e+00 
 1.59500001e-01  1.86846832e-19  1.59500001e-01  0.00000000e+00 
 1.59700001e-01  1.46227955e-19  1.59700001e-01  0.00000000e+00 
 1.59900001e-01  1.14439269e-19  1.59900001e-01  0.00000000e+00 
 1.60100001e-01  8.95611672e-20  1.60100001e-01  0.00000000e+00 
 1.60300001e-01  7.00913483e-20  1.60300001e-01  0.00000000e+00 
 1.60500001e-01  5.48540987e-20  1.60500001e-01  0.00000000e+00 
 1.60700001e-01  4.29292946e-20  1.60700001e-01  0.00000000e+00 
 1.60900001e-01  3.35968393e-20  1.60900001e-01  0.00000000e+00 
 1.61100001e-01  2.62931785e-20  1.61100001e-01  0.00000000e+00 
 1.61300001e-01  2.05772702e-20  1.61300001e-01  0.00000000e+00 
 1.61500001e-01  1.61039506e-20  1.61500001e-01  0.00000000e+00 
 1.61700001e-01  1.26030917e-20  1.61700001e-01  0.00000000e+00 
 1.61900001e-01  9.86328919e-21  1.61900001e-01  0.00000000e+00 
 1.62100001e-01  7.71909589e-21  1.62100001e-01  0.00000000e+00 
 1.62300001e-01  6.04103157e-21  1.62300001e-01  0.00000000e+00 
 1.62500001e-01  4.72776383e-21  1.62500001e-01  0.00000000e+00 
 1.62700001e-01  3.69998909e-21  1.62700001e-01  0.00000000e+00 
 1.62900001e-01  2.89564363e-21  1.62900001e-01  0.00000000e+00 
 1.63100001e-01  2.26615589e-21  1.63100001e-01  0.00000000e+00 
 1.63300001e-01  1.77351330e-21  1.63300001e-01  0.00000000e+00 
 1.63500001e-01  1.38796693e-21  1.63500001e-01  0.00000000e+00 
 1.63700001e-01  1.08623499e-21  1.63700001e-01  0.00000000e+00 
 1.63900001e-01  8.50096949e-22  1.63900001e-01  0.00000000e+00 
 1.64000000e-01  7.52385577e-22  1.64000000e-01  0.00000000e+00 
 1.64000000e-01  6.09756073e-08  1.64000000e-01  5.00000041e-01 
 1.64000000e-01  3.04878005e-07  1.64000000e-01  1.49999999e+00 
 1.64000001e-01  1.52438975e-06  1.64000001e-01  3.50000001e+00 
 1.64000001e-01  3.07926695e-06  1.64000001e-01  5.00000000e+00 
 1.64000001e-01  3.38228557e-06  1.64000001e-01  5.00000000e+00 
 1.64000001e-01  3.98832277e-06  1.64000001e-01  5.00000000e+00 
 1.64000001e-01  5.20039696e-06  1.64000001e-01  5.00000000e+00 
 1.64000002e-01  7.62454446e-06  1.64000002e-01  5.00000000e+00 
 1.64000003e-01  1.24728359e-05  1.64000003e-01  5.00000000e+00 
 1.64000004e-01  2.21694048e-05  1.64000004e-01  5.00000000e+00 
 1.64000007e-01  4.15624860e-05  1.64000007e-01  5.00000000e+00 
 1.64000014e-01  8.03484229e-05  1.64000014e-01  5.00000000e+00 
 1.64000026e-01  1.57919394e-04  1.64000026e-01  5.00000000e+00 
 1.64000052e-01  3.13057726e-04  1.64000052e-01  5.00000000e+00 
 1.64000103e-01  6.23319948e-04  1.64000103e-01  5.00000000e+00 
 1.64000205e-01  1.24378663e-03  1.64000205e-01  5.00000000e+00 
 1.64000408e-01  2.48448900e-03  1.64000408e-01  5.00000000e+00 
 1.64000815e-01  4.96497002e-03  1.64000815e-01  5.00000000e+00 
 1.64001629e-01  9.92223947e-03  1.64001629e-01  5.00000000e+00 
 1.64003258e-01  1.98220263e-02  1.64003258e-01  5.00000000e+00 
 1.64006515e-01  3.95627380e-02  1.64006515e-01  5.00000000e+00 
 1.64013028e-01  7.88098777e-02  1.64013028e-01  5.00000000e+00 
 1.64026055e-01  1.56376254e-01  1.64026055e-01  5.00000000e+00 
 1.64052110e-01  3.07869949e-01  1.64052110e-01  5.00000000e+00 
 1.64104219e-01  5.96861439e-01  1.64104219e-01  5.00000000e+00 
 1.64208437e-01  1.12304214e+00  1.64208437e-01  5.00000000e+00 
 1.64408437e-01  1.96585906e+00  1.64408437e-01  5.00000000e+00 
 1.64608437e-01  2.62545492e+00  1.64608437e-01  5.00000000e+00 
 1.64808437e-01  3.14166037e+00  1.64808437e-01  5.00000000e+00 
 1.65008437e-01  3.54564725e+00  1.65008437e-01  5.00000000e+00 
 1.65208437e-01  3.86181089e+00  1.65208437e-01  5.00000000e+00 
 1.65408437e-01  4.10924330e+00  1.65408437e-01  5.00000000e+00 
 1.65608437e-01  4.30288606e+00  1.65608437e-01  5.00000000e+00 
 1.65808437e-01  4.45443257e+00  1.65808437e-01  5.00000000e+00 
 1.66008437e-01  4.57303419e+00  1.66008437e-01  5.00000000e+00 
 1.66208437e-01  4.66585284e+00  1.66208437e-01  5.00000000e+00 
 1.66408437e-01  4.73849353e+00  1.66408437e-01  5.00000000e+00 
 1.66608437e-01  4.79534276e+00  1.66608437e-01  5.00000000e+00 
 1.66808437e-01  4.83983347e+00  1.66808437e-01  5.00000000e+00 
 1.67008437e-01  4.87465228e+00  1.67008437e-01  5.00000000e+00 
 1.67208437e-01  4.90190178e+00  1.67208437e-01  5.00000000e+00 
 1.67408437e-01  4.92322748e+00  1.67408437e-01  5.00000000e+00 
 1.67608437e-01  4.93991716e+00  1.67608437e-01  5.00000000e+00 
 1.67808437e-01  4.95297865e+00  1.67808437e-01  5.00000000e+00 
 1.68008437e-01  4.96320068e+00  1.68008437e-01  5.00000000e+00 
 1.68208437e-01  4.97120053e+00  1.68208437e-01  5.00000000e+00 
 1.68408437e-01  4.97746129e+00  1.68408437e-01  5.00000000e+00 
 1.68608437e-01  4.98236101e+00  1.68608437e-01  5.00000000e+00 
 1.68808437e-01  4.98619557e+00  1.68808437e-01  5.00000000e+00 
 1.69008437e-01  4.98919653e+00  1.69008437e-01  5.00000000e+00 
 1.69208437e-01  4.99154511e+00  1.69208437e-01  5.00000000e+00 
 1.69408437e-01  4.99338313e+00  1.69408437e-01  5.00000000e+00 
 1.69608437e-01  4.99482158e+00  1.69608437e-01  5.00000000e+00 
 1.69808437e-01  4.99594732e+00  1.69808437e-01  5.00000000e+00 
 1.70008437e-01  4.99682834e+00  1.70008437e-01  5.00000000e+00 
 1.70208437e-01  4.99751783e+00  1.70208437e-01  5.00000000e+00 
 1.70408437e-01  4.99805743e+00  1.70408437e-01  5.00000000e+00 
 1.70608437e-01  4.99847973e+00  1.70608437e-01  5.00000000e+00 
 1.70808437e-01  4.99881022e+00  1.70808437e-01  5.00000000e+00 
 1.71008437e-01  4.99906887e+00  1.71008437e-01  5.00000000e+00 
 1.71208437e-01  4.99927129e+00  1.71208437e-01  5.00000000e+00 
 1.71408437e-01  4.99942971e+00  1.71408437e-01  5.00000000e+00 
 1.71608437e-01  4.99955368e+00  1.71608437e-01  5.00000000e+00 
 1.71808437e-01  4.99965071e+00  1.71808437e-01  5.00000000e+00 
 1.72008437e-01  4.99972664e+00  1.72008437e-01  5.00000000e+00 
 1.72208437e-01  4.99978607e+00  1.72208437e-01  5.00000000e+00 
 1.72408437e-01  4.99983257e+00  1.72408437e-01  5.00000000e+00 
 1.72608437e-01  4.99986897e+00  1.72608437e-01  5.00000000e+00 
 1.72808437e-01  4.99989746e+00  1.72808437e-01  5.00000000e+00 
 1.73008437e-01  4.99991975e+00  1.73008437e-01  5.00000000e+00 
 1.73208437e-01  4.99993719e+00  1.73208437e-01  5.00000000e+00 
 1.73408437e-01  4.99995085e+00  1.73408437e-01  5.00000000e+00 
 1.73608437e-01  4.99996153e+00  1.73608437e-01  5.00000000e+00 
 1.73808437e-01  4.99996990e+00  1.73808437e-01  5.00000000e+00 
 1.74008437e-01  4.99997644e+00  1.74008437e-01  5.00000000e+00 
 1.74208437e-01  4.99998156e+00  1.74208437e-01  5.00000000e+00 
 1.74408437e-01  4.99998557e+00  1.74408437e-01  5.00000000e+00 
 1.74608437e-01  4.99998871e+00  1.74608437e-01  5.00000000e+00 
 1.74808437e-01  4.99999116e+00  1.74808437e-01  5.00000000e+00 
 1.75008437e-01  4.99999308e+00  1.75008437e-01  5.00000000e+00 
 1.75208437e-01  4.99999459e+00  1.75208437e-01  5.00000000e+00 
 1.75408437e-01  4.99999576e+00  1.75408437e-01  5.00000000e+00 
 1.75608437e-01  4.99999668e+00  1.75608437e-01  5.00000000e+00 
 1.75808437e-01  4.99999741e+00  1.75808437e-01  5.00000000e+00 
 1.76008437e-01  4.99999797e+00  1.76008437e-01  5.00000000e+00 
 1.76208437e-01  4.99999841e+00  1.76208437e-01  5.00000000e+00 
 1.76408437e-01  4.99999876e+00  1.76408437e-01  5.00000000e+00 
 1.76608437e-01  4.99999903e+00  1.76608437e-01  5.00000000e+00 
 1.76808437e-01  4.99999924e+00  1.76808437e-01  5.00000000e+00 
 1.77008437e-01  4.99999940e+00  1.77008437e-01  5.00000000e+00 
 1.77208437e-01  4.99999953e+00  1.77208437e-01  5.00000000e+00 
 1.77408437e-01  4.99999963e+00  1.77408437e-01  5.00000000e+00 
 1.77608437e-01  4.99999971e+00  1.77608437e-01  5.00000000e+00 
 1.77808437e-01  4.99999978e+00  1.77808437e-01  5.00000000e+00 
 1.78008437e-01  4.99999982e+00  1.78008437e-01  5.00000000e+00 
 1.78208437e-01  4.99999986e+00  1.78208437e-01  5.00000000e+00 
 1.78408437e-01  4.99999989e+00  1.78408437e-01  5.00000000e+00 
 1.78608437e-01  4.99999992e+00  1.78608437e-01  5.00000000e+00 
 1.78808437e-01  4.99999993e+00  1.78808437e-01  5.00000000e+00 
 1.79008437e-01  4.99999995e+00  1.79008437e-01  5.00000000e+00 
 1.79208437e-01  4.99999996e+00  1.79208437e-01  5.00000000e+00 
 1.79408437e-01  4.99999997e+00  1.79408437e-01  5.00000000e+00 
 1.79608437e-01  4.99999998e+00  1.79608437e-01  5.00000000e+00 
 1.79808437e-01  4.99999998e+00  1.79808437e-01  5.00000000e+00 
 1.80008437e-01  4.99999998e+00  1.80008437e-01  5.00000000e+00 
 1.80208437e-01  4.99999999e+00  1.80208437e-01  5.00000000e+00 
 1.80408437e-01  4.99999999e+00  1.80408437e-01  5.00000000e+00 
 1.80608437e-01  4.99999999e+00  1.80608437e-01  5.00000000e+00 
 1.80808437e-01  4.99999999e+00  1.80808437e-01  5.00000000e+00 
 1.81008437e-01  5.00000000e+00  1.81008437e-01  5.00000000e+00 
 1.81208437e-01  5.00000000e+00  1.81208437e-01  5.00000000e+00 
 1.81408437e-01  5.00000000e+00  1.81408437e-01  5.00000000e+00 
 1.81608437e-01  5.00000000e+00  1.81608437e-01  5.00000000e+00 
 1.81808437e-01  5.00000000e+00  1.81808437e-01  5.00000000e+00 
 1.82008437e-01  5.00000000e+00  1.82008437e-01  5.00000000e+00 
 1.82208437e-01  5.00000000e+00  1.82208437e-01  5.00000000e+00 
 1.82408437e-01  5.00000000e+00  1.82408437e-01  5.00000000e+00 
 1.82608437e-01  5.00000000e+00  1.82608437e-01  5.00000000e+00 
 1.82808437e-01  5.00000000e+00  1.82808437e-01  5.00000000e+00 
 1.83008437e-01  5.00000000e+00  1.83008437e-01  5.00000000e+00 
 1.83208437e-01  5.00000000e+00  1.83208437e-01  5.00000000e+00 
 1.83408437e-01  5.00000000e+00  1.83408437e-01  5.00000000e+00 
 1.83608437e-01  5.00000000e+00  1.83608437e-01  5.00000000e+00 
 1.83808437e-01  5.00000000e+00  1.83808437e-01  5.00000000e+00 
 1.84008437e-01  5.00000000e+00  1.84008437e-01  5.00000000e+00 
 1.84208437e-01  5.00000000e+00  1.84208437e-01  5.00000000e+00 
 1.84408437e-01  5.00000000e+00  1.84408437e-01  5.00000000e+00 
 1.84608437e-01  5.00000000e+00  1.84608437e-01  5.00000000e+00 
 1.84808437e-01  5.00000000e+00  1.84808437e-01  5.00000000e+00 
 1.85008437e-01  5.00000000e+00  1.85008437e-01  5.00000000e+00 
 1.85208437e-01  5.00000000e+00  1.85208437e-01  5.00000000e+00 
 1.85408437e-01  5.00000000e+00  1.85408437e-01  5.00000000e+00 
 1.85608437e-01  5.00000000e+00  1.85608437e-01  5.00000000e+00 
 1.85808437e-01  5.00000000e+00  1.85808437e-01  5.00000000e+00 
 1.86008437e-01  5.00000000e+00  1.86008437e-01  5.00000000e+00 
 1.86208437e-01  5.00000000e+00  1.86208437e-01  5.00000000e+00 
 1.86408437e-01  5.00000000e+00  1.86408437e-01  5.00000000e+00 
 1.86608437e-01  5.00000000e+00  1.86608437e-01  5.00000000e+00 
 1.86808437e-01  5.00000000e+00  1.86808437e-01  5.00000000e+00 
 1.87008437e-01  5.00000000e+00  1.87008437e-01  5.00000000e+00 
 1.87208437e-01  5.00000000e+00  1.87208437e-01  5.00000000e+00 
 1.87408437e-01  5.00000000e+00  1.87408437e-01  5.00000000e+00 
 1.87608437e-01  5.00000000e+00  1.87608437e-01  5.00000000e+00 
 1.87808437e-01  5.00000000e+00  1.87808437e-01  5.00000000e+00 
 1.88008437e-01  5.00000000e+00  1.88008437e-01  5.00000000e+00 
 1.88208437e-01  5.00000000e+00  1.88208437e-01  5.00000000e+00 
 1.88408437e-01  5.00000000e+00  1.88408437e-01  5.00000000e+00 
 1.88608437e-01  5.00000000e+00  1.88608437e-01  5.00000000e+00 
 1.88808437e-01  5.00000000e+00  1.88808437e-01  5.00000000e+00 
 1.89008437e-01  5.00000000e+00  1.89008437e-01  5.00000000e+00 
 1.89208437e-01  5.00000000e+00  1.89208437e-01  5.00000000e+00 
 1.89408437e-01  5.00000000e+00  1.89408437e-01  5.00000000e+00 
 1.89608437e-01  5.00000000e+00  1.89608437e-01  5.00000000e+00 
 1.89808437e-01  5.00000000e+00  1.89808437e-01  5.00000000e+00 
 1.90008437e-01  5.00000000e+00  1.90008437e-01  5.00000000e+00 
 1.90208437e-01  5.00000000e+00  1.90208437e-01  5.00000000e+00 
 1.90408437e-01  5.00000000e+00  1.90408437e-01  5.00000000e+00 
 1.90608437e-01  5.00000000e+00  1.90608437e-01  5.00000000e+00 
 1.90808437e-01  5.00000000e+00  1.90808437e-01  5.00000000e+00 
 1.91008437e-01  5.00000000e+00  1.91008437e-01  5.00000000e+00 
 1.91208437e-01  5.00000000e+00  1.91208437e-01  5.00000000e+00 
 1.91408437e-01  5.00000000e+00  1.91408437e-01  5.00000000e+00 
 1.91608437e-01  5.00000000e+00  1.91608437e-01  5.00000000e+00 
 1.91808437e-01  5.00000000e+00  1.91808437e-01  5.00000000e+00 
 1.92008437e-01  5.00000000e+00  1.92008437e-01  5.00000000e+00 
 1.92208437e-01  5.00000000e+00  1.92208437e-01  5.00000000e+00 
 1.92408437e-01  5.00000000e+00  1.92408437e-01  5.00000000e+00 
 1.92608437e-01  5.00000000e+00  1.92608437e-01  5.00000000e+00 
 1.92808437e-01  5.00000000e+00  1.92808437e-01  5.00000000e+00 
 1.93008437e-01  5.00000000e+00  1.93008437e-01  5.00000000e+00 
 1.93208437e-01  5.00000000e+00  1.93208437e-01  5.00000000e+00 
 1.93408437e-01  5.00000000e+00  1.93408437e-01  5.00000000e+00 
 1.93608437e-01  5.00000000e+00  1.93608437e-01  5.00000000e+00 
 1.93808437e-01  5.00000000e+00  1.93808437e-01  5.00000000e+00 
 1.94008437e-01  5.00000000e+00  1.94008437e-01  5.00000000e+00 
 1.94208437e-01  5.00000000e+00  1.94208437e-01  5.00000000e+00 
 1.94408437e-01  5.00000000e+00  1.94408437e-01  5.00000000e+00 
 1.94608437e-01  5.00000000e+00  1.94608437e-01  5.00000000e+00 
 1.94808437e-01  5.00000000e+00  1.94808437e-01  5.00000000e+00 
 1.95008437e-01  5.00000000e+00  1.95008437e-01  5.00000000e+00 
 1.95208437e-01  5.00000000e+00  1.95208437e-01  5.00000000e+00 
 1.95408437e-01  5.00000000e+00  1.95408437e-01  5.00000000e+00 
 1.95608437e-01  5.00000000e+00  1.95608437e-01  5.00000000e+00 
 1.95808437e-01  5.00000000e+00  1.95808437e-01  5.00000000e+00 
 1.96008437e-01  5.00000000e+00  1.96008437e-01  5.00000000e+00 
 1.96208437e-01  5.00000000e+00  1.96208437e-01  5.00000000e+00 
 1.96408437e-01  5.00000000e+00  1.96408437e-01  5.00000000e+00 
 1.96608437e-01  5.00000000e+00  1.96608437e-01  5.00000000e+00 
 1.96808437e-01  5.00000000e+00  1.96808437e-01  5.00000000e+00 
 1.97008437e-01  5.00000000e+00  1.97008437e-01  5.00000000e+00 
 1.97208437e-01  5.00000000e+00  1.97208437e-01  5.00000000e+00 
 1.97408437e-01  5.00000000e+00  1.97408437e-01  5.00000000e+00 
 1.97608437e-01  5.00000000e+00  1.97608437e-01  5.00000000e+00 
 1.97808437e-01  5.00000000e+00  1.97808437e-01  5.00000000e+00 
 1.98008437e-01  5.00000000e+00  1.98008437e-01  5.00000000e+00 
 1.98208437e-01  5.00000000e+00  1.98208437e-01  5.00000000e+00 
 1.98408437e-01  5.00000000e+00  1.98408437e-01  5.00000000e+00 
 1.98608437e-01  5.00000000e+00  1.98608437e-01  5.00000000e+00 
 1.98808437e-01  5.00000000e+00  1.98808437e-01  5.00000000e+00 
 1.99008437e-01  5.00000000e+00  1.99008437e-01  5.00000000e+00 
 1.99208437e-01  5.00000000e+00  1.99208437e-01  5.00000000e+00 
 1.99408437e-01  5.00000000e+00  1.99408437e-01  5.00000000e+00 
 1.99608437e-01  5.00000000e+00  1.99608437e-01  5.00000000e+00 
 1.99808437e-01  5.00000000e+00  1.99808437e-01  5.00000000e+00 
 2.00008437e-01  5.00000000e+00  2.00008437e-01  5.00000000e+00 
 2.00208437e-01  5.00000000e+00  2.00208437e-01  5.00000000e+00 
 2.00408437e-01  5.00000000e+00  2.00408437e-01  5.00000000e+00 
 2.00608437e-01  5.00000000e+00  2.00608437e-01  5.00000000e+00 
 2.00808437e-01  5.00000000e+00  2.00808437e-01  5.00000000e+00 
 2.01008437e-01  5.00000000e+00  2.01008437e-01  5.00000000e+00 
 2.01208437e-01  5.00000000e+00  2.01208437e-01  5.00000000e+00 
 2.01408437e-01  5.00000000e+00  2.01408437e-01  5.00000000e+00 
 2.01608437e-01  5.00000000e+00  2.01608437e-01  5.00000000e+00 
 2.01808437e-01  5.00000000e+00  2.01808437e-01  5.00000000e+00 
 2.02008437e-01  5.00000000e+00  2.02008437e-01  5.00000000e+00 
 2.02208437e-01  5.00000000e+00  2.02208437e-01  5.00000000e+00 
 2.02408437e-01  5.00000000e+00  2.02408437e-01  5.00000000e+00 
 2.02608437e-01  5.00000000e+00  2.02608437e-01  5.00000000e+00 
 2.02808437e-01  5.00000000e+00  2.02808437e-01  5.00000000e+00 
 2.03008437e-01  5.00000000e+00  2.03008437e-01  5.00000000e+00 
 2.03208437e-01  5.00000000e+00  2.03208437e-01  5.00000000e+00 
 2.03408437e-01  5.00000000e+00  2.03408437e-01  5.00000000e+00 
 2.03608437e-01  5.00000000e+00  2.03608437e-01  5.00000000e+00 
 2.03808437e-01  5.00000000e+00  2.03808437e-01  5.00000000e+00 
 2.04008437e-01  5.00000000e+00  2.04008437e-01  5.00000000e+00 
 2.04208437e-01  5.00000000e+00  2.04208437e-01  5.00000000e+00 
 2.04408437e-01  5.00000000e+00  2.04408437e-01  5.00000000e+00 
 2.04608437e-01  5.00000000e+00  2.04608437e-01  5.00000000e+00 
 2.04808437e-01  5.00000000e+00  2.04808437e-01  5.00000000e+00 
 2.05000001e-01  5.00000000e+00  2.05000001e-01  4.99999997e+00 
 2.05000001e-01  4.99999994e+00  2.05000001e-01  4.49999992e+00 
 2.05000001e-01  4.99999969e+00  2.05000001e-01  3.49999998e+00 
 2.05000002e-01  4.99999847e+00  2.05000002e-01  1.49999995e+00 
 2.05000002e-01  4.99999692e+00  2.05000002e-01  0.00000000e+00 
 2.05000002e-01  4.99999643e+00  2.05000002e-01  0.00000000e+00 
 2.05000002e-01  4.99999545e+00  2.05000002e-01  0.00000000e+00 
 2.05000003e-01  4.99999350e+00  2.05000003e-01  0.00000000e+00 
 2.05000003e-01  4.99998960e+00  2.05000003e-01  0.00000000e+00 
 2.05000004e-01  4.99998180e+00  2.05000004e-01  0.00000000e+00 
 2.05000007e-01  4.99996619e+00  2.05000007e-01  0.00000000e+00 
 2.05000012e-01  4.99993497e+00  2.05000012e-01  0.00000000e+00 
 2.05000022e-01  4.99987253e+00  2.05000022e-01  0.00000000e+00 
 2.05000043e-01  4.99974766e+00  2.05000043e-01  0.00000000e+00 
 2.05000084e-01  4.99949792e+00  2.05000084e-01  0.00000000e+00 
 2.05000166e-01  4.99899848e+00  2.05000166e-01  0.00000000e+00 
 2.05000330e-01  4.99799976e+00  2.05000330e-01  0.00000000e+00 
 2.05000657e-01  4.99600291e+00  2.05000657e-01  0.00000000e+00 
 2.05001313e-01  4.99201160e+00  2.05001313e-01  0.00000000e+00 
 2.05002623e-01  4.98403854e+00  2.05002623e-01  0.00000000e+00 
 2.05005245e-01  4.96813061e+00  2.05005245e-01  0.00000000e+00 
 2.05010488e-01  4.93646682e+00  2.05010488e-01  0.00000000e+00 
 2.05020973e-01  4.87374273e+00  2.05020973e-01  0.00000000e+00 
 2.05041945e-01  4.75067043e+00  2.05041945e-01  0.00000000e+00 
 2.05083888e-01  4.51373308e+00  2.05083888e-01  0.00000000e+00 
 2.05167774e-01  4.07444724e+00  2.05167774e-01  0.00000000e+00 
 2.05335546e-01  3.31818068e+00  2.05335546e-01  0.00000000e+00 
 2.05535546e-01  2.59683706e+00  2.05535546e-01  0.00000000e+00 
 2.05735546e-01  2.03230726e+00  2.05735546e-01  0.00000000e+00 
 2.05935546e-01  1.59050134e+00  2.05935546e-01  0.00000000e+00 
 2.06135546e-01  1.24474018e+00  2.06135546e-01  0.00000000e+00 
 2.06335546e-01  9.74144485e-01  2.06335546e-01  0.00000000e+00 
 2.06535546e-01  7.62373945e-01  2.06535546e-01  0.00000000e+00 
 2.06735546e-01  5.96640479e-01  2.06735546e-01  0.00000000e+00 
 2.06935546e-01  4.66936027e-01  2.06935546e-01  0.00000000e+00 
 2.07135546e-01  3.65428195e-01  2.07135546e-01  0.00000000e+00 
 2.07335546e-01  2.85987283e-01  2.07335546e-01  0.00000000e+00 
 2.07535546e-01  2.23816135e-01  2.07535546e-01  0.00000000e+00 
 2.07735546e-01  1.75160453e-01  2.07735546e-01  0.00000000e+00 
 2.07935546e-01  1.37082094e-01  2.07935546e-01  0.00000000e+00 
 2.08135546e-01  1.07281639e-01  2.08135546e-01  0.00000000e+00 
 2.08335546e-01  8.39595432e-02  2.08335546e-01  0.00000000e+00 
 2.08535546e-01  6.57074686e-02  2.08535546e-01  0.00000000e+00 
 2.08735546e-01  5.14232363e-02  2.08735546e-01  0.00000000e+00 
 2.08935546e-01  4.02442719e-02  2.08935546e-01  0.00000000e+00 
 2.09135546e-01  3.14955171e-02  2.09135546e-01  0.00000000e+00 
 2.09335546e-01  2.46486656e-02  2.09335546e-01  0.00000000e+00 
 2.09535546e-01  1.92902600e-02  2.09535546e-01  0.00000000e+00 
 2.09735546e-01  1.50967252e-02  2.09735546e-01  0.00000000e+00 
 2.09935546e-01  1.18148284e-02  2.09935546e-01  0.00000000e+00 
 2.10135546e-01  9.24638748e-03  2.10135546e-01  0.00000000e+00 
 2.10335546e-01  7.23630324e-03  2.10335546e-01  0.00000000e+00 
 2.10535546e-01  5.66319384e-03  2.10535546e-01  0.00000000e+00 
 2.10735546e-01  4.43206475e-03  2.10735546e-01  0.00000000e+00 
 2.10935546e-01  3.46857241e-03  2.10935546e-01  0.00000000e+00 
 2.11135546e-01  2.71453493e-03  2.11135546e-01  0.00000000e+00 
 2.11335546e-01  2.12441864e-03  2.11335546e-01  0.00000000e+00 
 2.11535546e-01  1.66258850e-03  2.11535546e-01  0.00000000e+00 
 2.11735546e-01  1.30115622e-03  2.11735546e-01  0.00000000e+00 
 2.11935546e-01  1.01829617e-03  2.11935546e-01  0.00000000e+00 
 2.12135546e-01  7.96927438e-04  2.12135546e-01  0.00000000e+00 
 2.12335546e-01  6.23682343e-04  2.12335546e-01  0.00000000e+00 
 2.12535546e-01  4.88099225e-04  2.12535546e-01  0.00000000e+00 
 2.12735546e-01  3.81990698e-04  2.12735546e-01  0.00000000e+00 
 2.12935546e-01  2.98949242e-04  2.12935546e-01  0.00000000e+00 
 2.13135546e-01  2.33960276e-04  2.13135546e-01  0.00000000e+00 
 2.13335546e-01  1.83099347e-04  2.13335546e-01  0.00000000e+00 
 2.13535546e-01  1.43295141e-04  2.13535546e-01  0.00000000e+00 
 2.13735546e-01  1.12144023e-04  2.13735546e-01  0.00000000e+00 
 2.13935546e-01  8.77648877e-05  2.13935546e-01  0.00000000e+00 
 2.14135546e-01  6.86855643e-05  2.14135546e-01  0.00000000e+00 
 2.14335546e-01  5.37539199e-05  2.14335546e-01  0.00000000e+00 
 2.14535546e-01  4.20682851e-05  2.14535546e-01  0.00000000e+00 
 2.14735546e-01  3.29230058e-05  2.14735546e-01  0.00000000e+00 
 2.14935546e-01  2.57658306e-05  2.14935546e-01  0.00000000e+00 
 2.15135546e-01  2.01645631e-05  2.15135546e-01  0.00000000e+00 
 2.15335546e-01  1.57809624e-05  2.15335546e-01  0.00000000e+00 
 2.15535546e-01  1.23503184e-05  2.15535546e-01  0.00000000e+00 
 2.15735546e-01  9.66546658e-06  2.15735546e-01  0.00000000e+00 
 2.15935546e-01  7.56427819e-06  2.15935546e-01  0.00000000e+00 
 2.16135546e-01  5.91986989e-06  2.16135546e-01  0.00000000e+00 
 2.16335546e-01  4.63294165e-06  2.16335546e-01  0.00000000e+00 
 2.16535546e-01  3.62578042e-06  2.16535546e-01  0.00000000e+00 
 2.16735546e-01  2.83756729e-06  2.16735546e-01  0.00000000e+00 
 2.16935546e-01  2.22070483e-06  2.16935546e-01  0.00000000e+00 
 2.17135546e-01  1.73794291e-06  2.17135546e-01  0.00000000e+00 
 2.17335546e-01  1.36012924e-06  2.17335546e-01  0.00000000e+00 
 2.17535546e-01  1.06444897e-06  2.17535546e-01  0.00000000e+00 
 2.17735546e-01  8.33047018e-07  2.17735546e-01  0.00000000e+00 
 2.17935546e-01  6.51949840e-07  2.17935546e-01  0.00000000e+00 
 2.18135546e-01  5.10221614e-07  2.18135546e-01  0.00000000e+00 
 2.18335546e-01  3.99303872e-07  2.18335546e-01  0.00000000e+00 
 2.18535546e-01  3.12498682e-07  2.18535546e-01  0.00000000e+00 
 2.18735546e-01  2.44564186e-07  2.18735546e-01  0.00000000e+00 
 2.18935546e-01  1.91398059e-07  2.18935546e-01  0.00000000e+00 
 2.19135546e-01  1.49789785e-07  2.19135546e-01  0.00000000e+00 
 2.19335546e-01  1.17226788e-07  2.19335546e-01  0.00000000e+00 
 2.19535546e-01  9.17427039e-08  2.19535546e-01  0.00000000e+00 
 2.19735546e-01  7.17986379e-08  2.19735546e-01  0.00000000e+00 
 2.19935546e-01  5.61902383e-08  2.19935546e-01  0.00000000e+00 
 2.20135546e-01  4.39749691e-08  2.20135546e-01  0.00000000e+00 
 2.20335546e-01  3.44151932e-08  2.20335546e-01  0.00000000e+00 
 2.20535546e-01  2.69336295e-08  2.20535546e-01  0.00000000e+00 
 2.20735546e-01  2.10784926e-08  2.20735546e-01  0.00000000e+00 
 2.20935546e-01  1.64962116e-08  2.20935546e-01  0.00000000e+00 
 2.21135546e-01  1.29100787e-08  2.21135546e-01  0.00000000e+00 
 2.21335546e-01  1.01035398e-08  2.21335546e-01  0.00000000e+00 
 2.21535546e-01  7.90711813e-09  2.21535546e-01  0.00000000e+00 
 2.21735546e-01  6.18817940e-09  2.21735546e-01  0.00000000e+00 
 2.21935546e-01  4.84292301e-09  2.21935546e-01  0.00000000e+00 
 2.22135546e-01  3.79011366e-09  2.22135546e-01  0.00000000e+00 
 2.22335546e-01  2.96617591e-09  2.22335546e-01  0.00000000e+00 
 2.22535546e-01  2.32135506e-09  2.22535546e-01  0.00000000e+00 
 2.22735546e-01  1.81671265e-09  2.22735546e-01  0.00000000e+00 
 2.22935546e-01  1.42177512e-09  2.22935546e-01  0.00000000e+00 
 2.23135546e-01  1.11269357e-09  2.23135546e-01  0.00000000e+00 
 2.23335546e-01  8.70803666e-10  2.23335546e-01  0.00000000e+00 
 2.23535546e-01  6.81498521e-10  2.23535546e-01  0.00000000e+00 
 2.23735546e-01  5.33346669e-10  2.23735546e-01  0.00000000e+00 
 2.23935546e-01  4.17401741e-10  2.23935546e-01  0.00000000e+00 
 2.24135546e-01  3.26662232e-10  2.24135546e-01  0.00000000e+00 
 2.24335546e-01  2.55648703e-10  2.24335546e-01  0.00000000e+00 
 2.24535546e-01  2.00072898e-10  2.24535546e-01  0.00000000e+00 
 2.24735546e-01  1.56578790e-10  2.24735546e-01  0.00000000e+00 
 2.24935546e-01  1.22539923e-10  2.24935546e-01  0.00000000e+00 
 2.25135546e-01  9.59008089e-11  2.25135546e-01  0.00000000e+00 
 2.25335546e-01  7.50528070e-11  2.25335546e-01  0.00000000e+00 
 2.25535546e-01  5.87369794e-11  2.25535546e-01  0.00000000e+00 
 2.25735546e-01  4.59680708e-11  2.25735546e-01  0.00000000e+00 
 2.25935546e-01  3.59750119e-11  2.25935546e-01  0.00000000e+00 
 2.26135546e-01  2.81543572e-11  2.26135546e-01  0.00000000e+00 
 2.26335546e-01  2.20338447e-11  2.26335546e-01  0.00000000e+00 
 2.26535546e-01  1.72438785e-11  2.26535546e-01  0.00000000e+00 
 2.26735546e-01  1.34952093e-11  2.26735546e-01  0.00000000e+00 
 2.26935546e-01  1.05614681e-11  2.26935546e-01  0.00000000e+00 
 2.27135546e-01  8.26549678e-12  2.27135546e-01  0.00000000e+00 
 2.27335546e-01  6.46864966e-12  2.27335546e-01  0.00000000e+00 
 2.27535546e-01  5.06242147e-12  2.27535546e-01  0.00000000e+00 
 2.27735546e-01  3.96189506e-12  2.27735546e-01  0.00000000e+00 
 2.27935546e-01  3.10061353e-12  2.27935546e-01  0.00000000e+00 
 2.28135546e-01  2.42656711e-12  2.28135546e-01  0.00000000e+00 
 2.28335546e-01  1.89905252e-12  2.28335546e-01  0.00000000e+00 
 2.28535546e-01  1.48621502e-12  2.28535546e-01  0.00000000e+00 
 2.28735546e-01  1.16312480e-12  2.28735546e-01  0.00000000e+00 
 2.28935546e-01  9.10271579e-13  2.28935546e-01  0.00000000e+00 
 2.29135546e-01  7.12386453e-13  2.29135546e-01  0.00000000e+00 
 2.29335546e-01  5.57519833e-13  2.29335546e-01  0.00000000e+00 
 2.29535546e-01  4.36319869e-13  2.29535546e-01  0.00000000e+00 
 2.29735546e-01  3.41467724e-13  2.29735546e-01  0.00000000e+00 
 2.29935546e-01  2.67235610e-13  2.29935546e-01  0.00000000e+00 
 2.30135546e-01  2.09140912e-13  2.30135546e-01  0.00000000e+00 
 2.30335546e-01  1.63675496e-13  2.30335546e-01  0.00000000e+00 
 2.30535546e-01  1.28093867e-13  2.30535546e-01  0.00000000e+00 
 2.30735546e-01  1.00247374e-13  2.30735546e-01  0.00000000e+00 
 2.30935546e-01  7.84544666e-14  2.30935546e-01  0.00000000e+00 
 2.31135546e-01  6.13991478e-14  2.31135546e-01  0.00000000e+00 
 2.31335546e-01  4.80515069e-14  2.31335546e-01  0.00000000e+00 
 2.31535546e-01  3.76055272e-14  2.31535546e-01  0.00000000e+00 
 2.31735546e-01  2.94304126e-14  2.31735546e-01  0.00000000e+00 
 2.31935546e-01  2.30324968e-14  2.31935546e-01  0.00000000e+00 
 2.32135546e-01  1.80254323e-14  2.32135546e-01  0.00000000e+00 
 2.32335546e-01  1.41068600e-14  2.32335546e-01  0.00000000e+00 
 2.32535546e-01  1.10401513e-14  2.32535546e-01  0.00000000e+00 
 2.32735546e-01  8.64011844e-15  2.32735546e-01  0.00000000e+00 
 2.32935546e-01  6.76183182e-15  2.32935546e-01  0.00000000e+00 
 2.33135546e-01  5.29186838e-15  2.33135546e-01  0.00000000e+00 
 2.33335546e-01  4.14146221e-15  2.33335546e-01  0.00000000e+00 
 2.33535546e-01  3.24114434e-15  2.33535546e-01  0.00000000e+00 
 2.33735546e-01  2.53654774e-15  2.33735546e-01  0.00000000e+00 
 2.33935546e-01  1.98512432e-15  2.33935546e-01  0.00000000e+00 
 2.34135546e-01  1.55357556e-15  2.34135546e-01  0.00000000e+00 
 2.34335546e-01  1.21584174e-15  2.34335546e-01  0.00000000e+00 
 2.34535546e-01  9.51528318e-16  2.34535546e-01  0.00000000e+00 
 2.34735546e-01  7.44674335e-16  2.34735546e-01  0.00000000e+00 
 2.34935546e-01  5.82788610e-16  2.34935546e-01  0.00000000e+00 
 2.35135546e-01  4.56095434e-16  2.35135546e-01  0.00000000e+00 
 2.35335546e-01  3.56944253e-16  2.35335546e-01  0.00000000e+00 
 2.35535546e-01  2.79347676e-16  2.35535546e-01  0.00000000e+00 
 2.35735546e-01  2.18619920e-16  2.35735546e-01  0.00000000e+00 
 2.35935546e-01  1.71093851e-16  2.35935546e-01  0.00000000e+00 
 2.36135546e-01  1.33899535e-16  2.36135546e-01  0.00000000e+00 
 2.36335546e-01  1.04790941e-16  2.36335546e-01  0.00000000e+00 
 2.36535546e-01  8.20103015e-17  2.36535546e-01  0.00000000e+00 
 2.36735546e-01  6.41819751e-17  2.36735546e-01  0.00000000e+00 
 2.36935546e-01  5.02293718e-17  2.36935546e-01  0.00000000e+00 
 2.37135546e-01  3.93099431e-17  2.37135546e-01  0.00000000e+00 
 2.37335546e-01  3.07643033e-17  2.37335546e-01  0.00000000e+00 
 2.37535546e-01  2.40764113e-17  2.37535546e-01  0.00000000e+00 
 2.37735546e-01  1.88424088e-17  2.37735546e-01  0.00000000e+00 
 2.37935546e-01  1.47462330e-17  2.37935546e-01  0.00000000e+00 
 2.38135546e-01  1.15405302e-17  2.38135546e-01  0.00000000e+00 
 2.38335546e-01  9.03171927e-18  2.38335546e-01  0.00000000e+00 
 2.38535546e-01  7.06830204e-18  2.38535546e-01  0.00000000e+00 
 2.38735546e-01  5.53171464e-18  2.38735546e-01  0.00000000e+00 
 2.38935546e-01  4.32916798e-18  2.38935546e-01  0.00000000e+00 
 2.39135546e-01  3.38804450e-18  2.39135546e-01  0.00000000e+00 
 2.39335546e-01  2.65151309e-18  2.39335546e-01  0.00000000e+00 
 2.39535546e-01  2.07509720e-18  2.39535546e-01  0.00000000e+00 
 2.39735546e-01  1.62398911e-18  2.39735546e-01  0.00000000e+00 
 2.39935546e-01  1.27094800e-18  2.39935546e-01  0.00000000e+00 
 2.40135546e-01  9.94654958e-19  2.40135546e-01  0.00000000e+00 
 2.40335546e-01  7.78425619e-19  2.40335546e-01  0.00000000e+00 
 2.40535546e-01  6.09202659e-19  2.40535546e-01  0.00000000e+00 
 2.40735546e-01  4.76767298e-19  2.40735546e-01  0.00000000e+00 
 2.40935546e-01  3.73122233e-19  2.40935546e-01  0.00000000e+00 
 2.41135546e-01  2.92008704e-19  2.41135546e-01  0.00000000e+00 
 2.41335546e-01  2.28528551e-19  2.41335546e-01  0.00000000e+00 
 2.41535546e-01  1.78848431e-19  2.41535546e-01  0.00000000e+00 
 2.41735546e-01  1.39968338e-19  2.41735546e-01  0.00000000e+00 
 2.41935546e-01  1.09540438e-19  2.41935546e-01  0.00000000e+00 
 2.42135546e-01  8.57272994e-20  2.42135546e-01  0.00000000e+00 
 2.42335546e-01  6.70909300e-20  2.42335546e-01  0.00000000e+00 
 2.42535546e-01  5.25059452e-20  2.42535546e-01  0.00000000e+00 
 2.42735546e-01  4.10916093e-20  2.42735546e-01  0.00000000e+00 
 2.42935546e-01  3.21586507e-20  2.42935546e-01  0.00000000e+00 
 2.43135546e-01  2.51676397e-20  2.43135546e-01  0.00000000e+00 
 2.43335546e-01  1.96964137e-20  2.43335546e-01  0.00000000e+00 
 2.43535546e-01  1.54145846e-20  2.43535546e-01  0.00000000e+00 
 2.43735546e-01  1.20635880e-20  2.43735546e-01  0.00000000e+00 
 2.43935546e-01  9.44106884e-21  2.43935546e-01  0.00000000e+00 
 2.44135546e-01  7.38866257e-21  2.44135546e-01  0.00000000e+00 
 2.44335546e-01  5.78243158e-21  2.44335546e-01  0.00000000e+00 
 2.44535546e-01  4.52538124e-21  2.44535546e-01  0.00000000e+00 
 2.44735546e-01  3.54160271e-21  2.44735546e-01  0.00000000e+00 
 2.44935546e-01  2.77168907e-21  2.44935546e-01  0.00000000e+00 
 2.45135546e-01  2.16914797e-21  2.45135546e-01  0.00000000e+00 
 2.45335546e-01  1.69759406e-21  2.45335546e-01  0.00000000e+00 
 2.45535546e-01  1.32855188e-21  2.45535546e-01  0.00000000e+00 
 2.45735546e-01  1.03973625e-21  2.45735546e-01  0.00000000e+00 
 2.45935546e-01  8.13706631e-22  2.45935546e-01  0.00000000e+00 
 2.46000000e-01  7.52166150e-22  2.46000000e-01  0.00000000e+00 
 2.46000000e-01  6.09756073e-08  2.46000000e-01  5.00000041e-01 
 2.46000000e-01  3.04878005e-07  2.46000000e-01  1.49999999e+00 
 2.46000001e-01  1.52438975e-06  2.46000001e-01  3.50000001e+00 
 2.46000001e-01  3.07926695e-06  2.46000001e-01  5.00000000e+00 
 2.46000001e-01  3.38228557e-06  2.46000001e-01  5.00000000e+00 
 2.46000001e-01  3.98832277e-06  2.46000001e-01  5.00000000e+00 
 2.46000001e-01  5.20039696e-06  2.46000001e-01  5.00000000e+00 
 2.46000002e-01  7.62454446e-06  2.46000002e-01  5.00000000e+00 
 2.46000003e-01  1.24728359e-05  2.46000003e-01  5.00000000e+00 
 2.46000004e-01  2.21694048e-05  2.46000004e-01  5.00000000e+00 
 2.46000007e-01  4.15624860e-05  2.46000007e-01  5.00000000e+00 
 2.46000014e-01  8.03484229e-05  2.46000014e-01  5.00000000e+00 
 2.46000026e-01  1.57919394e-04  2.46000026e-01  5.00000000e+00 
 2.46000052e-01  3.13057726e-04  2.46000052e-01  5.00000000e+00 
 2.46000103e-01  6.23319948e-04  2.46000103e-01  5.00000000e+00 
 2.46000205e-01  1.24378663e-03  2.46000205e-01  5.00000000e+00 
 2.46000408e-01  2.48448900e-03  2.46000408e-01  5.00000000e+00 
 2.46000815e-01  4.96497002e-03  2.46000815e-01  5.00000000e+00 
 2.46001629e-01  9.92223947e-03  2.46001629e-01  5.00000000e+00 
 2.46003258e-01  1.98220263e-02  2.46003258e-01  5.00000000e+00 
 2.46006515e-01  3.95627380e-02  2.46006515e-01  5.00000000e+00 
 2.46013028e-01  7.88098777e-02  2.46013028e-01  5.00000000e+00 
 2.46026055e-01  1.56376254e-01  2.46026055e-01  5.00000000e+00 
 2.46052110e-01  3.07869949e-01  2.46052110e-01  5.00000000e+00 
 2.46104219e-01  5.96861439e-01  2.46104219e-01  5.00000000e+00 
 2.46208437e-01  1.12304214e+00  2.46208437e-01  5.00000000e+00 
 2.46408437e-01  1.96585906e+00  2.46408437e-01  5.00000000e+00 
 2.46608437e-01  2.62545492e+00  2.46608437e-01  5.00000000e+00 
 2.46808437e-01  3.14166037e+00  2.46808437e-01  5.00000000e+00 
 2.47008437e-01  3.54564725e+00  2.47008437e-01  5.00000000e+00 
 2.47208437e-01  3.86181089e+00  2.47208437e-01  5.00000000e+00 
 2.47408437e-01  4.10924330e+00  2.47408437e-01  5.00000000e+00 
 2.47608437e-01  4.30288606e+00  2.47608437e-01  5.00000000e+00 
 2.47808437e-01  4.45443257e+00  2.47808437e-01  5.00000000e+00 
 2.48008437e-01  4.57303419e+00  2.48008437e-01  5.00000000e+00 
 2.48208437e-01  4.66585284e+00  2.48208437e-01  5.00000000e+00 
 2.48408437e-01  4.73849353e+00  2.48408437e-01  5.00000000e+00 
 2.48608437e-01  4.79534276e+00  2.48608437e-01  5.00000000e+00 
 2.48808437e-01  4.83983347e+00  2.48808437e-01  5.00000000e+00 
 2.49008437e-01  4.87465228e+00  2.49008437e-01  5.00000000e+00 
 2.49208437e-01  4.90190178e+00  2.49208437e-01  5.00000000e+00 
 2.49408437e-01  4.92322748e+00  2.49408437e-01  5.00000000e+00 
 2.49608437e-01  4.93991716e+00  2.49608437e-01  5.00000000e+00 
 2.49808437e-01  4.95297865e+00  2.49808437e-01  5.00000000e+00 
 2.50008437e-01  4.96320068e+00  2.50008437e-01  5.00000000e+00 
 2.50208437e-01  4.97120053e+00  2.50208437e-01  5.00000000e+00 
 2.50408437e-01  4.97746129e+00  2.50408437e-01  5.00000000e+00 
 2.50608437e-01  4.98236101e+00  2.50608437e-01  5.00000000e+00 
 2.50808437e-01  4.98619557e+00  2.50808437e-01  5.00000000e+00 
 2.51008437e-01  4.98919653e+00  2.51008437e-01  5.00000000e+00 
 2.51208437e-01  4.99154511e+00  2.51208437e-01  5.00000000e+00 
 2.51408437e-01  4.99338313e+00  2.51408437e-01  5.00000000e+00 
 2.51608437e-01  4.99482158e+00  2.51608437e-01  5.00000000e+00 
 2.51808437e-01  4.99594732e+00  2.51808437e-01  5.00000000e+00 
 2.52008437e-01  4.99682834e+00  2.52008437e-01  5.00000000e+00 
 2.52208437e-01  4.99751783e+00  2.52208437e-01  5.00000000e+00 
 2.52408437e-01  4.99805743e+00  2.52408437e-01  5.00000000e+00 
 2.52608437e-01  4.99847973e+00  2.52608437e-01  5.00000000e+00 
 2.52808437e-01  4.99881022e+00  2.52808437e-01  5.00000000e+00 
 2.53008437e-01  4.99906887e+00  2.53008437e-01  5.00000000e+00 
 2.53208437e-01  4.99927129e+00  2.53208437e-01  5.00000000e+00 
 2.53408437e-01  4.99942971e+00  2.53408437e-01  5.00000000e+00 
 2.53608437e-01  4.99955368e+00  2.53608437e-01  5.00000000e+00 
 2.53808437e-01  4.99965071e+00  2.53808437e-01  5.00000000e+00 
 2.54008437e-01  4.99972664e+00  2.54008437e-01  5.00000000e+00 
 2.54208437e-01  4.99978607e+00  2.54208437e-01  5.00000000e+00 
 2.54408437e-01  4.99983257e+00  2.54408437e-01  5.00000000e+00 
 2.54608437e-01  4.99986897e+00  2.54608437e-01  5.00000000e+00 
 2.54808437e-01  4.99989746e+00  2.54808437e-01  5.00000000e+00 
 2.55008437e-01  4.99991975e+00  2.55008437e-01  5.00000000e+00 
 2.55208437e-01  4.99993719e+00  2.55208437e-01  5.00000000e+00 
 2.55408437e-01  4.99995085e+00  2.55408437e-01  5.00000000e+00 
 2.55608437e-01  4.99996153e+00  2.55608437e-01  5.00000000e+00 
 2.55808437e-01  4.99996990e+00  2.55808437e-01  5.00000000e+00 
 2.56008437e-01  4.99997644e+00  2.56008437e-01  5.00000000e+00 
 2.56208437e-01  4.99998156e+00  2.56208437e-01  5.00000000e+00 
 2.56408437e-01  4.99998557e+00  2.56408437e-01  5.00000000e+00 
 2.56608437e-01  4.99998871e+00  2.56608437e-01  5.00000000e+00 
 2.56808437e-01  4.99999116e+00  2.56808437e-01  5.00000000e+00 
 2.57008437e-01  4.99999308e+00  2.57008437e-01  5.00000000e+00 
 2.57208437e-01  4.99999459e+00  2.57208437e-01  5.00000000e+00 
 2.57408437e-01  4.99999576e+00  2.57408437e-01  5.00000000e+00 
 2.57608437e-01  4.99999668e+00  2.57608437e-01  5.00000000e+00 
 2.57808437e-01  4.99999741e+00  2.57808437e-01  5.00000000e+00 
 2.58008437e-01  4.99999797e+00  2.58008437e-01  5.00000000e+00 
 2.58208437e-01  4.99999841e+00  2.58208437e-01  5.00000000e+00 
 2.58408437e-01  4.99999876e+00  2.58408437e-01  5.00000000e+00 
 2.58608437e-01  4.99999903e+00  2.58608437e-01  5.00000000e+00 
 2.58808437e-01  4.99999924e+00  2.58808437e-01  5.00000000e+00 
 2.59008437e-01  4.99999940e+00  2.59008437e-01  5.00000000e+00 
 2.59208437e-01  4.99999953e+00  2.59208437e-01  5.00000000e+00 
 2.59408437e-01  4.99999963e+00  2.59408437e-01  5.00000000e+00 
 2.59608437e-01  4.99999971e+00  2.59608437e-01  5.00000000e+00 
 2.59808437e-01  4.99999978e+00  2.59808437e-01  5.00000000e+00 
 2.60008437e-01  4.99999982e+00  2.60008437e-01  5.00000000e+00 
 2.60208437e-01  4.99999986e+00  2.60208437e-01  5.00000000e+00 
 2.60408437e-01  4.99999989e+00  2.60408437e-01  5.00000000e+00 
 2.60608437e-01  4.99999992e+00  2.60608437e-01  5.00000000e+00 
 2.60808437e-01  4.99999993e+00  2.60808437e-01  5.00000000e+00 
 2.61008437e-01  4.99999995e+00  2.61008437e-01  5.00000000e+00 
 2.61208437e-01  4.99999996e+00  2.61208437e-01  5.00000000e+00 
 2.61408437e-01  4.99999997e+00  2.61408437e-01  5.00000000e+00 
 2.61608437e-01  4.99999998e+00  2.61608437e-01  5.00000000e+00 
 2.61808437e-01  4.99999998e+00  2.61808437e-01  5.00000000e+00 
 2.62008437e-01  4.99999998e+00  2.62008437e-01  5.00000000e+00 
 2.62208437e-01  4.99999999e+00  2.62208437e-01  5.00000000e+00 
 2.62408437e-01  4.99999999e+00  2.62408437e-01  5.00000000e+00 
 2.62608437e-01  4.99999999e+00  2.62608437e-01  5.00000000e+00 
 2.62808437e-01  4.99999999e+00  2.62808437e-01  5.00000000e+00 
 2.63008437e-01  5.00000000e+00  2.63008437e-01  5.00000000e+00 
 2.63208437e-01  5.00000000e+00  2.63208437e-01  5.00000000e+00 
 2.63408437e-01  5.00000000e+00  2.63408437e-01  5.00000000e+00 
 2.63608437e-01  5.00000000e+00  2.63608437e-01  5.00000000e+00 
 2.63808437e-01  5.00000000e+00  2.63808437e-01  5.00000000e+00 
 2.64008437e-01  5.00000000e+00  2.64008437e-01  5.00000000e+00 
 2.64208437e-01  5.00000000e+00  2.64208437e-01  5.00000000e+00 
 2.64408437e-01  5.00000000e+00  2.64408437e-01  5.00000000e+00 
 2.64608437e-01  5.00000000e+00  2.64608437e-01  5.00000000e+00 
 2.64808437e-01  5.00000000e+00  2.64808437e-01  5.00000000e+00 
 2.65008437e-01  5.00000000e+00  2.65008437e-01  5.00000000e+00 
 2.65208437e-01  5.00000000e+00  2.65208437e-01  5.00000000e+00 
 2.65408437e-01  5.00000000e+00  2.65408437e-01  5.00000000e+00 
 2.65608437e-01  5.00000000e+00  2.65608437e-01  5.00000000e+00 
 2.65808437e-01  5.00000000e+00  2.65808437e-01  5.00000000e+00 
 2.66008437e-01  5.00000000e+00  2.66008437e-01  5.00000000e+00 
 2.66208437e-01  5.00000000e+00  2.66208437e-01  5.00000000e+00 
 2.66408437e-01  5.00000000e+00  2.66408437e-01  5.00000000e+00 
 2.66608437e-01  5.00000000e+00  2.66608437e-01  5.00000000e+00 
 2.66808437e-01  5.00000000e+00  2.66808437e-01  5.00000000e+00 
 2.67008437e-01  5.00000000e+00  2.67008437e-01  5.00000000e+00 
 2.67208437e-01  5.00000000e+00  2.67208437e-01  5.00000000e+00 
 2.67408437e-01  5.00000000e+00  2.67408437e-01  5.00000000e+00 
 2.67608437e-01  5.00000000e+00  2.67608437e-01  5.00000000e+00 
 2.67808437e-01  5.00000000e+00  2.67808437e-01  5.00000000e+00 
 2.68008437e-01  5.00000000e+00  2.68008437e-01  5.00000000e+00 
 2.68208437e-01  5.00000000e+00  2.68208437e-01  5.00000000e+00 
 2.68408437e-01  5.00000000e+00  2.68408437e-01  5.00000000e+00 
 2.68608437e-01  5.00000000e+00  2.68608437e-01  5.00000000e+00 
 2.68808437e-01  5.00000000e+00  2.68808437e-01  5.00000000e+00 
 2.69008437e-01  5.00000000e+00  2.69008437e-01  5.00000000e+00 
 2.69208437e-01  5.00000000e+00  2.69208437e-01  5.00000000e+00 
 2.69408437e-01  5.00000000e+00  2.69408437e-01  5.00000000e+00 
 2.69608437e-01  5.00000000e+00  2.69608437e-01  5.00000000e+00 
 2.69808437e-01  5.00000000e+00  2.69808437e-01  5.00000000e+00 
 2.70008437e-01  5.00000000e+00  2.70008437e-01  5.00000000e+00 
 2.70208437e-01  5.00000000e+00  2.70208437e-01  5.00000000e+00 
 2.70408437e-01  5.00000000e+00  2.70408437e-01  5.00000000e+00 
 2.70608437e-01  5.00000000e+00  2.70608437e-01  5.00000000e+00 
 2.70808437e-01  5.00000000e+00  2.70808437e-01  5.00000000e+00 
 2.71008437e-01  5.00000000e+00  2.71008437e-01  5.00000000e+00 
 2.71208437e-01  5.00000000e+00  2.71208437e-01  5.00000000e+00 
 2.71408437e-01  5.00000000e+00  2.71408437e-01  5.00000000e+00 
 2.71608437e-01  5.00000000e+00  2.71608437e-01  5.00000000e+00 
 2.71808437e-01  5.00000000e+00  2.71808437e-01  5.00000000e+00 
 2.72008437e-01  5.00000000e+00  2.72008437e-01  5.00000000e+00 
 2.72208437e-01  5.00000000e+00  2.72208437e-01  5.00000000e+00 
 2.72408437e-01  5.00000000e+00  2.72408437e-01  5.00000000e+00 
 2.72608437e-01  5.00000000e+00  2.72608437e-01  5.00000000e+00 
 2.72808437e-01  5.00000000e+00  2.72808437e-01  5.00000000e+00 
 2.73008437e-01  5.00000000e+00  2.73008437e-01  5.00000000e+00 
 2.73208437e-01  5.00000000e+00  2.73208437e-01  5.00000000e+00 
 2.73408437e-01  5.00000000e+00  2.73408437e-01  5.00000000e+00 
 2.73608437e-01  5.00000000e+00  2.73608437e-01  5.00000000e+00 
 2.73808437e-01  5.00000000e+00  2.73808437e-01  5.00000000e+00 
 2.74008437e-01  5.00000000e+00  2.74008437e-01  5.00000000e+00 
 2.74208437e-01  5.00000000e+00  2.74208437e-01  5.00000000e+00 
 2.74408437e-01  5.00000000e+00  2.74408437e-01  5.00000000e+00 
 2.74608437e-01  5.00000000e+00  2.74608437e-01  5.00000000e+00 
 2.74808437e-01  5.00000000e+00  2.74808437e-01  5.00000000e+00 
 2.75008437e-01  5.00000000e+00  2.75008437e-01  5.00000000e+00 
 2.75208437e-01  5.00000000e+00  2.75208437e-01  5.00000000e+00 
 2.75408437e-01  5.00000000e+00  2.75408437e-01  5.00000000e+00 
 2.75608437e-01  5.00000000e+00  2.75608437e-01  5.00000000e+00 
 2.75808437e-01  5.00000000e+00  2.75808437e-01  5.00000000e+00 
 2.76008437e-01  5.00000000e+00  2.76008437e-01  5.00000000e+00 
 2.76208437e-01  5.00000000e+00  2.76208437e-01  5.00000000e+00 
 2.76408437e-01  5.00000000e+00  2.76408437e-01  5.00000000e+00 
 2.76608437e-01  5.00000000e+00  2.76608437e-01  5.00000000e+00 
 2.76808437e-01  5.00000000e+00  2.76808437e-01  5.00000000e+00 
 2.77008437e-01  5.00000000e+00  2.77008437e-01  5.00000000e+00 
 2.77208437e-01  5.00000000e+00  2.77208437e-01  5.00000000e+00 
 2.77408437e-01  5.00000000e+00  2.77408437e-01  5.00000000e+00 
 2.77608437e-01  5.00000000e+00  2.77608437e-01  5.00000000e+00 
 2.77808437e-01  5.00000000e+00  2.77808437e-01  5.00000000e+00 
 2.78008437e-01  5.00000000e+00  2.78008437e-01  5.00000000e+00 
 2.78208437e-01  5.00000000e+00  2.78208437e-01  5.00000000e+00 
 2.78408437e-01  5.00000000e+00  2.78408437e-01  5.00000000e+00 
 2.78608437e-01  5.00000000e+00  2.78608437e-01  5.00000000e+00 
 2.78808437e-01  5.00000000e+00  2.78808437e-01  5.00000000e+00 
 2.79008437e-01  5.00000000e+00  2.79008437e-01  5.00000000e+00 
 2.79208437e-01  5.00000000e+00  2.79208437e-01  5.00000000e+00 
 2.79408437e-01  5.00000000e+00  2.79408437e-01  5.00000000e+00 
 2.79608437e-01  5.00000000e+00  2.79608437e-01  5.00000000e+00 
 2.79808437e-01  5.00000000e+00  2.79808437e-01  5.00000000e+00 
 2.80008437e-01  5.00000000e+00  2.80008437e-01  5.00000000e+00 
 2.80208437e-01  5.00000000e+00  2.80208437e-01  5.00000000e+00 
 2.80408437e-01  5.00000000e+00  2.80408437e-01  5.00000000e+00 
 2.80608437e-01  5.00000000e+00  2.80608437e-01  5.00000000e+00 
 2.80808437e-01  5.00000000e+00  2.80808437e-01  5.00000000e+00 
 2.81008437e-01  5.00000000e+00  2.81008437e-01  5.00000000e+00 
 2.81208437e-01  5.00000000e+00  2.81208437e-01  5.00000000e+00 
 2.81408437e-01  5.00000000e+00  2.81408437e-01  5.00000000e+00 
 2.81608437e-01  5.00000000e+00  2.81608437e-01  5.00000000e+00 
 2.81808437e-01  5.00000000e+00  2.81808437e-01  5.00000000e+00 
 2.82008437e-01  5.00000000e+00  2.82008437e-01  5.00000000e+00 
 2.82208437e-01  5.00000000e+00  2.82208437e-01  5.00000000e+00 
 2.82408437e-01  5.00000000e+00  2.82408437e-01  5.00000000e+00 
 2.82608437e-01  5.00000000e+00  2.82608437e-01  5.00000000e+00 
 2.82808437e-01  5.00000000e+00  2.82808437e-01  5.00000000e+00 
 2.83008437e-01  5.00000000e+00  2.83008437e-01  5.00000000e+00 
 2.83208437e-01  5.00000000e+00  2.83208437e-01  5.00000000e+00 
 2.83408437e-01  5.00000000e+00  2.83408437e-01  5.00000000e+00 
 2.83608437e-01  5.00000000e+00  2.83608437e-01  5.00000000e+00 
 2.83808437e-01  5.00000000e+00  2.83808437e-01  5.00000000e+00 
 2.84008437e-01  5.00000000e+00  2.84008437e-01  5.00000000e+00 
 2.84208437e-01  5.00000000e+00  2.84208437e-01  5.00000000e+00 
 2.84408437e-01  5.00000000e+00  2.84408437e-01  5.00000000e+00 
 2.84608437e-01  5.00000000e+00  2.84608437e-01  5.00000000e+00 
 2.84808437e-01  5.00000000e+00  2.84808437e-01  5.00000000e+00 
 2.85008437e-01  5.00000000e+00  2.85008437e-01  5.00000000e+00 
 2.85208437e-01  5.00000000e+00  2.85208437e-01  5.00000000e+00 
 2.85408437e-01  5.00000000e+00  2.85408437e-01  5.00000000e+00 
 2.85608437e-01  5.00000000e+00  2.85608437e-01  5.00000000e+00 
 2.85808437e-01  5.00000000e+00  2.85808437e-01  5.00000000e+00 
 2.86008437e-01  5.00000000e+00  2.86008437e-01  5.00000000e+00 
 2.86208437e-01  5.00000000e+00  2.86208437e-01  5.00000000e+00 
 2.86408437e-01  5.00000000e+00  2.86408437e-01  5.00000000e+00 
 2.86608437e-01  5.00000000e+00  2.86608437e-01  5.00000000e+00 
 2.86808437e-01  5.00000000e+00  2.86808437e-01  5.00000000e+00 
 2.87000001e-01  5.00000000e+00  2.87000001e-01  4.99999997e+00 
 2.87000001e-01  4.99999994e+00  2.87000001e-01  4.49999992e+00 
 2.87000001e-01  4.99999969e+00  2.87000001e-01  3.49999984e+00 
 2.87000002e-01  4.99999847e+00  2.87000002e-01  1.49999995e+00 
 2.87000002e-01  4.99999692e+00  2.87000002e-01  1.06715188e-07 
 2.87000002e-01  4.99999643e+00  2.87000002e-01  0.00000000e+00 
 2.87000002e-01  4.99999545e+00  2.87000002e-01  0.00000000e+00 
 2.87000003e-01  4.99999350e+00  2.87000003e-01  0.00000000e+00 
 2.87000003e-01  4.99998960e+00  2.87000003e-01  0.00000000e+00 
 2.87000004e-01  4.99998180e+00  2.87000004e-01  0.00000000e+00 
 2.87000007e-01  4.99996619e+00  2.87000007e-01  0.00000000e+00 
 2.87000012e-01  4.99993497e+00  2.87000012e-01  0.00000000e+00 
 2.87000022e-01  4.99987253e+00  2.87000022e-01  0.00000000e+00 
 2.87000043e-01  4.99974766e+00  2.87000043e-01  0.00000000e+00 
 2.87000084e-01  4.99949792e+00  2.87000084e-01  0.00000000e+00 
 2.87000166e-01  4.99899848e+00  2.87000166e-01  0.00000000e+00 
 2.87000330e-01  4.99799976e+00  2.87000330e-01  0.00000000e+00 
 2.87000657e-01  4.99600291e+00  2.87000657e-01  0.00000000e+00 
 2.87001313e-01  4.99201160e+00  2.87001313e-01  0.00000000e+00 
 2.87002623e-01  4.98403854e+00  2.87002623e-01  0.00000000e+00 
 2.87005245e-01  4.96813061e+00  2.87005245e-01  0.00000000e+00 
 2.87010488e-01  4.93646682e+00  2.87010488e-01  0.00000000e+00 
 2.87020973e-01  4.87374273e+00  2.87020973e-01  0.00000000e+00 
 2.87041945e-01  4.75067044e+00  2.87041945e-01  0.00000000e+00 
 2.87083888e-01  4.51373310e+00  2.87083888e-01  0.00000000e+00 
 2.87167774e-01  4.07444727e+00  2.87167774e-01  0.00000000e+00 
 2.87335546e-01  3.31818072e+00  2.87335546e-01  0.00000000e+00 
 2.87535546e-01  2.59683709e+00  2.87535546e-01  0.00000000e+00 
 2.87735546e-01  2.03230729e+00  2.87735546e-01  0.00000000e+00 
 2.87935546e-01  1.59050135e+00  2.87935546e-01  0.00000000e+00 
 2.88135546e-01  1.24474019e+00  2.88135546e-01  0.00000000e+00 
 2.88335546e-01  9.74144497e-01  2.88335546e-01  0.00000000e+00 
 2.88535546e-01  7.62373954e-01  2.88535546e-01  0.00000000e+00 
 2.88735546e-01  5.96640486e-01  2.88735546e-01  0.00000000e+00 
 2.88935546e-01  4.66936032e-01  2.88935546e-01  0.00000000e+00 
 2.89135546e-01  3.65428199e-01  2.89135546e-01  0.00000000e+00 
 2.89335546e-01  2.85987286e-01  2.89335546e-01  0.00000000e+00 
 2.89535546e-01  2.23816137e-01  2.89535546e-01  0.00000000e+00 
 2.89735546e-01  1.75160455e-01  2.89735546e-01  0.00000000e+00 
 2.89935546e-01  1.37082095e-01  2.89935546e-01  0.00000000e+00 
 2.90135546e-01  1.07281640e-01  2.90135546e-01  0.00000000e+00 
 2.90335546e-01  8.39595442e-02  2.90335546e-01  0.00000000e+00 
 2.90535546e-01  6.57074694e-02  2.90535546e-01  0.00000000e+00 
 2.90735546e-01  5.14232369e-02  2.90735546e-01  0.00000000e+00 
 2.90935546e-01  4.02442724e-02  2.90935546e-01  0.00000000e+00 
 2.91135546e-01  3.14955175e-02  2.91135546e-01  0.00000000e+00 
 2.91335546e-01  2.46486659e-02  2.91335546e-01  0.00000000e+00 
 2.91535546e-01  1.92902602e-02  2.91535546e-01  0.00000000e+00 
 2.91735546e-01  1.50967254e-02  2.91735546e-01  0.00000000e+00 
 2.91935546e-01  1.18148286e-02  2.91935546e-01  0.00000000e+00 
 2.92135546e-01  9.24638758e-03  2.92135546e-01  0.00000000e+00 
 2.92335546e-01  7.23630333e-03  2.92335546e-01  0.00000000e+00 
 2.92535546e-01  5.66319391e-03  2.92535546e-01  0.00000000e+00 
 2.92735546e-01  4.43206480e-03  2.92735546e-01  0.00000000e+00 
 2.92935546e-01  3.46857245e-03  2.92935546e-01  0.00000000e+00 
 2.93135546e-01  2.71453496e-03  2.93135546e-01  0.00000000e+00 
 2.93335546e-01  2.12441867e-03  2.93335546e-01  0.00000000e+00 
 2.93535546e-01  1.66258852e-03  2.93535546e-01  0.00000000e+00 
 2.93735546e-01  1.30115623e-03  2.93735546e-01  0.00000000e+00 
 2.93935546e-01  1.01829618e-03  2.93935546e-01  0.00000000e+00 
 2.94135546e-01  7.96927447e-04  2.94135546e-01  0.00000000e+00 
 2.94335546e-01  6.23682350e-04  2.94335546e-01  0.00000000e+00 
 2.94535546e-01  4.88099230e-04  2.94535546e-01  0.00000000e+00 
 2.94735546e-01  3.81990702e-04  2.94735546e-01  0.00000000e+00 
 2.94935546e-01  2.98949245e-04  2.94935546e-01  0.00000000e+00 
 2.95135546e-01  2.33960279e-04  2.95135546e-01  0.00000000e+00 
 2.95335546e-01  1.83099349e-04  2.95335546e-01  0.00000000e+00 
 2.95535546e-01  1.43295142e-04  2.95535546e-01  0.00000000e+00 
 2.95735546e-01  1.12144024e-04  2.95735546e-01  0.00000000e+00 
 2.95935546e-01  8.77648887e-05  2.95935546e-01  0.00000000e+00 
 2.96135546e-01  6.86855651e-05  2.96135546e-01  0.00000000e+00 
 2.96335546e-01  5.37539205e-05  2.96335546e-01  0.00000000e+00 
 2.96535546e-01  4.20682856e-05  2.96535546e-01  0.00000000e+00 
 2.96735546e-01  3.29230061e-05  2.96735546e-01  0.00000000e+00 
 2.96935546e-01  2.57658309e-05  2.96935546e-01  0.00000000e+00 
 2.97135546e-01  2.01645633e-05  2.97135546e-01  0.00000000e+00 
 2.97335546e-01  1.57809626e-05  2.97335546e-01  0.00000000e+00 
 2.97535546e-01  1.23503185e-05  2.97535546e-01  0.00000000e+00 
 2.97735546e-01  9.66546669e-06  2.97735546e-01  0.00000000e+00 
 2.97935546e-01  7.56427828e-06  2.97935546e-01  0.00000000e+00 
 2.98135546e-01  5.91986996e-06  2.98135546e-01  0.00000000e+00 
 2.98335546e-01  4.63294170e-06  2.98335546e-01  0.00000000e+00 
 2.98535546e-01  3.62578046e-06  2.98535546e-01  0.00000000e+00 
 2.98735546e-01  2.83756732e-06  2.98735546e-01  0.00000000e+00 
 2.98935546e-01  2.22070486e-06  2.98935546e-01  0.00000000e+00 
 2.99135546e-01  1.73794293e-06  2.99135546e-01  0.00000000e+00 
 2.99335546e-01  1.36012925e-06  2.99335546e-01  0.00000000e+00 
 2.99535546e-01  1.06444898e-06  2.99535546e-01  0.00000000e+00 
 2.99735546e-01  8.33047028e-07  2.99735546e-01  0.00000000e+00 
 2.99935546e-01  6.51949848e-07  2.99935546e-01  0.00000000e+00 
 3.00135546e-01  5.10221620e-07  3.00135546e-01  0.00000000e+00 
 3.00335546e-01  3.99303877e-07  3.00335546e-01  0.00000000e+00 
 3.00535546e-01  3.12498686e-07  3.00535546e-01  0.00000000e+00 
 3.00735546e-01  2.44564189e-07  3.00735546e-01  0.00000000e+00 
 3.00935546e-01  1.91398061e-07  3.00935546e-01  0.00000000e+00 
 3.01135546e-01  1.49789787e-07  3.01135546e-01  0.00000000e+00 
 3.01335546e-01  1.17226790e-07  3.01335546e-01  0.00000000e+00 
 3.01535546e-01  9.17427050e-08  3.01535546e-01  0.00000000e+00 
 3.01735546e-01  7.17986387e-08  3.01735546e-01  0.00000000e+00 
 3.01935546e-01  5.61902390e-08  3.01935546e-01  0.00000000e+00 
 3.02135546e-01  4.39749696e-08  3.02135546e-01  0.00000000e+00 
 3.02335546e-01  3.44151936e-08  3.02335546e-01  0.00000000e+00 
 3.02535546e-01  2.69336298e-08  3.02535546e-01  0.00000000e+00 
 3.02735546e-01  2.10784929e-08  3.02735546e-01  0.00000000e+00 
 3.02935546e-01  1.64962118e-08  3.02935546e-01  0.00000000e+00 
 3.03135546e-01  1.29100788e-08  3.03135546e-01  0.00000000e+00 
 3.03335546e-01  1.01035399e-08  3.03335546e-01  0.00000000e+00 
 3.03535546e-01  7.90711822e-09  3.03535546e-01  0.00000000e+00 
 3.03735546e-01  6.18817947e-09  3.03735546e-01  0.00000000e+00 
 3.03935546e-01  4.84292307e-09  3.03935546e-01  0.00000000e+00 
 3.04135546e-01  3.79011370e-09  3.04135546e-01  0.00000000e+00 
 3.04335546e-01  2.96617594e-09  3.04335546e-01  0.00000000e+00 
 3.04535546e-01  2.32135509e-09  3.04535546e-01  0.00000000e+00 
 3.04735546e-01  1.81671268e-09  3.04735546e-01  0.00000000e+00 
 3.04935546e-01  1.42177514e-09  3.04935546e-01  0.00000000e+00 
 3.05135546e-01  1.11269359e-09  3.05135546e-01  0.00000000e+00 
 3.05335546e-01  8.70803676e-10  3.05335546e-01  0.00000000e+00 
 3.05535546e-01  6.81498529e-10  3.05535546e-01  0.00000000e+00 
 3.05735546e-01  5.33346675e-10  3.05735546e-01  0.00000000e+00 
 3.05935546e-01  4.17401745e-10  3.05935546e-01  0.00000000e+00 
 3.06135546e-01  3.26662236e-10  3.06135546e-01  0.00000000e+00 
 3.06335546e-01  2.55648706e-10  3.06335546e-01  0.00000000e+00 
 3.06535546e-01  2.00072900e-10  3.06535546e-01  0.00000000e+00 
 3.06735546e-01  1.56578792e-10  3.06735546e-01  0.00000000e+00 
 3.06935546e-01  1.22539924e-10  3.06935546e-01  0.00000000e+00 
 3.07135546e-01  9.59008100e-11  3.07135546e-01  0.00000000e+00 
 3.07335546e-01  7.50528078e-11  3.07335546e-01  0.00000000e+00 
 3.07535546e-01  5.87369800e-11  3.07535546e-01  0.00000000e+00 
 3.07735546e-01  4.59680713e-11  3.07735546e-01  0.00000000e+00 
 3.07935546e-01  3.59750124e-11  3.07935546e-01  0.00000000e+00 
 3.08135546e-01  2.81543575e-11  3.08135546e-01  0.00000000e+00 
 3.08335546e-01  2.20338450e-11  3.08335546e-01  0.00000000e+00 
 3.08535546e-01  1.72438787e-11  3.08535546e-01  0.00000000e+00 
 3.08735546e-01  1.34952094e-11  3.08735546e-01  0.00000000e+00 
 3.08935546e-01  1.05614682e-11  3.08935546e-01  0.00000000e+00 
 3.09135546e-01  8.26549688e-12  3.09135546e-01  0.00000000e+00 
 3.09335546e-01  6.46864973e-12  3.09335546e-01  0.00000000e+00 
 3.09535546e-01  5.06242153e-12  3.09535546e-01  0.00000000e+00 
 3.09735546e-01  3.96189511e-12  3.09735546e-01  0.00000000e+00 
 3.09935546e-01  3.10061356e-12  3.09935546e-01  0.00000000e+00 
 3.10135546e-01  2.42656714e-12  3.10135546e-01  0.00000000e+00 
 3.10335546e-01  1.89905254e-12  3.10335546e-01  0.00000000e+00 
 3.10535546e-01  1.48621503e-12  3.10535546e-01  0.00000000e+00 
 3.10735546e-01  1.16312481e-12  3.10735546e-01  0.00000000e+00 
 3.10935546e-01  9.10271589e-13  3.10935546e-01  0.00000000e+00 
 3.11135546e-01  7.12386461e-13  3.11135546e-01  0.00000000e+00 
 3.11335546e-01  5.57519839e-13  3.11335546e-01  0.00000000e+00 
 3.11535546e-01  4.36319874e-13  3.11535546e-01  0.00000000e+00 
 3.11735546e-01  3.41467728e-13  3.11735546e-01  0.00000000e+00 
 3.11935546e-01  2.67235613e-13  3.11935546e-01  0.00000000e+00 
 3.12135546e-01  2.09140914e-13  3.12135546e-01  0.00000000e+00 
 3.12335546e-01  1.63675498e-13  3.12335546e-01  0.00000000e+00 
 3.12535546e-01  1.28093868e-13  3.12535546e-01  0.00000000e+00 
 3.12735546e-01  1.00247375e-13  3.12735546e-01  0.00000000e+00 
 3.12935546e-01  7.84544675e-14  3.12935546e-01  0.00000000e+00 
 3.13135546e-01  6.13991485e-14  3.13135546e-01  0.00000000e+00 
 3.13335546e-01  4.80515075e-14  3.13335546e-01  0.00000000e+00 
 3.13535546e-01  3.76055276e-14  3.13535546e-01  0.00000000e+00 
 3.13735546e-01  2.94304129e-14  3.13735546e-01  0.00000000e+00 
 3.13935546e-01  2.30324971e-14  3.13935546e-01  0.00000000e+00 
 3.14135546e-01  1.80254325e-14  3.14135546e-01  0.00000000e+00 
 3.14335546e-01  1.41068602e-14  3.14335546e-01  0.00000000e+00 
 3.14535546e-01  1.10401515e-14  3.14535546e-01  0.00000000e+00 
 3.14735546e-01  8.64011853e-15  3.14735546e-01  0.00000000e+00 
 3.14935546e-01  6.76183190e-15  3.14935546e-01  0.00000000e+00 
 3.15135546e-01  5.29186844e-15  3.15135546e-01  0.00000000e+00 
 3.15335546e-01  4.14146226e-15  3.15335546e-01  0.00000000e+00 
 3.15535546e-01  3.24114438e-15  3.15535546e-01  0.00000000e+00 
 3.15735546e-01  2.53654777e-15  3.15735546e-01  0.00000000e+00 
 3.15935546e-01  1.98512434e-15  3.15935546e-01  0.00000000e+00 
 3.16135546e-01  1.55357557e-15  3.16135546e-01  0.00000000e+00 
 3.16335546e-01  1.21584175e-15  3.16335546e-01  0.00000000e+00 
 3.16535546e-01  9.51528328e-16  3.16535546e-01  0.00000000e+00 
 3.16735546e-01  7.44674344e-16  3.16735546e-01  0.00000000e+00 
 3.16935546e-01  5.82788617e-16  3.16935546e-01  0.00000000e+00 
 3.17135546e-01  4.56095439e-16  3.17135546e-01  0.00000000e+00 
 3.17335546e-01  3.56944257e-16  3.17335546e-01  0.00000000e+00 
 3.17535546e-01  2.79347679e-16  3.17535546e-01  0.00000000e+00 
 3.17735546e-01  2.18619923e-16  3.17735546e-01  0.00000000e+00 
 3.17935546e-01  1.71093853e-16  3.17935546e-01  0.00000000e+00 
 3.18135546e-01  1.33899537e-16  3.18135546e-01  0.00000000e+00 
 3.18335546e-01  1.04790942e-16  3.18335546e-01  0.00000000e+00 
 3.18535546e-01  8.20103024e-17  3.18535546e-01  0.00000000e+00 
 3.18735546e-01  6.41819758e-17  3.18735546e-01  0.00000000e+00 
 3.18935546e-01  5.02293724e-17  3.18935546e-01  0.00000000e+00 
 3.19135546e-01  3.93099436e-17  3.19135546e-01  0.00000000e+00 
 3.19335546e-01  3.07643037e-17  3.19335546e-01  0.00000000e+00 
 3.19535546e-01  2.40764116e-17  3.19535546e-01  0.00000000e+00 
 3.19735546e-01  1.88424091e-17  3.19735546e-01  0.00000000e+00 
 3.19935546e-01  1.47462332e-17  3.19935546e-01  0.00000000e+00 
 3.20135546e-01  1.15405303e-17  3.20135546e-01  0.00000000e+00 
 3.20335546e-01  9.03171937e-18  3.20335546e-01  0.00000000e+00 
 3.20535546e-01  7.06830212e-18  3.20535546e-01  0.00000000e+00 
 3.20735546e-01  5.53171470e-18  3.20735546e-01  0.00000000e+00 
 3.20935546e-01  4.32916803e-18  3.20935546e-01  0.00000000e+00 
 3.21135546e-01  3.38804454e-18  3.21135546e-01  0.00000000e+00 
 3.21335546e-01  2.65151312e-18  3.21335546e-01  0.00000000e+00 
 3.21535546e-01  2.07509722e-18  3.21535546e-01  0.00000000e+00 
 3.21735546e-01  1.62398913e-18  3.21735546e-01  0.00000000e+00 
 3.21935546e-01  1.27094802e-18  3.21935546e-01  0.00000000e+00 
 3.22135546e-01  9.94654970e-19  3.22135546e-01  0.00000000e+00 
 3.22335546e-01  7.78425628e-19  3.22335546e-01  0.00000000e+00 
 3.22535546e-01  6.09202666e-19  3.22535546e-01  0.00000000e+00 
 3.22735546e-01  4.76767304e-19  3.22735546e-01  0.00000000e+00 
 3.22935546e-01  3.73122238e-19  3.22935546e-01  0.00000000e+00 
 3.23135546e-01  2.92008708e-19  3.23135546e-01  0.00000000e+00 
 3.23335546e-01  2.28528554e-19  3.23335546e-01  0.00000000e+00 
 3.23535546e-01  1.78848433e-19  3.23535546e-01  0.00000000e+00 
 3.23735546e-01  1.39968339e-19  3.23735546e-01  0.00000000e+00 
 3.23935546e-01  1.09540439e-19  3.23935546e-01  0.00000000e+00 
 3.24135546e-01  8.57273004e-20  3.24135546e-01  0.00000000e+00 
 3.24335546e-01  6.70909307e-20  3.24335546e-01  0.00000000e+00 
 3.24535546e-01  5.25059458e-20  3.24535546e-01  0.00000000e+00 
 3.24735546e-01  4.10916097e-20  3.24735546e-01  0.00000000e+00 
 3.24935546e-01  3.21586511e-20  3.24935546e-01  0.00000000e+00 
 3.25135546e-01  2.51676400e-20  3.25135546e-01  0.00000000e+00 
 3.25335546e-01  1.96964139e-20  3.25335546e-01  0.00000000e+00 
 3.25535546e-01  1.54145848e-20  3.25535546e-01  0.00000000e+00 
 3.25735546e-01  1.20635881e-20  3.25735546e-01  0.00000000e+00 
 3.25935546e-01  9.44106895e-21  3.25935546e-01  0.00000000e+00 
 3.26135546e-01  7.38866266e-21  3.26135546e-01  0.00000000e+00 
 3.26335546e-01  5.78243164e-21  3.26335546e-01  0.00000000e+00 
 3.26535546e-01  4.52538129e-21  3.26535546e-01  0.00000000e+00 
 3.26735546e-01  3.54160275e-21  3.26735546e-01  0.00000000e+00 
 3.26935546e-01  2.77168911e-21  3.26935546e-01  0.00000000e+00 
 3.27135546e-01  2.16914800e-21  3.27135546e-01  0.00000000e+00 
 3.27335546e-01  1.69759408e-21  3.27335546e-01  0.00000000e+00 
 3.27535546e-01  1.32855189e-21  3.27535546e-01  0.00000000e+00 
 3.27735546e-01  1.03973626e-21  3.27735546e-01  0.00000000e+00 
 3.27935546e-01  8.13706641e-22  3.27935546e-01  0.00000000e+00 
 3.28000000e-01  7.52166150e-22  3.28000000e-01  0.00000000e+00 
 3.28000000e-01  6.09756090e-08  3.28000000e-01  5.00000041e-01 
 3.28000000e-01  3.04878030e-07  3.28000000e-01  1.50000012e+00 
 3.28000001e-01  1.52438991e-06  3.28000001e-01  3.50000029e+00 
 3.28000001e-01  3.07926701e-06  3.28000001e-01  5.00000000e+00 
 3.28000001e-01  3.38228566e-06  3.28000001e-01  5.00000000e+00 
 3.28000001e-01  3.98832290e-06  3.28000001e-01  5.00000000e+00 
 3.28000001e-01  5.20039717e-06  3.28000001e-01  5.00000000e+00 
 3.28000002e-01  7.62454483e-06  3.28000002e-01  5.00000000e+00 
 3.28000003e-01  1.24728366e-05  3.28000003e-01  5.00000000e+00 
 3.28000004e-01  2.21694061e-05  3.28000004e-01  5.00000000e+00 
 3.28000007e-01  4.15624887e-05  3.28000007e-01  5.00000000e+00 
 3.28000014e-01  8.03484281e-05  3.28000014e-01  5.00000000e+00 
 3.28000026e-01  1.57919404e-04  3.28000026e-01  5.00000000e+00 
 3.28000052e-01  3.13057747e-04  3.28000052e-01  5.00000000e+00 
 3.28000103e-01  6.23319990e-04  3.28000103e-01  5.00000000e+00 
 3.28000205e-01  1.24378672e-03  3.28000205e-01  5.00000000e+00 
 3.28000408e-01  2.48448917e-03  3.28000408e-01  5.00000000e+00 
 3.28000815e-01  4.96497036e-03  3.28000815e-01  5.00000000e+00 
 3.28001629e-01  9.92224014e-03  3.28001629e-01  5.00000000e+00 
 3.28003258e-01  1.98220276e-02  3.28003258e-01  5.00000000e+00 
 3.28006515e-01  3.95627407e-02  3.28006515e-01  5.00000000e+00 
 3.28013028e-01  7.88098829e-02  3.28013028e-01  5.00000000e+00 
 3.28026055e-01  1.56376264e-01  3.28026055e-01  5.00000000e+00 
 3.28052110e-01  3.07869969e-01  3.28052110e-01  5.00000000e+00 
 3.28104219e-01  5.96861476e-01  3.28104219e-01  5.00000000e+00 
 3.28208437e-01  1.12304220e+00  3.28208437e-01  5.00000000e+00 
 3.28408437e-01  1.96585912e+00  3.28408437e-01  5.00000000e+00 
 3.28608437e-01  2.62545496e+00  3.28608437e-01  5.00000000e+00 
 3.28808437e-01  3.14166040e+00  3.28808437e-01  5.00000000e+00 
 3.29008437e-01  3.54564727e+00  3.29008437e-01  5.00000000e+00 
 3.29208437e-01  3.86181091e+00  3.29208437e-01  5.00000000e+00 
 3.29408437e-01  4.10924332e+00  3.29408437e-01  5.00000000e+00 
 3.29608437e-01  4.30288608e+00  3.29608437e-01  5.00000000e+00 
 3.29808437e-01  4.45443258e+00  3.29808437e-01  5.00000000e+00 
 3.30008437e-01  4.57303419e+00  3.30008437e-01  5.00000000e+00 
 3.30208437e-01  4.66585285e+00  3.30208437e-01  5.00000000e+00 
 3.30408437e-01  4.73849353e+00  3.30408437e-01  5.00000000e+00 
 3.30608437e-01  4.79534277e+00  3.30608437e-01  5.00000000e+00 
 3.30808437e-01  4.83983347e+00  3.30808437e-01  5.00000000e+00 
 3.31008437e-01  4.87465228e+00  3.31008437e-01  5.00000000e+00 
 3.31208437e-01  4.90190178e+00  3.31208437e-01  5.00000000e+00 
 3.31408437e-01  4.92322748e+00  3.31408437e-01  5.00000000e+00 
 3.31608437e-01  4.93991716e+00  3.31608437e-01  5.00000000e+00 
 3.31808437e-01  4.95297865e+00  3.31808437e-01  5.00000000e+00 
 3.32008437e-01  4.96320068e+00  3.32008437e-01  5.00000000e+00 
 3.32208437e-01  4.97120053e+00  3.32208437e-01  5.00000000e+00 
 3.32408437e-01  4.97746129e+00  3.32408437e-01  5.00000000e+00 
 3.32608437e-01  4.98236101e+00  3.32608437e-01  5.00000000e+00 
 3.32808437e-01  4.98619557e+00  3.32808437e-01  5.00000000e+00 
 3.33008437e-01  4.98919653e+00  3.33008437e-01  5.00000000e+00 
 3.33208437e-01  4.99154511e+00  3.33208437e-01  5.00000000e+00 
 3.33408437e-01  4.99338313e+00  3.33408437e-01  5.00000000e+00 
 3.33608437e-01  4.99482158e+00  3.33608437e-01  5.00000000e+00 
 3.33808437e-01  4.99594732e+00  3.33808437e-01  5.00000000e+00 
 3.34008437e-01  4.99682834e+00  3.34008437e-01  5.00000000e+00 
 3.34208437e-01  4.99751783e+00  3.34208437e-01  5.00000000e+00 
 3.34408437e-01  4.99805743e+00  3.34408437e-01  5.00000000e+00 
 3.34608437e-01  4.99847973e+00  3.34608437e-01  5.00000000e+00 
 3.34808437e-01  4.99881022e+00  3.34808437e-01  5.00000000e+00 
 3.35008437e-01  4.99906887e+00  3.35008437e-01  5.00000000e+00 
 3.35208437e-01  4.99927129e+00  3.35208437e-01  5.00000000e+00 
 3.35408437e-01  4.99942971e+00  3.35408437e-01  5.00000000e+00 
 3.35608437e-01  4.99955368e+00  3.35608437e-01  5.00000000e+00 
 3.35808437e-01  4.99965071e+00  3.35808437e-01  5.00000000e+00 
 3.36008437e-01  4.99972664e+00  3.36008437e-01  5.00000000e+00 
 3.36208437e-01  4.99978607e+00  3.36208437e-01  5.00000000e+00 
 3.36408437e-01  4.99983257e+00  3.36408437e-01  5.00000000e+00 
 3.36608437e-01  4.99986897e+00  3.36608437e-01  5.00000000e+00 
 3.36808437e-01  4.99989746e+00  3.36808437e-01  5.00000000e+00 
 3.37008437e-01  4.99991975e+00  3.37008437e-01  5.00000000e+00 
 3.37208437e-01  4.99993719e+00  3.37208437e-01  5.00000000e+00 
 3.37408437e-01  4.99995085e+00  3.37408437e-01  5.00000000e+00 
 3.37608437e-01  4.99996153e+00  3.37608437e-01  5.00000000e+00 
 3.37808437e-01  4.99996990e+00  3.37808437e-01  5.00000000e+00 
 3.38008437e-01  4.99997644e+00  3.38008437e-01  5.00000000e+00 
 3.38208437e-01  4.99998156e+00  3.38208437e-01  5.00000000e+00 
 3.38408437e-01  4.99998557e+00  3.38408437e-01  5.00000000e+00 
 3.38608437e-01  4.99998871e+00  3.38608437e-01  5.00000000e+00 
 3.38808437e-01  4.99999116e+00  3.38808437e-01  5.00000000e+00 
 3.39008437e-01  4.99999308e+00  3.39008437e-01  5.00000000e+00 
 3.39208437e-01  4.99999459e+00  3.39208437e-01  5.00000000e+00 
 3.39408437e-01  4.99999576e+00  3.39408437e-01  5.00000000e+00 
 3.39608437e-01  4.99999668e+00  3.39608437e-01  5.00000000e+00 
 3.39808437e-01  4.99999741e+00  3.39808437e-01  5.00000000e+00 
 3.40008437e-01  4.99999797e+00  3.40008437e-01  5.00000000e+00 
 3.40208437e-01  4.99999841e+00  3.40208437e-01  5.00000000e+00 
 3.40408437e-01  4.99999876e+00  3.40408437e-01  5.00000000e+00 
 3.40608437e-01  4.99999903e+00  3.40608437e-01  5.00000000e+00 
 3.40808437e-01  4.99999924e+00  3.40808437e-01  5.00000000e+00 
 3.41008437e-01  4.99999940e+00  3.41008437e-01  5.00000000e+00 
 3.41208437e-01  4.99999953e+00  3.41208437e-01  5.00000000e+00 
 3.41408437e-01  4.99999963e+00  3.41408437e-01  5.00000000e+00 
 3.41608437e-01  4.99999971e+00  3.41608437e-01  5.00000000e+00 
 3.41808437e-01  4.99999978e+00  3.41808437e-01  5.00000000e+00 
 3.42008437e-01  4.99999982e+00  3.42008437e-01  5.00000000e+00 
 3.42208437e-01  4.99999986e+00  3.42208437e-01  5.00000000e+00 
 3.42408437e-01  4.99999989e+00  3.42408437e-01  5.00000000e+00 
 3.42608437e-01  4.99999992e+00  3.42608437e-01  5.00000000e+00 
 3.42808437e-01  4.99999993e+00  3.42808437e-01  5.00000000e+00 
 3.43008437e-01  4.99999995e+00  3.43008437e-01  5.00000000e+00 
 3.43208437e-01  4.99999996e+00  3.43208437e-01  5.00000000e+00 
 3.43408437e-01  4.99999997e+00  3.43408437e-01  5.00000000e+00 
 3.43608437e-01  4.99999998e+00  3.43608437e-01  5.00000000e+00 
 3.43808437e-01  4.99999998e+00  3.43808437e-01  5.00000000e+00 
 3.44008437e-01  4.99999998e+00  3.44008437e-01  5.00000000e+00 
 3.44208437e-01  4.99999999e+00  3.44208437e-01  5.00000000e+00 
 3.44408437e-01  4.99999999e+00  3.44408437e-01  5.00000000e+00 
 3.44608437e-01  4.99999999e+00  3.44608437e-01  5.00000000e+00 
 3.44808437e-01  4.99999999e+00  3.44808437e-01  5.00000000e+00 
 3.45008437e-01  5.00000000e+00  3.45008437e-01  5.00000000e+00 
 3.45208437e-01  5.00000000e+00  3.45208437e-01  5.00000000e+00 
 3.45408437e-01  5.00000000e+00  3.45408437e-01  5.00000000e+00 
 3.45608437e-01  5.00000000e+00  3.45608437e-01  5.00000000e+00 
 3.45808437e-01  5.00000000e+00  3.45808437e-01  5.00000000e+00 
 3.46008437e-01  5.00000000e+00  3.46008437e-01  5.00000000e+00 
 3.46208437e-01  5.00000000e+00  3.46208437e-01  5.00000000e+00 
 3.46408437e-01  5.00000000e+00  3.46408437e-01  5.00000000e+00 
 3.46608437e-01  5.00000000e+00  3.46608437e-01  5.00000000e+00 
 3.46808437e-01  5.00000000e+00  3.46808437e-01  5.00000000e+00 
 3.47008437e-01  5.00000000e+00  3.47008437e-01  5.00000000e+00 
 3.47208437e-01  5.00000000e+00  3.47208437e-01  5.00000000e+00 
 3.47408437e-01  5.00000000e+00  3.47408437e-01  5.00000000e+00 
 3.47608437e-01  5.00000000e+00  3.47608437e-01  5.00000000e+00 
 3.47808437e-01  5.00000000e+00  3.47808437e-01  5.00000000e+00 
 3.48008437e-01  5.00000000e+00  3.48008437e-01  5.00000000e+00 
 3.48208437e-01  5.00000000e+00  3.48208437e-01  5.00000000e+00 
 3.48408437e-01  5.00000000e+00  3.48408437e-01  5.00000000e+00 
 3.48608437e-01  5.00000000e+00  3.48608437e-01  5.00000000e+00 
 3.48808437e-01  5.00000000e+00  3.48808437e-01  5.00000000e+00 
 3.49008437e-01  5.00000000e+00  3.49008437e-01  5.00000000e+00 
 3.49208437e-01  5.00000000e+00  3.49208437e-01  5.00000000e+00 
 3.49408437e-01  5.00000000e+00  3.49408437e-01  5.00000000e+00 
 3.49608437e-01  5.00000000e+00  3.49608437e-01  5.00000000e+00 
 3.49808437e-01  5.00000000e+00  3.49808437e-01  5.00000000e+00 
 3.50008437e-01  5.00000000e+00  3.50008437e-01  5.00000000e+00 
 3.50208437e-01  5.00000000e+00  3.50208437e-01  5.00000000e+00 
 3.50408437e-01  5.00000000e+00  3.50408437e-01  5.00000000e+00 
 3.50608437e-01  5.00000000e+00  3.50608437e-01  5.00000000e+00 
 3.50808437e-01  5.00000000e+00  3.50808437e-01  5.00000000e+00 
 3.51008437e-01  5.00000000e+00  3.51008437e-01  5.00000000e+00 
 3.51208437e-01  5.00000000e+00  3.51208437e-01  5.00000000e+00 
 3.51408437e-01  5.00000000e+00  3.51408437e-01  5.00000000e+00 
 3.51608437e-01  5.00000000e+00  3.51608437e-01  5.00000000e+00 
 3.51808437e-01  5.00000000e+00  3.51808437e-01  5.00000000e+00 
 3.52008437e-01  5.00000000e+00  3.52008437e-01  5.00000000e+00 
 3.52208437e-01  5.00000000e+00  3.52208437e-01  5.00000000e+00 
 3.52408437e-01  5.00000000e+00  3.52408437e-01  5.00000000e+00 
 3.52608437e-01  5.00000000e+00  3.52608437e-01  5.00000000e+00 
 3.52808437e-01  5.00000000e+00  3.52808437e-01  5.00000000e+00 
 3.53008437e-01  5.00000000e+00  3.53008437e-01  5.00000000e+00 
 3.53208437e-01  5.00000000e+00  3.53208437e-01  5.00000000e+00 
 3.53408437e-01  5.00000000e+00  3.53408437e-01  5.00000000e+00 
 3.53608437e-01  5.00000000e+00  3.53608437e-01  5.00000000e+00 
 3.53808437e-01  5.00000000e+00  3.53808437e-01  5.00000000e+00 
 3.54008437e-01  5.00000000e+00  3.54008437e-01  5.00000000e+00 
 3.54208437e-01  5.00000000e+00  3.54208437e-01  5.00000000e+00 
 3.54408437e-01  5.00000000e+00  3.54408437e-01  5.00000000e+00 
 3.54608437e-01  5.00000000e+00  3.54608437e-01  5.00000000e+00 
 3.54808437e-01  5.00000000e+00  3.54808437e-01  5.00000000e+00 
 3.55008437e-01  5.00000000e+00  3.55008437e-01  5.00000000e+00 
 3.55208437e-01  5.00000000e+00  3.55208437e-01  5.00000000e+00 
 3.55408437e-01  5.00000000e+00  3.55408437e-01  5.00000000e+00 
 3.55608437e-01  5.00000000e+00  3.55608437e-01  5.00000000e+00 
 3.55808437e-01  5.00000000e+00  3.55808437e-01  5.00000000e+00 
 3.56008437e-01  5.00000000e+00  3.56008437e-01  5.00000000e+00 
 3.56208437e-01  5.00000000e+00  3.56208437e-01  5.00000000e+00 
 3.56408437e-01  5.00000000e+00  3.56408437e-01  5.00000000e+00 
 3.56608437e-01  5.00000000e+00  3.56608437e-01  5.00000000e+00 
 3.56808437e-01  5.00000000e+00  3.56808437e-01  5.00000000e+00 
 3.57008437e-01  5.00000000e+00  3.57008437e-01  5.00000000e+00 
 3.57208437e-01  5.00000000e+00  3.57208437e-01  5.00000000e+00 
 3.57408437e-01  5.00000000e+00  3.57408437e-01  5.00000000e+00 
 3.57608437e-01  5.00000000e+00  3.57608437e-01  5.00000000e+00 
 3.57808437e-01  5.00000000e+00  3.57808437e-01  5.00000000e+00 
 3.58008437e-01  5.00000000e+00  3.58008437e-01  5.00000000e+00 
 3.58208437e-01  5.00000000e+00  3.58208437e-01  5.00000000e+00 
 3.58408437e-01  5.00000000e+00  3.58408437e-01  5.00000000e+00 
 3.58608437e-01  5.00000000e+00  3.58608437e-01  5.00000000e+00 
 3.58808437e-01  5.00000000e+00  3.58808437e-01  5.00000000e+00 
 3.59008437e-01  5.00000000e+00  3.59008437e-01  5.00000000e+00 
 3.59208437e-01  5.00000000e+00  3.59208437e-01  5.00000000e+00 
 3.59408437e-01  5.00000000e+00  3.59408437e-01  5.00000000e+00 
 3.59608437e-01  5.00000000e+00  3.59608437e-01  5.00000000e+00 
 3.59808437e-01  5.00000000e+00  3.59808437e-01  5.00000000e+00 
 3.60008437e-01  5.00000000e+00  3.60008437e-01  5.00000000e+00 
 3.60208437e-01  5.00000000e+00  3.60208437e-01  5.00000000e+00 
 3.60408437e-01  5.00000000e+00  3.60408437e-01  5.00000000e+00 
 3.60608437e-01  5.00000000e+00  3.60608437e-01  5.00000000e+00 
 3.60808437e-01  5.00000000e+00  3.60808437e-01  5.00000000e+00 
 3.61008437e-01  5.00000000e+00  3.61008437e-01  5.00000000e+00 
 3.61208437e-01  5.00000000e+00  3.61208437e-01  5.00000000e+00 
 3.61408437e-01  5.00000000e+00  3.61408437e-01  5.00000000e+00 
 3.61608437e-01  5.00000000e+00  3.61608437e-01  5.00000000e+00 
 3.61808437e-01  5.00000000e+00  3.61808437e-01  5.00000000e+00 
 3.62008437e-01  5.00000000e+00  3.62008437e-01  5.00000000e+00 
 3.62208437e-01  5.00000000e+00  3.62208437e-01  5.00000000e+00 
 3.62408437e-01  5.00000000e+00  3.62408437e-01  5.00000000e+00 
 3.62608437e-01  5.00000000e+00  3.62608437e-01  5.00000000e+00 
 3.62808437e-01  5.00000000e+00  3.62808437e-01  5.00000000e+00 
 3.63008437e-01  5.00000000e+00  3.63008437e-01  5.00000000e+00 
 3.63208437e-01  5.00000000e+00  3.63208437e-01  5.00000000e+00 
 3.63408437e-01  5.00000000e+00  3.63408437e-01  5.00000000e+00 
 3.63608437e-01  5.00000000e+00  3.63608437e-01  5.00000000e+00 
 3.63808437e-01  5.00000000e+00  3.63808437e-01  5.00000000e+00 
 3.64008437e-01  5.00000000e+00  3.64008437e-01  5.00000000e+00 
 3.64208437e-01  5.00000000e+00  3.64208437e-01  5.00000000e+00 
 3.64408437e-01  5.00000000e+00  3.64408437e-01  5.00000000e+00 
 3.64608437e-01  5.00000000e+00  3.64608437e-01  5.00000000e+00 
 3.64808437e-01  5.00000000e+00  3.64808437e-01  5.00000000e+00 
 3.65008437e-01  5.00000000e+00  3.65008437e-01  5.00000000e+00 
 3.65208437e-01  5.00000000e+00  3.65208437e-01  5.00000000e+00 
 3.65408437e-01  5.00000000e+00  3.65408437e-01  5.00000000e+00 
 3.65608437e-01  5.00000000e+00  3.65608437e-01  5.00000000e+00 
 3.65808437e-01  5.00000000e+00  3.65808437e-01  5.00000000e+00 
 3.66008437e-01  5.00000000e+00  3.66008437e-01  5.00000000e+00 
 3.66208437e-01  5.00000000e+00  3.66208437e-01  5.00000000e+00 
 3.66408437e-01  5.00000000e+00  3.66408437e-01  5.00000000e+00 
 3.66608437e-01  5.00000000e+00  3.66608437e-01  5.00000000e+00 
 3.66808437e-01  5.00000000e+00  3.66808437e-01  5.00000000e+00 
 3.67008437e-01  5.00000000e+00  3.67008437e-01  5.00000000e+00 
 3.67208437e-01  5.00000000e+00  3.67208437e-01  5.00000000e+00 
 3.67408437e-01  5.00000000e+00  3.67408437e-01  5.00000000e+00 
 3.67608437e-01  5.00000000e+00  3.67608437e-01  5.00000000e+00 
 3.67808437e-01  5.00000000e+00  3.67808437e-01  5.00000000e+00 
 3.68008437e-01  5.00000000e+00  3.68008437e-01  5.00000000e+00 
 3.68208437e-01  5.00000000e+00  3.68208437e-01  5.00000000e+00 
 3.68408437e-01  5.00000000e+00  3.68408437e-01  5.00000000e+00 
 3.68608437e-01  5.00000000e+00  3.68608437e-01  5.00000000e+00 
 3.68808437e-01  5.00000000e+00  3.68808437e-01  5.00000000e+00 
 3.69000001e-01  5.00000000e+00  3.69000001e-01  4.99999997e+00 
 3.69000001e-01  4.99999994e+00  3.69000001e-01  4.49999992e+00 
 3.69000001e-01  4.99999969e+00  3.69000001e-01  3.49999984e+00 
 3.69000002e-01  4.99999847e+00  3.69000002e-01  1.49999995e+00 
 3.69000002e-01  4.99999692e+00  3.69000002e-01  1.06715188e-07 
 3.69000002e-01  4.99999643e+00  3.69000002e-01  0.00000000e+00 
 3.69000002e-01  4.99999545e+00  3.69000002e-01  0.00000000e+00 
 3.69000003e-01  4.99999350e+00  3.69000003e-01  0.00000000e+00 
 3.69000003e-01  4.99998960e+00  3.69000003e-01  0.00000000e+00 
 3.69000004e-01  4.99998180e+00  3.69000004e-01  0.00000000e+00 
 3.69000007e-01  4.99996619e+00  3.69000007e-01  0.00000000e+00 
 3.69000012e-01  4.99993497e+00  3.69000012e-01  0.00000000e+00 
 3.69000022e-01  4.99987253e+00  3.69000022e-01  0.00000000e+00 
 3.69000043e-01  4.99974766e+00  3.69000043e-01  0.00000000e+00 
 3.69000084e-01  4.99949792e+00  3.69000084e-01  0.00000000e+00 
 3.69000166e-01  4.99899848e+00  3.69000166e-01  0.00000000e+00 
 3.69000330e-01  4.99799976e+00  3.69000330e-01  0.00000000e+00 
 3.69000657e-01  4.99600291e+00  3.69000657e-01  0.00000000e+00 
 3.69001313e-01  4.99201160e+00  3.69001313e-01  0.00000000e+00 
 3.69002623e-01  4.98403854e+00  3.69002623e-01  0.00000000e+00 
 3.69005245e-01  4.96813061e+00  3.69005245e-01  0.00000000e+00 
 3.69010488e-01  4.93646682e+00  3.69010488e-01  0.00000000e+00 
 3.69020973e-01  4.87374273e+00  3.69020973e-01  0.00000000e+00 
 3.69041945e-01  4.75067044e+00  3.69041945e-01  0.00000000e+00 
 3.69083888e-01  4.51373310e+00  3.69083888e-01  0.00000000e+00 
 3.69167774e-01  4.07444727e+00  3.69167774e-01  0.00000000e+00 
 3.69335546e-01  3.31818072e+00  3.69335546e-01  0.00000000e+00 
 3.69535546e-01  2.59683709e+00  3.69535546e-01  0.00000000e+00 
 3.69735546e-01  2.03230729e+00  3.69735546e-01  0.00000000e+00 
 3.69935546e-01  1.59050135e+00  3.69935546e-01  0.00000000e+00 
 3.70135546e-01  1.24474019e+00  3.70135546e-01  0.00000000e+00 
 3.70335546e-01  9.74144497e-01  3.70335546e-01  0.00000000e+00 
 3.70535546e-01  7.62373954e-01  3.70535546e-01  0.00000000e+00 
 3.70735546e-01  5.96640486e-01  3.70735546e-01  0.00000000e+00 
 3.70935546e-01  4.66936032e-01  3.70935546e-01  0.00000000e+00 
 3.71135546e-01  3.65428199e-01  3.71135546e-01  0.00000000e+00 
 3.71335546e-01  2.85987286e-01  3.71335546e-01  0.00000000e+00 
 3.71535546e-01  2.23816137e-01  3.71535546e-01  0.00000000e+00 
 3.71735546e-01  1.75160455e-01  3.71735546e-01  0.00000000e+00 
 3.71935546e-01  1.37082095e-01  3.71935546e-01  0.00000000e+00 
 3.72135546e-01  1.07281640e-01  3.72135546e-01  0.00000000e+00 
 3.72335546e-01  8.39595442e-02  3.72335546e-01  0.00000000e+00 
 3.72535546e-01  6.57074694e-02  3.72535546e-01  0.00000000e+00 
 3.72735546e-01  5.14232369e-02  3.72735546e-01  0.00000000e+00 
 3.72935546e-01  4.02442724e-02  3.72935546e-01  0.00000000e+00 
 3.73135546e-01  3.14955175e-02  3.73135546e-01  0.00000000e+00 
 3.73335546e-01  2.46486659e-02  3.73335546e-01  0.00000000e+00 
 3.73535546e-01  1.92902602e-02  3.73535546e-01  0.00000000e+00 
 3.73735546e-01  1.50967254e-02  3.73735546e-01  0.00000000e+00 
 3.73935546e-01  1.18148286e-02  3.73935546e-01  0.00000000e+00 
 3.74135546e-01  9.24638758e-03  3.74135546e-01  0.00000000e+00 
 3.74335546e-01  7.23630333e-03  3.74335546e-01  0.00000000e+00 
 3.74535546e-01  5.66319391e-03  3.74535546e-01  0.00000000e+00 
 3.74735546e-01  4.43206480e-03  3.74735546e-01  0.00000000e+00 
 3.74935546e-01  3.46857245e-03  3.74935546e-01  0.00000000e+00 
 3.75135546e-01  2.71453496e-03  3.75135546e-01  0.00000000e+00 
 3.75335546e-01  2.12441867e-03  3.75335546e-01  0.00000000e+00 
 3.75535546e-01  1.66258852e-03  3.75535546e-01  0.00000000e+00 
 3.75735546e-01  1.30115623e-03  3.75735546e-01  0.00000000e+00 
 3.75935546e-01  1.01829618e-03  3.75935546e-01  0.00000000e+00 
 3.76135546e-01  7.96927447e-04  3.76135546e-01  0.00000000e+00 
 3.76335546e-01  6.23682350e-04  3.76335546e-01  0.00000000e+00 
 3.76535546e-01  4.88099230e-04  3.76535546e-01  0.00000000e+00 
 3.76735546e-01  3.81990702e-04  3.76735546e-01  0.00000000e+00 
 3.76935546e-01  2.98949245e-04  3.76935546e-01  0.00000000e+00 
 3.77135546e-01  2.33960279e-04  3.77135546e-01  0.00000000e+00 
 3.77335546e-01  1.83099349e-04  3.77335546e-01  0.00000000e+00 
 3.77535546e-01  1.43295142e-04  3.77535546e-01  0.00000000e+00 
 3.77735546e-01  1.12144024e-04  3.77735546e-01  0.00000000e+00 
 3.77935546e-01  8.77648887e-05  3.77935546e-01  0.00000000e+00 
 3.78135546e-01  6.86855651e-05  3.78135546e-01  0.00000000e+00 
 3.78335546e-01  5.37539205e-05  3.78335546e-01  0.00000000e+00 
 3.78535546e-01  4.20682856e-05  3.78535546e-01  0.00000000e+00 
 3.78735546e-01  3.29230061e-05  3.78735546e-01  0.00000000e+00 
 3.78935546e-01  2.57658309e-05  3.78935546e-01  0.00000000e+00 
 3.79135546e-01  2.01645633e-05  3.79135546e-01  0.00000000e+00 
 3.79335546e-01  1.57809626e-05  3.79335546e-01  0.00000000e+00 
 3.79535546e-01  1.23503185e-05  3.79535546e-01  0.00000000e+00 
 3.79735546e-01  9.66546669e-06  3.79735546e-01  0.00000000e+00 
 3.79935546e-01  7.56427828e-06  3.79935546e-01  0.00000000e+00 
 3.80135546e-01  5.91986996e-06  3.80135546e-01  0.00000000e+00 
 3.80335546e-01  4.63294170e-06  3.80335546e-01  0.00000000e+00 
 3.80535546e-01  3.62578046e-06  3.80535546e-01  0.00000000e+00 
 3.80735546e-01  2.83756732e-06  3.80735546e-01  0.00000000e+00 
 3.80935546e-01  2.22070486e-06  3.80935546e-01  0.00000000e+00 
 3.81135546e-01  1.73794293e-06  3.81135546e-01  0.00000000e+00 
 3.81335546e-01  1.36012925e-06  3.81335546e-01  0.00000000e+00 
 3.81535546e-01  1.06444898e-06  3.81535546e-01  0.00000000e+00 
 3.81735546e-01  8.33047028e-07  3.81735546e-01  0.00000000e+00 
 3.81935546e-01  6.51949848e-07  3.81935546e-01  0.00000000e+00 
 3.82135546e-01  5.10221620e-07  3.82135546e-01  0.00000000e+00 
 3.82335546e-01  3.99303877e-07  3.82335546e-01  0.00000000e+00 
 3.82535546e-01  3.12498686e-07  3.82535546e-01  0.00000000e+00 
 3.82735546e-01  2.44564189e-07  3.82735546e-01  0.00000000e+00 
 3.82935546e-01  1.91398061e-07  3.82935546e-01  0.00000000e+00 
 3.83135546e-01  1.49789787e-07  3.83135546e-01  0.00000000e+00 
 3.83335546e-01  1.17226790e-07  3.83335546e-01  0.00000000e+00 
 3.83535546e-01  9.17427050e-08  3.83535546e-01  0.00000000e+00 
 3.83735546e-01  7.17986387e-08  3.83735546e-01  0.00000000e+00 
 3.83935546e-01  5.61902390e-08  3.83935546e-01  0.00000000e+00 
 3.84135546e-01  4.39749696e-08  3.84135546e-01  0.00000000e+00 
 3.84335546e-01  3.44151936e-08  3.84335546e-01  0.00000000e+00 
 3.84535546e-01  2.69336298e-08  3.84535546e-01  0.00000000e+00 
 3.84735546e-01  2.10784929e-08  3.84735546e-01  0.00000000e+00 
 3.84935546e-01  1.64962118e-08  3.84935546e-01  0.00000000e+00 
 3.85135546e-01  1.29100788e-08  3.85135546e-01  0.00000000e+00 
 3.85335546e-01  1.01035399e-08  3.85335546e-01  0.00000000e+00 
 3.85535546e-01  7.90711822e-09  3.85535546e-01  0.00000000e+00 
 3.85735546e-01  6.18817947e-09  3.85735546e-01  0.00000000e+00 
 3.85935546e-01  4.84292307e-09  3.85935546e-01  0.00000000e+00 
 3.86135546e-01  3.79011370e-09  3.86135546e-01  0.00000000e+00 
 3.86335546e-01  2.96617594e-09  3.86335546e-01  0.00000000e+00 
 3.86535546e-01  2.32135509e-09  3.86535546e-01  0.00000000e+00 
 3.86735546e-01  1.81671268e-09  3.86735546e-01  0.00000000e+00 
 3.86935546e-01  1.42177514e-09  3.86935546e-01  0.00000000e+00 
 3.87135546e-01  1.11269359e-09  3.87135546e-01  0.00000000e+00 
 3.87335546e-01  8.70803676e-10  3.87335546e-01  0.00000000e+00 
 3.87535546e-01  6.81498529e-10  3.87535546e-01  0.00000000e+00 
 3.87735546e-01  5.33346675e-10  3.87735546e-01  0.00000000e+00 
 3.87935546e-01  4.17401745e-10  3.87935546e-01  0.00000000e+00 
 3.88135546e-01  3.26662236e-10  3.88135546e-01  0.00000000e+00 
 3.88335546e-01  2.55648706e-10  3.88335546e-01  0.00000000e+00 
 3.88535546e-01  2.00072900e-10  3.88535546e-01  0.00000000e+00 
 3.88735546e-01  1.56578792e-10  3.88735546e-01  0.00000000e+00 
 3.88935546e-01  1.22539924e-10  3.88935546e-01  0.00000000e+00 
 3.89135546e-01  9.59008100e-11  3.89135546e-01  0.00000000e+00 
 3.89335546e-01  7.50528078e-11  3.89335546e-01  0.00000000e+00 
 3.89535546e-01  5.87369800e-11  3.89535546e-01  0.00000000e+00 
 3.89735546e-01  4.59680713e-11  3.89735546e-01  0.00000000e+00 
 3.89935546e-01  3.59750124e-11  3.89935546e-01  0.00000000e+00 
 3.90135546e-01  2.81543575e-11  3.90135546e-01  0.00000000e+00 
 3.90335546e-01  2.20338450e-11  3.90335546e-01  0.00000000e+00 
 3.90535546e-01  1.72438787e-11  3.90535546e-01  0.00000000e+00 
 3.90735546e-01  1.34952094e-11  3.90735546e-01  0.00000000e+00 
 3.90935546e-01  1.05614682e-11  3.90935546e-01  0.00000000e+00 
 3.91135546e-01  8.26549688e-12  3.91135546e-01  0.00000000e+00 
 3.91335546e-01  6.46864973e-12  3.91335546e-01  0.00000000e+00 
 3.91535546e-01  5.06242153e-12  3.91535546e-01  0.00000000e+00 
 3.91735546e-01  3.96189511e-12  3.91735546e-01  0.00000000e+00 
 3.91935546e-01  3.10061356e-12  3.91935546e-01  0.00000000e+00 
 3.92135546e-01  2.42656714e-12  3.92135546e-01  0.00000000e+00 
 3.92335546e-01  1.89905254e-12  3.92335546e-01  0.00000000e+00 
 3.92535546e-01  1.48621503e-12  3.92535546e-01  0.00000000e+00 
 3.92735546e-01  1.16312481e-12  3.92735546e-01  0.00000000e+00 
 3.92935546e-01  9.10271589e-13  3.92935546e-01  0.00000000e+00 
 3.93135546e-01  7.12386461e-13  3.93135546e-01  0.00000000e+00 
 3.93335546e-01  5.57519839e-13  3.93335546e-01  0.00000000e+00 
 3.93535546e-01  4.36319874e-13  3.93535546e-01  0.00000000e+00 
 3.93735546e-01  3.41467728e-13  3.93735546e-01  0.00000000e+00 
 3.93935546e-01  2.67235613e-13  3.93935546e-01  0.00000000e+00 
 3.94135546e-01  2.09140914e-13  3.94135546e-01  0.00000000e+00 
 3.94335546e-01  1.63675498e-13  3.94335546e-01  0.00000000e+00 
 3.94535546e-01  1.28093868e-13  3.94535546e-01  0.00000000e+00 
 3.94735546e-01  1.00247375e-13  3.94735546e-01  0.00000000e+00 
 3.94935546e-01  7.84544675e-14  3.94935546e-01  0.00000000e+00 
 3.95135546e-01  6.13991485e-14  3.95135546e-01  0.00000000e+00 
 3.95335546e-01  4.80515075e-14  3.95335546e-01  0.00000000e+00 
 3.95535546e-01  3.76055276e-14  3.95535546e-01  0.00000000e+00 
 3.95735546e-01  2.94304129e-14  3.95735546e-01  0.00000000e+00 
 3.95935546e-01  2.30324971e-14  3.95935546e-01  0.00000000e+00 
 3.96135546e-01  1.80254325e-14  3.96135546e-01  0.00000000e+00 
 3.96335546e-01  1.41068602e-14  3.96335546e-01  0.00000000e+00 
 3.96535546e-01  1.10401515e-14  3.96535546e-01  0.00000000e+00 
 3.96735546e-01  8.64011853e-15  3.96735546e-01  0.00000000e+00 
 3.96935546e-01  6.76183190e-15  3.96935546e-01  0.00000000e+00 
 3.97135546e-01  5.29186844e-15  3.97135546e-01  0.00000000e+00 
 3.97335546e-01  4.14146226e-15  3.97335546e-01  0.00000000e+00 
 3.97535546e-01  3.24114438e-15  3.97535546e-01  0.00000000e+00 
 3.97735546e-01  2.53654777e-15  3.97735546e-01  0.00000000e+00 
 3.97935546e-01  1.98512434e-15  3.97935546e-01  0.00000000e+00 
 3.98135546e-01  1.55357557e-15  3.98135546e-01  0.00000000e+00 
 3.98335546e-01  1.21584175e-15  3.98335546e-01  0.00000000e+00 
 3.98535546e-01  9.51528328e-16  3.98535546e-01  0.00000000e+00 
 3.98735546e-01  7.44674344e-16  3.98735546e-01  0.00000000e+00 
 3.98935546e-01  5.82788617e-16  3.98935546e-01  0.00000000e+00 
 3.99135546e-01  4.56095439e-16  3.99135546e-01  0.00000000e+00 
 3.99335546e-01  3.56944257e-16  3.99335546e-01  0.00000000e+00 
 3.99535546e-01  2.79347679e-16  3.99535546e-01  0.00000000e+00 
 3.99735546e-01  2.18619923e-16  3.99735546e-01  0.00000000e+00 
 3.99935546e-01  1.71093853e-16  3.99935546e-01  0.00000000e+00 
 4.00135546e-01  1.33899537e-16  4.00135546e-01  0.00000000e+00 
 4.00335546e-01  1.04790942e-16  4.00335546e-01  0.00000000e+00 
 4.00535546e-01  8.20103024e-17  4.00535546e-01  0.00000000e+00 
 4.00735546e-01  6.41819758e-17  4.00735546e-01  0.00000000e+00 
 4.00935546e-01  5.02293724e-17  4.00935546e-01  0.00000000e+00 
 4.01135546e-01  3.93099436e-17  4.01135546e-01  0.00000000e+00 
 4.01335546e-01  3.07643037e-17  4.01335546e-01  0.00000000e+00 
 4.01535546e-01  2.40764116e-17  4.01535546e-01  0.00000000e+00 
 4.01735546e-01  1.88424091e-17  4.01735546e-01  0.00000000e+00 
 4.01935546e-01  1.47462332e-17  4.01935546e-01  0.00000000e+00 
 4.02135546e-01  1.15405303e-17  4.02135546e-01  0.00000000e+00 
 4.02335546e-01  9.03171937e-18  4.02335546e-01  0.00000000e+00 
 4.02535546e-01  7.06830212e-18  4.02535546e-01  0.00000000e+00 
 4.02735546e-01  5.53171470e-18  4.02735546e-01  0.00000000e+00 
 4.02935546e-01  4.32916803e-18  4.02935546e-01  0.00000000e+00 
 4.03135546e-01  3.38804454e-18  4.03135546e-01  0.00000000e+00 
 4.03335546e-01  2.65151312e-18  4.03335546e-01  0.00000000e+00 
 4.03535546e-01  2.07509722e-18  4.03535546e-01  0.00000000e+00 
 4.03735546e-01  1.62398913e-18  4.03735546e-01  0.00000000e+00 
 4.03935546e-01  1.27094802e-18  4.03935546e-01  0.00000000e+00 
 4.04135546e-01  9.94654970e-19  4.04135546e-01  0.00000000e+00 
 4.04335546e-01  7.78425628e-19  4.04335546e-01  0.00000000e+00 
 4.04535546e-01  6.09202666e-19  4.04535546e-01  0.00000000e+00 
 4.04735546e-01  4.76767304e-19  4.04735546e-01  0.00000000e+00 
 4.04935546e-01  3.73122238e-19  4.04935546e-01  0.00000000e+00 
 4.05135546e-01  2.92008708e-19  4.05135546e-01  0.00000000e+00 
 4.05335546e-01  2.28528554e-19  4.05335546e-01  0.00000000e+00 
 4.05535546e-01  1.78848433e-19  4.05535546e-01  0.00000000e+00 
 4.05735546e-01  1.39968339e-19  4.05735546e-01  0.00000000e+00 
 4.05935546e-01  1.09540439e-19  4.05935546e-01  0.00000000e+00 
 4.06135546e-01  8.57273004e-20  4.06135546e-01  0.00000000e+00 
 4.06335546e-01  6.70909307e-20  4.06335546e-01  0.00000000e+00 
 4.06535546e-01  5.25059458e-20  4.06535546e-01  0.00000000e+00 
 4.06735546e-01  4.10916097e-20  4.06735546e-01  0.00000000e+00 
 4.06935546e-01  3.21586511e-20  4.06935546e-01  0.00000000e+00 
 4.07135546e-01  2.51676400e-20  4.07135546e-01  0.00000000e+00 
 4.07335546e-01  1.96964139e-20  4.07335546e-01  0.00000000e+00 
 4.07535546e-01  1.54145848e-20  4.07535546e-01  0.00000000e+00 
 4.07735546e-01  1.20635881e-20  4.07735546e-01  0.00000000e+00 
 4.07935546e-01  9.44106895e-21  4.07935546e-01  0.00000000e+00 
 4.08135546e-01  7.38866266e-21  4.08135546e-01  0.00000000e+00 
 4.08335546e-01  5.78243164e-21  4.08335546e-01  0.00000000e+00 
 4.08535546e-01  4.52538129e-21  4.08535546e-01  0.00000000e+00 
 4.08735546e-01  3.54160275e-21  4.08735546e-01  0.00000000e+00 
 4.08935546e-01  2.77168911e-21  4.08935546e-01  0.00000000e+00 
 4.09135546e-01  2.16914800e-21  4.09135546e-01  0.00000000e+00 
 4.09335546e-01  1.69759408e-21  4.09335546e-01  0.00000000e+00 
 4.09535546e-01  1.32855189e-21  4.09535546e-01  0.00000000e+00 
 4.09735546e-01  1.03973626e-21  4.09735546e-01  0.00000000e+00 
 4.09935546e-01  8.13706641e-22  4.09935546e-01  0.00000000e+00 
 4.10000000e-01  7.52166150e-22  4.10000000e-01  0.00000000e+00 
 4.10000000e-01  6.09756090e-08  4.10000000e-01  5.00000041e-01 
 4.10000000e-01  3.04878030e-07  4.10000000e-01  1.50000012e+00 
 4.10000001e-01  1.52438991e-06  4.10000001e-01  3.50000029e+00 
 4.10000001e-01  3.07926701e-06  4.10000001e-01  5.00000000e+00 
 4.10000001e-01  3.38228566e-06  4.10000001e-01  5.00000000e+00 
 4.10000001e-01  3.98832290e-06  4.10000001e-01  5.00000000e+00 
 4.10000001e-01  5.20039717e-06  4.10000001e-01  5.00000000e+00 
 4.10000002e-01  7.62454483e-06  4.10000002e-01  5.00000000e+00 
 4.10000003e-01  1.24728366e-05  4.10000003e-01  5.00000000e+00 
 4.10000004e-01  2.21694061e-05  4.10000004e-01  5.00000000e+00 
 4.10000007e-01  4.15624887e-05  4.10000007e-01  5.00000000e+00 
 4.10000014e-01  8.03484281e-05  4.10000014e-01  5.00000000e+00 
 4.10000026e-01  1.57919404e-04  4.10000026e-01  5.00000000e+00 
 4.10000052e-01  3.13057747e-04  4.10000052e-01  5.00000000e+00 
 4.10000103e-01  6.23319990e-04  4.10000103e-01  5.00000000e+00 
 4.10000205e-01  1.24378672e-03  4.10000205e-01  5.00000000e+00 
 4.10000408e-01  2.48448917e-03  4.10000408e-01  5.00000000e+00 
 4.10000815e-01  4.96497036e-03  4.10000815e-01  5.00000000e+00 
 4.10001629e-01  9.92224014e-03  4.10001629e-01  5.00000000e+00 
 4.10003258e-01  1.98220276e-02  4.10003258e-01  5.00000000e+00 
 4.10006515e-01  3.95627407e-02  4.10006515e-01  5.00000000e+00 
 4.10013028e-01  7.88098829e-02  4.10013028e-01  5.00000000e+00 
 4.10026055e-01  1.56376264e-01  4.10026055e-01  5.00000000e+00 
 4.10052110e-01  3.07869969e-01  4.10052110e-01  5.00000000e+00 
 4.10104219e-01  5.96861476e-01  4.10104219e-01  5.00000000e+00 
 4.10208437e-01  1.12304220e+00  4.10208437e-01  5.00000000e+00 
 4.10408437e-01  1.96585912e+00  4.10408437e-01  5.00000000e+00 
 4.10608437e-01  2.62545496e+00  4.10608437e-01  5.00000000e+00 
 4.10808437e-01  3.14166040e+00  4.10808437e-01  5.00000000e+00 
 4.11008437e-01  3.54564727e+00  4.11008437e-01  5.00000000e+00 
 4.11208437e-01  3.86181091e+00  4.11208437e-01  5.00000000e+00 
 4.11408437e-01  4.10924332e+00  4.11408437e-01  5.00000000e+00 
 4.11608437e-01  4.30288608e+00  4.11608437e-01  5.00000000e+00 
 4.11808437e-01  4.45443258e+00  4.11808437e-01  5.00000000e+00 
 4.12008437e-01  4.57303419e+00  4.12008437e-01  5.00000000e+00 
 4.12208437e-01  4.66585285e+00  4.12208437e-01  5.00000000e+00 
 4.12408437e-01  4.73849353e+00  4.12408437e-01  5.00000000e+00 
 4.12608437e-01  4.79534277e+00  4.12608437e-01  5.00000000e+00 
 4.12808437e-01  4.83983347e+00  4.12808437e-01  5.00000000e+00 
 4.13008437e-01  4.87465228e+00  4.13008437e-01  5.00000000e+00 
 4.13208437e-01  4.90190178e+00  4.13208437e-01  5.00000000e+00 
 4.13408437e-01  4.92322748e+00  4.13408437e-01  5.00000000e+00 
 4.13608437e-01  4.93991716e+00  4.13608437e-01  5.00000000e+00 
 4.13808437e-01  4.95297865e+00  4.13808437e-01  5.00000000e+00 
 4.14008437e-01  4.96320068e+00  4.14008437e-01  5.00000000e+00 
 4.14208437e-01  4.97120053e+00  4.14208437e-01  5.00000000e+00 
 4.14408437e-01  4.97746129e+00  4.14408437e-01  5.00000000e+00 
 4.14608437e-01  4.98236101e+00  4.14608437e-01  5.00000000e+00 
 4.14808437e-01  4.98619557e+00  4.14808437e-01  5.00000000e+00 
 4.15008437e-01  4.98919653e+00  4.15008437e-01  5.00000000e+00 
 4.15208437e-01  4.99154511e+00  4.15208437e-01  5.00000000e+00 
 4.15408437e-01  4.99338313e+00  4.15408437e-01  5.00000000e+00 
 4.15608437e-01  4.99482158e+00  4.15608437e-01  5.00000000e+00 
 4.15808437e-01  4.99594732e+00  4.15808437e-01  5.00000000e+00 
 4.16008437e-01  4.99682834e+00  4.16008437e-01  5.00000000e+00 
 4.16208437e-01  4.99751783e+00  4.16208437e-01  5.00000000e+00 
 4.16408437e-01  4.99805743e+00  4.16408437e-01  5.00000000e+00 
 4.16608437e-01  4.99847973e+00  4.16608437e-01  5.00000000e+00 
 4.16808437e-01  4.99881022e+00  4.16808437e-01  5.00000000e+00 
 4.17008437e-01  4.99906887e+00  4.17008437e-01  5.00000000e+00 
 4.17208437e-01  4.99927129e+00  4.17208437e-01  5.00000000e+00 
 4.17408437e-01  4.99942971e+00  4.17408437e-01  5.00000000e+00 
 4.17608437e-01  4.99955368e+00  4.17608437e-01  5.00000000e+00 
 4.17808437e-01  4.99965071e+00  4.17808437e-01  5.00000000e+00 
 4.18008437e-01  4.99972664e+00  4.18008437e-01  5.00000000e+00 
 4.18208437e-01  4.99978607e+00  4.18208437e-01  5.00000000e+00 
 4.18408437e-01  4.99983257e+00  4.18408437e-01  5.00000000e+00 
 4.18608437e-01  4.99986897e+00  4.18608437e-01  5.00000000e+00 
 4.18808437e-01  4.99989746e+00  4.18808437e-01  5.00000000e+00 
 4.19008437e-01  4.99991975e+00  4.19008437e-01  5.00000000e+00 
 4.19208437e-01  4.99993719e+00  4.19208437e-01  5.00000000e+00 
 4.19408437e-01  4.99995085e+00  4.19408437e-01  5.00000000e+00 
 4.19608437e-01  4.99996153e+00  4.19608437e-01  5.00000000e+00 
 4.19808437e-01  4.99996990e+00  4.19808437e-01  5.00000000e+00 
 4.20008437e-01  4.99997644e+00  4.20008437e-01  5.00000000e+00 
 4.20208437e-01  4.99998156e+00  4.20208437e-01  5.00000000e+00 
 4.20408437e-01  4.99998557e+00  4.20408437e-01  5.00000000e+00 
 4.20608437e-01  4.99998871e+00  4.20608437e-01  5.00000000e+00 
 4.20808437e-01  4.99999116e+00  4.20808437e-01  5.00000000e+00 
 4.21008437e-01  4.99999308e+00  4.21008437e-01  5.00000000e+00 
 4.21208437e-01  4.99999459e+00  4.21208437e-01  5.00000000e+00 
 4.21408437e-01  4.99999576e+00  4.21408437e-01  5.00000000e+00 
 4.21608437e-01  4.99999668e+00  4.21608437e-01  5.00000000e+00 
 4.21808437e-01  4.99999741e+00  4.21808437e-01  5.00000000e+00 
 4.22008437e-01  4.99999797e+00  4.22008437e-01  5.00000000e+00 
 4.22208437e-01  4.99999841e+00  4.22208437e-01  5.00000000e+00 
 4.22408437e-01  4.99999876e+00  4.22408437e-01  5.00000000e+00 
 4.22608437e-01  4.99999903e+00  4.22608437e-01  5.00000000e+00 
 4.22808437e-01  4.99999924e+00  4.22808437e-01  5.00000000e+00 
 4.23008437e-01  4.99999940e+00  4.23008437e-01  5.00000000e+00 
 4.23208437e-01  4.99999953e+00  4.23208437e-01  5.00000000e+00 
 4.23408437e-01  4.99999963e+00  4.23408437e-01  5.00000000e+00 
 4.23608437e-01  4.99999971e+00  4.23608437e-01  5.00000000e+00 
 4.23808437e-01  4.99999978e+00  4.23808437e-01  5.00000000e+00 
 4.24008437e-01  4.99999982e+00  4.24008437e-01  5.00000000e+00 
 4.24208437e-01  4.99999986e+00  4.24208437e-01  5.00000000e+00 
 4.24408437e-01  4.99999989e+00  4.24408437e-01  5.00000000e+00 
 4.24608437e-01  4.99999992e+00  4.24608437e-01  5.00000000e+00 
 4.24808437e-01  4.99999993e+00  4.24808437e-01  5.00000000e+00 
 4.25008437e-01  4.99999995e+00  4.25008437e-01  5.00000000e+00 
 4.25208437e-01  4.99999996e+00  4.25208437e-01  5.00000000e+00 
 4.25408437e-01  4.99999997e+00  4.25408437e-01  5.00000000e+00 
 4.25608437e-01  4.99999998e+00  4.25608437e-01  5.00000000e+00 
 4.25808437e-01  4.99999998e+00  4.25808437e-01  5.00000000e+00 
 4.26008437e-01  4.99999998e+00  4.26008437e-01  5.00000000e+00 
 4.26208437e-01  4.99999999e+00  4.26208437e-01  5.00000000e+00 
 4.26408437e-01  4.99999999e+00  4.26408437e-01  5.00000000e+00 
 4.26608437e-01  4.99999999e+00  4.26608437e-01  5.00000000e+00 
 4.26808437e-01  4.99999999e+00  4.26808437e-01  5.00000000e+00 
 4.27008437e-01  5.00000000e+00  4.27008437e-01  5.00000000e+00 
 4.27208437e-01  5.00000000e+00  4.27208437e-01  5.00000000e+00 
 4.27408437e-01  5.00000000e+00  4.27408437e-01  5.00000000e+00 
 4.27608437e-01  5.00000000e+00  4.27608437e-01  5.00000000e+00 
 4.27808437e-01  5.00000000e+00  4.27808437e-01  5.00000000e+00 
 4.28008437e-01  5.00000000e+00  4.28008437e-01  5.00000000e+00 
 4.28208437e-01  5.00000000e+00  4.28208437e-01  5.00000000e+00 
 4.28408437e-01  5.00000000e+00  4.28408437e-01  5.00000000e+00 
 4.28608437e-01  5.00000000e+00  4.28608437e-01  5.00000000e+00 
 4.28808437e-01  5.00000000e+00  4.28808437e-01  5.00000000e+00 
 4.29008437e-01  5.00000000e+00  4.29008437e-01  5.00000000e+00 
 4.29208437e-01  5.00000000e+00  4.29208437e-01  5.00000000e+00 
 4.29408437e-01  5.00000000e+00  4.29408437e-01  5.00000000e+00 
 4.29608437e-01  5.00000000e+00  4.29608437e-01  5.00000000e+00 
 4.29808437e-01  5.00000000e+00  4.29808437e-01  5.00000000e+00 
 4.30008437e-01  5.00000000e+00  4.30008437e-01  5.00000000e+00 
 4.30208437e-01  5.00000000e+00  4.30208437e-01  5.00000000e+00 
 4.30408437e-01  5.00000000e+00  4.30408437e-01  5.00000000e+00 
 4.30608437e-01  5.00000000e+00  4.30608437e-01  5.00000000e+00 
 4.30808437e-01  5.00000000e+00  4.30808437e-01  5.00000000e+00 
 4.31008437e-01  5.00000000e+00  4.31008437e-01  5.00000000e+00 
 4.31208437e-01  5.00000000e+00  4.31208437e-01  5.00000000e+00 
 4.31408437e-01  5.00000000e+00  4.31408437e-01  5.00000000e+00 
 4.31608437e-01  5.00000000e+00  4.31608437e-01  5.00000000e+00 
 4.31808437e-01  5.00000000e+00  4.31808437e-01  5.00000000e+00 
 4.32008437e-01  5.00000000e+00  4.32008437e-01  5.00000000e+00 
 4.32208437e-01  5.00000000e+00  4.32208437e-01  5.00000000e+00 
 4.32408437e-01  5.00000000e+00  4.32408437e-01  5.00000000e+00 
 4.32608437e-01  5.00000000e+00  4.32608437e-01  5.00000000e+00 
 4.32808437e-01  5.00000000e+00  4.32808437e-01  5.00000000e+00 
 4.33008437e-01  5.00000000e+00  4.33008437e-01  5.00000000e+00 
 4.33208437e-01  5.00000000e+00  4.33208437e-01  5.00000000e+00 
 4.33408437e-01  5.00000000e+00  4.33408437e-01  5.00000000e+00 
 4.33608437e-01  5.00000000e+00  4.33608437e-01  5.00000000e+00 
 4.33808437e-01  5.00000000e+00  4.33808437e-01  5.00000000e+00 
 4.34008437e-01  5.00000000e+00  4.34008437e-01  5.00000000e+00 
 4.34208437e-01  5.00000000e+00  4.34208437e-01  5.00000000e+00 
 4.34408437e-01  5.00000000e+00  4.34408437e-01  5.00000000e+00 
 4.34608437e-01  5.00000000e+00  4.34608437e-01  5.00000000e+00 
 4.34808437e-01  5.00000000e+00  4.34808437e-01  5.00000000e+00 
 4.35008437e-01  5.00000000e+00  4.35008437e-01  5.00000000e+00 
 4.35208437e-01  5.00000000e+00  4.35208437e-01  5.00000000e+00 
 4.35408437e-01  5.00000000e+00  4.35408437e-01  5.00000000e+00 
 4.35608437e-01  5.00000000e+00  4.35608437e-01  5.00000000e+00 
 4.35808437e-01  5.00000000e+00  4.35808437e-01  5.00000000e+00 
 4.36008437e-01  5.00000000e+00  4.36008437e-01  5.00000000e+00 
 4.36208437e-01  5.00000000e+00  4.36208437e-01  5.00000000e+00 
 4.36408437e-01  5.00000000e+00  4.36408437e-01  5.00000000e+00 
 4.36608437e-01  5.00000000e+00  4.36608437e-01  5.00000000e+00 
 4.36808437e-01  5.00000000e+00  4.36808437e-01  5.00000000e+00 
 4.37008437e-01  5.00000000e+00  4.37008437e-01  5.00000000e+00 
 4.37208437e-01  5.00000000e+00  4.37208437e-01  5.00000000e+00 
 4.37408437e-01  5.00000000e+00  4.37408437e-01  5.00000000e+00 
 4.37608437e-01  5.00000000e+00  4.37608437e-01  5.00000000e+00 
 4.37808437e-01  5.00000000e+00  4.37808437e-01  5.00000000e+00 
 4.38008437e-01  5.00000000e+00  4.38008437e-01  5.00000000e+00 
 4.38208437e-01  5.00000000e+00  4.38208437e-01  5.00000000e+00 
 4.38408437e-01  5.00000000e+00  4.38408437e-01  5.00000000e+00 
 4.38608437e-01  5.00000000e+00  4.38608437e-01  5.00000000e+00 
 4.38808437e-01  5.00000000e+00  4.38808437e-01  5.00000000e+00 
 4.39008437e-01  5.00000000e+00  4.39008437e-01  5.00000000e+00 
 4.39208437e-01  5.00000000e+00  4.39208437e-01  5.00000000e+00 
 4.39408437e-01  5.00000000e+00  4.39408437e-01  5.00000000e+00 
 4.39608437e-01  5.00000000e+00  4.39608437e-01  5.00000000e+00 
 4.39808437e-01  5.00000000e+00  4.39808437e-01  5.00000000e+00 
 4.40008437e-01  5.00000000e+00  4.40008437e-01  5.00000000e+00 
 4.40208437e-01  5.00000000e+00  4.40208437e-01  5.00000000e+00 
 4.40408437e-01  5.00000000e+00  4.40408437e-01  5.00000000e+00 
 4.40608437e-01  5.00000000e+00  4.40608437e-01  5.00000000e+00 
 4.40808437e-01  5.00000000e+00  4.40808437e-01  5.00000000e+00 
 4.41008437e-01  5.00000000e+00  4.41008437e-01  5.00000000e+00 
 4.41208437e-01  5.00000000e+00  4.41208437e-01  5.00000000e+00 
 4.41408437e-01  5.00000000e+00  4.41408437e-01  5.00000000e+00 
 4.41608437e-01  5.00000000e+00  4.41608437e-01  5.00000000e+00 
 4.41808437e-01  5.00000000e+00  4.41808437e-01  5.00000000e+00 
 4.42008437e-01  5.00000000e+00  4.42008437e-01  5.00000000e+00 
 4.42208437e-01  5.00000000e+00  4.42208437e-01  5.00000000e+00 
 4.42408437e-01  5.00000000e+00  4.42408437e-01  5.00000000e+00 
 4.42608437e-01  5.00000000e+00  4.42608437e-01  5.00000000e+00 
 4.42808437e-01  5.00000000e+00  4.42808437e-01  5.00000000e+00 
 4.43008437e-01  5.00000000e+00  4.43008437e-01  5.00000000e+00 
 4.43208437e-01  5.00000000e+00  4.43208437e-01  5.00000000e+00 
 4.43408437e-01  5.00000000e+00  4.43408437e-01  5.00000000e+00 
 4.43608437e-01  5.00000000e+00  4.43608437e-01  5.00000000e+00 
 4.43808437e-01  5.00000000e+00  4.43808437e-01  5.00000000e+00 
 4.44008437e-01  5.00000000e+00  4.44008437e-01  5.00000000e+00 
 4.44208437e-01  5.00000000e+00  4.44208437e-01  5.00000000e+00 
 4.44408437e-01  5.00000000e+00  4.44408437e-01  5.00000000e+00 
 4.44608437e-01  5.00000000e+00  4.44608437e-01  5.00000000e+00 
 4.44808437e-01  5.00000000e+00  4.44808437e-01  5.00000000e+00 
 4.45008437e-01  5.00000000e+00  4.45008437e-01  5.00000000e+00 
 4.45208437e-01  5.00000000e+00  4.45208437e-01  5.00000000e+00 
 4.45408437e-01  5.00000000e+00  4.45408437e-01  5.00000000e+00 
 4.45608437e-01  5.00000000e+00  4.45608437e-01  5.00000000e+00 
 4.45808437e-01  5.00000000e+00  4.45808437e-01  5.00000000e+00 
 4.46008437e-01  5.00000000e+00  4.46008437e-01  5.00000000e+00 
 4.46208437e-01  5.00000000e+00  4.46208437e-01  5.00000000e+00 
 4.46408437e-01  5.00000000e+00  4.46408437e-01  5.00000000e+00 
 4.46608437e-01  5.00000000e+00  4.46608437e-01  5.00000000e+00 
 4.46808437e-01  5.00000000e+00  4.46808437e-01  5.00000000e+00 
 4.47008437e-01  5.00000000e+00  4.47008437e-01  5.00000000e+00 
 4.47208437e-01  5.00000000e+00  4.47208437e-01  5.00000000e+00 
 4.47408437e-01  5.00000000e+00  4.47408437e-01  5.00000000e+00 
 4.47608437e-01  5.00000000e+00  4.47608437e-01  5.00000000e+00 
 4.47808437e-01  5.00000000e+00  4.47808437e-01  5.00000000e+00 
 4.48008437e-01  5.00000000e+00  4.48008437e-01  5.00000000e+00 
 4.48208437e-01  5.00000000e+00  4.48208437e-01  5.00000000e+00 
 4.48408437e-01  5.00000000e+00  4.48408437e-01  5.00000000e+00 
 4.48608437e-01  5.00000000e+00  4.48608437e-01  5.00000000e+00 
 4.48808437e-01  5.00000000e+00  4.48808437e-01  5.00000000e+00 
 4.49008437e-01  5.00000000e+00  4.49008437e-01  5.00000000e+00 
 4.49208437e-01  5.00000000e+00  4.49208437e-01  5.00000000e+00 
 4.49408437e-01  5.00000000e+00  4.49408437e-01  5.00000000e+00 
 4.49608437e-01  5.00000000e+00  4.49608437e-01  5.00000000e+00 
 4.49808437e-01  5.00000000e+00  4.49808437e-01  5.00000000e+00 
 4.50008437e-01  5.00000000e+00  4.50008437e-01  5.00000000e+00 
 4.50208437e-01  5.00000000e+00  4.50208437e-01  5.00000000e+00 
 4.50408437e-01  5.00000000e+00  4.50408437e-01  5.00000000e+00 
 4.50608437e-01  5.00000000e+00  4.50608437e-01  5.00000000e+00 
 4.50808437e-01  5.00000000e+00  4.50808437e-01  5.00000000e+00 
 4.51000001e-01  5.00000000e+00  4.51000001e-01  4.99999997e+00 
 4.51000001e-01  4.99999994e+00  4.51000001e-01  4.49999992e+00 
 4.51000001e-01  4.99999969e+00  4.51000001e-01  3.49999984e+00 
 4.51000002e-01  4.99999847e+00  4.51000002e-01  1.49999995e+00 
 4.51000002e-01  4.99999692e+00  4.51000002e-01  1.06715188e-07 
 4.51000002e-01  4.99999643e+00  4.51000002e-01  0.00000000e+00 
 4.51000002e-01  4.99999545e+00  4.51000002e-01  0.00000000e+00 
 4.51000003e-01  4.99999350e+00  4.51000003e-01  0.00000000e+00 
 4.51000003e-01  4.99998960e+00  4.51000003e-01  0.00000000e+00 
 4.51000004e-01  4.99998180e+00  4.51000004e-01  0.00000000e+00 
 4.51000007e-01  4.99996619e+00  4.51000007e-01  0.00000000e+00 
 4.51000012e-01  4.99993497e+00  4.51000012e-01  0.00000000e+00 
 4.51000022e-01  4.99987253e+00  4.51000022e-01  0.00000000e+00 
 4.51000043e-01  4.99974766e+00  4.51000043e-01  0.00000000e+00 
 4.51000084e-01  4.99949792e+00  4.51000084e-01  0.00000000e+00 
 4.51000166e-01  4.99899848e+00  4.51000166e-01  0.00000000e+00 
 4.51000330e-01  4.99799976e+00  4.51000330e-01  0.00000000e+00 
 4.51000657e-01  4.99600291e+00  4.51000657e-01  0.00000000e+00 
 4.51001313e-01  4.99201160e+00  4.51001313e-01  0.00000000e+00 
 4.51002623e-01  4.98403854e+00  4.51002623e-01  0.00000000e+00 
 4.51005245e-01  4.96813061e+00  4.51005245e-01  0.00000000e+00 
 4.51010488e-01  4.93646682e+00  4.51010488e-01  0.00000000e+00 
 4.51020973e-01  4.87374273e+00  4.51020973e-01  0.00000000e+00 
 4.51041945e-01  4.75067044e+00  4.51041945e-01  0.00000000e+00 
 4.51083888e-01  4.51373310e+00  4.51083888e-01  0.00000000e+00 
 4.51167774e-01  4.07444727e+00  4.51167774e-01  0.00000000e+00 
 4.51335546e-01  3.31818072e+00  4.51335546e-01  0.00000000e+00 
 4.51535546e-01  2.59683709e+00  4.51535546e-01  0.00000000e+00 
 4.51735546e-01  2.03230729e+00  4.51735546e-01  0.00000000e+00 
 4.51935546e-01  1.59050135e+00  4.51935546e-01  0.00000000e+00 
 4.52135546e-01  1.24474019e+00  4.52135546e-01  0.00000000e+00 
 4.52335546e-01  9.74144497e-01  4.52335546e-01  0.00000000e+00 
 4.52535546e-01  7.62373954e-01  4.52535546e-01  0.00000000e+00 
 4.52735546e-01  5.96640486e-01  4.52735546e-01  0.00000000e+00 
 4.52935546e-01  4.66936032e-01  4.52935546e-01  0.00000000e+00 
 4.53135546e-01  3.65428199e-01  4.53135546e-01  0.00000000e+00 
 4.53335546e-01  2.85987286e-01  4.53335546e-01  0.00000000e+00 
 4.53535546e-01  2.23816137e-01  4.53535546e-01  0.00000000e+00 
 4.53735546e-01  1.75160455e-01  4.53735546e-01  0.00000000e+00 
 4.53935546e-01  1.37082095e-01  4.53935546e-01  0.00000000e+00 
 4.54135546e-01  1.07281640e-01  4.54135546e-01  0.00000000e+00 
 4.54335546e-01  8.39595442e-02  4.54335546e-01  0.00000000e+00 
 4.54535546e-01  6.57074694e-02  4.54535546e-01  0.00000000e+00 
 4.54735546e-01  5.14232369e-02  4.54735546e-01  0.00000000e+00 
 4.54935546e-01  4.02442724e-02  4.54935546e-01  0.00000000e+00 
 4.55135546e-01  3.14955175e-02  4.55135546e-01  0.00000000e+00 
 4.55335546e-01  2.46486659e-02  4.55335546e-01  0.00000000e+00 
 4.55535546e-01  1.92902602e-02  4.55535546e-01  0.00000000e+00 
 4.55735546e-01  1.50967254e-02  4.55735546e-01  0.00000000e+00 
 4.55935546e-01  1.18148286e-02  4.55935546e-01  0.00000000e+00 
 4.56135546e-01  9.24638758e-03  4.56135546e-01  0.00000000e+00 
 4.56335546e-01  7.23630333e-03  4.56335546e-01  0.00000000e+00 
 4.56535546e-01  5.66319391e-03  4.56535546e-01  0.00000000e+00 
 4.56735546e-01  4.43206480e-03  4.56735546e-01  0.00000000e+00 
 4.56935546e-01  3.46857245e-03  4.56935546e-01  0.00000000e+00 
 4.57135546e-01  2.71453496e-03  4.57135546e-01  0.00000000e+00 
 4.57335546e-01  2.12441867e-03  4.57335546e-01  0.00000000e+00 
 4.57535546e-01  1.66258852e-03  4.57535546e-01  0.00000000e+00 
 4.57735546e-01  1.30115623e-03  4.57735546e-01  0.00000000e+00 
 4.57935546e-01  1.01829618e-03  4.57935546e-01  0.00000000e+00 
 4.58135546e-01  7.96927447e-04  4.58135546e-01  0.00000000e+00 
 4.58335546e-01  6.23682350e-04  4.58335546e-01  0.00000000e+00 
 4.58535546e-01  4.88099230e-04  4.58535546e-01  0.00000000e+00 
 4.58735546e-01  3.81990702e-04  4.58735546e-01  0.00000000e+00 
 4.58935546e-01  2.98949245e-04  4.58935546e-01  0.00000000e+00 
 4.59135546e-01  2.33960279e-04  4.59135546e-01  0.00000000e+00 
 4.59335546e-01  1.83099349e-04  4.59335546e-01  0.00000000e+00 
 4.59535546e-01  1.43295142e-04  4.59535546e-01  0.00000000e+00 
 4.59735546e-01  1.12144024e-04  4.59735546e-01  0.00000000e+00 
 4.59935546e-01  8.77648887e-05  4.59935546e-01  0.00000000e+00 
 4.60135546e-01  6.86855651e-05  4.60135546e-01  0.00000000e+00 
 4.60335546e-01  5.37539205e-05  4.60335546e-01  0.00000000e+00 
 4.60535546e-01  4.20682856e-05  4.60535546e-01  0.00000000e+00 
 4.60735546e-01  3.29230061e-05  4.60735546e-01  0.00000000e+00 
 4.60935546e-01  2.57658309e-05  4.60935546e-01  0.00000000e+00 
 4.61135546e-01  2.01645633e-05  4.61135546e-01  0.00000000e+00 
 4.61335546e-01  1.57809626e-05  4.61335546e-01  0.00000000e+00 
 4.61535546e-01  1.23503185e-05  4.61535546e-01  0.00000000e+00 
 4.61735546e-01  9.66546669e-06  4.61735546e-01  0.00000000e+00 
 4.61935546e-01  7.56427828e-06  4.61935546e-01  0.00000000e+00 
 4.62135546e-01  5.91986996e-06  4.62135546e-01  0.00000000e+00 
 4.62335546e-01  4.63294170e-06  4.62335546e-01  0.00000000e+00 
 4.62535546e-01  3.62578046e-06  4.62535546e-01  0.00000000e+00 
 4.62735546e-01  2.83756732e-06  4.62735546e-01  0.00000000e+00 
 4.62935546e-01  2.22070486e-06  4.62935546e-01  0.00000000e+00 
 4.63135546e-01  1.73794293e-06  4.63135546e-01  0.00000000e+00 
 4.63335546e-01  1.36012925e-06  4.63335546e-01  0.00000000e+00 
 4.63535546e-01  1.06444898e-06  4.63535546e-01  0.00000000e+00 
 4.63735546e-01  8.33047028e-07  4.63735546e-01  0.00000000e+00 
 4.63935546e-01  6.51949848e-07  4.63935546e-01  0.00000000e+00 
 4.64135546e-01  5.10221620e-07  4.64135546e-01  0.00000000e+00 
 4.64335546e-01  3.99303877e-07  4.64335546e-01  0.00000000e+00 
 4.64535546e-01  3.12498686e-07  4.64535546e-01  0.00000000e+00 
 4.64735546e-01  2.44564189e-07  4.64735546e-01  0.00000000e+00 
 4.64935546e-01  1.91398061e-07  4.64935546e-01  0.00000000e+00 
 4.65135546e-01  1.49789787e-07  4.65135546e-01  0.00000000e+00 
 4.65335546e-01  1.17226790e-07  4.65335546e-01  0.00000000e+00 
 4.65535546e-01  9.17427050e-08  4.65535546e-01  0.00000000e+00 
 4.65735546e-01  7.17986387e-08  4.65735546e-01  0.00000000e+00 
 4.65935546e-01  5.61902390e-08  4.65935546e-01  0.00000000e+00 
 4.66135546e-01  4.39749696e-08  4.66135546e-01  0.00000000e+00 
 4.66335546e-01  3.44151936e-08  4.66335546e-01  0.00000000e+00 
 4.66535546e-01  2.69336298e-08  4.66535546e-01  0.00000000e+00 
 4.66735546e-01  2.10784929e-08  4.66735546e-01  0.00000000e+00 
 4.66935546e-01  1.64962118e-08  4.66935546e-01  0.00000000e+00 
 4.67135546e-01  1.29100788e-08  4.67135546e-01  0.00000000e+00 
 4.67335546e-01  1.01035399e-08  4.67335546e-01  0.00000000e+00 
 4.67535546e-01  7.90711822e-09  4.67535546e-01  0.00000000e+00 
 4.67735546e-01  6.18817947e-09  4.67735546e-01  0.00000000e+00 
 4.67935546e-01  4.84292307e-09  4.67935546e-01  0.00000000e+00 
 4.68135546e-01  3.79011370e-09  4.68135546e-01  0.00000000e+00 
 4.68335546e-01  2.96617594e-09  4.68335546e-01  0.00000000e+00 
 4.68535546e-01  2.32135509e-09  4.68535546e-01  0.00000000e+00 
 4.68735546e-01  1.81671268e-09  4.68735546e-01  0.00000000e+00 
 4.68935546e-01  1.42177514e-09  4.68935546e-01  0.00000000e+00 
 4.69135546e-01  1.11269359e-09  4.69135546e-01  0.00000000e+00 
 4.69335546e-01  8.70803676e-10  4.69335546e-01  0.00000000e+00 
 4.69535546e-01  6.81498529e-10  4.69535546e-01  0.00000000e+00 
 4.69735546e-01  5.33346675e-10  4.69735546e-01  0.00000000e+00 
 4.69935546e-01  4.17401745e-10  4.69935546e-01  0.00000000e+00 
 4.70135546e-01  3.26662236e-10  4.70135546e-01  0.00000000e+00 
 4.70335546e-01  2.55648706e-10  4.70335546e-01  0.00000000e+00 
 4.70535546e-01  2.00072900e-10  4.70535546e-01  0.00000000e+00 
 4.70735546e-01  1.56578792e-10  4.70735546e-01  0.00000000e+00 
 4.70935546e-01  1.22539924e-10  4.70935546e-01  0.00000000e+00 
 4.71135546e-01  9.59008100e-11  4.71135546e-01  0.00000000e+00 
 4.71335546e-01  7.50528078e-11  4.71335546e-01  0.00000000e+00 
 4.71535546e-01  5.87369800e-11  4.71535546e-01  0.00000000e+00 
 4.71735546e-01  4.59680713e-11  4.71735546e-01  0.00000000e+00 
 4.71935546e-01  3.59750124e-11  4.71935546e-01  0.00000000e+00 
 4.72135546e-01  2.81543575e-11  4.72135546e-01  0.00000000e+00 
 4.72335546e-01  2.20338450e-11  4.72335546e-01  0.00000000e+00 
 4.72535546e-01  1.72438787e-11  4.72535546e-01  0.00000000e+00 
 4.72735546e-01  1.34952094e-11  4.72735546e-01  0.00000000e+00 
 4.72935546e-01  1.05614682e-11  4.72935546e-01  0.00000000e+00 
 4.73135546e-01  8.26549688e-12  4.73135546e-01  0.00000000e+00 
 4.73335546e-01  6.46864973e-12  4.73335546e-01  0.00000000e+00 
 4.73535546e-01  5.06242153e-12  4.73535546e-01  0.00000000e+00 
 4.73735546e-01  3.96189511e-12  4.73735546e-01  0.00000000e+00 
 4.73935546e-01  3.10061356e-12  4.73935546e-01  0.00000000e+00 
 4.74135546e-01  2.42656714e-12  4.74135546e-01  0.00000000e+00 
 4.74335546e-01  1.89905254e-12  4.74335546e-01  0.00000000e+00 
 4.74535546e-01  1.48621503e-12  4.74535546e-01  0.00000000e+00 
 4.74735546e-01  1.16312481e-12  4.74735546e-01  0.00000000e+00 
 4.74935546e-01  9.10271589e-13  4.74935546e-01  0.00000000e+00 
 4.75135546e-01  7.12386461e-13  4.75135546e-01  0.00000000e+00 
 4.75335546e-01  5.57519839e-13  4.75335546e-01  0.00000000e+00 
 4.75535546e-01  4.36319874e-13  4.75535546e-01  0.00000000e+00 
 4.75735546e-01  3.41467728e-13  4.75735546e-01  0.00000000e+00 
 4.75935546e-01  2.67235613e-13  4.75935546e-01  0.00000000e+00 
 4.76135546e-01  2.09140914e-13  4.76135546e-01  0.00000000e+00 
 4.76335546e-01  1.63675498e-13  4.76335546e-01  0.00000000e+00 
 4.76535546e-01  1.28093868e-13  4.76535546e-01  0.00000000e+00 
 4.76735546e-01  1.00247375e-13  4.76735546e-01  0.00000000e+00 
 4.76935546e-01  7.84544675e-14  4.76935546e-01  0.00000000e+00 
 4.77135546e-01  6.13991485e-14  4.77135546e-01  0.00000000e+00 
 4.77335546e-01  4.80515075e-14  4.77335546e-01  0.00000000e+00 
 4.77535546e-01  3.76055276e-14  4.77535546e-01  0.00000000e+00 
 4.77735546e-01  2.94304129e-14  4.77735546e-01  0.00000000e+00 
 4.77935546e-01  2.30324971e-14  4.77935546e-01  0.00000000e+00 
 4.78135546e-01  1.80254325e-14  4.78135546e-01  0.00000000e+00 
 4.78335546e-01  1.41068602e-14  4.78335546e-01  0.00000000e+00 
 4.78535546e-01  1.10401515e-14  4.78535546e-01  0.00000000e+00 
 4.78735546e-01  8.64011853e-15  4.78735546e-01  0.00000000e+00 
 4.78935546e-01  6.76183190e-15  4.78935546e-01  0.00000000e+00 
 4.79135546e-01  5.29186844e-15  4.79135546e-01  0.00000000e+00 
 4.79335546e-01  4.14146226e-15  4.79335546e-01  0.00000000e+00 
 4.79535546e-01  3.24114438e-15  4.79535546e-01  0.00000000e+00 
 4.79735546e-01  2.53654777e-15  4.79735546e-01  0.00000000e+00 
 4.79935546e-01  1.98512434e-15  4.79935546e-01  0.00000000e+00 
 4.80135546e-01  1.55357557e-15  4.80135546e-01  0.00000000e+00 
 4.80335546e-01  1.21584175e-15  4.80335546e-01  0.00000000e+00 
 4.80535546e-01  9.51528328e-16  4.80535546e-01  0.00000000e+00 
 4.80735546e-01  7.44674344e-16  4.80735546e-01  0.00000000e+00 
 4.80935546e-01  5.82788617e-16  4.80935546e-01  0.00000000e+00 
 4.81135546e-01  4.56095439e-16  4.81135546e-01  0.00000000e+00 
 4.81335546e-01  3.56944257e-16  4.81335546e-01  0.00000000e+00 
 4.81535546e-01  2.79347679e-16  4.81535546e-01  0.00000000e+00 
 4.81735546e-01  2.18619923e-16  4.81735546e-01  0.00000000e+00 
 4.81935546e-01  1.71093853e-16  4.81935546e-01  0.00000000e+00 
 4.82135546e-01  1.33899537e-16  4.82135546e-01  0.00000000e+00 
 4.82335546e-01  1.04790942e-16  4.82335546e-01  0.00000000e+00 
 4.82535546e-01  8.20103024e-17  4.82535546e-01  0.00000000e+00 
 4.82735546e-01  6.41819758e-17  4.82735546e-01  0.00000000e+00 
 4.82935546e-01  5.02293724e-17  4.82935546e-01  0.00000000e+00 
 4.83135546e-01  3.93099436e-17  4.83135546e-01  0.00000000e+00 
 4.83335546e-01  3.07643037e-17  4.83335546e-01  0.00000000e+00 
 4.83535546e-01  2.40764116e-17  4.83535546e-01  0.00000000e+00 
 4.83735546e-01  1.88424091e-17  4.83735546e-01  0.00000000e+00 
 4.83935546e-01  1.47462332e-17  4.83935546e-01  0.00000000e+00 
 4.84135546e-01  1.15405303e-17  4.84135546e-01  0.00000000e+00 
 4.84335546e-01  9.03171937e-18  4.84335546e-01  0.00000000e+00 
 4.84535546e-01  7.06830212e-18  4.84535546e-01  0.00000000e+00 
 4.84735546e-01  5.53171470e-18  4.84735546e-01  0.00000000e+00 
 4.84935546e-01  4.32916803e-18  4.84935546e-01  0.00000000e+00 
 4.85135546e-01  3.38804454e-18  4.85135546e-01  0.00000000e+00 
 4.85335546e-01  2.65151312e-18  4.85335546e-01  0.00000000e+00 
 4.85535546e-01  2.07509722e-18  4.85535546e-01  0.00000000e+00 
 4.85735546e-01  1.62398913e-18  4.85735546e-01  0.00000000e+00 
 4.85935546e-01  1.27094802e-18  4.85935546e-01  0.00000000e+00 
 4.86135546e-01  9.94654970e-19  4.86135546e-01  0.00000000e+00 
 4.86335546e-01  7.78425628e-19  4.86335546e-01  0.00000000e+00 
 4.86535546e-01  6.09202666e-19  4.86535546e-01  0.00000000e+00 
 4.86735546e-01  4.76767304e-19  4.86735546e-01  0.00000000e+00 
 4.86935546e-01  3.73122238e-19  4.86935546e-01  0.00000000e+00 
 4.87135546e-01  2.92008708e-19  4.87135546e-01  0.00000000e+00 
 4.87335546e-01  2.28528554e-19  4.87335546e-01  0.00000000e+00 
 4.87535546e-01  1.78848433e-19  4.87535546e-01  0.00000000e+00 
 4.87735546e-01  1.39968339e-19  4.87735546e-01  0.00000000e+00 
 4.87935546e-01  1.09540439e-19  4.87935546e-01  0.00000000e+00 
 4.88135546e-01  8.57273004e-20  4.88135546e-01  0.00000000e+00 
 4.88335546e-01  6.70909307e-20  4.88335546e-01  0.00000000e+00 
 4.88535546e-01  5.25059458e-20  4.88535546e-01  0.00000000e+00 
 4.88735546e-01  4.10916097e-20  4.88735546e-01  0.00000000e+00 
 4.88935546e-01  3.21586511e-20  4.88935546e-01  0.00000000e+00 
 4.89135546e-01  2.51676400e-20  4.89135546e-01  0.00000000e+00 
 4.89335546e-01  1.96964139e-20  4.89335546e-01  0.00000000e+00 
 4.89535546e-01  1.54145848e-20  4.89535546e-01  0.00000000e+00 
 4.89735546e-01  1.20635881e-20  4.89735546e-01  0.00000000e+00 
 4.89935546e-01  9.44106895e-21  4.89935546e-01  0.00000000e+00 
 4.90135546e-01  7.38866266e-21  4.90135546e-01  0.00000000e+00 
 4.90335546e-01  5.78243164e-21  4.90335546e-01  0.00000000e+00 
 4.90535546e-01  4.52538129e-21  4.90535546e-01  0.00000000e+00 
 4.90735546e-01  3.54160275e-21  4.90735546e-01  0.00000000e+00 
 4.90935546e-01  2.77168911e-21  4.90935546e-01  0.00000000e+00 
 4.91135546e-01  2.16914800e-21  4.91135546e-01  0.00000000e+00 
 4.91335546e-01  1.69759408e-21  4.91335546e-01  0.00000000e+00 
 4.91535546e-01  1.32855189e-21  4.91535546e-01  0.00000000e+00 
 4.91735546e-01  1.03973626e-21  4.91735546e-01  0.00000000e+00 
 4.91935546e-01  8.13706641e-22  4.91935546e-01  0.00000000e+00 
 4.92000000e-01  1.04957465e-08  4.92000000e-01  2.77555756e-07 
 4.92000000e-01  7.14713847e-08  4.92000000e-01  5.00000319e-01 
 4.92000000e-01  3.15373858e-07  4.92000000e-01  1.50000040e+00 
 4.92000001e-01  1.53488574e-06  4.92000001e-01  3.50000029e+00 
 4.92000001e-01  3.08976283e-06  4.92000001e-01  5.00000000e+00 
 4.92000001e-01  3.39278150e-06  4.92000001e-01  5.00000000e+00 
 4.92000001e-01  3.99881879e-06  4.92000001e-01  5.00000000e+00 
 4.92000001e-01  5.21089316e-06  4.92000001e-01  5.00000000e+00 
 4.92000002e-01  7.63504101e-06  4.92000002e-01  5.00000000e+00 
 4.92000003e-01  1.24833332e-05  4.92000003e-01  5.00000000e+00 
 4.92000004e-01  2.21799035e-05  4.92000004e-01  5.00000000e+00 
 4.92000007e-01  4.15729876e-05  4.92000007e-01  5.00000000e+00 
 4.92000014e-01  8.03589301e-05  4.92000014e-01  5.00000000e+00 
 4.92000026e-01  1.57929913e-04  4.92000026e-01  5.00000000e+00 
 4.92000052e-01  3.13068267e-04  4.92000052e-01  5.00000000e+00 
 4.92000103e-01  6.23330535e-04  4.92000103e-01  5.00000000e+00 
 4.92000205e-01  1.24379731e-03  4.92000205e-01  5.00000000e+00 
 4.92000408e-01  2.48449986e-03  4.92000408e-01  5.00000000e+00 
 4.92000815e-01  4.96498125e-03  4.92000815e-01  5.00000000e+00 
 4.92001629e-01  9.92225142e-03  4.92001629e-01  5.00000000e+00 
 4.92003258e-01  1.98220397e-02  4.92003258e-01  5.00000000e+00 
 4.92006515e-01  3.95627543e-02  4.92006515e-01  5.00000000e+00 
 4.92013028e-01  7.88098997e-02  4.92013028e-01  5.00000000e+00 
 4.92026055e-01  1.56376287e-01  4.92026055e-01  5.00000000e+00 
 4.92052110e-01  3.07870003e-01  4.92052110e-01  5.00000000e+00 
 4.92104219e-01  5.96861531e-01  4.92104219e-01  5.00000000e+00 
 4.92208437e-01  1.12304229e+00  4.92208437e-01  5.00000000e+00 
 4.92408437e-01  1.96585919e+00  4.92408437e-01  5.00000000e+00 
 4.92608437e-01  2.62545502e+00  4.92608437e-01  5.00000000e+00 
 4.92808437e-01  3.14166045e+00  4.92808437e-01  5.00000000e+00 
 4.93008437e-01  3.54564731e+00  4.93008437e-01  5.00000000e+00 
 4.93208437e-01  3.86181094e+00  4.93208437e-01  5.00000000e+00 
 4.93408437e-01  4.10924334e+00  4.93408437e-01  5.00000000e+00 
 4.93608437e-01  4.30288609e+00  4.93608437e-01  5.00000000e+00 
 4.93808437e-01  4.45443259e+00  4.93808437e-01  5.00000000e+00 
 4.94008437e-01  4.57303420e+00  4.94008437e-01  5.00000000e+00 
 4.94208437e-01  4.66585286e+00  4.94208437e-01  5.00000000e+00 
 4.94408437e-01  4.73849354e+00  4.94408437e-01  5.00000000e+00 
 4.94608437e-01  4.79534277e+00  4.94608437e-01  5.00000000e+00 
 4.94808437e-01  4.83983347e+00  4.94808437e-01  5.00000000e+00 
 4.95008437e-01  4.87465228e+00  4.95008437e-01  5.00000000e+00 
 4.95208437e-01  4.90190179e+00  4.95208437e-01  5.00000000e+00 
 4.95408437e-01  4.92322748e+00  4.95408437e-01  5.00000000e+00 
 4.95608437e-01  4.93991716e+00  4.95608437e-01  5.00000000e+00 
 4.95808437e-01  4.95297865e+00  4.95808437e-01  5.00000000e+00 
 4.96008437e-01  4.96320068e+00  4.96008437e-01  5.00000000e+00 
 4.96208437e-01  4.97120053e+00  4.96208437e-01  5.00000000e+00 
 4.96408437e-01  4.97746129e+00  4.96408437e-01  5.00000000e+00 
 4.96608437e-01  4.98236101e+00  4.96608437e-01  5.00000000e+00 
 4.96808437e-01  4.98619557e+00  4.96808437e-01  5.00000000e+00 
 4.97008437e-01  4.98919653e+00  4.97008437e-01  5.00000000e+00 
 4.97208437e-01  4.99154511e+00  4.97208437e-01  5.00000000e+00 
 4.97408437e-01  4.99338313e+00  4.97408437e-01  5.00000000e+00 
 4.97608437e-01  4.99482158e+00  4.97608437e-01  5.00000000e+00 
 4.97808437e-01  4.99594732e+00  4.97808437e-01  5.00000000e+00 
 4.98008437e-01  4.99682834e+00  4.98008437e-01  5.00000000e+00 
 4.98208437e-01  4.99751783e+00  4.98208437e-01  5.00000000e+00 
 4.98408437e-01  4.99805743e+00  4.98408437e-01  5.00000000e+00 
 4.98608437e-01  4.99847973e+00  4.98608437e-01  5.00000000e+00 
 4.98808437e-01  4.99881022e+00  4.98808437e-01  5.00000000e+00 
 4.99008437e-01  4.99906887e+00  4.99008437e-01  5.00000000e+00 
 4.99208437e-01  4.99927129e+00  4.99208437e-01  5.00000000e+00 
 4.99408437e-01  4.99942971e+00  4.99408437e-01  5.00000000e+00 
 4.99608437e-01  4.99955368e+00  4.99608437e-01  5.00000000e+00 
 4.99808437e-01  4.99965071e+00  4.99808437e-01  5.00000000e+00 
 5.00000000e-01  4.99972377e+00  5.00000000e-01  5.00000000e+00 
