1.000000e+00 -9.615694e-09 
1.002305e+00 -9.660078e-09 
1.004616e+00 -9.704666e-09 
1.006932e+00 -9.749460e-09 
1.009253e+00 -9.794463e-09 
1.011579e+00 -9.839672e-09 
1.013911e+00 -9.885089e-09 
1.016249e+00 -9.930718e-09 
1.018591e+00 -9.976555e-09 
1.020939e+00 -1.002260e-08 
1.023293e+00 -1.006887e-08 
1.025652e+00 -1.011534e-08 
1.028016e+00 -1.016203e-08 
1.030386e+00 -1.020894e-08 
1.032761e+00 -1.025606e-08 
1.035142e+00 -1.030340e-08 
1.037528e+00 -1.035096e-08 
1.039920e+00 -1.039874e-08 
1.042317e+00 -1.044673e-08 
1.044720e+00 -1.049496e-08 
1.047129e+00 -1.054340e-08 
1.049542e+00 -1.059206e-08 
1.051962e+00 -1.064095e-08 
1.054387e+00 -1.069007e-08 
1.056818e+00 -1.073941e-08 
1.059254e+00 -1.078898e-08 
1.061696e+00 -1.083878e-08 
1.064143e+00 -1.088881e-08 
1.066596e+00 -1.093908e-08 
1.069055e+00 -1.098957e-08 
1.071519e+00 -1.104029e-08 
1.073989e+00 -1.109125e-08 
1.076465e+00 -1.114245e-08 
1.078947e+00 -1.119388e-08 
1.081434e+00 -1.124555e-08 
1.083927e+00 -1.129745e-08 
1.086426e+00 -1.134960e-08 
1.088930e+00 -1.140199e-08 
1.091440e+00 -1.145462e-08 
1.093956e+00 -1.150749e-08 
1.096478e+00 -1.156061e-08 
1.099006e+00 -1.161397e-08 
1.101539e+00 -1.166758e-08 
1.104079e+00 -1.172143e-08 
1.106624e+00 -1.177553e-08 
1.109175e+00 -1.182989e-08 
1.111732e+00 -1.188449e-08 
1.114295e+00 -1.193935e-08 
1.116863e+00 -1.199446e-08 
1.119438e+00 -1.204982e-08 
1.122018e+00 -1.210544e-08 
1.124605e+00 -1.216132e-08 
1.127197e+00 -1.221745e-08 
1.129796e+00 -1.227384e-08 
1.132400e+00 -1.233050e-08 
1.135011e+00 -1.238741e-08 
1.137627e+00 -1.244459e-08 
1.140250e+00 -1.250203e-08 
1.142878e+00 -1.255974e-08 
1.145513e+00 -1.261771e-08 
1.148154e+00 -1.267595e-08 
1.150800e+00 -1.273446e-08 
1.153453e+00 -1.279324e-08 
1.156112e+00 -1.285229e-08 
1.158777e+00 -1.291162e-08 
1.161449e+00 -1.297121e-08 
1.164126e+00 -1.303108e-08 
1.166810e+00 -1.309123e-08 
1.169499e+00 -1.315166e-08 
1.172195e+00 -1.321237e-08 
1.174898e+00 -1.327335e-08 
1.177606e+00 -1.333462e-08 
1.180321e+00 -1.339617e-08 
1.183042e+00 -1.345800e-08 
1.185769e+00 -1.352012e-08 
1.188502e+00 -1.358253e-08 
1.191242e+00 -1.364522e-08 
1.193988e+00 -1.370820e-08 
1.196741e+00 -1.377148e-08 
1.199499e+00 -1.383505e-08 
1.202264e+00 -1.389890e-08 
1.205036e+00 -1.396306e-08 
1.207814e+00 -1.402751e-08 
1.210598e+00 -1.409226e-08 
1.213389e+00 -1.415730e-08 
1.216186e+00 -1.422265e-08 
1.218990e+00 -1.428830e-08 
1.221800e+00 -1.435425e-08 
1.224616e+00 -1.442051e-08 
1.227439e+00 -1.448707e-08 
1.230269e+00 -1.455394e-08 
1.233105e+00 -1.462112e-08 
1.235947e+00 -1.468861e-08 
1.238797e+00 -1.475641e-08 
1.241652e+00 -1.482452e-08 
1.244515e+00 -1.489294e-08 
1.247384e+00 -1.496169e-08 
1.250259e+00 -1.503075e-08 
1.253141e+00 -1.510013e-08 
1.256030e+00 -1.516983e-08 
1.258925e+00 -1.523985e-08 
1.261828e+00 -1.531019e-08 
1.264736e+00 -1.538086e-08 
1.267652e+00 -1.545185e-08 
1.270574e+00 -1.552318e-08 
1.273503e+00 -1.559483e-08 
1.276439e+00 -1.566681e-08 
1.279381e+00 -1.573913e-08 
1.282331e+00 -1.581177e-08 
1.285287e+00 -1.588476e-08 
1.288250e+00 -1.595808e-08 
1.291219e+00 -1.603174e-08 
1.294196e+00 -1.610574e-08 
1.297179e+00 -1.618008e-08 
1.300170e+00 -1.625476e-08 
1.303167e+00 -1.632979e-08 
1.306171e+00 -1.640516e-08 
1.309182e+00 -1.648089e-08 
1.312200e+00 -1.655696e-08 
1.315225e+00 -1.663338e-08 
1.318257e+00 -1.671016e-08 
1.321296e+00 -1.678729e-08 
1.324342e+00 -1.686478e-08 
1.327394e+00 -1.694262e-08 
1.330454e+00 -1.702082e-08 
1.333521e+00 -1.709939e-08 
1.336596e+00 -1.717832e-08 
1.339677e+00 -1.725761e-08 
1.342765e+00 -1.733726e-08 
1.345860e+00 -1.741729e-08 
1.348963e+00 -1.749768e-08 
1.352073e+00 -1.757845e-08 
1.355189e+00 -1.765959e-08 
1.358313e+00 -1.774110e-08 
1.361445e+00 -1.782299e-08 
1.364583e+00 -1.790526e-08 
1.367729e+00 -1.798790e-08 
1.370882e+00 -1.807093e-08 
1.374042e+00 -1.815434e-08 
1.377209e+00 -1.823814e-08 
1.380384e+00 -1.832233e-08 
1.383566e+00 -1.840690e-08 
1.386756e+00 -1.849186e-08 
1.389953e+00 -1.857721e-08 
1.393157e+00 -1.866296e-08 
1.396368e+00 -1.874911e-08 
1.399587e+00 -1.883565e-08 
1.402814e+00 -1.892259e-08 
1.406048e+00 -1.900993e-08 
1.409289e+00 -1.909768e-08 
1.412538e+00 -1.918583e-08 
1.415794e+00 -1.927439e-08 
1.419058e+00 -1.936335e-08 
1.422329e+00 -1.945273e-08 
1.425608e+00 -1.954252e-08 
1.428894e+00 -1.963272e-08 
1.432188e+00 -1.972334e-08 
1.435489e+00 -1.981438e-08 
1.438799e+00 -1.990584e-08 
1.442115e+00 -1.999772e-08 
1.445440e+00 -2.009003e-08 
1.448772e+00 -2.018276e-08 
1.452112e+00 -2.027592e-08 
1.455459e+00 -2.036951e-08 
1.458814e+00 -2.046353e-08 
1.462177e+00 -2.055799e-08 
1.465548e+00 -2.065288e-08 
1.468926e+00 -2.074821e-08 
1.472313e+00 -2.084398e-08 
1.475707e+00 -2.094019e-08 
1.479108e+00 -2.103684e-08 
1.482518e+00 -2.113395e-08 
1.485936e+00 -2.123149e-08 
1.489361e+00 -2.132949e-08 
1.492794e+00 -2.142795e-08 
1.496236e+00 -2.152685e-08 
1.499685e+00 -2.162622e-08 
1.503142e+00 -2.172604e-08 
1.506607e+00 -2.182632e-08 
1.510080e+00 -2.192707e-08 
1.513561e+00 -2.202828e-08 
1.517050e+00 -2.212996e-08 
1.520548e+00 -2.223211e-08 
1.524053e+00 -2.233472e-08 
1.527566e+00 -2.243782e-08 
1.531087e+00 -2.254138e-08 
1.534617e+00 -2.264543e-08 
1.538155e+00 -2.274996e-08 
1.541700e+00 -2.285497e-08 
1.545254e+00 -2.296046e-08 
1.548817e+00 -2.306644e-08 
1.552387e+00 -2.317291e-08 
1.555966e+00 -2.327987e-08 
1.559553e+00 -2.338733e-08 
1.563148e+00 -2.349528e-08 
1.566751e+00 -2.360373e-08 
1.570363e+00 -2.371268e-08 
1.573983e+00 -2.382213e-08 
1.577611e+00 -2.393209e-08 
1.581248e+00 -2.404255e-08 
1.584893e+00 -2.415353e-08 
1.588547e+00 -2.426502e-08 
1.592209e+00 -2.437702e-08 
1.595879e+00 -2.448954e-08 
1.599558e+00 -2.460258e-08 
1.603245e+00 -2.471614e-08 
1.606941e+00 -2.483022e-08 
1.610646e+00 -2.494483e-08 
1.614359e+00 -2.505997e-08 
1.618080e+00 -2.517564e-08 
1.621810e+00 -2.529185e-08 
1.625549e+00 -2.540859e-08 
1.629296e+00 -2.552587e-08 
1.633052e+00 -2.564369e-08 
1.636817e+00 -2.576206e-08 
1.640590e+00 -2.588097e-08 
1.644372e+00 -2.600043e-08 
1.648162e+00 -2.612045e-08 
1.651962e+00 -2.624101e-08 
1.655770e+00 -2.636214e-08 
1.659587e+00 -2.648382e-08 
1.663413e+00 -2.660606e-08 
1.667247e+00 -2.672887e-08 
1.671091e+00 -2.685224e-08 
1.674943e+00 -2.697619e-08 
1.678804e+00 -2.710071e-08 
1.682674e+00 -2.722579e-08 
1.686553e+00 -2.735146e-08 
1.690441e+00 -2.747771e-08 
1.694338e+00 -2.760454e-08 
1.698244e+00 -2.773196e-08 
1.702159e+00 -2.785997e-08 
1.706082e+00 -2.798856e-08 
1.710015e+00 -2.811775e-08 
1.713957e+00 -2.824754e-08 
1.717908e+00 -2.837792e-08 
1.721869e+00 -2.850891e-08 
1.725838e+00 -2.864050e-08 
1.729816e+00 -2.877270e-08 
1.733804e+00 -2.890551e-08 
1.737801e+00 -2.903893e-08 
1.741807e+00 -2.917297e-08 
1.745822e+00 -2.930762e-08 
1.749847e+00 -2.944290e-08 
1.753881e+00 -2.957880e-08 
1.757924e+00 -2.971533e-08 
1.761976e+00 -2.985249e-08 
1.766038e+00 -2.999028e-08 
1.770109e+00 -3.012871e-08 
1.774189e+00 -3.026778e-08 
1.778279e+00 -3.040749e-08 
1.782379e+00 -3.054784e-08 
1.786488e+00 -3.068885e-08 
1.790606e+00 -3.083050e-08 
1.794734e+00 -3.097281e-08 
1.798871e+00 -3.111577e-08 
1.803018e+00 -3.125940e-08 
1.807174e+00 -3.140368e-08 
1.811340e+00 -3.154864e-08 
1.815516e+00 -3.169426e-08 
1.819701e+00 -3.184055e-08 
1.823896e+00 -3.198752e-08 
1.828100e+00 -3.213517e-08 
1.832314e+00 -3.228350e-08 
1.836538e+00 -3.243251e-08 
1.840772e+00 -3.258221e-08 
1.845015e+00 -3.273261e-08 
1.849269e+00 -3.288370e-08 
1.853532e+00 -3.303548e-08 
1.857804e+00 -3.318796e-08 
1.862087e+00 -3.334115e-08 
1.866380e+00 -3.349505e-08 
1.870682e+00 -3.364965e-08 
1.874995e+00 -3.380497e-08 
1.879317e+00 -3.396101e-08 
1.883649e+00 -3.411777e-08 
1.887991e+00 -3.427525e-08 
1.892344e+00 -3.443346e-08 
1.896706e+00 -3.459239e-08 
1.901078e+00 -3.475206e-08 
1.905461e+00 -3.491247e-08 
1.909853e+00 -3.507362e-08 
1.914256e+00 -3.523551e-08 
1.918669e+00 -3.539815e-08 
1.923092e+00 -3.556154e-08 
1.927525e+00 -3.572569e-08 
1.931968e+00 -3.589059e-08 
1.936422e+00 -3.605625e-08 
1.940886e+00 -3.622268e-08 
1.945360e+00 -3.638988e-08 
1.949845e+00 -3.655785e-08 
1.954339e+00 -3.672659e-08 
1.958845e+00 -3.689611e-08 
1.963360e+00 -3.706642e-08 
1.967886e+00 -3.723751e-08 
1.972423e+00 -3.740939e-08 
1.976970e+00 -3.758206e-08 
1.981527e+00 -3.775553e-08 
1.986095e+00 -3.792980e-08 
1.990673e+00 -3.810488e-08 
1.995262e+00 -3.828076e-08 
1.999862e+00 -3.845746e-08 
2.004472e+00 -3.863497e-08 
2.009093e+00 -3.881330e-08 
2.013724e+00 -3.899246e-08 
2.018366e+00 -3.917244e-08 
2.023019e+00 -3.935325e-08 
2.027683e+00 -3.953490e-08 
2.032357e+00 -3.971738e-08 
2.037042e+00 -3.990071e-08 
2.041738e+00 -4.008488e-08 
2.046445e+00 -4.026991e-08 
2.051162e+00 -4.045578e-08 
2.055891e+00 -4.064252e-08 
2.060630e+00 -4.083011e-08 
2.065380e+00 -4.101858e-08 
2.070141e+00 -4.120791e-08 
2.074914e+00 -4.139812e-08 
2.079697e+00 -4.158920e-08 
2.084491e+00 -4.178117e-08 
2.089296e+00 -4.197402e-08 
2.094112e+00 -4.216777e-08 
2.098940e+00 -4.236240e-08 
2.103778e+00 -4.255794e-08 
2.108628e+00 -4.275438e-08 
2.113489e+00 -4.295172e-08 
2.118361e+00 -4.314998e-08 
2.123244e+00 -4.334915e-08 
2.128139e+00 -4.354924e-08 
2.133045e+00 -4.375025e-08 
2.137962e+00 -4.395220e-08 
2.142891e+00 -4.415507e-08 
2.147830e+00 -4.435888e-08 
2.152782e+00 -4.456363e-08 
2.157744e+00 -4.476933e-08 
2.162719e+00 -4.497597e-08 
2.167704e+00 -4.518358e-08 
2.172701e+00 -4.539213e-08 
2.177710e+00 -4.560165e-08 
2.182730e+00 -4.581214e-08 
2.187762e+00 -4.602360e-08 
2.192805e+00 -4.623604e-08 
2.197860e+00 -4.644945e-08 
2.202926e+00 -4.666385e-08 
2.208005e+00 -4.687924e-08 
2.213095e+00 -4.709563e-08 
2.218196e+00 -4.731301e-08 
2.223310e+00 -4.753140e-08 
2.228435e+00 -4.775079e-08 
2.233572e+00 -4.797120e-08 
2.238721e+00 -4.819262e-08 
2.243882e+00 -4.841507e-08 
2.249055e+00 -4.863855e-08 
2.254239e+00 -4.886305e-08 
2.259436e+00 -4.908859e-08 
2.264644e+00 -4.931518e-08 
2.269865e+00 -4.954280e-08 
2.275097e+00 -4.977149e-08 
2.280342e+00 -5.000122e-08 
2.285599e+00 -5.023201e-08 
2.290868e+00 -5.046387e-08 
2.296149e+00 -5.069680e-08 
2.301442e+00 -5.093081e-08 
2.306747e+00 -5.116590e-08 
2.312065e+00 -5.140207e-08 
2.317395e+00 -5.163933e-08 
2.322737e+00 -5.187768e-08 
2.328091e+00 -5.211714e-08 
2.333458e+00 -5.235770e-08 
2.338837e+00 -5.259937e-08 
2.344229e+00 -5.284216e-08 
2.349633e+00 -5.308607e-08 
2.355049e+00 -5.333111e-08 
2.360478e+00 -5.357727e-08 
2.365920e+00 -5.382457e-08 
2.371374e+00 -5.407302e-08 
2.376840e+00 -5.432261e-08 
2.382319e+00 -5.457335e-08 
2.387811e+00 -5.482525e-08 
2.393316e+00 -5.507831e-08 
2.398833e+00 -5.533254e-08 
2.404363e+00 -5.558794e-08 
2.409905e+00 -5.584452e-08 
2.415461e+00 -5.610229e-08 
2.421029e+00 -5.636125e-08 
2.426610e+00 -5.662140e-08 
2.432204e+00 -5.688275e-08 
2.437811e+00 -5.714531e-08 
2.443431e+00 -5.740908e-08 
2.449063e+00 -5.767407e-08 
2.454709e+00 -5.794028e-08 
2.460368e+00 -5.820772e-08 
2.466039e+00 -5.847640e-08 
2.471724e+00 -5.874631e-08 
2.477422e+00 -5.901747e-08 
2.483133e+00 -5.928988e-08 
2.488857e+00 -5.956355e-08 
2.494595e+00 -5.983848e-08 
2.500345e+00 -6.011469e-08 
2.506109e+00 -6.039216e-08 
2.511886e+00 -6.067092e-08 
2.517677e+00 -6.095097e-08 
2.523481e+00 -6.123230e-08 
2.529298e+00 -6.151494e-08 
2.535129e+00 -6.179888e-08 
2.540973e+00 -6.208413e-08 
2.546830e+00 -6.237070e-08 
2.552701e+00 -6.265859e-08 
2.558586e+00 -6.294780e-08 
2.564484e+00 -6.323836e-08 
2.570396e+00 -6.353025e-08 
2.576321e+00 -6.382350e-08 
2.582260e+00 -6.411809e-08 
2.588213e+00 -6.441405e-08 
2.594179e+00 -6.471137e-08 
2.600160e+00 -6.501006e-08 
2.606154e+00 -6.531014e-08 
2.612161e+00 -6.561159e-08 
2.618183e+00 -6.591444e-08 
2.624219e+00 -6.621869e-08 
2.630268e+00 -6.652434e-08 
2.636331e+00 -6.683140e-08 
2.642409e+00 -6.713988e-08 
2.648500e+00 -6.744979e-08 
2.654606e+00 -6.776112e-08 
2.660725e+00 -6.807389e-08 
2.666859e+00 -6.838811e-08 
2.673006e+00 -6.870377e-08 
2.679168e+00 -6.902089e-08 
2.685344e+00 -6.933948e-08 
2.691535e+00 -6.965954e-08 
2.697739e+00 -6.998107e-08 
2.703958e+00 -7.030409e-08 
2.710192e+00 -7.062860e-08 
2.716439e+00 -7.095460e-08 
2.722701e+00 -7.128212e-08 
2.728978e+00 -7.161114e-08 
2.735269e+00 -7.194168e-08 
2.741574e+00 -7.227375e-08 
2.747894e+00 -7.260735e-08 
2.754229e+00 -7.294249e-08 
2.760578e+00 -7.327918e-08 
2.766942e+00 -7.361742e-08 
2.773320e+00 -7.395722e-08 
2.779713e+00 -7.429859e-08 
2.786121e+00 -7.464154e-08 
2.792544e+00 -7.498607e-08 
2.798981e+00 -7.533219e-08 
2.805434e+00 -7.567991e-08 
2.811901e+00 -7.602923e-08 
2.818383e+00 -7.638016e-08 
2.824880e+00 -7.673272e-08 
2.831392e+00 -7.708690e-08 
2.837919e+00 -7.744272e-08 
2.844461e+00 -7.780018e-08 
2.851018e+00 -7.815929e-08 
2.857591e+00 -7.852005e-08 
2.864178e+00 -7.888248e-08 
2.870781e+00 -7.924659e-08 
2.877398e+00 -7.961238e-08 
2.884032e+00 -7.997985e-08 
2.890680e+00 -8.034902e-08 
2.897344e+00 -8.071989e-08 
2.904023e+00 -8.109248e-08 
2.910717e+00 -8.146679e-08 
2.917427e+00 -8.184282e-08 
2.924152e+00 -8.222059e-08 
2.930893e+00 -8.260010e-08 
2.937650e+00 -8.298137e-08 
2.944422e+00 -8.336439e-08 
2.951209e+00 -8.374919e-08 
2.958012e+00 -8.413575e-08 
2.964831e+00 -8.452410e-08 
2.971666e+00 -8.491425e-08 
2.978516e+00 -8.530620e-08 
2.985383e+00 -8.569995e-08 
2.992265e+00 -8.609553e-08 
2.999163e+00 -8.649293e-08 
3.006076e+00 -8.689216e-08 
3.013006e+00 -8.729323e-08 
3.019952e+00 -8.769616e-08 
3.026913e+00 -8.810095e-08 
3.033891e+00 -8.850761e-08 
3.040885e+00 -8.891614e-08 
3.047895e+00 -8.932656e-08 
3.054921e+00 -8.973887e-08 
3.061963e+00 -9.015309e-08 
3.069022e+00 -9.056921e-08 
3.076097e+00 -9.098726e-08 
3.083188e+00 -9.140724e-08 
3.090295e+00 -9.182916e-08 
3.097419e+00 -9.225302e-08 
3.104560e+00 -9.267884e-08 
3.111716e+00 -9.310662e-08 
3.118890e+00 -9.353639e-08 
3.126079e+00 -9.396813e-08 
3.133286e+00 -9.440187e-08 
3.140509e+00 -9.483761e-08 
3.147748e+00 -9.527536e-08 
3.155005e+00 -9.571513e-08 
3.162278e+00 -9.615693e-08 
3.169567e+00 -9.660077e-08 
3.176874e+00 -9.704666e-08 
3.184198e+00 -9.749461e-08 
3.191538e+00 -9.794462e-08 
3.198895e+00 -9.839671e-08 
3.206269e+00 -9.885089e-08 
3.213661e+00 -9.930717e-08 
3.221069e+00 -9.976555e-08 
3.228494e+00 -1.002260e-07 
3.235937e+00 -1.006887e-07 
3.243396e+00 -1.011534e-07 
3.250873e+00 -1.016203e-07 
3.258367e+00 -1.020894e-07 
3.265878e+00 -1.025606e-07 
3.273407e+00 -1.030340e-07 
3.280953e+00 -1.035096e-07 
3.288516e+00 -1.039874e-07 
3.296097e+00 -1.044674e-07 
3.303695e+00 -1.049496e-07 
3.311311e+00 -1.054340e-07 
3.318945e+00 -1.059206e-07 
3.326596e+00 -1.064095e-07 
3.334264e+00 -1.069007e-07 
3.341950e+00 -1.073941e-07 
3.349654e+00 -1.078899e-07 
3.357376e+00 -1.083878e-07 
3.365116e+00 -1.088881e-07 
3.372873e+00 -1.093907e-07 
3.380648e+00 -1.098957e-07 
3.388442e+00 -1.104029e-07 
3.396253e+00 -1.109125e-07 
3.404082e+00 -1.114245e-07 
3.411929e+00 -1.119388e-07 
3.419794e+00 -1.124555e-07 
3.427678e+00 -1.129745e-07 
3.435579e+00 -1.134960e-07 
3.443499e+00 -1.140199e-07 
3.451437e+00 -1.145462e-07 
3.459394e+00 -1.150749e-07 
3.467369e+00 -1.156061e-07 
3.475362e+00 -1.161397e-07 
3.483373e+00 -1.166757e-07 
3.491403e+00 -1.172143e-07 
3.499452e+00 -1.177553e-07 
3.507519e+00 -1.182989e-07 
3.515604e+00 -1.188449e-07 
3.523709e+00 -1.193935e-07 
3.531832e+00 -1.199446e-07 
3.539973e+00 -1.204982e-07 
3.548134e+00 -1.210544e-07 
3.556313e+00 -1.216132e-07 
3.564511e+00 -1.221745e-07 
3.572728e+00 -1.227384e-07 
3.580964e+00 -1.233050e-07 
3.589219e+00 -1.238741e-07 
3.597493e+00 -1.244459e-07 
3.605786e+00 -1.250203e-07 
3.614099e+00 -1.255974e-07 
3.622430e+00 -1.261771e-07 
3.630781e+00 -1.267595e-07 
3.639150e+00 -1.273446e-07 
3.647539e+00 -1.279324e-07 
3.655948e+00 -1.285229e-07 
3.664376e+00 -1.291162e-07 
3.672823e+00 -1.297121e-07 
3.681290e+00 -1.303109e-07 
3.689776e+00 -1.309123e-07 
3.698282e+00 -1.315166e-07 
3.706807e+00 -1.321237e-07 
3.715352e+00 -1.327335e-07 
3.723917e+00 -1.333462e-07 
3.732502e+00 -1.339617e-07 
3.741106e+00 -1.345800e-07 
3.749730e+00 -1.352012e-07 
3.758374e+00 -1.358253e-07 
3.767038e+00 -1.364522e-07 
3.775722e+00 -1.370820e-07 
3.784426e+00 -1.377148e-07 
3.793150e+00 -1.383505e-07 
3.801894e+00 -1.389890e-07 
3.810658e+00 -1.396306e-07 
3.819443e+00 -1.402751e-07 
3.828247e+00 -1.409226e-07 
3.837072e+00 -1.415731e-07 
3.845918e+00 -1.422265e-07 
3.854784e+00 -1.428830e-07 
3.863670e+00 -1.435425e-07 
3.872576e+00 -1.442051e-07 
3.881504e+00 -1.448707e-07 
3.890451e+00 -1.455394e-07 
3.899420e+00 -1.462112e-07 
3.908409e+00 -1.468861e-07 
3.917419e+00 -1.475641e-07 
3.926449e+00 -1.482452e-07 
3.935501e+00 -1.489295e-07 
3.944573e+00 -1.496169e-07 
3.953666e+00 -1.503075e-07 
3.962780e+00 -1.510013e-07 
3.971915e+00 -1.516983e-07 
3.981072e+00 -1.523985e-07 
3.990249e+00 -1.531019e-07 
3.999447e+00 -1.538086e-07 
4.008667e+00 -1.545185e-07 
4.017908e+00 -1.552318e-07 
4.027170e+00 -1.559483e-07 
4.036454e+00 -1.566681e-07 
4.045759e+00 -1.573912e-07 
4.055085e+00 -1.581177e-07 
4.064433e+00 -1.588476e-07 
4.073803e+00 -1.595808e-07 
4.083194e+00 -1.603174e-07 
4.092607e+00 -1.610574e-07 
4.102041e+00 -1.618008e-07 
4.111497e+00 -1.625476e-07 
4.120975e+00 -1.632979e-07 
4.130475e+00 -1.640516e-07 
4.139997e+00 -1.648089e-07 
4.149540e+00 -1.655696e-07 
4.159106e+00 -1.663338e-07 
4.168694e+00 -1.671016e-07 
4.178304e+00 -1.678729e-07 
4.187936e+00 -1.686478e-07 
4.197590e+00 -1.694262e-07 
4.207266e+00 -1.702082e-07 
4.216965e+00 -1.709939e-07 
4.226686e+00 -1.717832e-07 
4.236430e+00 -1.725761e-07 
4.246196e+00 -1.733726e-07 
4.255984e+00 -1.741729e-07 
4.265795e+00 -1.749768e-07 
4.275629e+00 -1.757845e-07 
4.285485e+00 -1.765959e-07 
4.295364e+00 -1.774110e-07 
4.305266e+00 -1.782299e-07 
4.315191e+00 -1.790526e-07 
4.325138e+00 -1.798791e-07 
4.335109e+00 -1.807093e-07 
4.345102e+00 -1.815435e-07 
4.355119e+00 -1.823814e-07 
4.365158e+00 -1.832233e-07 
4.375221e+00 -1.840690e-07 
4.385307e+00 -1.849186e-07 
4.395416e+00 -1.857721e-07 
4.405549e+00 -1.866296e-07 
4.415704e+00 -1.874911e-07 
4.425884e+00 -1.883565e-07 
4.436086e+00 -1.892259e-07 
4.446313e+00 -1.900993e-07 
4.456562e+00 -1.909768e-07 
4.466836e+00 -1.918583e-07 
4.477133e+00 -1.927439e-07 
4.487454e+00 -1.936335e-07 
4.497799e+00 -1.945273e-07 
4.508167e+00 -1.954252e-07 
4.518559e+00 -1.963273e-07 
4.528976e+00 -1.972335e-07 
4.539416e+00 -1.981438e-07 
4.549881e+00 -1.990584e-07 
4.560369e+00 -1.999772e-07 
4.570882e+00 -2.009003e-07 
4.581419e+00 -2.018276e-07 
4.591980e+00 -2.027592e-07 
4.602566e+00 -2.036951e-07 
4.613176e+00 -2.046353e-07 
4.623810e+00 -2.055799e-07 
4.634469e+00 -2.065288e-07 
4.645153e+00 -2.074821e-07 
4.655861e+00 -2.084398e-07 
4.666594e+00 -2.094019e-07 
4.677351e+00 -2.103684e-07 
4.688134e+00 -2.113395e-07 
4.698941e+00 -2.123150e-07 
4.709773e+00 -2.132950e-07 
4.720630e+00 -2.142795e-07 
4.731513e+00 -2.152686e-07 
4.742420e+00 -2.162622e-07 
4.753352e+00 -2.172604e-07 
4.764310e+00 -2.182632e-07 
4.775293e+00 -2.192707e-07 
4.786301e+00 -2.202828e-07 
4.797334e+00 -2.212996e-07 
4.808393e+00 -2.223211e-07 
4.819478e+00 -2.233472e-07 
4.830588e+00 -2.243782e-07 
4.841724e+00 -2.254138e-07 
4.852885e+00 -2.264543e-07 
4.864072e+00 -2.274996e-07 
4.875285e+00 -2.285497e-07 
4.886524e+00 -2.296046e-07 
4.897788e+00 -2.306644e-07 
4.909079e+00 -2.317291e-07 
4.920395e+00 -2.327987e-07 
4.931738e+00 -2.338733e-07 
4.943107e+00 -2.349528e-07 
4.954502e+00 -2.360373e-07 
4.965923e+00 -2.371268e-07 
4.977371e+00 -2.382213e-07 
4.988845e+00 -2.393209e-07 
5.000345e+00 -2.404255e-07 
5.011872e+00 -2.415353e-07 
5.023426e+00 -2.426502e-07 
5.035006e+00 -2.437702e-07 
5.046613e+00 -2.448954e-07 
5.058247e+00 -2.460258e-07 
5.069907e+00 -2.471614e-07 
5.081594e+00 -2.483022e-07 
5.093309e+00 -2.494483e-07 
5.105050e+00 -2.505997e-07 
5.116818e+00 -2.517564e-07 
5.128614e+00 -2.529185e-07 
5.140437e+00 -2.540859e-07 
5.152286e+00 -2.552587e-07 
5.164164e+00 -2.564369e-07 
5.176068e+00 -2.576206e-07 
5.188000e+00 -2.588097e-07 
5.199960e+00 -2.600043e-07 
5.211947e+00 -2.612045e-07 
5.223962e+00 -2.624101e-07 
5.236004e+00 -2.636214e-07 
5.248075e+00 -2.648382e-07 
5.260173e+00 -2.660606e-07 
5.272299e+00 -2.672887e-07 
5.284453e+00 -2.685224e-07 
5.296634e+00 -2.697619e-07 
5.308844e+00 -2.710070e-07 
5.321083e+00 -2.722580e-07 
5.333349e+00 -2.735146e-07 
5.345644e+00 -2.747771e-07 
5.357967e+00 -2.760454e-07 
5.370318e+00 -2.773196e-07 
5.382698e+00 -2.785997e-07 
5.395106e+00 -2.798856e-07 
5.407543e+00 -2.811775e-07 
5.420009e+00 -2.824754e-07 
5.432503e+00 -2.837792e-07 
5.445027e+00 -2.850891e-07 
5.457579e+00 -2.864050e-07 
5.470160e+00 -2.877270e-07 
5.482770e+00 -2.890551e-07 
5.495409e+00 -2.903893e-07 
5.508077e+00 -2.917297e-07 
5.520774e+00 -2.930762e-07 
5.533501e+00 -2.944290e-07 
5.546257e+00 -2.957880e-07 
5.559043e+00 -2.971533e-07 
5.571857e+00 -2.985249e-07 
5.584702e+00 -2.999028e-07 
5.597576e+00 -3.012871e-07 
5.610480e+00 -3.026778e-07 
5.623413e+00 -3.040749e-07 
5.636377e+00 -3.054785e-07 
5.649370e+00 -3.068885e-07 
5.662393e+00 -3.083050e-07 
5.675446e+00 -3.097281e-07 
5.688529e+00 -3.111577e-07 
5.701643e+00 -3.125940e-07 
5.714786e+00 -3.140368e-07 
5.727960e+00 -3.154864e-07 
5.741165e+00 -3.169426e-07 
5.754399e+00 -3.184055e-07 
5.767665e+00 -3.198752e-07 
5.780960e+00 -3.213517e-07 
5.794287e+00 -3.228350e-07 
5.807644e+00 -3.243251e-07 
5.821032e+00 -3.258221e-07 
5.834451e+00 -3.273261e-07 
5.847901e+00 -3.288369e-07 
5.861382e+00 -3.303548e-07 
5.874894e+00 -3.318796e-07 
5.888437e+00 -3.334115e-07 
5.902011e+00 -3.349505e-07 
5.915616e+00 -3.364965e-07 
5.929253e+00 -3.380497e-07 
5.942922e+00 -3.396101e-07 
5.956621e+00 -3.411777e-07 
5.970353e+00 -3.427525e-07 
5.984116e+00 -3.443345e-07 
5.997911e+00 -3.459239e-07 
6.011737e+00 -3.475206e-07 
6.025596e+00 -3.491247e-07 
6.039486e+00 -3.507362e-07 
6.053409e+00 -3.523551e-07 
6.067363e+00 -3.539815e-07 
6.081350e+00 -3.556154e-07 
6.095369e+00 -3.572569e-07 
6.109420e+00 -3.589059e-07 
6.123504e+00 -3.605625e-07 
6.137620e+00 -3.622268e-07 
6.151769e+00 -3.638988e-07 
6.165950e+00 -3.655784e-07 
6.180164e+00 -3.672659e-07 
6.194411e+00 -3.689611e-07 
6.208690e+00 -3.706641e-07 
6.223003e+00 -3.723751e-07 
6.237348e+00 -3.740939e-07 
6.251727e+00 -3.758206e-07 
6.266139e+00 -3.775553e-07 
6.280584e+00 -3.792980e-07 
6.295062e+00 -3.810488e-07 
6.309573e+00 -3.828076e-07 
6.324119e+00 -3.845746e-07 
6.338697e+00 -3.863497e-07 
6.353309e+00 -3.881330e-07 
6.367955e+00 -3.899246e-07 
6.382635e+00 -3.917244e-07 
6.397348e+00 -3.935325e-07 
6.412096e+00 -3.953489e-07 
6.426877e+00 -3.971738e-07 
6.441693e+00 -3.990071e-07 
6.456542e+00 -4.008488e-07 
6.471426e+00 -4.026990e-07 
6.486344e+00 -4.045578e-07 
6.501297e+00 -4.064252e-07 
6.516284e+00 -4.083011e-07 
6.531306e+00 -4.101858e-07 
6.546362e+00 -4.120791e-07 
6.561453e+00 -4.139812e-07 
6.576578e+00 -4.158920e-07 
6.591739e+00 -4.178117e-07 
6.606934e+00 -4.197402e-07 
6.622165e+00 -4.216776e-07 
6.637431e+00 -4.236240e-07 
6.652732e+00 -4.255794e-07 
6.668068e+00 -4.275438e-07 
6.683439e+00 -4.295172e-07 
6.698846e+00 -4.314998e-07 
6.714289e+00 -4.334915e-07 
6.729767e+00 -4.354924e-07 
6.745280e+00 -4.375025e-07 
6.760830e+00 -4.395220e-07 
6.776415e+00 -4.415507e-07 
6.792036e+00 -4.435888e-07 
6.807694e+00 -4.456363e-07 
6.823387e+00 -4.476933e-07 
6.839116e+00 -4.497597e-07 
6.854882e+00 -4.518357e-07 
6.870684e+00 -4.539213e-07 
6.886523e+00 -4.560165e-07 
6.902398e+00 -4.581214e-07 
6.918310e+00 -4.602360e-07 
6.934258e+00 -4.623603e-07 
6.950243e+00 -4.644945e-07 
6.966265e+00 -4.666385e-07 
6.982324e+00 -4.687924e-07 
6.998420e+00 -4.709563e-07 
7.014553e+00 -4.731301e-07 
7.030723e+00 -4.753140e-07 
7.046931e+00 -4.775079e-07 
7.063176e+00 -4.797120e-07 
7.079458e+00 -4.819262e-07 
7.095778e+00 -4.841507e-07 
7.112135e+00 -4.863855e-07 
7.128530e+00 -4.886305e-07 
7.144963e+00 -4.908859e-07 
7.161434e+00 -4.931517e-07 
7.177943e+00 -4.954280e-07 
7.194490e+00 -4.977148e-07 
7.211075e+00 -5.000122e-07 
7.227698e+00 -5.023201e-07 
7.244360e+00 -5.046387e-07 
7.261060e+00 -5.069680e-07 
7.277798e+00 -5.093081e-07 
7.294575e+00 -5.116590e-07 
7.311391e+00 -5.140207e-07 
7.328245e+00 -5.163933e-07 
7.345139e+00 -5.187768e-07 
7.362071e+00 -5.211714e-07 
7.379042e+00 -5.235770e-07 
7.396053e+00 -5.259937e-07 
7.413102e+00 -5.284216e-07 
7.430191e+00 -5.308607e-07 
7.447320e+00 -5.333110e-07 
7.464488e+00 -5.357727e-07 
7.481695e+00 -5.382457e-07 
7.498942e+00 -5.407301e-07 
7.516229e+00 -5.432260e-07 
7.533556e+00 -5.457335e-07 
7.550922e+00 -5.482524e-07 
7.568329e+00 -5.507831e-07 
7.585776e+00 -5.533254e-07 
7.603263e+00 -5.558794e-07 
7.620790e+00 -5.584452e-07 
7.638358e+00 -5.610229e-07 
7.655966e+00 -5.636124e-07 
7.673615e+00 -5.662140e-07 
7.691304e+00 -5.688275e-07 
7.709035e+00 -5.714531e-07 
7.726806e+00 -5.740908e-07 
7.744618e+00 -5.767407e-07 
7.762471e+00 -5.794028e-07 
7.780366e+00 -5.820772e-07 
7.798301e+00 -5.847639e-07 
7.816278e+00 -5.874631e-07 
7.834296e+00 -5.901747e-07 
7.852356e+00 -5.928988e-07 
7.870458e+00 -5.956355e-07 
7.888601e+00 -5.983848e-07 
7.906786e+00 -6.011469e-07 
7.925013e+00 -6.039216e-07 
7.943282e+00 -6.067092e-07 
7.961594e+00 -6.095096e-07 
7.979947e+00 -6.123230e-07 
7.998343e+00 -6.151494e-07 
8.016781e+00 -6.179888e-07 
8.035261e+00 -6.208413e-07 
8.053784e+00 -6.237069e-07 
8.072350e+00 -6.265858e-07 
8.090959e+00 -6.294780e-07 
8.109611e+00 -6.323836e-07 
8.128305e+00 -6.353025e-07 
8.147043e+00 -6.382349e-07 
8.165824e+00 -6.411809e-07 
8.184648e+00 -6.441405e-07 
8.203515e+00 -6.471137e-07 
8.222426e+00 -6.501006e-07 
8.241381e+00 -6.531013e-07 
8.260379e+00 -6.561159e-07 
8.279422e+00 -6.591444e-07 
8.298508e+00 -6.621869e-07 
8.317638e+00 -6.652434e-07 
8.336812e+00 -6.683140e-07 
8.356030e+00 -6.713988e-07 
8.375293e+00 -6.744979e-07 
8.394600e+00 -6.776112e-07 
8.413951e+00 -6.807389e-07 
8.433348e+00 -6.838811e-07 
8.452788e+00 -6.870377e-07 
8.472274e+00 -6.902089e-07 
8.491805e+00 -6.933948e-07 
8.511380e+00 -6.965954e-07 
8.531001e+00 -6.998107e-07 
8.550667e+00 -7.030409e-07 
8.570378e+00 -7.062860e-07 
8.590135e+00 -7.095460e-07 
8.609938e+00 -7.128211e-07 
8.629785e+00 -7.161114e-07 
8.649679e+00 -7.194168e-07 
8.669619e+00 -7.227375e-07 
8.689604e+00 -7.260735e-07 
8.709636e+00 -7.294249e-07 
8.729714e+00 -7.327918e-07 
8.749838e+00 -7.361742e-07 
8.770008e+00 -7.395722e-07 
8.790225e+00 -7.429859e-07 
8.810489e+00 -7.464154e-07 
8.830799e+00 -7.498607e-07 
8.851156e+00 -7.533219e-07 
8.871560e+00 -7.567990e-07 
8.892011e+00 -7.602923e-07 
8.912509e+00 -7.638016e-07 
8.933055e+00 -7.673272e-07 
8.953648e+00 -7.708690e-07 
8.974288e+00 -7.744272e-07 
8.994976e+00 -7.780017e-07 
9.015711e+00 -7.815928e-07 
9.036495e+00 -7.852005e-07 
9.057326e+00 -7.888248e-07 
9.078205e+00 -7.924659e-07 
9.099133e+00 -7.961237e-07 
9.120108e+00 -7.997985e-07 
9.141132e+00 -8.034902e-07 
9.162205e+00 -8.071989e-07 
9.183326e+00 -8.109248e-07 
9.204496e+00 -8.146678e-07 
9.225714e+00 -8.184282e-07 
9.246982e+00 -8.222059e-07 
9.268298e+00 -8.260010e-07 
9.289664e+00 -8.298136e-07 
9.311079e+00 -8.336439e-07 
9.332543e+00 -8.374918e-07 
9.354057e+00 -8.413575e-07 
9.375620e+00 -8.452410e-07 
9.397233e+00 -8.491425e-07 
9.418896e+00 -8.530619e-07 
9.440609e+00 -8.569995e-07 
9.462372e+00 -8.609552e-07 
9.484185e+00 -8.649292e-07 
9.506048e+00 -8.689216e-07 
9.527962e+00 -8.729323e-07 
9.549926e+00 -8.769616e-07 
9.571941e+00 -8.810095e-07 
9.594006e+00 -8.850760e-07 
9.616123e+00 -8.891613e-07 
9.638290e+00 -8.932655e-07 
9.660509e+00 -8.973886e-07 
9.682779e+00 -9.015308e-07 
9.705100e+00 -9.056921e-07 
9.727472e+00 -9.098726e-07 
9.749896e+00 -9.140723e-07 
9.772372e+00 -9.182915e-07 
9.794900e+00 -9.225301e-07 
9.817479e+00 -9.267884e-07 
9.840111e+00 -9.310662e-07 
9.862795e+00 -9.353638e-07 
9.885531e+00 -9.396813e-07 
9.908319e+00 -9.440186e-07 
9.931160e+00 -9.483760e-07 
9.954054e+00 -9.527535e-07 
9.977001e+00 -9.571512e-07 
1.000000e+01 -9.615693e-07 
1.002305e+01 -9.660077e-07 
1.004616e+01 -9.704665e-07 
1.006932e+01 -9.749460e-07 
1.009253e+01 -9.794462e-07 
1.011579e+01 -9.839671e-07 
1.013911e+01 -9.885089e-07 
1.016249e+01 -9.930716e-07 
1.018591e+01 -9.976554e-07 
1.020939e+01 -1.002260e-06 
1.023293e+01 -1.006887e-06 
1.025652e+01 -1.011534e-06 
1.028016e+01 -1.016203e-06 
1.030386e+01 -1.020894e-06 
1.032761e+01 -1.025606e-06 
1.035142e+01 -1.030340e-06 
1.037528e+01 -1.035096e-06 
1.039920e+01 -1.039874e-06 
1.042317e+01 -1.044673e-06 
1.044720e+01 -1.049495e-06 
1.047129e+01 -1.054340e-06 
1.049542e+01 -1.059206e-06 
1.051962e+01 -1.064095e-06 
1.054387e+01 -1.069007e-06 
1.056818e+01 -1.073941e-06 
1.059254e+01 -1.078898e-06 
1.061696e+01 -1.083878e-06 
1.064143e+01 -1.088881e-06 
1.066596e+01 -1.093907e-06 
1.069055e+01 -1.098957e-06 
1.071519e+01 -1.104029e-06 
1.073989e+01 -1.109125e-06 
1.076465e+01 -1.114245e-06 
1.078947e+01 -1.119388e-06 
1.081434e+01 -1.124555e-06 
1.083927e+01 -1.129745e-06 
1.086426e+01 -1.134960e-06 
1.088930e+01 -1.140199e-06 
1.091440e+01 -1.145462e-06 
1.093956e+01 -1.150749e-06 
1.096478e+01 -1.156060e-06 
1.099006e+01 -1.161397e-06 
1.101539e+01 -1.166757e-06 
1.104079e+01 -1.172143e-06 
1.106624e+01 -1.177553e-06 
1.109175e+01 -1.182989e-06 
1.111732e+01 -1.188449e-06 
1.114295e+01 -1.193935e-06 
1.116863e+01 -1.199446e-06 
1.119438e+01 -1.204982e-06 
1.122018e+01 -1.210544e-06 
1.124605e+01 -1.216132e-06 
1.127197e+01 -1.221745e-06 
1.129796e+01 -1.227384e-06 
1.132400e+01 -1.233050e-06 
1.135011e+01 -1.238741e-06 
1.137627e+01 -1.244459e-06 
1.140250e+01 -1.250203e-06 
1.142878e+01 -1.255974e-06 
1.145513e+01 -1.261771e-06 
1.148154e+01 -1.267595e-06 
1.150800e+01 -1.273446e-06 
1.153453e+01 -1.279324e-06 
1.156112e+01 -1.285229e-06 
1.158777e+01 -1.291161e-06 
1.161449e+01 -1.297121e-06 
1.164126e+01 -1.303108e-06 
1.166810e+01 -1.309123e-06 
1.169499e+01 -1.315166e-06 
1.172195e+01 -1.321236e-06 
1.174898e+01 -1.327335e-06 
1.177606e+01 -1.333462e-06 
1.180321e+01 -1.339617e-06 
1.183042e+01 -1.345800e-06 
1.185769e+01 -1.352012e-06 
1.188502e+01 -1.358253e-06 
1.191242e+01 -1.364522e-06 
1.193988e+01 -1.370820e-06 
1.196741e+01 -1.377148e-06 
1.199499e+01 -1.383504e-06 
1.202264e+01 -1.389890e-06 
1.205036e+01 -1.396306e-06 
1.207814e+01 -1.402751e-06 
1.210598e+01 -1.409226e-06 
1.213389e+01 -1.415730e-06 
1.216186e+01 -1.422265e-06 
1.218990e+01 -1.428830e-06 
1.221800e+01 -1.435425e-06 
1.224616e+01 -1.442051e-06 
1.227439e+01 -1.448707e-06 
1.230269e+01 -1.455394e-06 
1.233105e+01 -1.462112e-06 
1.235947e+01 -1.468861e-06 
1.238797e+01 -1.475640e-06 
1.241652e+01 -1.482452e-06 
1.244515e+01 -1.489294e-06 
1.247384e+01 -1.496169e-06 
1.250259e+01 -1.503075e-06 
1.253141e+01 -1.510013e-06 
1.256030e+01 -1.516982e-06 
1.258925e+01 -1.523985e-06 
1.261828e+01 -1.531019e-06 
1.264736e+01 -1.538086e-06 
1.267652e+01 -1.545185e-06 
1.270574e+01 -1.552317e-06 
1.273503e+01 -1.559483e-06 
1.276439e+01 -1.566681e-06 
1.279381e+01 -1.573912e-06 
1.282331e+01 -1.581177e-06 
1.285287e+01 -1.588476e-06 
1.288250e+01 -1.595808e-06 
1.291219e+01 -1.603174e-06 
1.294196e+01 -1.610574e-06 
1.297179e+01 -1.618008e-06 
1.300170e+01 -1.625476e-06 
1.303167e+01 -1.632979e-06 
1.306171e+01 -1.640516e-06 
1.309182e+01 -1.648089e-06 
1.312200e+01 -1.655696e-06 
1.315225e+01 -1.663338e-06 
1.318257e+01 -1.671016e-06 
1.321296e+01 -1.678729e-06 
1.324342e+01 -1.686477e-06 
1.327394e+01 -1.694262e-06 
1.330454e+01 -1.702082e-06 
1.333521e+01 -1.709939e-06 
1.336596e+01 -1.717831e-06 
1.339677e+01 -1.725761e-06 
1.342765e+01 -1.733726e-06 
1.345860e+01 -1.741729e-06 
1.348963e+01 -1.749768e-06 
1.352073e+01 -1.757845e-06 
1.355189e+01 -1.765959e-06 
1.358313e+01 -1.774110e-06 
1.361445e+01 -1.782299e-06 
1.364583e+01 -1.790526e-06 
1.367729e+01 -1.798790e-06 
1.370882e+01 -1.807093e-06 
1.374042e+01 -1.815434e-06 
1.377209e+01 -1.823814e-06 
1.380384e+01 -1.832232e-06 
1.383566e+01 -1.840690e-06 
1.386756e+01 -1.849186e-06 
1.389953e+01 -1.857721e-06 
1.393157e+01 -1.866296e-06 
1.396368e+01 -1.874911e-06 
1.399587e+01 -1.883565e-06 
1.402814e+01 -1.892259e-06 
1.406048e+01 -1.900993e-06 
1.409289e+01 -1.909768e-06 
1.412538e+01 -1.918583e-06 
1.415794e+01 -1.927439e-06 
1.419058e+01 -1.936335e-06 
1.422329e+01 -1.945273e-06 
1.425608e+01 -1.954252e-06 
1.428894e+01 -1.963272e-06 
1.432188e+01 -1.972334e-06 
1.435489e+01 -1.981438e-06 
1.438799e+01 -1.990584e-06 
1.442115e+01 -1.999772e-06 
1.445440e+01 -2.009003e-06 
1.448772e+01 -2.018276e-06 
1.452112e+01 -2.027592e-06 
1.455459e+01 -2.036951e-06 
1.458814e+01 -2.046353e-06 
1.462177e+01 -2.055798e-06 
1.465548e+01 -2.065288e-06 
1.468926e+01 -2.074821e-06 
1.472313e+01 -2.084397e-06 
1.475707e+01 -2.094019e-06 
1.479108e+01 -2.103684e-06 
1.482518e+01 -2.113394e-06 
1.485936e+01 -2.123149e-06 
1.489361e+01 -2.132949e-06 
1.492794e+01 -2.142795e-06 
1.496236e+01 -2.152685e-06 
1.499685e+01 -2.162622e-06 
1.503142e+01 -2.172604e-06 
1.506607e+01 -2.182632e-06 
1.510080e+01 -2.192707e-06 
1.513561e+01 -2.202828e-06 
1.517050e+01 -2.212996e-06 
1.520548e+01 -2.223210e-06 
1.524053e+01 -2.233472e-06 
1.527566e+01 -2.243781e-06 
1.531087e+01 -2.254138e-06 
1.534617e+01 -2.264543e-06 
1.538155e+01 -2.274995e-06 
1.541700e+01 -2.285496e-06 
1.545254e+01 -2.296046e-06 
1.548817e+01 -2.306644e-06 
1.552387e+01 -2.317291e-06 
1.555966e+01 -2.327987e-06 
1.559553e+01 -2.338732e-06 
1.563148e+01 -2.349527e-06 
1.566751e+01 -2.360372e-06 
1.570363e+01 -2.371267e-06 
1.573983e+01 -2.382213e-06 
1.577611e+01 -2.393208e-06 
1.581248e+01 -2.404255e-06 
1.584893e+01 -2.415353e-06 
1.588547e+01 -2.426501e-06 
1.592209e+01 -2.437702e-06 
1.595879e+01 -2.448953e-06 
1.599558e+01 -2.460257e-06 
1.603245e+01 -2.471613e-06 
1.606941e+01 -2.483022e-06 
1.610646e+01 -2.494483e-06 
1.614359e+01 -2.505997e-06 
1.618080e+01 -2.517564e-06 
1.621810e+01 -2.529185e-06 
1.625549e+01 -2.540859e-06 
1.629296e+01 -2.552587e-06 
1.633052e+01 -2.564369e-06 
1.636817e+01 -2.576206e-06 
1.640590e+01 -2.588097e-06 
1.644372e+01 -2.600043e-06 
1.648162e+01 -2.612044e-06 
1.651962e+01 -2.624101e-06 
1.655770e+01 -2.636213e-06 
1.659587e+01 -2.648381e-06 
1.663413e+01 -2.660606e-06 
1.667247e+01 -2.672887e-06 
1.671091e+01 -2.685224e-06 
1.674943e+01 -2.697618e-06 
1.678804e+01 -2.710070e-06 
1.682674e+01 -2.722579e-06 
1.686553e+01 -2.735146e-06 
1.690441e+01 -2.747771e-06 
1.694338e+01 -2.760454e-06 
1.698244e+01 -2.773196e-06 
1.702159e+01 -2.785996e-06 
1.706082e+01 -2.798856e-06 
1.710015e+01 -2.811775e-06 
1.713957e+01 -2.824753e-06 
1.717908e+01 -2.837792e-06 
1.721869e+01 -2.850890e-06 
1.725838e+01 -2.864049e-06 
1.729816e+01 -2.877269e-06 
1.733804e+01 -2.890550e-06 
1.737801e+01 -2.903892e-06 
1.741807e+01 -2.917296e-06 
1.745822e+01 -2.930762e-06 
1.749847e+01 -2.944290e-06 
1.753881e+01 -2.957880e-06 
1.757924e+01 -2.971533e-06 
1.761976e+01 -2.985249e-06 
1.766038e+01 -2.999028e-06 
1.770109e+01 -3.012871e-06 
1.774189e+01 -3.026778e-06 
1.778279e+01 -3.040749e-06 
1.782379e+01 -3.054784e-06 
1.786488e+01 -3.068884e-06 
1.790606e+01 -3.083050e-06 
1.794734e+01 -3.097280e-06 
1.798871e+01 -3.111577e-06 
1.803018e+01 -3.125939e-06 
1.807174e+01 -3.140368e-06 
1.811340e+01 -3.154863e-06 
1.815516e+01 -3.169425e-06 
1.819701e+01 -3.184055e-06 
1.823896e+01 -3.198752e-06 
1.828100e+01 -3.213516e-06 
1.832314e+01 -3.228349e-06 
1.836538e+01 -3.243251e-06 
1.840772e+01 -3.258221e-06 
1.845015e+01 -3.273260e-06 
1.849269e+01 -3.288369e-06 
1.853532e+01 -3.303547e-06 
1.857804e+01 -3.318796e-06 
1.862087e+01 -3.334114e-06 
1.866380e+01 -3.349504e-06 
1.870682e+01 -3.364965e-06 
1.874995e+01 -3.380497e-06 
1.879317e+01 -3.396100e-06 
1.883649e+01 -3.411776e-06 
1.887991e+01 -3.427524e-06 
1.892344e+01 -3.443345e-06 
1.896706e+01 -3.459238e-06 
1.901078e+01 -3.475206e-06 
1.905461e+01 -3.491246e-06 
1.909853e+01 -3.507361e-06 
1.914256e+01 -3.523551e-06 
1.918669e+01 -3.539814e-06 
1.923092e+01 -3.556154e-06 
1.927525e+01 -3.572568e-06 
1.931968e+01 -3.589058e-06 
1.936422e+01 -3.605625e-06 
1.940886e+01 -3.622267e-06 
1.945360e+01 -3.638987e-06 
1.949845e+01 -3.655784e-06 
1.954339e+01 -3.672658e-06 
1.958845e+01 -3.689610e-06 
1.963360e+01 -3.706641e-06 
1.967886e+01 -3.723750e-06 
1.972423e+01 -3.740938e-06 
1.976970e+01 -3.758205e-06 
1.981527e+01 -3.775552e-06 
1.986095e+01 -3.792980e-06 
1.990673e+01 -3.810487e-06 
1.995262e+01 -3.828076e-06 
1.999862e+01 -3.845745e-06 
2.004472e+01 -3.863496e-06 
2.009093e+01 -3.881329e-06 
2.013724e+01 -3.899245e-06 
2.018366e+01 -3.917243e-06 
2.023019e+01 -3.935324e-06 
2.027683e+01 -3.953489e-06 
2.032357e+01 -3.971737e-06 
2.037042e+01 -3.990070e-06 
2.041738e+01 -4.008487e-06 
2.046445e+01 -4.026989e-06 
2.051162e+01 -4.045577e-06 
2.055891e+01 -4.064251e-06 
2.060630e+01 -4.083010e-06 
2.065380e+01 -4.101857e-06 
2.070141e+01 -4.120790e-06 
2.074914e+01 -4.139811e-06 
2.079697e+01 -4.158919e-06 
2.084491e+01 -4.178116e-06 
2.089296e+01 -4.197401e-06 
2.094112e+01 -4.216776e-06 
2.098940e+01 -4.236239e-06 
2.103778e+01 -4.255793e-06 
2.108628e+01 -4.275437e-06 
2.113489e+01 -4.295171e-06 
2.118361e+01 -4.314997e-06 
2.123244e+01 -4.334914e-06 
2.128139e+01 -4.354923e-06 
2.133045e+01 -4.375024e-06 
2.137962e+01 -4.395219e-06 
2.142891e+01 -4.415506e-06 
2.147830e+01 -4.435887e-06 
2.152782e+01 -4.456362e-06 
2.157744e+01 -4.476932e-06 
2.162719e+01 -4.497596e-06 
2.167704e+01 -4.518356e-06 
2.172701e+01 -4.539212e-06 
2.177710e+01 -4.560164e-06 
2.182730e+01 -4.581213e-06 
2.187762e+01 -4.602359e-06 
2.192805e+01 -4.623602e-06 
2.197860e+01 -4.644944e-06 
2.202926e+01 -4.666384e-06 
2.208005e+01 -4.687923e-06 
2.213095e+01 -4.709562e-06 
2.218196e+01 -4.731300e-06 
2.223310e+01 -4.753139e-06 
2.228435e+01 -4.775078e-06 
2.233572e+01 -4.797119e-06 
2.238721e+01 -4.819261e-06 
2.243882e+01 -4.841506e-06 
2.249055e+01 -4.863853e-06 
2.254239e+01 -4.886304e-06 
2.259436e+01 -4.908858e-06 
2.264644e+01 -4.931516e-06 
2.269865e+01 -4.954279e-06 
2.275097e+01 -4.977147e-06 
2.280342e+01 -5.000120e-06 
2.285599e+01 -5.023200e-06 
2.290868e+01 -5.046386e-06 
2.296149e+01 -5.069679e-06 
2.301442e+01 -5.093080e-06 
2.306747e+01 -5.116588e-06 
2.312065e+01 -5.140205e-06 
2.317395e+01 -5.163931e-06 
2.322737e+01 -5.187767e-06 
2.328091e+01 -5.211713e-06 
2.333458e+01 -5.235769e-06 
2.338837e+01 -5.259936e-06 
2.344229e+01 -5.284215e-06 
2.349633e+01 -5.308606e-06 
2.355049e+01 -5.333109e-06 
2.360478e+01 -5.357725e-06 
2.365920e+01 -5.382456e-06 
2.371374e+01 -5.407300e-06 
2.376840e+01 -5.432259e-06 
2.382319e+01 -5.457333e-06 
2.387811e+01 -5.482523e-06 
2.393316e+01 -5.507829e-06 
2.398833e+01 -5.533252e-06 
2.404363e+01 -5.558792e-06 
2.409905e+01 -5.584451e-06 
2.415461e+01 -5.610227e-06 
2.421029e+01 -5.636123e-06 
2.426610e+01 -5.662138e-06 
2.432204e+01 -5.688273e-06 
2.437811e+01 -5.714529e-06 
2.443431e+01 -5.740906e-06 
2.449063e+01 -5.767405e-06 
2.454709e+01 -5.794026e-06 
2.460368e+01 -5.820770e-06 
2.466039e+01 -5.847638e-06 
2.471724e+01 -5.874629e-06 
2.477422e+01 -5.901745e-06 
2.483133e+01 -5.928986e-06 
2.488857e+01 -5.956353e-06 
2.494595e+01 -5.983846e-06 
2.500345e+01 -6.011467e-06 
2.506109e+01 -6.039214e-06 
2.511886e+01 -6.067090e-06 
2.517677e+01 -6.095094e-06 
2.523481e+01 -6.123228e-06 
2.529298e+01 -6.151492e-06 
2.535129e+01 -6.179886e-06 
2.540973e+01 -6.208411e-06 
2.546830e+01 -6.237067e-06 
2.552701e+01 -6.265856e-06 
2.558586e+01 -6.294778e-06 
2.564484e+01 -6.323834e-06 
2.570396e+01 -6.353023e-06 
2.576321e+01 -6.382347e-06 
2.582260e+01 -6.411807e-06 
2.588213e+01 -6.441402e-06 
2.594179e+01 -6.471135e-06 
2.600160e+01 -6.501004e-06 
2.606154e+01 -6.531011e-06 
2.612161e+01 -6.561157e-06 
2.618183e+01 -6.591442e-06 
2.624219e+01 -6.621867e-06 
2.630268e+01 -6.652432e-06 
2.636331e+01 -6.683138e-06 
2.642409e+01 -6.713986e-06 
2.648500e+01 -6.744976e-06 
2.654606e+01 -6.776110e-06 
2.660725e+01 -6.807387e-06 
2.666859e+01 -6.838808e-06 
2.673006e+01 -6.870375e-06 
2.679168e+01 -6.902087e-06 
2.685344e+01 -6.933945e-06 
2.691535e+01 -6.965951e-06 
2.697739e+01 -6.998104e-06 
2.703958e+01 -7.030406e-06 
2.710192e+01 -7.062857e-06 
2.716439e+01 -7.095458e-06 
2.722701e+01 -7.128209e-06 
2.728978e+01 -7.161111e-06 
2.735269e+01 -7.194165e-06 
2.741574e+01 -7.227372e-06 
2.747894e+01 -7.260732e-06 
2.754229e+01 -7.294246e-06 
2.760578e+01 -7.327915e-06 
2.766942e+01 -7.361739e-06 
2.773320e+01 -7.395719e-06 
2.779713e+01 -7.429856e-06 
2.786121e+01 -7.464151e-06 
2.792544e+01 -7.498604e-06 
2.798981e+01 -7.533216e-06 
2.805434e+01 -7.567987e-06 
2.811901e+01 -7.602920e-06 
2.818383e+01 -7.638013e-06 
2.824880e+01 -7.673269e-06 
2.831392e+01 -7.708687e-06 
2.837919e+01 -7.744268e-06 
2.844461e+01 -7.780014e-06 
2.851018e+01 -7.815925e-06 
2.857591e+01 -7.852002e-06 
2.864178e+01 -7.888245e-06 
2.870781e+01 -7.924656e-06 
2.877398e+01 -7.961234e-06 
2.884032e+01 -7.997981e-06 
2.890680e+01 -8.034898e-06 
2.897344e+01 -8.071986e-06 
2.904023e+01 -8.109244e-06 
2.910717e+01 -8.146675e-06 
2.917427e+01 -8.184278e-06 
2.924152e+01 -8.222055e-06 
2.930893e+01 -8.260006e-06 
2.937650e+01 -8.298133e-06 
2.944422e+01 -8.336435e-06 
2.951209e+01 -8.374914e-06 
2.958012e+01 -8.413571e-06 
2.964831e+01 -8.452407e-06 
2.971666e+01 -8.491421e-06 
2.978516e+01 -8.530616e-06 
2.985383e+01 -8.569991e-06 
2.992265e+01 -8.609548e-06 
2.999163e+01 -8.649288e-06 
3.006076e+01 -8.689212e-06 
3.013006e+01 -8.729319e-06 
3.019952e+01 -8.769612e-06 
3.026913e+01 -8.810091e-06 
3.033891e+01 -8.850756e-06 
3.040885e+01 -8.891609e-06 
3.047895e+01 -8.932651e-06 
3.054921e+01 -8.973882e-06 
3.061963e+01 -9.015304e-06 
3.069022e+01 -9.056917e-06 
3.076097e+01 -9.098721e-06 
3.083188e+01 -9.140719e-06 
3.090295e+01 -9.182911e-06 
3.097419e+01 -9.225297e-06 
3.104560e+01 -9.267879e-06 
3.111716e+01 -9.310658e-06 
3.118890e+01 -9.353634e-06 
3.126079e+01 -9.396808e-06 
3.133286e+01 -9.440182e-06 
3.140509e+01 -9.483756e-06 
3.147748e+01 -9.527531e-06 
3.155005e+01 -9.571508e-06 
3.162278e+01 -9.615688e-06 
3.169567e+01 -9.660072e-06 
3.176874e+01 -9.704661e-06 
3.184198e+01 -9.749455e-06 
3.191538e+01 -9.794457e-06 
3.198895e+01 -9.839666e-06 
3.206269e+01 -9.885084e-06 
3.213661e+01 -9.930711e-06 
3.221069e+01 -9.976549e-06 
3.228494e+01 -1.002260e-05 
3.235937e+01 -1.006886e-05 
3.243396e+01 -1.011534e-05 
3.250873e+01 -1.016203e-05 
3.258367e+01 -1.020893e-05 
3.265878e+01 -1.025605e-05 
3.273407e+01 -1.030339e-05 
3.280953e+01 -1.035095e-05 
3.288516e+01 -1.039873e-05 
3.296097e+01 -1.044673e-05 
3.303695e+01 -1.049495e-05 
3.311311e+01 -1.054339e-05 
3.318945e+01 -1.059206e-05 
3.326596e+01 -1.064095e-05 
3.334264e+01 -1.069006e-05 
3.341950e+01 -1.073941e-05 
3.349654e+01 -1.078898e-05 
3.357376e+01 -1.083878e-05 
3.365116e+01 -1.088881e-05 
3.372873e+01 -1.093907e-05 
3.380648e+01 -1.098956e-05 
3.388442e+01 -1.104029e-05 
3.396253e+01 -1.109125e-05 
3.404082e+01 -1.114244e-05 
3.411929e+01 -1.119387e-05 
3.419794e+01 -1.124554e-05 
3.427678e+01 -1.129745e-05 
3.435579e+01 -1.134959e-05 
3.443499e+01 -1.140198e-05 
3.451437e+01 -1.145461e-05 
3.459394e+01 -1.150748e-05 
3.467369e+01 -1.156060e-05 
3.475362e+01 -1.161396e-05 
3.483373e+01 -1.166757e-05 
3.491403e+01 -1.172142e-05 
3.499452e+01 -1.177553e-05 
3.507519e+01 -1.182988e-05 
3.515604e+01 -1.188448e-05 
3.523709e+01 -1.193934e-05 
3.531832e+01 -1.199445e-05 
3.539973e+01 -1.204981e-05 
3.548134e+01 -1.210543e-05 
3.556313e+01 -1.216131e-05 
3.564511e+01 -1.221744e-05 
3.572728e+01 -1.227384e-05 
3.580964e+01 -1.233049e-05 
3.589219e+01 -1.238740e-05 
3.597493e+01 -1.244458e-05 
3.605786e+01 -1.250202e-05 
3.614099e+01 -1.255973e-05 
3.622430e+01 -1.261770e-05 
3.630781e+01 -1.267594e-05 
3.639150e+01 -1.273445e-05 
3.647539e+01 -1.279323e-05 
3.655948e+01 -1.285228e-05 
3.664376e+01 -1.291161e-05 
3.672823e+01 -1.297120e-05 
3.681290e+01 -1.303108e-05 
3.689776e+01 -1.309122e-05 
3.698282e+01 -1.315165e-05 
3.706807e+01 -1.321236e-05 
3.715352e+01 -1.327334e-05 
3.723917e+01 -1.333461e-05 
3.732502e+01 -1.339616e-05 
3.741106e+01 -1.345799e-05 
3.749730e+01 -1.352011e-05 
3.758374e+01 -1.358252e-05 
3.767038e+01 -1.364521e-05 
3.775722e+01 -1.370819e-05 
3.784426e+01 -1.377147e-05 
3.793150e+01 -1.383503e-05 
3.801894e+01 -1.389889e-05 
3.810658e+01 -1.396305e-05 
3.819443e+01 -1.402750e-05 
3.828247e+01 -1.409225e-05 
3.837072e+01 -1.415729e-05 
3.845918e+01 -1.422264e-05 
3.854784e+01 -1.428829e-05 
3.863670e+01 -1.435424e-05 
3.872576e+01 -1.442050e-05 
3.881504e+01 -1.448706e-05 
3.890451e+01 -1.455393e-05 
3.899420e+01 -1.462111e-05 
3.908409e+01 -1.468859e-05 
3.917419e+01 -1.475639e-05 
3.926449e+01 -1.482451e-05 
3.935501e+01 -1.489293e-05 
3.944573e+01 -1.496168e-05 
3.953666e+01 -1.503073e-05 
3.962780e+01 -1.510011e-05 
3.971915e+01 -1.516981e-05 
3.981072e+01 -1.523983e-05 
3.990249e+01 -1.531018e-05 
3.999447e+01 -1.538085e-05 
4.008667e+01 -1.545184e-05 
4.017908e+01 -1.552316e-05 
4.027170e+01 -1.559481e-05 
4.036454e+01 -1.566680e-05 
4.045759e+01 -1.573911e-05 
4.055085e+01 -1.581176e-05 
4.064433e+01 -1.588474e-05 
4.073803e+01 -1.595806e-05 
4.083194e+01 -1.603172e-05 
4.092607e+01 -1.610572e-05 
4.102041e+01 -1.618006e-05 
4.111497e+01 -1.625475e-05 
4.120975e+01 -1.632977e-05 
4.130475e+01 -1.640515e-05 
4.139997e+01 -1.648087e-05 
4.149540e+01 -1.655694e-05 
4.159106e+01 -1.663337e-05 
4.168694e+01 -1.671014e-05 
4.178304e+01 -1.678727e-05 
4.187936e+01 -1.686476e-05 
4.197590e+01 -1.694260e-05 
4.207266e+01 -1.702081e-05 
4.216965e+01 -1.709937e-05 
4.226686e+01 -1.717830e-05 
4.236430e+01 -1.725759e-05 
4.246196e+01 -1.733725e-05 
4.255984e+01 -1.741727e-05 
4.265795e+01 -1.749767e-05 
4.275629e+01 -1.757843e-05 
4.285485e+01 -1.765957e-05 
4.295364e+01 -1.774108e-05 
4.305266e+01 -1.782297e-05 
4.315191e+01 -1.790524e-05 
4.325138e+01 -1.798789e-05 
4.335109e+01 -1.807091e-05 
4.345102e+01 -1.815433e-05 
4.355119e+01 -1.823812e-05 
4.365158e+01 -1.832231e-05 
4.375221e+01 -1.840688e-05 
4.385307e+01 -1.849184e-05 
4.395416e+01 -1.857719e-05 
4.405549e+01 -1.866294e-05 
4.415704e+01 -1.874909e-05 
4.425884e+01 -1.883563e-05 
4.436086e+01 -1.892257e-05 
4.446313e+01 -1.900991e-05 
4.456562e+01 -1.909766e-05 
4.466836e+01 -1.918581e-05 
4.477133e+01 -1.927437e-05 
4.487454e+01 -1.936333e-05 
4.497799e+01 -1.945271e-05 
4.508167e+01 -1.954250e-05 
4.518559e+01 -1.963270e-05 
4.528976e+01 -1.972332e-05 
4.539416e+01 -1.981436e-05 
4.549881e+01 -1.990582e-05 
4.560369e+01 -1.999770e-05 
4.570882e+01 -2.009001e-05 
4.581419e+01 -2.018274e-05 
4.591980e+01 -2.027590e-05 
4.602566e+01 -2.036949e-05 
4.613176e+01 -2.046351e-05 
4.623810e+01 -2.055796e-05 
4.634469e+01 -2.065285e-05 
4.645153e+01 -2.074818e-05 
4.655861e+01 -2.084395e-05 
4.666594e+01 -2.094016e-05 
4.677351e+01 -2.103682e-05 
4.688134e+01 -2.113392e-05 
4.698941e+01 -2.123147e-05 
4.709773e+01 -2.132947e-05 
4.720630e+01 -2.142792e-05 
4.731513e+01 -2.152683e-05 
4.742420e+01 -2.162619e-05 
4.753352e+01 -2.172601e-05 
4.764310e+01 -2.182630e-05 
4.775293e+01 -2.192704e-05 
4.786301e+01 -2.202825e-05 
4.797334e+01 -2.212993e-05 
4.808393e+01 -2.223208e-05 
4.819478e+01 -2.233470e-05 
4.830588e+01 -2.243779e-05 
4.841724e+01 -2.254136e-05 
4.852885e+01 -2.264540e-05 
4.864072e+01 -2.274993e-05 
4.875285e+01 -2.285494e-05 
4.886524e+01 -2.296043e-05 
4.897788e+01 -2.306641e-05 
4.909079e+01 -2.317288e-05 
4.920395e+01 -2.327984e-05 
4.931738e+01 -2.338730e-05 
4.943107e+01 -2.349525e-05 
4.954502e+01 -2.360370e-05 
4.965923e+01 -2.371264e-05 
4.977371e+01 -2.382210e-05 
4.988845e+01 -2.393206e-05 
5.000345e+01 -2.404252e-05 
5.011872e+01 -2.415350e-05 
5.023426e+01 -2.426498e-05 
5.035006e+01 -2.437698e-05 
5.046613e+01 -2.448950e-05 
5.058247e+01 -2.460254e-05 
5.069907e+01 -2.471610e-05 
5.081594e+01 -2.483019e-05 
5.093309e+01 -2.494480e-05 
5.105050e+01 -2.505994e-05 
5.116818e+01 -2.517561e-05 
5.128614e+01 -2.529181e-05 
5.140437e+01 -2.540855e-05 
5.152286e+01 -2.552583e-05 
5.164164e+01 -2.564366e-05 
5.176068e+01 -2.576202e-05 
5.188000e+01 -2.588093e-05 
5.199960e+01 -2.600039e-05 
5.211947e+01 -2.612041e-05 
5.223962e+01 -2.624097e-05 
5.236004e+01 -2.636210e-05 
5.248075e+01 -2.648378e-05 
5.260173e+01 -2.660602e-05 
5.272299e+01 -2.672883e-05 
5.284453e+01 -2.685220e-05 
5.296634e+01 -2.697615e-05 
5.308844e+01 -2.710066e-05 
5.321083e+01 -2.722575e-05 
5.333349e+01 -2.735142e-05 
5.345644e+01 -2.747767e-05 
5.357967e+01 -2.760450e-05 
5.370318e+01 -2.773192e-05 
5.382698e+01 -2.785992e-05 
5.395106e+01 -2.798852e-05 
5.407543e+01 -2.811771e-05 
5.420009e+01 -2.824749e-05 
5.432503e+01 -2.837788e-05 
5.445027e+01 -2.850886e-05 
5.457579e+01 -2.864045e-05 
5.470160e+01 -2.877265e-05 
5.482770e+01 -2.890546e-05 
5.495409e+01 -2.903888e-05 
5.508077e+01 -2.917292e-05 
5.520774e+01 -2.930757e-05 
5.533501e+01 -2.944285e-05 
5.546257e+01 -2.957875e-05 
5.559043e+01 -2.971528e-05 
5.571857e+01 -2.985244e-05 
5.584702e+01 -2.999023e-05 
5.597576e+01 -3.012866e-05 
5.610480e+01 -3.026773e-05 
5.623413e+01 -3.040744e-05 
5.636377e+01 -3.054779e-05 
5.649370e+01 -3.068879e-05 
5.662393e+01 -3.083045e-05 
5.675446e+01 -3.097275e-05 
5.688529e+01 -3.111572e-05 
5.701643e+01 -3.125934e-05 
5.714786e+01 -3.140363e-05 
5.727960e+01 -3.154858e-05 
5.741165e+01 -3.169420e-05 
5.754399e+01 -3.184049e-05 
5.767665e+01 -3.198746e-05 
5.780960e+01 -3.213511e-05 
5.794287e+01 -3.228344e-05 
5.807644e+01 -3.243245e-05 
5.821032e+01 -3.258215e-05 
5.834451e+01 -3.273254e-05 
5.847901e+01 -3.288363e-05 
5.861382e+01 -3.303541e-05 
5.874894e+01 -3.318790e-05 
5.888437e+01 -3.334109e-05 
5.902011e+01 -3.349498e-05 
5.915616e+01 -3.364959e-05 
5.929253e+01 -3.380491e-05 
5.942922e+01 -3.396094e-05 
5.956621e+01 -3.411770e-05 
5.970353e+01 -3.427518e-05 
5.984116e+01 -3.443339e-05 
5.997911e+01 -3.459232e-05 
6.011737e+01 -3.475199e-05 
6.025596e+01 -3.491240e-05 
6.039486e+01 -3.507355e-05 
6.053409e+01 -3.523544e-05 
6.067363e+01 -3.539808e-05 
6.081350e+01 -3.556147e-05 
6.095369e+01 -3.572561e-05 
6.109420e+01 -3.589052e-05 
6.123504e+01 -3.605618e-05 
6.137620e+01 -3.622261e-05 
6.151769e+01 -3.638980e-05 
6.165950e+01 -3.655777e-05 
6.180164e+01 -3.672651e-05 
6.194411e+01 -3.689603e-05 
6.208690e+01 -3.706634e-05 
6.223003e+01 -3.723743e-05 
6.237348e+01 -3.740931e-05 
6.251727e+01 -3.758198e-05 
6.266139e+01 -3.775545e-05 
6.280584e+01 -3.792972e-05 
6.295062e+01 -3.810480e-05 
6.309573e+01 -3.828068e-05 
6.324119e+01 -3.845737e-05 
6.338697e+01 -3.863489e-05 
6.353309e+01 -3.881322e-05 
6.367955e+01 -3.899237e-05 
6.382635e+01 -3.917235e-05 
6.397348e+01 -3.935316e-05 
6.412096e+01 -3.953481e-05 
6.426877e+01 -3.971729e-05 
6.441693e+01 -3.990062e-05 
6.456542e+01 -4.008479e-05 
6.471426e+01 -4.026981e-05 
6.486344e+01 -4.045569e-05 
6.501297e+01 -4.064242e-05 
6.516284e+01 -4.083002e-05 
6.531306e+01 -4.101848e-05 
6.546362e+01 -4.120781e-05 
6.561453e+01 -4.139802e-05 
6.576578e+01 -4.158910e-05 
6.591739e+01 -4.178107e-05 
6.606934e+01 -4.197392e-05 
6.622165e+01 -4.216766e-05 
6.637431e+01 -4.236230e-05 
6.652732e+01 -4.255784e-05 
6.668068e+01 -4.275427e-05 
6.683439e+01 -4.295162e-05 
6.698846e+01 -4.314987e-05 
6.714289e+01 -4.334904e-05 
6.729767e+01 -4.354913e-05 
6.745280e+01 -4.375015e-05 
6.760830e+01 -4.395209e-05 
6.776415e+01 -4.415496e-05 
6.792036e+01 -4.435877e-05 
6.807694e+01 -4.456352e-05 
6.823387e+01 -4.476921e-05 
6.839116e+01 -4.497586e-05 
6.854882e+01 -4.518346e-05 
6.870684e+01 -4.539201e-05 
6.886523e+01 -4.560153e-05 
6.902398e+01 -4.581202e-05 
6.918310e+01 -4.602348e-05 
6.934258e+01 -4.623591e-05 
6.950243e+01 -4.644933e-05 
6.966265e+01 -4.666373e-05 
6.982324e+01 -4.687912e-05 
6.998420e+01 -4.709550e-05 
7.014553e+01 -4.731288e-05 
7.030723e+01 -4.753127e-05 
7.046931e+01 -4.775066e-05 
7.063176e+01 -4.797107e-05 
7.079458e+01 -4.819249e-05 
7.095778e+01 -4.841494e-05 
7.112135e+01 -4.863841e-05 
7.128530e+01 -4.886291e-05 
7.144963e+01 -4.908846e-05 
7.161434e+01 -4.931504e-05 
7.177943e+01 -4.954266e-05 
7.194490e+01 -4.977134e-05 
7.211075e+01 -5.000108e-05 
7.227698e+01 -5.023187e-05 
7.244360e+01 -5.046373e-05 
7.261060e+01 -5.069666e-05 
7.277798e+01 -5.093066e-05 
7.294575e+01 -5.116575e-05 
7.311391e+01 -5.140192e-05 
7.328245e+01 -5.163918e-05 
7.345139e+01 -5.187753e-05 
7.362071e+01 -5.211699e-05 
7.379042e+01 -5.235755e-05 
7.396053e+01 -5.259922e-05 
7.413102e+01 -5.284200e-05 
7.430191e+01 -5.308591e-05 
7.447320e+01 -5.333094e-05 
7.464488e+01 -5.357711e-05 
7.481695e+01 -5.382441e-05 
7.498942e+01 -5.407285e-05 
7.516229e+01 -5.432244e-05 
7.533556e+01 -5.457318e-05 
7.550922e+01 -5.482507e-05 
7.568329e+01 -5.507813e-05 
7.585776e+01 -5.533236e-05 
7.603263e+01 -5.558776e-05 
7.620790e+01 -5.584434e-05 
7.638358e+01 -5.610211e-05 
7.655966e+01 -5.636106e-05 
7.673615e+01 -5.662121e-05 
7.691304e+01 -5.688256e-05 
7.709035e+01 -5.714512e-05 
7.726806e+01 -5.740889e-05 
7.744618e+01 -5.767388e-05 
7.762471e+01 -5.794009e-05 
7.780366e+01 -5.820753e-05 
7.798301e+01 -5.847620e-05 
7.816278e+01 -5.874611e-05 
7.834296e+01 -5.901727e-05 
7.852356e+01 -5.928968e-05 
7.870458e+01 -5.956335e-05 
7.888601e+01 -5.983828e-05 
7.906786e+01 -6.011448e-05 
7.925013e+01 -6.039195e-05 
7.943282e+01 -6.067071e-05 
7.961594e+01 -6.095075e-05 
7.979947e+01 -6.123209e-05 
7.998343e+01 -6.151472e-05 
8.016781e+01 -6.179866e-05 
8.035261e+01 -6.208391e-05 
8.053784e+01 -6.237047e-05 
8.072350e+01 -6.265836e-05 
8.090959e+01 -6.294758e-05 
8.109611e+01 -6.323813e-05 
8.128305e+01 -6.353002e-05 
8.147043e+01 -6.382326e-05 
8.165824e+01 -6.411786e-05 
8.184648e+01 -6.441381e-05 
8.203515e+01 -6.471113e-05 
8.222426e+01 -6.500982e-05 
8.241381e+01 -6.530989e-05 
8.260379e+01 -6.561135e-05 
8.279422e+01 -6.591419e-05 
8.298508e+01 -6.621844e-05 
8.317638e+01 -6.652409e-05 
8.336812e+01 -6.683115e-05 
8.356030e+01 -6.713963e-05 
8.375293e+01 -6.744953e-05 
8.394600e+01 -6.776086e-05 
8.413951e+01 -6.807363e-05 
8.433348e+01 -6.838784e-05 
8.452788e+01 -6.870350e-05 
8.472274e+01 -6.902062e-05 
8.491805e+01 -6.933921e-05 
8.511380e+01 -6.965926e-05 
8.531001e+01 -6.998079e-05 
8.550667e+01 -7.030381e-05 
8.570378e+01 -7.062831e-05 
8.590135e+01 -7.095432e-05 
8.609938e+01 -7.128182e-05 
8.629785e+01 -7.161085e-05 
8.649679e+01 -7.194138e-05 
8.669619e+01 -7.227345e-05 
8.689604e+01 -7.260705e-05 
8.709636e+01 -7.294219e-05 
8.729714e+01 -7.327887e-05 
8.749838e+01 -7.361711e-05 
8.770008e+01 -7.395691e-05 
8.790225e+01 -7.429828e-05 
8.810489e+01 -7.464122e-05 
8.830799e+01 -7.498575e-05 
8.851156e+01 -7.533186e-05 
8.871560e+01 -7.567958e-05 
8.892011e+01 -7.602890e-05 
8.912509e+01 -7.637983e-05 
8.933055e+01 -7.673238e-05 
8.953648e+01 -7.708656e-05 
8.974288e+01 -7.744237e-05 
8.994976e+01 -7.779983e-05 
9.015711e+01 -7.815894e-05 
9.036495e+01 -7.851970e-05 
9.057326e+01 -7.888213e-05 
9.078205e+01 -7.924623e-05 
9.099133e+01 -7.961201e-05 
9.120108e+01 -7.997948e-05 
9.141132e+01 -8.034865e-05 
9.162205e+01 -8.071952e-05 
9.183326e+01 -8.109210e-05 
9.204496e+01 -8.146641e-05 
9.225714e+01 -8.184244e-05 
9.246982e+01 -8.222020e-05 
9.268298e+01 -8.259971e-05 
9.289664e+01 -8.298097e-05 
9.311079e+01 -8.336399e-05 
9.332543e+01 -8.374878e-05 
9.354057e+01 -8.413535e-05 
9.375620e+01 -8.452370e-05 
9.397233e+01 -8.491384e-05 
9.418896e+01 -8.530578e-05 
9.440609e+01 -8.569953e-05 
9.462372e+01 -8.609510e-05 
9.484185e+01 -8.649250e-05 
9.506048e+01 -8.689173e-05 
9.527962e+01 -8.729280e-05 
9.549926e+01 -8.769572e-05 
9.571941e+01 -8.810050e-05 
9.594006e+01 -8.850715e-05 
9.616123e+01 -8.891568e-05 
9.638290e+01 -8.932610e-05 
9.660509e+01 -8.973841e-05 
9.682779e+01 -9.015262e-05 
9.705100e+01 -9.056874e-05 
9.727472e+01 -9.098678e-05 
9.749896e+01 -9.140676e-05 
9.772372e+01 -9.182867e-05 
9.794900e+01 -9.225253e-05 
9.817479e+01 -9.267835e-05 
9.840111e+01 -9.310613e-05 
9.862795e+01 -9.353588e-05 
9.885531e+01 -9.396762e-05 
9.908319e+01 -9.440136e-05 
9.931160e+01 -9.483709e-05 
9.954054e+01 -9.527484e-05 
9.977001e+01 -9.571460e-05 
1.000000e+02 -9.615640e-05 
1.002305e+02 -9.660023e-05 
1.004616e+02 -9.704612e-05 
1.006932e+02 -9.749406e-05 
1.009253e+02 -9.794407e-05 
1.011579e+02 -9.839616e-05 
1.013911e+02 -9.885033e-05 
1.016249e+02 -9.930660e-05 
1.018591e+02 -9.976498e-05 
1.020939e+02 -1.002255e-04 
1.023293e+02 -1.006881e-04 
1.025652e+02 -1.011528e-04 
1.028016e+02 -1.016197e-04 
1.030386e+02 -1.020888e-04 
1.032761e+02 -1.025600e-04 
1.035142e+02 -1.030334e-04 
1.037528e+02 -1.035090e-04 
1.039920e+02 -1.039867e-04 
1.042317e+02 -1.044667e-04 
1.044720e+02 -1.049489e-04 
1.047129e+02 -1.054333e-04 
1.049542e+02 -1.059200e-04 
1.051962e+02 -1.064089e-04 
1.054387e+02 -1.069001e-04 
1.056818e+02 -1.073935e-04 
1.059254e+02 -1.078892e-04 
1.061696e+02 -1.083872e-04 
1.064143e+02 -1.088875e-04 
1.066596e+02 -1.093901e-04 
1.069055e+02 -1.098950e-04 
1.071519e+02 -1.104022e-04 
1.073989e+02 -1.109118e-04 
1.076465e+02 -1.114238e-04 
1.078947e+02 -1.119381e-04 
1.081434e+02 -1.124547e-04 
1.083927e+02 -1.129738e-04 
1.086426e+02 -1.134953e-04 
1.088930e+02 -1.140191e-04 
1.091440e+02 -1.145454e-04 
1.093956e+02 -1.150741e-04 
1.096478e+02 -1.156053e-04 
1.099006e+02 -1.161389e-04 
1.101539e+02 -1.166750e-04 
1.104079e+02 -1.172135e-04 
1.106624e+02 -1.177545e-04 
1.109175e+02 -1.182981e-04 
1.111732e+02 -1.188441e-04 
1.114295e+02 -1.193927e-04 
1.116863e+02 -1.199437e-04 
1.119438e+02 -1.204974e-04 
1.122018e+02 -1.210536e-04 
1.124605e+02 -1.216123e-04 
1.127197e+02 -1.221736e-04 
1.129796e+02 -1.227376e-04 
1.132400e+02 -1.233041e-04 
1.135011e+02 -1.238732e-04 
1.137627e+02 -1.244450e-04 
1.140250e+02 -1.250194e-04 
1.142878e+02 -1.255965e-04 
1.145513e+02 -1.261762e-04 
1.148154e+02 -1.267586e-04 
1.150800e+02 -1.273437e-04 
1.153453e+02 -1.279315e-04 
1.156112e+02 -1.285220e-04 
1.158777e+02 -1.291152e-04 
1.161449e+02 -1.297112e-04 
1.164126e+02 -1.303099e-04 
1.166810e+02 -1.309114e-04 
1.169499e+02 -1.315156e-04 
1.172195e+02 -1.321227e-04 
1.174898e+02 -1.327325e-04 
1.177606e+02 -1.333452e-04 
1.180321e+02 -1.339606e-04 
1.183042e+02 -1.345790e-04 
1.185769e+02 -1.352002e-04 
1.188502e+02 -1.358242e-04 
1.191242e+02 -1.364511e-04 
1.193988e+02 -1.370810e-04 
1.196741e+02 -1.377137e-04 
1.199499e+02 -1.383494e-04 
1.202264e+02 -1.389879e-04 
1.205036e+02 -1.396295e-04 
1.207814e+02 -1.402740e-04 
1.210598e+02 -1.409214e-04 
1.213389e+02 -1.415719e-04 
1.216186e+02 -1.422254e-04 
1.218990e+02 -1.428818e-04 
1.221800e+02 -1.435413e-04 
1.224616e+02 -1.442039e-04 
1.227439e+02 -1.448695e-04 
1.230269e+02 -1.455382e-04 
1.233105e+02 -1.462100e-04 
1.235947e+02 -1.468848e-04 
1.238797e+02 -1.475628e-04 
1.241652e+02 -1.482439e-04 
1.244515e+02 -1.489282e-04 
1.247384e+02 -1.496156e-04 
1.250259e+02 -1.503062e-04 
1.253141e+02 -1.510000e-04 
1.256030e+02 -1.516969e-04 
1.258925e+02 -1.523971e-04 
1.261828e+02 -1.531006e-04 
1.264736e+02 -1.538072e-04 
1.267652e+02 -1.545172e-04 
1.270574e+02 -1.552304e-04 
1.273503e+02 -1.559469e-04 
1.276439e+02 -1.566667e-04 
1.279381e+02 -1.573898e-04 
1.282331e+02 -1.581163e-04 
1.285287e+02 -1.588461e-04 
1.288250e+02 -1.595793e-04 
1.291219e+02 -1.603159e-04 
1.294196e+02 -1.610559e-04 
1.297179e+02 -1.617993e-04 
1.300170e+02 -1.625461e-04 
1.303167e+02 -1.632964e-04 
1.306171e+02 -1.640501e-04 
1.309182e+02 -1.648073e-04 
1.312200e+02 -1.655680e-04 
1.315225e+02 -1.663322e-04 
1.318257e+02 -1.671000e-04 
1.321296e+02 -1.678713e-04 
1.324342e+02 -1.686461e-04 
1.327394e+02 -1.694246e-04 
1.330454e+02 -1.702066e-04 
1.333521e+02 -1.709922e-04 
1.336596e+02 -1.717815e-04 
1.339677e+02 -1.725744e-04 
1.342765e+02 -1.733709e-04 
1.345860e+02 -1.741712e-04 
1.348963e+02 -1.749751e-04 
1.352073e+02 -1.757827e-04 
1.355189e+02 -1.765941e-04 
1.358313e+02 -1.774092e-04 
1.361445e+02 -1.782281e-04 
1.364583e+02 -1.790507e-04 
1.367729e+02 -1.798772e-04 
1.370882e+02 -1.807075e-04 
1.374042e+02 -1.815416e-04 
1.377209e+02 -1.823795e-04 
1.380384e+02 -1.832213e-04 
1.383566e+02 -1.840670e-04 
1.386756e+02 -1.849166e-04 
1.389953e+02 -1.857702e-04 
1.393157e+02 -1.866276e-04 
1.396368e+02 -1.874890e-04 
1.399587e+02 -1.883544e-04 
1.402814e+02 -1.892238e-04 
1.406048e+02 -1.900973e-04 
1.409289e+02 -1.909747e-04 
1.412538e+02 -1.918562e-04 
1.415794e+02 -1.927417e-04 
1.419058e+02 -1.936314e-04 
1.422329e+02 -1.945251e-04 
1.425608e+02 -1.954230e-04 
1.428894e+02 -1.963250e-04 
1.432188e+02 -1.972312e-04 
1.435489e+02 -1.981416e-04 
1.438799e+02 -1.990562e-04 
1.442115e+02 -1.999749e-04 
1.445440e+02 -2.008980e-04 
1.448772e+02 -2.018253e-04 
1.452112e+02 -2.027568e-04 
1.455459e+02 -2.036927e-04 
1.458814e+02 -2.046329e-04 
1.462177e+02 -2.055774e-04 
1.465548e+02 -2.065263e-04 
1.468926e+02 -2.074796e-04 
1.472313e+02 -2.084373e-04 
1.475707e+02 -2.093994e-04 
1.479108e+02 -2.103659e-04 
1.482518e+02 -2.113369e-04 
1.485936e+02 -2.123124e-04 
1.489361e+02 -2.132923e-04 
1.492794e+02 -2.142768e-04 
1.496236e+02 -2.152659e-04 
1.499685e+02 -2.162595e-04 
1.503142e+02 -2.172577e-04 
1.506607e+02 -2.182605e-04 
1.510080e+02 -2.192679e-04 
1.513561e+02 -2.202800e-04 
1.517050e+02 -2.212968e-04 
1.520548e+02 -2.223182e-04 
1.524053e+02 -2.233444e-04 
1.527566e+02 -2.243753e-04 
1.531087e+02 -2.254109e-04 
1.534617e+02 -2.264514e-04 
1.538155e+02 -2.274966e-04 
1.541700e+02 -2.285467e-04 
1.545254e+02 -2.296016e-04 
1.548817e+02 -2.306613e-04 
1.552387e+02 -2.317260e-04 
1.555966e+02 -2.327956e-04 
1.559553e+02 -2.338701e-04 
1.563148e+02 -2.349496e-04 
1.566751e+02 -2.360341e-04 
1.570363e+02 -2.371235e-04 
1.573983e+02 -2.382180e-04 
1.577611e+02 -2.393176e-04 
1.581248e+02 -2.404222e-04 
1.584893e+02 -2.415319e-04 
1.588547e+02 -2.426468e-04 
1.592209e+02 -2.437668e-04 
1.595879e+02 -2.448919e-04 
1.599558e+02 -2.460223e-04 
1.603245e+02 -2.471579e-04 
1.606941e+02 -2.482987e-04 
1.610646e+02 -2.494447e-04 
1.614359e+02 -2.505961e-04 
1.618080e+02 -2.517528e-04 
1.621810e+02 -2.529148e-04 
1.625549e+02 -2.540822e-04 
1.629296e+02 -2.552550e-04 
1.633052e+02 -2.564332e-04 
1.636817e+02 -2.576168e-04 
1.640590e+02 -2.588059e-04 
1.644372e+02 -2.600004e-04 
1.648162e+02 -2.612005e-04 
1.651962e+02 -2.624062e-04 
1.655770e+02 -2.636174e-04 
1.659587e+02 -2.648341e-04 
1.663413e+02 -2.660565e-04 
1.667247e+02 -2.672846e-04 
1.671091e+02 -2.685183e-04 
1.674943e+02 -2.697577e-04 
1.678804e+02 -2.710028e-04 
1.682674e+02 -2.722537e-04 
1.686553e+02 -2.735103e-04 
1.690441e+02 -2.747728e-04 
1.694338e+02 -2.760411e-04 
1.698244e+02 -2.773152e-04 
1.702159e+02 -2.785952e-04 
1.706082e+02 -2.798811e-04 
1.710015e+02 -2.811730e-04 
1.713957e+02 -2.824708e-04 
1.717908e+02 -2.837746e-04 
1.721869e+02 -2.850844e-04 
1.725838e+02 -2.864003e-04 
1.729816e+02 -2.877222e-04 
1.733804e+02 -2.890503e-04 
1.737801e+02 -2.903844e-04 
1.741807e+02 -2.917248e-04 
1.745822e+02 -2.930713e-04 
1.749847e+02 -2.944240e-04 
1.753881e+02 -2.957830e-04 
1.757924e+02 -2.971482e-04 
1.761976e+02 -2.985198e-04 
1.766038e+02 -2.998977e-04 
1.770109e+02 -3.012819e-04 
1.774189e+02 -3.026725e-04 
1.778279e+02 -3.040696e-04 
1.782379e+02 -3.054731e-04 
1.786488e+02 -3.068831e-04 
1.790606e+02 -3.082995e-04 
1.794734e+02 -3.097226e-04 
1.798871e+02 -3.111522e-04 
1.803018e+02 -3.125883e-04 
1.807174e+02 -3.140312e-04 
1.811340e+02 -3.154806e-04 
1.815516e+02 -3.169368e-04 
1.819701e+02 -3.183997e-04 
1.823896e+02 -3.198693e-04 
1.828100e+02 -3.213458e-04 
1.832314e+02 -3.228290e-04 
1.836538e+02 -3.243191e-04 
1.840772e+02 -3.258160e-04 
1.845015e+02 -3.273199e-04 
1.849269e+02 -3.288307e-04 
1.853532e+02 -3.303485e-04 
1.857804e+02 -3.318733e-04 
1.862087e+02 -3.334051e-04 
1.866380e+02 -3.349440e-04 
1.870682e+02 -3.364900e-04 
1.874995e+02 -3.380432e-04 
1.879317e+02 -3.396035e-04 
1.883649e+02 -3.411710e-04 
1.887991e+02 -3.427457e-04 
1.892344e+02 -3.443277e-04 
1.896706e+02 -3.459170e-04 
1.901078e+02 -3.475137e-04 
1.905461e+02 -3.491177e-04 
1.909853e+02 -3.507291e-04 
1.914256e+02 -3.523480e-04 
1.918669e+02 -3.539743e-04 
1.923092e+02 -3.556082e-04 
1.927525e+02 -3.572495e-04 
1.931968e+02 -3.588985e-04 
1.936422e+02 -3.605550e-04 
1.940886e+02 -3.622193e-04 
1.945360e+02 -3.638912e-04 
1.949845e+02 -3.655708e-04 
1.954339e+02 -3.672581e-04 
1.958845e+02 -3.689533e-04 
1.963360e+02 -3.706563e-04 
1.967886e+02 -3.723671e-04 
1.972423e+02 -3.740858e-04 
1.976970e+02 -3.758125e-04 
1.981527e+02 -3.775471e-04 
1.986095e+02 -3.792898e-04 
1.990673e+02 -3.810404e-04 
1.995262e+02 -3.827992e-04 
1.999862e+02 -3.845661e-04 
2.004472e+02 -3.863411e-04 
2.009093e+02 -3.881244e-04 
2.013724e+02 -3.899158e-04 
2.018366e+02 -3.917155e-04 
2.023019e+02 -3.935236e-04 
2.027683e+02 -3.953400e-04 
2.032357e+02 -3.971647e-04 
2.037042e+02 -3.989979e-04 
2.041738e+02 -4.008396e-04 
2.046445e+02 -4.026897e-04 
2.051162e+02 -4.045484e-04 
2.055891e+02 -4.064157e-04 
2.060630e+02 -4.082915e-04 
2.065380e+02 -4.101761e-04 
2.070141e+02 -4.120693e-04 
2.074914e+02 -4.139713e-04 
2.079697e+02 -4.158821e-04 
2.084491e+02 -4.178017e-04 
2.089296e+02 -4.197301e-04 
2.094112e+02 -4.216674e-04 
2.098940e+02 -4.236137e-04 
2.103778e+02 -4.255690e-04 
2.108628e+02 -4.275333e-04 
2.113489e+02 -4.295066e-04 
2.118361e+02 -4.314891e-04 
2.123244e+02 -4.334807e-04 
2.128139e+02 -4.354815e-04 
2.133045e+02 -4.374915e-04 
2.137962e+02 -4.395109e-04 
2.142891e+02 -4.415395e-04 
2.147830e+02 -4.435775e-04 
2.152782e+02 -4.456249e-04 
2.157744e+02 -4.476818e-04 
2.162719e+02 -4.497481e-04 
2.167704e+02 -4.518240e-04 
2.172701e+02 -4.539095e-04 
2.177710e+02 -4.560046e-04 
2.182730e+02 -4.581093e-04 
2.187762e+02 -4.602238e-04 
2.192805e+02 -4.623481e-04 
2.197860e+02 -4.644821e-04 
2.202926e+02 -4.666260e-04 
2.208005e+02 -4.687798e-04 
2.213095e+02 -4.709435e-04 
2.218196e+02 -4.731172e-04 
2.223310e+02 -4.753010e-04 
2.228435e+02 -4.774948e-04 
2.233572e+02 -4.796988e-04 
2.238721e+02 -4.819129e-04 
2.243882e+02 -4.841372e-04 
2.249055e+02 -4.863719e-04 
2.254239e+02 -4.886168e-04 
2.259436e+02 -4.908721e-04 
2.264644e+02 -4.931378e-04 
2.269865e+02 -4.954139e-04 
2.275097e+02 -4.977006e-04 
2.280342e+02 -4.999978e-04 
2.285599e+02 -5.023056e-04 
2.290868e+02 -5.046241e-04 
2.296149e+02 -5.069533e-04 
2.301442e+02 -5.092932e-04 
2.306747e+02 -5.116439e-04 
2.312065e+02 -5.140055e-04 
2.317395e+02 -5.163780e-04 
2.322737e+02 -5.187614e-04 
2.328091e+02 -5.211558e-04 
2.333458e+02 -5.235613e-04 
2.338837e+02 -5.259778e-04 
2.344229e+02 -5.284056e-04 
2.349633e+02 -5.308445e-04 
2.355049e+02 -5.332947e-04 
2.360478e+02 -5.357562e-04 
2.365920e+02 -5.382291e-04 
2.371374e+02 -5.407133e-04 
2.376840e+02 -5.432091e-04 
2.382319e+02 -5.457163e-04 
2.387811e+02 -5.482352e-04 
2.393316e+02 -5.507656e-04 
2.398833e+02 -5.533078e-04 
2.404363e+02 -5.558616e-04 
2.409905e+02 -5.584273e-04 
2.415461e+02 -5.610048e-04 
2.421029e+02 -5.635942e-04 
2.426610e+02 -5.661955e-04 
2.432204e+02 -5.688089e-04 
2.437811e+02 -5.714343e-04 
2.443431e+02 -5.740718e-04 
2.449063e+02 -5.767216e-04 
2.454709e+02 -5.793835e-04 
2.460368e+02 -5.820577e-04 
2.466039e+02 -5.847443e-04 
2.471724e+02 -5.874432e-04 
2.477422e+02 -5.901547e-04 
2.483133e+02 -5.928786e-04 
2.488857e+02 -5.956151e-04 
2.494595e+02 -5.983643e-04 
2.500345e+02 -6.011261e-04 
2.506109e+02 -6.039007e-04 
2.511886e+02 -6.066880e-04 
2.517677e+02 -6.094883e-04 
2.523481e+02 -6.123015e-04 
2.529298e+02 -6.151276e-04 
2.535129e+02 -6.179668e-04 
2.540973e+02 -6.208191e-04 
2.546830e+02 -6.236846e-04 
2.552701e+02 -6.265633e-04 
2.558586e+02 -6.294553e-04 
2.564484e+02 -6.323606e-04 
2.570396e+02 -6.352793e-04 
2.576321e+02 -6.382115e-04 
2.582260e+02 -6.411573e-04 
2.588213e+02 -6.441166e-04 
2.594179e+02 -6.470896e-04 
2.600160e+02 -6.500763e-04 
2.606154e+02 -6.530768e-04 
2.612161e+02 -6.560912e-04 
2.618183e+02 -6.591194e-04 
2.624219e+02 -6.621617e-04 
2.630268e+02 -6.652180e-04 
2.636331e+02 -6.682884e-04 
2.642409e+02 -6.713729e-04 
2.648500e+02 -6.744717e-04 
2.654606e+02 -6.775848e-04 
2.660725e+02 -6.807123e-04 
2.666859e+02 -6.838542e-04 
2.673006e+02 -6.870106e-04 
2.679168e+02 -6.901816e-04 
2.685344e+02 -6.933672e-04 
2.691535e+02 -6.965675e-04 
2.697739e+02 -6.997825e-04 
2.703958e+02 -7.030125e-04 
2.710192e+02 -7.062573e-04 
2.716439e+02 -7.095171e-04 
2.722701e+02 -7.127919e-04 
2.728978e+02 -7.160819e-04 
2.735269e+02 -7.193871e-04 
2.741574e+02 -7.227075e-04 
2.747894e+02 -7.260432e-04 
2.754229e+02 -7.293943e-04 
2.760578e+02 -7.327609e-04 
2.766942e+02 -7.361430e-04 
2.773320e+02 -7.395408e-04 
2.779713e+02 -7.429542e-04 
2.786121e+02 -7.463833e-04 
2.792544e+02 -7.498283e-04 
2.798981e+02 -7.532892e-04 
2.805434e+02 -7.567661e-04 
2.811901e+02 -7.602590e-04 
2.818383e+02 -7.637681e-04 
2.824880e+02 -7.672933e-04 
2.831392e+02 -7.708348e-04 
2.837919e+02 -7.743927e-04 
2.844461e+02 -7.779670e-04 
2.851018e+02 -7.815577e-04 
2.857591e+02 -7.851651e-04 
2.864178e+02 -7.887891e-04 
2.870781e+02 -7.924298e-04 
2.877398e+02 -7.960873e-04 
2.884032e+02 -7.997617e-04 
2.890680e+02 -8.034531e-04 
2.897344e+02 -8.071615e-04 
2.904023e+02 -8.108870e-04 
2.910717e+02 -8.146297e-04 
2.917427e+02 -8.183897e-04 
2.924152e+02 -8.221670e-04 
2.930893e+02 -8.259618e-04 
2.937650e+02 -8.297741e-04 
2.944422e+02 -8.336039e-04 
2.951209e+02 -8.374515e-04 
2.958012e+02 -8.413168e-04 
2.964831e+02 -8.452000e-04 
2.971666e+02 -8.491010e-04 
2.978516e+02 -8.530201e-04 
2.985383e+02 -8.569573e-04 
2.992265e+02 -8.609126e-04 
2.999163e+02 -8.648862e-04 
3.006076e+02 -8.688782e-04 
3.013006e+02 -8.728885e-04 
3.019952e+02 -8.769174e-04 
3.026913e+02 -8.809648e-04 
3.033891e+02 -8.850310e-04 
3.040885e+02 -8.891159e-04 
3.047895e+02 -8.932197e-04 
3.054921e+02 -8.973424e-04 
3.061963e+02 -9.014841e-04 
3.069022e+02 -9.056449e-04 
3.076097e+02 -9.098250e-04 
3.083188e+02 -9.140243e-04 
3.090295e+02 -9.182430e-04 
3.097419e+02 -9.224812e-04 
3.104560e+02 -9.267390e-04 
3.111716e+02 -9.310164e-04 
3.118890e+02 -9.353135e-04 
3.126079e+02 -9.396305e-04 
3.133286e+02 -9.439674e-04 
3.140509e+02 -9.483243e-04 
3.147748e+02 -9.527014e-04 
3.155005e+02 -9.570986e-04 
3.162278e+02 -9.615161e-04 
3.169567e+02 -9.659540e-04 
3.176874e+02 -9.704124e-04 
3.184198e+02 -9.748914e-04 
3.191538e+02 -9.793910e-04 
3.198895e+02 -9.839114e-04 
3.206269e+02 -9.884527e-04 
3.213661e+02 -9.930149e-04 
3.221069e+02 -9.975982e-04 
3.228494e+02 -1.002203e-03 
3.235937e+02 -1.006828e-03 
3.243396e+02 -1.011475e-03 
3.250873e+02 -1.016144e-03 
3.258367e+02 -1.020834e-03 
3.265878e+02 -1.025546e-03 
3.273407e+02 -1.030279e-03 
3.280953e+02 -1.035034e-03 
3.288516e+02 -1.039811e-03 
3.296097e+02 -1.044611e-03 
3.303695e+02 -1.049432e-03 
3.311311e+02 -1.054276e-03 
3.318945e+02 -1.059142e-03 
3.326596e+02 -1.064030e-03 
3.334264e+02 -1.068941e-03 
3.341950e+02 -1.073875e-03 
3.349654e+02 -1.078832e-03 
3.357376e+02 -1.083811e-03 
3.365116e+02 -1.088813e-03 
3.372873e+02 -1.093839e-03 
3.380648e+02 -1.098887e-03 
3.388442e+02 -1.103959e-03 
3.396253e+02 -1.109054e-03 
3.404082e+02 -1.114173e-03 
3.411929e+02 -1.119316e-03 
3.419794e+02 -1.124482e-03 
3.427678e+02 -1.129672e-03 
3.435579e+02 -1.134886e-03 
3.443499e+02 -1.140124e-03 
3.451437e+02 -1.145386e-03 
3.459394e+02 -1.150673e-03 
3.467369e+02 -1.155984e-03 
3.475362e+02 -1.161319e-03 
3.483373e+02 -1.166679e-03 
3.491403e+02 -1.172064e-03 
3.499452e+02 -1.177474e-03 
3.507519e+02 -1.182908e-03 
3.515604e+02 -1.188368e-03 
3.523709e+02 -1.193853e-03 
3.531832e+02 -1.199363e-03 
3.539973e+02 -1.204899e-03 
3.548134e+02 -1.210460e-03 
3.556313e+02 -1.216047e-03 
3.564511e+02 -1.221659e-03 
3.572728e+02 -1.227298e-03 
3.580964e+02 -1.232962e-03 
3.589219e+02 -1.238653e-03 
3.597493e+02 -1.244370e-03 
3.605786e+02 -1.250113e-03 
3.614099e+02 -1.255883e-03 
3.622430e+02 -1.261680e-03 
3.630781e+02 -1.267503e-03 
3.639150e+02 -1.273353e-03 
3.647539e+02 -1.279230e-03 
3.655948e+02 -1.285134e-03 
3.664376e+02 -1.291066e-03 
3.672823e+02 -1.297025e-03 
3.681290e+02 -1.303011e-03 
3.689776e+02 -1.309025e-03 
3.698282e+02 -1.315067e-03 
3.706807e+02 -1.321136e-03 
3.715352e+02 -1.327234e-03 
3.723917e+02 -1.333360e-03 
3.732502e+02 -1.339514e-03 
3.741106e+02 -1.345696e-03 
3.749730e+02 -1.351907e-03 
3.758374e+02 -1.358147e-03 
3.767038e+02 -1.364415e-03 
3.775722e+02 -1.370712e-03 
3.784426e+02 -1.377039e-03 
3.793150e+02 -1.383394e-03 
3.801894e+02 -1.389779e-03 
3.810658e+02 -1.396194e-03 
3.819443e+02 -1.402638e-03 
3.828247e+02 -1.409112e-03 
3.837072e+02 -1.415615e-03 
3.845918e+02 -1.422149e-03 
3.854784e+02 -1.428713e-03 
3.863670e+02 -1.435307e-03 
3.872576e+02 -1.441931e-03 
3.881504e+02 -1.448586e-03 
3.890451e+02 -1.455272e-03 
3.899420e+02 -1.461989e-03 
3.908409e+02 -1.468737e-03 
3.917419e+02 -1.475515e-03 
3.926449e+02 -1.482325e-03 
3.935501e+02 -1.489167e-03 
3.944573e+02 -1.496040e-03 
3.953666e+02 -1.502945e-03 
3.962780e+02 -1.509882e-03 
3.971915e+02 -1.516850e-03 
3.981072e+02 -1.523851e-03 
3.990249e+02 -1.530884e-03 
3.999447e+02 -1.537950e-03 
4.008667e+02 -1.545048e-03 
4.017908e+02 -1.552179e-03 
4.027170e+02 -1.559343e-03 
4.036454e+02 -1.566540e-03 
4.045759e+02 -1.573770e-03 
4.055085e+02 -1.581034e-03 
4.064433e+02 -1.588331e-03 
4.073803e+02 -1.595661e-03 
4.083194e+02 -1.603026e-03 
4.092607e+02 -1.610424e-03 
4.102041e+02 -1.617857e-03 
4.111497e+02 -1.625324e-03 
4.120975e+02 -1.632826e-03 
4.130475e+02 -1.640362e-03 
4.139997e+02 -1.647932e-03 
4.149540e+02 -1.655538e-03 
4.159106e+02 -1.663179e-03 
4.168694e+02 -1.670855e-03 
4.178304e+02 -1.678567e-03 
4.187936e+02 -1.686314e-03 
4.197590e+02 -1.694097e-03 
4.207266e+02 -1.701916e-03 
4.216965e+02 -1.709771e-03 
4.226686e+02 -1.717662e-03 
4.236430e+02 -1.725589e-03 
4.246196e+02 -1.733554e-03 
4.255984e+02 -1.741555e-03 
4.265795e+02 -1.749592e-03 
4.275629e+02 -1.757667e-03 
4.285485e+02 -1.765780e-03 
4.295364e+02 -1.773929e-03 
4.305266e+02 -1.782116e-03 
4.315191e+02 -1.790341e-03 
4.325138e+02 -1.798604e-03 
4.335109e+02 -1.806906e-03 
4.345102e+02 -1.815245e-03 
4.355119e+02 -1.823623e-03 
4.365158e+02 -1.832039e-03 
4.375221e+02 -1.840495e-03 
4.385307e+02 -1.848989e-03 
4.395416e+02 -1.857523e-03 
4.405549e+02 -1.866096e-03 
4.415704e+02 -1.874709e-03 
4.425884e+02 -1.883361e-03 
4.436086e+02 -1.892053e-03 
4.446313e+02 -1.900785e-03 
4.456562e+02 -1.909558e-03 
4.466836e+02 -1.918371e-03 
4.477133e+02 -1.927225e-03 
4.487454e+02 -1.936120e-03 
4.497799e+02 -1.945055e-03 
4.508167e+02 -1.954032e-03 
4.518559e+02 -1.963051e-03 
4.528976e+02 -1.972111e-03 
4.539416e+02 -1.981213e-03 
4.549881e+02 -1.990356e-03 
4.560369e+02 -1.999542e-03 
4.570882e+02 -2.008771e-03 
4.581419e+02 -2.018042e-03 
4.591980e+02 -2.027356e-03 
4.602566e+02 -2.036712e-03 
4.613176e+02 -2.046112e-03 
4.623810e+02 -2.055556e-03 
4.634469e+02 -2.065042e-03 
4.645153e+02 -2.074573e-03 
4.655861e+02 -2.084148e-03 
4.666594e+02 -2.093767e-03 
4.677351e+02 -2.103430e-03 
4.688134e+02 -2.113138e-03 
4.698941e+02 -2.122890e-03 
4.709773e+02 -2.132688e-03 
4.720630e+02 -2.142531e-03 
4.731513e+02 -2.152419e-03 
4.742420e+02 -2.162353e-03 
4.753352e+02 -2.172333e-03 
4.764310e+02 -2.182358e-03 
4.775293e+02 -2.192430e-03 
4.786301e+02 -2.202549e-03 
4.797334e+02 -2.212714e-03 
4.808393e+02 -2.222926e-03 
4.819478e+02 -2.233185e-03 
4.830588e+02 -2.243492e-03 
4.841724e+02 -2.253846e-03 
4.852885e+02 -2.264248e-03 
4.864072e+02 -2.274698e-03 
4.875285e+02 -2.285196e-03 
4.886524e+02 -2.295743e-03 
4.897788e+02 -2.306338e-03 
4.909079e+02 -2.316982e-03 
4.920395e+02 -2.327675e-03 
4.931738e+02 -2.338418e-03 
4.943107e+02 -2.349210e-03 
4.954502e+02 -2.360052e-03 
4.965923e+02 -2.370944e-03 
4.977371e+02 -2.381887e-03 
4.988845e+02 -2.392879e-03 
5.000345e+02 -2.403923e-03 
5.011872e+02 -2.415017e-03 
5.023426e+02 -2.426163e-03 
5.035006e+02 -2.437360e-03 
5.046613e+02 -2.448609e-03 
5.058247e+02 -2.459909e-03 
5.069907e+02 -2.471262e-03 
5.081594e+02 -2.482668e-03 
5.093309e+02 -2.494125e-03 
5.105050e+02 -2.505636e-03 
5.116818e+02 -2.517200e-03 
5.128614e+02 -2.528817e-03 
5.140437e+02 -2.540488e-03 
5.152286e+02 -2.552212e-03 
5.164164e+02 -2.563991e-03 
5.176068e+02 -2.575824e-03 
5.188000e+02 -2.587712e-03 
5.199960e+02 -2.599655e-03 
5.211947e+02 -2.611652e-03 
5.223962e+02 -2.623705e-03 
5.236004e+02 -2.635814e-03 
5.248075e+02 -2.647978e-03 
5.260173e+02 -2.660199e-03 
5.272299e+02 -2.672476e-03 
5.284453e+02 -2.684810e-03 
5.296634e+02 -2.697200e-03 
5.308844e+02 -2.709648e-03 
5.321083e+02 -2.722153e-03 
5.333349e+02 -2.734716e-03 
5.345644e+02 -2.747337e-03 
5.357967e+02 -2.760016e-03 
5.370318e+02 -2.772754e-03 
5.382698e+02 -2.785550e-03 
5.395106e+02 -2.798406e-03 
5.407543e+02 -2.811320e-03 
5.420009e+02 -2.824295e-03 
5.432503e+02 -2.837329e-03 
5.445027e+02 -2.850423e-03 
5.457579e+02 -2.863578e-03 
5.470160e+02 -2.876794e-03 
5.482770e+02 -2.890070e-03 
5.495409e+02 -2.903408e-03 
5.508077e+02 -2.916807e-03 
5.520774e+02 -2.930268e-03 
5.533501e+02 -2.943791e-03 
5.546257e+02 -2.957377e-03 
5.559043e+02 -2.971025e-03 
5.571857e+02 -2.984737e-03 
5.584702e+02 -2.998511e-03 
5.597576e+02 -3.012349e-03 
5.610480e+02 -3.026251e-03 
5.623413e+02 -3.040217e-03 
5.636377e+02 -3.054248e-03 
5.649370e+02 -3.068343e-03 
5.662393e+02 -3.082503e-03 
5.675446e+02 -3.096729e-03 
5.688529e+02 -3.111020e-03 
5.701643e+02 -3.125378e-03 
5.714786e+02 -3.139801e-03 
5.727960e+02 -3.154291e-03 
5.741165e+02 -3.168848e-03 
5.754399e+02 -3.183472e-03 
5.767665e+02 -3.198164e-03 
5.780960e+02 -3.212923e-03 
5.794287e+02 -3.227750e-03 
5.807644e+02 -3.242646e-03 
5.821032e+02 -3.257611e-03 
5.834451e+02 -3.272644e-03 
5.847901e+02 -3.287747e-03 
5.861382e+02 -3.302920e-03 
5.874894e+02 -3.318163e-03 
5.888437e+02 -3.333476e-03 
5.902011e+02 -3.348859e-03 
5.915616e+02 -3.364314e-03 
5.929253e+02 -3.379840e-03 
5.942922e+02 -3.395438e-03 
5.956621e+02 -3.411107e-03 
5.970353e+02 -3.426849e-03 
5.984116e+02 -3.442663e-03 
5.997911e+02 -3.458551e-03 
6.011737e+02 -3.474512e-03 
6.025596e+02 -3.490546e-03 
6.039486e+02 -3.506654e-03 
6.053409e+02 -3.522837e-03 
6.067363e+02 -3.539095e-03 
6.081350e+02 -3.555427e-03 
6.095369e+02 -3.571835e-03 
6.109420e+02 -3.588318e-03 
6.123504e+02 -3.604878e-03 
6.137620e+02 -3.621513e-03 
6.151769e+02 -3.638226e-03 
6.165950e+02 -3.655016e-03 
6.180164e+02 -3.671883e-03 
6.194411e+02 -3.688828e-03 
6.208690e+02 -3.705851e-03 
6.223003e+02 -3.722953e-03 
6.237348e+02 -3.740134e-03 
6.251727e+02 -3.757394e-03 
6.266139e+02 -3.774733e-03 
6.280584e+02 -3.792153e-03 
6.295062e+02 -3.809653e-03 
6.309573e+02 -3.827234e-03 
6.324119e+02 -3.844895e-03 
6.338697e+02 -3.862639e-03 
6.353309e+02 -3.880464e-03 
6.367955e+02 -3.898371e-03 
6.382635e+02 -3.916361e-03 
6.397348e+02 -3.934434e-03 
6.412096e+02 -3.952591e-03 
6.426877e+02 -3.970831e-03 
6.441693e+02 -3.989155e-03 
6.456542e+02 -4.007564e-03 
6.471426e+02 -4.026058e-03 
6.486344e+02 -4.044637e-03 
6.501297e+02 -4.063302e-03 
6.516284e+02 -4.082053e-03 
6.531306e+02 -4.100890e-03 
6.546362e+02 -4.119814e-03 
6.561453e+02 -4.138826e-03 
6.576578e+02 -4.157925e-03 
6.591739e+02 -4.177113e-03 
6.606934e+02 -4.196389e-03 
6.622165e+02 -4.215754e-03 
6.637431e+02 -4.235208e-03 
6.652732e+02 -4.254752e-03 
6.668068e+02 -4.274386e-03 
6.683439e+02 -4.294111e-03 
6.698846e+02 -4.313927e-03 
6.714289e+02 -4.333834e-03 
6.729767e+02 -4.353833e-03 
6.745280e+02 -4.373925e-03 
6.760830e+02 -4.394109e-03 
6.776415e+02 -4.414386e-03 
6.792036e+02 -4.434757e-03 
6.807694e+02 -4.455221e-03 
6.823387e+02 -4.475780e-03 
6.839116e+02 -4.496434e-03 
6.854882e+02 -4.517183e-03 
6.870684e+02 -4.538028e-03 
6.886523e+02 -4.558969e-03 
6.902398e+02 -4.580007e-03 
6.918310e+02 -4.601142e-03 
6.934258e+02 -4.622374e-03 
6.950243e+02 -4.643704e-03 
6.966265e+02 -4.665133e-03 
6.982324e+02 -4.686660e-03 
6.998420e+02 -4.708287e-03 
7.014553e+02 -4.730014e-03 
7.030723e+02 -4.751841e-03 
7.046931e+02 -4.773768e-03 
7.063176e+02 -4.795797e-03 
7.079458e+02 -4.817927e-03 
7.095778e+02 -4.840159e-03 
7.112135e+02 -4.862494e-03 
7.128530e+02 -4.884932e-03 
7.144963e+02 -4.907474e-03 
7.161434e+02 -4.930119e-03 
7.177943e+02 -4.952869e-03 
7.194490e+02 -4.975724e-03 
7.211075e+02 -4.998684e-03 
7.227698e+02 -5.021750e-03 
7.244360e+02 -5.044923e-03 
7.261060e+02 -5.068202e-03 
7.277798e+02 -5.091589e-03 
7.294575e+02 -5.115084e-03 
7.311391e+02 -5.138687e-03 
7.328245e+02 -5.162399e-03 
7.345139e+02 -5.186221e-03 
7.362071e+02 -5.210152e-03 
7.379042e+02 -5.234194e-03 
7.396053e+02 -5.258347e-03 
7.413102e+02 -5.282611e-03 
7.430191e+02 -5.306987e-03 
7.447320e+02 -5.331475e-03 
7.464488e+02 -5.356076e-03 
7.481695e+02 -5.380791e-03 
7.498942e+02 -5.405620e-03 
7.516229e+02 -5.430564e-03 
7.533556e+02 -5.455622e-03 
7.550922e+02 -5.480796e-03 
7.568329e+02 -5.506086e-03 
7.585776e+02 -5.531493e-03 
7.603263e+02 -5.557017e-03 
7.620790e+02 -5.582659e-03 
7.638358e+02 -5.608419e-03 
7.655966e+02 -5.634298e-03 
7.673615e+02 -5.660296e-03 
7.691304e+02 -5.686414e-03 
7.709035e+02 -5.712653e-03 
7.726806e+02 -5.739013e-03 
7.744618e+02 -5.765494e-03 
7.762471e+02 -5.792098e-03 
7.780366e+02 -5.818824e-03 
7.798301e+02 -5.845673e-03 
7.816278e+02 -5.872646e-03 
7.834296e+02 -5.899744e-03 
7.852356e+02 -5.926967e-03 
7.870458e+02 -5.954315e-03 
7.888601e+02 -5.981789e-03 
7.906786e+02 -6.009391e-03 
7.925013e+02 -6.037119e-03 
7.943282e+02 -6.064975e-03 
7.961594e+02 -6.092960e-03 
7.979947e+02 -6.121074e-03 
7.998343e+02 -6.149318e-03 
8.016781e+02 -6.177692e-03 
8.035261e+02 -6.206196e-03 
8.053784e+02 -6.234833e-03 
8.072350e+02 -6.263601e-03 
8.090959e+02 -6.292502e-03 
8.109611e+02 -6.321536e-03 
8.128305e+02 -6.350705e-03 
8.147043e+02 -6.380007e-03 
8.165824e+02 -6.409445e-03 
8.184648e+02 -6.439019e-03 
8.203515e+02 -6.468729e-03 
8.222426e+02 -6.498576e-03 
8.241381e+02 -6.528561e-03 
8.260379e+02 -6.558684e-03 
8.279422e+02 -6.588946e-03 
8.298508e+02 -6.619348e-03 
8.317638e+02 -6.649890e-03 
8.336812e+02 -6.680572e-03 
8.356030e+02 -6.711396e-03 
8.375293e+02 -6.742363e-03 
8.394600e+02 -6.773472e-03 
8.413951e+02 -6.804725e-03 
8.433348e+02 -6.836122e-03 
8.452788e+02 -6.867663e-03 
8.472274e+02 -6.899350e-03 
8.491805e+02 -6.931184e-03 
8.511380e+02 -6.963164e-03 
8.531001e+02 -6.995291e-03 
8.550667e+02 -7.027567e-03 
8.570378e+02 -7.059992e-03 
8.590135e+02 -7.092566e-03 
8.609938e+02 -7.125290e-03 
8.629785e+02 -7.158165e-03 
8.649679e+02 -7.191192e-03 
8.669619e+02 -7.224372e-03 
8.689604e+02 -7.257704e-03 
8.709636e+02 -7.291190e-03 
8.729714e+02 -7.324830e-03 
8.749838e+02 -7.358626e-03 
8.770008e+02 -7.392577e-03 
8.790225e+02 -7.426685e-03 
8.810489e+02 -7.460951e-03 
8.830799e+02 -7.495374e-03 
8.851156e+02 -7.529956e-03 
8.871560e+02 -7.564698e-03 
8.892011e+02 -7.599599e-03 
8.912509e+02 -7.634662e-03 
8.933055e+02 -7.669887e-03 
8.953648e+02 -7.705273e-03 
8.974288e+02 -7.740824e-03 
8.994976e+02 -7.776538e-03 
9.015711e+02 -7.812416e-03 
9.036495e+02 -7.848461e-03 
9.057326e+02 -7.884671e-03 
9.078205e+02 -7.921048e-03 
9.099133e+02 -7.957594e-03 
9.120108e+02 -7.994307e-03 
9.141132e+02 -8.031190e-03 
9.162205e+02 -8.068243e-03 
9.183326e+02 -8.105467e-03 
9.204496e+02 -8.142863e-03 
9.225714e+02 -8.180431e-03 
9.246982e+02 -8.218172e-03 
9.268298e+02 -8.256088e-03 
9.289664e+02 -8.294178e-03 
9.311079e+02 -8.332444e-03 
9.332543e+02 -8.370886e-03 
9.354057e+02 -8.409505e-03 
9.375620e+02 -8.448303e-03 
9.397233e+02 -8.487280e-03 
9.418896e+02 -8.526436e-03 
9.440609e+02 -8.565773e-03 
9.462372e+02 -8.605291e-03 
9.484185e+02 -8.644992e-03 
9.506048e+02 -8.684875e-03 
9.527962e+02 -8.724943e-03 
9.549926e+02 -8.765195e-03 
9.571941e+02 -8.805633e-03 
9.594006e+02 -8.846257e-03 
9.616123e+02 -8.887068e-03 
9.638290e+02 -8.928068e-03 
9.660509e+02 -8.969257e-03 
9.682779e+02 -9.010636e-03 
9.705100e+02 -9.052205e-03 
9.727472e+02 -9.093967e-03 
9.749896e+02 -9.135920e-03 
9.772372e+02 -9.178068e-03 
9.794900e+02 -9.220409e-03 
9.817479e+02 -9.262946e-03 
9.840111e+02 -9.305679e-03 
9.862795e+02 -9.348609e-03 
9.885531e+02 -9.391737e-03 
9.908319e+02 -9.435064e-03 
9.931160e+02 -9.478590e-03 
9.954054e+02 -9.522317e-03 
9.977001e+02 -9.566246e-03 
1.000000e+03 -9.610378e-03 
1.002305e+03 -9.654712e-03 
1.004616e+03 -9.699252e-03 
1.006932e+03 -9.743996e-03 
1.009253e+03 -9.788947e-03 
1.011579e+03 -9.834105e-03 
1.013911e+03 -9.879472e-03 
1.016249e+03 -9.925047e-03 
1.018591e+03 -9.970833e-03 
1.020939e+03 -1.001683e-02 
1.023293e+03 -1.006304e-02 
1.025652e+03 -1.010946e-02 
1.028016e+03 -1.015610e-02 
1.030386e+03 -1.020295e-02 
1.032761e+03 -1.025001e-02 
1.035142e+03 -1.029730e-02 
1.037528e+03 -1.034480e-02 
1.039920e+03 -1.039252e-02 
1.042317e+03 -1.044046e-02 
1.044720e+03 -1.048862e-02 
1.047129e+03 -1.053701e-02 
1.049542e+03 -1.058561e-02 
1.051962e+03 -1.063445e-02 
1.054387e+03 -1.068350e-02 
1.056818e+03 -1.073278e-02 
1.059254e+03 -1.078229e-02 
1.061696e+03 -1.083203e-02 
1.064143e+03 -1.088200e-02 
1.066596e+03 -1.093220e-02 
1.069055e+03 -1.098263e-02 
1.071519e+03 -1.103329e-02 
1.073989e+03 -1.108418e-02 
1.076465e+03 -1.113531e-02 
1.078947e+03 -1.118668e-02 
1.081434e+03 -1.123828e-02 
1.083927e+03 -1.129012e-02 
1.086426e+03 -1.134220e-02 
1.088930e+03 -1.139452e-02 
1.091440e+03 -1.144708e-02 
1.093956e+03 -1.149988e-02 
1.096478e+03 -1.155292e-02 
1.099006e+03 -1.160621e-02 
1.101539e+03 -1.165975e-02 
1.104079e+03 -1.171353e-02 
1.106624e+03 -1.176756e-02 
1.109175e+03 -1.182184e-02 
1.111732e+03 -1.187637e-02 
1.114295e+03 -1.193115e-02 
1.116863e+03 -1.198619e-02 
1.119438e+03 -1.204148e-02 
1.122018e+03 -1.209702e-02 
1.124605e+03 -1.215282e-02 
1.127197e+03 -1.220887e-02 
1.129796e+03 -1.226519e-02 
1.132400e+03 -1.232176e-02 
1.135011e+03 -1.237859e-02 
1.137627e+03 -1.243569e-02 
1.140250e+03 -1.249305e-02 
1.142878e+03 -1.255067e-02 
1.145513e+03 -1.260856e-02 
1.148154e+03 -1.266672e-02 
1.150800e+03 -1.272514e-02 
1.153453e+03 -1.278383e-02 
1.156112e+03 -1.284280e-02 
1.158777e+03 -1.290203e-02 
1.161449e+03 -1.296154e-02 
1.164126e+03 -1.302133e-02 
1.166810e+03 -1.308138e-02 
1.169499e+03 -1.314172e-02 
1.172195e+03 -1.320233e-02 
1.174898e+03 -1.326323e-02 
1.177606e+03 -1.332440e-02 
1.180321e+03 -1.338585e-02 
1.183042e+03 -1.344759e-02 
1.185769e+03 -1.350962e-02 
1.188502e+03 -1.357192e-02 
1.191242e+03 -1.363452e-02 
1.193988e+03 -1.369741e-02 
1.196741e+03 -1.376058e-02 
1.199499e+03 -1.382405e-02 
1.202264e+03 -1.388780e-02 
1.205036e+03 -1.395185e-02 
1.207814e+03 -1.401620e-02 
1.210598e+03 -1.408085e-02 
1.213389e+03 -1.414579e-02 
1.216186e+03 -1.421103e-02 
1.218990e+03 -1.427657e-02 
1.221800e+03 -1.434241e-02 
1.224616e+03 -1.440856e-02 
1.227439e+03 -1.447501e-02 
1.230269e+03 -1.454177e-02 
1.233105e+03 -1.460883e-02 
1.235947e+03 -1.467621e-02 
1.238797e+03 -1.474389e-02 
1.241652e+03 -1.481189e-02 
1.244515e+03 -1.488020e-02 
1.247384e+03 -1.494882e-02 
1.250259e+03 -1.501777e-02 
1.253141e+03 -1.508702e-02 
1.256030e+03 -1.515660e-02 
1.258925e+03 -1.522650e-02 
1.261828e+03 -1.529672e-02 
1.264736e+03 -1.536726e-02 
1.267652e+03 -1.543813e-02 
1.270574e+03 -1.550933e-02 
1.273503e+03 -1.558085e-02 
1.276439e+03 -1.565271e-02 
1.279381e+03 -1.572489e-02 
1.282331e+03 -1.579741e-02 
1.285287e+03 -1.587026e-02 
1.288250e+03 -1.594345e-02 
1.291219e+03 -1.601697e-02 
1.294196e+03 -1.609083e-02 
1.297179e+03 -1.616503e-02 
1.300170e+03 -1.623958e-02 
1.303167e+03 -1.631447e-02 
1.306171e+03 -1.638970e-02 
1.309182e+03 -1.646528e-02 
1.312200e+03 -1.654121e-02 
1.315225e+03 -1.661749e-02 
1.318257e+03 -1.669412e-02 
1.321296e+03 -1.677110e-02 
1.324342e+03 -1.684843e-02 
1.327394e+03 -1.692613e-02 
1.330454e+03 -1.700418e-02 
1.333521e+03 -1.708259e-02 
1.336596e+03 -1.716136e-02 
1.339677e+03 -1.724050e-02 
1.342765e+03 -1.732000e-02 
1.345860e+03 -1.739986e-02 
1.348963e+03 -1.748009e-02 
1.352073e+03 -1.756070e-02 
1.355189e+03 -1.764167e-02 
1.358313e+03 -1.772302e-02 
1.361445e+03 -1.780474e-02 
1.364583e+03 -1.788684e-02 
1.367729e+03 -1.796932e-02 
1.370882e+03 -1.805217e-02 
1.374042e+03 -1.813541e-02 
1.377209e+03 -1.821903e-02 
1.380384e+03 -1.830304e-02 
1.383566e+03 -1.838743e-02 
1.386756e+03 -1.847221e-02 
1.389953e+03 -1.855739e-02 
1.393157e+03 -1.864295e-02 
1.396368e+03 -1.872891e-02 
1.399587e+03 -1.881527e-02 
1.402814e+03 -1.890202e-02 
1.406048e+03 -1.898917e-02 
1.409289e+03 -1.907673e-02 
1.412538e+03 -1.916468e-02 
1.415794e+03 -1.925305e-02 
1.419058e+03 -1.934182e-02 
1.422329e+03 -1.943099e-02 
1.425608e+03 -1.952058e-02 
1.428894e+03 -1.961058e-02 
1.432188e+03 -1.970100e-02 
1.435489e+03 -1.979183e-02 
1.438799e+03 -1.988308e-02 
1.442115e+03 -1.997475e-02 
1.445440e+03 -2.006685e-02 
1.448772e+03 -2.015936e-02 
1.452112e+03 -2.025231e-02 
1.455459e+03 -2.034568e-02 
1.458814e+03 -2.043948e-02 
1.462177e+03 -2.053371e-02 
1.465548e+03 -2.062838e-02 
1.468926e+03 -2.072348e-02 
1.472313e+03 -2.081902e-02 
1.475707e+03 -2.091500e-02 
1.479108e+03 -2.101142e-02 
1.482518e+03 -2.110829e-02 
1.485936e+03 -2.120560e-02 
1.489361e+03 -2.130336e-02 
1.492794e+03 -2.140158e-02 
1.496236e+03 -2.150024e-02 
1.499685e+03 -2.159936e-02 
1.503142e+03 -2.169893e-02 
1.506607e+03 -2.179896e-02 
1.510080e+03 -2.189946e-02 
1.513561e+03 -2.200041e-02 
1.517050e+03 -2.210183e-02 
1.520548e+03 -2.220372e-02 
1.524053e+03 -2.230607e-02 
1.527566e+03 -2.240890e-02 
1.531087e+03 -2.251220e-02 
1.534617e+03 -2.261598e-02 
1.538155e+03 -2.272023e-02 
1.541700e+03 -2.282497e-02 
1.545254e+03 -2.293018e-02 
1.548817e+03 -2.303588e-02 
1.552387e+03 -2.314207e-02 
1.555966e+03 -2.324875e-02 
1.559553e+03 -2.335592e-02 
1.563148e+03 -2.346358e-02 
1.566751e+03 -2.357173e-02 
1.570363e+03 -2.368039e-02 
1.573983e+03 -2.378954e-02 
1.577611e+03 -2.389920e-02 
1.581248e+03 -2.400936e-02 
1.584893e+03 -2.412003e-02 
1.588547e+03 -2.423121e-02 
1.592209e+03 -2.434290e-02 
1.595879e+03 -2.445510e-02 
1.599558e+03 -2.456782e-02 
1.603245e+03 -2.468106e-02 
1.606941e+03 -2.479482e-02 
1.610646e+03 -2.490910e-02 
1.614359e+03 -2.502391e-02 
1.618080e+03 -2.513925e-02 
1.621810e+03 -2.525512e-02 
1.625549e+03 -2.537152e-02 
1.629296e+03 -2.548846e-02 
1.633052e+03 -2.560594e-02 
1.636817e+03 -2.572395e-02 
1.640590e+03 -2.584251e-02 
1.644372e+03 -2.596162e-02 
1.648162e+03 -2.608127e-02 
1.651962e+03 -2.620148e-02 
1.655770e+03 -2.632223e-02 
1.659587e+03 -2.644355e-02 
1.663413e+03 -2.656542e-02 
1.667247e+03 -2.668785e-02 
1.671091e+03 -2.681085e-02 
1.674943e+03 -2.693441e-02 
1.678804e+03 -2.705854e-02 
1.682674e+03 -2.718324e-02 
1.686553e+03 -2.730852e-02 
1.690441e+03 -2.743437e-02 
1.694338e+03 -2.756080e-02 
1.698244e+03 -2.768781e-02 
1.702159e+03 -2.781541e-02 
1.706082e+03 -2.794359e-02 
1.710015e+03 -2.807236e-02 
1.713957e+03 -2.820173e-02 
1.717908e+03 -2.833169e-02 
1.721869e+03 -2.846225e-02 
1.725838e+03 -2.859341e-02 
1.729816e+03 -2.872517e-02 
1.733804e+03 -2.885754e-02 
1.737801e+03 -2.899052e-02 
1.741807e+03 -2.912411e-02 
1.745822e+03 -2.925832e-02 
1.749847e+03 -2.939314e-02 
1.753881e+03 -2.952858e-02 
1.757924e+03 -2.966465e-02 
1.761976e+03 -2.980134e-02 
1.766038e+03 -2.993866e-02 
1.770109e+03 -3.007661e-02 
1.774189e+03 -3.021520e-02 
1.778279e+03 -3.035442e-02 
1.782379e+03 -3.049428e-02 
1.786488e+03 -3.063479e-02 
1.790606e+03 -3.077595e-02 
1.794734e+03 -3.091775e-02 
1.798871e+03 -3.106020e-02 
1.803018e+03 -3.120331e-02 
1.807174e+03 -3.134708e-02 
1.811340e+03 -3.149151e-02 
1.815516e+03 -3.163661e-02 
1.819701e+03 -3.178237e-02 
1.823896e+03 -3.192880e-02 
1.828100e+03 -3.207590e-02 
1.832314e+03 -3.222369e-02 
1.836538e+03 -3.237215e-02 
1.840772e+03 -3.252129e-02 
1.845015e+03 -3.267112e-02 
1.849269e+03 -3.282164e-02 
1.853532e+03 -3.297285e-02 
1.857804e+03 -3.312476e-02 
1.862087e+03 -3.327736e-02 
1.866380e+03 -3.343067e-02 
1.870682e+03 -3.358468e-02 
1.874995e+03 -3.373940e-02 
1.879317e+03 -3.389483e-02 
1.883649e+03 -3.405097e-02 
1.887991e+03 -3.420784e-02 
1.892344e+03 -3.436542e-02 
1.896706e+03 -3.452373e-02 
1.901078e+03 -3.468277e-02 
1.905461e+03 -3.484253e-02 
1.909853e+03 -3.500304e-02 
1.914256e+03 -3.516428e-02 
1.918669e+03 -3.532626e-02 
1.923092e+03 -3.548899e-02 
1.927525e+03 -3.565246e-02 
1.931968e+03 -3.581668e-02 
1.936422e+03 -3.598167e-02 
1.940886e+03 -3.614740e-02 
1.945360e+03 -3.631391e-02 
1.949845e+03 -3.648117e-02 
1.954339e+03 -3.664921e-02 
1.958845e+03 -3.681801e-02 
1.963360e+03 -3.698760e-02 
1.967886e+03 -3.715796e-02 
1.972423e+03 -3.732910e-02 
1.976970e+03 -3.750104e-02 
1.981527e+03 -3.767376e-02 
1.986095e+03 -3.784727e-02 
1.990673e+03 -3.802159e-02 
1.995262e+03 -3.819670e-02 
1.999862e+03 -3.837262e-02 
2.004472e+03 -3.854935e-02 
2.009093e+03 -3.872689e-02 
2.013724e+03 -3.890525e-02 
2.018366e+03 -3.908442e-02 
2.023019e+03 -3.926442e-02 
2.027683e+03 -3.944525e-02 
2.032357e+03 -3.962690e-02 
2.037042e+03 -3.980939e-02 
2.041738e+03 -3.999272e-02 
2.046445e+03 -4.017689e-02 
2.051162e+03 -4.036191e-02 
2.055891e+03 -4.054778e-02 
2.060630e+03 -4.073450e-02 
2.065380e+03 -4.092208e-02 
2.070141e+03 -4.111052e-02 
2.074914e+03 -4.129983e-02 
2.079697e+03 -4.149001e-02 
2.084491e+03 -4.168106e-02 
2.089296e+03 -4.187299e-02 
2.094112e+03 -4.206580e-02 
2.098940e+03 -4.225949e-02 
2.103778e+03 -4.245408e-02 
2.108628e+03 -4.264956e-02 
2.113489e+03 -4.284593e-02 
2.118361e+03 -4.304321e-02 
2.123244e+03 -4.324140e-02 
2.128139e+03 -4.344049e-02 
2.133045e+03 -4.364050e-02 
2.137962e+03 -4.384143e-02 
2.142891e+03 -4.404328e-02 
2.147830e+03 -4.424606e-02 
2.152782e+03 -4.444977e-02 
2.157744e+03 -4.465441e-02 
2.162719e+03 -4.486000e-02 
2.167704e+03 -4.506653e-02 
2.172701e+03 -4.527400e-02 
2.177710e+03 -4.548243e-02 
2.182730e+03 -4.569182e-02 
2.187762e+03 -4.590217e-02 
2.192805e+03 -4.611348e-02 
2.197860e+03 -4.632577e-02 
2.202926e+03 -4.653902e-02 
2.208005e+03 -4.675326e-02 
2.213095e+03 -4.696848e-02 
2.218196e+03 -4.718469e-02 
2.223310e+03 -4.740189e-02 
2.228435e+03 -4.762009e-02 
2.233572e+03 -4.783929e-02 
2.238721e+03 -4.805950e-02 
2.243882e+03 -4.828072e-02 
2.249055e+03 -4.850295e-02 
2.254239e+03 -4.872620e-02 
2.259436e+03 -4.895048e-02 
2.264644e+03 -4.917579e-02 
2.269865e+03 -4.940213e-02 
2.275097e+03 -4.962951e-02 
2.280342e+03 -4.985793e-02 
2.285599e+03 -5.008740e-02 
2.290868e+03 -5.031793e-02 
2.296149e+03 -5.054951e-02 
2.301442e+03 -5.078216e-02 
2.306747e+03 -5.101587e-02 
2.312065e+03 -5.125066e-02 
2.317395e+03 -5.148652e-02 
2.322737e+03 -5.172347e-02 
2.328091e+03 -5.196150e-02 
2.333458e+03 -5.220062e-02 
2.338837e+03 -5.244084e-02 
2.344229e+03 -5.268217e-02 
2.349633e+03 -5.292460e-02 
2.355049e+03 -5.316814e-02 
2.360478e+03 -5.341280e-02 
2.365920e+03 -5.365858e-02 
2.371374e+03 -5.390550e-02 
2.376840e+03 -5.415354e-02 
2.382319e+03 -5.440272e-02 
2.387811e+03 -5.465304e-02 
2.393316e+03 -5.490451e-02 
2.398833e+03 -5.515714e-02 
2.404363e+03 -5.541092e-02 
2.409905e+03 -5.566587e-02 
2.415461e+03 -5.592199e-02 
2.421029e+03 -5.617928e-02 
2.426610e+03 -5.643775e-02 
2.432204e+03 -5.669741e-02 
2.437811e+03 -5.695826e-02 
2.443431e+03 -5.722030e-02 
2.449063e+03 -5.748355e-02 
2.454709e+03 -5.774800e-02 
2.460368e+03 -5.801366e-02 
2.466039e+03 -5.828055e-02 
2.471724e+03 -5.854865e-02 
2.477422e+03 -5.881799e-02 
2.483133e+03 -5.908856e-02 
2.488857e+03 -5.936037e-02 
2.494595e+03 -5.963343e-02 
2.500345e+03 -5.990774e-02 
2.506109e+03 -6.018330e-02 
2.511886e+03 -6.046013e-02 
2.517677e+03 -6.073823e-02 
2.523481e+03 -6.101760e-02 
2.529298e+03 -6.129826e-02 
2.535129e+03 -6.158020e-02 
2.540973e+03 -6.186343e-02 
2.546830e+03 -6.214796e-02 
2.552701e+03 -6.243379e-02 
2.558586e+03 -6.272094e-02 
2.564484e+03 -6.300940e-02 
2.570396e+03 -6.329918e-02 
2.576321e+03 -6.359029e-02 
2.582260e+03 -6.388273e-02 
2.588213e+03 -6.417651e-02 
2.594179e+03 -6.447164e-02 
2.600160e+03 -6.476812e-02 
2.606154e+03 -6.506596e-02 
2.612161e+03 -6.536517e-02 
2.618183e+03 -6.566574e-02 
2.624219e+03 -6.596770e-02 
2.630268e+03 -6.627103e-02 
2.636331e+03 -6.657575e-02 
2.642409e+03 -6.688188e-02 
2.648500e+03 -6.718940e-02 
2.654606e+03 -6.749833e-02 
2.660725e+03 -6.780867e-02 
2.666859e+03 -6.812044e-02 
2.673006e+03 -6.843364e-02 
2.679168e+03 -6.874827e-02 
2.685344e+03 -6.906434e-02 
2.691535e+03 -6.938185e-02 
2.697739e+03 -6.970082e-02 
2.703958e+03 -7.002126e-02 
2.710192e+03 -7.034316e-02 
2.716439e+03 -7.066653e-02 
2.722701e+03 -7.099138e-02 
2.728978e+03 -7.131772e-02 
2.735269e+03 -7.164556e-02 
2.741574e+03 -7.197489e-02 
2.747894e+03 -7.230573e-02 
2.754229e+03 -7.263809e-02 
2.760578e+03 -7.297197e-02 
2.766942e+03 -7.330738e-02 
2.773320e+03 -7.364432e-02 
2.779713e+03 -7.398280e-02 
2.786121e+03 -7.432284e-02 
2.792544e+03 -7.466442e-02 
2.798981e+03 -7.500758e-02 
2.805434e+03 -7.535230e-02 
2.811901e+03 -7.569860e-02 
2.818383e+03 -7.604648e-02 
2.824880e+03 -7.639596e-02 
2.831392e+03 -7.674704e-02 
2.837919e+03 -7.709972e-02 
2.844461e+03 -7.745401e-02 
2.851018e+03 -7.780993e-02 
2.857591e+03 -7.816747e-02 
2.864178e+03 -7.852665e-02 
2.870781e+03 -7.888747e-02 
2.877398e+03 -7.924995e-02 
2.884032e+03 -7.961408e-02 
2.890680e+03 -7.997987e-02 
2.897344e+03 -8.034734e-02 
2.904023e+03 -8.071649e-02 
2.910717e+03 -8.108733e-02 
2.917427e+03 -8.145986e-02 
2.924152e+03 -8.183410e-02 
2.930893e+03 -8.221005e-02 
2.937650e+03 -8.258772e-02 
2.944422e+03 -8.296711e-02 
2.951209e+03 -8.334824e-02 
2.958012e+03 -8.373111e-02 
2.964831e+03 -8.411573e-02 
2.971666e+03 -8.450211e-02 
2.978516e+03 -8.489025e-02 
2.985383e+03 -8.528017e-02 
2.992265e+03 -8.567188e-02 
2.999163e+03 -8.606537e-02 
3.006076e+03 -8.646066e-02 
3.013006e+03 -8.685775e-02 
3.019952e+03 -8.725667e-02 
3.026913e+03 -8.765740e-02 
3.033891e+03 -8.805996e-02 
3.040885e+03 -8.846437e-02 
3.047895e+03 -8.887062e-02 
3.054921e+03 -8.927873e-02 
3.061963e+03 -8.968870e-02 
3.069022e+03 -9.010055e-02 
3.076097e+03 -9.051428e-02 
3.083188e+03 -9.092989e-02 
3.090295e+03 -9.134741e-02 
3.097419e+03 -9.176683e-02 
3.104560e+03 -9.218817e-02 
3.111716e+03 -9.261143e-02 
3.118890e+03 -9.303662e-02 
3.126079e+03 -9.346376e-02 
3.133286e+03 -9.389285e-02 
3.140509e+03 -9.432389e-02 
3.147748e+03 -9.475691e-02 
3.155005e+03 -9.519190e-02 
3.162278e+03 -9.562888e-02 
3.169567e+03 -9.606785e-02 
3.176874e+03 -9.650883e-02 
3.184198e+03 -9.695181e-02 
3.191538e+03 -9.739683e-02 
3.198895e+03 -9.784387e-02 
3.206269e+03 -9.829295e-02 
3.213661e+03 -9.874408e-02 
3.221069e+03 -9.919727e-02 
3.228494e+03 -9.965253e-02 
3.235937e+03 -1.001099e-01 
3.243396e+03 -1.005693e-01 
3.250873e+03 -1.010308e-01 
3.258367e+03 -1.014944e-01 
3.265878e+03 -1.019602e-01 
3.273407e+03 -1.024280e-01 
3.280953e+03 -1.028980e-01 
3.288516e+03 -1.033702e-01 
3.296097e+03 -1.038445e-01 
3.303695e+03 -1.043209e-01 
3.311311e+03 -1.047996e-01 
3.318945e+03 -1.052804e-01 
3.326596e+03 -1.057634e-01 
3.334264e+03 -1.062486e-01 
3.341950e+03 -1.067360e-01 
3.349654e+03 -1.072257e-01 
3.357376e+03 -1.077175e-01 
3.365116e+03 -1.082117e-01 
3.372873e+03 -1.087080e-01 
3.380648e+03 -1.092067e-01 
3.388442e+03 -1.097076e-01 
3.396253e+03 -1.102108e-01 
3.404082e+03 -1.107162e-01 
3.411929e+03 -1.112240e-01 
3.419794e+03 -1.117341e-01 
3.427678e+03 -1.122466e-01 
3.435579e+03 -1.127613e-01 
3.443499e+03 -1.132784e-01 
3.451437e+03 -1.137979e-01 
3.459394e+03 -1.143197e-01 
3.467369e+03 -1.148439e-01 
3.475362e+03 -1.153705e-01 
3.483373e+03 -1.158995e-01 
3.491403e+03 -1.164309e-01 
3.499452e+03 -1.169647e-01 
3.507519e+03 -1.175010e-01 
3.515604e+03 -1.180397e-01 
3.523709e+03 -1.185808e-01 
3.531832e+03 -1.191244e-01 
3.539973e+03 -1.196705e-01 
3.548134e+03 -1.202191e-01 
3.556313e+03 -1.207701e-01 
3.564511e+03 -1.213237e-01 
3.572728e+03 -1.218798e-01 
3.580964e+03 -1.224384e-01 
3.589219e+03 -1.229996e-01 
3.597493e+03 -1.235633e-01 
3.605786e+03 -1.241296e-01 
3.614099e+03 -1.246985e-01 
3.622430e+03 -1.252699e-01 
3.630781e+03 -1.258440e-01 
3.639150e+03 -1.264207e-01 
3.647539e+03 -1.270000e-01 
3.655948e+03 -1.275819e-01 
3.664376e+03 -1.281664e-01 
3.672823e+03 -1.287537e-01 
3.681290e+03 -1.293436e-01 
3.689776e+03 -1.299362e-01 
3.698282e+03 -1.305314e-01 
3.706807e+03 -1.311294e-01 
3.715352e+03 -1.317301e-01 
3.723917e+03 -1.323335e-01 
3.732502e+03 -1.329397e-01 
3.741106e+03 -1.335487e-01 
3.749730e+03 -1.341604e-01 
3.758374e+03 -1.347748e-01 
3.767038e+03 -1.353921e-01 
3.775722e+03 -1.360122e-01 
3.784426e+03 -1.366351e-01 
3.793150e+03 -1.372608e-01 
3.801894e+03 -1.378894e-01 
3.810658e+03 -1.385208e-01 
3.819443e+03 -1.391551e-01 
3.828247e+03 -1.397923e-01 
3.837072e+03 -1.404323e-01 
3.845918e+03 -1.410753e-01 
3.854784e+03 -1.417212e-01 
3.863670e+03 -1.423700e-01 
3.872576e+03 -1.430218e-01 
3.881504e+03 -1.436765e-01 
3.890451e+03 -1.443342e-01 
3.899420e+03 -1.449949e-01 
3.908409e+03 -1.456586e-01 
3.917419e+03 -1.463253e-01 
3.926449e+03 -1.469950e-01 
3.935501e+03 -1.476678e-01 
3.944573e+03 -1.483436e-01 
3.953666e+03 -1.490225e-01 
3.962780e+03 -1.497045e-01 
3.971915e+03 -1.503895e-01 
3.981072e+03 -1.510777e-01 
3.990249e+03 -1.517690e-01 
3.999447e+03 -1.524634e-01 
4.008667e+03 -1.531610e-01 
4.017908e+03 -1.538617e-01 
4.027170e+03 -1.545656e-01 
4.036454e+03 -1.552727e-01 
4.045759e+03 -1.559831e-01 
4.055085e+03 -1.566966e-01 
4.064433e+03 -1.574134e-01 
4.073803e+03 -1.581334e-01 
4.083194e+03 -1.588567e-01 
4.092607e+03 -1.595832e-01 
4.102041e+03 -1.603131e-01 
4.111497e+03 -1.610462e-01 
4.120975e+03 -1.617827e-01 
4.130475e+03 -1.625225e-01 
4.139997e+03 -1.632657e-01 
4.149540e+03 -1.640122e-01 
4.159106e+03 -1.647621e-01 
4.168694e+03 -1.655154e-01 
4.178304e+03 -1.662722e-01 
4.187936e+03 -1.670323e-01 
4.197590e+03 -1.677959e-01 
4.207266e+03 -1.685630e-01 
4.216965e+03 -1.693335e-01 
4.226686e+03 -1.701075e-01 
4.236430e+03 -1.708850e-01 
4.246196e+03 -1.716660e-01 
4.255984e+03 -1.724506e-01 
4.265795e+03 -1.732387e-01 
4.275629e+03 -1.740304e-01 
4.285485e+03 -1.748256e-01 
4.295364e+03 -1.756245e-01 
4.305266e+03 -1.764270e-01 
4.315191e+03 -1.772331e-01 
4.325138e+03 -1.780428e-01 
4.335109e+03 -1.788562e-01 
4.345102e+03 -1.796733e-01 
4.355119e+03 -1.804941e-01 
4.365158e+03 -1.813186e-01 
4.375221e+03 -1.821468e-01 
4.385307e+03 -1.829788e-01 
4.395416e+03 -1.838145e-01 
4.405549e+03 -1.846540e-01 
4.415704e+03 -1.854973e-01 
4.425884e+03 -1.863444e-01 
4.436086e+03 -1.871953e-01 
4.446313e+03 -1.880501e-01 
4.456562e+03 -1.889087e-01 
4.466836e+03 -1.897712e-01 
4.477133e+03 -1.906377e-01 
4.487454e+03 -1.915080e-01 
4.497799e+03 -1.923822e-01 
4.508167e+03 -1.932604e-01 
4.518559e+03 -1.941426e-01 
4.528976e+03 -1.950287e-01 
4.539416e+03 -1.959189e-01 
4.549881e+03 -1.968130e-01 
4.560369e+03 -1.977112e-01 
4.570882e+03 -1.986134e-01 
4.581419e+03 -1.995198e-01 
4.591980e+03 -2.004302e-01 
4.602566e+03 -2.013447e-01 
4.613176e+03 -2.022633e-01 
4.623810e+03 -2.031861e-01 
4.634469e+03 -2.041130e-01 
4.645153e+03 -2.050441e-01 
4.655861e+03 -2.059794e-01 
4.666594e+03 -2.069190e-01 
4.677351e+03 -2.078627e-01 
4.688134e+03 -2.088108e-01 
4.698941e+03 -2.097630e-01 
4.709773e+03 -2.107196e-01 
4.720630e+03 -2.116805e-01 
4.731513e+03 -2.126457e-01 
4.742420e+03 -2.136153e-01 
4.753352e+03 -2.145892e-01 
4.764310e+03 -2.155675e-01 
4.775293e+03 -2.165503e-01 
4.786301e+03 -2.175374e-01 
4.797334e+03 -2.185290e-01 
4.808393e+03 -2.195250e-01 
4.819478e+03 -2.205256e-01 
4.830588e+03 -2.215306e-01 
4.841724e+03 -2.225402e-01 
4.852885e+03 -2.235543e-01 
4.864072e+03 -2.245729e-01 
4.875285e+03 -2.255962e-01 
4.886524e+03 -2.266240e-01 
4.897788e+03 -2.276565e-01 
4.909079e+03 -2.286936e-01 
4.920395e+03 -2.297354e-01 
4.931738e+03 -2.307818e-01 
4.943107e+03 -2.318330e-01 
4.954502e+03 -2.328889e-01 
4.965923e+03 -2.339495e-01 
4.977371e+03 -2.350149e-01 
4.988845e+03 -2.360850e-01 
5.000345e+03 -2.371600e-01 
5.011872e+03 -2.382398e-01 
5.023426e+03 -2.393245e-01 
5.035006e+03 -2.404140e-01 
5.046613e+03 -2.415085e-01 
5.058247e+03 -2.426078e-01 
5.069907e+03 -2.437121e-01 
5.081594e+03 -2.448213e-01 
5.093309e+03 -2.459355e-01 
5.105050e+03 -2.470547e-01 
5.116818e+03 -2.481789e-01 
5.128614e+03 -2.493082e-01 
5.140437e+03 -2.504425e-01 
5.152286e+03 -2.515819e-01 
5.164164e+03 -2.527265e-01 
5.176068e+03 -2.538761e-01 
5.188000e+03 -2.550309e-01 
5.199960e+03 -2.561909e-01 
5.211947e+03 -2.573561e-01 
5.223962e+03 -2.585265e-01 
5.236004e+03 -2.597022e-01 
5.248075e+03 -2.608831e-01 
5.260173e+03 -2.620693e-01 
5.272299e+03 -2.632608e-01 
5.284453e+03 -2.644577e-01 
5.296634e+03 -2.656599e-01 
5.308844e+03 -2.668675e-01 
5.321083e+03 -2.680805e-01 
5.333349e+03 -2.692989e-01 
5.345644e+03 -2.705228e-01 
5.357967e+03 -2.717521e-01 
5.370318e+03 -2.729870e-01 
5.382698e+03 -2.742274e-01 
5.395106e+03 -2.754733e-01 
5.407543e+03 -2.767248e-01 
5.420009e+03 -2.779819e-01 
5.432503e+03 -2.792446e-01 
5.445027e+03 -2.805129e-01 
5.457579e+03 -2.817870e-01 
5.470160e+03 -2.830667e-01 
5.482770e+03 -2.843521e-01 
5.495409e+03 -2.856433e-01 
5.508077e+03 -2.869402e-01 
5.520774e+03 -2.882430e-01 
5.533501e+03 -2.895515e-01 
5.546257e+03 -2.908659e-01 
5.559043e+03 -2.921862e-01 
5.571857e+03 -2.935123e-01 
5.584702e+03 -2.948444e-01 
5.597576e+03 -2.961824e-01 
5.610480e+03 -2.975264e-01 
5.623413e+03 -2.988763e-01 
5.636377e+03 -3.002323e-01 
5.649370e+03 -3.015944e-01 
5.662393e+03 -3.029625e-01 
5.675446e+03 -3.043367e-01 
5.688529e+03 -3.057170e-01 
5.701643e+03 -3.071035e-01 
5.714786e+03 -3.084962e-01 
5.727960e+03 -3.098950e-01 
5.741165e+03 -3.113001e-01 
5.754399e+03 -3.127115e-01 
5.767665e+03 -3.141291e-01 
5.780960e+03 -3.155531e-01 
5.794287e+03 -3.169833e-01 
5.807644e+03 -3.184200e-01 
5.821032e+03 -3.198630e-01 
5.834451e+03 -3.213125e-01 
5.847901e+03 -3.227684e-01 
5.861382e+03 -3.242308e-01 
5.874894e+03 -3.256997e-01 
5.888437e+03 -3.271751e-01 
5.902011e+03 -3.286570e-01 
5.915616e+03 -3.301456e-01 
5.929253e+03 -3.316408e-01 
5.942922e+03 -3.331426e-01 
5.956621e+03 -3.346511e-01 
5.970353e+03 -3.361663e-01 
5.984116e+03 -3.376882e-01 
5.997911e+03 -3.392168e-01 
6.011737e+03 -3.407523e-01 
6.025596e+03 -3.422946e-01 
6.039486e+03 -3.438437e-01 
6.053409e+03 -3.453997e-01 
6.067363e+03 -3.469626e-01 
6.081350e+03 -3.485324e-01 
6.095369e+03 -3.501091e-01 
6.109420e+03 -3.516929e-01 
6.123504e+03 -3.532837e-01 
6.137620e+03 -3.548815e-01 
6.151769e+03 -3.564865e-01 
6.165950e+03 -3.580985e-01 
6.180164e+03 -3.597176e-01 
6.194411e+03 -3.613440e-01 
6.208690e+03 -3.629775e-01 
6.223003e+03 -3.646183e-01 
6.237348e+03 -3.662663e-01 
6.251727e+03 -3.679216e-01 
6.266139e+03 -3.695843e-01 
6.280584e+03 -3.712543e-01 
6.295062e+03 -3.729317e-01 
6.309573e+03 -3.746165e-01 
6.324119e+03 -3.763087e-01 
6.338697e+03 -3.780084e-01 
6.353309e+03 -3.797157e-01 
6.367955e+03 -3.814305e-01 
6.382635e+03 -3.831528e-01 
6.397348e+03 -3.848828e-01 
6.412096e+03 -3.866204e-01 
6.426877e+03 -3.883656e-01 
6.441693e+03 -3.901186e-01 
6.456542e+03 -3.918793e-01 
6.471426e+03 -3.936478e-01 
6.486344e+03 -3.954241e-01 
6.501297e+03 -3.972082e-01 
6.516284e+03 -3.990002e-01 
6.531306e+03 -4.008000e-01 
6.546362e+03 -4.026079e-01 
6.561453e+03 -4.044236e-01 
6.576578e+03 -4.062474e-01 
6.591739e+03 -4.080792e-01 
6.606934e+03 -4.099191e-01 
6.622165e+03 -4.117671e-01 
6.637431e+03 -4.136232e-01 
6.652732e+03 -4.154874e-01 
6.668068e+03 -4.173599e-01 
6.683439e+03 -4.192406e-01 
6.698846e+03 -4.211296e-01 
6.714289e+03 -4.230269e-01 
6.729767e+03 -4.249326e-01 
6.745280e+03 -4.268466e-01 
6.760830e+03 -4.287690e-01 
6.776415e+03 -4.306998e-01 
6.792036e+03 -4.326392e-01 
6.807694e+03 -4.345871e-01 
6.823387e+03 -4.365435e-01 
6.839116e+03 -4.385085e-01 
6.854882e+03 -4.404821e-01 
6.870684e+03 -4.424644e-01 
6.886523e+03 -4.444553e-01 
6.902398e+03 -4.464550e-01 
6.918310e+03 -4.484635e-01 
6.934258e+03 -4.504808e-01 
6.950243e+03 -4.525069e-01 
6.966265e+03 -4.545419e-01 
6.982324e+03 -4.565858e-01 
6.998420e+03 -4.586387e-01 
7.014553e+03 -4.607005e-01 
7.030723e+03 -4.627714e-01 
7.046931e+03 -4.648513e-01 
7.063176e+03 -4.669403e-01 
7.079458e+03 -4.690385e-01 
7.095778e+03 -4.711459e-01 
7.112135e+03 -4.732624e-01 
7.128530e+03 -4.753882e-01 
7.144963e+03 -4.775233e-01 
7.161434e+03 -4.796677e-01 
7.177943e+03 -4.818215e-01 
7.194490e+03 -4.839847e-01 
7.211075e+03 -4.861573e-01 
7.227698e+03 -4.883395e-01 
7.244360e+03 -4.905311e-01 
7.261060e+03 -4.927323e-01 
7.277798e+03 -4.949431e-01 
7.294575e+03 -4.971635e-01 
7.311391e+03 -4.993936e-01 
7.328245e+03 -5.016335e-01 
7.345139e+03 -5.038830e-01 
7.362071e+03 -5.061424e-01 
7.379042e+03 -5.084116e-01 
7.396053e+03 -5.106907e-01 
7.413102e+03 -5.129798e-01 
7.430191e+03 -5.152787e-01 
7.447320e+03 -5.175877e-01 
7.464488e+03 -5.199067e-01 
7.481695e+03 -5.222358e-01 
7.498942e+03 -5.245750e-01 
7.516229e+03 -5.269244e-01 
7.533556e+03 -5.292840e-01 
7.550922e+03 -5.316538e-01 
7.568329e+03 -5.340340e-01 
7.585776e+03 -5.364244e-01 
7.603263e+03 -5.388252e-01 
7.620790e+03 -5.412365e-01 
7.638358e+03 -5.436582e-01 
7.655966e+03 -5.460904e-01 
7.673615e+03 -5.485331e-01 
7.691304e+03 -5.509864e-01 
7.709035e+03 -5.534503e-01 
7.726806e+03 -5.559250e-01 
7.744618e+03 -5.584103e-01 
7.762471e+03 -5.609064e-01 
7.780366e+03 -5.634133e-01 
7.798301e+03 -5.659310e-01 
7.816278e+03 -5.684596e-01 
7.834296e+03 -5.709991e-01 
7.852356e+03 -5.735497e-01 
7.870458e+03 -5.761112e-01 
7.888601e+03 -5.786838e-01 
7.906786e+03 -5.812675e-01 
7.925013e+03 -5.838624e-01 
7.943282e+03 -5.864684e-01 
7.961594e+03 -5.890857e-01 
7.979947e+03 -5.917143e-01 
7.998343e+03 -5.943542e-01 
8.016781e+03 -5.970055e-01 
8.035261e+03 -5.996683e-01 
8.053784e+03 -6.023425e-01 
8.072350e+03 -6.050282e-01 
8.090959e+03 -6.077254e-01 
8.109611e+03 -6.104343e-01 
8.128305e+03 -6.131548e-01 
8.147043e+03 -6.158871e-01 
8.165824e+03 -6.186310e-01 
8.184648e+03 -6.213868e-01 
8.203515e+03 -6.241544e-01 
8.222426e+03 -6.269339e-01 
8.241381e+03 -6.297254e-01 
8.260379e+03 -6.325288e-01 
8.279422e+03 -6.353442e-01 
8.298508e+03 -6.381717e-01 
8.317638e+03 -6.410114e-01 
8.336812e+03 -6.438632e-01 
8.356030e+03 -6.467273e-01 
8.375293e+03 -6.496036e-01 
8.394600e+03 -6.524922e-01 
8.413951e+03 -6.553932e-01 
8.433348e+03 -6.583066e-01 
8.452788e+03 -6.612325e-01 
8.472274e+03 -6.641709e-01 
8.491805e+03 -6.671218e-01 
8.511380e+03 -6.700854e-01 
8.531001e+03 -6.730616e-01 
8.550667e+03 -6.760506e-01 
8.570378e+03 -6.790523e-01 
8.590135e+03 -6.820668e-01 
8.609938e+03 -6.850941e-01 
8.629785e+03 -6.881344e-01 
8.649679e+03 -6.911877e-01 
8.669619e+03 -6.942539e-01 
8.689604e+03 -6.973333e-01 
8.709636e+03 -7.004257e-01 
8.729714e+03 -7.035313e-01 
8.749838e+03 -7.066501e-01 
8.770008e+03 -7.097822e-01 
8.790225e+03 -7.129276e-01 
8.810489e+03 -7.160864e-01 
8.830799e+03 -7.192586e-01 
8.851156e+03 -7.224443e-01 
8.871560e+03 -7.256436e-01 
8.892011e+03 -7.288564e-01 
8.912509e+03 -7.320828e-01 
8.933055e+03 -7.353229e-01 
8.953648e+03 -7.385768e-01 
8.974288e+03 -7.418444e-01 
8.994976e+03 -7.451259e-01 
9.015711e+03 -7.484213e-01 
9.036495e+03 -7.517307e-01 
9.057326e+03 -7.550540e-01 
9.078205e+03 -7.583914e-01 
9.099133e+03 -7.617430e-01 
9.120108e+03 -7.651087e-01 
9.141132e+03 -7.684886e-01 
9.162205e+03 -7.718828e-01 
9.183326e+03 -7.752913e-01 
9.204496e+03 -7.787143e-01 
9.225714e+03 -7.821516e-01 
9.246982e+03 -7.856035e-01 
9.268298e+03 -7.890699e-01 
9.289664e+03 -7.925509e-01 
9.311079e+03 -7.960466e-01 
9.332543e+03 -7.995570e-01 
9.354057e+03 -8.030822e-01 
9.375620e+03 -8.066222e-01 
9.397233e+03 -8.101771e-01 
9.418896e+03 -8.137470e-01 
9.440609e+03 -8.173319e-01 
9.462372e+03 -8.209318e-01 
9.484185e+03 -8.245468e-01 
9.506048e+03 -8.281770e-01 
9.527962e+03 -8.318224e-01 
9.549926e+03 -8.354831e-01 
9.571941e+03 -8.391592e-01 
9.594006e+03 -8.428507e-01 
9.616123e+03 -8.465576e-01 
9.638290e+03 -8.502800e-01 
9.660509e+03 -8.540181e-01 
9.682779e+03 -8.577717e-01 
9.705100e+03 -8.615411e-01 
9.727472e+03 -8.653262e-01 
9.749896e+03 -8.691271e-01 
9.772372e+03 -8.729439e-01 
9.794900e+03 -8.767766e-01 
9.817479e+03 -8.806253e-01 
9.840111e+03 -8.844900e-01 
9.862795e+03 -8.883709e-01 
9.885531e+03 -8.922679e-01 
9.908319e+03 -8.961812e-01 
9.931160e+03 -9.001108e-01 
9.954054e+03 -9.040567e-01 
9.977001e+03 -9.080190e-01 
1.000000e+04 -9.119977e-01 
1.002305e+04 -9.159931e-01 
1.004616e+04 -9.200050e-01 
1.006932e+04 -9.240335e-01 
1.009253e+04 -9.280788e-01 
1.011579e+04 -9.321409e-01 
1.013911e+04 -9.362197e-01 
1.016249e+04 -9.403155e-01 
1.018591e+04 -9.444283e-01 
1.020939e+04 -9.485581e-01 
1.023293e+04 -9.527049e-01 
1.025652e+04 -9.568689e-01 
1.028016e+04 -9.610502e-01 
1.030386e+04 -9.652487e-01 
1.032761e+04 -9.694645e-01 
1.035142e+04 -9.736978e-01 
1.037528e+04 -9.779485e-01 
1.039920e+04 -9.822167e-01 
1.042317e+04 -9.865025e-01 
1.044720e+04 -9.908060e-01 
1.047129e+04 -9.951272e-01 
1.049542e+04 -9.994662e-01 
1.051962e+04 -1.003823e+00 
1.054387e+04 -1.008198e+00 
1.056818e+04 -1.012590e+00 
1.059254e+04 -1.017001e+00 
1.061696e+04 -1.021430e+00 
1.064143e+04 -1.025877e+00 
1.066596e+04 -1.030342e+00 
1.069055e+04 -1.034826e+00 
1.071519e+04 -1.039328e+00 
1.073989e+04 -1.043848e+00 
1.076465e+04 -1.048387e+00 
1.078947e+04 -1.052945e+00 
1.081434e+04 -1.057521e+00 
1.083927e+04 -1.062115e+00 
1.086426e+04 -1.066729e+00 
1.088930e+04 -1.071361e+00 
1.091440e+04 -1.076013e+00 
1.093956e+04 -1.080683e+00 
1.096478e+04 -1.085372e+00 
1.099006e+04 -1.090080e+00 
1.101539e+04 -1.094808e+00 
1.104079e+04 -1.099555e+00 
1.106624e+04 -1.104321e+00 
1.109175e+04 -1.109106e+00 
1.111732e+04 -1.113911e+00 
1.114295e+04 -1.118735e+00 
1.116863e+04 -1.123579e+00 
1.119438e+04 -1.128443e+00 
1.122018e+04 -1.133326e+00 
1.124605e+04 -1.138229e+00 
1.127197e+04 -1.143152e+00 
1.129796e+04 -1.148095e+00 
1.132400e+04 -1.153058e+00 
1.135011e+04 -1.158040e+00 
1.137627e+04 -1.163043e+00 
1.140250e+04 -1.168067e+00 
1.142878e+04 -1.173110e+00 
1.145513e+04 -1.178174e+00 
1.148154e+04 -1.183258e+00 
1.150800e+04 -1.188363e+00 
1.153453e+04 -1.193488e+00 
1.156112e+04 -1.198634e+00 
1.158777e+04 -1.203800e+00 
1.161449e+04 -1.208987e+00 
1.164126e+04 -1.214196e+00 
1.166810e+04 -1.219425e+00 
1.169499e+04 -1.224674e+00 
1.172195e+04 -1.229945e+00 
1.174898e+04 -1.235238e+00 
1.177606e+04 -1.240551e+00 
1.180321e+04 -1.245885e+00 
1.183042e+04 -1.251241e+00 
1.185769e+04 -1.256619e+00 
1.188502e+04 -1.262017e+00 
1.191242e+04 -1.267438e+00 
1.193988e+04 -1.272879e+00 
1.196741e+04 -1.278343e+00 
1.199499e+04 -1.283828e+00 
1.202264e+04 -1.289336e+00 
1.205036e+04 -1.294865e+00 
1.207814e+04 -1.300416e+00 
1.210598e+04 -1.305989e+00 
1.213389e+04 -1.311584e+00 
1.216186e+04 -1.317202e+00 
1.218990e+04 -1.322841e+00 
1.221800e+04 -1.328503e+00 
1.224616e+04 -1.334188e+00 
1.227439e+04 -1.339895e+00 
1.230269e+04 -1.345625e+00 
1.233105e+04 -1.351377e+00 
1.235947e+04 -1.357152e+00 
1.238797e+04 -1.362949e+00 
1.241652e+04 -1.368770e+00 
1.244515e+04 -1.374614e+00 
1.247384e+04 -1.380480e+00 
1.250259e+04 -1.386370e+00 
1.253141e+04 -1.392283e+00 
1.256030e+04 -1.398219e+00 
1.258925e+04 -1.404178e+00 
1.261828e+04 -1.410161e+00 
1.264736e+04 -1.416167e+00 
1.267652e+04 -1.422197e+00 
1.270574e+04 -1.428250e+00 
1.273503e+04 -1.434327e+00 
1.276439e+04 -1.440428e+00 
1.279381e+04 -1.446553e+00 
1.282331e+04 -1.452702e+00 
1.285287e+04 -1.458874e+00 
1.288250e+04 -1.465071e+00 
1.291219e+04 -1.471292e+00 
1.294196e+04 -1.477537e+00 
1.297179e+04 -1.483807e+00 
1.300170e+04 -1.490100e+00 
1.303167e+04 -1.496419e+00 
1.306171e+04 -1.502762e+00 
1.309182e+04 -1.509129e+00 
1.312200e+04 -1.515521e+00 
1.315225e+04 -1.521938e+00 
1.318257e+04 -1.528380e+00 
1.321296e+04 -1.534847e+00 
1.324342e+04 -1.541338e+00 
1.327394e+04 -1.547855e+00 
1.330454e+04 -1.554397e+00 
1.333521e+04 -1.560964e+00 
1.336596e+04 -1.567557e+00 
1.339677e+04 -1.574175e+00 
1.342765e+04 -1.580818e+00 
1.345860e+04 -1.587487e+00 
1.348963e+04 -1.594182e+00 
1.352073e+04 -1.600902e+00 
1.355189e+04 -1.607648e+00 
1.358313e+04 -1.614420e+00 
1.361445e+04 -1.621218e+00 
1.364583e+04 -1.628042e+00 
1.367729e+04 -1.634892e+00 
1.370882e+04 -1.641768e+00 
1.374042e+04 -1.648671e+00 
1.377209e+04 -1.655600e+00 
1.380384e+04 -1.662555e+00 
1.383566e+04 -1.669537e+00 
1.386756e+04 -1.676545e+00 
1.389953e+04 -1.683580e+00 
1.393157e+04 -1.690642e+00 
1.396368e+04 -1.697730e+00 
1.399587e+04 -1.704846e+00 
1.402814e+04 -1.711988e+00 
1.406048e+04 -1.719158e+00 
1.409289e+04 -1.726354e+00 
1.412538e+04 -1.733578e+00 
1.415794e+04 -1.740829e+00 
1.419058e+04 -1.748108e+00 
1.422329e+04 -1.755414e+00 
1.425608e+04 -1.762747e+00 
1.428894e+04 -1.770109e+00 
1.432188e+04 -1.777497e+00 
1.435489e+04 -1.784914e+00 
1.438799e+04 -1.792359e+00 
1.442115e+04 -1.799831e+00 
1.445440e+04 -1.807332e+00 
1.448772e+04 -1.814860e+00 
1.452112e+04 -1.822417e+00 
1.455459e+04 -1.830002e+00 
1.458814e+04 -1.837616e+00 
1.462177e+04 -1.845257e+00 
1.465548e+04 -1.852928e+00 
1.468926e+04 -1.860627e+00 
1.472313e+04 -1.868354e+00 
1.475707e+04 -1.876111e+00 
1.479108e+04 -1.883896e+00 
1.482518e+04 -1.891710e+00 
1.485936e+04 -1.899553e+00 
1.489361e+04 -1.907425e+00 
1.492794e+04 -1.915327e+00 
1.496236e+04 -1.923257e+00 
1.499685e+04 -1.931217e+00 
1.503142e+04 -1.939207e+00 
1.506607e+04 -1.947226e+00 
1.510080e+04 -1.955274e+00 
1.513561e+04 -1.963352e+00 
1.517050e+04 -1.971460e+00 
1.520548e+04 -1.979597e+00 
1.524053e+04 -1.987765e+00 
1.527566e+04 -1.995962e+00 
1.531087e+04 -2.004190e+00 
1.534617e+04 -2.012448e+00 
1.538155e+04 -2.020735e+00 
1.541700e+04 -2.029054e+00 
1.545254e+04 -2.037402e+00 
1.548817e+04 -2.045781e+00 
1.552387e+04 -2.054191e+00 
1.555966e+04 -2.062631e+00 
1.559553e+04 -2.071102e+00 
1.563148e+04 -2.079604e+00 
1.566751e+04 -2.088136e+00 
1.570363e+04 -2.096700e+00 
1.573983e+04 -2.105294e+00 
1.577611e+04 -2.113920e+00 
1.581248e+04 -2.122577e+00 
1.584893e+04 -2.131265e+00 
1.588547e+04 -2.139985e+00 
1.592209e+04 -2.148736e+00 
1.595879e+04 -2.157518e+00 
1.599558e+04 -2.166333e+00 
1.603245e+04 -2.175178e+00 
1.606941e+04 -2.184056e+00 
1.610646e+04 -2.192965e+00 
1.614359e+04 -2.201907e+00 
1.618080e+04 -2.210880e+00 
1.621810e+04 -2.219886e+00 
1.625549e+04 -2.228923e+00 
1.629296e+04 -2.237993e+00 
1.633052e+04 -2.247096e+00 
1.636817e+04 -2.256230e+00 
1.640590e+04 -2.265398e+00 
1.644372e+04 -2.274597e+00 
1.648162e+04 -2.283830e+00 
1.651962e+04 -2.293095e+00 
1.655770e+04 -2.302393e+00 
1.659587e+04 -2.311724e+00 
1.663413e+04 -2.321088e+00 
1.667247e+04 -2.330485e+00 
1.671091e+04 -2.339915e+00 
1.674943e+04 -2.349379e+00 
1.678804e+04 -2.358875e+00 
1.682674e+04 -2.368405e+00 
1.686553e+04 -2.377969e+00 
1.690441e+04 -2.387566e+00 
1.694338e+04 -2.397197e+00 
1.698244e+04 -2.406861e+00 
1.702159e+04 -2.416560e+00 
1.706082e+04 -2.426292e+00 
1.710015e+04 -2.436058e+00 
1.713957e+04 -2.445858e+00 
1.717908e+04 -2.455692e+00 
1.721869e+04 -2.465561e+00 
1.725838e+04 -2.475464e+00 
1.729816e+04 -2.485401e+00 
1.733804e+04 -2.495372e+00 
1.737801e+04 -2.505378e+00 
1.741807e+04 -2.515419e+00 
1.745822e+04 -2.525494e+00 
1.749847e+04 -2.535604e+00 
1.753881e+04 -2.545749e+00 
1.757924e+04 -2.555929e+00 
1.761976e+04 -2.566144e+00 
1.766038e+04 -2.576394e+00 
1.770109e+04 -2.586679e+00 
1.774189e+04 -2.596999e+00 
1.778279e+04 -2.607355e+00 
1.782379e+04 -2.617746e+00 
1.786488e+04 -2.628172e+00 
1.790606e+04 -2.638634e+00 
1.794734e+04 -2.649132e+00 
1.798871e+04 -2.659665e+00 
1.803018e+04 -2.670234e+00 
1.807174e+04 -2.680839e+00 
1.811340e+04 -2.691480e+00 
1.815516e+04 -2.702157e+00 
1.819701e+04 -2.712870e+00 
1.823896e+04 -2.723619e+00 
1.828100e+04 -2.734404e+00 
1.832314e+04 -2.745226e+00 
1.836538e+04 -2.756084e+00 
1.840772e+04 -2.766979e+00 
1.845015e+04 -2.777910e+00 
1.849269e+04 -2.788877e+00 
1.853532e+04 -2.799882e+00 
1.857804e+04 -2.810923e+00 
1.862087e+04 -2.822001e+00 
1.866380e+04 -2.833116e+00 
1.870682e+04 -2.844268e+00 
1.874995e+04 -2.855457e+00 
1.879317e+04 -2.866683e+00 
1.883649e+04 -2.877947e+00 
1.887991e+04 -2.889248e+00 
1.892344e+04 -2.900586e+00 
1.896706e+04 -2.911961e+00 
1.901078e+04 -2.923375e+00 
1.905461e+04 -2.934825e+00 
1.909853e+04 -2.946314e+00 
1.914256e+04 -2.957840e+00 
1.918669e+04 -2.969404e+00 
1.923092e+04 -2.981006e+00 
1.927525e+04 -2.992646e+00 
1.931968e+04 -3.004324e+00 
1.936422e+04 -3.016040e+00 
1.940886e+04 -3.027794e+00 
1.945360e+04 -3.039586e+00 
1.949845e+04 -3.051417e+00 
1.954339e+04 -3.063286e+00 
1.958845e+04 -3.075194e+00 
1.963360e+04 -3.087140e+00 
1.967886e+04 -3.099125e+00 
1.972423e+04 -3.111149e+00 
1.976970e+04 -3.123211e+00 
1.981527e+04 -3.135312e+00 
1.986095e+04 -3.147453e+00 
1.990673e+04 -3.159632e+00 
1.995262e+04 -3.171850e+00 
1.999862e+04 -3.184107e+00 
2.004472e+04 -3.196403e+00 
2.009093e+04 -3.208739e+00 
2.013724e+04 -3.221114e+00 
2.018366e+04 -3.233529e+00 
2.023019e+04 -3.245983e+00 
2.027683e+04 -3.258476e+00 
2.032357e+04 -3.271009e+00 
2.037042e+04 -3.283582e+00 
2.041738e+04 -3.296194e+00 
2.046445e+04 -3.308846e+00 
2.051162e+04 -3.321539e+00 
2.055891e+04 -3.334271e+00 
2.060630e+04 -3.347043e+00 
2.065380e+04 -3.359855e+00 
2.070141e+04 -3.372707e+00 
2.074914e+04 -3.385600e+00 
2.079697e+04 -3.398532e+00 
2.084491e+04 -3.411506e+00 
2.089296e+04 -3.424519e+00 
2.094112e+04 -3.437573e+00 
2.098940e+04 -3.450668e+00 
2.103778e+04 -3.463803e+00 
2.108628e+04 -3.476978e+00 
2.113489e+04 -3.490195e+00 
2.118361e+04 -3.503452e+00 
2.123244e+04 -3.516750e+00 
2.128139e+04 -3.530090e+00 
2.133045e+04 -3.543470e+00 
2.137962e+04 -3.556891e+00 
2.142891e+04 -3.570353e+00 
2.147830e+04 -3.583856e+00 
2.152782e+04 -3.597401e+00 
2.157744e+04 -3.610987e+00 
2.162719e+04 -3.624614e+00 
2.167704e+04 -3.638283e+00 
2.172701e+04 -3.651993e+00 
2.177710e+04 -3.665744e+00 
2.182730e+04 -3.679538e+00 
2.187762e+04 -3.693373e+00 
2.192805e+04 -3.707249e+00 
2.197860e+04 -3.721168e+00 
2.202926e+04 -3.735128e+00 
2.208005e+04 -3.749130e+00 
2.213095e+04 -3.763174e+00 
2.218196e+04 -3.777260e+00 
2.223310e+04 -3.791388e+00 
2.228435e+04 -3.805558e+00 
2.233572e+04 -3.819771e+00 
2.238721e+04 -3.834025e+00 
2.243882e+04 -3.848322e+00 
2.249055e+04 -3.862661e+00 
2.254239e+04 -3.877043e+00 
2.259436e+04 -3.891467e+00 
2.264644e+04 -3.905934e+00 
2.269865e+04 -3.920443e+00 
2.275097e+04 -3.934995e+00 
2.280342e+04 -3.949589e+00 
2.285599e+04 -3.964226e+00 
2.290868e+04 -3.978906e+00 
2.296149e+04 -3.993629e+00 
2.301442e+04 -4.008395e+00 
2.306747e+04 -4.023203e+00 
2.312065e+04 -4.038055e+00 
2.317395e+04 -4.052949e+00 
2.322737e+04 -4.067887e+00 
2.328091e+04 -4.082868e+00 
2.333458e+04 -4.097892e+00 
2.338837e+04 -4.112959e+00 
2.344229e+04 -4.128069e+00 
2.349633e+04 -4.143223e+00 
2.355049e+04 -4.158420e+00 
2.360478e+04 -4.173661e+00 
2.365920e+04 -4.188945e+00 
2.371374e+04 -4.204273e+00 
2.376840e+04 -4.219644e+00 
2.382319e+04 -4.235059e+00 
2.387811e+04 -4.250517e+00 
2.393316e+04 -4.266019e+00 
2.398833e+04 -4.281565e+00 
2.404363e+04 -4.297155e+00 
2.409905e+04 -4.312788e+00 
2.415461e+04 -4.328466e+00 
2.421029e+04 -4.344187e+00 
2.426610e+04 -4.359953e+00 
2.432204e+04 -4.375762e+00 
2.437811e+04 -4.391615e+00 
2.443431e+04 -4.407513e+00 
2.449063e+04 -4.423454e+00 
2.454709e+04 -4.439440e+00 
2.460368e+04 -4.455470e+00 
2.466039e+04 -4.471545e+00 
2.471724e+04 -4.487663e+00 
2.477422e+04 -4.503826e+00 
2.483133e+04 -4.520034e+00 
2.488857e+04 -4.536285e+00 
2.494595e+04 -4.552582e+00 
2.500345e+04 -4.568922e+00 
2.506109e+04 -4.585308e+00 
2.511886e+04 -4.601737e+00 
2.517677e+04 -4.618212e+00 
2.523481e+04 -4.634731e+00 
2.529298e+04 -4.651295e+00 
2.535129e+04 -4.667903e+00 
2.540973e+04 -4.684556e+00 
2.546830e+04 -4.701254e+00 
2.552701e+04 -4.717997e+00 
2.558586e+04 -4.734785e+00 
2.564484e+04 -4.751617e+00 
2.570396e+04 -4.768495e+00 
2.576321e+04 -4.785417e+00 
2.582260e+04 -4.802385e+00 
2.588213e+04 -4.819397e+00 
2.594179e+04 -4.836455e+00 
2.600160e+04 -4.853557e+00 
2.606154e+04 -4.870705e+00 
2.612161e+04 -4.887898e+00 
2.618183e+04 -4.905136e+00 
2.624219e+04 -4.922419e+00 
2.630268e+04 -4.939747e+00 
2.636331e+04 -4.957121e+00 
2.642409e+04 -4.974540e+00 
2.648500e+04 -4.992004e+00 
2.654606e+04 -5.009514e+00 
2.660725e+04 -5.027069e+00 
2.666859e+04 -5.044669e+00 
2.673006e+04 -5.062315e+00 
2.679168e+04 -5.080006e+00 
2.685344e+04 -5.097742e+00 
2.691535e+04 -5.115524e+00 
2.697739e+04 -5.133352e+00 
2.703958e+04 -5.151225e+00 
2.710192e+04 -5.169144e+00 
2.716439e+04 -5.187108e+00 
2.722701e+04 -5.205118e+00 
2.728978e+04 -5.223173e+00 
2.735269e+04 -5.241274e+00 
2.741574e+04 -5.259421e+00 
2.747894e+04 -5.277613e+00 
2.754229e+04 -5.295851e+00 
2.760578e+04 -5.314135e+00 
2.766942e+04 -5.332465e+00 
2.773320e+04 -5.350840e+00 
2.779713e+04 -5.369261e+00 
2.786121e+04 -5.387728e+00 
2.792544e+04 -5.406240e+00 
2.798981e+04 -5.424799e+00 
2.805434e+04 -5.443403e+00 
2.811901e+04 -5.462053e+00 
2.818383e+04 -5.480749e+00 
2.824880e+04 -5.499491e+00 
2.831392e+04 -5.518278e+00 
2.837919e+04 -5.537112e+00 
2.844461e+04 -5.555991e+00 
2.851018e+04 -5.574917e+00 
2.857591e+04 -5.593888e+00 
2.864178e+04 -5.612905e+00 
2.870781e+04 -5.631969e+00 
2.877398e+04 -5.651078e+00 
2.884032e+04 -5.670233e+00 
2.890680e+04 -5.689434e+00 
2.897344e+04 -5.708681e+00 
2.904023e+04 -5.727974e+00 
2.910717e+04 -5.747314e+00 
2.917427e+04 -5.766699e+00 
2.924152e+04 -5.786130e+00 
2.930893e+04 -5.805607e+00 
2.937650e+04 -5.825130e+00 
2.944422e+04 -5.844699e+00 
2.951209e+04 -5.864315e+00 
2.958012e+04 -5.883976e+00 
2.964831e+04 -5.903683e+00 
2.971666e+04 -5.923437e+00 
2.978516e+04 -5.943236e+00 
2.985383e+04 -5.963082e+00 
2.992265e+04 -5.982974e+00 
2.999163e+04 -6.002911e+00 
3.006076e+04 -6.022895e+00 
3.013006e+04 -6.042925e+00 
3.019952e+04 -6.063000e+00 
3.026913e+04 -6.083122e+00 
3.033891e+04 -6.103290e+00 
3.040885e+04 -6.123504e+00 
3.047895e+04 -6.143764e+00 
3.054921e+04 -6.164070e+00 
3.061963e+04 -6.184423e+00 
3.069022e+04 -6.204821e+00 
3.076097e+04 -6.225265e+00 
3.083188e+04 -6.245755e+00 
3.090295e+04 -6.266292e+00 
3.097419e+04 -6.286874e+00 
3.104560e+04 -6.307502e+00 
3.111716e+04 -6.328176e+00 
3.118890e+04 -6.348897e+00 
3.126079e+04 -6.369663e+00 
3.133286e+04 -6.390475e+00 
3.140509e+04 -6.411334e+00 
3.147748e+04 -6.432238e+00 
3.155005e+04 -6.453188e+00 
3.162278e+04 -6.474184e+00 
3.169567e+04 -6.495226e+00 
3.176874e+04 -6.516315e+00 
3.184198e+04 -6.537448e+00 
3.191538e+04 -6.558628e+00 
3.198895e+04 -6.579854e+00 
3.206269e+04 -6.601126e+00 
3.213661e+04 -6.622443e+00 
3.221069e+04 -6.643807e+00 
3.228494e+04 -6.665216e+00 
3.235937e+04 -6.686671e+00 
3.243396e+04 -6.708172e+00 
3.250873e+04 -6.729718e+00 
3.258367e+04 -6.751310e+00 
3.265878e+04 -6.772949e+00 
3.273407e+04 -6.794632e+00 
3.280953e+04 -6.816362e+00 
3.288516e+04 -6.838137e+00 
3.296097e+04 -6.859958e+00 
3.303695e+04 -6.881825e+00 
3.311311e+04 -6.903737e+00 
3.318945e+04 -6.925695e+00 
3.326596e+04 -6.947699e+00 
3.334264e+04 -6.969748e+00 
3.341950e+04 -6.991843e+00 
3.349654e+04 -7.013983e+00 
3.357376e+04 -7.036169e+00 
3.365116e+04 -7.058400e+00 
3.372873e+04 -7.080677e+00 
3.380648e+04 -7.102999e+00 
3.388442e+04 -7.125366e+00 
3.396253e+04 -7.147779e+00 
3.404082e+04 -7.170238e+00 
3.411929e+04 -7.192741e+00 
3.419794e+04 -7.215290e+00 
3.427678e+04 -7.237885e+00 
3.435579e+04 -7.260524e+00 
3.443499e+04 -7.283209e+00 
3.451437e+04 -7.305939e+00 
3.459394e+04 -7.328714e+00 
3.467369e+04 -7.351535e+00 
3.475362e+04 -7.374400e+00 
3.483373e+04 -7.397311e+00 
3.491403e+04 -7.420267e+00 
3.499452e+04 -7.443267e+00 
3.507519e+04 -7.466313e+00 
3.515604e+04 -7.489404e+00 
3.523709e+04 -7.512540e+00 
3.531832e+04 -7.535720e+00 
3.539973e+04 -7.558946e+00 
3.548134e+04 -7.582216e+00 
3.556313e+04 -7.605531e+00 
3.564511e+04 -7.628891e+00 
3.572728e+04 -7.652295e+00 
3.580964e+04 -7.675745e+00 
3.589219e+04 -7.699239e+00 
3.597493e+04 -7.722777e+00 
3.605786e+04 -7.746361e+00 
3.614099e+04 -7.769988e+00 
3.622430e+04 -7.793661e+00 
3.630781e+04 -7.817377e+00 
3.639150e+04 -7.841139e+00 
3.647539e+04 -7.864944e+00 
3.655948e+04 -7.888794e+00 
3.664376e+04 -7.912689e+00 
3.672823e+04 -7.936627e+00 
3.681290e+04 -7.960610e+00 
3.689776e+04 -7.984637e+00 
3.698282e+04 -8.008709e+00 
3.706807e+04 -8.032824e+00 
3.715352e+04 -8.056984e+00 
3.723917e+04 -8.081187e+00 
3.732502e+04 -8.105435e+00 
3.741106e+04 -8.129726e+00 
3.749730e+04 -8.154062e+00 
3.758374e+04 -8.178441e+00 
3.767038e+04 -8.202864e+00 
3.775722e+04 -8.227331e+00 
3.784426e+04 -8.251842e+00 
3.793150e+04 -8.276396e+00 
3.801894e+04 -8.300994e+00 
3.810658e+04 -8.325635e+00 
3.819443e+04 -8.350321e+00 
3.828247e+04 -8.375049e+00 
3.837072e+04 -8.399821e+00 
3.845918e+04 -8.424637e+00 
3.854784e+04 -8.449496e+00 
3.863670e+04 -8.474398e+00 
3.872576e+04 -8.499343e+00 
3.881504e+04 -8.524332e+00 
3.890451e+04 -8.549364e+00 
3.899420e+04 -8.574439e+00 
3.908409e+04 -8.599557e+00 
3.917419e+04 -8.624718e+00 
3.926449e+04 -8.649922e+00 
3.935501e+04 -8.675169e+00 
3.944573e+04 -8.700459e+00 
3.953666e+04 -8.725791e+00 
3.962780e+04 -8.751166e+00 
3.971915e+04 -8.776584e+00 
3.981072e+04 -8.802045e+00 
3.990249e+04 -8.827549e+00 
3.999447e+04 -8.853094e+00 
4.008667e+04 -8.878683e+00 
4.017908e+04 -8.904313e+00 
4.027170e+04 -8.929987e+00 
4.036454e+04 -8.955702e+00 
4.045759e+04 -8.981460e+00 
4.055085e+04 -9.007260e+00 
4.064433e+04 -9.033102e+00 
4.073803e+04 -9.058986e+00 
4.083194e+04 -9.084912e+00 
4.092607e+04 -9.110881e+00 
4.102041e+04 -9.136891e+00 
4.111497e+04 -9.162943e+00 
4.120975e+04 -9.189037e+00 
4.130475e+04 -9.215172e+00 
4.139997e+04 -9.241349e+00 
4.149540e+04 -9.267568e+00 
4.159106e+04 -9.293829e+00 
4.168694e+04 -9.320131e+00 
4.178304e+04 -9.346474e+00 
4.187936e+04 -9.372859e+00 
4.197590e+04 -9.399285e+00 
4.207266e+04 -9.425753e+00 
4.216965e+04 -9.452262e+00 
4.226686e+04 -9.478811e+00 
4.236430e+04 -9.505402e+00 
4.246196e+04 -9.532034e+00 
4.255984e+04 -9.558707e+00 
4.265795e+04 -9.585421e+00 
4.275629e+04 -9.612176e+00 
4.285485e+04 -9.638971e+00 
4.295364e+04 -9.665807e+00 
4.305266e+04 -9.692684e+00 
4.315191e+04 -9.719601e+00 
4.325138e+04 -9.746559e+00 
4.335109e+04 -9.773557e+00 
4.345102e+04 -9.800596e+00 
4.355119e+04 -9.827675e+00 
4.365158e+04 -9.854794e+00 
4.375221e+04 -9.881954e+00 
4.385307e+04 -9.909153e+00 
4.395416e+04 -9.936393e+00 
4.405549e+04 -9.963673e+00 
4.415704e+04 -9.990992e+00 
4.425884e+04 -1.001835e+01 
4.436086e+04 -1.004575e+01 
4.446313e+04 -1.007319e+01 
4.456562e+04 -1.010067e+01 
4.466836e+04 -1.012819e+01 
4.477133e+04 -1.015574e+01 
4.487454e+04 -1.018334e+01 
4.497799e+04 -1.021098e+01 
4.508167e+04 -1.023865e+01 
4.518559e+04 -1.026637e+01 
4.528976e+04 -1.029412e+01 
4.539416e+04 -1.032192e+01 
4.549881e+04 -1.034975e+01 
4.560369e+04 -1.037762e+01 
4.570882e+04 -1.040553e+01 
4.581419e+04 -1.043348e+01 
4.591980e+04 -1.046147e+01 
4.602566e+04 -1.048949e+01 
4.613176e+04 -1.051756e+01 
4.623810e+04 -1.054566e+01 
4.634469e+04 -1.057380e+01 
4.645153e+04 -1.060198e+01 
4.655861e+04 -1.063020e+01 
4.666594e+04 -1.065846e+01 
4.677351e+04 -1.068675e+01 
4.688134e+04 -1.071509e+01 
4.698941e+04 -1.074346e+01 
4.709773e+04 -1.077187e+01 
4.720630e+04 -1.080032e+01 
4.731513e+04 -1.082880e+01 
4.742420e+04 -1.085732e+01 
4.753352e+04 -1.088588e+01 
4.764310e+04 -1.091448e+01 
4.775293e+04 -1.094312e+01 
4.786301e+04 -1.097179e+01 
4.797334e+04 -1.100050e+01 
4.808393e+04 -1.102925e+01 
4.819478e+04 -1.105803e+01 
4.830588e+04 -1.108685e+01 
4.841724e+04 -1.111571e+01 
4.852885e+04 -1.114461e+01 
4.864072e+04 -1.117354e+01 
4.875285e+04 -1.120251e+01 
4.886524e+04 -1.123152e+01 
4.897788e+04 -1.126056e+01 
4.909079e+04 -1.128964e+01 
4.920395e+04 -1.131876e+01 
4.931738e+04 -1.134791e+01 
4.943107e+04 -1.137710e+01 
4.954502e+04 -1.140632e+01 
4.965923e+04 -1.143558e+01 
4.977371e+04 -1.146488e+01 
4.988845e+04 -1.149421e+01 
5.000345e+04 -1.152358e+01 
5.011872e+04 -1.155299e+01 
5.023426e+04 -1.158243e+01 
5.035006e+04 -1.161191e+01 
5.046613e+04 -1.164142e+01 
5.058247e+04 -1.167097e+01 
5.069907e+04 -1.170055e+01 
5.081594e+04 -1.173017e+01 
5.093309e+04 -1.175983e+01 
5.105050e+04 -1.178952e+01 
5.116818e+04 -1.181924e+01 
5.128614e+04 -1.184900e+01 
5.140437e+04 -1.187880e+01 
5.152286e+04 -1.190863e+01 
5.164164e+04 -1.193849e+01 
5.176068e+04 -1.196839e+01 
5.188000e+04 -1.199833e+01 
5.199960e+04 -1.202830e+01 
5.211947e+04 -1.205830e+01 
5.223962e+04 -1.208834e+01 
5.236004e+04 -1.211841e+01 
5.248075e+04 -1.214852e+01 
5.260173e+04 -1.217866e+01 
5.272299e+04 -1.220884e+01 
5.284453e+04 -1.223905e+01 
5.296634e+04 -1.226929e+01 
5.308844e+04 -1.229957e+01 
5.321083e+04 -1.232988e+01 
5.333349e+04 -1.236023e+01 
5.345644e+04 -1.239061e+01 
5.357967e+04 -1.242102e+01 
5.370318e+04 -1.245147e+01 
5.382698e+04 -1.248195e+01 
5.395106e+04 -1.251246e+01 
5.407543e+04 -1.254300e+01 
5.420009e+04 -1.257358e+01 
5.432503e+04 -1.260420e+01 
5.445027e+04 -1.263484e+01 
5.457579e+04 -1.266552e+01 
5.470160e+04 -1.269623e+01 
5.482770e+04 -1.272698e+01 
5.495409e+04 -1.275775e+01 
5.508077e+04 -1.278856e+01 
5.520774e+04 -1.281941e+01 
5.533501e+04 -1.285028e+01 
5.546257e+04 -1.288119e+01 
5.559043e+04 -1.291213e+01 
5.571857e+04 -1.294310e+01 
5.584702e+04 -1.297410e+01 
5.597576e+04 -1.300514e+01 
5.610480e+04 -1.303621e+01 
5.623413e+04 -1.306731e+01 
5.636377e+04 -1.309844e+01 
5.649370e+04 -1.312960e+01 
5.662393e+04 -1.316080e+01 
5.675446e+04 -1.319202e+01 
5.688529e+04 -1.322328e+01 
5.701643e+04 -1.325457e+01 
5.714786e+04 -1.328589e+01 
5.727960e+04 -1.331725e+01 
5.741165e+04 -1.334863e+01 
5.754399e+04 -1.338004e+01 
5.767665e+04 -1.341149e+01 
5.780960e+04 -1.344296e+01 
5.794287e+04 -1.347447e+01 
5.807644e+04 -1.350601e+01 
5.821032e+04 -1.353758e+01 
5.834451e+04 -1.356918e+01 
5.847901e+04 -1.360081e+01 
5.861382e+04 -1.363247e+01 
5.874894e+04 -1.366416e+01 
5.888437e+04 -1.369588e+01 
5.902011e+04 -1.372763e+01 
5.915616e+04 -1.375941e+01 
5.929253e+04 -1.379122e+01 
5.942922e+04 -1.382307e+01 
5.956621e+04 -1.385494e+01 
5.970353e+04 -1.388684e+01 
5.984116e+04 -1.391877e+01 
5.997911e+04 -1.395073e+01 
6.011737e+04 -1.398272e+01 
6.025596e+04 -1.401474e+01 
6.039486e+04 -1.404679e+01 
6.053409e+04 -1.407886e+01 
6.067363e+04 -1.411097e+01 
6.081350e+04 -1.414311e+01 
6.095369e+04 -1.417527e+01 
6.109420e+04 -1.420747e+01 
6.123504e+04 -1.423969e+01 
6.137620e+04 -1.427194e+01 
6.151769e+04 -1.430422e+01 
6.165950e+04 -1.433653e+01 
6.180164e+04 -1.436887e+01 
6.194411e+04 -1.440124e+01 
6.208690e+04 -1.443363e+01 
6.223003e+04 -1.446606e+01 
6.237348e+04 -1.449851e+01 
6.251727e+04 -1.453099e+01 
6.266139e+04 -1.456349e+01 
6.280584e+04 -1.459603e+01 
6.295062e+04 -1.462859e+01 
6.309573e+04 -1.466118e+01 
6.324119e+04 -1.469380e+01 
6.338697e+04 -1.472645e+01 
6.353309e+04 -1.475913e+01 
6.367955e+04 -1.479183e+01 
6.382635e+04 -1.482456e+01 
6.397348e+04 -1.485731e+01 
6.412096e+04 -1.489010e+01 
6.426877e+04 -1.492291e+01 
6.441693e+04 -1.495575e+01 
6.456542e+04 -1.498861e+01 
6.471426e+04 -1.502151e+01 
6.486344e+04 -1.505442e+01 
6.501297e+04 -1.508737e+01 
6.516284e+04 -1.512034e+01 
6.531306e+04 -1.515334e+01 
6.546362e+04 -1.518637e+01 
6.561453e+04 -1.521942e+01 
6.576578e+04 -1.525250e+01 
6.591739e+04 -1.528561e+01 
6.606934e+04 -1.531874e+01 
6.622165e+04 -1.535189e+01 
6.637431e+04 -1.538508e+01 
6.652732e+04 -1.541829e+01 
6.668068e+04 -1.545152e+01 
6.683439e+04 -1.548479e+01 
6.698846e+04 -1.551807e+01 
6.714289e+04 -1.555139e+01 
6.729767e+04 -1.558472e+01 
6.745280e+04 -1.561809e+01 
6.760830e+04 -1.565148e+01 
6.776415e+04 -1.568489e+01 
6.792036e+04 -1.571833e+01 
6.807694e+04 -1.575180e+01 
6.823387e+04 -1.578529e+01 
6.839116e+04 -1.581880e+01 
6.854882e+04 -1.585234e+01 
6.870684e+04 -1.588591e+01 
6.886523e+04 -1.591950e+01 
6.902398e+04 -1.595312e+01 
6.918310e+04 -1.598676e+01 
6.934258e+04 -1.602042e+01 
6.950243e+04 -1.605411e+01 
6.966265e+04 -1.608782e+01 
6.982324e+04 -1.612156e+01 
6.998420e+04 -1.615532e+01 
7.014553e+04 -1.618911e+01 
7.030723e+04 -1.622292e+01 
7.046931e+04 -1.625675e+01 
7.063176e+04 -1.629061e+01 
7.079458e+04 -1.632449e+01 
7.095778e+04 -1.635840e+01 
7.112135e+04 -1.639233e+01 
7.128530e+04 -1.642628e+01 
7.144963e+04 -1.646026e+01 
7.161434e+04 -1.649426e+01 
7.177943e+04 -1.652828e+01 
7.194490e+04 -1.656233e+01 
7.211075e+04 -1.659640e+01 
7.227698e+04 -1.663050e+01 
7.244360e+04 -1.666461e+01 
7.261060e+04 -1.669875e+01 
7.277798e+04 -1.673292e+01 
7.294575e+04 -1.676710e+01 
7.311391e+04 -1.680131e+01 
7.328245e+04 -1.683554e+01 
7.345139e+04 -1.686980e+01 
7.362071e+04 -1.690407e+01 
7.379042e+04 -1.693837e+01 
7.396053e+04 -1.697270e+01 
7.413102e+04 -1.700704e+01 
7.430191e+04 -1.704141e+01 
7.447320e+04 -1.707580e+01 
7.464488e+04 -1.711021e+01 
7.481695e+04 -1.714464e+01 
7.498942e+04 -1.717910e+01 
7.516229e+04 -1.721357e+01 
7.533556e+04 -1.724807e+01 
7.550922e+04 -1.728259e+01 
7.568329e+04 -1.731714e+01 
7.585776e+04 -1.735170e+01 
7.603263e+04 -1.738629e+01 
7.620790e+04 -1.742089e+01 
7.638358e+04 -1.745552e+01 
7.655966e+04 -1.749017e+01 
7.673615e+04 -1.752485e+01 
7.691304e+04 -1.755954e+01 
7.709035e+04 -1.759425e+01 
7.726806e+04 -1.762899e+01 
7.744618e+04 -1.766374e+01 
7.762471e+04 -1.769852e+01 
7.780366e+04 -1.773332e+01 
7.798301e+04 -1.776814e+01 
7.816278e+04 -1.780298e+01 
7.834296e+04 -1.783784e+01 
7.852356e+04 -1.787272e+01 
7.870458e+04 -1.790762e+01 
7.888601e+04 -1.794254e+01 
7.906786e+04 -1.797748e+01 
7.925013e+04 -1.801245e+01 
7.943282e+04 -1.804743e+01 
7.961594e+04 -1.808243e+01 
7.979947e+04 -1.811746e+01 
7.998343e+04 -1.815250e+01 
8.016781e+04 -1.818756e+01 
8.035261e+04 -1.822264e+01 
8.053784e+04 -1.825775e+01 
8.072350e+04 -1.829287e+01 
8.090959e+04 -1.832801e+01 
8.109611e+04 -1.836317e+01 
8.128305e+04 -1.839836e+01 
8.147043e+04 -1.843356e+01 
8.165824e+04 -1.846878e+01 
8.184648e+04 -1.850402e+01 
8.203515e+04 -1.853927e+01 
8.222426e+04 -1.857455e+01 
8.241381e+04 -1.860985e+01 
8.260379e+04 -1.864517e+01 
8.279422e+04 -1.868050e+01 
8.298508e+04 -1.871586e+01 
8.317638e+04 -1.875123e+01 
8.336812e+04 -1.878662e+01 
8.356030e+04 -1.882203e+01 
8.375293e+04 -1.885746e+01 
8.394600e+04 -1.889291e+01 
8.413951e+04 -1.892838e+01 
8.433348e+04 -1.896386e+01 
8.452788e+04 -1.899936e+01 
8.472274e+04 -1.903489e+01 
8.491805e+04 -1.907043e+01 
8.511380e+04 -1.910598e+01 
8.531001e+04 -1.914156e+01 
8.550667e+04 -1.917716e+01 
8.570378e+04 -1.921277e+01 
8.590135e+04 -1.924840e+01 
8.609938e+04 -1.928405e+01 
8.629785e+04 -1.931971e+01 
8.649679e+04 -1.935540e+01 
8.669619e+04 -1.939110e+01 
8.689604e+04 -1.942682e+01 
8.709636e+04 -1.946255e+01 
8.729714e+04 -1.949831e+01 
8.749838e+04 -1.953408e+01 
8.770008e+04 -1.956987e+01 
8.790225e+04 -1.960568e+01 
8.810489e+04 -1.964150e+01 
8.830799e+04 -1.967734e+01 
8.851156e+04 -1.971320e+01 
8.871560e+04 -1.974908e+01 
8.892011e+04 -1.978497e+01 
8.912509e+04 -1.982088e+01 
8.933055e+04 -1.985680e+01 
8.953648e+04 -1.989275e+01 
8.974288e+04 -1.992871e+01 
8.994976e+04 -1.996468e+01 
9.015711e+04 -2.000067e+01 
9.036495e+04 -2.003668e+01 
9.057326e+04 -2.007271e+01 
9.078205e+04 -2.010875e+01 
9.099133e+04 -2.014481e+01 
9.120108e+04 -2.018089e+01 
9.141132e+04 -2.021698e+01 
9.162205e+04 -2.025309e+01 
9.183326e+04 -2.028921e+01 
9.204496e+04 -2.032535e+01 
9.225714e+04 -2.036151e+01 
9.246982e+04 -2.039768e+01 
9.268298e+04 -2.043387e+01 
9.289664e+04 -2.047007e+01 
9.311079e+04 -2.050629e+01 
9.332543e+04 -2.054252e+01 
9.354057e+04 -2.057877e+01 
9.375620e+04 -2.061504e+01 
9.397233e+04 -2.065132e+01 
9.418896e+04 -2.068762e+01 
9.440609e+04 -2.072393e+01 
9.462372e+04 -2.076026e+01 
9.484185e+04 -2.079661e+01 
9.506048e+04 -2.083297e+01 
9.527962e+04 -2.086934e+01 
9.549926e+04 -2.090573e+01 
9.571941e+04 -2.094213e+01 
9.594006e+04 -2.097855e+01 
9.616123e+04 -2.101499e+01 
9.638290e+04 -2.105144e+01 
9.660509e+04 -2.108790e+01 
9.682779e+04 -2.112438e+01 
9.705100e+04 -2.116087e+01 
9.727472e+04 -2.119738e+01 
9.749896e+04 -2.123391e+01 
9.772372e+04 -2.127044e+01 
9.794900e+04 -2.130700e+01 
9.817479e+04 -2.134356e+01 
9.840111e+04 -2.138014e+01 
9.862795e+04 -2.141674e+01 
9.885531e+04 -2.145335e+01 
9.908319e+04 -2.148997e+01 
9.931160e+04 -2.152661e+01 
9.954054e+04 -2.156327e+01 
9.977001e+04 -2.159993e+01 
1.000000e+05 -2.163661e+01 
