1.000000e+01 -3.532053e-05 
1.002305e+01 -3.548356e-05 
1.004616e+01 -3.564735e-05 
1.006932e+01 -3.581189e-05 
1.009253e+01 -3.597719e-05 
1.011579e+01 -3.614325e-05 
1.013911e+01 -3.631008e-05 
1.016249e+01 -3.647768e-05 
1.018591e+01 -3.664605e-05 
1.020939e+01 -3.681520e-05 
1.023293e+01 -3.698513e-05 
1.025652e+01 -3.715584e-05 
1.028016e+01 -3.732735e-05 
1.030386e+01 -3.749964e-05 
1.032761e+01 -3.767273e-05 
1.035142e+01 -3.784662e-05 
1.037528e+01 -3.802131e-05 
1.039920e+01 -3.819681e-05 
1.042317e+01 -3.837312e-05 
1.044720e+01 -3.855024e-05 
1.047129e+01 -3.872818e-05 
1.049542e+01 -3.890694e-05 
1.051962e+01 -3.908652e-05 
1.054387e+01 -3.926694e-05 
1.056818e+01 -3.944818e-05 
1.059254e+01 -3.963027e-05 
1.061696e+01 -3.981319e-05 
1.064143e+01 -3.999696e-05 
1.066596e+01 -4.018158e-05 
1.069055e+01 -4.036705e-05 
1.071519e+01 -4.055337e-05 
1.073989e+01 -4.074056e-05 
1.076465e+01 -4.092860e-05 
1.078947e+01 -4.111752e-05 
1.081434e+01 -4.130731e-05 
1.083927e+01 -4.149797e-05 
1.086426e+01 -4.168952e-05 
1.088930e+01 -4.188195e-05 
1.091440e+01 -4.207527e-05 
1.093956e+01 -4.226948e-05 
1.096478e+01 -4.246458e-05 
1.099006e+01 -4.266059e-05 
1.101539e+01 -4.285750e-05 
1.104079e+01 -4.305532e-05 
1.106624e+01 -4.325405e-05 
1.109175e+01 -4.345370e-05 
1.111732e+01 -4.365428e-05 
1.114295e+01 -4.385577e-05 
1.116863e+01 -4.405820e-05 
1.119438e+01 -4.426157e-05 
1.122018e+01 -4.446587e-05 
1.124605e+01 -4.467111e-05 
1.127197e+01 -4.487730e-05 
1.129796e+01 -4.508444e-05 
1.132400e+01 -4.529254e-05 
1.135011e+01 -4.550160e-05 
1.137627e+01 -4.571163e-05 
1.140250e+01 -4.592262e-05 
1.142878e+01 -4.613459e-05 
1.145513e+01 -4.634754e-05 
1.148154e+01 -4.656147e-05 
1.150800e+01 -4.677638e-05 
1.153453e+01 -4.699229e-05 
1.156112e+01 -4.720920e-05 
1.158777e+01 -4.742710e-05 
1.161449e+01 -4.764602e-05 
1.164126e+01 -4.786594e-05 
1.166810e+01 -4.808688e-05 
1.169499e+01 -4.830883e-05 
1.172195e+01 -4.853182e-05 
1.174898e+01 -4.875583e-05 
1.177606e+01 -4.898087e-05 
1.180321e+01 -4.920696e-05 
1.183042e+01 -4.943409e-05 
1.185769e+01 -4.966226e-05 
1.188502e+01 -4.989149e-05 
1.191242e+01 -5.012178e-05 
1.193988e+01 -5.035313e-05 
1.196741e+01 -5.058555e-05 
1.199499e+01 -5.081904e-05 
1.202264e+01 -5.105361e-05 
1.205036e+01 -5.128926e-05 
1.207814e+01 -5.152600e-05 
1.210598e+01 -5.176383e-05 
1.213389e+01 -5.200276e-05 
1.216186e+01 -5.224279e-05 
1.218990e+01 -5.248393e-05 
1.221800e+01 -5.272618e-05 
1.224616e+01 -5.296956e-05 
1.227439e+01 -5.321405e-05 
1.230269e+01 -5.345967e-05 
1.233105e+01 -5.370643e-05 
1.235947e+01 -5.395433e-05 
1.238797e+01 -5.420337e-05 
1.241652e+01 -5.445356e-05 
1.244515e+01 -5.470490e-05 
1.247384e+01 -5.495741e-05 
1.250259e+01 -5.521108e-05 
1.253141e+01 -5.546592e-05 
1.256030e+01 -5.572194e-05 
1.258925e+01 -5.597913e-05 
1.261828e+01 -5.623752e-05 
1.264736e+01 -5.649710e-05 
1.267652e+01 -5.675788e-05 
1.270574e+01 -5.701986e-05 
1.273503e+01 -5.728305e-05 
1.276439e+01 -5.754745e-05 
1.279381e+01 -5.781308e-05 
1.282331e+01 -5.807993e-05 
1.285287e+01 -5.834801e-05 
1.288250e+01 -5.861733e-05 
1.291219e+01 -5.888790e-05 
1.294196e+01 -5.915971e-05 
1.297179e+01 -5.943277e-05 
1.300170e+01 -5.970710e-05 
1.303167e+01 -5.998270e-05 
1.306171e+01 -6.025956e-05 
1.309182e+01 -6.053770e-05 
1.312200e+01 -6.081713e-05 
1.315225e+01 -6.109785e-05 
1.318257e+01 -6.137986e-05 
1.321296e+01 -6.166318e-05 
1.324342e+01 -6.194780e-05 
1.327394e+01 -6.223374e-05 
1.330454e+01 -6.252099e-05 
1.333521e+01 -6.280957e-05 
1.336596e+01 -6.309949e-05 
1.339677e+01 -6.339074e-05 
1.342765e+01 -6.368333e-05 
1.345860e+01 -6.397728e-05 
1.348963e+01 -6.427258e-05 
1.352073e+01 -6.456925e-05 
1.355189e+01 -6.486729e-05 
1.358313e+01 -6.516670e-05 
1.361445e+01 -6.546749e-05 
1.364583e+01 -6.576967e-05 
1.367729e+01 -6.607325e-05 
1.370882e+01 -6.637823e-05 
1.374042e+01 -6.668461e-05 
1.377209e+01 -6.699241e-05 
1.380384e+01 -6.730163e-05 
1.383566e+01 -6.761228e-05 
1.386756e+01 -6.792436e-05 
1.389953e+01 -6.823789e-05 
1.393157e+01 -6.855286e-05 
1.396368e+01 -6.886928e-05 
1.399587e+01 -6.918716e-05 
1.402814e+01 -6.950651e-05 
1.406048e+01 -6.982734e-05 
1.409289e+01 -7.014964e-05 
1.412538e+01 -7.047344e-05 
1.415794e+01 -7.079873e-05 
1.419058e+01 -7.112551e-05 
1.422329e+01 -7.145381e-05 
1.425608e+01 -7.178363e-05 
1.428894e+01 -7.211496e-05 
1.432188e+01 -7.244783e-05 
1.435489e+01 -7.278223e-05 
1.438799e+01 -7.311817e-05 
1.442115e+01 -7.345567e-05 
1.445440e+01 -7.379472e-05 
1.448772e+01 -7.413534e-05 
1.452112e+01 -7.447753e-05 
1.455459e+01 -7.482130e-05 
1.458814e+01 -7.516665e-05 
1.462177e+01 -7.551360e-05 
1.465548e+01 -7.586216e-05 
1.468926e+01 -7.621232e-05 
1.472313e+01 -7.656409e-05 
1.475707e+01 -7.691750e-05 
1.479108e+01 -7.727253e-05 
1.482518e+01 -7.762920e-05 
1.485936e+01 -7.798751e-05 
1.489361e+01 -7.834749e-05 
1.492794e+01 -7.870912e-05 
1.496236e+01 -7.907242e-05 
1.499685e+01 -7.943740e-05 
1.503142e+01 -7.980406e-05 
1.506607e+01 -8.017242e-05 
1.510080e+01 -8.054247e-05 
1.513561e+01 -8.091424e-05 
1.517050e+01 -8.128771e-05 
1.520548e+01 -8.166292e-05 
1.524053e+01 -8.203985e-05 
1.527566e+01 -8.241853e-05 
1.531087e+01 -8.279895e-05 
1.534617e+01 -8.318113e-05 
1.538155e+01 -8.356507e-05 
1.541700e+01 -8.395079e-05 
1.545254e+01 -8.433828e-05 
1.548817e+01 -8.472757e-05 
1.552387e+01 -8.511865e-05 
1.555966e+01 -8.551154e-05 
1.559553e+01 -8.590623e-05 
1.563148e+01 -8.630276e-05 
1.566751e+01 -8.670111e-05 
1.570363e+01 -8.710130e-05 
1.573983e+01 -8.750333e-05 
1.577611e+01 -8.790723e-05 
1.581248e+01 -8.831298e-05 
1.584893e+01 -8.872061e-05 
1.588547e+01 -8.913013e-05 
1.592209e+01 -8.954153e-05 
1.595879e+01 -8.995483e-05 
1.599558e+01 -9.037004e-05 
1.603245e+01 -9.078716e-05 
1.606941e+01 -9.120621e-05 
1.610646e+01 -9.162720e-05 
1.614359e+01 -9.205012e-05 
1.618080e+01 -9.247500e-05 
1.621810e+01 -9.290184e-05 
1.625549e+01 -9.333065e-05 
1.629296e+01 -9.376144e-05 
1.633052e+01 -9.419422e-05 
1.636817e+01 -9.462900e-05 
1.640590e+01 -9.506578e-05 
1.644372e+01 -9.550458e-05 
1.648162e+01 -9.594541e-05 
1.651962e+01 -9.638826e-05 
1.655770e+01 -9.683317e-05 
1.659587e+01 -9.728012e-05 
1.663413e+01 -9.772914e-05 
1.667247e+01 -9.818024e-05 
1.671091e+01 -9.863341e-05 
1.674943e+01 -9.908868e-05 
1.678804e+01 -9.954604e-05 
1.682674e+01 -1.000055e-04 
1.686553e+01 -1.004671e-04 
1.690441e+01 -1.009309e-04 
1.694338e+01 -1.013967e-04 
1.698244e+01 -1.018647e-04 
1.702159e+01 -1.023349e-04 
1.706082e+01 -1.028073e-04 
1.710015e+01 -1.032818e-04 
1.713957e+01 -1.037585e-04 
1.717908e+01 -1.042374e-04 
1.721869e+01 -1.047186e-04 
1.725838e+01 -1.052019e-04 
1.729816e+01 -1.056875e-04 
1.733804e+01 -1.061753e-04 
1.737801e+01 -1.066654e-04 
1.741807e+01 -1.071578e-04 
1.745822e+01 -1.076524e-04 
1.749847e+01 -1.081493e-04 
1.753881e+01 -1.086485e-04 
1.757924e+01 -1.091499e-04 
1.761976e+01 -1.096538e-04 
1.766038e+01 -1.101599e-04 
1.770109e+01 -1.106684e-04 
1.774189e+01 -1.111792e-04 
1.778279e+01 -1.116923e-04 
1.782379e+01 -1.122079e-04 
1.786488e+01 -1.127258e-04 
1.790606e+01 -1.132461e-04 
1.794734e+01 -1.137688e-04 
1.798871e+01 -1.142940e-04 
1.803018e+01 -1.148215e-04 
1.807174e+01 -1.153515e-04 
1.811340e+01 -1.158839e-04 
1.815516e+01 -1.164188e-04 
1.819701e+01 -1.169562e-04 
1.823896e+01 -1.174960e-04 
1.828100e+01 -1.180383e-04 
1.832314e+01 -1.185832e-04 
1.836538e+01 -1.191305e-04 
1.840772e+01 -1.196804e-04 
1.845015e+01 -1.202328e-04 
1.849269e+01 -1.207878e-04 
1.853532e+01 -1.213453e-04 
1.857804e+01 -1.219054e-04 
1.862087e+01 -1.224681e-04 
1.866380e+01 -1.230333e-04 
1.870682e+01 -1.236012e-04 
1.874995e+01 -1.241717e-04 
1.879317e+01 -1.247449e-04 
1.883649e+01 -1.253207e-04 
1.887991e+01 -1.258991e-04 
1.892344e+01 -1.264802e-04 
1.896706e+01 -1.270640e-04 
1.901078e+01 -1.276505e-04 
1.905461e+01 -1.282397e-04 
1.909853e+01 -1.288316e-04 
1.914256e+01 -1.294263e-04 
1.918669e+01 -1.300237e-04 
1.923092e+01 -1.306238e-04 
1.927525e+01 -1.312268e-04 
1.931968e+01 -1.318325e-04 
1.936422e+01 -1.324410e-04 
1.940886e+01 -1.330523e-04 
1.945360e+01 -1.336664e-04 
1.949845e+01 -1.342834e-04 
1.954339e+01 -1.349032e-04 
1.958845e+01 -1.355259e-04 
1.963360e+01 -1.361514e-04 
1.967886e+01 -1.367799e-04 
1.972423e+01 -1.374112e-04 
1.976970e+01 -1.380454e-04 
1.981527e+01 -1.386826e-04 
1.986095e+01 -1.393227e-04 
1.990673e+01 -1.399658e-04 
1.995262e+01 -1.406119e-04 
1.999862e+01 -1.412609e-04 
2.004472e+01 -1.419129e-04 
2.009093e+01 -1.425679e-04 
2.013724e+01 -1.432260e-04 
2.018366e+01 -1.438871e-04 
2.023019e+01 -1.445512e-04 
2.027683e+01 -1.452184e-04 
2.032357e+01 -1.458887e-04 
2.037042e+01 -1.465621e-04 
2.041738e+01 -1.472386e-04 
2.046445e+01 -1.479182e-04 
2.051162e+01 -1.486009e-04 
2.055891e+01 -1.492868e-04 
2.060630e+01 -1.499759e-04 
2.065380e+01 -1.506681e-04 
2.070141e+01 -1.513636e-04 
2.074914e+01 -1.520622e-04 
2.079697e+01 -1.527641e-04 
2.084491e+01 -1.534692e-04 
2.089296e+01 -1.541776e-04 
2.094112e+01 -1.548892e-04 
2.098940e+01 -1.556042e-04 
2.103778e+01 -1.563224e-04 
2.108628e+01 -1.570439e-04 
2.113489e+01 -1.577688e-04 
2.118361e+01 -1.584970e-04 
2.123244e+01 -1.592286e-04 
2.128139e+01 -1.599635e-04 
2.133045e+01 -1.607019e-04 
2.137962e+01 -1.614436e-04 
2.142891e+01 -1.621888e-04 
2.147830e+01 -1.629374e-04 
2.152782e+01 -1.636895e-04 
2.157744e+01 -1.644450e-04 
2.162719e+01 -1.652041e-04 
2.167704e+01 -1.659666e-04 
2.172701e+01 -1.667326e-04 
2.177710e+01 -1.675022e-04 
2.182730e+01 -1.682754e-04 
2.187762e+01 -1.690521e-04 
2.192805e+01 -1.698324e-04 
2.197860e+01 -1.706163e-04 
2.202926e+01 -1.714038e-04 
2.208005e+01 -1.721949e-04 
2.213095e+01 -1.729897e-04 
2.218196e+01 -1.737882e-04 
2.223310e+01 -1.745904e-04 
2.228435e+01 -1.753962e-04 
2.233572e+01 -1.762058e-04 
2.238721e+01 -1.770191e-04 
2.243882e+01 -1.778362e-04 
2.249055e+01 -1.786570e-04 
2.254239e+01 -1.794816e-04 
2.259436e+01 -1.803101e-04 
2.264644e+01 -1.811423e-04 
2.269865e+01 -1.819784e-04 
2.275097e+01 -1.828184e-04 
2.280342e+01 -1.836622e-04 
2.285599e+01 -1.845099e-04 
2.290868e+01 -1.853616e-04 
2.296149e+01 -1.862171e-04 
2.301442e+01 -1.870767e-04 
2.306747e+01 -1.879402e-04 
2.312065e+01 -1.888076e-04 
2.317395e+01 -1.896791e-04 
2.322737e+01 -1.905546e-04 
2.328091e+01 -1.914341e-04 
2.333458e+01 -1.923177e-04 
2.338837e+01 -1.932054e-04 
2.344229e+01 -1.940972e-04 
2.349633e+01 -1.949931e-04 
2.355049e+01 -1.958931e-04 
2.360478e+01 -1.967973e-04 
2.365920e+01 -1.977057e-04 
2.371374e+01 -1.986182e-04 
2.376840e+01 -1.995350e-04 
2.382319e+01 -2.004560e-04 
2.387811e+01 -2.013812e-04 
2.393316e+01 -2.023107e-04 
2.398833e+01 -2.032445e-04 
2.404363e+01 -2.041826e-04 
2.409905e+01 -2.051251e-04 
2.415461e+01 -2.060719e-04 
2.421029e+01 -2.070230e-04 
2.426610e+01 -2.079786e-04 
2.432204e+01 -2.089385e-04 
2.437811e+01 -2.099029e-04 
2.443431e+01 -2.108718e-04 
2.449063e+01 -2.118451e-04 
2.454709e+01 -2.128229e-04 
2.460368e+01 -2.138052e-04 
2.466039e+01 -2.147921e-04 
2.471724e+01 -2.157835e-04 
2.477422e+01 -2.167795e-04 
2.483133e+01 -2.177800e-04 
2.488857e+01 -2.187853e-04 
2.494595e+01 -2.197951e-04 
2.500345e+01 -2.208096e-04 
2.506109e+01 -2.218288e-04 
2.511886e+01 -2.228527e-04 
2.517677e+01 -2.238813e-04 
2.523481e+01 -2.249146e-04 
2.529298e+01 -2.259528e-04 
2.535129e+01 -2.269957e-04 
2.540973e+01 -2.280434e-04 
2.546830e+01 -2.290960e-04 
2.552701e+01 -2.301534e-04 
2.558586e+01 -2.312158e-04 
2.564484e+01 -2.322830e-04 
2.570396e+01 -2.333551e-04 
2.576321e+01 -2.344322e-04 
2.582260e+01 -2.355143e-04 
2.588213e+01 -2.366013e-04 
2.594179e+01 -2.376934e-04 
2.600160e+01 -2.387905e-04 
2.606154e+01 -2.398927e-04 
2.612161e+01 -2.409999e-04 
2.618183e+01 -2.421123e-04 
2.624219e+01 -2.432298e-04 
2.630268e+01 -2.443525e-04 
2.636331e+01 -2.454803e-04 
2.642409e+01 -2.466134e-04 
2.648500e+01 -2.477517e-04 
2.654606e+01 -2.488952e-04 
2.660725e+01 -2.500440e-04 
2.666859e+01 -2.511981e-04 
2.673006e+01 -2.523576e-04 
2.679168e+01 -2.535224e-04 
2.685344e+01 -2.546926e-04 
2.691535e+01 -2.558681e-04 
2.697739e+01 -2.570491e-04 
2.703958e+01 -2.582356e-04 
2.710192e+01 -2.594275e-04 
2.716439e+01 -2.606249e-04 
2.722701e+01 -2.618279e-04 
2.728978e+01 -2.630364e-04 
2.735269e+01 -2.642505e-04 
2.741574e+01 -2.654702e-04 
2.747894e+01 -2.666955e-04 
2.754229e+01 -2.679264e-04 
2.760578e+01 -2.691631e-04 
2.766942e+01 -2.704055e-04 
2.773320e+01 -2.716536e-04 
2.779713e+01 -2.729074e-04 
2.786121e+01 -2.741671e-04 
2.792544e+01 -2.754325e-04 
2.798981e+01 -2.767038e-04 
2.805434e+01 -2.779810e-04 
2.811901e+01 -2.792640e-04 
2.818383e+01 -2.805530e-04 
2.824880e+01 -2.818480e-04 
2.831392e+01 -2.831489e-04 
2.837919e+01 -2.844558e-04 
2.844461e+01 -2.857687e-04 
2.851018e+01 -2.870877e-04 
2.857591e+01 -2.884128e-04 
2.864178e+01 -2.897440e-04 
2.870781e+01 -2.910814e-04 
2.877398e+01 -2.924249e-04 
2.884032e+01 -2.937746e-04 
2.890680e+01 -2.951306e-04 
2.897344e+01 -2.964928e-04 
2.904023e+01 -2.978613e-04 
2.910717e+01 -2.992361e-04 
2.917427e+01 -3.006173e-04 
2.924152e+01 -3.020048e-04 
2.930893e+01 -3.033988e-04 
2.937650e+01 -3.047991e-04 
2.944422e+01 -3.062060e-04 
2.951209e+01 -3.076193e-04 
2.958012e+01 -3.090392e-04 
2.964831e+01 -3.104656e-04 
2.971666e+01 -3.118986e-04 
2.978516e+01 -3.133382e-04 
2.985383e+01 -3.147844e-04 
2.992265e+01 -3.162374e-04 
2.999163e+01 -3.176970e-04 
3.006076e+01 -3.191634e-04 
3.013006e+01 -3.206365e-04 
3.019952e+01 -3.221164e-04 
3.026913e+01 -3.236032e-04 
3.033891e+01 -3.250968e-04 
3.040885e+01 -3.265973e-04 
3.047895e+01 -3.281048e-04 
3.054921e+01 -3.296192e-04 
3.061963e+01 -3.311406e-04 
3.069022e+01 -3.326690e-04 
3.076097e+01 -3.342045e-04 
3.083188e+01 -3.357470e-04 
3.090295e+01 -3.372967e-04 
3.097419e+01 -3.388536e-04 
3.104560e+01 -3.404176e-04 
3.111716e+01 -3.419888e-04 
3.118890e+01 -3.435673e-04 
3.126079e+01 -3.451531e-04 
3.133286e+01 -3.467461e-04 
3.140509e+01 -3.483466e-04 
3.147748e+01 -3.499544e-04 
3.155005e+01 -3.515697e-04 
3.162278e+01 -3.531924e-04 
3.169567e+01 -3.548226e-04 
3.176874e+01 -3.564603e-04 
3.184198e+01 -3.581056e-04 
3.191538e+01 -3.597584e-04 
3.198895e+01 -3.614189e-04 
3.206269e+01 -3.630871e-04 
3.213661e+01 -3.647630e-04 
3.221069e+01 -3.664466e-04 
3.228494e+01 -3.681379e-04 
3.235937e+01 -3.698371e-04 
3.243396e+01 -3.715441e-04 
3.250873e+01 -3.732590e-04 
3.258367e+01 -3.749818e-04 
3.265878e+01 -3.767126e-04 
3.273407e+01 -3.784514e-04 
3.280953e+01 -3.801981e-04 
3.288516e+01 -3.819530e-04 
3.296097e+01 -3.837159e-04 
3.303695e+01 -3.854870e-04 
3.311311e+01 -3.872662e-04 
3.318945e+01 -3.890537e-04 
3.326596e+01 -3.908494e-04 
3.334264e+01 -3.926534e-04 
3.341950e+01 -3.944657e-04 
3.349654e+01 -3.962864e-04 
3.357376e+01 -3.981155e-04 
3.365116e+01 -3.999530e-04 
3.372873e+01 -4.017990e-04 
3.380648e+01 -4.036536e-04 
3.388442e+01 -4.055167e-04 
3.396253e+01 -4.073884e-04 
3.404082e+01 -4.092687e-04 
3.411929e+01 -4.111577e-04 
3.419794e+01 -4.130554e-04 
3.427678e+01 -4.149619e-04 
3.435579e+01 -4.168772e-04 
3.443499e+01 -4.188013e-04 
3.451437e+01 -4.207343e-04 
3.459394e+01 -4.226763e-04 
3.467369e+01 -4.246271e-04 
3.475362e+01 -4.265870e-04 
3.483373e+01 -4.285560e-04 
3.491403e+01 -4.305340e-04 
3.499452e+01 -4.325212e-04 
3.507519e+01 -4.345175e-04 
3.515604e+01 -4.365230e-04 
3.523709e+01 -4.385378e-04 
3.531832e+01 -4.405619e-04 
3.539973e+01 -4.425954e-04 
3.548134e+01 -4.446382e-04 
3.556313e+01 -4.466904e-04 
3.564511e+01 -4.487522e-04 
3.572728e+01 -4.508234e-04 
3.580964e+01 -4.529042e-04 
3.589219e+01 -4.549946e-04 
3.597493e+01 -4.570946e-04 
3.605786e+01 -4.592044e-04 
3.614099e+01 -4.613239e-04 
3.622430e+01 -4.634531e-04 
3.630781e+01 -4.655922e-04 
3.639150e+01 -4.677412e-04 
3.647539e+01 -4.699001e-04 
3.655948e+01 -4.720689e-04 
3.664376e+01 -4.742477e-04 
3.672823e+01 -4.764367e-04 
3.681290e+01 -4.786357e-04 
3.689776e+01 -4.808448e-04 
3.698282e+01 -4.830642e-04 
3.706807e+01 -4.852938e-04 
3.715352e+01 -4.875337e-04 
3.723917e+01 -4.897839e-04 
3.732502e+01 -4.920445e-04 
3.741106e+01 -4.943155e-04 
3.749730e+01 -4.965971e-04 
3.758374e+01 -4.988891e-04 
3.767038e+01 -5.011918e-04 
3.775722e+01 -5.035050e-04 
3.784426e+01 -5.058290e-04 
3.793150e+01 -5.081636e-04 
3.801894e+01 -5.105091e-04 
3.810658e+01 -5.128653e-04 
3.819443e+01 -5.152325e-04 
3.828247e+01 -5.176105e-04 
3.837072e+01 -5.199996e-04 
3.845918e+01 -5.223996e-04 
3.854784e+01 -5.248108e-04 
3.863670e+01 -5.272330e-04 
3.872576e+01 -5.296665e-04 
3.881504e+01 -5.321112e-04 
3.890451e+01 -5.345671e-04 
3.899420e+01 -5.370344e-04 
3.908409e+01 -5.395131e-04 
3.917419e+01 -5.420032e-04 
3.926449e+01 -5.445049e-04 
3.935501e+01 -5.470180e-04 
3.944573e+01 -5.495428e-04 
3.953666e+01 -5.520792e-04 
3.962780e+01 -5.546273e-04 
3.971915e+01 -5.571872e-04 
3.981072e+01 -5.597589e-04 
3.990249e+01 -5.623425e-04 
3.999447e+01 -5.649379e-04 
4.008667e+01 -5.675454e-04 
4.017908e+01 -5.701649e-04 
4.027170e+01 -5.727965e-04 
4.036454e+01 -5.754402e-04 
4.045759e+01 -5.780962e-04 
4.055085e+01 -5.807644e-04 
4.064433e+01 -5.834449e-04 
4.073803e+01 -5.861377e-04 
4.083194e+01 -5.888430e-04 
4.092607e+01 -5.915608e-04 
4.102041e+01 -5.942912e-04 
4.111497e+01 -5.970341e-04 
4.120975e+01 -5.997897e-04 
4.130475e+01 -6.025580e-04 
4.139997e+01 -6.053391e-04 
4.149540e+01 -6.081330e-04 
4.159106e+01 -6.109398e-04 
4.168694e+01 -6.137596e-04 
4.178304e+01 -6.165924e-04 
4.187936e+01 -6.194382e-04 
4.197590e+01 -6.222972e-04 
4.207266e+01 -6.251694e-04 
4.216965e+01 -6.280549e-04 
4.226686e+01 -6.309536e-04 
4.236430e+01 -6.338658e-04 
4.246196e+01 -6.367913e-04 
4.255984e+01 -6.397304e-04 
4.265795e+01 -6.426831e-04 
4.275629e+01 -6.456493e-04 
4.285485e+01 -6.486293e-04 
4.295364e+01 -6.516230e-04 
4.305266e+01 -6.546305e-04 
4.315191e+01 -6.576519e-04 
4.325138e+01 -6.606873e-04 
4.335109e+01 -6.637367e-04 
4.345102e+01 -6.668001e-04 
4.355119e+01 -6.698777e-04 
4.365158e+01 -6.729694e-04 
4.375221e+01 -6.760755e-04 
4.385307e+01 -6.791959e-04 
4.395416e+01 -6.823306e-04 
4.405549e+01 -6.854799e-04 
4.415704e+01 -6.886437e-04 
4.425884e+01 -6.918220e-04 
4.436086e+01 -6.950151e-04 
4.446313e+01 -6.982229e-04 
4.456562e+01 -7.014455e-04 
4.466836e+01 -7.046829e-04 
4.477133e+01 -7.079353e-04 
4.487454e+01 -7.112028e-04 
4.497799e+01 -7.144852e-04 
4.508167e+01 -7.177829e-04 
4.518559e+01 -7.210958e-04 
4.528976e+01 -7.244239e-04 
4.539416e+01 -7.277674e-04 
4.549881e+01 -7.311263e-04 
4.560369e+01 -7.345008e-04 
4.570882e+01 -7.378908e-04 
4.581419e+01 -7.412965e-04 
4.591980e+01 -7.447178e-04 
4.602566e+01 -7.481550e-04 
4.613176e+01 -7.516080e-04 
4.623810e+01 -7.550770e-04 
4.634469e+01 -7.585620e-04 
4.645153e+01 -7.620630e-04 
4.655861e+01 -7.655802e-04 
4.666594e+01 -7.691137e-04 
4.677351e+01 -7.726634e-04 
4.688134e+01 -7.762296e-04 
4.698941e+01 -7.798122e-04 
4.709773e+01 -7.834113e-04 
4.720630e+01 -7.870270e-04 
4.731513e+01 -7.906594e-04 
4.742420e+01 -7.943086e-04 
4.753352e+01 -7.979746e-04 
4.764310e+01 -8.016576e-04 
4.775293e+01 -8.053575e-04 
4.786301e+01 -8.090745e-04 
4.797334e+01 -8.128087e-04 
4.808393e+01 -8.165601e-04 
4.819478e+01 -8.203288e-04 
4.830588e+01 -8.241149e-04 
4.841724e+01 -8.279185e-04 
4.852885e+01 -8.317397e-04 
4.864072e+01 -8.355784e-04 
4.875285e+01 -8.394349e-04 
4.886524e+01 -8.433092e-04 
4.897788e+01 -8.472013e-04 
4.909079e+01 -8.511115e-04 
4.920395e+01 -8.550396e-04 
4.931738e+01 -8.589859e-04 
4.943107e+01 -8.629504e-04 
4.954502e+01 -8.669332e-04 
4.965923e+01 -8.709344e-04 
4.977371e+01 -8.749540e-04 
4.988845e+01 -8.789922e-04 
5.000345e+01 -8.830491e-04 
5.011872e+01 -8.871246e-04 
5.023426e+01 -8.912190e-04 
5.035006e+01 -8.953322e-04 
5.046613e+01 -8.994645e-04 
5.058247e+01 -9.036158e-04 
5.069907e+01 -9.077863e-04 
5.081594e+01 -9.119760e-04 
5.093309e+01 -9.161850e-04 
5.105050e+01 -9.204135e-04 
5.116818e+01 -9.246615e-04 
5.128614e+01 -9.289291e-04 
5.140437e+01 -9.332163e-04 
5.152286e+01 -9.375234e-04 
5.164164e+01 -9.418503e-04 
5.176068e+01 -9.461973e-04 
5.188000e+01 -9.505642e-04 
5.199960e+01 -9.549514e-04 
5.211947e+01 -9.593587e-04 
5.223962e+01 -9.637864e-04 
5.236004e+01 -9.682346e-04 
5.248075e+01 -9.727032e-04 
5.260173e+01 -9.771925e-04 
5.272299e+01 -9.817025e-04 
5.284453e+01 -9.862333e-04 
5.296634e+01 -9.907851e-04 
5.308844e+01 -9.953578e-04 
5.321083e+01 -9.999516e-04 
5.333349e+01 -1.004567e-03 
5.345644e+01 -1.009203e-03 
5.357967e+01 -1.013861e-03 
5.370318e+01 -1.018540e-03 
5.382698e+01 -1.023241e-03 
5.395106e+01 -1.027963e-03 
5.407543e+01 -1.032708e-03 
5.420009e+01 -1.037474e-03 
5.432503e+01 -1.042262e-03 
5.445027e+01 -1.047072e-03 
5.457579e+01 -1.051905e-03 
5.470160e+01 -1.056759e-03 
5.482770e+01 -1.061637e-03 
5.495409e+01 -1.066536e-03 
5.508077e+01 -1.071459e-03 
5.520774e+01 -1.076404e-03 
5.533501e+01 -1.081372e-03 
5.546257e+01 -1.086362e-03 
5.559043e+01 -1.091376e-03 
5.571857e+01 -1.096413e-03 
5.584702e+01 -1.101473e-03 
5.597576e+01 -1.106557e-03 
5.610480e+01 -1.111664e-03 
5.623413e+01 -1.116794e-03 
5.636377e+01 -1.121948e-03 
5.649370e+01 -1.127126e-03 
5.662393e+01 -1.132328e-03 
5.675446e+01 -1.137554e-03 
5.688529e+01 -1.142804e-03 
5.701643e+01 -1.148079e-03 
5.714786e+01 -1.153377e-03 
5.727960e+01 -1.158700e-03 
5.741165e+01 -1.164048e-03 
5.754399e+01 -1.169420e-03 
5.767665e+01 -1.174817e-03 
5.780960e+01 -1.180239e-03 
5.794287e+01 -1.185686e-03 
5.807644e+01 -1.191158e-03 
5.821032e+01 -1.196656e-03 
5.834451e+01 -1.202178e-03 
5.847901e+01 -1.207727e-03 
5.861382e+01 -1.213300e-03 
5.874894e+01 -1.218900e-03 
5.888437e+01 -1.224525e-03 
5.902011e+01 -1.230177e-03 
5.915616e+01 -1.235854e-03 
5.929253e+01 -1.241558e-03 
5.942922e+01 -1.247288e-03 
5.956621e+01 -1.253044e-03 
5.970353e+01 -1.258827e-03 
5.984116e+01 -1.264637e-03 
5.997911e+01 -1.270473e-03 
6.011737e+01 -1.276336e-03 
6.025596e+01 -1.282227e-03 
6.039486e+01 -1.288145e-03 
6.053409e+01 -1.294089e-03 
6.067363e+01 -1.300062e-03 
6.081350e+01 -1.306062e-03 
6.095369e+01 -1.312089e-03 
6.109420e+01 -1.318145e-03 
6.123504e+01 -1.324228e-03 
6.137620e+01 -1.330339e-03 
6.151769e+01 -1.336479e-03 
6.165950e+01 -1.342647e-03 
6.180164e+01 -1.348843e-03 
6.194411e+01 -1.355068e-03 
6.208690e+01 -1.361322e-03 
6.223003e+01 -1.367605e-03 
6.237348e+01 -1.373916e-03 
6.251727e+01 -1.380257e-03 
6.266139e+01 -1.386627e-03 
6.280584e+01 -1.393026e-03 
6.295062e+01 -1.399455e-03 
6.309573e+01 -1.405914e-03 
6.324119e+01 -1.412402e-03 
6.338697e+01 -1.418920e-03 
6.353309e+01 -1.425469e-03 
6.367955e+01 -1.432047e-03 
6.382635e+01 -1.438656e-03 
6.397348e+01 -1.445296e-03 
6.412096e+01 -1.451966e-03 
6.426877e+01 -1.458667e-03 
6.441693e+01 -1.465398e-03 
6.456542e+01 -1.472161e-03 
6.471426e+01 -1.478955e-03 
6.486344e+01 -1.485781e-03 
6.501297e+01 -1.492638e-03 
6.516284e+01 -1.499526e-03 
6.531306e+01 -1.506446e-03 
6.546362e+01 -1.513399e-03 
6.561453e+01 -1.520383e-03 
6.576578e+01 -1.527399e-03 
6.591739e+01 -1.534448e-03 
6.606934e+01 -1.541530e-03 
6.622165e+01 -1.548644e-03 
6.637431e+01 -1.555791e-03 
6.652732e+01 -1.562971e-03 
6.668068e+01 -1.570184e-03 
6.683439e+01 -1.577430e-03 
6.698846e+01 -1.584710e-03 
6.714289e+01 -1.592023e-03 
6.729767e+01 -1.599370e-03 
6.745280e+01 -1.606751e-03 
6.760830e+01 -1.614166e-03 
6.776415e+01 -1.621616e-03 
6.792036e+01 -1.629099e-03 
6.807694e+01 -1.636617e-03 
6.823387e+01 -1.644170e-03 
6.839116e+01 -1.651758e-03 
6.854882e+01 -1.659381e-03 
6.870684e+01 -1.667039e-03 
6.886523e+01 -1.674732e-03 
6.902398e+01 -1.682461e-03 
6.918310e+01 -1.690225e-03 
6.934258e+01 -1.698025e-03 
6.950243e+01 -1.705861e-03 
6.966265e+01 -1.713734e-03 
6.982324e+01 -1.721642e-03 
6.998420e+01 -1.729587e-03 
7.014553e+01 -1.737569e-03 
7.030723e+01 -1.745588e-03 
7.046931e+01 -1.753644e-03 
7.063176e+01 -1.761736e-03 
7.079458e+01 -1.769867e-03 
7.095778e+01 -1.778034e-03 
7.112135e+01 -1.786240e-03 
7.128530e+01 -1.794483e-03 
7.144963e+01 -1.802764e-03 
7.161434e+01 -1.811083e-03 
7.177943e+01 -1.819441e-03 
7.194490e+01 -1.827838e-03 
7.211075e+01 -1.836273e-03 
7.227698e+01 -1.844747e-03 
7.244360e+01 -1.853260e-03 
7.261060e+01 -1.861812e-03 
7.277798e+01 -1.870404e-03 
7.294575e+01 -1.879036e-03 
7.311391e+01 -1.887707e-03 
7.328245e+01 -1.896419e-03 
7.345139e+01 -1.905170e-03 
7.362071e+01 -1.913962e-03 
7.379042e+01 -1.922794e-03 
7.396053e+01 -1.931668e-03 
7.413102e+01 -1.940582e-03 
7.430191e+01 -1.949537e-03 
7.447320e+01 -1.958534e-03 
7.464488e+01 -1.967572e-03 
7.481695e+01 -1.976652e-03 
7.498942e+01 -1.985774e-03 
7.516229e+01 -1.994937e-03 
7.533556e+01 -2.004143e-03 
7.550922e+01 -2.013392e-03 
7.568329e+01 -2.022683e-03 
7.585776e+01 -2.032017e-03 
7.603263e+01 -2.041395e-03 
7.620790e+01 -2.050815e-03 
7.638358e+01 -2.060279e-03 
7.655966e+01 -2.069786e-03 
7.673615e+01 -2.079338e-03 
7.691304e+01 -2.088933e-03 
7.709035e+01 -2.098573e-03 
7.726806e+01 -2.108257e-03 
7.744618e+01 -2.117986e-03 
7.762471e+01 -2.127760e-03 
7.780366e+01 -2.137579e-03 
7.798301e+01 -2.147443e-03 
7.816278e+01 -2.157353e-03 
7.834296e+01 -2.167308e-03 
7.852356e+01 -2.177309e-03 
7.870458e+01 -2.187357e-03 
7.888601e+01 -2.197451e-03 
7.906786e+01 -2.207591e-03 
7.925013e+01 -2.217778e-03 
7.943282e+01 -2.228012e-03 
7.961594e+01 -2.238294e-03 
7.979947e+01 -2.248623e-03 
7.998343e+01 -2.258999e-03 
8.016781e+01 -2.269423e-03 
8.035261e+01 -2.279896e-03 
8.053784e+01 -2.290417e-03 
8.072350e+01 -2.300986e-03 
8.090959e+01 -2.311604e-03 
8.109611e+01 -2.322271e-03 
8.128305e+01 -2.332987e-03 
8.147043e+01 -2.343753e-03 
8.165824e+01 -2.354568e-03 
8.184648e+01 -2.365434e-03 
8.203515e+01 -2.376349e-03 
8.222426e+01 -2.387315e-03 
8.241381e+01 -2.398331e-03 
8.260379e+01 -2.409398e-03 
8.279422e+01 -2.420516e-03 
8.298508e+01 -2.431686e-03 
8.317638e+01 -2.442907e-03 
8.336812e+01 -2.454179e-03 
8.356030e+01 -2.465504e-03 
8.375293e+01 -2.476881e-03 
8.394600e+01 -2.488311e-03 
8.413951e+01 -2.499793e-03 
8.433348e+01 -2.511328e-03 
8.452788e+01 -2.522916e-03 
8.472274e+01 -2.534558e-03 
8.491805e+01 -2.546254e-03 
8.511380e+01 -2.558003e-03 
8.531001e+01 -2.569807e-03 
8.550667e+01 -2.581665e-03 
8.570378e+01 -2.593578e-03 
8.590135e+01 -2.605546e-03 
8.609938e+01 -2.617569e-03 
8.629785e+01 -2.629648e-03 
8.649679e+01 -2.641782e-03 
8.669619e+01 -2.653972e-03 
8.689604e+01 -2.666218e-03 
8.709636e+01 -2.678521e-03 
8.729714e+01 -2.690881e-03 
8.749838e+01 -2.703298e-03 
8.770008e+01 -2.715772e-03 
8.790225e+01 -2.728303e-03 
8.810489e+01 -2.740892e-03 
8.830799e+01 -2.753540e-03 
8.851156e+01 -2.766245e-03 
8.871560e+01 -2.779010e-03 
8.892011e+01 -2.791833e-03 
8.912509e+01 -2.804715e-03 
8.933055e+01 -2.817657e-03 
8.953648e+01 -2.830659e-03 
8.974288e+01 -2.843720e-03 
8.994976e+01 -2.856842e-03 
9.015711e+01 -2.870024e-03 
9.036495e+01 -2.883267e-03 
9.057326e+01 -2.896571e-03 
9.078205e+01 -2.909937e-03 
9.099133e+01 -2.923364e-03 
9.120108e+01 -2.936853e-03 
9.141132e+01 -2.950404e-03 
9.162205e+01 -2.964018e-03 
9.183326e+01 -2.977695e-03 
9.204496e+01 -2.991434e-03 
9.225714e+01 -3.005237e-03 
9.246982e+01 -3.019104e-03 
9.268298e+01 -3.033035e-03 
9.289664e+01 -3.047030e-03 
9.311079e+01 -3.061089e-03 
9.332543e+01 -3.075213e-03 
9.354057e+01 -3.089403e-03 
9.375620e+01 -3.103658e-03 
9.397233e+01 -3.117979e-03 
9.418896e+01 -3.132365e-03 
9.440609e+01 -3.146818e-03 
9.462372e+01 -3.161338e-03 
9.484185e+01 -3.175925e-03 
9.506048e+01 -3.190579e-03 
9.527962e+01 -3.205301e-03 
9.549926e+01 -3.220090e-03 
9.571941e+01 -3.234948e-03 
9.594006e+01 -3.249874e-03 
9.616123e+01 -3.264869e-03 
9.638290e+01 -3.279933e-03 
9.660509e+01 -3.295067e-03 
9.682779e+01 -3.310271e-03 
9.705100e+01 -3.325544e-03 
9.727472e+01 -3.340889e-03 
9.749896e+01 -3.356303e-03 
9.772372e+01 -3.371789e-03 
9.794900e+01 -3.387347e-03 
9.817479e+01 -3.402976e-03 
9.840111e+01 -3.418677e-03 
9.862795e+01 -3.434451e-03 
9.885531e+01 -3.450297e-03 
9.908319e+01 -3.466217e-03 
9.931160e+01 -3.482210e-03 
9.954054e+01 -3.498276e-03 
9.977001e+01 -3.514417e-03 
1.000000e+02 -3.530632e-03 
1.002305e+02 -3.546922e-03 
1.004616e+02 -3.563288e-03 
1.006932e+02 -3.579728e-03 
1.009253e+02 -3.596245e-03 
1.011579e+02 -3.612837e-03 
1.013911e+02 -3.629506e-03 
1.016249e+02 -3.646252e-03 
1.018591e+02 -3.663076e-03 
1.020939e+02 -3.679976e-03 
1.023293e+02 -3.696955e-03 
1.025652e+02 -3.714012e-03 
1.028016e+02 -3.731148e-03 
1.030386e+02 -3.748363e-03 
1.032761e+02 -3.765657e-03 
1.035142e+02 -3.783031e-03 
1.037528e+02 -3.800485e-03 
1.039920e+02 -3.818019e-03 
1.042317e+02 -3.835635e-03 
1.044720e+02 -3.853331e-03 
1.047129e+02 -3.871110e-03 
1.049542e+02 -3.888970e-03 
1.051962e+02 -3.906913e-03 
1.054387e+02 -3.924938e-03 
1.056818e+02 -3.943046e-03 
1.059254e+02 -3.961238e-03 
1.061696e+02 -3.979514e-03 
1.064143e+02 -3.997874e-03 
1.066596e+02 -4.016319e-03 
1.069055e+02 -4.034849e-03 
1.071519e+02 -4.053464e-03 
1.073989e+02 -4.072166e-03 
1.076465e+02 -4.090953e-03 
1.078947e+02 -4.109827e-03 
1.081434e+02 -4.128788e-03 
1.083927e+02 -4.147837e-03 
1.086426e+02 -4.166973e-03 
1.088930e+02 -4.186198e-03 
1.091440e+02 -4.205511e-03 
1.093956e+02 -4.224913e-03 
1.096478e+02 -4.244405e-03 
1.099006e+02 -4.263987e-03 
1.101539e+02 -4.283659e-03 
1.104079e+02 -4.303421e-03 
1.106624e+02 -4.323275e-03 
1.109175e+02 -4.343221e-03 
1.111732e+02 -4.363258e-03 
1.114295e+02 -4.383388e-03 
1.116863e+02 -4.403610e-03 
1.119438e+02 -4.423926e-03 
1.122018e+02 -4.444335e-03 
1.124605e+02 -4.464839e-03 
1.127197e+02 -4.485437e-03 
1.129796e+02 -4.506130e-03 
1.132400e+02 -4.526919e-03 
1.135011e+02 -4.547803e-03 
1.137627e+02 -4.568784e-03 
1.140250e+02 -4.589861e-03 
1.142878e+02 -4.611036e-03 
1.145513e+02 -4.632308e-03 
1.148154e+02 -4.653678e-03 
1.150800e+02 -4.675147e-03 
1.153453e+02 -4.696715e-03 
1.156112e+02 -4.718382e-03 
1.158777e+02 -4.740149e-03 
1.161449e+02 -4.762017e-03 
1.164126e+02 -4.783985e-03 
1.166810e+02 -4.806055e-03 
1.169499e+02 -4.828226e-03 
1.172195e+02 -4.850500e-03 
1.174898e+02 -4.872876e-03 
1.177606e+02 -4.895356e-03 
1.180321e+02 -4.917939e-03 
1.183042e+02 -4.940626e-03 
1.185769e+02 -4.963418e-03 
1.188502e+02 -4.986315e-03 
1.191242e+02 -5.009318e-03 
1.193988e+02 -5.032426e-03 
1.196741e+02 -5.055641e-03 
1.199499e+02 -5.078964e-03 
1.202264e+02 -5.102393e-03 
1.205036e+02 -5.125931e-03 
1.207814e+02 -5.149577e-03 
1.210598e+02 -5.173332e-03 
1.213389e+02 -5.197197e-03 
1.216186e+02 -5.221172e-03 
1.218990e+02 -5.245257e-03 
1.221800e+02 -5.269453e-03 
1.224616e+02 -5.293761e-03 
1.227439e+02 -5.318181e-03 
1.230269e+02 -5.342714e-03 
1.233105e+02 -5.367359e-03 
1.235947e+02 -5.392119e-03 
1.238797e+02 -5.416992e-03 
1.241652e+02 -5.441980e-03 
1.244515e+02 -5.467083e-03 
1.247384e+02 -5.492302e-03 
1.250259e+02 -5.517638e-03 
1.253141e+02 -5.543090e-03 
1.256030e+02 -5.568659e-03 
1.258925e+02 -5.594346e-03 
1.261828e+02 -5.620152e-03 
1.264736e+02 -5.646076e-03 
1.267652e+02 -5.672120e-03 
1.270574e+02 -5.698285e-03 
1.273503e+02 -5.724569e-03 
1.276439e+02 -5.750975e-03 
1.279381e+02 -5.777503e-03 
1.282331e+02 -5.804153e-03 
1.285287e+02 -5.830926e-03 
1.288250e+02 -5.857822e-03 
1.291219e+02 -5.884842e-03 
1.294196e+02 -5.911987e-03 
1.297179e+02 -5.939257e-03 
1.300170e+02 -5.966652e-03 
1.303167e+02 -5.994174e-03 
1.306171e+02 -6.021823e-03 
1.309182e+02 -6.049599e-03 
1.312200e+02 -6.077503e-03 
1.315225e+02 -6.105536e-03 
1.318257e+02 -6.133698e-03 
1.321296e+02 -6.161990e-03 
1.324342e+02 -6.190412e-03 
1.327394e+02 -6.218965e-03 
1.330454e+02 -6.247650e-03 
1.333521e+02 -6.276467e-03 
1.336596e+02 -6.305417e-03 
1.339677e+02 -6.334500e-03 
1.342765e+02 -6.363717e-03 
1.345860e+02 -6.393069e-03 
1.348963e+02 -6.422556e-03 
1.352073e+02 -6.452180e-03 
1.355189e+02 -6.481939e-03 
1.358313e+02 -6.511836e-03 
1.361445e+02 -6.541871e-03 
1.364583e+02 -6.572044e-03 
1.367729e+02 -6.602356e-03 
1.370882e+02 -6.632808e-03 
1.374042e+02 -6.663400e-03 
1.377209e+02 -6.694133e-03 
1.380384e+02 -6.725008e-03 
1.383566e+02 -6.756025e-03 
1.386756e+02 -6.787185e-03 
1.389953e+02 -6.818489e-03 
1.393157e+02 -6.849937e-03 
1.396368e+02 -6.881530e-03 
1.399587e+02 -6.913268e-03 
1.402814e+02 -6.945153e-03 
1.406048e+02 -6.977184e-03 
1.409289e+02 -7.009364e-03 
1.412538e+02 -7.041691e-03 
1.415794e+02 -7.074168e-03 
1.419058e+02 -7.106794e-03 
1.422329e+02 -7.139570e-03 
1.425608e+02 -7.172498e-03 
1.428894e+02 -7.205577e-03 
1.432188e+02 -7.238809e-03 
1.435489e+02 -7.272194e-03 
1.438799e+02 -7.305733e-03 
1.442115e+02 -7.339426e-03 
1.445440e+02 -7.373274e-03 
1.448772e+02 -7.407279e-03 
1.452112e+02 -7.441440e-03 
1.455459e+02 -7.475759e-03 
1.458814e+02 -7.510235e-03 
1.462177e+02 -7.544871e-03 
1.465548e+02 -7.579666e-03 
1.468926e+02 -7.614622e-03 
1.472313e+02 -7.649738e-03 
1.475707e+02 -7.685017e-03 
1.479108e+02 -7.720458e-03 
1.482518e+02 -7.756062e-03 
1.485936e+02 -7.791830e-03 
1.489361e+02 -7.827763e-03 
1.492794e+02 -7.863862e-03 
1.496236e+02 -7.900127e-03 
1.499685e+02 -7.936559e-03 
1.503142e+02 -7.973159e-03 
1.506607e+02 -8.009927e-03 
1.510080e+02 -8.046865e-03 
1.513561e+02 -8.083973e-03 
1.517050e+02 -8.121252e-03 
1.520548e+02 -8.158703e-03 
1.524053e+02 -8.196326e-03 
1.527566e+02 -8.234123e-03 
1.531087e+02 -8.272094e-03 
1.534617e+02 -8.310240e-03 
1.538155e+02 -8.348561e-03 
1.541700e+02 -8.387059e-03 
1.545254e+02 -8.425735e-03 
1.548817e+02 -8.464588e-03 
1.552387e+02 -8.503621e-03 
1.555966e+02 -8.542833e-03 
1.559553e+02 -8.582226e-03 
1.563148e+02 -8.621801e-03 
1.566751e+02 -8.661557e-03 
1.570363e+02 -8.701497e-03 
1.573983e+02 -8.741621e-03 
1.577611e+02 -8.781930e-03 
1.581248e+02 -8.822424e-03 
1.584893e+02 -8.863105e-03 
1.588547e+02 -8.903974e-03 
1.592209e+02 -8.945030e-03 
1.595879e+02 -8.986276e-03 
1.599558e+02 -9.027712e-03 
1.603245e+02 -9.069338e-03 
1.606941e+02 -9.111157e-03 
1.610646e+02 -9.153167e-03 
1.614359e+02 -9.195372e-03 
1.618080e+02 -9.237771e-03 
1.621810e+02 -9.280365e-03 
1.625549e+02 -9.323155e-03 
1.629296e+02 -9.366142e-03 
1.633052e+02 -9.409328e-03 
1.636817e+02 -9.452712e-03 
1.640590e+02 -9.496296e-03 
1.644372e+02 -9.540081e-03 
1.648162e+02 -9.584068e-03 
1.651962e+02 -9.628257e-03 
1.655770e+02 -9.672649e-03 
1.659587e+02 -9.717246e-03 
1.663413e+02 -9.762049e-03 
1.667247e+02 -9.807057e-03 
1.671091e+02 -9.852273e-03 
1.674943e+02 -9.897698e-03 
1.678804e+02 -9.943331e-03 
1.682674e+02 -9.989175e-03 
1.686553e+02 -1.003523e-02 
1.690441e+02 -1.008150e-02 
1.694338e+02 -1.012798e-02 
1.698244e+02 -1.017467e-02 
1.702159e+02 -1.022158e-02 
1.706082e+02 -1.026870e-02 
1.710015e+02 -1.031605e-02 
1.713957e+02 -1.036361e-02 
1.717908e+02 -1.041138e-02 
1.721869e+02 -1.045938e-02 
1.725838e+02 -1.050760e-02 
1.729816e+02 -1.055605e-02 
1.733804e+02 -1.060471e-02 
1.737801e+02 -1.065360e-02 
1.741807e+02 -1.070271e-02 
1.745822e+02 -1.075205e-02 
1.749847e+02 -1.080162e-02 
1.753881e+02 -1.085142e-02 
1.757924e+02 -1.090144e-02 
1.761976e+02 -1.095170e-02 
1.766038e+02 -1.100219e-02 
1.770109e+02 -1.105290e-02 
1.774189e+02 -1.110386e-02 
1.778279e+02 -1.115504e-02 
1.782379e+02 -1.120647e-02 
1.786488e+02 -1.125813e-02 
1.790606e+02 -1.131002e-02 
1.794734e+02 -1.136216e-02 
1.798871e+02 -1.141454e-02 
1.803018e+02 -1.146716e-02 
1.807174e+02 -1.152002e-02 
1.811340e+02 -1.157312e-02 
1.815516e+02 -1.162647e-02 
1.819701e+02 -1.168006e-02 
1.823896e+02 -1.173390e-02 
1.828100e+02 -1.178799e-02 
1.832314e+02 -1.184232e-02 
1.836538e+02 -1.189691e-02 
1.840772e+02 -1.195175e-02 
1.845015e+02 -1.200684e-02 
1.849269e+02 -1.206218e-02 
1.853532e+02 -1.211778e-02 
1.857804e+02 -1.217364e-02 
1.862087e+02 -1.222975e-02 
1.866380e+02 -1.228612e-02 
1.870682e+02 -1.234275e-02 
1.874995e+02 -1.239964e-02 
1.879317e+02 -1.245679e-02 
1.883649e+02 -1.251421e-02 
1.887991e+02 -1.257189e-02 
1.892344e+02 -1.262983e-02 
1.896706e+02 -1.268804e-02 
1.901078e+02 -1.274652e-02 
1.905461e+02 -1.280527e-02 
1.909853e+02 -1.286429e-02 
1.914256e+02 -1.292358e-02 
1.918669e+02 -1.298314e-02 
1.923092e+02 -1.304298e-02 
1.927525e+02 -1.310310e-02 
1.931968e+02 -1.316348e-02 
1.936422e+02 -1.322415e-02 
1.940886e+02 -1.328510e-02 
1.945360e+02 -1.334633e-02 
1.949845e+02 -1.340784e-02 
1.954339e+02 -1.346963e-02 
1.958845e+02 -1.353170e-02 
1.963360e+02 -1.359407e-02 
1.967886e+02 -1.365671e-02 
1.972423e+02 -1.371965e-02 
1.976970e+02 -1.378288e-02 
1.981527e+02 -1.384640e-02 
1.986095e+02 -1.391021e-02 
1.990673e+02 -1.397431e-02 
1.995262e+02 -1.403871e-02 
1.999862e+02 -1.410340e-02 
2.004472e+02 -1.416839e-02 
2.009093e+02 -1.423369e-02 
2.013724e+02 -1.429928e-02 
2.018366e+02 -1.436517e-02 
2.023019e+02 -1.443137e-02 
2.027683e+02 -1.449787e-02 
2.032357e+02 -1.456468e-02 
2.037042e+02 -1.463179e-02 
2.041738e+02 -1.469921e-02 
2.046445e+02 -1.476695e-02 
2.051162e+02 -1.483499e-02 
2.055891e+02 -1.490335e-02 
2.060630e+02 -1.497202e-02 
2.065380e+02 -1.504101e-02 
2.070141e+02 -1.511032e-02 
2.074914e+02 -1.517994e-02 
2.079697e+02 -1.524988e-02 
2.084491e+02 -1.532015e-02 
2.089296e+02 -1.539074e-02 
2.094112e+02 -1.546165e-02 
2.098940e+02 -1.553289e-02 
2.103778e+02 -1.560446e-02 
2.108628e+02 -1.567636e-02 
2.113489e+02 -1.574859e-02 
2.118361e+02 -1.582115e-02 
2.123244e+02 -1.589404e-02 
2.128139e+02 -1.596727e-02 
2.133045e+02 -1.604084e-02 
2.137962e+02 -1.611474e-02 
2.142891e+02 -1.618898e-02 
2.147830e+02 -1.626357e-02 
2.152782e+02 -1.633850e-02 
2.157744e+02 -1.641377e-02 
2.162719e+02 -1.648939e-02 
2.167704e+02 -1.656536e-02 
2.172701e+02 -1.664167e-02 
2.177710e+02 -1.671834e-02 
2.182730e+02 -1.679536e-02 
2.187762e+02 -1.687273e-02 
2.192805e+02 -1.695046e-02 
2.197860e+02 -1.702855e-02 
2.202926e+02 -1.710699e-02 
2.208005e+02 -1.718580e-02 
2.213095e+02 -1.726497e-02 
2.218196e+02 -1.734450e-02 
2.223310e+02 -1.742440e-02 
2.228435e+02 -1.750466e-02 
2.233572e+02 -1.758530e-02 
2.238721e+02 -1.766630e-02 
2.243882e+02 -1.774768e-02 
2.249055e+02 -1.782943e-02 
2.254239e+02 -1.791156e-02 
2.259436e+02 -1.799407e-02 
2.264644e+02 -1.807695e-02 
2.269865e+02 -1.816022e-02 
2.275097e+02 -1.824386e-02 
2.280342e+02 -1.832790e-02 
2.285599e+02 -1.841231e-02 
2.290868e+02 -1.849712e-02 
2.296149e+02 -1.858232e-02 
2.301442e+02 -1.866791e-02 
2.306747e+02 -1.875389e-02 
2.312065e+02 -1.884026e-02 
2.317395e+02 -1.892704e-02 
2.322737e+02 -1.901421e-02 
2.328091e+02 -1.910178e-02 
2.333458e+02 -1.918976e-02 
2.338837e+02 -1.927814e-02 
2.344229e+02 -1.936692e-02 
2.349633e+02 -1.945612e-02 
2.355049e+02 -1.954572e-02 
2.360478e+02 -1.963574e-02 
2.365920e+02 -1.972617e-02 
2.371374e+02 -1.981701e-02 
2.376840e+02 -1.990827e-02 
2.382319e+02 -1.999995e-02 
2.387811e+02 -2.009206e-02 
2.393316e+02 -2.018458e-02 
2.398833e+02 -2.027753e-02 
2.404363e+02 -2.037091e-02 
2.409905e+02 -2.046472e-02 
2.415461e+02 -2.055895e-02 
2.421029e+02 -2.065362e-02 
2.426610e+02 -2.074873e-02 
2.432204e+02 -2.084427e-02 
2.437811e+02 -2.094025e-02 
2.443431e+02 -2.103668e-02 
2.449063e+02 -2.113354e-02 
2.454709e+02 -2.123085e-02 
2.460368e+02 -2.132861e-02 
2.466039e+02 -2.142681e-02 
2.471724e+02 -2.152547e-02 
2.477422e+02 -2.162458e-02 
2.483133e+02 -2.172415e-02 
2.488857e+02 -2.182417e-02 
2.494595e+02 -2.192465e-02 
2.500345e+02 -2.202559e-02 
2.506109e+02 -2.212700e-02 
2.511886e+02 -2.222887e-02 
2.517677e+02 -2.233122e-02 
2.523481e+02 -2.243403e-02 
2.529298e+02 -2.253731e-02 
2.535129e+02 -2.264107e-02 
2.540973e+02 -2.274530e-02 
2.546830e+02 -2.285001e-02 
2.552701e+02 -2.295520e-02 
2.558586e+02 -2.306088e-02 
2.564484e+02 -2.316704e-02 
2.570396e+02 -2.327369e-02 
2.576321e+02 -2.338083e-02 
2.582260e+02 -2.348846e-02 
2.588213e+02 -2.359658e-02 
2.594179e+02 -2.370520e-02 
2.600160e+02 -2.381432e-02 
2.606154e+02 -2.392394e-02 
2.612161e+02 -2.403406e-02 
2.618183e+02 -2.414469e-02 
2.624219e+02 -2.425583e-02 
2.630268e+02 -2.436747e-02 
2.636331e+02 -2.447963e-02 
2.642409e+02 -2.459231e-02 
2.648500e+02 -2.470550e-02 
2.654606e+02 -2.481921e-02 
2.660725e+02 -2.493344e-02 
2.666859e+02 -2.504819e-02 
2.673006e+02 -2.516348e-02 
2.679168e+02 -2.527929e-02 
2.685344e+02 -2.539563e-02 
2.691535e+02 -2.551251e-02 
2.697739e+02 -2.562992e-02 
2.703958e+02 -2.574788e-02 
2.710192e+02 -2.586637e-02 
2.716439e+02 -2.598541e-02 
2.722701e+02 -2.610499e-02 
2.728978e+02 -2.622512e-02 
2.735269e+02 -2.634581e-02 
2.741574e+02 -2.646704e-02 
2.747894e+02 -2.658884e-02 
2.754229e+02 -2.671119e-02 
2.760578e+02 -2.683410e-02 
2.766942e+02 -2.695758e-02 
2.773320e+02 -2.708162e-02 
2.779713e+02 -2.720624e-02 
2.786121e+02 -2.733142e-02 
2.792544e+02 -2.745718e-02 
2.798981e+02 -2.758351e-02 
2.805434e+02 -2.771043e-02 
2.811901e+02 -2.783792e-02 
2.818383e+02 -2.796601e-02 
2.824880e+02 -2.809467e-02 
2.831392e+02 -2.822393e-02 
2.837919e+02 -2.835379e-02 
2.844461e+02 -2.848423e-02 
2.851018e+02 -2.861528e-02 
2.857591e+02 -2.874692e-02 
2.864178e+02 -2.887917e-02 
2.870781e+02 -2.901203e-02 
2.877398e+02 -2.914549e-02 
2.884032e+02 -2.927957e-02 
2.890680e+02 -2.941426e-02 
2.897344e+02 -2.954957e-02 
2.904023e+02 -2.968550e-02 
2.910717e+02 -2.982206e-02 
2.917427e+02 -2.995923e-02 
2.924152e+02 -3.009704e-02 
2.930893e+02 -3.023548e-02 
2.937650e+02 -3.037456e-02 
2.944422e+02 -3.051427e-02 
2.951209e+02 -3.065462e-02 
2.958012e+02 -3.079561e-02 
2.964831e+02 -3.093725e-02 
2.971666e+02 -3.107955e-02 
2.978516e+02 -3.122249e-02 
2.985383e+02 -3.136608e-02 
2.992265e+02 -3.151034e-02 
2.999163e+02 -3.165526e-02 
3.006076e+02 -3.180084e-02 
3.013006e+02 -3.194709e-02 
3.019952e+02 -3.209400e-02 
3.026913e+02 -3.224159e-02 
3.033891e+02 -3.238986e-02 
3.040885e+02 -3.253881e-02 
3.047895e+02 -3.268844e-02 
3.054921e+02 -3.283875e-02 
3.061963e+02 -3.298975e-02 
3.069022e+02 -3.314145e-02 
3.076097e+02 -3.329384e-02 
3.083188e+02 -3.344692e-02 
3.090295e+02 -3.360071e-02 
3.097419e+02 -3.375521e-02 
3.104560e+02 -3.391041e-02 
3.111716e+02 -3.406632e-02 
3.118890e+02 -3.422294e-02 
3.126079e+02 -3.438028e-02 
3.133286e+02 -3.453835e-02 
3.140509e+02 -3.469713e-02 
3.147748e+02 -3.485665e-02 
3.155005e+02 -3.501689e-02 
3.162278e+02 -3.517787e-02 
3.169567e+02 -3.533959e-02 
3.176874e+02 -3.550204e-02 
3.184198e+02 -3.566524e-02 
3.191538e+02 -3.582919e-02 
3.198895e+02 -3.599388e-02 
3.206269e+02 -3.615933e-02 
3.213661e+02 -3.632554e-02 
3.221069e+02 -3.649251e-02 
3.228494e+02 -3.666024e-02 
3.235937e+02 -3.682875e-02 
3.243396e+02 -3.699802e-02 
3.250873e+02 -3.716806e-02 
3.258367e+02 -3.733889e-02 
3.265878e+02 -3.751050e-02 
3.273407e+02 -3.768289e-02 
3.280953e+02 -3.785607e-02 
3.288516e+02 -3.803004e-02 
3.296097e+02 -3.820481e-02 
3.303695e+02 -3.838038e-02 
3.311311e+02 -3.855675e-02 
3.318945e+02 -3.873393e-02 
3.326596e+02 -3.891192e-02 
3.334264e+02 -3.909072e-02 
3.341950e+02 -3.927034e-02 
3.349654e+02 -3.945079e-02 
3.357376e+02 -3.963206e-02 
3.365116e+02 -3.981415e-02 
3.372873e+02 -3.999708e-02 
3.380648e+02 -4.018085e-02 
3.388442e+02 -4.036546e-02 
3.396253e+02 -4.055091e-02 
3.404082e+02 -4.073721e-02 
3.411929e+02 -4.092436e-02 
3.419794e+02 -4.111237e-02 
3.427678e+02 -4.130124e-02 
3.435579e+02 -4.149097e-02 
3.443499e+02 -4.168156e-02 
3.451437e+02 -4.187303e-02 
3.459394e+02 -4.206538e-02 
3.467369e+02 -4.225860e-02 
3.475362e+02 -4.245271e-02 
3.483373e+02 -4.264770e-02 
3.491403e+02 -4.284359e-02 
3.499452e+02 -4.304037e-02 
3.507519e+02 -4.323805e-02 
3.515604e+02 -4.343663e-02 
3.523709e+02 -4.363612e-02 
3.531832e+02 -4.383653e-02 
3.539973e+02 -4.403784e-02 
3.548134e+02 -4.424008e-02 
3.556313e+02 -4.444324e-02 
3.564511e+02 -4.464733e-02 
3.572728e+02 -4.485236e-02 
3.580964e+02 -4.505832e-02 
3.589219e+02 -4.526522e-02 
3.597493e+02 -4.547306e-02 
3.605786e+02 -4.568186e-02 
3.614099e+02 -4.589160e-02 
3.622430e+02 -4.610231e-02 
3.630781e+02 -4.631398e-02 
3.639150e+02 -4.652661e-02 
3.647539e+02 -4.674022e-02 
3.655948e+02 -4.695480e-02 
3.664376e+02 -4.717036e-02 
3.672823e+02 -4.738691e-02 
3.681290e+02 -4.760444e-02 
3.689776e+02 -4.782297e-02 
3.698282e+02 -4.804249e-02 
3.706807e+02 -4.826302e-02 
3.715352e+02 -4.848455e-02 
3.723917e+02 -4.870710e-02 
3.732502e+02 -4.893066e-02 
3.741106e+02 -4.915524e-02 
3.749730e+02 -4.938084e-02 
3.758374e+02 -4.960748e-02 
3.767038e+02 -4.983515e-02 
3.775722e+02 -5.006386e-02 
3.784426e+02 -5.029361e-02 
3.793150e+02 -5.052441e-02 
3.801894e+02 -5.075626e-02 
3.810658e+02 -5.098917e-02 
3.819443e+02 -5.122315e-02 
3.828247e+02 -5.145819e-02 
3.837072e+02 -5.169430e-02 
3.845918e+02 -5.193149e-02 
3.854784e+02 -5.216976e-02 
3.863670e+02 -5.240912e-02 
3.872576e+02 -5.264957e-02 
3.881504e+02 -5.289112e-02 
3.890451e+02 -5.313376e-02 
3.899420e+02 -5.337752e-02 
3.908409e+02 -5.362238e-02 
3.917419e+02 -5.386836e-02 
3.926449e+02 -5.411547e-02 
3.935501e+02 -5.436370e-02 
3.944573e+02 -5.461306e-02 
3.953666e+02 -5.486355e-02 
3.962780e+02 -5.511519e-02 
3.971915e+02 -5.536798e-02 
3.981072e+02 -5.562192e-02 
3.990249e+02 -5.587701e-02 
3.999447e+02 -5.613327e-02 
4.008667e+02 -5.639069e-02 
4.017908e+02 -5.664929e-02 
4.027170e+02 -5.690907e-02 
4.036454e+02 -5.717003e-02 
4.045759e+02 -5.743218e-02 
4.055085e+02 -5.769552e-02 
4.064433e+02 -5.796006e-02 
4.073803e+02 -5.822581e-02 
4.083194e+02 -5.849276e-02 
4.092607e+02 -5.876094e-02 
4.102041e+02 -5.903033e-02 
4.111497e+02 -5.930095e-02 
4.120975e+02 -5.957280e-02 
4.130475e+02 -5.984589e-02 
4.139997e+02 -6.012023e-02 
4.149540e+02 -6.039581e-02 
4.159106e+02 -6.067265e-02 
4.168694e+02 -6.095074e-02 
4.178304e+02 -6.123011e-02 
4.187936e+02 -6.151074e-02 
4.197590e+02 -6.179265e-02 
4.207266e+02 -6.207585e-02 
4.216965e+02 -6.236033e-02 
4.226686e+02 -6.264611e-02 
4.236430e+02 -6.293318e-02 
4.246196e+02 -6.322157e-02 
4.255984e+02 -6.351126e-02 
4.265795e+02 -6.380227e-02 
4.275629e+02 -6.409461e-02 
4.285485e+02 -6.438827e-02 
4.295364e+02 -6.468328e-02 
4.305266e+02 -6.497962e-02 
4.315191e+02 -6.527731e-02 
4.325138e+02 -6.557635e-02 
4.335109e+02 -6.587676e-02 
4.345102e+02 -6.617853e-02 
4.355119e+02 -6.648167e-02 
4.365158e+02 -6.678619e-02 
4.375221e+02 -6.709209e-02 
4.385307e+02 -6.739938e-02 
4.395416e+02 -6.770807e-02 
4.405549e+02 -6.801816e-02 
4.415704e+02 -6.832967e-02 
4.425884e+02 -6.864258e-02 
4.436086e+02 -6.895692e-02 
4.446313e+02 -6.927269e-02 
4.456562e+02 -6.958989e-02 
4.466836e+02 -6.990853e-02 
4.477133e+02 -7.022862e-02 
4.487454e+02 -7.055016e-02 
4.497799e+02 -7.087316e-02 
4.508167e+02 -7.119763e-02 
4.518559e+02 -7.152358e-02 
4.528976e+02 -7.185100e-02 
4.539416e+02 -7.217991e-02 
4.549881e+02 -7.251031e-02 
4.560369e+02 -7.284221e-02 
4.570882e+02 -7.317562e-02 
4.581419e+02 -7.351054e-02 
4.591980e+02 -7.384699e-02 
4.602566e+02 -7.418495e-02 
4.613176e+02 -7.452446e-02 
4.623810e+02 -7.486550e-02 
4.634469e+02 -7.520809e-02 
4.645153e+02 -7.555223e-02 
4.655861e+02 -7.589794e-02 
4.666594e+02 -7.624521e-02 
4.677351e+02 -7.659406e-02 
4.688134e+02 -7.694449e-02 
4.698941e+02 -7.729651e-02 
4.709773e+02 -7.765012e-02 
4.720630e+02 -7.800534e-02 
4.731513e+02 -7.836217e-02 
4.742420e+02 -7.872061e-02 
4.753352e+02 -7.908069e-02 
4.764310e+02 -7.944239e-02 
4.775293e+02 -7.980573e-02 
4.786301e+02 -8.017072e-02 
4.797334e+02 -8.053736e-02 
4.808393e+02 -8.090566e-02 
4.819478e+02 -8.127564e-02 
4.830588e+02 -8.164728e-02 
4.841724e+02 -8.202062e-02 
4.852885e+02 -8.239564e-02 
4.864072e+02 -8.277236e-02 
4.875285e+02 -8.315079e-02 
4.886524e+02 -8.353093e-02 
4.897788e+02 -8.391279e-02 
4.909079e+02 -8.429638e-02 
4.920395e+02 -8.468171e-02 
4.931738e+02 -8.506878e-02 
4.943107e+02 -8.545760e-02 
4.954502e+02 -8.584818e-02 
4.965923e+02 -8.624053e-02 
4.977371e+02 -8.663466e-02 
4.988845e+02 -8.703057e-02 
5.000345e+02 -8.742827e-02 
5.011872e+02 -8.782777e-02 
5.023426e+02 -8.822907e-02 
5.035006e+02 -8.863219e-02 
5.046613e+02 -8.903714e-02 
5.058247e+02 -8.944391e-02 
5.069907e+02 -8.985253e-02 
5.081594e+02 -9.026299e-02 
5.093309e+02 -9.067530e-02 
5.105050e+02 -9.108949e-02 
5.116818e+02 -9.150554e-02 
5.128614e+02 -9.192347e-02 
5.140437e+02 -9.234329e-02 
5.152286e+02 -9.276501e-02 
5.164164e+02 -9.318864e-02 
5.176068e+02 -9.361418e-02 
5.188000e+02 -9.404164e-02 
5.199960e+02 -9.447103e-02 
5.211947e+02 -9.490236e-02 
5.223962e+02 -9.533563e-02 
5.236004e+02 -9.577087e-02 
5.248075e+02 -9.620807e-02 
5.260173e+02 -9.664724e-02 
5.272299e+02 -9.708840e-02 
5.284453e+02 -9.753154e-02 
5.296634e+02 -9.797669e-02 
5.308844e+02 -9.842385e-02 
5.321083e+02 -9.887302e-02 
5.333349e+02 -9.932422e-02 
5.345644e+02 -9.977746e-02 
5.357967e+02 -1.002327e-01 
5.370318e+02 -1.006901e-01 
5.382698e+02 -1.011495e-01 
5.395106e+02 -1.016109e-01 
5.407543e+02 -1.020745e-01 
5.420009e+02 -1.025401e-01 
5.432503e+02 -1.030079e-01 
5.445027e+02 -1.034777e-01 
5.457579e+02 -1.039497e-01 
5.470160e+02 -1.044238e-01 
5.482770e+02 -1.049000e-01 
5.495409e+02 -1.053783e-01 
5.508077e+02 -1.058589e-01 
5.520774e+02 -1.063416e-01 
5.533501e+02 -1.068264e-01 
5.546257e+02 -1.073135e-01 
5.559043e+02 -1.078027e-01 
5.571857e+02 -1.082942e-01 
5.584702e+02 -1.087878e-01 
5.597576e+02 -1.092837e-01 
5.610480e+02 -1.097818e-01 
5.623413e+02 -1.102822e-01 
5.636377e+02 -1.107848e-01 
5.649370e+02 -1.112896e-01 
5.662393e+02 -1.117968e-01 
5.675446e+02 -1.123062e-01 
5.688529e+02 -1.128179e-01 
5.701643e+02 -1.133319e-01 
5.714786e+02 -1.138482e-01 
5.727960e+02 -1.143669e-01 
5.741165e+02 -1.148878e-01 
5.754399e+02 -1.154112e-01 
5.767665e+02 -1.159368e-01 
5.780960e+02 -1.164649e-01 
5.794287e+02 -1.169953e-01 
5.807644e+02 -1.175281e-01 
5.821032e+02 -1.180632e-01 
5.834451e+02 -1.186008e-01 
5.847901e+02 -1.191408e-01 
5.861382e+02 -1.196832e-01 
5.874894e+02 -1.202281e-01 
5.888437e+02 -1.207754e-01 
5.902011e+02 -1.213252e-01 
5.915616e+02 -1.218774e-01 
5.929253e+02 -1.224321e-01 
5.942922e+02 -1.229893e-01 
5.956621e+02 -1.235490e-01 
5.970353e+02 -1.241112e-01 
5.984116e+02 -1.246759e-01 
5.997911e+02 -1.252432e-01 
6.011737e+02 -1.258130e-01 
6.025596e+02 -1.263854e-01 
6.039486e+02 -1.269603e-01 
6.053409e+02 -1.275378e-01 
6.067363e+02 -1.281179e-01 
6.081350e+02 -1.287006e-01 
6.095369e+02 -1.292859e-01 
6.109420e+02 -1.298738e-01 
6.123504e+02 -1.304644e-01 
6.137620e+02 -1.310576e-01 
6.151769e+02 -1.316534e-01 
6.165950e+02 -1.322520e-01 
6.180164e+02 -1.328532e-01 
6.194411e+02 -1.334571e-01 
6.208690e+02 -1.340637e-01 
6.223003e+02 -1.346730e-01 
6.237348e+02 -1.352850e-01 
6.251727e+02 -1.358998e-01 
6.266139e+02 -1.365173e-01 
6.280584e+02 -1.371376e-01 
6.295062e+02 -1.377607e-01 
6.309573e+02 -1.383866e-01 
6.324119e+02 -1.390152e-01 
6.338697e+02 -1.396467e-01 
6.353309e+02 -1.402809e-01 
6.367955e+02 -1.409181e-01 
6.382635e+02 -1.415580e-01 
6.397348e+02 -1.422009e-01 
6.412096e+02 -1.428466e-01 
6.426877e+02 -1.434951e-01 
6.441693e+02 -1.441466e-01 
6.456542e+02 -1.448010e-01 
6.471426e+02 -1.454583e-01 
6.486344e+02 -1.461185e-01 
6.501297e+02 -1.467817e-01 
6.516284e+02 -1.474479e-01 
6.531306e+02 -1.481170e-01 
6.546362e+02 -1.487891e-01 
6.561453e+02 -1.494642e-01 
6.576578e+02 -1.501423e-01 
6.591739e+02 -1.508234e-01 
6.606934e+02 -1.515076e-01 
6.622165e+02 -1.521948e-01 
6.637431e+02 -1.528851e-01 
6.652732e+02 -1.535785e-01 
6.668068e+02 -1.542749e-01 
6.683439e+02 -1.549745e-01 
6.698846e+02 -1.556771e-01 
6.714289e+02 -1.563829e-01 
6.729767e+02 -1.570919e-01 
6.745280e+02 -1.578039e-01 
6.760830e+02 -1.585192e-01 
6.776415e+02 -1.592377e-01 
6.792036e+02 -1.599593e-01 
6.807694e+02 -1.606841e-01 
6.823387e+02 -1.614122e-01 
6.839116e+02 -1.621435e-01 
6.854882e+02 -1.628781e-01 
6.870684e+02 -1.636159e-01 
6.886523e+02 -1.643570e-01 
6.902398e+02 -1.651014e-01 
6.918310e+02 -1.658492e-01 
6.934258e+02 -1.666002e-01 
6.950243e+02 -1.673546e-01 
6.966265e+02 -1.681123e-01 
6.982324e+02 -1.688734e-01 
6.998420e+02 -1.696378e-01 
7.014553e+02 -1.704057e-01 
7.030723e+02 -1.711769e-01 
7.046931e+02 -1.719516e-01 
7.063176e+02 -1.727297e-01 
7.079458e+02 -1.735113e-01 
7.095778e+02 -1.742964e-01 
7.112135e+02 -1.750849e-01 
7.128530e+02 -1.758769e-01 
7.144963e+02 -1.766724e-01 
7.161434e+02 -1.774715e-01 
7.177943e+02 -1.782741e-01 
7.194490e+02 -1.790802e-01 
7.211075e+02 -1.798899e-01 
7.227698e+02 -1.807032e-01 
7.244360e+02 -1.815201e-01 
7.261060e+02 -1.823407e-01 
7.277798e+02 -1.831648e-01 
7.294575e+02 -1.839926e-01 
7.311391e+02 -1.848241e-01 
7.328245e+02 -1.856592e-01 
7.345139e+02 -1.864980e-01 
7.362071e+02 -1.873406e-01 
7.379042e+02 -1.881868e-01 
7.396053e+02 -1.890368e-01 
7.413102e+02 -1.898906e-01 
7.430191e+02 -1.907481e-01 
7.447320e+02 -1.916094e-01 
7.464488e+02 -1.924746e-01 
7.481695e+02 -1.933435e-01 
7.498942e+02 -1.942163e-01 
7.516229e+02 -1.950929e-01 
7.533556e+02 -1.959734e-01 
7.550922e+02 -1.968578e-01 
7.568329e+02 -1.977461e-01 
7.585776e+02 -1.986383e-01 
7.603263e+02 -1.995344e-01 
7.620790e+02 -2.004345e-01 
7.638358e+02 -2.013386e-01 
7.655966e+02 -2.022466e-01 
7.673615e+02 -2.031586e-01 
7.691304e+02 -2.040747e-01 
7.709035e+02 -2.049948e-01 
7.726806e+02 -2.059189e-01 
7.744618e+02 -2.068471e-01 
7.762471e+02 -2.077794e-01 
7.780366e+02 -2.087158e-01 
7.798301e+02 -2.096563e-01 
7.816278e+02 -2.106010e-01 
7.834296e+02 -2.115498e-01 
7.852356e+02 -2.125027e-01 
7.870458e+02 -2.134599e-01 
7.888601e+02 -2.144213e-01 
7.906786e+02 -2.153869e-01 
7.925013e+02 -2.163567e-01 
7.943282e+02 -2.173308e-01 
7.961594e+02 -2.183092e-01 
7.979947e+02 -2.192918e-01 
7.998343e+02 -2.202788e-01 
8.016781e+02 -2.212701e-01 
8.035261e+02 -2.222657e-01 
8.053784e+02 -2.232658e-01 
8.072350e+02 -2.242702e-01 
8.090959e+02 -2.252790e-01 
8.109611e+02 -2.262922e-01 
8.128305e+02 -2.273098e-01 
8.147043e+02 -2.283320e-01 
8.165824e+02 -2.293586e-01 
8.184648e+02 -2.303896e-01 
8.203515e+02 -2.314252e-01 
8.222426e+02 -2.324654e-01 
8.241381e+02 -2.335101e-01 
8.260379e+02 -2.345593e-01 
8.279422e+02 -2.356132e-01 
8.298508e+02 -2.366716e-01 
8.317638e+02 -2.377347e-01 
8.336812e+02 -2.388024e-01 
8.356030e+02 -2.398748e-01 
8.375293e+02 -2.409519e-01 
8.394600e+02 -2.420336e-01 
8.413951e+02 -2.431201e-01 
8.433348e+02 -2.442114e-01 
8.452788e+02 -2.453073e-01 
8.472274e+02 -2.464081e-01 
8.491805e+02 -2.475137e-01 
8.511380e+02 -2.486241e-01 
8.531001e+02 -2.497393e-01 
8.550667e+02 -2.508594e-01 
8.570378e+02 -2.519844e-01 
8.590135e+02 -2.531143e-01 
8.609938e+02 -2.542491e-01 
8.629785e+02 -2.553888e-01 
8.649679e+02 -2.565335e-01 
8.669619e+02 -2.576832e-01 
8.689604e+02 -2.588378e-01 
8.709636e+02 -2.599975e-01 
8.729714e+02 -2.611623e-01 
8.749838e+02 -2.623321e-01 
8.770008e+02 -2.635069e-01 
8.790225e+02 -2.646869e-01 
8.810489e+02 -2.658720e-01 
8.830799e+02 -2.670623e-01 
8.851156e+02 -2.682577e-01 
8.871560e+02 -2.694583e-01 
8.892011e+02 -2.706641e-01 
8.912509e+02 -2.718751e-01 
8.933055e+02 -2.730914e-01 
8.953648e+02 -2.743130e-01 
8.974288e+02 -2.755399e-01 
8.994976e+02 -2.767720e-01 
9.015711e+02 -2.780095e-01 
9.036495e+02 -2.792524e-01 
9.057326e+02 -2.805006e-01 
9.078205e+02 -2.817543e-01 
9.099133e+02 -2.830133e-01 
9.120108e+02 -2.842778e-01 
9.141132e+02 -2.855478e-01 
9.162205e+02 -2.868233e-01 
9.183326e+02 -2.881042e-01 
9.204496e+02 -2.893907e-01 
9.225714e+02 -2.906828e-01 
9.246982e+02 -2.919804e-01 
9.268298e+02 -2.932837e-01 
9.289664e+02 -2.945925e-01 
9.311079e+02 -2.959070e-01 
9.332543e+02 -2.972272e-01 
9.354057e+02 -2.985531e-01 
9.375620e+02 -2.998846e-01 
9.397233e+02 -3.012219e-01 
9.418896e+02 -3.025650e-01 
9.440609e+02 -3.039139e-01 
9.462372e+02 -3.052685e-01 
9.484185e+02 -3.066290e-01 
9.506048e+02 -3.079953e-01 
9.527962e+02 -3.093675e-01 
9.549926e+02 -3.107456e-01 
9.571941e+02 -3.121297e-01 
9.594006e+02 -3.135196e-01 
9.616123e+02 -3.149156e-01 
9.638290e+02 -3.163175e-01 
9.660509e+02 -3.177254e-01 
9.682779e+02 -3.191394e-01 
9.705100e+02 -3.205595e-01 
9.727472e+02 -3.219856e-01 
9.749896e+02 -3.234178e-01 
9.772372e+02 -3.248562e-01 
9.794900e+02 -3.263008e-01 
9.817479e+02 -3.277515e-01 
9.840111e+02 -3.292084e-01 
9.862795e+02 -3.306716e-01 
9.885531e+02 -3.321410e-01 
9.908319e+02 -3.336167e-01 
9.931160e+02 -3.350987e-01 
9.954054e+02 -3.365871e-01 
9.977001e+02 -3.380818e-01 
1.000000e+03 -3.395829e-01 
1.002305e+03 -3.410903e-01 
1.004616e+03 -3.426043e-01 
1.006932e+03 -3.441246e-01 
1.009253e+03 -3.456515e-01 
1.011579e+03 -3.471849e-01 
1.013911e+03 -3.487248e-01 
1.016249e+03 -3.502712e-01 
1.018591e+03 -3.518243e-01 
1.020939e+03 -3.533839e-01 
1.023293e+03 -3.549502e-01 
1.025652e+03 -3.565232e-01 
1.028016e+03 -3.581028e-01 
1.030386e+03 -3.596892e-01 
1.032761e+03 -3.612823e-01 
1.035142e+03 -3.628821e-01 
1.037528e+03 -3.644888e-01 
1.039920e+03 -3.661022e-01 
1.042317e+03 -3.677225e-01 
1.044720e+03 -3.693497e-01 
1.047129e+03 -3.709838e-01 
1.049542e+03 -3.726248e-01 
1.051962e+03 -3.742727e-01 
1.054387e+03 -3.759277e-01 
1.056818e+03 -3.775896e-01 
1.059254e+03 -3.792586e-01 
1.061696e+03 -3.809346e-01 
1.064143e+03 -3.826177e-01 
1.066596e+03 -3.843079e-01 
1.069055e+03 -3.860053e-01 
1.071519e+03 -3.877098e-01 
1.073989e+03 -3.894215e-01 
1.076465e+03 -3.911405e-01 
1.078947e+03 -3.928667e-01 
1.081434e+03 -3.946002e-01 
1.083927e+03 -3.963409e-01 
1.086426e+03 -3.980890e-01 
1.088930e+03 -3.998445e-01 
1.091440e+03 -4.016074e-01 
1.093956e+03 -4.033777e-01 
1.096478e+03 -4.051554e-01 
1.099006e+03 -4.069406e-01 
1.101539e+03 -4.087333e-01 
1.104079e+03 -4.105335e-01 
1.106624e+03 -4.123413e-01 
1.109175e+03 -4.141567e-01 
1.111732e+03 -4.159797e-01 
1.114295e+03 -4.178103e-01 
1.116863e+03 -4.196486e-01 
1.119438e+03 -4.214946e-01 
1.122018e+03 -4.233483e-01 
1.124605e+03 -4.252098e-01 
1.127197e+03 -4.270791e-01 
1.129796e+03 -4.289563e-01 
1.132400e+03 -4.308412e-01 
1.135011e+03 -4.327340e-01 
1.137627e+03 -4.346348e-01 
1.140250e+03 -4.365435e-01 
1.142878e+03 -4.384601e-01 
1.145513e+03 -4.403848e-01 
1.148154e+03 -4.423174e-01 
1.150800e+03 -4.442582e-01 
1.153453e+03 -4.462070e-01 
1.156112e+03 -4.481639e-01 
1.158777e+03 -4.501290e-01 
1.161449e+03 -4.521022e-01 
1.164126e+03 -4.540837e-01 
1.166810e+03 -4.560733e-01 
1.169499e+03 -4.580713e-01 
1.172195e+03 -4.600775e-01 
1.174898e+03 -4.620921e-01 
1.177606e+03 -4.641151e-01 
1.180321e+03 -4.661464e-01 
1.183042e+03 -4.681861e-01 
1.185769e+03 -4.702343e-01 
1.188502e+03 -4.722910e-01 
1.191242e+03 -4.743562e-01 
1.193988e+03 -4.764300e-01 
1.196741e+03 -4.785123e-01 
1.199499e+03 -4.806032e-01 
1.202264e+03 -4.827028e-01 
1.205036e+03 -4.848110e-01 
1.207814e+03 -4.869279e-01 
1.210598e+03 -4.890536e-01 
1.213389e+03 -4.911880e-01 
1.216186e+03 -4.933313e-01 
1.218990e+03 -4.954833e-01 
1.221800e+03 -4.976442e-01 
1.224616e+03 -4.998140e-01 
1.227439e+03 -5.019928e-01 
1.230269e+03 -5.041805e-01 
1.233105e+03 -5.063771e-01 
1.235947e+03 -5.085828e-01 
1.238797e+03 -5.107976e-01 
1.241652e+03 -5.130214e-01 
1.244515e+03 -5.152544e-01 
1.247384e+03 -5.174965e-01 
1.250259e+03 -5.197478e-01 
1.253141e+03 -5.220083e-01 
1.256030e+03 -5.242781e-01 
1.258925e+03 -5.265572e-01 
1.261828e+03 -5.288455e-01 
1.264736e+03 -5.311432e-01 
1.267652e+03 -5.334503e-01 
1.270574e+03 -5.357669e-01 
1.273503e+03 -5.380928e-01 
1.276439e+03 -5.404283e-01 
1.279381e+03 -5.427732e-01 
1.282331e+03 -5.451278e-01 
1.285287e+03 -5.474919e-01 
1.288250e+03 -5.498656e-01 
1.291219e+03 -5.522489e-01 
1.294196e+03 -5.546420e-01 
1.297179e+03 -5.570448e-01 
1.300170e+03 -5.594573e-01 
1.303167e+03 -5.618796e-01 
1.306171e+03 -5.643117e-01 
1.309182e+03 -5.667537e-01 
1.312200e+03 -5.692056e-01 
1.315225e+03 -5.716674e-01 
1.318257e+03 -5.741392e-01 
1.321296e+03 -5.766209e-01 
1.324342e+03 -5.791127e-01 
1.327394e+03 -5.816146e-01 
1.330454e+03 -5.841265e-01 
1.333521e+03 -5.866486e-01 
1.336596e+03 -5.891809e-01 
1.339677e+03 -5.917233e-01 
1.342765e+03 -5.942760e-01 
1.345860e+03 -5.968390e-01 
1.348963e+03 -5.994123e-01 
1.352073e+03 -6.019959e-01 
1.355189e+03 -6.045899e-01 
1.358313e+03 -6.071943e-01 
1.361445e+03 -6.098092e-01 
1.364583e+03 -6.124345e-01 
1.367729e+03 -6.150704e-01 
1.370882e+03 -6.177168e-01 
1.374042e+03 -6.203738e-01 
1.377209e+03 -6.230415e-01 
1.380384e+03 -6.257198e-01 
1.383566e+03 -6.284088e-01 
1.386756e+03 -6.311086e-01 
1.389953e+03 -6.338191e-01 
1.393157e+03 -6.365404e-01 
1.396368e+03 -6.392726e-01 
1.399587e+03 -6.420157e-01 
1.402814e+03 -6.447697e-01 
1.406048e+03 -6.475346e-01 
1.409289e+03 -6.503105e-01 
1.412538e+03 -6.530975e-01 
1.415794e+03 -6.558955e-01 
1.419058e+03 -6.587047e-01 
1.422329e+03 -6.615249e-01 
1.425608e+03 -6.643564e-01 
1.428894e+03 -6.671990e-01 
1.432188e+03 -6.700529e-01 
1.435489e+03 -6.729181e-01 
1.438799e+03 -6.757946e-01 
1.442115e+03 -6.786825e-01 
1.445440e+03 -6.815818e-01 
1.448772e+03 -6.844925e-01 
1.452112e+03 -6.874147e-01 
1.455459e+03 -6.903484e-01 
1.458814e+03 -6.932936e-01 
1.462177e+03 -6.962504e-01 
1.465548e+03 -6.992189e-01 
1.468926e+03 -7.021990e-01 
1.472313e+03 -7.051908e-01 
1.475707e+03 -7.081943e-01 
1.479108e+03 -7.112097e-01 
1.482518e+03 -7.142368e-01 
1.485936e+03 -7.172758e-01 
1.489361e+03 -7.203266e-01 
1.492794e+03 -7.233894e-01 
1.496236e+03 -7.264642e-01 
1.499685e+03 -7.295510e-01 
1.503142e+03 -7.326498e-01 
1.506607e+03 -7.357607e-01 
1.510080e+03 -7.388837e-01 
1.513561e+03 -7.420188e-01 
1.517050e+03 -7.451662e-01 
1.520548e+03 -7.483258e-01 
1.524053e+03 -7.514976e-01 
1.527566e+03 -7.546818e-01 
1.531087e+03 -7.578783e-01 
1.534617e+03 -7.610872e-01 
1.538155e+03 -7.643086e-01 
1.541700e+03 -7.675424e-01 
1.545254e+03 -7.707887e-01 
1.548817e+03 -7.740475e-01 
1.552387e+03 -7.773190e-01 
1.555966e+03 -7.806030e-01 
1.559553e+03 -7.838997e-01 
1.563148e+03 -7.872092e-01 
1.566751e+03 -7.905313e-01 
1.570363e+03 -7.938662e-01 
1.573983e+03 -7.972140e-01 
1.577611e+03 -8.005746e-01 
1.581248e+03 -8.039481e-01 
1.584893e+03 -8.073346e-01 
1.588547e+03 -8.107340e-01 
1.592209e+03 -8.141464e-01 
1.595879e+03 -8.175719e-01 
1.599558e+03 -8.210105e-01 
1.603245e+03 -8.244622e-01 
1.606941e+03 -8.279271e-01 
1.610646e+03 -8.314052e-01 
1.614359e+03 -8.348965e-01 
1.618080e+03 -8.384012e-01 
1.621810e+03 -8.419192e-01 
1.625549e+03 -8.454505e-01 
1.629296e+03 -8.489953e-01 
1.633052e+03 -8.525535e-01 
1.636817e+03 -8.561252e-01 
1.640590e+03 -8.597105e-01 
1.644372e+03 -8.633093e-01 
1.648162e+03 -8.669217e-01 
1.651962e+03 -8.705478e-01 
1.655770e+03 -8.741875e-01 
1.659587e+03 -8.778410e-01 
1.663413e+03 -8.815083e-01 
1.667247e+03 -8.851894e-01 
1.671091e+03 -8.888844e-01 
1.674943e+03 -8.925932e-01 
1.678804e+03 -8.963160e-01 
1.682674e+03 -9.000527e-01 
1.686553e+03 -9.038035e-01 
1.690441e+03 -9.075683e-01 
1.694338e+03 -9.113472e-01 
1.698244e+03 -9.151403e-01 
1.702159e+03 -9.189475e-01 
1.706082e+03 -9.227689e-01 
1.710015e+03 -9.266046e-01 
1.713957e+03 -9.304546e-01 
1.717908e+03 -9.343190e-01 
1.721869e+03 -9.381977e-01 
1.725838e+03 -9.420908e-01 
1.729816e+03 -9.459984e-01 
1.733804e+03 -9.499205e-01 
1.737801e+03 -9.538571e-01 
1.741807e+03 -9.578084e-01 
1.745822e+03 -9.617742e-01 
1.749847e+03 -9.657547e-01 
1.753881e+03 -9.697499e-01 
1.757924e+03 -9.737599e-01 
1.761976e+03 -9.777846e-01 
1.766038e+03 -9.818242e-01 
1.770109e+03 -9.858786e-01 
1.774189e+03 -9.899480e-01 
1.778279e+03 -9.940323e-01 
1.782379e+03 -9.981316e-01 
1.786488e+03 -1.002246e+00 
1.790606e+03 -1.006375e+00 
1.794734e+03 -1.010520e+00 
1.798871e+03 -1.014679e+00 
1.803018e+03 -1.018854e+00 
1.807174e+03 -1.023044e+00 
1.811340e+03 -1.027250e+00 
1.815516e+03 -1.031470e+00 
1.819701e+03 -1.035706e+00 
1.823896e+03 -1.039958e+00 
1.828100e+03 -1.044225e+00 
1.832314e+03 -1.048507e+00 
1.836538e+03 -1.052805e+00 
1.840772e+03 -1.057118e+00 
1.845015e+03 -1.061447e+00 
1.849269e+03 -1.065792e+00 
1.853532e+03 -1.070152e+00 
1.857804e+03 -1.074529e+00 
1.862087e+03 -1.078920e+00 
1.866380e+03 -1.083328e+00 
1.870682e+03 -1.087752e+00 
1.874995e+03 -1.092191e+00 
1.879317e+03 -1.096646e+00 
1.883649e+03 -1.101118e+00 
1.887991e+03 -1.105605e+00 
1.892344e+03 -1.110108e+00 
1.896706e+03 -1.114628e+00 
1.901078e+03 -1.119163e+00 
1.905461e+03 -1.123715e+00 
1.909853e+03 -1.128283e+00 
1.914256e+03 -1.132867e+00 
1.918669e+03 -1.137468e+00 
1.923092e+03 -1.142085e+00 
1.927525e+03 -1.146718e+00 
1.931968e+03 -1.151367e+00 
1.936422e+03 -1.156034e+00 
1.940886e+03 -1.160716e+00 
1.945360e+03 -1.165415e+00 
1.949845e+03 -1.170131e+00 
1.954339e+03 -1.174863e+00 
1.958845e+03 -1.179612e+00 
1.963360e+03 -1.184378e+00 
1.967886e+03 -1.189160e+00 
1.972423e+03 -1.193960e+00 
1.976970e+03 -1.198776e+00 
1.981527e+03 -1.203609e+00 
1.986095e+03 -1.208458e+00 
1.990673e+03 -1.213325e+00 
1.995262e+03 -1.218209e+00 
1.999862e+03 -1.223110e+00 
2.004472e+03 -1.228027e+00 
2.009093e+03 -1.232962e+00 
2.013724e+03 -1.237914e+00 
2.018366e+03 -1.242884e+00 
2.023019e+03 -1.247870e+00 
2.027683e+03 -1.252874e+00 
2.032357e+03 -1.257895e+00 
2.037042e+03 -1.262933e+00 
2.041738e+03 -1.267989e+00 
2.046445e+03 -1.273062e+00 
2.051162e+03 -1.278152e+00 
2.055891e+03 -1.283261e+00 
2.060630e+03 -1.288386e+00 
2.065380e+03 -1.293529e+00 
2.070141e+03 -1.298690e+00 
2.074914e+03 -1.303869e+00 
2.079697e+03 -1.309065e+00 
2.084491e+03 -1.314279e+00 
2.089296e+03 -1.319511e+00 
2.094112e+03 -1.324760e+00 
2.098940e+03 -1.330027e+00 
2.103778e+03 -1.335313e+00 
2.108628e+03 -1.340616e+00 
2.113489e+03 -1.345937e+00 
2.118361e+03 -1.351276e+00 
2.123244e+03 -1.356633e+00 
2.128139e+03 -1.362009e+00 
2.133045e+03 -1.367402e+00 
2.137962e+03 -1.372814e+00 
2.142891e+03 -1.378243e+00 
2.147830e+03 -1.383691e+00 
2.152782e+03 -1.389158e+00 
2.157744e+03 -1.394642e+00 
2.162719e+03 -1.400145e+00 
2.167704e+03 -1.405667e+00 
2.172701e+03 -1.411207e+00 
2.177710e+03 -1.416765e+00 
2.182730e+03 -1.422342e+00 
2.187762e+03 -1.427937e+00 
2.192805e+03 -1.433551e+00 
2.197860e+03 -1.439183e+00 
2.202926e+03 -1.444834e+00 
2.208005e+03 -1.450504e+00 
2.213095e+03 -1.456193e+00 
2.218196e+03 -1.461900e+00 
2.223310e+03 -1.467626e+00 
2.228435e+03 -1.473371e+00 
2.233572e+03 -1.479135e+00 
2.238721e+03 -1.484918e+00 
2.243882e+03 -1.490720e+00 
2.249055e+03 -1.496540e+00 
2.254239e+03 -1.502380e+00 
2.259436e+03 -1.508239e+00 
2.264644e+03 -1.514117e+00 
2.269865e+03 -1.520014e+00 
2.275097e+03 -1.525930e+00 
2.280342e+03 -1.531866e+00 
2.285599e+03 -1.537820e+00 
2.290868e+03 -1.543794e+00 
2.296149e+03 -1.549788e+00 
2.301442e+03 -1.555800e+00 
2.306747e+03 -1.561832e+00 
2.312065e+03 -1.567884e+00 
2.317395e+03 -1.573955e+00 
2.322737e+03 -1.580045e+00 
2.328091e+03 -1.586155e+00 
2.333458e+03 -1.592284e+00 
2.338837e+03 -1.598434e+00 
2.344229e+03 -1.604602e+00 
2.349633e+03 -1.610791e+00 
2.355049e+03 -1.616999e+00 
2.360478e+03 -1.623227e+00 
2.365920e+03 -1.629474e+00 
2.371374e+03 -1.635742e+00 
2.376840e+03 -1.642029e+00 
2.382319e+03 -1.648336e+00 
2.387811e+03 -1.654663e+00 
2.393316e+03 -1.661010e+00 
2.398833e+03 -1.667377e+00 
2.404363e+03 -1.673764e+00 
2.409905e+03 -1.680171e+00 
2.415461e+03 -1.686598e+00 
2.421029e+03 -1.693045e+00 
2.426610e+03 -1.699512e+00 
2.432204e+03 -1.706000e+00 
2.437811e+03 -1.712508e+00 
2.443431e+03 -1.719036e+00 
2.449063e+03 -1.725584e+00 
2.454709e+03 -1.732152e+00 
2.460368e+03 -1.738741e+00 
2.466039e+03 -1.745350e+00 
2.471724e+03 -1.751980e+00 
2.477422e+03 -1.758630e+00 
2.483133e+03 -1.765300e+00 
2.488857e+03 -1.771991e+00 
2.494595e+03 -1.778703e+00 
2.500345e+03 -1.785435e+00 
2.506109e+03 -1.792188e+00 
2.511886e+03 -1.798961e+00 
2.517677e+03 -1.805755e+00 
2.523481e+03 -1.812570e+00 
2.529298e+03 -1.819405e+00 
2.535129e+03 -1.826261e+00 
2.540973e+03 -1.833138e+00 
2.546830e+03 -1.840036e+00 
2.552701e+03 -1.846954e+00 
2.558586e+03 -1.853893e+00 
2.564484e+03 -1.860854e+00 
2.570396e+03 -1.867835e+00 
2.576321e+03 -1.874837e+00 
2.582260e+03 -1.881860e+00 
2.588213e+03 -1.888904e+00 
2.594179e+03 -1.895969e+00 
2.600160e+03 -1.903055e+00 
2.606154e+03 -1.910163e+00 
2.612161e+03 -1.917291e+00 
2.618183e+03 -1.924440e+00 
2.624219e+03 -1.931611e+00 
2.630268e+03 -1.938803e+00 
2.636331e+03 -1.946016e+00 
2.642409e+03 -1.953251e+00 
2.648500e+03 -1.960506e+00 
2.654606e+03 -1.967783e+00 
2.660725e+03 -1.975082e+00 
2.666859e+03 -1.982401e+00 
2.673006e+03 -1.989743e+00 
2.679168e+03 -1.997105e+00 
2.685344e+03 -2.004489e+00 
2.691535e+03 -2.011894e+00 
2.697739e+03 -2.019321e+00 
2.703958e+03 -2.026770e+00 
2.710192e+03 -2.034240e+00 
2.716439e+03 -2.041731e+00 
2.722701e+03 -2.049245e+00 
2.728978e+03 -2.056779e+00 
2.735269e+03 -2.064336e+00 
2.741574e+03 -2.071914e+00 
2.747894e+03 -2.079514e+00 
2.754229e+03 -2.087135e+00 
2.760578e+03 -2.094778e+00 
2.766942e+03 -2.102443e+00 
2.773320e+03 -2.110130e+00 
2.779713e+03 -2.117839e+00 
2.786121e+03 -2.125569e+00 
2.792544e+03 -2.133322e+00 
2.798981e+03 -2.141096e+00 
2.805434e+03 -2.148892e+00 
2.811901e+03 -2.156710e+00 
2.818383e+03 -2.164550e+00 
2.824880e+03 -2.172412e+00 
2.831392e+03 -2.180296e+00 
2.837919e+03 -2.188202e+00 
2.844461e+03 -2.196130e+00 
2.851018e+03 -2.204080e+00 
2.857591e+03 -2.212052e+00 
2.864178e+03 -2.220046e+00 
2.870781e+03 -2.228063e+00 
2.877398e+03 -2.236101e+00 
2.884032e+03 -2.244162e+00 
2.890680e+03 -2.252245e+00 
2.897344e+03 -2.260350e+00 
2.904023e+03 -2.268477e+00 
2.910717e+03 -2.276627e+00 
2.917427e+03 -2.284798e+00 
2.924152e+03 -2.292992e+00 
2.930893e+03 -2.301209e+00 
2.937650e+03 -2.309447e+00 
2.944422e+03 -2.317708e+00 
2.951209e+03 -2.325992e+00 
2.958012e+03 -2.334297e+00 
2.964831e+03 -2.342625e+00 
2.971666e+03 -2.350976e+00 
2.978516e+03 -2.359349e+00 
2.985383e+03 -2.367744e+00 
2.992265e+03 -2.376162e+00 
2.999163e+03 -2.384602e+00 
3.006076e+03 -2.393065e+00 
3.013006e+03 -2.401550e+00 
3.019952e+03 -2.410058e+00 
3.026913e+03 -2.418588e+00 
3.033891e+03 -2.427141e+00 
3.040885e+03 -2.435716e+00 
3.047895e+03 -2.444314e+00 
3.054921e+03 -2.452935e+00 
3.061963e+03 -2.461578e+00 
3.069022e+03 -2.470243e+00 
3.076097e+03 -2.478932e+00 
3.083188e+03 -2.487643e+00 
3.090295e+03 -2.496377e+00 
3.097419e+03 -2.505133e+00 
3.104560e+03 -2.513912e+00 
3.111716e+03 -2.522714e+00 
3.118890e+03 -2.531538e+00 
3.126079e+03 -2.540386e+00 
3.133286e+03 -2.549256e+00 
3.140509e+03 -2.558148e+00 
3.147748e+03 -2.567064e+00 
3.155005e+03 -2.576002e+00 
3.162278e+03 -2.584963e+00 
3.169567e+03 -2.593947e+00 
3.176874e+03 -2.602953e+00 
3.184198e+03 -2.611983e+00 
3.191538e+03 -2.621035e+00 
3.198895e+03 -2.630110e+00 
3.206269e+03 -2.639208e+00 
3.213661e+03 -2.648329e+00 
3.221069e+03 -2.657473e+00 
3.228494e+03 -2.666639e+00 
3.235937e+03 -2.675829e+00 
3.243396e+03 -2.685041e+00 
3.250873e+03 -2.694276e+00 
3.258367e+03 -2.703534e+00 
3.265878e+03 -2.712815e+00 
3.273407e+03 -2.722119e+00 
3.280953e+03 -2.731446e+00 
3.288516e+03 -2.740796e+00 
3.296097e+03 -2.750169e+00 
3.303695e+03 -2.759564e+00 
3.311311e+03 -2.768983e+00 
3.318945e+03 -2.778425e+00 
3.326596e+03 -2.787889e+00 
3.334264e+03 -2.797377e+00 
3.341950e+03 -2.806888e+00 
3.349654e+03 -2.816421e+00 
3.357376e+03 -2.825978e+00 
3.365116e+03 -2.835557e+00 
3.372873e+03 -2.845160e+00 
3.380648e+03 -2.854786e+00 
3.388442e+03 -2.864434e+00 
3.396253e+03 -2.874106e+00 
3.404082e+03 -2.883800e+00 
3.411929e+03 -2.893518e+00 
3.419794e+03 -2.903259e+00 
3.427678e+03 -2.913022e+00 
3.435579e+03 -2.922809e+00 
3.443499e+03 -2.932619e+00 
3.451437e+03 -2.942452e+00 
3.459394e+03 -2.952308e+00 
3.467369e+03 -2.962186e+00 
3.475362e+03 -2.972088e+00 
3.483373e+03 -2.982013e+00 
3.491403e+03 -2.991961e+00 
3.499452e+03 -3.001932e+00 
3.507519e+03 -3.011926e+00 
3.515604e+03 -3.021943e+00 
3.523709e+03 -3.031984e+00 
3.531832e+03 -3.042047e+00 
3.539973e+03 -3.052133e+00 
3.548134e+03 -3.062242e+00 
3.556313e+03 -3.072375e+00 
3.564511e+03 -3.082530e+00 
3.572728e+03 -3.092708e+00 
3.580964e+03 -3.102910e+00 
3.589219e+03 -3.113134e+00 
3.597493e+03 -3.123382e+00 
3.605786e+03 -3.133652e+00 
3.614099e+03 -3.143946e+00 
3.622430e+03 -3.154263e+00 
3.630781e+03 -3.164602e+00 
3.639150e+03 -3.174965e+00 
3.647539e+03 -3.185350e+00 
3.655948e+03 -3.195759e+00 
3.664376e+03 -3.206191e+00 
3.672823e+03 -3.216645e+00 
3.681290e+03 -3.227123e+00 
3.689776e+03 -3.237624e+00 
3.698282e+03 -3.248147e+00 
3.706807e+03 -3.258694e+00 
3.715352e+03 -3.269263e+00 
3.723917e+03 -3.279856e+00 
3.732502e+03 -3.290471e+00 
3.741106e+03 -3.301110e+00 
3.749730e+03 -3.311771e+00 
3.758374e+03 -3.322456e+00 
3.767038e+03 -3.333163e+00 
3.775722e+03 -3.343893e+00 
3.784426e+03 -3.354646e+00 
3.793150e+03 -3.365422e+00 
3.801894e+03 -3.376221e+00 
3.810658e+03 -3.387043e+00 
3.819443e+03 -3.397888e+00 
3.828247e+03 -3.408756e+00 
3.837072e+03 -3.419646e+00 
3.845918e+03 -3.430559e+00 
3.854784e+03 -3.441496e+00 
3.863670e+03 -3.452455e+00 
3.872576e+03 -3.463436e+00 
3.881504e+03 -3.474441e+00 
3.890451e+03 -3.485469e+00 
3.899420e+03 -3.496519e+00 
3.908409e+03 -3.507592e+00 
3.917419e+03 -3.518688e+00 
3.926449e+03 -3.529807e+00 
3.935501e+03 -3.540948e+00 
3.944573e+03 -3.552112e+00 
3.953666e+03 -3.563299e+00 
3.962780e+03 -3.574509e+00 
3.971915e+03 -3.585741e+00 
3.981072e+03 -3.596996e+00 
3.990249e+03 -3.608274e+00 
3.999447e+03 -3.619574e+00 
4.008667e+03 -3.630897e+00 
4.017908e+03 -3.642242e+00 
4.027170e+03 -3.653611e+00 
4.036454e+03 -3.665002e+00 
4.045759e+03 -3.676415e+00 
4.055085e+03 -3.687851e+00 
4.064433e+03 -3.699310e+00 
4.073803e+03 -3.710791e+00 
4.083194e+03 -3.722295e+00 
4.092607e+03 -3.733821e+00 
4.102041e+03 -3.745370e+00 
4.111497e+03 -3.756941e+00 
4.120975e+03 -3.768535e+00 
4.130475e+03 -3.780151e+00 
4.139997e+03 -3.791789e+00 
4.149540e+03 -3.803451e+00 
4.159106e+03 -3.815134e+00 
4.168694e+03 -3.826840e+00 
4.178304e+03 -3.838568e+00 
4.187936e+03 -3.850319e+00 
4.197590e+03 -3.862092e+00 
4.207266e+03 -3.873887e+00 
4.216965e+03 -3.885704e+00 
4.226686e+03 -3.897544e+00 
4.236430e+03 -3.909406e+00 
4.246196e+03 -3.921291e+00 
4.255984e+03 -3.933197e+00 
4.265795e+03 -3.945126e+00 
4.275629e+03 -3.957077e+00 
4.285485e+03 -3.969050e+00 
4.295364e+03 -3.981046e+00 
4.305266e+03 -3.993063e+00 
4.315191e+03 -4.005103e+00 
4.325138e+03 -4.017164e+00 
4.335109e+03 -4.029248e+00 
4.345102e+03 -4.041354e+00 
4.355119e+03 -4.053481e+00 
4.365158e+03 -4.065631e+00 
4.375221e+03 -4.077803e+00 
4.385307e+03 -4.089997e+00 
4.395416e+03 -4.102212e+00 
4.405549e+03 -4.114450e+00 
4.415704e+03 -4.126709e+00 
4.425884e+03 -4.138991e+00 
4.436086e+03 -4.151294e+00 
4.446313e+03 -4.163619e+00 
4.456562e+03 -4.175966e+00 
4.466836e+03 -4.188334e+00 
4.477133e+03 -4.200725e+00 
4.487454e+03 -4.213137e+00 
4.497799e+03 -4.225570e+00 
4.508167e+03 -4.238026e+00 
4.518559e+03 -4.250503e+00 
4.528976e+03 -4.263002e+00 
4.539416e+03 -4.275522e+00 
4.549881e+03 -4.288064e+00 
4.560369e+03 -4.300628e+00 
4.570882e+03 -4.313213e+00 
4.581419e+03 -4.325819e+00 
4.591980e+03 -4.338448e+00 
4.602566e+03 -4.351097e+00 
4.613176e+03 -4.363768e+00 
4.623810e+03 -4.376460e+00 
4.634469e+03 -4.389174e+00 
4.645153e+03 -4.401909e+00 
4.655861e+03 -4.414666e+00 
4.666594e+03 -4.427443e+00 
4.677351e+03 -4.440242e+00 
4.688134e+03 -4.453063e+00 
4.698941e+03 -4.465904e+00 
4.709773e+03 -4.478767e+00 
4.720630e+03 -4.491651e+00 
4.731513e+03 -4.504556e+00 
4.742420e+03 -4.517482e+00 
4.753352e+03 -4.530429e+00 
4.764310e+03 -4.543397e+00 
4.775293e+03 -4.556386e+00 
4.786301e+03 -4.569397e+00 
4.797334e+03 -4.582428e+00 
4.808393e+03 -4.595480e+00 
4.819478e+03 -4.608553e+00 
4.830588e+03 -4.621647e+00 
4.841724e+03 -4.634762e+00 
4.852885e+03 -4.647897e+00 
4.864072e+03 -4.661054e+00 
4.875285e+03 -4.674231e+00 
4.886524e+03 -4.687429e+00 
4.897788e+03 -4.700647e+00 
4.909079e+03 -4.713886e+00 
4.920395e+03 -4.727146e+00 
4.931738e+03 -4.740427e+00 
4.943107e+03 -4.753728e+00 
4.954502e+03 -4.767049e+00 
4.965923e+03 -4.780392e+00 
4.977371e+03 -4.793754e+00 
4.988845e+03 -4.807137e+00 
5.000345e+03 -4.820541e+00 
5.011872e+03 -4.833965e+00 
5.023426e+03 -4.847409e+00 
5.035006e+03 -4.860873e+00 
5.046613e+03 -4.874358e+00 
5.058247e+03 -4.887863e+00 
5.069907e+03 -4.901389e+00 
5.081594e+03 -4.914934e+00 
5.093309e+03 -4.928500e+00 
5.105050e+03 -4.942086e+00 
5.116818e+03 -4.955692e+00 
5.128614e+03 -4.969318e+00 
5.140437e+03 -4.982964e+00 
5.152286e+03 -4.996630e+00 
5.164164e+03 -5.010316e+00 
5.176068e+03 -5.024022e+00 
5.188000e+03 -5.037747e+00 
5.199960e+03 -5.051493e+00 
5.211947e+03 -5.065258e+00 
5.223962e+03 -5.079044e+00 
5.236004e+03 -5.092849e+00 
5.248075e+03 -5.106674e+00 
5.260173e+03 -5.120518e+00 
5.272299e+03 -5.134382e+00 
5.284453e+03 -5.148266e+00 
5.296634e+03 -5.162169e+00 
5.308844e+03 -5.176092e+00 
5.321083e+03 -5.190035e+00 
5.333349e+03 -5.203997e+00 
5.345644e+03 -5.217978e+00 
5.357967e+03 -5.231979e+00 
5.370318e+03 -5.245999e+00 
5.382698e+03 -5.260038e+00 
5.395106e+03 -5.274097e+00 
5.407543e+03 -5.288175e+00 
5.420009e+03 -5.302273e+00 
5.432503e+03 -5.316389e+00 
5.445027e+03 -5.330525e+00 
5.457579e+03 -5.344680e+00 
5.470160e+03 -5.358853e+00 
5.482770e+03 -5.373046e+00 
5.495409e+03 -5.387258e+00 
5.508077e+03 -5.401489e+00 
5.520774e+03 -5.415739e+00 
5.533501e+03 -5.430008e+00 
5.546257e+03 -5.444296e+00 
5.559043e+03 -5.458602e+00 
5.571857e+03 -5.472927e+00 
5.584702e+03 -5.487272e+00 
5.597576e+03 -5.501634e+00 
5.610480e+03 -5.516016e+00 
5.623413e+03 -5.530416e+00 
5.636377e+03 -5.544835e+00 
5.649370e+03 -5.559272e+00 
5.662393e+03 -5.573728e+00 
5.675446e+03 -5.588202e+00 
5.688529e+03 -5.602695e+00 
5.701643e+03 -5.617206e+00 
5.714786e+03 -5.631736e+00 
5.727960e+03 -5.646284e+00 
5.741165e+03 -5.660850e+00 
5.754399e+03 -5.675435e+00 
5.767665e+03 -5.690037e+00 
5.780960e+03 -5.704658e+00 
5.794287e+03 -5.719298e+00 
5.807644e+03 -5.733955e+00 
5.821032e+03 -5.748630e+00 
5.834451e+03 -5.763323e+00 
5.847901e+03 -5.778035e+00 
5.861382e+03 -5.792764e+00 
5.874894e+03 -5.807511e+00 
5.888437e+03 -5.822277e+00 
5.902011e+03 -5.837060e+00 
5.915616e+03 -5.851860e+00 
5.929253e+03 -5.866679e+00 
5.942922e+03 -5.881515e+00 
5.956621e+03 -5.896369e+00 
5.970353e+03 -5.911241e+00 
5.984116e+03 -5.926130e+00 
5.997911e+03 -5.941037e+00 
6.011737e+03 -5.955962e+00 
6.025596e+03 -5.970904e+00 
6.039486e+03 -5.985863e+00 
6.053409e+03 -6.000840e+00 
6.067363e+03 -6.015834e+00 
6.081350e+03 -6.030845e+00 
6.095369e+03 -6.045874e+00 
6.109420e+03 -6.060920e+00 
6.123504e+03 -6.075983e+00 
6.137620e+03 -6.091064e+00 
6.151769e+03 -6.106161e+00 
6.165950e+03 -6.121276e+00 
6.180164e+03 -6.136408e+00 
6.194411e+03 -6.151557e+00 
6.208690e+03 -6.166722e+00 
6.223003e+03 -6.181905e+00 
6.237348e+03 -6.197105e+00 
6.251727e+03 -6.212321e+00 
6.266139e+03 -6.227555e+00 
6.280584e+03 -6.242805e+00 
6.295062e+03 -6.258071e+00 
6.309573e+03 -6.273355e+00 
6.324119e+03 -6.288655e+00 
6.338697e+03 -6.303972e+00 
6.353309e+03 -6.319305e+00 
6.367955e+03 -6.334655e+00 
6.382635e+03 -6.350022e+00 
6.397348e+03 -6.365405e+00 
6.412096e+03 -6.380804e+00 
6.426877e+03 -6.396220e+00 
6.441693e+03 -6.411652e+00 
6.456542e+03 -6.427100e+00 
6.471426e+03 -6.442565e+00 
6.486344e+03 -6.458045e+00 
6.501297e+03 -6.473542e+00 
6.516284e+03 -6.489055e+00 
6.531306e+03 -6.504585e+00 
6.546362e+03 -6.520130e+00 
6.561453e+03 -6.535691e+00 
6.576578e+03 -6.551269e+00 
6.591739e+03 -6.566862e+00 
6.606934e+03 -6.582471e+00 
6.622165e+03 -6.598096e+00 
6.637431e+03 -6.613737e+00 
6.652732e+03 -6.629393e+00 
6.668068e+03 -6.645065e+00 
6.683439e+03 -6.660753e+00 
6.698846e+03 -6.676457e+00 
6.714289e+03 -6.692176e+00 
6.729767e+03 -6.707911e+00 
6.745280e+03 -6.723662e+00 
6.760830e+03 -6.739427e+00 
6.776415e+03 -6.755209e+00 
6.792036e+03 -6.771005e+00 
6.807694e+03 -6.786817e+00 
6.823387e+03 -6.802645e+00 
6.839116e+03 -6.818488e+00 
6.854882e+03 -6.834345e+00 
6.870684e+03 -6.850219e+00 
6.886523e+03 -6.866107e+00 
6.902398e+03 -6.882010e+00 
6.918310e+03 -6.897929e+00 
6.934258e+03 -6.913862e+00 
6.950243e+03 -6.929811e+00 
6.966265e+03 -6.945775e+00 
6.982324e+03 -6.961753e+00 
6.998420e+03 -6.977746e+00 
7.014553e+03 -6.993755e+00 
7.030723e+03 -7.009778e+00 
7.046931e+03 -7.025815e+00 
7.063176e+03 -7.041868e+00 
7.079458e+03 -7.057935e+00 
7.095778e+03 -7.074017e+00 
7.112135e+03 -7.090113e+00 
7.128530e+03 -7.106224e+00 
7.144963e+03 -7.122350e+00 
7.161434e+03 -7.138490e+00 
7.177943e+03 -7.154644e+00 
7.194490e+03 -7.170813e+00 
7.211075e+03 -7.186996e+00 
7.227698e+03 -7.203193e+00 
7.244360e+03 -7.219405e+00 
7.261060e+03 -7.235631e+00 
7.277798e+03 -7.251871e+00 
7.294575e+03 -7.268126e+00 
7.311391e+03 -7.284394e+00 
7.328245e+03 -7.300677e+00 
7.345139e+03 -7.316973e+00 
7.362071e+03 -7.333284e+00 
7.379042e+03 -7.349608e+00 
7.396053e+03 -7.365947e+00 
7.413102e+03 -7.382299e+00 
7.430191e+03 -7.398665e+00 
7.447320e+03 -7.415045e+00 
7.464488e+03 -7.431439e+00 
7.481695e+03 -7.447847e+00 
7.498942e+03 -7.464268e+00 
7.516229e+03 -7.480702e+00 
7.533556e+03 -7.497151e+00 
7.550922e+03 -7.513613e+00 
7.568329e+03 -7.530088e+00 
7.585776e+03 -7.546577e+00 
7.603263e+03 -7.563080e+00 
7.620790e+03 -7.579595e+00 
7.638358e+03 -7.596125e+00 
7.655966e+03 -7.612667e+00 
7.673615e+03 -7.629223e+00 
7.691304e+03 -7.645792e+00 
7.709035e+03 -7.662374e+00 
7.726806e+03 -7.678969e+00 
7.744618e+03 -7.695578e+00 
7.762471e+03 -7.712199e+00 
7.780366e+03 -7.728834e+00 
7.798301e+03 -7.745482e+00 
7.816278e+03 -7.762142e+00 
7.834296e+03 -7.778816e+00 
7.852356e+03 -7.795502e+00 
7.870458e+03 -7.812202e+00 
7.888601e+03 -7.828914e+00 
7.906786e+03 -7.845639e+00 
7.925013e+03 -7.862376e+00 
7.943282e+03 -7.879127e+00 
7.961594e+03 -7.895890e+00 
7.979947e+03 -7.912665e+00 
7.998343e+03 -7.929453e+00 
8.016781e+03 -7.946254e+00 
8.035261e+03 -7.963067e+00 
8.053784e+03 -7.979893e+00 
8.072350e+03 -7.996731e+00 
8.090959e+03 -8.013582e+00 
8.109611e+03 -8.030445e+00 
8.128305e+03 -8.047320e+00 
8.147043e+03 -8.064207e+00 
8.165824e+03 -8.081107e+00 
8.184648e+03 -8.098019e+00 
8.203515e+03 -8.114943e+00 
8.222426e+03 -8.131879e+00 
8.241381e+03 -8.148828e+00 
8.260379e+03 -8.165788e+00 
8.279422e+03 -8.182760e+00 
8.298508e+03 -8.199745e+00 
8.317638e+03 -8.216741e+00 
8.336812e+03 -8.233749e+00 
8.356030e+03 -8.250769e+00 
8.375293e+03 -8.267801e+00 
8.394600e+03 -8.284844e+00 
8.413951e+03 -8.301900e+00 
8.433348e+03 -8.318967e+00 
8.452788e+03 -8.336046e+00 
8.472274e+03 -8.353136e+00 
8.491805e+03 -8.370238e+00 
8.511380e+03 -8.387352e+00 
8.531001e+03 -8.404477e+00 
8.550667e+03 -8.421613e+00 
8.570378e+03 -8.438762e+00 
8.590135e+03 -8.455921e+00 
8.609938e+03 -8.473092e+00 
8.629785e+03 -8.490274e+00 
8.649679e+03 -8.507468e+00 
8.669619e+03 -8.524672e+00 
8.689604e+03 -8.541888e+00 
8.709636e+03 -8.559115e+00 
8.729714e+03 -8.576354e+00 
8.749838e+03 -8.593603e+00 
8.770008e+03 -8.610864e+00 
8.790225e+03 -8.628136e+00 
8.810489e+03 -8.645418e+00 
8.830799e+03 -8.662712e+00 
8.851156e+03 -8.680016e+00 
8.871560e+03 -8.697332e+00 
8.892011e+03 -8.714658e+00 
8.912509e+03 -8.731995e+00 
8.933055e+03 -8.749343e+00 
8.953648e+03 -8.766702e+00 
8.974288e+03 -8.784072e+00 
8.994976e+03 -8.801452e+00 
9.015711e+03 -8.818843e+00 
9.036495e+03 -8.836244e+00 
9.057326e+03 -8.853656e+00 
9.078205e+03 -8.871079e+00 
9.099133e+03 -8.888512e+00 
9.120108e+03 -8.905956e+00 
9.141132e+03 -8.923410e+00 
9.162205e+03 -8.940874e+00 
9.183326e+03 -8.958349e+00 
9.204496e+03 -8.975834e+00 
9.225714e+03 -8.993330e+00 
9.246982e+03 -9.010836e+00 
9.268298e+03 -9.028352e+00 
9.289664e+03 -9.045878e+00 
9.311079e+03 -9.063414e+00 
9.332543e+03 -9.080961e+00 
9.354057e+03 -9.098518e+00 
9.375620e+03 -9.116084e+00 
9.397233e+03 -9.133661e+00 
9.418896e+03 -9.151248e+00 
9.440609e+03 -9.168845e+00 
9.462372e+03 -9.186452e+00 
9.484185e+03 -9.204068e+00 
9.506048e+03 -9.221695e+00 
9.527962e+03 -9.239331e+00 
9.549926e+03 -9.256977e+00 
9.571941e+03 -9.274633e+00 
9.594006e+03 -9.292299e+00 
9.616123e+03 -9.309974e+00 
9.638290e+03 -9.327659e+00 
9.660509e+03 -9.345354e+00 
9.682779e+03 -9.363058e+00 
9.705100e+03 -9.380772e+00 
9.727472e+03 -9.398495e+00 
9.749896e+03 -9.416228e+00 
9.772372e+03 -9.433970e+00 
9.794900e+03 -9.451722e+00 
9.817479e+03 -9.469483e+00 
9.840111e+03 -9.487254e+00 
9.862795e+03 -9.505034e+00 
9.885531e+03 -9.522823e+00 
9.908319e+03 -9.540621e+00 
9.931160e+03 -9.558429e+00 
9.954054e+03 -9.576246e+00 
9.977001e+03 -9.594072e+00 
1.000000e+04 -9.611908e+00 
1.002305e+04 -9.629752e+00 
1.004616e+04 -9.647605e+00 
1.006932e+04 -9.665468e+00 
1.009253e+04 -9.683340e+00 
1.011579e+04 -9.701220e+00 
1.013911e+04 -9.719110e+00 
1.016249e+04 -9.737008e+00 
1.018591e+04 -9.754916e+00 
1.020939e+04 -9.772832e+00 
1.023293e+04 -9.790757e+00 
1.025652e+04 -9.808691e+00 
1.028016e+04 -9.826634e+00 
1.030386e+04 -9.844585e+00 
1.032761e+04 -9.862545e+00 
1.035142e+04 -9.880514e+00 
1.037528e+04 -9.898491e+00 
1.039920e+04 -9.916478e+00 
1.042317e+04 -9.934472e+00 
1.044720e+04 -9.952475e+00 
1.047129e+04 -9.970487e+00 
1.049542e+04 -9.988508e+00 
1.051962e+04 -1.000654e+01 
1.054387e+04 -1.002457e+01 
1.056818e+04 -1.004262e+01 
1.059254e+04 -1.006067e+01 
1.061696e+04 -1.007874e+01 
1.064143e+04 -1.009681e+01 
1.066596e+04 -1.011489e+01 
1.069055e+04 -1.013297e+01 
1.071519e+04 -1.015107e+01 
1.073989e+04 -1.016917e+01 
1.076465e+04 -1.018728e+01 
1.078947e+04 -1.020540e+01 
1.081434e+04 -1.022353e+01 
1.083927e+04 -1.024167e+01 
1.086426e+04 -1.025981e+01 
1.088930e+04 -1.027796e+01 
1.091440e+04 -1.029612e+01 
1.093956e+04 -1.031429e+01 
1.096478e+04 -1.033247e+01 
1.099006e+04 -1.035065e+01 
1.101539e+04 -1.036885e+01 
1.104079e+04 -1.038705e+01 
1.106624e+04 -1.040525e+01 
1.109175e+04 -1.042347e+01 
1.111732e+04 -1.044169e+01 
1.114295e+04 -1.045992e+01 
1.116863e+04 -1.047816e+01 
1.119438e+04 -1.049641e+01 
1.122018e+04 -1.051466e+01 
1.124605e+04 -1.053293e+01 
1.127197e+04 -1.055119e+01 
1.129796e+04 -1.056947e+01 
1.132400e+04 -1.058776e+01 
1.135011e+04 -1.060605e+01 
1.137627e+04 -1.062435e+01 
1.140250e+04 -1.064266e+01 
1.142878e+04 -1.066097e+01 
1.145513e+04 -1.067929e+01 
1.148154e+04 -1.069762e+01 
1.150800e+04 -1.071596e+01 
1.153453e+04 -1.073430e+01 
1.156112e+04 -1.075265e+01 
1.158777e+04 -1.077101e+01 
1.161449e+04 -1.078938e+01 
1.164126e+04 -1.080775e+01 
1.166810e+04 -1.082613e+01 
1.169499e+04 -1.084452e+01 
1.172195e+04 -1.086291e+01 
1.174898e+04 -1.088132e+01 
1.177606e+04 -1.089973e+01 
1.180321e+04 -1.091814e+01 
1.183042e+04 -1.093656e+01 
1.185769e+04 -1.095499e+01 
1.188502e+04 -1.097343e+01 
1.191242e+04 -1.099188e+01 
1.193988e+04 -1.101033e+01 
1.196741e+04 -1.102879e+01 
1.199499e+04 -1.104725e+01 
1.202264e+04 -1.106572e+01 
1.205036e+04 -1.108420e+01 
1.207814e+04 -1.110269e+01 
1.210598e+04 -1.112118e+01 
1.213389e+04 -1.113968e+01 
1.216186e+04 -1.115818e+01 
1.218990e+04 -1.117670e+01 
1.221800e+04 -1.119522e+01 
1.224616e+04 -1.121374e+01 
1.227439e+04 -1.123227e+01 
1.230269e+04 -1.125081e+01 
1.233105e+04 -1.126936e+01 
1.235947e+04 -1.128791e+01 
1.238797e+04 -1.130647e+01 
1.241652e+04 -1.132504e+01 
1.244515e+04 -1.134361e+01 
1.247384e+04 -1.136219e+01 
1.250259e+04 -1.138077e+01 
1.253141e+04 -1.139936e+01 
1.256030e+04 -1.141796e+01 
1.258925e+04 -1.143657e+01 
1.261828e+04 -1.145518e+01 
1.264736e+04 -1.147379e+01 
1.267652e+04 -1.149242e+01 
1.270574e+04 -1.151105e+01 
1.273503e+04 -1.152968e+01 
1.276439e+04 -1.154833e+01 
1.279381e+04 -1.156697e+01 
1.282331e+04 -1.158563e+01 
1.285287e+04 -1.160429e+01 
1.288250e+04 -1.162296e+01 
1.291219e+04 -1.164163e+01 
1.294196e+04 -1.166031e+01 
1.297179e+04 -1.167899e+01 
1.300170e+04 -1.169769e+01 
1.303167e+04 -1.171638e+01 
1.306171e+04 -1.173509e+01 
1.309182e+04 -1.175380e+01 
1.312200e+04 -1.177251e+01 
1.315225e+04 -1.179123e+01 
1.318257e+04 -1.180996e+01 
1.321296e+04 -1.182869e+01 
1.324342e+04 -1.184743e+01 
1.327394e+04 -1.186618e+01 
1.330454e+04 -1.188493e+01 
1.333521e+04 -1.190369e+01 
1.336596e+04 -1.192245e+01 
1.339677e+04 -1.194122e+01 
1.342765e+04 -1.195999e+01 
1.345860e+04 -1.197877e+01 
1.348963e+04 -1.199756e+01 
1.352073e+04 -1.201635e+01 
1.355189e+04 -1.203515e+01 
1.358313e+04 -1.205395e+01 
1.361445e+04 -1.207276e+01 
1.364583e+04 -1.209157e+01 
1.367729e+04 -1.211039e+01 
1.370882e+04 -1.212922e+01 
1.374042e+04 -1.214805e+01 
1.377209e+04 -1.216689e+01 
1.380384e+04 -1.218573e+01 
1.383566e+04 -1.220457e+01 
1.386756e+04 -1.222343e+01 
1.389953e+04 -1.224229e+01 
1.393157e+04 -1.226115e+01 
1.396368e+04 -1.228002e+01 
1.399587e+04 -1.229889e+01 
1.402814e+04 -1.231777e+01 
1.406048e+04 -1.233666e+01 
1.409289e+04 -1.235555e+01 
1.412538e+04 -1.237445e+01 
1.415794e+04 -1.239335e+01 
1.419058e+04 -1.241226e+01 
1.422329e+04 -1.243117e+01 
1.425608e+04 -1.245008e+01 
1.428894e+04 -1.246901e+01 
1.432188e+04 -1.248793e+01 
1.435489e+04 -1.250687e+01 
1.438799e+04 -1.252581e+01 
1.442115e+04 -1.254475e+01 
1.445440e+04 -1.256370e+01 
1.448772e+04 -1.258265e+01 
1.452112e+04 -1.260161e+01 
1.455459e+04 -1.262057e+01 
1.458814e+04 -1.263954e+01 
1.462177e+04 -1.265852e+01 
1.465548e+04 -1.267750e+01 
1.468926e+04 -1.269648e+01 
1.472313e+04 -1.271547e+01 
1.475707e+04 -1.273446e+01 
1.479108e+04 -1.275346e+01 
1.482518e+04 -1.277246e+01 
1.485936e+04 -1.279147e+01 
1.489361e+04 -1.281049e+01 
1.492794e+04 -1.282951e+01 
1.496236e+04 -1.284853e+01 
1.499685e+04 -1.286756e+01 
1.503142e+04 -1.288659e+01 
1.506607e+04 -1.290563e+01 
1.510080e+04 -1.292467e+01 
1.513561e+04 -1.294372e+01 
1.517050e+04 -1.296277e+01 
1.520548e+04 -1.298183e+01 
1.524053e+04 -1.300089e+01 
1.527566e+04 -1.301996e+01 
1.531087e+04 -1.303903e+01 
1.534617e+04 -1.305810e+01 
1.538155e+04 -1.307718e+01 
1.541700e+04 -1.309627e+01 
1.545254e+04 -1.311536e+01 
1.548817e+04 -1.313445e+01 
1.552387e+04 -1.315355e+01 
1.555966e+04 -1.317266e+01 
1.559553e+04 -1.319176e+01 
1.563148e+04 -1.321088e+01 
1.566751e+04 -1.322999e+01 
1.570363e+04 -1.324912e+01 
1.573983e+04 -1.326824e+01 
1.577611e+04 -1.328737e+01 
1.581248e+04 -1.330651e+01 
1.584893e+04 -1.332565e+01 
1.588547e+04 -1.334479e+01 
1.592209e+04 -1.336394e+01 
1.595879e+04 -1.338309e+01 
1.599558e+04 -1.340225e+01 
1.603245e+04 -1.342141e+01 
1.606941e+04 -1.344058e+01 
1.610646e+04 -1.345975e+01 
1.614359e+04 -1.347893e+01 
1.618080e+04 -1.349810e+01 
1.621810e+04 -1.351729e+01 
1.625549e+04 -1.353648e+01 
1.629296e+04 -1.355567e+01 
1.633052e+04 -1.357486e+01 
1.636817e+04 -1.359406e+01 
1.640590e+04 -1.361327e+01 
1.644372e+04 -1.363248e+01 
1.648162e+04 -1.365169e+01 
1.651962e+04 -1.367091e+01 
1.655770e+04 -1.369013e+01 
1.659587e+04 -1.370936e+01 
1.663413e+04 -1.372859e+01 
1.667247e+04 -1.374782e+01 
1.671091e+04 -1.376706e+01 
1.674943e+04 -1.378630e+01 
1.678804e+04 -1.380555e+01 
1.682674e+04 -1.382480e+01 
1.686553e+04 -1.384405e+01 
1.690441e+04 -1.386331e+01 
1.694338e+04 -1.388257e+01 
1.698244e+04 -1.390184e+01 
1.702159e+04 -1.392111e+01 
1.706082e+04 -1.394039e+01 
1.710015e+04 -1.395966e+01 
1.713957e+04 -1.397895e+01 
1.717908e+04 -1.399823e+01 
1.721869e+04 -1.401752e+01 
1.725838e+04 -1.403682e+01 
1.729816e+04 -1.405612e+01 
1.733804e+04 -1.407542e+01 
1.737801e+04 -1.409473e+01 
1.741807e+04 -1.411404e+01 
1.745822e+04 -1.413335e+01 
1.749847e+04 -1.415267e+01 
1.753881e+04 -1.417199e+01 
1.757924e+04 -1.419131e+01 
1.761976e+04 -1.421064e+01 
1.766038e+04 -1.422998e+01 
1.770109e+04 -1.424931e+01 
1.774189e+04 -1.426865e+01 
1.778279e+04 -1.428800e+01 
1.782379e+04 -1.430735e+01 
1.786488e+04 -1.432670e+01 
1.790606e+04 -1.434605e+01 
1.794734e+04 -1.436541e+01 
1.798871e+04 -1.438478e+01 
1.803018e+04 -1.440414e+01 
1.807174e+04 -1.442351e+01 
1.811340e+04 -1.444289e+01 
1.815516e+04 -1.446226e+01 
1.819701e+04 -1.448165e+01 
1.823896e+04 -1.450103e+01 
1.828100e+04 -1.452042e+01 
1.832314e+04 -1.453981e+01 
1.836538e+04 -1.455921e+01 
1.840772e+04 -1.457861e+01 
1.845015e+04 -1.459801e+01 
1.849269e+04 -1.461742e+01 
1.853532e+04 -1.463683e+01 
1.857804e+04 -1.465624e+01 
1.862087e+04 -1.467566e+01 
1.866380e+04 -1.469508e+01 
1.870682e+04 -1.471450e+01 
1.874995e+04 -1.473393e+01 
1.879317e+04 -1.475336e+01 
1.883649e+04 -1.477280e+01 
1.887991e+04 -1.479223e+01 
1.892344e+04 -1.481168e+01 
1.896706e+04 -1.483112e+01 
1.901078e+04 -1.485057e+01 
1.905461e+04 -1.487002e+01 
1.909853e+04 -1.488948e+01 
1.914256e+04 -1.490894e+01 
1.918669e+04 -1.492840e+01 
1.923092e+04 -1.494786e+01 
1.927525e+04 -1.496733e+01 
1.931968e+04 -1.498681e+01 
1.936422e+04 -1.500628e+01 
1.940886e+04 -1.502576e+01 
1.945360e+04 -1.504524e+01 
1.949845e+04 -1.506473e+01 
1.954339e+04 -1.508422e+01 
1.958845e+04 -1.510371e+01 
1.963360e+04 -1.512321e+01 
1.967886e+04 -1.514270e+01 
1.972423e+04 -1.516221e+01 
1.976970e+04 -1.518171e+01 
1.981527e+04 -1.520122e+01 
1.986095e+04 -1.522073e+01 
1.990673e+04 -1.524025e+01 
1.995262e+04 -1.525977e+01 
1.999862e+04 -1.527929e+01 
2.004472e+04 -1.529881e+01 
2.009093e+04 -1.531834e+01 
2.013724e+04 -1.533787e+01 
2.018366e+04 -1.535741e+01 
2.023019e+04 -1.537694e+01 
2.027683e+04 -1.539648e+01 
2.032357e+04 -1.541603e+01 
2.037042e+04 -1.543558e+01 
2.041738e+04 -1.545513e+01 
2.046445e+04 -1.547468e+01 
2.051162e+04 -1.549424e+01 
2.055891e+04 -1.551380e+01 
2.060630e+04 -1.553336e+01 
2.065380e+04 -1.555292e+01 
2.070141e+04 -1.557249e+01 
2.074914e+04 -1.559207e+01 
2.079697e+04 -1.561164e+01 
2.084491e+04 -1.563122e+01 
2.089296e+04 -1.565080e+01 
2.094112e+04 -1.567038e+01 
2.098940e+04 -1.568997e+01 
2.103778e+04 -1.570956e+01 
2.108628e+04 -1.572916e+01 
2.113489e+04 -1.574875e+01 
2.118361e+04 -1.576835e+01 
2.123244e+04 -1.578795e+01 
2.128139e+04 -1.580756e+01 
2.133045e+04 -1.582717e+01 
2.137962e+04 -1.584678e+01 
2.142891e+04 -1.586639e+01 
2.147830e+04 -1.588601e+01 
2.152782e+04 -1.590563e+01 
2.157744e+04 -1.592525e+01 
2.162719e+04 -1.594488e+01 
2.167704e+04 -1.596451e+01 
2.172701e+04 -1.598414e+01 
2.177710e+04 -1.600378e+01 
2.182730e+04 -1.602341e+01 
2.187762e+04 -1.604306e+01 
2.192805e+04 -1.606270e+01 
2.197860e+04 -1.608235e+01 
2.202926e+04 -1.610200e+01 
2.208005e+04 -1.612165e+01 
2.213095e+04 -1.614130e+01 
2.218196e+04 -1.616096e+01 
2.223310e+04 -1.618062e+01 
2.228435e+04 -1.620029e+01 
2.233572e+04 -1.621995e+01 
2.238721e+04 -1.623962e+01 
2.243882e+04 -1.625930e+01 
2.249055e+04 -1.627897e+01 
2.254239e+04 -1.629865e+01 
2.259436e+04 -1.631833e+01 
2.264644e+04 -1.633801e+01 
2.269865e+04 -1.635770e+01 
2.275097e+04 -1.637739e+01 
2.280342e+04 -1.639708e+01 
2.285599e+04 -1.641678e+01 
2.290868e+04 -1.643647e+01 
2.296149e+04 -1.645617e+01 
2.301442e+04 -1.647588e+01 
2.306747e+04 -1.649558e+01 
2.312065e+04 -1.651529e+01 
2.317395e+04 -1.653500e+01 
2.322737e+04 -1.655472e+01 
2.328091e+04 -1.657444e+01 
2.333458e+04 -1.659416e+01 
2.338837e+04 -1.661388e+01 
2.344229e+04 -1.663360e+01 
2.349633e+04 -1.665333e+01 
2.355049e+04 -1.667306e+01 
2.360478e+04 -1.669280e+01 
2.365920e+04 -1.671253e+01 
2.371374e+04 -1.673227e+01 
2.376840e+04 -1.675201e+01 
2.382319e+04 -1.677176e+01 
2.387811e+04 -1.679150e+01 
2.393316e+04 -1.681125e+01 
2.398833e+04 -1.683100e+01 
2.404363e+04 -1.685076e+01 
2.409905e+04 -1.687052e+01 
2.415461e+04 -1.689028e+01 
2.421029e+04 -1.691004e+01 
2.426610e+04 -1.692981e+01 
2.432204e+04 -1.694957e+01 
2.437811e+04 -1.696934e+01 
2.443431e+04 -1.698912e+01 
2.449063e+04 -1.700889e+01 
2.454709e+04 -1.702867e+01 
2.460368e+04 -1.704845e+01 
2.466039e+04 -1.706824e+01 
2.471724e+04 -1.708803e+01 
2.477422e+04 -1.710781e+01 
2.483133e+04 -1.712761e+01 
2.488857e+04 -1.714740e+01 
2.494595e+04 -1.716720e+01 
2.500345e+04 -1.718700e+01 
2.506109e+04 -1.720680e+01 
2.511886e+04 -1.722660e+01 
2.517677e+04 -1.724641e+01 
2.523481e+04 -1.726622e+01 
2.529298e+04 -1.728603e+01 
2.535129e+04 -1.730585e+01 
2.540973e+04 -1.732567e+01 
2.546830e+04 -1.734549e+01 
2.552701e+04 -1.736531e+01 
2.558586e+04 -1.738514e+01 
2.564484e+04 -1.740496e+01 
2.570396e+04 -1.742479e+01 
2.576321e+04 -1.744463e+01 
2.582260e+04 -1.746446e+01 
2.588213e+04 -1.748430e+01 
2.594179e+04 -1.750414e+01 
2.600160e+04 -1.752399e+01 
2.606154e+04 -1.754383e+01 
2.612161e+04 -1.756368e+01 
2.618183e+04 -1.758353e+01 
2.624219e+04 -1.760338e+01 
2.630268e+04 -1.762324e+01 
2.636331e+04 -1.764310e+01 
2.642409e+04 -1.766296e+01 
2.648500e+04 -1.768282e+01 
2.654606e+04 -1.770269e+01 
2.660725e+04 -1.772256e+01 
2.666859e+04 -1.774243e+01 
2.673006e+04 -1.776230e+01 
2.679168e+04 -1.778218e+01 
2.685344e+04 -1.780206e+01 
2.691535e+04 -1.782194e+01 
2.697739e+04 -1.784182e+01 
2.703958e+04 -1.786171e+01 
2.710192e+04 -1.788160e+01 
2.716439e+04 -1.790149e+01 
2.722701e+04 -1.792138e+01 
2.728978e+04 -1.794128e+01 
2.735269e+04 -1.796117e+01 
2.741574e+04 -1.798108e+01 
2.747894e+04 -1.800098e+01 
2.754229e+04 -1.802089e+01 
2.760578e+04 -1.804079e+01 
2.766942e+04 -1.806070e+01 
2.773320e+04 -1.808062e+01 
2.779713e+04 -1.810053e+01 
2.786121e+04 -1.812045e+01 
2.792544e+04 -1.814037e+01 
2.798981e+04 -1.816030e+01 
2.805434e+04 -1.818022e+01 
2.811901e+04 -1.820015e+01 
2.818383e+04 -1.822008e+01 
2.824880e+04 -1.824001e+01 
2.831392e+04 -1.825995e+01 
2.837919e+04 -1.827989e+01 
2.844461e+04 -1.829983e+01 
2.851018e+04 -1.831977e+01 
2.857591e+04 -1.833972e+01 
2.864178e+04 -1.835966e+01 
2.870781e+04 -1.837961e+01 
2.877398e+04 -1.839957e+01 
2.884032e+04 -1.841952e+01 
2.890680e+04 -1.843948e+01 
2.897344e+04 -1.845944e+01 
2.904023e+04 -1.847940e+01 
2.910717e+04 -1.849937e+01 
2.917427e+04 -1.851933e+01 
2.924152e+04 -1.853930e+01 
2.930893e+04 -1.855928e+01 
2.937650e+04 -1.857925e+01 
2.944422e+04 -1.859923e+01 
2.951209e+04 -1.861921e+01 
2.958012e+04 -1.863919e+01 
2.964831e+04 -1.865917e+01 
2.971666e+04 -1.867916e+01 
2.978516e+04 -1.869915e+01 
2.985383e+04 -1.871914e+01 
2.992265e+04 -1.873914e+01 
2.999163e+04 -1.875913e+01 
3.006076e+04 -1.877913e+01 
3.013006e+04 -1.879913e+01 
3.019952e+04 -1.881914e+01 
3.026913e+04 -1.883914e+01 
3.033891e+04 -1.885915e+01 
3.040885e+04 -1.887916e+01 
3.047895e+04 -1.889918e+01 
3.054921e+04 -1.891919e+01 
3.061963e+04 -1.893921e+01 
3.069022e+04 -1.895923e+01 
3.076097e+04 -1.897926e+01 
3.083188e+04 -1.899928e+01 
3.090295e+04 -1.901931e+01 
3.097419e+04 -1.903934e+01 
3.104560e+04 -1.905938e+01 
3.111716e+04 -1.907941e+01 
3.118890e+04 -1.909945e+01 
3.126079e+04 -1.911949e+01 
3.133286e+04 -1.913953e+01 
3.140509e+04 -1.915958e+01 
3.147748e+04 -1.917963e+01 
3.155005e+04 -1.919968e+01 
3.162278e+04 -1.921973e+01 
3.169567e+04 -1.923979e+01 
3.176874e+04 -1.925984e+01 
3.184198e+04 -1.927990e+01 
3.191538e+04 -1.929997e+01 
3.198895e+04 -1.932003e+01 
3.206269e+04 -1.934010e+01 
3.213661e+04 -1.936017e+01 
3.221069e+04 -1.938024e+01 
3.228494e+04 -1.940032e+01 
3.235937e+04 -1.942040e+01 
3.243396e+04 -1.944048e+01 
3.250873e+04 -1.946056e+01 
3.258367e+04 -1.948064e+01 
3.265878e+04 -1.950073e+01 
3.273407e+04 -1.952082e+01 
3.280953e+04 -1.954091e+01 
3.288516e+04 -1.956101e+01 
3.296097e+04 -1.958110e+01 
3.303695e+04 -1.960120e+01 
3.311311e+04 -1.962131e+01 
3.318945e+04 -1.964141e+01 
3.326596e+04 -1.966152e+01 
3.334264e+04 -1.968163e+01 
3.341950e+04 -1.970174e+01 
3.349654e+04 -1.972186e+01 
3.357376e+04 -1.974197e+01 
3.365116e+04 -1.976209e+01 
3.372873e+04 -1.978221e+01 
3.380648e+04 -1.980234e+01 
3.388442e+04 -1.982247e+01 
3.396253e+04 -1.984260e+01 
3.404082e+04 -1.986273e+01 
3.411929e+04 -1.988286e+01 
3.419794e+04 -1.990300e+01 
3.427678e+04 -1.992314e+01 
3.435579e+04 -1.994328e+01 
3.443499e+04 -1.996343e+01 
3.451437e+04 -1.998357e+01 
3.459394e+04 -2.000372e+01 
3.467369e+04 -2.002388e+01 
3.475362e+04 -2.004403e+01 
3.483373e+04 -2.006419e+01 
3.491403e+04 -2.008435e+01 
3.499452e+04 -2.010451e+01 
3.507519e+04 -2.012468e+01 
3.515604e+04 -2.014484e+01 
3.523709e+04 -2.016501e+01 
3.531832e+04 -2.018519e+01 
3.539973e+04 -2.020536e+01 
3.548134e+04 -2.022554e+01 
3.556313e+04 -2.024572e+01 
3.564511e+04 -2.026590e+01 
3.572728e+04 -2.028609e+01 
3.580964e+04 -2.030628e+01 
3.589219e+04 -2.032647e+01 
3.597493e+04 -2.034666e+01 
3.605786e+04 -2.036686e+01 
3.614099e+04 -2.038706e+01 
3.622430e+04 -2.040726e+01 
3.630781e+04 -2.042746e+01 
3.639150e+04 -2.044767e+01 
3.647539e+04 -2.046788e+01 
3.655948e+04 -2.048809e+01 
3.664376e+04 -2.050830e+01 
3.672823e+04 -2.052852e+01 
3.681290e+04 -2.054874e+01 
3.689776e+04 -2.056896e+01 
3.698282e+04 -2.058918e+01 
3.706807e+04 -2.060941e+01 
3.715352e+04 -2.062964e+01 
3.723917e+04 -2.064987e+01 
3.732502e+04 -2.067011e+01 
3.741106e+04 -2.069035e+01 
3.749730e+04 -2.071059e+01 
3.758374e+04 -2.073083e+01 
3.767038e+04 -2.075108e+01 
3.775722e+04 -2.077133e+01 
3.784426e+04 -2.079158e+01 
3.793150e+04 -2.081183e+01 
3.801894e+04 -2.083209e+01 
3.810658e+04 -2.085235e+01 
3.819443e+04 -2.087261e+01 
3.828247e+04 -2.089287e+01 
3.837072e+04 -2.091314e+01 
3.845918e+04 -2.093341e+01 
3.854784e+04 -2.095368e+01 
3.863670e+04 -2.097396e+01 
3.872576e+04 -2.099424e+01 
3.881504e+04 -2.101452e+01 
3.890451e+04 -2.103480e+01 
3.899420e+04 -2.105509e+01 
3.908409e+04 -2.107538e+01 
3.917419e+04 -2.109567e+01 
3.926449e+04 -2.111596e+01 
3.935501e+04 -2.113626e+01 
3.944573e+04 -2.115656e+01 
3.953666e+04 -2.117687e+01 
3.962780e+04 -2.119717e+01 
3.971915e+04 -2.121748e+01 
3.981072e+04 -2.123779e+01 
3.990249e+04 -2.125811e+01 
3.999447e+04 -2.127842e+01 
4.008667e+04 -2.129874e+01 
4.017908e+04 -2.131907e+01 
4.027170e+04 -2.133939e+01 
4.036454e+04 -2.135972e+01 
4.045759e+04 -2.138005e+01 
4.055085e+04 -2.140038e+01 
4.064433e+04 -2.142072e+01 
4.073803e+04 -2.144106e+01 
4.083194e+04 -2.146140e+01 
4.092607e+04 -2.148175e+01 
4.102041e+04 -2.150210e+01 
4.111497e+04 -2.152245e+01 
4.120975e+04 -2.154280e+01 
4.130475e+04 -2.156316e+01 
4.139997e+04 -2.158352e+01 
4.149540e+04 -2.160388e+01 
4.159106e+04 -2.162425e+01 
4.168694e+04 -2.164462e+01 
4.178304e+04 -2.166499e+01 
4.187936e+04 -2.168536e+01 
4.197590e+04 -2.170574e+01 
4.207266e+04 -2.172612e+01 
4.216965e+04 -2.174651e+01 
4.226686e+04 -2.176689e+01 
4.236430e+04 -2.178728e+01 
4.246196e+04 -2.180767e+01 
4.255984e+04 -2.182807e+01 
4.265795e+04 -2.184847e+01 
4.275629e+04 -2.186887e+01 
4.285485e+04 -2.188927e+01 
4.295364e+04 -2.190968e+01 
4.305266e+04 -2.193009e+01 
4.315191e+04 -2.195051e+01 
4.325138e+04 -2.197092e+01 
4.335109e+04 -2.199134e+01 
4.345102e+04 -2.201176e+01 
4.355119e+04 -2.203219e+01 
4.365158e+04 -2.205262e+01 
4.375221e+04 -2.207305e+01 
4.385307e+04 -2.209349e+01 
4.395416e+04 -2.211392e+01 
4.405549e+04 -2.213437e+01 
4.415704e+04 -2.215481e+01 
4.425884e+04 -2.217526e+01 
4.436086e+04 -2.219571e+01 
4.446313e+04 -2.221616e+01 
4.456562e+04 -2.223662e+01 
4.466836e+04 -2.225708e+01 
4.477133e+04 -2.227754e+01 
4.487454e+04 -2.229801e+01 
4.497799e+04 -2.231848e+01 
4.508167e+04 -2.233895e+01 
4.518559e+04 -2.235943e+01 
4.528976e+04 -2.237991e+01 
4.539416e+04 -2.240039e+01 
4.549881e+04 -2.242087e+01 
4.560369e+04 -2.244136e+01 
4.570882e+04 -2.246186e+01 
4.581419e+04 -2.248235e+01 
4.591980e+04 -2.250285e+01 
4.602566e+04 -2.252335e+01 
4.613176e+04 -2.254386e+01 
4.623810e+04 -2.256437e+01 
4.634469e+04 -2.258488e+01 
4.645153e+04 -2.260539e+01 
4.655861e+04 -2.262591e+01 
4.666594e+04 -2.264643e+01 
4.677351e+04 -2.266696e+01 
4.688134e+04 -2.268749e+01 
4.698941e+04 -2.270802e+01 
4.709773e+04 -2.272856e+01 
4.720630e+04 -2.274909e+01 
4.731513e+04 -2.276964e+01 
4.742420e+04 -2.279018e+01 
4.753352e+04 -2.281073e+01 
4.764310e+04 -2.283128e+01 
4.775293e+04 -2.285184e+01 
4.786301e+04 -2.287240e+01 
4.797334e+04 -2.289296e+01 
4.808393e+04 -2.291353e+01 
4.819478e+04 -2.293410e+01 
4.830588e+04 -2.295467e+01 
4.841724e+04 -2.297525e+01 
4.852885e+04 -2.299583e+01 
4.864072e+04 -2.301641e+01 
4.875285e+04 -2.303700e+01 
4.886524e+04 -2.305759e+01 
4.897788e+04 -2.307818e+01 
4.909079e+04 -2.309878e+01 
4.920395e+04 -2.311938e+01 
4.931738e+04 -2.313999e+01 
4.943107e+04 -2.316060e+01 
4.954502e+04 -2.318121e+01 
4.965923e+04 -2.320183e+01 
4.977371e+04 -2.322245e+01 
4.988845e+04 -2.324307e+01 
5.000345e+04 -2.326370e+01 
5.011872e+04 -2.328433e+01 
5.023426e+04 -2.330496e+01 
5.035006e+04 -2.332560e+01 
5.046613e+04 -2.334624e+01 
5.058247e+04 -2.336689e+01 
5.069907e+04 -2.338754e+01 
5.081594e+04 -2.340819e+01 
5.093309e+04 -2.342885e+01 
5.105050e+04 -2.344951e+01 
5.116818e+04 -2.347017e+01 
5.128614e+04 -2.349084e+01 
5.140437e+04 -2.351151e+01 
5.152286e+04 -2.353219e+01 
5.164164e+04 -2.355287e+01 
5.176068e+04 -2.357355e+01 
5.188000e+04 -2.359424e+01 
5.199960e+04 -2.361493e+01 
5.211947e+04 -2.363562e+01 
5.223962e+04 -2.365632e+01 
5.236004e+04 -2.367702e+01 
5.248075e+04 -2.369773e+01 
5.260173e+04 -2.371844e+01 
5.272299e+04 -2.373916e+01 
5.284453e+04 -2.375988e+01 
5.296634e+04 -2.378060e+01 
5.308844e+04 -2.380132e+01 
5.321083e+04 -2.382205e+01 
5.333349e+04 -2.384279e+01 
5.345644e+04 -2.386353e+01 
5.357967e+04 -2.388427e+01 
5.370318e+04 -2.390502e+01 
5.382698e+04 -2.392577e+01 
5.395106e+04 -2.394652e+01 
5.407543e+04 -2.396728e+01 
5.420009e+04 -2.398804e+01 
5.432503e+04 -2.400881e+01 
5.445027e+04 -2.402958e+01 
5.457579e+04 -2.405036e+01 
5.470160e+04 -2.407114e+01 
5.482770e+04 -2.409192e+01 
5.495409e+04 -2.411271e+01 
5.508077e+04 -2.413350e+01 
5.520774e+04 -2.415430e+01 
5.533501e+04 -2.417510e+01 
5.546257e+04 -2.419590e+01 
5.559043e+04 -2.421671e+01 
5.571857e+04 -2.423753e+01 
5.584702e+04 -2.425834e+01 
5.597576e+04 -2.427917e+01 
5.610480e+04 -2.429999e+01 
5.623413e+04 -2.432082e+01 
5.636377e+04 -2.434166e+01 
5.649370e+04 -2.436250e+01 
5.662393e+04 -2.438334e+01 
5.675446e+04 -2.440419e+01 
5.688529e+04 -2.442504e+01 
5.701643e+04 -2.444590e+01 
5.714786e+04 -2.446676e+01 
5.727960e+04 -2.448763e+01 
5.741165e+04 -2.450850e+01 
5.754399e+04 -2.452937e+01 
5.767665e+04 -2.455025e+01 
5.780960e+04 -2.457114e+01 
5.794287e+04 -2.459202e+01 
5.807644e+04 -2.461292e+01 
5.821032e+04 -2.463382e+01 
5.834451e+04 -2.465472e+01 
5.847901e+04 -2.467562e+01 
5.861382e+04 -2.469654e+01 
5.874894e+04 -2.471745e+01 
5.888437e+04 -2.473837e+01 
5.902011e+04 -2.475930e+01 
5.915616e+04 -2.478023e+01 
5.929253e+04 -2.480116e+01 
5.942922e+04 -2.482210e+01 
5.956621e+04 -2.484305e+01 
5.970353e+04 -2.486400e+01 
5.984116e+04 -2.488495e+01 
5.997911e+04 -2.490591e+01 
6.011737e+04 -2.492687e+01 
6.025596e+04 -2.494784e+01 
6.039486e+04 -2.496881e+01 
6.053409e+04 -2.498979e+01 
6.067363e+04 -2.501078e+01 
6.081350e+04 -2.503176e+01 
6.095369e+04 -2.505276e+01 
6.109420e+04 -2.507375e+01 
6.123504e+04 -2.509476e+01 
6.137620e+04 -2.511576e+01 
6.151769e+04 -2.513678e+01 
6.165950e+04 -2.515779e+01 
6.180164e+04 -2.517882e+01 
6.194411e+04 -2.519984e+01 
6.208690e+04 -2.522088e+01 
6.223003e+04 -2.524191e+01 
6.237348e+04 -2.526296e+01 
6.251727e+04 -2.528400e+01 
6.266139e+04 -2.530506e+01 
6.280584e+04 -2.532612e+01 
6.295062e+04 -2.534718e+01 
6.309573e+04 -2.536825e+01 
6.324119e+04 -2.538932e+01 
6.338697e+04 -2.541040e+01 
6.353309e+04 -2.543148e+01 
6.367955e+04 -2.545257e+01 
6.382635e+04 -2.547367e+01 
6.397348e+04 -2.549477e+01 
6.412096e+04 -2.551587e+01 
6.426877e+04 -2.553699e+01 
6.441693e+04 -2.555810e+01 
6.456542e+04 -2.557922e+01 
6.471426e+04 -2.560035e+01 
6.486344e+04 -2.562148e+01 
6.501297e+04 -2.564262e+01 
6.516284e+04 -2.566376e+01 
6.531306e+04 -2.568491e+01 
6.546362e+04 -2.570607e+01 
6.561453e+04 -2.572723e+01 
6.576578e+04 -2.574839e+01 
6.591739e+04 -2.576956e+01 
6.606934e+04 -2.579074e+01 
6.622165e+04 -2.581192e+01 
6.637431e+04 -2.583311e+01 
6.652732e+04 -2.585430e+01 
6.668068e+04 -2.587550e+01 
6.683439e+04 -2.589670e+01 
6.698846e+04 -2.591791e+01 
6.714289e+04 -2.593913e+01 
6.729767e+04 -2.596035e+01 
6.745280e+04 -2.598158e+01 
6.760830e+04 -2.600281e+01 
6.776415e+04 -2.602405e+01 
6.792036e+04 -2.604530e+01 
6.807694e+04 -2.606655e+01 
6.823387e+04 -2.608780e+01 
6.839116e+04 -2.610906e+01 
6.854882e+04 -2.613033e+01 
6.870684e+04 -2.615161e+01 
6.886523e+04 -2.617289e+01 
6.902398e+04 -2.619417e+01 
6.918310e+04 -2.621547e+01 
6.934258e+04 -2.623676e+01 
6.950243e+04 -2.625807e+01 
6.966265e+04 -2.627938e+01 
6.982324e+04 -2.630069e+01 
6.998420e+04 -2.632202e+01 
7.014553e+04 -2.634335e+01 
7.030723e+04 -2.636468e+01 
7.046931e+04 -2.638602e+01 
7.063176e+04 -2.640737e+01 
7.079458e+04 -2.642872e+01 
7.095778e+04 -2.645008e+01 
7.112135e+04 -2.647145e+01 
7.128530e+04 -2.649282e+01 
7.144963e+04 -2.651420e+01 
7.161434e+04 -2.653558e+01 
7.177943e+04 -2.655697e+01 
7.194490e+04 -2.657837e+01 
7.211075e+04 -2.659978e+01 
7.227698e+04 -2.662119e+01 
7.244360e+04 -2.664260e+01 
7.261060e+04 -2.666403e+01 
7.277798e+04 -2.668546e+01 
7.294575e+04 -2.670689e+01 
7.311391e+04 -2.672833e+01 
7.328245e+04 -2.674978e+01 
7.345139e+04 -2.677124e+01 
7.362071e+04 -2.679270e+01 
7.379042e+04 -2.681417e+01 
7.396053e+04 -2.683565e+01 
7.413102e+04 -2.685713e+01 
7.430191e+04 -2.687862e+01 
7.447320e+04 -2.690012e+01 
7.464488e+04 -2.692162e+01 
7.481695e+04 -2.694313e+01 
7.498942e+04 -2.696465e+01 
7.516229e+04 -2.698617e+01 
7.533556e+04 -2.700770e+01 
7.550922e+04 -2.702924e+01 
7.568329e+04 -2.705078e+01 
7.585776e+04 -2.707233e+01 
7.603263e+04 -2.709389e+01 
7.620790e+04 -2.711545e+01 
7.638358e+04 -2.713702e+01 
7.655966e+04 -2.715860e+01 
7.673615e+04 -2.718019e+01 
7.691304e+04 -2.720178e+01 
7.709035e+04 -2.722338e+01 
7.726806e+04 -2.724499e+01 
7.744618e+04 -2.726660e+01 
7.762471e+04 -2.728823e+01 
7.780366e+04 -2.730986e+01 
7.798301e+04 -2.733149e+01 
7.816278e+04 -2.735313e+01 
7.834296e+04 -2.737479e+01 
7.852356e+04 -2.739644e+01 
7.870458e+04 -2.741811e+01 
7.888601e+04 -2.743978e+01 
7.906786e+04 -2.746146e+01 
7.925013e+04 -2.748315e+01 
7.943282e+04 -2.750484e+01 
7.961594e+04 -2.752655e+01 
7.979947e+04 -2.754826e+01 
7.998343e+04 -2.756997e+01 
8.016781e+04 -2.759170e+01 
8.035261e+04 -2.761343e+01 
8.053784e+04 -2.763517e+01 
8.072350e+04 -2.765692e+01 
8.090959e+04 -2.767868e+01 
8.109611e+04 -2.770044e+01 
8.128305e+04 -2.772221e+01 
8.147043e+04 -2.774399e+01 
8.165824e+04 -2.776578e+01 
8.184648e+04 -2.778757e+01 
8.203515e+04 -2.780937e+01 
8.222426e+04 -2.783118e+01 
8.241381e+04 -2.785300e+01 
8.260379e+04 -2.787483e+01 
8.279422e+04 -2.789666e+01 
8.298508e+04 -2.791850e+01 
8.317638e+04 -2.794035e+01 
8.336812e+04 -2.796221e+01 
8.356030e+04 -2.798408e+01 
8.375293e+04 -2.800595e+01 
8.394600e+04 -2.802784e+01 
8.413951e+04 -2.804973e+01 
8.433348e+04 -2.807162e+01 
8.452788e+04 -2.809353e+01 
8.472274e+04 -2.811545e+01 
8.491805e+04 -2.813737e+01 
8.511380e+04 -2.815930e+01 
8.531001e+04 -2.818124e+01 
8.550667e+04 -2.820319e+01 
8.570378e+04 -2.822515e+01 
8.590135e+04 -2.824711e+01 
8.609938e+04 -2.826909e+01 
8.629785e+04 -2.829107e+01 
8.649679e+04 -2.831306e+01 
8.669619e+04 -2.833506e+01 
8.689604e+04 -2.835707e+01 
8.709636e+04 -2.837908e+01 
8.729714e+04 -2.840111e+01 
8.749838e+04 -2.842314e+01 
8.770008e+04 -2.844518e+01 
8.790225e+04 -2.846723e+01 
8.810489e+04 -2.848929e+01 
8.830799e+04 -2.851136e+01 
8.851156e+04 -2.853344e+01 
8.871560e+04 -2.855553e+01 
8.892011e+04 -2.857762e+01 
8.912509e+04 -2.859973e+01 
8.933055e+04 -2.862184e+01 
8.953648e+04 -2.864396e+01 
8.974288e+04 -2.866609e+01 
8.994976e+04 -2.868823e+01 
9.015711e+04 -2.871038e+01 
9.036495e+04 -2.873254e+01 
9.057326e+04 -2.875471e+01 
9.078205e+04 -2.877688e+01 
9.099133e+04 -2.879907e+01 
9.120108e+04 -2.882126e+01 
9.141132e+04 -2.884347e+01 
9.162205e+04 -2.886568e+01 
9.183326e+04 -2.888791e+01 
9.204496e+04 -2.891014e+01 
9.225714e+04 -2.893238e+01 
9.246982e+04 -2.895463e+01 
9.268298e+04 -2.897689e+01 
9.289664e+04 -2.899916e+01 
9.311079e+04 -2.902144e+01 
9.332543e+04 -2.904373e+01 
9.354057e+04 -2.906603e+01 
9.375620e+04 -2.908834e+01 
9.397233e+04 -2.911065e+01 
9.418896e+04 -2.913298e+01 
9.440609e+04 -2.915532e+01 
9.462372e+04 -2.917766e+01 
9.484185e+04 -2.920002e+01 
9.506048e+04 -2.922239e+01 
9.527962e+04 -2.924476e+01 
9.549926e+04 -2.926715e+01 
9.571941e+04 -2.928955e+01 
9.594006e+04 -2.931195e+01 
9.616123e+04 -2.933437e+01 
9.638290e+04 -2.935680e+01 
9.660509e+04 -2.937923e+01 
9.682779e+04 -2.940168e+01 
9.705100e+04 -2.942413e+01 
9.727472e+04 -2.944660e+01 
9.749896e+04 -2.946908e+01 
9.772372e+04 -2.949156e+01 
9.794900e+04 -2.951406e+01 
9.817479e+04 -2.953657e+01 
9.840111e+04 -2.955909e+01 
9.862795e+04 -2.958161e+01 
9.885531e+04 -2.960415e+01 
9.908319e+04 -2.962670e+01 
9.931160e+04 -2.964926e+01 
9.954054e+04 -2.967183e+01 
9.977001e+04 -2.969441e+01 
1.000000e+05 -2.971700e+01 
1.002305e+05 -2.973960e+01 
1.004616e+05 -2.976222e+01 
1.006932e+05 -2.978484e+01 
1.009253e+05 -2.980747e+01 
1.011579e+05 -2.983012e+01 
1.013911e+05 -2.985277e+01 
1.016249e+05 -2.987544e+01 
1.018591e+05 -2.989812e+01 
1.020939e+05 -2.992080e+01 
1.023293e+05 -2.994350e+01 
1.025652e+05 -2.996621e+01 
1.028016e+05 -2.998893e+01 
1.030386e+05 -3.001166e+01 
1.032761e+05 -3.003441e+01 
1.035142e+05 -3.005716e+01 
1.037528e+05 -3.007993e+01 
1.039920e+05 -3.010270e+01 
1.042317e+05 -3.012549e+01 
1.044720e+05 -3.014829e+01 
1.047129e+05 -3.017110e+01 
1.049542e+05 -3.019392e+01 
1.051962e+05 -3.021675e+01 
1.054387e+05 -3.023959e+01 
1.056818e+05 -3.026245e+01 
1.059254e+05 -3.028532e+01 
1.061696e+05 -3.030820e+01 
1.064143e+05 -3.033108e+01 
1.066596e+05 -3.035399e+01 
1.069055e+05 -3.037690e+01 
1.071519e+05 -3.039982e+01 
1.073989e+05 -3.042276e+01 
1.076465e+05 -3.044571e+01 
1.078947e+05 -3.046867e+01 
1.081434e+05 -3.049164e+01 
1.083927e+05 -3.051462e+01 
1.086426e+05 -3.053762e+01 
1.088930e+05 -3.056063e+01 
1.091440e+05 -3.058364e+01 
1.093956e+05 -3.060668e+01 
1.096478e+05 -3.062972e+01 
1.099006e+05 -3.065277e+01 
1.101539e+05 -3.067584e+01 
1.104079e+05 -3.069892e+01 
1.106624e+05 -3.072201e+01 
1.109175e+05 -3.074512e+01 
1.111732e+05 -3.076823e+01 
1.114295e+05 -3.079136e+01 
1.116863e+05 -3.081450e+01 
1.119438e+05 -3.083766e+01 
1.122018e+05 -3.086082e+01 
1.124605e+05 -3.088400e+01 
1.127197e+05 -3.090719e+01 
1.129796e+05 -3.093039e+01 
1.132400e+05 -3.095361e+01 
1.135011e+05 -3.097684e+01 
1.137627e+05 -3.100008e+01 
1.140250e+05 -3.102333e+01 
1.142878e+05 -3.104660e+01 
1.145513e+05 -3.106987e+01 
1.148154e+05 -3.109317e+01 
1.150800e+05 -3.111647e+01 
1.153453e+05 -3.113979e+01 
1.156112e+05 -3.116312e+01 
1.158777e+05 -3.118646e+01 
1.161449e+05 -3.120982e+01 
1.164126e+05 -3.123319e+01 
1.166810e+05 -3.125657e+01 
1.169499e+05 -3.127996e+01 
1.172195e+05 -3.130337e+01 
1.174898e+05 -3.132679e+01 
1.177606e+05 -3.135023e+01 
1.180321e+05 -3.137368e+01 
1.183042e+05 -3.139714e+01 
1.185769e+05 -3.142061e+01 
1.188502e+05 -3.144410e+01 
1.191242e+05 -3.146760e+01 
1.193988e+05 -3.149112e+01 
1.196741e+05 -3.151465e+01 
1.199499e+05 -3.153819e+01 
1.202264e+05 -3.156174e+01 
1.205036e+05 -3.158531e+01 
1.207814e+05 -3.160890e+01 
1.210598e+05 -3.163249e+01 
1.213389e+05 -3.165610e+01 
1.216186e+05 -3.167973e+01 
1.218990e+05 -3.170337e+01 
1.221800e+05 -3.172702e+01 
1.224616e+05 -3.175068e+01 
1.227439e+05 -3.177436e+01 
1.230269e+05 -3.179806e+01 
1.233105e+05 -3.182176e+01 
1.235947e+05 -3.184548e+01 
1.238797e+05 -3.186922e+01 
1.241652e+05 -3.189297e+01 
1.244515e+05 -3.191673e+01 
1.247384e+05 -3.194051e+01 
1.250259e+05 -3.196430e+01 
1.253141e+05 -3.198811e+01 
1.256030e+05 -3.201193e+01 
1.258925e+05 -3.203577e+01 
1.261828e+05 -3.205962e+01 
1.264736e+05 -3.208348e+01 
1.267652e+05 -3.210736e+01 
1.270574e+05 -3.213125e+01 
1.273503e+05 -3.215516e+01 
1.276439e+05 -3.217908e+01 
1.279381e+05 -3.220302e+01 
1.282331e+05 -3.222697e+01 
1.285287e+05 -3.225094e+01 
1.288250e+05 -3.227492e+01 
1.291219e+05 -3.229892e+01 
1.294196e+05 -3.232293e+01 
1.297179e+05 -3.234695e+01 
1.300170e+05 -3.237099e+01 
1.303167e+05 -3.239505e+01 
1.306171e+05 -3.241912e+01 
1.309182e+05 -3.244321e+01 
1.312200e+05 -3.246731e+01 
1.315225e+05 -3.249142e+01 
1.318257e+05 -3.251556e+01 
1.321296e+05 -3.253970e+01 
1.324342e+05 -3.256386e+01 
1.327394e+05 -3.258804e+01 
1.330454e+05 -3.261223e+01 
1.333521e+05 -3.263644e+01 
1.336596e+05 -3.266066e+01 
1.339677e+05 -3.268490e+01 
1.342765e+05 -3.270916e+01 
1.345860e+05 -3.273343e+01 
1.348963e+05 -3.275771e+01 
1.352073e+05 -3.278201e+01 
1.355189e+05 -3.280633e+01 
1.358313e+05 -3.283066e+01 
1.361445e+05 -3.285501e+01 
1.364583e+05 -3.287937e+01 
1.367729e+05 -3.290375e+01 
1.370882e+05 -3.292815e+01 
1.374042e+05 -3.295256e+01 
1.377209e+05 -3.297699e+01 
1.380384e+05 -3.300143e+01 
1.383566e+05 -3.302589e+01 
1.386756e+05 -3.305037e+01 
1.389953e+05 -3.307486e+01 
1.393157e+05 -3.309937e+01 
1.396368e+05 -3.312389e+01 
1.399587e+05 -3.314843e+01 
1.402814e+05 -3.317299e+01 
1.406048e+05 -3.319756e+01 
1.409289e+05 -3.322215e+01 
1.412538e+05 -3.324675e+01 
1.415794e+05 -3.327138e+01 
1.419058e+05 -3.329601e+01 
1.422329e+05 -3.332067e+01 
1.425608e+05 -3.334534e+01 
1.428894e+05 -3.337003e+01 
1.432188e+05 -3.339473e+01 
1.435489e+05 -3.341945e+01 
1.438799e+05 -3.344419e+01 
1.442115e+05 -3.346895e+01 
1.445440e+05 -3.349372e+01 
1.448772e+05 -3.351851e+01 
1.452112e+05 -3.354331e+01 
1.455459e+05 -3.356814e+01 
1.458814e+05 -3.359297e+01 
1.462177e+05 -3.361783e+01 
1.465548e+05 -3.364270e+01 
1.468926e+05 -3.366759e+01 
1.472313e+05 -3.369250e+01 
1.475707e+05 -3.371743e+01 
1.479108e+05 -3.374237e+01 
1.482518e+05 -3.376733e+01 
1.485936e+05 -3.379230e+01 
1.489361e+05 -3.381730e+01 
1.492794e+05 -3.384231e+01 
1.496236e+05 -3.386734e+01 
1.499685e+05 -3.389238e+01 
1.503142e+05 -3.391744e+01 
1.506607e+05 -3.394253e+01 
1.510080e+05 -3.396762e+01 
1.513561e+05 -3.399274e+01 
1.517050e+05 -3.401787e+01 
1.520548e+05 -3.404302e+01 
1.524053e+05 -3.406819e+01 
1.527566e+05 -3.409338e+01 
1.531087e+05 -3.411858e+01 
1.534617e+05 -3.414381e+01 
1.538155e+05 -3.416905e+01 
1.541700e+05 -3.419430e+01 
1.545254e+05 -3.421958e+01 
1.548817e+05 -3.424487e+01 
1.552387e+05 -3.427019e+01 
1.555966e+05 -3.429552e+01 
1.559553e+05 -3.432086e+01 
1.563148e+05 -3.434623e+01 
1.566751e+05 -3.437161e+01 
1.570363e+05 -3.439702e+01 
1.573983e+05 -3.442244e+01 
1.577611e+05 -3.444788e+01 
1.581248e+05 -3.447333e+01 
1.584893e+05 -3.449881e+01 
1.588547e+05 -3.452430e+01 
1.592209e+05 -3.454982e+01 
1.595879e+05 -3.457535e+01 
1.599558e+05 -3.460090e+01 
1.603245e+05 -3.462647e+01 
1.606941e+05 -3.465205e+01 
1.610646e+05 -3.467766e+01 
1.614359e+05 -3.470328e+01 
1.618080e+05 -3.472892e+01 
1.621810e+05 -3.475459e+01 
1.625549e+05 -3.478027e+01 
1.629296e+05 -3.480597e+01 
1.633052e+05 -3.483168e+01 
1.636817e+05 -3.485742e+01 
1.640590e+05 -3.488318e+01 
1.644372e+05 -3.490895e+01 
1.648162e+05 -3.493474e+01 
1.651962e+05 -3.496056e+01 
1.655770e+05 -3.498639e+01 
1.659587e+05 -3.501224e+01 
1.663413e+05 -3.503811e+01 
1.667247e+05 -3.506400e+01 
1.671091e+05 -3.508991e+01 
1.674943e+05 -3.511583e+01 
1.678804e+05 -3.514178e+01 
1.682674e+05 -3.516775e+01 
1.686553e+05 -3.519373e+01 
1.690441e+05 -3.521974e+01 
1.694338e+05 -3.524576e+01 
1.698244e+05 -3.527181e+01 
1.702159e+05 -3.529787e+01 
1.706082e+05 -3.532395e+01 
1.710015e+05 -3.535005e+01 
1.713957e+05 -3.537618e+01 
1.717908e+05 -3.540232e+01 
1.721869e+05 -3.542848e+01 
1.725838e+05 -3.545466e+01 
1.729816e+05 -3.548086e+01 
1.733804e+05 -3.550708e+01 
1.737801e+05 -3.553332e+01 
1.741807e+05 -3.555958e+01 
1.745822e+05 -3.558586e+01 
1.749847e+05 -3.561216e+01 
1.753881e+05 -3.563848e+01 
1.757924e+05 -3.566482e+01 
1.761976e+05 -3.569118e+01 
1.766038e+05 -3.571756e+01 
1.770109e+05 -3.574396e+01 
1.774189e+05 -3.577038e+01 
1.778279e+05 -3.579682e+01 
1.782379e+05 -3.582328e+01 
1.786488e+05 -3.584976e+01 
1.790606e+05 -3.587626e+01 
1.794734e+05 -3.590278e+01 
1.798871e+05 -3.592932e+01 
1.803018e+05 -3.595589e+01 
1.807174e+05 -3.598247e+01 
1.811340e+05 -3.600907e+01 
1.815516e+05 -3.603569e+01 
1.819701e+05 -3.606234e+01 
1.823896e+05 -3.608900e+01 
1.828100e+05 -3.611569e+01 
1.832314e+05 -3.614239e+01 
1.836538e+05 -3.616912e+01 
1.840772e+05 -3.619586e+01 
1.845015e+05 -3.622263e+01 
1.849269e+05 -3.624942e+01 
1.853532e+05 -3.627622e+01 
1.857804e+05 -3.630305e+01 
1.862087e+05 -3.632990e+01 
1.866380e+05 -3.635677e+01 
1.870682e+05 -3.638367e+01 
1.874995e+05 -3.641058e+01 
1.879317e+05 -3.643751e+01 
1.883649e+05 -3.646446e+01 
1.887991e+05 -3.649144e+01 
1.892344e+05 -3.651844e+01 
1.896706e+05 -3.654545e+01 
1.901078e+05 -3.657249e+01 
1.905461e+05 -3.659955e+01 
1.909853e+05 -3.662663e+01 
1.914256e+05 -3.665373e+01 
1.918669e+05 -3.668085e+01 
1.923092e+05 -3.670800e+01 
1.927525e+05 -3.673516e+01 
1.931968e+05 -3.676235e+01 
1.936422e+05 -3.678955e+01 
1.940886e+05 -3.681678e+01 
1.945360e+05 -3.684403e+01 
1.949845e+05 -3.687130e+01 
1.954339e+05 -3.689860e+01 
1.958845e+05 -3.692591e+01 
1.963360e+05 -3.695325e+01 
1.967886e+05 -3.698060e+01 
1.972423e+05 -3.700798e+01 
1.976970e+05 -3.703538e+01 
1.981527e+05 -3.706280e+01 
1.986095e+05 -3.709024e+01 
1.990673e+05 -3.711771e+01 
1.995262e+05 -3.714519e+01 
1.999862e+05 -3.717270e+01 
2.004472e+05 -3.720023e+01 
2.009093e+05 -3.722778e+01 
2.013724e+05 -3.725535e+01 
2.018366e+05 -3.728295e+01 
2.023019e+05 -3.731056e+01 
2.027683e+05 -3.733820e+01 
2.032357e+05 -3.736586e+01 
2.037042e+05 -3.739354e+01 
2.041738e+05 -3.742125e+01 
2.046445e+05 -3.744897e+01 
2.051162e+05 -3.747672e+01 
2.055891e+05 -3.750449e+01 
2.060630e+05 -3.753228e+01 
2.065380e+05 -3.756009e+01 
2.070141e+05 -3.758793e+01 
2.074914e+05 -3.761578e+01 
2.079697e+05 -3.764366e+01 
2.084491e+05 -3.767156e+01 
2.089296e+05 -3.769948e+01 
2.094112e+05 -3.772743e+01 
2.098940e+05 -3.775540e+01 
2.103778e+05 -3.778339e+01 
2.108628e+05 -3.781140e+01 
2.113489e+05 -3.783943e+01 
2.118361e+05 -3.786749e+01 
2.123244e+05 -3.789556e+01 
2.128139e+05 -3.792366e+01 
2.133045e+05 -3.795179e+01 
2.137962e+05 -3.797993e+01 
2.142891e+05 -3.800810e+01 
2.147830e+05 -3.803629e+01 
2.152782e+05 -3.806450e+01 
2.157744e+05 -3.809273e+01 
2.162719e+05 -3.812099e+01 
2.167704e+05 -3.814926e+01 
2.172701e+05 -3.817757e+01 
2.177710e+05 -3.820589e+01 
2.182730e+05 -3.823423e+01 
2.187762e+05 -3.826260e+01 
2.192805e+05 -3.829099e+01 
2.197860e+05 -3.831940e+01 
2.202926e+05 -3.834784e+01 
2.208005e+05 -3.837630e+01 
2.213095e+05 -3.840478e+01 
2.218196e+05 -3.843328e+01 
2.223310e+05 -3.846181e+01 
2.228435e+05 -3.849035e+01 
2.233572e+05 -3.851893e+01 
2.238721e+05 -3.854752e+01 
2.243882e+05 -3.857613e+01 
2.249055e+05 -3.860477e+01 
2.254239e+05 -3.863343e+01 
2.259436e+05 -3.866212e+01 
2.264644e+05 -3.869082e+01 
2.269865e+05 -3.871955e+01 
2.275097e+05 -3.874830e+01 
2.280342e+05 -3.877708e+01 
2.285599e+05 -3.880588e+01 
2.290868e+05 -3.883470e+01 
2.296149e+05 -3.886354e+01 
2.301442e+05 -3.889240e+01 
2.306747e+05 -3.892129e+01 
2.312065e+05 -3.895020e+01 
2.317395e+05 -3.897914e+01 
2.322737e+05 -3.900809e+01 
2.328091e+05 -3.903707e+01 
2.333458e+05 -3.906607e+01 
2.338837e+05 -3.909510e+01 
2.344229e+05 -3.912415e+01 
2.349633e+05 -3.915322e+01 
2.355049e+05 -3.918231e+01 
2.360478e+05 -3.921143e+01 
2.365920e+05 -3.924056e+01 
2.371374e+05 -3.926973e+01 
2.376840e+05 -3.929891e+01 
2.382319e+05 -3.932812e+01 
2.387811e+05 -3.935735e+01 
2.393316e+05 -3.938660e+01 
2.398833e+05 -3.941588e+01 
2.404363e+05 -3.944518e+01 
2.409905e+05 -3.947450e+01 
2.415461e+05 -3.950385e+01 
2.421029e+05 -3.953322e+01 
2.426610e+05 -3.956261e+01 
2.432204e+05 -3.959202e+01 
2.437811e+05 -3.962146e+01 
2.443431e+05 -3.965092e+01 
2.449063e+05 -3.968040e+01 
2.454709e+05 -3.970991e+01 
2.460368e+05 -3.973944e+01 
2.466039e+05 -3.976899e+01 
2.471724e+05 -3.979856e+01 
2.477422e+05 -3.982816e+01 
2.483133e+05 -3.985778e+01 
2.488857e+05 -3.988743e+01 
2.494595e+05 -3.991709e+01 
2.500345e+05 -3.994678e+01 
2.506109e+05 -3.997650e+01 
2.511886e+05 -4.000623e+01 
2.517677e+05 -4.003599e+01 
2.523481e+05 -4.006577e+01 
2.529298e+05 -4.009558e+01 
2.535129e+05 -4.012541e+01 
2.540973e+05 -4.015526e+01 
2.546830e+05 -4.018513e+01 
2.552701e+05 -4.021503e+01 
2.558586e+05 -4.024495e+01 
2.564484e+05 -4.027490e+01 
2.570396e+05 -4.030486e+01 
2.576321e+05 -4.033485e+01 
2.582260e+05 -4.036486e+01 
2.588213e+05 -4.039490e+01 
2.594179e+05 -4.042496e+01 
2.600160e+05 -4.045504e+01 
2.606154e+05 -4.048515e+01 
2.612161e+05 -4.051527e+01 
2.618183e+05 -4.054542e+01 
2.624219e+05 -4.057560e+01 
2.630268e+05 -4.060580e+01 
2.636331e+05 -4.063602e+01 
2.642409e+05 -4.066626e+01 
2.648500e+05 -4.069652e+01 
2.654606e+05 -4.072681e+01 
2.660725e+05 -4.075713e+01 
2.666859e+05 -4.078746e+01 
2.673006e+05 -4.081782e+01 
2.679168e+05 -4.084820e+01 
2.685344e+05 -4.087860e+01 
2.691535e+05 -4.090903e+01 
2.697739e+05 -4.093948e+01 
2.703958e+05 -4.096995e+01 
2.710192e+05 -4.100045e+01 
2.716439e+05 -4.103097e+01 
2.722701e+05 -4.106151e+01 
2.728978e+05 -4.109208e+01 
2.735269e+05 -4.112266e+01 
2.741574e+05 -4.115328e+01 
2.747894e+05 -4.118391e+01 
2.754229e+05 -4.121457e+01 
2.760578e+05 -4.124525e+01 
2.766942e+05 -4.127595e+01 
2.773320e+05 -4.130667e+01 
2.779713e+05 -4.133742e+01 
2.786121e+05 -4.136819e+01 
2.792544e+05 -4.139899e+01 
2.798981e+05 -4.142981e+01 
2.805434e+05 -4.146065e+01 
2.811901e+05 -4.149151e+01 
2.818383e+05 -4.152240e+01 
2.824880e+05 -4.155330e+01 
2.831392e+05 -4.158424e+01 
2.837919e+05 -4.161519e+01 
2.844461e+05 -4.164617e+01 
2.851018e+05 -4.167717e+01 
2.857591e+05 -4.170819e+01 
2.864178e+05 -4.173924e+01 
2.870781e+05 -4.177030e+01 
2.877398e+05 -4.180140e+01 
2.884032e+05 -4.183251e+01 
2.890680e+05 -4.186365e+01 
2.897344e+05 -4.189481e+01 
2.904023e+05 -4.192599e+01 
2.910717e+05 -4.195719e+01 
2.917427e+05 -4.198842e+01 
2.924152e+05 -4.201967e+01 
2.930893e+05 -4.205094e+01 
2.937650e+05 -4.208224e+01 
2.944422e+05 -4.211356e+01 
2.951209e+05 -4.214490e+01 
2.958012e+05 -4.217626e+01 
2.964831e+05 -4.220765e+01 
2.971666e+05 -4.223906e+01 
2.978516e+05 -4.227049e+01 
2.985383e+05 -4.230194e+01 
2.992265e+05 -4.233342e+01 
2.999163e+05 -4.236492e+01 
3.006076e+05 -4.239644e+01 
3.013006e+05 -4.242798e+01 
3.019952e+05 -4.245955e+01 
3.026913e+05 -4.249114e+01 
3.033891e+05 -4.252275e+01 
3.040885e+05 -4.255438e+01 
3.047895e+05 -4.258604e+01 
3.054921e+05 -4.261772e+01 
3.061963e+05 -4.264942e+01 
3.069022e+05 -4.268114e+01 
3.076097e+05 -4.271289e+01 
3.083188e+05 -4.274465e+01 
3.090295e+05 -4.277644e+01 
3.097419e+05 -4.280826e+01 
3.104560e+05 -4.284009e+01 
3.111716e+05 -4.287195e+01 
3.118890e+05 -4.290383e+01 
3.126079e+05 -4.293573e+01 
3.133286e+05 -4.296765e+01 
3.140509e+05 -4.299960e+01 
3.147748e+05 -4.303157e+01 
3.155005e+05 -4.306356e+01 
3.162278e+05 -4.309557e+01 
3.169567e+05 -4.312760e+01 
3.176874e+05 -4.315966e+01 
3.184198e+05 -4.319174e+01 
3.191538e+05 -4.322384e+01 
3.198895e+05 -4.325596e+01 
3.206269e+05 -4.328811e+01 
3.213661e+05 -4.332027e+01 
3.221069e+05 -4.335246e+01 
3.228494e+05 -4.338467e+01 
3.235937e+05 -4.341690e+01 
3.243396e+05 -4.344916e+01 
3.250873e+05 -4.348143e+01 
3.258367e+05 -4.351373e+01 
3.265878e+05 -4.354605e+01 
3.273407e+05 -4.357839e+01 
3.280953e+05 -4.361075e+01 
3.288516e+05 -4.364314e+01 
3.296097e+05 -4.367555e+01 
3.303695e+05 -4.370797e+01 
3.311311e+05 -4.374042e+01 
3.318945e+05 -4.377290e+01 
3.326596e+05 -4.380539e+01 
3.334264e+05 -4.383790e+01 
3.341950e+05 -4.387044e+01 
3.349654e+05 -4.390300e+01 
3.357376e+05 -4.393558e+01 
3.365116e+05 -4.396818e+01 
3.372873e+05 -4.400080e+01 
3.380648e+05 -4.403344e+01 
3.388442e+05 -4.406611e+01 
3.396253e+05 -4.409880e+01 
3.404082e+05 -4.413150e+01 
3.411929e+05 -4.416423e+01 
3.419794e+05 -4.419698e+01 
3.427678e+05 -4.422976e+01 
3.435579e+05 -4.426255e+01 
3.443499e+05 -4.429536e+01 
3.451437e+05 -4.432820e+01 
3.459394e+05 -4.436106e+01 
3.467369e+05 -4.439393e+01 
3.475362e+05 -4.442683e+01 
3.483373e+05 -4.445975e+01 
3.491403e+05 -4.449269e+01 
3.499452e+05 -4.452565e+01 
3.507519e+05 -4.455864e+01 
3.515604e+05 -4.459164e+01 
3.523709e+05 -4.462467e+01 
3.531832e+05 -4.465771e+01 
3.539973e+05 -4.469078e+01 
3.548134e+05 -4.472387e+01 
3.556313e+05 -4.475698e+01 
3.564511e+05 -4.479010e+01 
3.572728e+05 -4.482325e+01 
3.580964e+05 -4.485643e+01 
3.589219e+05 -4.488962e+01 
3.597493e+05 -4.492283e+01 
3.605786e+05 -4.495606e+01 
3.614099e+05 -4.498932e+01 
3.622430e+05 -4.502259e+01 
3.630781e+05 -4.505588e+01 
3.639150e+05 -4.508920e+01 
3.647539e+05 -4.512253e+01 
3.655948e+05 -4.515589e+01 
3.664376e+05 -4.518927e+01 
3.672823e+05 -4.522266e+01 
3.681290e+05 -4.525608e+01 
3.689776e+05 -4.528952e+01 
3.698282e+05 -4.532298e+01 
3.706807e+05 -4.535645e+01 
3.715352e+05 -4.538995e+01 
3.723917e+05 -4.542347e+01 
3.732502e+05 -4.545701e+01 
3.741106e+05 -4.549057e+01 
3.749730e+05 -4.552415e+01 
3.758374e+05 -4.555774e+01 
3.767038e+05 -4.559136e+01 
3.775722e+05 -4.562500e+01 
3.784426e+05 -4.565866e+01 
3.793150e+05 -4.569234e+01 
3.801894e+05 -4.572604e+01 
3.810658e+05 -4.575976e+01 
3.819443e+05 -4.579350e+01 
3.828247e+05 -4.582725e+01 
3.837072e+05 -4.586103e+01 
3.845918e+05 -4.589483e+01 
3.854784e+05 -4.592865e+01 
3.863670e+05 -4.596248e+01 
3.872576e+05 -4.599634e+01 
3.881504e+05 -4.603022e+01 
3.890451e+05 -4.606411e+01 
3.899420e+05 -4.609803e+01 
3.908409e+05 -4.613196e+01 
3.917419e+05 -4.616592e+01 
3.926449e+05 -4.619989e+01 
3.935501e+05 -4.623388e+01 
3.944573e+05 -4.626790e+01 
3.953666e+05 -4.630193e+01 
3.962780e+05 -4.633598e+01 
3.971915e+05 -4.637005e+01 
3.981072e+05 -4.640414e+01 
3.990249e+05 -4.643825e+01 
3.999447e+05 -4.647237e+01 
4.008667e+05 -4.650652e+01 
4.017908e+05 -4.654069e+01 
4.027170e+05 -4.657487e+01 
4.036454e+05 -4.660908e+01 
4.045759e+05 -4.664330e+01 
4.055085e+05 -4.667754e+01 
4.064433e+05 -4.671180e+01 
4.073803e+05 -4.674608e+01 
4.083194e+05 -4.678038e+01 
4.092607e+05 -4.681470e+01 
4.102041e+05 -4.684903e+01 
4.111497e+05 -4.688339e+01 
4.120975e+05 -4.691776e+01 
4.130475e+05 -4.695215e+01 
4.139997e+05 -4.698656e+01 
4.149540e+05 -4.702099e+01 
4.159106e+05 -4.705544e+01 
4.168694e+05 -4.708990e+01 
4.178304e+05 -4.712439e+01 
4.187936e+05 -4.715889e+01 
4.197590e+05 -4.719341e+01 
4.207266e+05 -4.722795e+01 
4.216965e+05 -4.726250e+01 
4.226686e+05 -4.729708e+01 
4.236430e+05 -4.733167e+01 
4.246196e+05 -4.736629e+01 
4.255984e+05 -4.740092e+01 
4.265795e+05 -4.743556e+01 
4.275629e+05 -4.747023e+01 
4.285485e+05 -4.750491e+01 
4.295364e+05 -4.753962e+01 
4.305266e+05 -4.757434e+01 
4.315191e+05 -4.760907e+01 
4.325138e+05 -4.764383e+01 
4.335109e+05 -4.767860e+01 
4.345102e+05 -4.771339e+01 
4.355119e+05 -4.774820e+01 
4.365158e+05 -4.778303e+01 
4.375221e+05 -4.781787e+01 
4.385307e+05 -4.785274e+01 
4.395416e+05 -4.788762e+01 
4.405549e+05 -4.792251e+01 
4.415704e+05 -4.795743e+01 
4.425884e+05 -4.799236e+01 
4.436086e+05 -4.802731e+01 
4.446313e+05 -4.806228e+01 
4.456562e+05 -4.809726e+01 
4.466836e+05 -4.813226e+01 
4.477133e+05 -4.816728e+01 
4.487454e+05 -4.820232e+01 
4.497799e+05 -4.823737e+01 
4.508167e+05 -4.827244e+01 
4.518559e+05 -4.830753e+01 
4.528976e+05 -4.834263e+01 
4.539416e+05 -4.837775e+01 
4.549881e+05 -4.841289e+01 
4.560369e+05 -4.844804e+01 
4.570882e+05 -4.848322e+01 
4.581419e+05 -4.851841e+01 
4.591980e+05 -4.855361e+01 
4.602566e+05 -4.858883e+01 
4.613176e+05 -4.862407e+01 
4.623810e+05 -4.865933e+01 
4.634469e+05 -4.869460e+01 
4.645153e+05 -4.872989e+01 
4.655861e+05 -4.876520e+01 
4.666594e+05 -4.880052e+01 
4.677351e+05 -4.883586e+01 
4.688134e+05 -4.887121e+01 
4.698941e+05 -4.890658e+01 
4.709773e+05 -4.894197e+01 
4.720630e+05 -4.897738e+01 
4.731513e+05 -4.901280e+01 
4.742420e+05 -4.904823e+01 
4.753352e+05 -4.908369e+01 
4.764310e+05 -4.911916e+01 
4.775293e+05 -4.915464e+01 
4.786301e+05 -4.919014e+01 
4.797334e+05 -4.922566e+01 
4.808393e+05 -4.926119e+01 
4.819478e+05 -4.929674e+01 
4.830588e+05 -4.933231e+01 
4.841724e+05 -4.936789e+01 
4.852885e+05 -4.940349e+01 
4.864072e+05 -4.943910e+01 
4.875285e+05 -4.947473e+01 
4.886524e+05 -4.951037e+01 
4.897788e+05 -4.954603e+01 
4.909079e+05 -4.958171e+01 
4.920395e+05 -4.961740e+01 
4.931738e+05 -4.965310e+01 
4.943107e+05 -4.968883e+01 
4.954502e+05 -4.972456e+01 
4.965923e+05 -4.976032e+01 
4.977371e+05 -4.979609e+01 
4.988845e+05 -4.983187e+01 
5.000345e+05 -4.986767e+01 
5.011872e+05 -4.990348e+01 
5.023426e+05 -4.993931e+01 
5.035006e+05 -4.997516e+01 
5.046613e+05 -5.001102e+01 
5.058247e+05 -5.004689e+01 
5.069907e+05 -5.008278e+01 
5.081594e+05 -5.011869e+01 
5.093309e+05 -5.015461e+01 
5.105050e+05 -5.019054e+01 
5.116818e+05 -5.022649e+01 
5.128614e+05 -5.026246e+01 
5.140437e+05 -5.029844e+01 
5.152286e+05 -5.033443e+01 
5.164164e+05 -5.037044e+01 
5.176068e+05 -5.040646e+01 
5.188000e+05 -5.044250e+01 
5.199960e+05 -5.047856e+01 
5.211947e+05 -5.051462e+01 
5.223962e+05 -5.055071e+01 
5.236004e+05 -5.058680e+01 
5.248075e+05 -5.062291e+01 
5.260173e+05 -5.065904e+01 
5.272299e+05 -5.069518e+01 
5.284453e+05 -5.073133e+01 
5.296634e+05 -5.076750e+01 
5.308844e+05 -5.080368e+01 
5.321083e+05 -5.083988e+01 
5.333349e+05 -5.087609e+01 
5.345644e+05 -5.091232e+01 
5.357967e+05 -5.094856e+01 
5.370318e+05 -5.098481e+01 
5.382698e+05 -5.102108e+01 
5.395106e+05 -5.105736e+01 
5.407543e+05 -5.109365e+01 
5.420009e+05 -5.112996e+01 
5.432503e+05 -5.116629e+01 
5.445027e+05 -5.120262e+01 
5.457579e+05 -5.123897e+01 
5.470160e+05 -5.127534e+01 
5.482770e+05 -5.131172e+01 
5.495409e+05 -5.134811e+01 
5.508077e+05 -5.138451e+01 
5.520774e+05 -5.142093e+01 
5.533501e+05 -5.145736e+01 
5.546257e+05 -5.149381e+01 
5.559043e+05 -5.153027e+01 
5.571857e+05 -5.156674e+01 
5.584702e+05 -5.160323e+01 
5.597576e+05 -5.163973e+01 
5.610480e+05 -5.167624e+01 
5.623413e+05 -5.171276e+01 
5.636377e+05 -5.174930e+01 
5.649370e+05 -5.178586e+01 
5.662393e+05 -5.182242e+01 
5.675446e+05 -5.185900e+01 
5.688529e+05 -5.189559e+01 
5.701643e+05 -5.193219e+01 
5.714786e+05 -5.196881e+01 
5.727960e+05 -5.200544e+01 
5.741165e+05 -5.204209e+01 
5.754399e+05 -5.207874e+01 
5.767665e+05 -5.211541e+01 
5.780960e+05 -5.215209e+01 
5.794287e+05 -5.218879e+01 
5.807644e+05 -5.222549e+01 
5.821032e+05 -5.226221e+01 
5.834451e+05 -5.229894e+01 
5.847901e+05 -5.233569e+01 
5.861382e+05 -5.237245e+01 
5.874894e+05 -5.240922e+01 
5.888437e+05 -5.244600e+01 
5.902011e+05 -5.248279e+01 
5.915616e+05 -5.251960e+01 
5.929253e+05 -5.255642e+01 
5.942922e+05 -5.259325e+01 
5.956621e+05 -5.263010e+01 
5.970353e+05 -5.266695e+01 
5.984116e+05 -5.270382e+01 
5.997911e+05 -5.274070e+01 
6.011737e+05 -5.277759e+01 
6.025596e+05 -5.281450e+01 
6.039486e+05 -5.285142e+01 
6.053409e+05 -5.288834e+01 
6.067363e+05 -5.292528e+01 
6.081350e+05 -5.296224e+01 
6.095369e+05 -5.299920e+01 
6.109420e+05 -5.303618e+01 
6.123504e+05 -5.307317e+01 
6.137620e+05 -5.311017e+01 
6.151769e+05 -5.314718e+01 
6.165950e+05 -5.318420e+01 
6.180164e+05 -5.322124e+01 
6.194411e+05 -5.325828e+01 
6.208690e+05 -5.329534e+01 
6.223003e+05 -5.333241e+01 
6.237348e+05 -5.336949e+01 
6.251727e+05 -5.340658e+01 
6.266139e+05 -5.344369e+01 
6.280584e+05 -5.348080e+01 
6.295062e+05 -5.351793e+01 
6.309573e+05 -5.355507e+01 
6.324119e+05 -5.359222e+01 
6.338697e+05 -5.362938e+01 
6.353309e+05 -5.366655e+01 
6.367955e+05 -5.370373e+01 
6.382635e+05 -5.374093e+01 
6.397348e+05 -5.377813e+01 
6.412096e+05 -5.381535e+01 
6.426877e+05 -5.385258e+01 
6.441693e+05 -5.388981e+01 
6.456542e+05 -5.392706e+01 
6.471426e+05 -5.396432e+01 
6.486344e+05 -5.400160e+01 
6.501297e+05 -5.403888e+01 
6.516284e+05 -5.407617e+01 
6.531306e+05 -5.411347e+01 
6.546362e+05 -5.415079e+01 
6.561453e+05 -5.418811e+01 
6.576578e+05 -5.422545e+01 
6.591739e+05 -5.426279e+01 
6.606934e+05 -5.430015e+01 
6.622165e+05 -5.433752e+01 
6.637431e+05 -5.437490e+01 
6.652732e+05 -5.441228e+01 
6.668068e+05 -5.444968e+01 
6.683439e+05 -5.448709e+01 
6.698846e+05 -5.452451e+01 
6.714289e+05 -5.456194e+01 
6.729767e+05 -5.459938e+01 
6.745280e+05 -5.463683e+01 
6.760830e+05 -5.467429e+01 
6.776415e+05 -5.471176e+01 
6.792036e+05 -5.474924e+01 
6.807694e+05 -5.478673e+01 
6.823387e+05 -5.482423e+01 
6.839116e+05 -5.486175e+01 
6.854882e+05 -5.489927e+01 
6.870684e+05 -5.493680e+01 
6.886523e+05 -5.497434e+01 
6.902398e+05 -5.501189e+01 
6.918310e+05 -5.504945e+01 
6.934258e+05 -5.508702e+01 
6.950243e+05 -5.512460e+01 
6.966265e+05 -5.516219e+01 
6.982324e+05 -5.519979e+01 
6.998420e+05 -5.523740e+01 
7.014553e+05 -5.527502e+01 
7.030723e+05 -5.531265e+01 
7.046931e+05 -5.535029e+01 
7.063176e+05 -5.538794e+01 
7.079458e+05 -5.542560e+01 
7.095778e+05 -5.546326e+01 
7.112135e+05 -5.550094e+01 
7.128530e+05 -5.553863e+01 
7.144963e+05 -5.557632e+01 
7.161434e+05 -5.561403e+01 
7.177943e+05 -5.565174e+01 
7.194490e+05 -5.568947e+01 
7.211075e+05 -5.572720e+01 
7.227698e+05 -5.576494e+01 
7.244360e+05 -5.580269e+01 
7.261060e+05 -5.584045e+01 
7.277798e+05 -5.587822e+01 
7.294575e+05 -5.591600e+01 
7.311391e+05 -5.595379e+01 
7.328245e+05 -5.599159e+01 
7.345139e+05 -5.602939e+01 
7.362071e+05 -5.606721e+01 
7.379042e+05 -5.610503e+01 
7.396053e+05 -5.614286e+01 
7.413102e+05 -5.618070e+01 
7.430191e+05 -5.621856e+01 
7.447320e+05 -5.625641e+01 
7.464488e+05 -5.629428e+01 
7.481695e+05 -5.633216e+01 
7.498942e+05 -5.637005e+01 
7.516229e+05 -5.640794e+01 
7.533556e+05 -5.644584e+01 
7.550922e+05 -5.648375e+01 
7.568329e+05 -5.652167e+01 
7.585776e+05 -5.655960e+01 
7.603263e+05 -5.659754e+01 
7.620790e+05 -5.663549e+01 
7.638358e+05 -5.667344e+01 
7.655966e+05 -5.671140e+01 
7.673615e+05 -5.674937e+01 
7.691304e+05 -5.678735e+01 
7.709035e+05 -5.682534e+01 
7.726806e+05 -5.686334e+01 
7.744618e+05 -5.690134e+01 
7.762471e+05 -5.693936e+01 
7.780366e+05 -5.697738e+01 
7.798301e+05 -5.701541e+01 
7.816278e+05 -5.705344e+01 
7.834296e+05 -5.709149e+01 
7.852356e+05 -5.712954e+01 
7.870458e+05 -5.716760e+01 
7.888601e+05 -5.720567e+01 
7.906786e+05 -5.724375e+01 
7.925013e+05 -5.728184e+01 
7.943282e+05 -5.731993e+01 
7.961594e+05 -5.735803e+01 
7.979947e+05 -5.739614e+01 
7.998343e+05 -5.743426e+01 
8.016781e+05 -5.747238e+01 
8.035261e+05 -5.751052e+01 
8.053784e+05 -5.754866e+01 
8.072350e+05 -5.758681e+01 
8.090959e+05 -5.762496e+01 
8.109611e+05 -5.766313e+01 
8.128305e+05 -5.770130e+01 
8.147043e+05 -5.773948e+01 
8.165824e+05 -5.777766e+01 
8.184648e+05 -5.781586e+01 
8.203515e+05 -5.785406e+01 
8.222426e+05 -5.789227e+01 
8.241381e+05 -5.793049e+01 
8.260379e+05 -5.796871e+01 
8.279422e+05 -5.800694e+01 
8.298508e+05 -5.804518e+01 
8.317638e+05 -5.808343e+01 
8.336812e+05 -5.812168e+01 
8.356030e+05 -5.815994e+01 
8.375293e+05 -5.819821e+01 
8.394600e+05 -5.823649e+01 
8.413951e+05 -5.827477e+01 
8.433348e+05 -5.831306e+01 
8.452788e+05 -5.835136e+01 
8.472274e+05 -5.838966e+01 
8.491805e+05 -5.842798e+01 
8.511380e+05 -5.846630e+01 
8.531001e+05 -5.850462e+01 
8.550667e+05 -5.854295e+01 
8.570378e+05 -5.858129e+01 
8.590135e+05 -5.861964e+01 
8.609938e+05 -5.865800e+01 
8.629785e+05 -5.869636e+01 
8.649679e+05 -5.873472e+01 
8.669619e+05 -5.877310e+01 
8.689604e+05 -5.881148e+01 
8.709636e+05 -5.884987e+01 
8.729714e+05 -5.888827e+01 
8.749838e+05 -5.892667e+01 
8.770008e+05 -5.896508e+01 
8.790225e+05 -5.900349e+01 
8.810489e+05 -5.904191e+01 
8.830799e+05 -5.908034e+01 
8.851156e+05 -5.911878e+01 
8.871560e+05 -5.915722e+01 
8.892011e+05 -5.919567e+01 
8.912509e+05 -5.923413e+01 
8.933055e+05 -5.927259e+01 
8.953648e+05 -5.931106e+01 
8.974288e+05 -5.934953e+01 
8.994976e+05 -5.938801e+01 
9.015711e+05 -5.942650e+01 
9.036495e+05 -5.946500e+01 
9.057326e+05 -5.950350e+01 
9.078205e+05 -5.954200e+01 
9.099133e+05 -5.958052e+01 
9.120108e+05 -5.961904e+01 
9.141132e+05 -5.965756e+01 
9.162205e+05 -5.969609e+01 
9.183326e+05 -5.973463e+01 
9.204496e+05 -5.977318e+01 
9.225714e+05 -5.981173e+01 
9.246982e+05 -5.985029e+01 
9.268298e+05 -5.988885e+01 
9.289664e+05 -5.992742e+01 
9.311079e+05 -5.996600e+01 
9.332543e+05 -6.000458e+01 
9.354057e+05 -6.004316e+01 
9.375620e+05 -6.008176e+01 
9.397233e+05 -6.012036e+01 
9.418896e+05 -6.015896e+01 
9.440609e+05 -6.019758e+01 
9.462372e+05 -6.023619e+01 
9.484185e+05 -6.027482e+01 
9.506048e+05 -6.031345e+01 
9.527962e+05 -6.035208e+01 
9.549926e+05 -6.039072e+01 
9.571941e+05 -6.042937e+01 
9.594006e+05 -6.046802e+01 
9.616123e+05 -6.050668e+01 
9.638290e+05 -6.054535e+01 
9.660509e+05 -6.058402e+01 
9.682779e+05 -6.062269e+01 
9.705100e+05 -6.066137e+01 
9.727472e+05 -6.070006e+01 
9.749896e+05 -6.073875e+01 
9.772372e+05 -6.077745e+01 
9.794900e+05 -6.081616e+01 
9.817479e+05 -6.085487e+01 
9.840111e+05 -6.089358e+01 
9.862795e+05 -6.093230e+01 
9.885531e+05 -6.097103e+01 
9.908319e+05 -6.100976e+01 
9.931160e+05 -6.104850e+01 
9.954054e+05 -6.108724e+01 
9.977001e+05 -6.112599e+01 
1.000000e+06 -6.116474e+01 
