1.000000e+00 9.357325e-09 
1.002305e+00 9.400517e-09 
1.004616e+00 9.443906e-09 
1.006932e+00 9.487499e-09 
1.009253e+00 9.531291e-09 
1.011579e+00 9.575284e-09 
1.013911e+00 9.619483e-09 
1.016249e+00 9.663882e-09 
1.018591e+00 9.708488e-09 
1.020939e+00 9.753302e-09 
1.023293e+00 9.798319e-09 
1.025652e+00 9.843548e-09 
1.028016e+00 9.888985e-09 
1.030386e+00 9.934627e-09 
1.032761e+00 9.980486e-09 
1.035142e+00 1.002656e-08 
1.037528e+00 1.007283e-08 
1.039920e+00 1.011933e-08 
1.042317e+00 1.016604e-08 
1.044720e+00 1.021296e-08 
1.047129e+00 1.026010e-08 
1.049542e+00 1.030746e-08 
1.051962e+00 1.035504e-08 
1.054387e+00 1.040283e-08 
1.056818e+00 1.045085e-08 
1.059254e+00 1.049909e-08 
1.061696e+00 1.054755e-08 
1.064143e+00 1.059624e-08 
1.066596e+00 1.064515e-08 
1.069055e+00 1.069429e-08 
1.071519e+00 1.074365e-08 
1.073989e+00 1.079324e-08 
1.076465e+00 1.084306e-08 
1.078947e+00 1.089310e-08 
1.081434e+00 1.094338e-08 
1.083927e+00 1.099390e-08 
1.086426e+00 1.104464e-08 
1.088930e+00 1.109562e-08 
1.091440e+00 1.114684e-08 
1.093956e+00 1.119829e-08 
1.096478e+00 1.124998e-08 
1.099006e+00 1.130191e-08 
1.101539e+00 1.135407e-08 
1.104079e+00 1.140648e-08 
1.106624e+00 1.145913e-08 
1.109175e+00 1.151202e-08 
1.111732e+00 1.156516e-08 
1.114295e+00 1.161855e-08 
1.116863e+00 1.167217e-08 
1.119438e+00 1.172605e-08 
1.122018e+00 1.178017e-08 
1.124605e+00 1.183455e-08 
1.127197e+00 1.188918e-08 
1.129796e+00 1.194405e-08 
1.132400e+00 1.199918e-08 
1.135011e+00 1.205457e-08 
1.137627e+00 1.211021e-08 
1.140250e+00 1.216611e-08 
1.142878e+00 1.222226e-08 
1.145513e+00 1.227868e-08 
1.148154e+00 1.233535e-08 
1.150800e+00 1.239229e-08 
1.153453e+00 1.244949e-08 
1.156112e+00 1.250696e-08 
1.158777e+00 1.256469e-08 
1.161449e+00 1.262268e-08 
1.164126e+00 1.268095e-08 
1.166810e+00 1.273948e-08 
1.169499e+00 1.279828e-08 
1.172195e+00 1.285736e-08 
1.174898e+00 1.291671e-08 
1.177606e+00 1.297632e-08 
1.180321e+00 1.303622e-08 
1.183042e+00 1.309639e-08 
1.185769e+00 1.315684e-08 
1.188502e+00 1.321757e-08 
1.191242e+00 1.327858e-08 
1.193988e+00 1.333987e-08 
1.196741e+00 1.340145e-08 
1.199499e+00 1.346330e-08 
1.202264e+00 1.352545e-08 
1.205036e+00 1.358788e-08 
1.207814e+00 1.365060e-08 
1.210598e+00 1.371361e-08 
1.213389e+00 1.377690e-08 
1.216186e+00 1.384050e-08 
1.218990e+00 1.390438e-08 
1.221800e+00 1.396856e-08 
1.224616e+00 1.403304e-08 
1.227439e+00 1.409781e-08 
1.230269e+00 1.416288e-08 
1.233105e+00 1.422826e-08 
1.235947e+00 1.429393e-08 
1.238797e+00 1.435991e-08 
1.241652e+00 1.442619e-08 
1.244515e+00 1.449278e-08 
1.247384e+00 1.455967e-08 
1.250259e+00 1.462688e-08 
1.253141e+00 1.469440e-08 
1.256030e+00 1.476222e-08 
1.258925e+00 1.483036e-08 
1.261828e+00 1.489881e-08 
1.264736e+00 1.496758e-08 
1.267652e+00 1.503667e-08 
1.270574e+00 1.510608e-08 
1.273503e+00 1.517580e-08 
1.276439e+00 1.524585e-08 
1.279381e+00 1.531622e-08 
1.282331e+00 1.538692e-08 
1.285287e+00 1.545794e-08 
1.288250e+00 1.552929e-08 
1.291219e+00 1.560097e-08 
1.294196e+00 1.567298e-08 
1.297179e+00 1.574533e-08 
1.300170e+00 1.581800e-08 
1.303167e+00 1.589102e-08 
1.306171e+00 1.596437e-08 
1.309182e+00 1.603805e-08 
1.312200e+00 1.611209e-08 
1.315225e+00 1.618645e-08 
1.318257e+00 1.626116e-08 
1.321296e+00 1.633622e-08 
1.324342e+00 1.641163e-08 
1.327394e+00 1.648738e-08 
1.330454e+00 1.656349e-08 
1.333521e+00 1.663994e-08 
1.336596e+00 1.671674e-08 
1.339677e+00 1.679391e-08 
1.342765e+00 1.687142e-08 
1.345860e+00 1.694930e-08 
1.348963e+00 1.702753e-08 
1.352073e+00 1.710613e-08 
1.355189e+00 1.718508e-08 
1.358313e+00 1.726441e-08 
1.361445e+00 1.734410e-08 
1.364583e+00 1.742416e-08 
1.367729e+00 1.750458e-08 
1.370882e+00 1.758538e-08 
1.374042e+00 1.766655e-08 
1.377209e+00 1.774809e-08 
1.380384e+00 1.783001e-08 
1.383566e+00 1.791231e-08 
1.386756e+00 1.799499e-08 
1.389953e+00 1.807806e-08 
1.393157e+00 1.816150e-08 
1.396368e+00 1.824533e-08 
1.399587e+00 1.832954e-08 
1.402814e+00 1.841415e-08 
1.406048e+00 1.849915e-08 
1.409289e+00 1.858453e-08 
1.412538e+00 1.867032e-08 
1.415794e+00 1.875650e-08 
1.419058e+00 1.884307e-08 
1.422329e+00 1.893005e-08 
1.425608e+00 1.901743e-08 
1.428894e+00 1.910520e-08 
1.432188e+00 1.919339e-08 
1.435489e+00 1.928198e-08 
1.438799e+00 1.937098e-08 
1.442115e+00 1.946040e-08 
1.445440e+00 1.955022e-08 
1.448772e+00 1.964046e-08 
1.452112e+00 1.973112e-08 
1.455459e+00 1.982219e-08 
1.458814e+00 1.991369e-08 
1.462177e+00 2.000561e-08 
1.465548e+00 2.009795e-08 
1.468926e+00 2.019072e-08 
1.472313e+00 2.028391e-08 
1.475707e+00 2.037754e-08 
1.479108e+00 2.047160e-08 
1.482518e+00 2.056609e-08 
1.485936e+00 2.066102e-08 
1.489361e+00 2.075638e-08 
1.492794e+00 2.085219e-08 
1.496236e+00 2.094844e-08 
1.499685e+00 2.104513e-08 
1.503142e+00 2.114227e-08 
1.506607e+00 2.123986e-08 
1.510080e+00 2.133790e-08 
1.513561e+00 2.143639e-08 
1.517050e+00 2.153534e-08 
1.520548e+00 2.163474e-08 
1.524053e+00 2.173460e-08 
1.527566e+00 2.183493e-08 
1.531087e+00 2.193571e-08 
1.534617e+00 2.203696e-08 
1.538155e+00 2.213868e-08 
1.541700e+00 2.224087e-08 
1.545254e+00 2.234353e-08 
1.548817e+00 2.244666e-08 
1.552387e+00 2.255027e-08 
1.555966e+00 2.265436e-08 
1.559553e+00 2.275892e-08 
1.563148e+00 2.286397e-08 
1.566751e+00 2.296951e-08 
1.570363e+00 2.307553e-08 
1.573983e+00 2.318204e-08 
1.577611e+00 2.328905e-08 
1.581248e+00 2.339654e-08 
1.584893e+00 2.350454e-08 
1.588547e+00 2.361303e-08 
1.592209e+00 2.372202e-08 
1.595879e+00 2.383152e-08 
1.599558e+00 2.394152e-08 
1.603245e+00 2.405203e-08 
1.606941e+00 2.416305e-08 
1.610646e+00 2.427458e-08 
1.614359e+00 2.438662e-08 
1.618080e+00 2.449919e-08 
1.621810e+00 2.461227e-08 
1.625549e+00 2.472588e-08 
1.629296e+00 2.484001e-08 
1.633052e+00 2.495467e-08 
1.636817e+00 2.506985e-08 
1.640590e+00 2.518557e-08 
1.644372e+00 2.530182e-08 
1.648162e+00 2.541860e-08 
1.651962e+00 2.553593e-08 
1.655770e+00 2.565380e-08 
1.659587e+00 2.577221e-08 
1.663413e+00 2.589117e-08 
1.667247e+00 2.601068e-08 
1.671091e+00 2.613074e-08 
1.674943e+00 2.625135e-08 
1.678804e+00 2.637252e-08 
1.682674e+00 2.649425e-08 
1.686553e+00 2.661655e-08 
1.690441e+00 2.673940e-08 
1.694338e+00 2.686283e-08 
1.698244e+00 2.698682e-08 
1.702159e+00 2.711138e-08 
1.706082e+00 2.723652e-08 
1.710015e+00 2.736224e-08 
1.713957e+00 2.748854e-08 
1.717908e+00 2.761542e-08 
1.721869e+00 2.774289e-08 
1.725838e+00 2.787094e-08 
1.729816e+00 2.799959e-08 
1.733804e+00 2.812883e-08 
1.737801e+00 2.825867e-08 
1.741807e+00 2.838911e-08 
1.745822e+00 2.852015e-08 
1.749847e+00 2.865179e-08 
1.753881e+00 2.878404e-08 
1.757924e+00 2.891690e-08 
1.761976e+00 2.905037e-08 
1.766038e+00 2.918446e-08 
1.770109e+00 2.931917e-08 
1.774189e+00 2.945450e-08 
1.778279e+00 2.959046e-08 
1.782379e+00 2.972704e-08 
1.786488e+00 2.986426e-08 
1.790606e+00 3.000210e-08 
1.794734e+00 3.014059e-08 
1.798871e+00 3.027971e-08 
1.803018e+00 3.041948e-08 
1.807174e+00 3.055988e-08 
1.811340e+00 3.070094e-08 
1.815516e+00 3.084265e-08 
1.819701e+00 3.098502e-08 
1.823896e+00 3.112804e-08 
1.828100e+00 3.127172e-08 
1.832314e+00 3.141606e-08 
1.836538e+00 3.156107e-08 
1.840772e+00 3.170675e-08 
1.845015e+00 3.185310e-08 
1.849269e+00 3.200013e-08 
1.853532e+00 3.214783e-08 
1.857804e+00 3.229622e-08 
1.862087e+00 3.244529e-08 
1.866380e+00 3.259505e-08 
1.870682e+00 3.274551e-08 
1.874995e+00 3.289665e-08 
1.879317e+00 3.304850e-08 
1.883649e+00 3.320104e-08 
1.887991e+00 3.335429e-08 
1.892344e+00 3.350825e-08 
1.896706e+00 3.366292e-08 
1.901078e+00 3.381829e-08 
1.905461e+00 3.397439e-08 
1.909853e+00 3.413121e-08 
1.914256e+00 3.428875e-08 
1.918669e+00 3.444702e-08 
1.923092e+00 3.460603e-08 
1.927525e+00 3.476576e-08 
1.931968e+00 3.492623e-08 
1.936422e+00 3.508744e-08 
1.940886e+00 3.524940e-08 
1.945360e+00 3.541210e-08 
1.949845e+00 3.557556e-08 
1.954339e+00 3.573977e-08 
1.958845e+00 3.590474e-08 
1.963360e+00 3.607046e-08 
1.967886e+00 3.623696e-08 
1.972423e+00 3.640422e-08 
1.976970e+00 3.657225e-08 
1.981527e+00 3.674107e-08 
1.986095e+00 3.691065e-08 
1.990673e+00 3.708102e-08 
1.995262e+00 3.725218e-08 
1.999862e+00 3.742413e-08 
2.004472e+00 3.759687e-08 
2.009093e+00 3.777041e-08 
2.013724e+00 3.794475e-08 
2.018366e+00 3.811990e-08 
2.023019e+00 3.829585e-08 
2.027683e+00 3.847262e-08 
2.032357e+00 3.865020e-08 
2.037042e+00 3.882860e-08 
2.041738e+00 3.900782e-08 
2.046445e+00 3.918787e-08 
2.051162e+00 3.936876e-08 
2.055891e+00 3.955048e-08 
2.060630e+00 3.973303e-08 
2.065380e+00 3.991643e-08 
2.070141e+00 4.010068e-08 
2.074914e+00 4.028577e-08 
2.079697e+00 4.047173e-08 
2.084491e+00 4.065853e-08 
2.089296e+00 4.084621e-08 
2.094112e+00 4.103474e-08 
2.098940e+00 4.122415e-08 
2.103778e+00 4.141443e-08 
2.108628e+00 4.160559e-08 
2.113489e+00 4.179764e-08 
2.118361e+00 4.199056e-08 
2.123244e+00 4.218439e-08 
2.128139e+00 4.237910e-08 
2.133045e+00 4.257471e-08 
2.137962e+00 4.277123e-08 
2.142891e+00 4.296865e-08 
2.147830e+00 4.316698e-08 
2.152782e+00 4.336623e-08 
2.157744e+00 4.356640e-08 
2.162719e+00 4.376750e-08 
2.167704e+00 4.396952e-08 
2.172701e+00 4.417247e-08 
2.177710e+00 4.437636e-08 
2.182730e+00 4.458120e-08 
2.187762e+00 4.478697e-08 
2.192805e+00 4.499370e-08 
2.197860e+00 4.520138e-08 
2.202926e+00 4.541002e-08 
2.208005e+00 4.561962e-08 
2.213095e+00 4.583020e-08 
2.218196e+00 4.604174e-08 
2.223310e+00 4.625426e-08 
2.228435e+00 4.646776e-08 
2.233572e+00 4.668224e-08 
2.238721e+00 4.689772e-08 
2.243882e+00 4.711419e-08 
2.249055e+00 4.733166e-08 
2.254239e+00 4.755013e-08 
2.259436e+00 4.776961e-08 
2.264644e+00 4.799011e-08 
2.269865e+00 4.821162e-08 
2.275097e+00 4.843415e-08 
2.280342e+00 4.865772e-08 
2.285599e+00 4.888231e-08 
2.290868e+00 4.910794e-08 
2.296149e+00 4.933461e-08 
2.301442e+00 4.956233e-08 
2.306747e+00 4.979110e-08 
2.312065e+00 5.002092e-08 
2.317395e+00 5.025181e-08 
2.322737e+00 5.048376e-08 
2.328091e+00 5.071679e-08 
2.333458e+00 5.095088e-08 
2.338837e+00 5.118606e-08 
2.344229e+00 5.142233e-08 
2.349633e+00 5.165968e-08 
2.355049e+00 5.189813e-08 
2.360478e+00 5.213768e-08 
2.365920e+00 5.237834e-08 
2.371374e+00 5.262011e-08 
2.376840e+00 5.286299e-08 
2.382319e+00 5.310699e-08 
2.387811e+00 5.335212e-08 
2.393316e+00 5.359839e-08 
2.398833e+00 5.384579e-08 
2.404363e+00 5.409433e-08 
2.409905e+00 5.434401e-08 
2.415461e+00 5.459485e-08 
2.421029e+00 5.484686e-08 
2.426610e+00 5.510001e-08 
2.432204e+00 5.535435e-08 
2.437811e+00 5.560985e-08 
2.443431e+00 5.586653e-08 
2.449063e+00 5.612440e-08 
2.454709e+00 5.638346e-08 
2.460368e+00 5.664372e-08 
2.466039e+00 5.690517e-08 
2.471724e+00 5.716783e-08 
2.477422e+00 5.743171e-08 
2.483133e+00 5.769680e-08 
2.488857e+00 5.796312e-08 
2.494595e+00 5.823066e-08 
2.500345e+00 5.849944e-08 
2.506109e+00 5.876946e-08 
2.511886e+00 5.904073e-08 
2.517677e+00 5.931325e-08 
2.523481e+00 5.958703e-08 
2.529298e+00 5.986207e-08 
2.535129e+00 6.013838e-08 
2.540973e+00 6.041597e-08 
2.546830e+00 6.069483e-08 
2.552701e+00 6.097499e-08 
2.558586e+00 6.125644e-08 
2.564484e+00 6.153918e-08 
2.570396e+00 6.182323e-08 
2.576321e+00 6.210860e-08 
2.582260e+00 6.239528e-08 
2.588213e+00 6.268328e-08 
2.594179e+00 6.297261e-08 
2.600160e+00 6.326328e-08 
2.606154e+00 6.355529e-08 
2.612161e+00 6.384865e-08 
2.618183e+00 6.414336e-08 
2.624219e+00 6.443943e-08 
2.630268e+00 6.473687e-08 
2.636331e+00 6.503568e-08 
2.642409e+00 6.533587e-08 
2.648500e+00 6.563745e-08 
2.654606e+00 6.594042e-08 
2.660725e+00 6.624479e-08 
2.666859e+00 6.655056e-08 
2.673006e+00 6.685774e-08 
2.679168e+00 6.716635e-08 
2.685344e+00 6.747637e-08 
2.691535e+00 6.778783e-08 
2.697739e+00 6.810072e-08 
2.703958e+00 6.841506e-08 
2.710192e+00 6.873085e-08 
2.716439e+00 6.904810e-08 
2.722701e+00 6.936681e-08 
2.728978e+00 6.968699e-08 
2.735269e+00 7.000865e-08 
2.741574e+00 7.033180e-08 
2.747894e+00 7.065644e-08 
2.754229e+00 7.098257e-08 
2.760578e+00 7.131021e-08 
2.766942e+00 7.163937e-08 
2.773320e+00 7.197004e-08 
2.779713e+00 7.230223e-08 
2.786121e+00 7.263597e-08 
2.792544e+00 7.297124e-08 
2.798981e+00 7.330806e-08 
2.805434e+00 7.364643e-08 
2.811901e+00 7.398637e-08 
2.818383e+00 7.432787e-08 
2.824880e+00 7.467096e-08 
2.831392e+00 7.501562e-08 
2.837919e+00 7.536188e-08 
2.844461e+00 7.570973e-08 
2.851018e+00 7.605919e-08 
2.857591e+00 7.641027e-08 
2.864178e+00 7.676296e-08 
2.870781e+00 7.711728e-08 
2.877398e+00 7.747324e-08 
2.884032e+00 7.783084e-08 
2.890680e+00 7.819009e-08 
2.897344e+00 7.855100e-08 
2.904023e+00 7.891358e-08 
2.910717e+00 7.927783e-08 
2.917427e+00 7.964375e-08 
2.924152e+00 8.001137e-08 
2.930893e+00 8.038069e-08 
2.937650e+00 8.075171e-08 
2.944422e+00 8.112444e-08 
2.951209e+00 8.149890e-08 
2.958012e+00 8.187508e-08 
2.964831e+00 8.225299e-08 
2.971666e+00 8.263266e-08 
2.978516e+00 8.301407e-08 
2.985383e+00 8.339725e-08 
2.992265e+00 8.378219e-08 
2.999163e+00 8.416891e-08 
3.006076e+00 8.455742e-08 
3.013006e+00 8.494772e-08 
3.019952e+00 8.533982e-08 
3.026913e+00 8.573373e-08 
3.033891e+00 8.612946e-08 
3.040885e+00 8.652702e-08 
3.047895e+00 8.692641e-08 
3.054921e+00 8.732764e-08 
3.061963e+00 8.773072e-08 
3.069022e+00 8.813567e-08 
3.076097e+00 8.854249e-08 
3.083188e+00 8.895118e-08 
3.090295e+00 8.936176e-08 
3.097419e+00 8.977424e-08 
3.104560e+00 9.018862e-08 
3.111716e+00 9.060491e-08 
3.118890e+00 9.102312e-08 
3.126079e+00 9.144327e-08 
3.133286e+00 9.186535e-08 
3.140509e+00 9.228938e-08 
3.147748e+00 9.271537e-08 
3.155005e+00 9.314332e-08 
3.162278e+00 9.357325e-08 
3.169567e+00 9.400517e-08 
3.176874e+00 9.443907e-08 
3.184198e+00 9.487499e-08 
3.191538e+00 9.531291e-08 
3.198895e+00 9.575285e-08 
3.206269e+00 9.619483e-08 
3.213661e+00 9.663884e-08 
3.221069e+00 9.708491e-08 
3.228494e+00 9.753303e-08 
3.235937e+00 9.798322e-08 
3.243396e+00 9.843549e-08 
3.250873e+00 9.888985e-08 
3.258367e+00 9.934631e-08 
3.265878e+00 9.980487e-08 
3.273407e+00 1.002655e-07 
3.280953e+00 1.007284e-07 
3.288516e+00 1.011933e-07 
3.296097e+00 1.016604e-07 
3.303695e+00 1.021296e-07 
3.311311e+00 1.026010e-07 
3.318945e+00 1.030746e-07 
3.326596e+00 1.035504e-07 
3.334264e+00 1.040284e-07 
3.341950e+00 1.045085e-07 
3.349654e+00 1.049909e-07 
3.357376e+00 1.054755e-07 
3.365116e+00 1.059624e-07 
3.372873e+00 1.064515e-07 
3.380648e+00 1.069428e-07 
3.388442e+00 1.074365e-07 
3.396253e+00 1.079324e-07 
3.404082e+00 1.084306e-07 
3.411929e+00 1.089311e-07 
3.419794e+00 1.094339e-07 
3.427678e+00 1.099390e-07 
3.435579e+00 1.104464e-07 
3.443499e+00 1.109562e-07 
3.451437e+00 1.114684e-07 
3.459394e+00 1.119829e-07 
3.467369e+00 1.124998e-07 
3.475362e+00 1.130191e-07 
3.483373e+00 1.135407e-07 
3.491403e+00 1.140648e-07 
3.499452e+00 1.145913e-07 
3.507519e+00 1.151202e-07 
3.515604e+00 1.156516e-07 
3.523709e+00 1.161854e-07 
3.531832e+00 1.167217e-07 
3.539973e+00 1.172605e-07 
3.548134e+00 1.178017e-07 
3.556313e+00 1.183455e-07 
3.564511e+00 1.188918e-07 
3.572728e+00 1.194405e-07 
3.580964e+00 1.199918e-07 
3.589219e+00 1.205457e-07 
3.597493e+00 1.211021e-07 
3.605786e+00 1.216611e-07 
3.614099e+00 1.222227e-07 
3.622430e+00 1.227868e-07 
3.630781e+00 1.233536e-07 
3.639150e+00 1.239229e-07 
3.647539e+00 1.244949e-07 
3.655948e+00 1.250696e-07 
3.664376e+00 1.256469e-07 
3.672823e+00 1.262268e-07 
3.681290e+00 1.268095e-07 
3.689776e+00 1.273948e-07 
3.698282e+00 1.279828e-07 
3.706807e+00 1.285736e-07 
3.715352e+00 1.291670e-07 
3.723917e+00 1.297633e-07 
3.732502e+00 1.303622e-07 
3.741106e+00 1.309639e-07 
3.749730e+00 1.315684e-07 
3.758374e+00 1.321757e-07 
3.767038e+00 1.327858e-07 
3.775722e+00 1.333987e-07 
3.784426e+00 1.340145e-07 
3.793150e+00 1.346331e-07 
3.801894e+00 1.352545e-07 
3.810658e+00 1.358788e-07 
3.819443e+00 1.365060e-07 
3.828247e+00 1.371361e-07 
3.837072e+00 1.377691e-07 
3.845918e+00 1.384050e-07 
3.854784e+00 1.390438e-07 
3.863670e+00 1.396856e-07 
3.872576e+00 1.403304e-07 
3.881504e+00 1.409781e-07 
3.890451e+00 1.416288e-07 
3.899420e+00 1.422826e-07 
3.908409e+00 1.429393e-07 
3.917419e+00 1.435991e-07 
3.926449e+00 1.442619e-07 
3.935501e+00 1.449278e-07 
3.944573e+00 1.455968e-07 
3.953666e+00 1.462688e-07 
3.962780e+00 1.469440e-07 
3.971915e+00 1.476222e-07 
3.981072e+00 1.483036e-07 
3.990249e+00 1.489881e-07 
3.999447e+00 1.496758e-07 
4.008667e+00 1.503667e-07 
4.017908e+00 1.510608e-07 
4.027170e+00 1.517580e-07 
4.036454e+00 1.524585e-07 
4.045759e+00 1.531622e-07 
4.055085e+00 1.538692e-07 
4.064433e+00 1.545794e-07 
4.073803e+00 1.552929e-07 
4.083194e+00 1.560097e-07 
4.092607e+00 1.567299e-07 
4.102041e+00 1.574533e-07 
4.111497e+00 1.581801e-07 
4.120975e+00 1.589102e-07 
4.130475e+00 1.596437e-07 
4.139997e+00 1.603806e-07 
4.149540e+00 1.611208e-07 
4.159106e+00 1.618645e-07 
4.168694e+00 1.626117e-07 
4.178304e+00 1.633623e-07 
4.187936e+00 1.641163e-07 
4.197590e+00 1.648738e-07 
4.207266e+00 1.656349e-07 
4.216965e+00 1.663994e-07 
4.226686e+00 1.671675e-07 
4.236430e+00 1.679391e-07 
4.246196e+00 1.687142e-07 
4.255984e+00 1.694930e-07 
4.265795e+00 1.702753e-07 
4.275629e+00 1.710613e-07 
4.285485e+00 1.718509e-07 
4.295364e+00 1.726441e-07 
4.305266e+00 1.734410e-07 
4.315191e+00 1.742416e-07 
4.325138e+00 1.750458e-07 
4.335109e+00 1.758538e-07 
4.345102e+00 1.766655e-07 
4.355119e+00 1.774809e-07 
4.365158e+00 1.783002e-07 
4.375221e+00 1.791232e-07 
4.385307e+00 1.799499e-07 
4.395416e+00 1.807806e-07 
4.405549e+00 1.816150e-07 
4.415704e+00 1.824533e-07 
4.425884e+00 1.832955e-07 
4.436086e+00 1.841415e-07 
4.446313e+00 1.849915e-07 
4.456562e+00 1.858454e-07 
4.466836e+00 1.867032e-07 
4.477133e+00 1.875650e-07 
4.487454e+00 1.884307e-07 
4.497799e+00 1.893005e-07 
4.508167e+00 1.901743e-07 
4.518559e+00 1.910521e-07 
4.528976e+00 1.919339e-07 
4.539416e+00 1.928198e-07 
4.549881e+00 1.937099e-07 
4.560369e+00 1.946040e-07 
4.570882e+00 1.955022e-07 
4.581419e+00 1.964046e-07 
4.591980e+00 1.973112e-07 
4.602566e+00 1.982219e-07 
4.613176e+00 1.991369e-07 
4.623810e+00 2.000561e-07 
4.634469e+00 2.009795e-07 
4.645153e+00 2.019072e-07 
4.655861e+00 2.028391e-07 
4.666594e+00 2.037754e-07 
4.677351e+00 2.047160e-07 
4.688134e+00 2.056609e-07 
4.698941e+00 2.066102e-07 
4.709773e+00 2.075639e-07 
4.720630e+00 2.085219e-07 
4.731513e+00 2.094844e-07 
4.742420e+00 2.104514e-07 
4.753352e+00 2.114228e-07 
4.764310e+00 2.123986e-07 
4.775293e+00 2.133790e-07 
4.786301e+00 2.143639e-07 
4.797334e+00 2.153534e-07 
4.808393e+00 2.163474e-07 
4.819478e+00 2.173460e-07 
4.830588e+00 2.183493e-07 
4.841724e+00 2.193571e-07 
4.852885e+00 2.203696e-07 
4.864072e+00 2.213868e-07 
4.875285e+00 2.224087e-07 
4.886524e+00 2.234353e-07 
4.897788e+00 2.244666e-07 
4.909079e+00 2.255027e-07 
4.920395e+00 2.265436e-07 
4.931738e+00 2.275892e-07 
4.943107e+00 2.286397e-07 
4.954502e+00 2.296951e-07 
4.965923e+00 2.307553e-07 
4.977371e+00 2.318204e-07 
4.988845e+00 2.328905e-07 
5.000345e+00 2.339654e-07 
5.011872e+00 2.350454e-07 
5.023426e+00 2.361303e-07 
5.035006e+00 2.372202e-07 
5.046613e+00 2.383152e-07 
5.058247e+00 2.394152e-07 
5.069907e+00 2.405203e-07 
5.081594e+00 2.416305e-07 
5.093309e+00 2.427458e-07 
5.105050e+00 2.438663e-07 
5.116818e+00 2.449919e-07 
5.128614e+00 2.461227e-07 
5.140437e+00 2.472588e-07 
5.152286e+00 2.484001e-07 
5.164164e+00 2.495466e-07 
5.176068e+00 2.506985e-07 
5.188000e+00 2.518557e-07 
5.199960e+00 2.530182e-07 
5.211947e+00 2.541861e-07 
5.223962e+00 2.553593e-07 
5.236004e+00 2.565380e-07 
5.248075e+00 2.577221e-07 
5.260173e+00 2.589117e-07 
5.272299e+00 2.601068e-07 
5.284453e+00 2.613074e-07 
5.296634e+00 2.625136e-07 
5.308844e+00 2.637253e-07 
5.321083e+00 2.649426e-07 
5.333349e+00 2.661655e-07 
5.345644e+00 2.673940e-07 
5.357967e+00 2.686283e-07 
5.370318e+00 2.698682e-07 
5.382698e+00 2.711139e-07 
5.395106e+00 2.723653e-07 
5.407543e+00 2.736225e-07 
5.420009e+00 2.748854e-07 
5.432503e+00 2.761542e-07 
5.445027e+00 2.774289e-07 
5.457579e+00 2.787095e-07 
5.470160e+00 2.799959e-07 
5.482770e+00 2.812883e-07 
5.495409e+00 2.825867e-07 
5.508077e+00 2.838911e-07 
5.520774e+00 2.852015e-07 
5.533501e+00 2.865179e-07 
5.546257e+00 2.878404e-07 
5.559043e+00 2.891690e-07 
5.571857e+00 2.905037e-07 
5.584702e+00 2.918446e-07 
5.597576e+00 2.931917e-07 
5.610480e+00 2.945451e-07 
5.623413e+00 2.959046e-07 
5.636377e+00 2.972704e-07 
5.649370e+00 2.986426e-07 
5.662393e+00 3.000211e-07 
5.675446e+00 3.014059e-07 
5.688529e+00 3.027971e-07 
5.701643e+00 3.041948e-07 
5.714786e+00 3.055989e-07 
5.727960e+00 3.070094e-07 
5.741165e+00 3.084265e-07 
5.754399e+00 3.098502e-07 
5.767665e+00 3.112804e-07 
5.780960e+00 3.127172e-07 
5.794287e+00 3.141606e-07 
5.807644e+00 3.156107e-07 
5.821032e+00 3.170675e-07 
5.834451e+00 3.185310e-07 
5.847901e+00 3.200013e-07 
5.861382e+00 3.214783e-07 
5.874894e+00 3.229622e-07 
5.888437e+00 3.244530e-07 
5.902011e+00 3.259506e-07 
5.915616e+00 3.274551e-07 
5.929253e+00 3.289665e-07 
5.942922e+00 3.304850e-07 
5.956621e+00 3.320104e-07 
5.970353e+00 3.335429e-07 
5.984116e+00 3.350825e-07 
5.997911e+00 3.366292e-07 
6.011737e+00 3.381830e-07 
6.025596e+00 3.397439e-07 
6.039486e+00 3.413121e-07 
6.053409e+00 3.428876e-07 
6.067363e+00 3.444703e-07 
6.081350e+00 3.460603e-07 
6.095369e+00 3.476576e-07 
6.109420e+00 3.492623e-07 
6.123504e+00 3.508744e-07 
6.137620e+00 3.524940e-07 
6.151769e+00 3.541210e-07 
6.165950e+00 3.557556e-07 
6.180164e+00 3.573977e-07 
6.194411e+00 3.590474e-07 
6.208690e+00 3.607046e-07 
6.223003e+00 3.623696e-07 
6.237348e+00 3.640422e-07 
6.251727e+00 3.657225e-07 
6.266139e+00 3.674106e-07 
6.280584e+00 3.691065e-07 
6.295062e+00 3.708103e-07 
6.309573e+00 3.725218e-07 
6.324119e+00 3.742413e-07 
6.338697e+00 3.759687e-07 
6.353309e+00 3.777041e-07 
6.367955e+00 3.794475e-07 
6.382635e+00 3.811990e-07 
6.397348e+00 3.829585e-07 
6.412096e+00 3.847262e-07 
6.426877e+00 3.865020e-07 
6.441693e+00 3.882860e-07 
6.456542e+00 3.900782e-07 
6.471426e+00 3.918788e-07 
6.486344e+00 3.936876e-07 
6.501297e+00 3.955048e-07 
6.516284e+00 3.973303e-07 
6.531306e+00 3.991643e-07 
6.546362e+00 4.010068e-07 
6.561453e+00 4.028578e-07 
6.576578e+00 4.047173e-07 
6.591739e+00 4.065854e-07 
6.606934e+00 4.084621e-07 
6.622165e+00 4.103474e-07 
6.637431e+00 4.122415e-07 
6.652732e+00 4.141443e-07 
6.668068e+00 4.160559e-07 
6.683439e+00 4.179764e-07 
6.698846e+00 4.199057e-07 
6.714289e+00 4.218439e-07 
6.729767e+00 4.237910e-07 
6.745280e+00 4.257471e-07 
6.760830e+00 4.277123e-07 
6.776415e+00 4.296865e-07 
6.792036e+00 4.316699e-07 
6.807694e+00 4.336624e-07 
6.823387e+00 4.356641e-07 
6.839116e+00 4.376750e-07 
6.854882e+00 4.396952e-07 
6.870684e+00 4.417247e-07 
6.886523e+00 4.437637e-07 
6.902398e+00 4.458120e-07 
6.918310e+00 4.478698e-07 
6.934258e+00 4.499370e-07 
6.950243e+00 4.520138e-07 
6.966265e+00 4.541002e-07 
6.982324e+00 4.561963e-07 
6.998420e+00 4.583020e-07 
7.014553e+00 4.604174e-07 
7.030723e+00 4.625426e-07 
7.046931e+00 4.646776e-07 
7.063176e+00 4.668224e-07 
7.079458e+00 4.689772e-07 
7.095778e+00 4.711419e-07 
7.112135e+00 4.733166e-07 
7.128530e+00 4.755013e-07 
7.144963e+00 4.776961e-07 
7.161434e+00 4.799011e-07 
7.177943e+00 4.821162e-07 
7.194490e+00 4.843416e-07 
7.211075e+00 4.865772e-07 
7.227698e+00 4.888231e-07 
7.244360e+00 4.910794e-07 
7.261060e+00 4.933461e-07 
7.277798e+00 4.956233e-07 
7.294575e+00 4.979110e-07 
7.311391e+00 5.002093e-07 
7.328245e+00 5.025181e-07 
7.345139e+00 5.048376e-07 
7.362071e+00 5.071679e-07 
7.379042e+00 5.095088e-07 
7.396053e+00 5.118606e-07 
7.413102e+00 5.142233e-07 
7.430191e+00 5.165968e-07 
7.447320e+00 5.189813e-07 
7.464488e+00 5.213768e-07 
7.481695e+00 5.237834e-07 
7.498942e+00 5.262011e-07 
7.516229e+00 5.286299e-07 
7.533556e+00 5.310700e-07 
7.550922e+00 5.335213e-07 
7.568329e+00 5.359839e-07 
7.585776e+00 5.384579e-07 
7.603263e+00 5.409433e-07 
7.620790e+00 5.434402e-07 
7.638358e+00 5.459486e-07 
7.655966e+00 5.484686e-07 
7.673615e+00 5.510002e-07 
7.691304e+00 5.535435e-07 
7.709035e+00 5.560985e-07 
7.726806e+00 5.586653e-07 
7.744618e+00 5.612440e-07 
7.762471e+00 5.638346e-07 
7.780366e+00 5.664372e-07 
7.798301e+00 5.690517e-07 
7.816278e+00 5.716783e-07 
7.834296e+00 5.743171e-07 
7.852356e+00 5.769680e-07 
7.870458e+00 5.796312e-07 
7.888601e+00 5.823066e-07 
7.906786e+00 5.849944e-07 
7.925013e+00 5.876946e-07 
7.943282e+00 5.904073e-07 
7.961594e+00 5.931325e-07 
7.979947e+00 5.958703e-07 
7.998343e+00 5.986207e-07 
8.016781e+00 6.013838e-07 
8.035261e+00 6.041597e-07 
8.053784e+00 6.069483e-07 
8.072350e+00 6.097499e-07 
8.090959e+00 6.125644e-07 
8.109611e+00 6.153918e-07 
8.128305e+00 6.182324e-07 
8.147043e+00 6.210860e-07 
8.165824e+00 6.239528e-07 
8.184648e+00 6.268328e-07 
8.203515e+00 6.297262e-07 
8.222426e+00 6.326328e-07 
8.241381e+00 6.355529e-07 
8.260379e+00 6.384865e-07 
8.279422e+00 6.414336e-07 
8.298508e+00 6.443944e-07 
8.317638e+00 6.473688e-07 
8.336812e+00 6.503569e-07 
8.356030e+00 6.533588e-07 
8.375293e+00 6.563746e-07 
8.394600e+00 6.594042e-07 
8.413951e+00 6.624479e-07 
8.433348e+00 6.655056e-07 
8.452788e+00 6.685775e-07 
8.472274e+00 6.716635e-07 
8.491805e+00 6.747637e-07 
8.511380e+00 6.778783e-07 
8.531001e+00 6.810073e-07 
8.550667e+00 6.841506e-07 
8.570378e+00 6.873085e-07 
8.590135e+00 6.904810e-07 
8.609938e+00 6.936681e-07 
8.629785e+00 6.968699e-07 
8.649679e+00 7.000866e-07 
8.669619e+00 7.033180e-07 
8.689604e+00 7.065644e-07 
8.709636e+00 7.098257e-07 
8.729714e+00 7.131021e-07 
8.749838e+00 7.163937e-07 
8.770008e+00 7.197004e-07 
8.790225e+00 7.230224e-07 
8.810489e+00 7.263597e-07 
8.830799e+00 7.297124e-07 
8.851156e+00 7.330806e-07 
8.871560e+00 7.364644e-07 
8.892011e+00 7.398637e-07 
8.912509e+00 7.432788e-07 
8.933055e+00 7.467096e-07 
8.953648e+00 7.501563e-07 
8.974288e+00 7.536188e-07 
8.994976e+00 7.570974e-07 
9.015711e+00 7.605920e-07 
9.036495e+00 7.641027e-07 
9.057326e+00 7.676296e-07 
9.078205e+00 7.711729e-07 
9.099133e+00 7.747324e-07 
9.120108e+00 7.783084e-07 
9.141132e+00 7.819009e-07 
9.162205e+00 7.855100e-07 
9.183326e+00 7.891358e-07 
9.204496e+00 7.927783e-07 
9.225714e+00 7.964376e-07 
9.246982e+00 8.001138e-07 
9.268298e+00 8.038069e-07 
9.289664e+00 8.075171e-07 
9.311079e+00 8.112445e-07 
9.332543e+00 8.149890e-07 
9.354057e+00 8.187508e-07 
9.375620e+00 8.225300e-07 
9.397233e+00 8.263266e-07 
9.418896e+00 8.301408e-07 
9.440609e+00 8.339725e-07 
9.462372e+00 8.378220e-07 
9.484185e+00 8.416892e-07 
9.506048e+00 8.455742e-07 
9.527962e+00 8.494772e-07 
9.549926e+00 8.533982e-07 
9.571941e+00 8.573373e-07 
9.594006e+00 8.612946e-07 
9.616123e+00 8.652702e-07 
9.638290e+00 8.692641e-07 
9.660509e+00 8.732764e-07 
9.682779e+00 8.773073e-07 
9.705100e+00 8.813568e-07 
9.727472e+00 8.854249e-07 
9.749896e+00 8.895119e-07 
9.772372e+00 8.936177e-07 
9.794900e+00 8.977424e-07 
9.817479e+00 9.018862e-07 
9.840111e+00 9.060491e-07 
9.862795e+00 9.102313e-07 
9.885531e+00 9.144327e-07 
9.908319e+00 9.186535e-07 
9.931160e+00 9.228938e-07 
9.954054e+00 9.271537e-07 
9.977001e+00 9.314333e-07 
1.000000e+01 9.357326e-07 
1.002305e+01 9.400517e-07 
1.004616e+01 9.443908e-07 
1.006932e+01 9.487499e-07 
1.009253e+01 9.531291e-07 
1.011579e+01 9.575286e-07 
1.013911e+01 9.619483e-07 
1.016249e+01 9.663885e-07 
1.018591e+01 9.708491e-07 
1.020939e+01 9.753304e-07 
1.023293e+01 9.798323e-07 
1.025652e+01 9.843550e-07 
1.028016e+01 9.888986e-07 
1.030386e+01 9.934631e-07 
1.032761e+01 9.980487e-07 
1.035142e+01 1.002656e-06 
1.037528e+01 1.007284e-06 
1.039920e+01 1.011933e-06 
1.042317e+01 1.016604e-06 
1.044720e+01 1.021296e-06 
1.047129e+01 1.026010e-06 
1.049542e+01 1.030746e-06 
1.051962e+01 1.035504e-06 
1.054387e+01 1.040284e-06 
1.056818e+01 1.045085e-06 
1.059254e+01 1.049909e-06 
1.061696e+01 1.054755e-06 
1.064143e+01 1.059624e-06 
1.066596e+01 1.064515e-06 
1.069055e+01 1.069428e-06 
1.071519e+01 1.074365e-06 
1.073989e+01 1.079324e-06 
1.076465e+01 1.084306e-06 
1.078947e+01 1.089311e-06 
1.081434e+01 1.094339e-06 
1.083927e+01 1.099390e-06 
1.086426e+01 1.104464e-06 
1.088930e+01 1.109562e-06 
1.091440e+01 1.114684e-06 
1.093956e+01 1.119829e-06 
1.096478e+01 1.124998e-06 
1.099006e+01 1.130191e-06 
1.101539e+01 1.135407e-06 
1.104079e+01 1.140648e-06 
1.106624e+01 1.145913e-06 
1.109175e+01 1.151203e-06 
1.111732e+01 1.156516e-06 
1.114295e+01 1.161855e-06 
1.116863e+01 1.167217e-06 
1.119438e+01 1.172605e-06 
1.122018e+01 1.178018e-06 
1.124605e+01 1.183455e-06 
1.127197e+01 1.188918e-06 
1.129796e+01 1.194405e-06 
1.132400e+01 1.199919e-06 
1.135011e+01 1.205457e-06 
1.137627e+01 1.211021e-06 
1.140250e+01 1.216611e-06 
1.142878e+01 1.222227e-06 
1.145513e+01 1.227868e-06 
1.148154e+01 1.233536e-06 
1.150800e+01 1.239230e-06 
1.153453e+01 1.244950e-06 
1.156112e+01 1.250696e-06 
1.158777e+01 1.256469e-06 
1.161449e+01 1.262269e-06 
1.164126e+01 1.268095e-06 
1.166810e+01 1.273948e-06 
1.169499e+01 1.279828e-06 
1.172195e+01 1.285736e-06 
1.174898e+01 1.291671e-06 
1.177606e+01 1.297633e-06 
1.180321e+01 1.303622e-06 
1.183042e+01 1.309639e-06 
1.185769e+01 1.315684e-06 
1.188502e+01 1.321757e-06 
1.191242e+01 1.327858e-06 
1.193988e+01 1.333987e-06 
1.196741e+01 1.340145e-06 
1.199499e+01 1.346331e-06 
1.202264e+01 1.352545e-06 
1.205036e+01 1.358788e-06 
1.207814e+01 1.365060e-06 
1.210598e+01 1.371361e-06 
1.213389e+01 1.377691e-06 
1.216186e+01 1.384050e-06 
1.218990e+01 1.390438e-06 
1.221800e+01 1.396856e-06 
1.224616e+01 1.403304e-06 
1.227439e+01 1.409781e-06 
1.230269e+01 1.416289e-06 
1.233105e+01 1.422826e-06 
1.235947e+01 1.429393e-06 
1.238797e+01 1.435991e-06 
1.241652e+01 1.442619e-06 
1.244515e+01 1.449278e-06 
1.247384e+01 1.455968e-06 
1.250259e+01 1.462688e-06 
1.253141e+01 1.469440e-06 
1.256030e+01 1.476222e-06 
1.258925e+01 1.483036e-06 
1.261828e+01 1.489882e-06 
1.264736e+01 1.496759e-06 
1.267652e+01 1.503667e-06 
1.270574e+01 1.510608e-06 
1.273503e+01 1.517581e-06 
1.276439e+01 1.524585e-06 
1.279381e+01 1.531623e-06 
1.282331e+01 1.538692e-06 
1.285287e+01 1.545794e-06 
1.288250e+01 1.552930e-06 
1.291219e+01 1.560098e-06 
1.294196e+01 1.567299e-06 
1.297179e+01 1.574533e-06 
1.300170e+01 1.581801e-06 
1.303167e+01 1.589102e-06 
1.306171e+01 1.596437e-06 
1.309182e+01 1.603806e-06 
1.312200e+01 1.611209e-06 
1.315225e+01 1.618646e-06 
1.318257e+01 1.626117e-06 
1.321296e+01 1.633623e-06 
1.324342e+01 1.641163e-06 
1.327394e+01 1.648738e-06 
1.330454e+01 1.656349e-06 
1.333521e+01 1.663994e-06 
1.336596e+01 1.671675e-06 
1.339677e+01 1.679391e-06 
1.342765e+01 1.687142e-06 
1.345860e+01 1.694930e-06 
1.348963e+01 1.702753e-06 
1.352073e+01 1.710613e-06 
1.355189e+01 1.718509e-06 
1.358313e+01 1.726441e-06 
1.361445e+01 1.734410e-06 
1.364583e+01 1.742416e-06 
1.367729e+01 1.750458e-06 
1.370882e+01 1.758538e-06 
1.374042e+01 1.766655e-06 
1.377209e+01 1.774810e-06 
1.380384e+01 1.783002e-06 
1.383566e+01 1.791232e-06 
1.386756e+01 1.799500e-06 
1.389953e+01 1.807806e-06 
1.393157e+01 1.816150e-06 
1.396368e+01 1.824533e-06 
1.399587e+01 1.832955e-06 
1.402814e+01 1.841415e-06 
1.406048e+01 1.849915e-06 
1.409289e+01 1.858454e-06 
1.412538e+01 1.867032e-06 
1.415794e+01 1.875650e-06 
1.419058e+01 1.884307e-06 
1.422329e+01 1.893005e-06 
1.425608e+01 1.901743e-06 
1.428894e+01 1.910521e-06 
1.432188e+01 1.919339e-06 
1.435489e+01 1.928199e-06 
1.438799e+01 1.937099e-06 
1.442115e+01 1.946040e-06 
1.445440e+01 1.955023e-06 
1.448772e+01 1.964047e-06 
1.452112e+01 1.973112e-06 
1.455459e+01 1.982220e-06 
1.458814e+01 1.991369e-06 
1.462177e+01 2.000561e-06 
1.465548e+01 2.009795e-06 
1.468926e+01 2.019072e-06 
1.472313e+01 2.028391e-06 
1.475707e+01 2.037754e-06 
1.479108e+01 2.047160e-06 
1.482518e+01 2.056609e-06 
1.485936e+01 2.066102e-06 
1.489361e+01 2.075639e-06 
1.492794e+01 2.085219e-06 
1.496236e+01 2.094844e-06 
1.499685e+01 2.104514e-06 
1.503142e+01 2.114228e-06 
1.506607e+01 2.123987e-06 
1.510080e+01 2.133790e-06 
1.513561e+01 2.143640e-06 
1.517050e+01 2.153534e-06 
1.520548e+01 2.163474e-06 
1.524053e+01 2.173461e-06 
1.527566e+01 2.183493e-06 
1.531087e+01 2.193571e-06 
1.534617e+01 2.203696e-06 
1.538155e+01 2.213868e-06 
1.541700e+01 2.224087e-06 
1.545254e+01 2.234353e-06 
1.548817e+01 2.244666e-06 
1.552387e+01 2.255027e-06 
1.555966e+01 2.265436e-06 
1.559553e+01 2.275893e-06 
1.563148e+01 2.286398e-06 
1.566751e+01 2.296951e-06 
1.570363e+01 2.307553e-06 
1.573983e+01 2.318205e-06 
1.577611e+01 2.328905e-06 
1.581248e+01 2.339655e-06 
1.584893e+01 2.350454e-06 
1.588547e+01 2.361303e-06 
1.592209e+01 2.372203e-06 
1.595879e+01 2.383152e-06 
1.599558e+01 2.394152e-06 
1.603245e+01 2.405203e-06 
1.606941e+01 2.416305e-06 
1.610646e+01 2.427458e-06 
1.614359e+01 2.438663e-06 
1.618080e+01 2.449919e-06 
1.621810e+01 2.461228e-06 
1.625549e+01 2.472588e-06 
1.629296e+01 2.484001e-06 
1.633052e+01 2.495467e-06 
1.636817e+01 2.506985e-06 
1.640590e+01 2.518557e-06 
1.644372e+01 2.530182e-06 
1.648162e+01 2.541861e-06 
1.651962e+01 2.553594e-06 
1.655770e+01 2.565380e-06 
1.659587e+01 2.577222e-06 
1.663413e+01 2.589118e-06 
1.667247e+01 2.601068e-06 
1.671091e+01 2.613074e-06 
1.674943e+01 2.625136e-06 
1.678804e+01 2.637253e-06 
1.682674e+01 2.649426e-06 
1.686553e+01 2.661655e-06 
1.690441e+01 2.673941e-06 
1.694338e+01 2.686283e-06 
1.698244e+01 2.698682e-06 
1.702159e+01 2.711139e-06 
1.706082e+01 2.723653e-06 
1.710015e+01 2.736225e-06 
1.713957e+01 2.748855e-06 
1.717908e+01 2.761543e-06 
1.721869e+01 2.774290e-06 
1.725838e+01 2.787095e-06 
1.729816e+01 2.799960e-06 
1.733804e+01 2.812884e-06 
1.737801e+01 2.825867e-06 
1.741807e+01 2.838911e-06 
1.745822e+01 2.852015e-06 
1.749847e+01 2.865179e-06 
1.753881e+01 2.878404e-06 
1.757924e+01 2.891690e-06 
1.761976e+01 2.905038e-06 
1.766038e+01 2.918447e-06 
1.770109e+01 2.931918e-06 
1.774189e+01 2.945451e-06 
1.778279e+01 2.959047e-06 
1.782379e+01 2.972705e-06 
1.786488e+01 2.986426e-06 
1.790606e+01 3.000211e-06 
1.794734e+01 3.014059e-06 
1.798871e+01 3.027972e-06 
1.803018e+01 3.041948e-06 
1.807174e+01 3.055989e-06 
1.811340e+01 3.070095e-06 
1.815516e+01 3.084266e-06 
1.819701e+01 3.098502e-06 
1.823896e+01 3.112804e-06 
1.828100e+01 3.127172e-06 
1.832314e+01 3.141607e-06 
1.836538e+01 3.156108e-06 
1.840772e+01 3.170675e-06 
1.845015e+01 3.185311e-06 
1.849269e+01 3.200013e-06 
1.853532e+01 3.214784e-06 
1.857804e+01 3.229623e-06 
1.862087e+01 3.244530e-06 
1.866380e+01 3.259506e-06 
1.870682e+01 3.274551e-06 
1.874995e+01 3.289666e-06 
1.879317e+01 3.304850e-06 
1.883649e+01 3.320105e-06 
1.887991e+01 3.335430e-06 
1.892344e+01 3.350825e-06 
1.896706e+01 3.366292e-06 
1.901078e+01 3.381830e-06 
1.905461e+01 3.397440e-06 
1.909853e+01 3.413122e-06 
1.914256e+01 3.428876e-06 
1.918669e+01 3.444703e-06 
1.923092e+01 3.460603e-06 
1.927525e+01 3.476577e-06 
1.931968e+01 3.492624e-06 
1.936422e+01 3.508745e-06 
1.940886e+01 3.524941e-06 
1.945360e+01 3.541211e-06 
1.949845e+01 3.557556e-06 
1.954339e+01 3.573977e-06 
1.958845e+01 3.590474e-06 
1.963360e+01 3.607047e-06 
1.967886e+01 3.623696e-06 
1.972423e+01 3.640423e-06 
1.976970e+01 3.657226e-06 
1.981527e+01 3.674107e-06 
1.986095e+01 3.691066e-06 
1.990673e+01 3.708103e-06 
1.995262e+01 3.725219e-06 
1.999862e+01 3.742414e-06 
2.004472e+01 3.759688e-06 
2.009093e+01 3.777042e-06 
2.013724e+01 3.794476e-06 
2.018366e+01 3.811991e-06 
2.023019e+01 3.829586e-06 
2.027683e+01 3.847262e-06 
2.032357e+01 3.865021e-06 
2.037042e+01 3.882861e-06 
2.041738e+01 3.900783e-06 
2.046445e+01 3.918788e-06 
2.051162e+01 3.936877e-06 
2.055891e+01 3.955049e-06 
2.060630e+01 3.973304e-06 
2.065380e+01 3.991644e-06 
2.070141e+01 4.010069e-06 
2.074914e+01 4.028578e-06 
2.079697e+01 4.047173e-06 
2.084491e+01 4.065854e-06 
2.089296e+01 4.084621e-06 
2.094112e+01 4.103475e-06 
2.098940e+01 4.122416e-06 
2.103778e+01 4.141444e-06 
2.108628e+01 4.160560e-06 
2.113489e+01 4.179765e-06 
2.118361e+01 4.199057e-06 
2.123244e+01 4.218439e-06 
2.128139e+01 4.237911e-06 
2.133045e+01 4.257472e-06 
2.137962e+01 4.277124e-06 
2.142891e+01 4.296866e-06 
2.147830e+01 4.316700e-06 
2.152782e+01 4.336625e-06 
2.157744e+01 4.356641e-06 
2.162719e+01 4.376751e-06 
2.167704e+01 4.396953e-06 
2.172701e+01 4.417248e-06 
2.177710e+01 4.437638e-06 
2.182730e+01 4.458121e-06 
2.187762e+01 4.478698e-06 
2.192805e+01 4.499371e-06 
2.197860e+01 4.520139e-06 
2.202926e+01 4.541003e-06 
2.208005e+01 4.561964e-06 
2.213095e+01 4.583021e-06 
2.218196e+01 4.604175e-06 
2.223310e+01 4.625427e-06 
2.228435e+01 4.646777e-06 
2.233572e+01 4.668226e-06 
2.238721e+01 4.689773e-06 
2.243882e+01 4.711420e-06 
2.249055e+01 4.733167e-06 
2.254239e+01 4.755014e-06 
2.259436e+01 4.776963e-06 
2.264644e+01 4.799012e-06 
2.269865e+01 4.821163e-06 
2.275097e+01 4.843417e-06 
2.280342e+01 4.865773e-06 
2.285599e+01 4.888232e-06 
2.290868e+01 4.910795e-06 
2.296149e+01 4.933463e-06 
2.301442e+01 4.956234e-06 
2.306747e+01 4.979111e-06 
2.312065e+01 5.002094e-06 
2.317395e+01 5.025183e-06 
2.322737e+01 5.048378e-06 
2.328091e+01 5.071680e-06 
2.333458e+01 5.095090e-06 
2.338837e+01 5.118608e-06 
2.344229e+01 5.142234e-06 
2.349633e+01 5.165970e-06 
2.355049e+01 5.189815e-06 
2.360478e+01 5.213770e-06 
2.365920e+01 5.237835e-06 
2.371374e+01 5.262012e-06 
2.376840e+01 5.286300e-06 
2.382319e+01 5.310701e-06 
2.387811e+01 5.335214e-06 
2.393316e+01 5.359840e-06 
2.398833e+01 5.384580e-06 
2.404363e+01 5.409434e-06 
2.409905e+01 5.434403e-06 
2.415461e+01 5.459487e-06 
2.421029e+01 5.484687e-06 
2.426610e+01 5.510003e-06 
2.432204e+01 5.535436e-06 
2.437811e+01 5.560987e-06 
2.443431e+01 5.586655e-06 
2.449063e+01 5.612442e-06 
2.454709e+01 5.638348e-06 
2.460368e+01 5.664373e-06 
2.466039e+01 5.690519e-06 
2.471724e+01 5.716785e-06 
2.477422e+01 5.743172e-06 
2.483133e+01 5.769682e-06 
2.488857e+01 5.796313e-06 
2.494595e+01 5.823068e-06 
2.500345e+01 5.849946e-06 
2.506109e+01 5.876948e-06 
2.511886e+01 5.904075e-06 
2.517677e+01 5.931327e-06 
2.523481e+01 5.958705e-06 
2.529298e+01 5.986209e-06 
2.535129e+01 6.013840e-06 
2.540973e+01 6.041599e-06 
2.546830e+01 6.069485e-06 
2.552701e+01 6.097501e-06 
2.558586e+01 6.125646e-06 
2.564484e+01 6.153920e-06 
2.570396e+01 6.182325e-06 
2.576321e+01 6.210862e-06 
2.582260e+01 6.239530e-06 
2.588213e+01 6.268330e-06 
2.594179e+01 6.297264e-06 
2.600160e+01 6.326330e-06 
2.606154e+01 6.355531e-06 
2.612161e+01 6.384867e-06 
2.618183e+01 6.414338e-06 
2.624219e+01 6.443946e-06 
2.630268e+01 6.473690e-06 
2.636331e+01 6.503571e-06 
2.642409e+01 6.533590e-06 
2.648500e+01 6.563748e-06 
2.654606e+01 6.594045e-06 
2.660725e+01 6.624481e-06 
2.666859e+01 6.655059e-06 
2.673006e+01 6.685777e-06 
2.679168e+01 6.716637e-06 
2.685344e+01 6.747640e-06 
2.691535e+01 6.778785e-06 
2.697739e+01 6.810075e-06 
2.703958e+01 6.841509e-06 
2.710192e+01 6.873088e-06 
2.716439e+01 6.904812e-06 
2.722701e+01 6.936684e-06 
2.728978e+01 6.968702e-06 
2.735269e+01 7.000868e-06 
2.741574e+01 7.033183e-06 
2.747894e+01 7.065646e-06 
2.754229e+01 7.098260e-06 
2.760578e+01 7.131024e-06 
2.766942e+01 7.163939e-06 
2.773320e+01 7.197006e-06 
2.779713e+01 7.230226e-06 
2.786121e+01 7.263600e-06 
2.792544e+01 7.297127e-06 
2.798981e+01 7.330809e-06 
2.805434e+01 7.364646e-06 
2.811901e+01 7.398640e-06 
2.818383e+01 7.432791e-06 
2.824880e+01 7.467099e-06 
2.831392e+01 7.501565e-06 
2.837919e+01 7.536191e-06 
2.844461e+01 7.570977e-06 
2.851018e+01 7.605923e-06 
2.857591e+01 7.641030e-06 
2.864178e+01 7.676299e-06 
2.870781e+01 7.711732e-06 
2.877398e+01 7.747327e-06 
2.884032e+01 7.783087e-06 
2.890680e+01 7.819012e-06 
2.897344e+01 7.855103e-06 
2.904023e+01 7.891361e-06 
2.910717e+01 7.927786e-06 
2.917427e+01 7.964379e-06 
2.924152e+01 8.001141e-06 
2.930893e+01 8.038072e-06 
2.937650e+01 8.075174e-06 
2.944422e+01 8.112448e-06 
2.951209e+01 8.149893e-06 
2.958012e+01 8.187511e-06 
2.964831e+01 8.225303e-06 
2.971666e+01 8.263269e-06 
2.978516e+01 8.301411e-06 
2.985383e+01 8.339729e-06 
2.992265e+01 8.378223e-06 
2.999163e+01 8.416895e-06 
3.006076e+01 8.455746e-06 
3.013006e+01 8.494776e-06 
3.019952e+01 8.533986e-06 
3.026913e+01 8.573377e-06 
3.033891e+01 8.612950e-06 
3.040885e+01 8.652706e-06 
3.047895e+01 8.692645e-06 
3.054921e+01 8.732768e-06 
3.061963e+01 8.773077e-06 
3.069022e+01 8.813571e-06 
3.076097e+01 8.854253e-06 
3.083188e+01 8.895122e-06 
3.090295e+01 8.936180e-06 
3.097419e+01 8.977428e-06 
3.104560e+01 9.018866e-06 
3.111716e+01 9.060495e-06 
3.118890e+01 9.102317e-06 
3.126079e+01 9.144331e-06 
3.133286e+01 9.186539e-06 
3.140509e+01 9.228942e-06 
3.147748e+01 9.271541e-06 
3.155005e+01 9.314337e-06 
3.162278e+01 9.357330e-06 
3.169567e+01 9.400521e-06 
3.176874e+01 9.443912e-06 
3.184198e+01 9.487503e-06 
3.191538e+01 9.531296e-06 
3.198895e+01 9.575290e-06 
3.206269e+01 9.619488e-06 
3.213661e+01 9.663889e-06 
3.221069e+01 9.708496e-06 
3.228494e+01 9.753308e-06 
3.235937e+01 9.798328e-06 
3.243396e+01 9.843555e-06 
3.250873e+01 9.888990e-06 
3.258367e+01 9.934636e-06 
3.265878e+01 9.980492e-06 
3.273407e+01 1.002656e-05 
3.280953e+01 1.007284e-05 
3.288516e+01 1.011933e-05 
3.296097e+01 1.016604e-05 
3.303695e+01 1.021297e-05 
3.311311e+01 1.026011e-05 
3.318945e+01 1.030747e-05 
3.326596e+01 1.035504e-05 
3.334264e+01 1.040284e-05 
3.341950e+01 1.045086e-05 
3.349654e+01 1.049910e-05 
3.357376e+01 1.054756e-05 
3.365116e+01 1.059624e-05 
3.372873e+01 1.064515e-05 
3.380648e+01 1.069429e-05 
3.388442e+01 1.074365e-05 
3.396253e+01 1.079324e-05 
3.404082e+01 1.084306e-05 
3.411929e+01 1.089311e-05 
3.419794e+01 1.094339e-05 
3.427678e+01 1.099391e-05 
3.435579e+01 1.104465e-05 
3.443499e+01 1.109563e-05 
3.451437e+01 1.114685e-05 
3.459394e+01 1.119830e-05 
3.467369e+01 1.124999e-05 
3.475362e+01 1.130191e-05 
3.483373e+01 1.135408e-05 
3.491403e+01 1.140649e-05 
3.499452e+01 1.145914e-05 
3.507519e+01 1.151203e-05 
3.515604e+01 1.156517e-05 
3.523709e+01 1.161855e-05 
3.531832e+01 1.167218e-05 
3.539973e+01 1.172606e-05 
3.548134e+01 1.178018e-05 
3.556313e+01 1.183456e-05 
3.564511e+01 1.188918e-05 
3.572728e+01 1.194406e-05 
3.580964e+01 1.199919e-05 
3.589219e+01 1.205458e-05 
3.597493e+01 1.211022e-05 
3.605786e+01 1.216612e-05 
3.614099e+01 1.222227e-05 
3.622430e+01 1.227869e-05 
3.630781e+01 1.233537e-05 
3.639150e+01 1.239230e-05 
3.647539e+01 1.244950e-05 
3.655948e+01 1.250697e-05 
3.664376e+01 1.256470e-05 
3.672823e+01 1.262269e-05 
3.681290e+01 1.268096e-05 
3.689776e+01 1.273949e-05 
3.698282e+01 1.279829e-05 
3.706807e+01 1.285737e-05 
3.715352e+01 1.291671e-05 
3.723917e+01 1.297633e-05 
3.732502e+01 1.303623e-05 
3.741106e+01 1.309640e-05 
3.749730e+01 1.315685e-05 
3.758374e+01 1.321758e-05 
3.767038e+01 1.327859e-05 
3.775722e+01 1.333988e-05 
3.784426e+01 1.340146e-05 
3.793150e+01 1.346332e-05 
3.801894e+01 1.352546e-05 
3.810658e+01 1.358789e-05 
3.819443e+01 1.365061e-05 
3.828247e+01 1.371362e-05 
3.837072e+01 1.377692e-05 
3.845918e+01 1.384051e-05 
3.854784e+01 1.390439e-05 
3.863670e+01 1.396857e-05 
3.872576e+01 1.403305e-05 
3.881504e+01 1.409782e-05 
3.890451e+01 1.416290e-05 
3.899420e+01 1.422827e-05 
3.908409e+01 1.429394e-05 
3.917419e+01 1.435992e-05 
3.926449e+01 1.442620e-05 
3.935501e+01 1.449279e-05 
3.944573e+01 1.455969e-05 
3.953666e+01 1.462689e-05 
3.962780e+01 1.469441e-05 
3.971915e+01 1.476223e-05 
3.981072e+01 1.483037e-05 
3.990249e+01 1.489883e-05 
3.999447e+01 1.496760e-05 
4.008667e+01 1.503668e-05 
4.017908e+01 1.510609e-05 
4.027170e+01 1.517582e-05 
4.036454e+01 1.524587e-05 
4.045759e+01 1.531624e-05 
4.055085e+01 1.538693e-05 
4.064433e+01 1.545796e-05 
4.073803e+01 1.552931e-05 
4.083194e+01 1.560099e-05 
4.092607e+01 1.567300e-05 
4.102041e+01 1.574534e-05 
4.111497e+01 1.581802e-05 
4.120975e+01 1.589103e-05 
4.130475e+01 1.596438e-05 
4.139997e+01 1.603807e-05 
4.149540e+01 1.611210e-05 
4.159106e+01 1.618647e-05 
4.168694e+01 1.626118e-05 
4.178304e+01 1.633624e-05 
4.187936e+01 1.641164e-05 
4.197590e+01 1.648740e-05 
4.207266e+01 1.656350e-05 
4.216965e+01 1.663995e-05 
4.226686e+01 1.671676e-05 
4.236430e+01 1.679392e-05 
4.246196e+01 1.687144e-05 
4.255984e+01 1.694931e-05 
4.265795e+01 1.702755e-05 
4.275629e+01 1.710614e-05 
4.285485e+01 1.718510e-05 
4.295364e+01 1.726443e-05 
4.305266e+01 1.734411e-05 
4.315191e+01 1.742417e-05 
4.325138e+01 1.750460e-05 
4.335109e+01 1.758540e-05 
4.345102e+01 1.766657e-05 
4.355119e+01 1.774811e-05 
4.365158e+01 1.783003e-05 
4.375221e+01 1.791233e-05 
4.385307e+01 1.799501e-05 
4.395416e+01 1.807807e-05 
4.405549e+01 1.816152e-05 
4.415704e+01 1.824535e-05 
4.425884e+01 1.832956e-05 
4.436086e+01 1.841417e-05 
4.446313e+01 1.849917e-05 
4.456562e+01 1.858455e-05 
4.466836e+01 1.867034e-05 
4.477133e+01 1.875652e-05 
4.487454e+01 1.884309e-05 
4.497799e+01 1.893007e-05 
4.508167e+01 1.901745e-05 
4.518559e+01 1.910523e-05 
4.528976e+01 1.919341e-05 
4.539416e+01 1.928200e-05 
4.549881e+01 1.937101e-05 
4.560369e+01 1.946042e-05 
4.570882e+01 1.955024e-05 
4.581419e+01 1.964048e-05 
4.591980e+01 1.973114e-05 
4.602566e+01 1.982222e-05 
4.613176e+01 1.991371e-05 
4.623810e+01 2.000563e-05 
4.634469e+01 2.009797e-05 
4.645153e+01 2.019074e-05 
4.655861e+01 2.028393e-05 
4.666594e+01 2.037756e-05 
4.677351e+01 2.047162e-05 
4.688134e+01 2.056611e-05 
4.698941e+01 2.066104e-05 
4.709773e+01 2.075641e-05 
4.720630e+01 2.085222e-05 
4.731513e+01 2.094847e-05 
4.742420e+01 2.104516e-05 
4.753352e+01 2.114230e-05 
4.764310e+01 2.123989e-05 
4.775293e+01 2.133793e-05 
4.786301e+01 2.143642e-05 
4.797334e+01 2.153536e-05 
4.808393e+01 2.163477e-05 
4.819478e+01 2.173463e-05 
4.830588e+01 2.183495e-05 
4.841724e+01 2.193574e-05 
4.852885e+01 2.203699e-05 
4.864072e+01 2.213871e-05 
4.875285e+01 2.224089e-05 
4.886524e+01 2.234355e-05 
4.897788e+01 2.244669e-05 
4.909079e+01 2.255030e-05 
4.920395e+01 2.265438e-05 
4.931738e+01 2.275895e-05 
4.943107e+01 2.286400e-05 
4.954502e+01 2.296954e-05 
4.965923e+01 2.307556e-05 
4.977371e+01 2.318207e-05 
4.988845e+01 2.328908e-05 
5.000345e+01 2.339657e-05 
5.011872e+01 2.350457e-05 
5.023426e+01 2.361306e-05 
5.035006e+01 2.372205e-05 
5.046613e+01 2.383155e-05 
5.058247e+01 2.394155e-05 
5.069907e+01 2.405206e-05 
5.081594e+01 2.416308e-05 
5.093309e+01 2.427461e-05 
5.105050e+01 2.438666e-05 
5.116818e+01 2.449922e-05 
5.128614e+01 2.461231e-05 
5.140437e+01 2.472591e-05 
5.152286e+01 2.484004e-05 
5.164164e+01 2.495470e-05 
5.176068e+01 2.506988e-05 
5.188000e+01 2.518560e-05 
5.199960e+01 2.530185e-05 
5.211947e+01 2.541864e-05 
5.223962e+01 2.553597e-05 
5.236004e+01 2.565384e-05 
5.248075e+01 2.577225e-05 
5.260173e+01 2.589121e-05 
5.272299e+01 2.601072e-05 
5.284453e+01 2.613078e-05 
5.296634e+01 2.625139e-05 
5.308844e+01 2.637256e-05 
5.321083e+01 2.649429e-05 
5.333349e+01 2.661659e-05 
5.345644e+01 2.673944e-05 
5.357967e+01 2.686287e-05 
5.370318e+01 2.698686e-05 
5.382698e+01 2.711143e-05 
5.395106e+01 2.723657e-05 
5.407543e+01 2.736229e-05 
5.420009e+01 2.748858e-05 
5.432503e+01 2.761547e-05 
5.445027e+01 2.774293e-05 
5.457579e+01 2.787099e-05 
5.470160e+01 2.799964e-05 
5.482770e+01 2.812888e-05 
5.495409e+01 2.825871e-05 
5.508077e+01 2.838915e-05 
5.520774e+01 2.852019e-05 
5.533501e+01 2.865183e-05 
5.546257e+01 2.878408e-05 
5.559043e+01 2.891694e-05 
5.571857e+01 2.905042e-05 
5.584702e+01 2.918451e-05 
5.597576e+01 2.931922e-05 
5.610480e+01 2.945455e-05 
5.623413e+01 2.959051e-05 
5.636377e+01 2.972709e-05 
5.649370e+01 2.986431e-05 
5.662393e+01 3.000215e-05 
5.675446e+01 3.014064e-05 
5.688529e+01 3.027976e-05 
5.701643e+01 3.041953e-05 
5.714786e+01 3.055994e-05 
5.727960e+01 3.070099e-05 
5.741165e+01 3.084270e-05 
5.754399e+01 3.098507e-05 
5.767665e+01 3.112809e-05 
5.780960e+01 3.127177e-05 
5.794287e+01 3.141611e-05 
5.807644e+01 3.156112e-05 
5.821032e+01 3.170680e-05 
5.834451e+01 3.185316e-05 
5.847901e+01 3.200018e-05 
5.861382e+01 3.214789e-05 
5.874894e+01 3.229628e-05 
5.888437e+01 3.244535e-05 
5.902011e+01 3.259511e-05 
5.915616e+01 3.274557e-05 
5.929253e+01 3.289671e-05 
5.942922e+01 3.304856e-05 
5.956621e+01 3.320110e-05 
5.970353e+01 3.335435e-05 
5.984116e+01 3.350831e-05 
5.997911e+01 3.366298e-05 
6.011737e+01 3.381836e-05 
6.025596e+01 3.397446e-05 
6.039486e+01 3.413128e-05 
6.053409e+01 3.428882e-05 
6.067363e+01 3.444709e-05 
6.081350e+01 3.460609e-05 
6.095369e+01 3.476583e-05 
6.109420e+01 3.492630e-05 
6.123504e+01 3.508751e-05 
6.137620e+01 3.524947e-05 
6.151769e+01 3.541217e-05 
6.165950e+01 3.557563e-05 
6.180164e+01 3.573984e-05 
6.194411e+01 3.590480e-05 
6.208690e+01 3.607053e-05 
6.223003e+01 3.623703e-05 
6.237348e+01 3.640429e-05 
6.251727e+01 3.657233e-05 
6.266139e+01 3.674114e-05 
6.280584e+01 3.691073e-05 
6.295062e+01 3.708110e-05 
6.309573e+01 3.725226e-05 
6.324119e+01 3.742421e-05 
6.338697e+01 3.759695e-05 
6.353309e+01 3.777049e-05 
6.367955e+01 3.794483e-05 
6.382635e+01 3.811998e-05 
6.397348e+01 3.829593e-05 
6.412096e+01 3.847270e-05 
6.426877e+01 3.865028e-05 
6.441693e+01 3.882868e-05 
6.456542e+01 3.900791e-05 
6.471426e+01 3.918796e-05 
6.486344e+01 3.936884e-05 
6.501297e+01 3.955056e-05 
6.516284e+01 3.973312e-05 
6.531306e+01 3.991652e-05 
6.546362e+01 4.010077e-05 
6.561453e+01 4.028586e-05 
6.576578e+01 4.047181e-05 
6.591739e+01 4.065862e-05 
6.606934e+01 4.084630e-05 
6.622165e+01 4.103483e-05 
6.637431e+01 4.122424e-05 
6.652732e+01 4.141453e-05 
6.668068e+01 4.160569e-05 
6.683439e+01 4.179773e-05 
6.698846e+01 4.199066e-05 
6.714289e+01 4.218448e-05 
6.729767e+01 4.237920e-05 
6.745280e+01 4.257481e-05 
6.760830e+01 4.277133e-05 
6.776415e+01 4.296875e-05 
6.792036e+01 4.316709e-05 
6.807694e+01 4.336634e-05 
6.823387e+01 4.356651e-05 
6.839116e+01 4.376760e-05 
6.854882e+01 4.396962e-05 
6.870684e+01 4.417258e-05 
6.886523e+01 4.437647e-05 
6.902398e+01 4.458130e-05 
6.918310e+01 4.478708e-05 
6.934258e+01 4.499381e-05 
6.950243e+01 4.520149e-05 
6.966265e+01 4.541013e-05 
6.982324e+01 4.561974e-05 
6.998420e+01 4.583031e-05 
7.014553e+01 4.604185e-05 
7.030723e+01 4.625437e-05 
7.046931e+01 4.646788e-05 
7.063176e+01 4.668236e-05 
7.079458e+01 4.689784e-05 
7.095778e+01 4.711431e-05 
7.112135e+01 4.733178e-05 
7.128530e+01 4.755025e-05 
7.144963e+01 4.776974e-05 
7.161434e+01 4.799023e-05 
7.177943e+01 4.821175e-05 
7.194490e+01 4.843428e-05 
7.211075e+01 4.865784e-05 
7.227698e+01 4.888244e-05 
7.244360e+01 4.910807e-05 
7.261060e+01 4.933474e-05 
7.277798e+01 4.956246e-05 
7.294575e+01 4.979123e-05 
7.311391e+01 5.002106e-05 
7.328245e+01 5.025195e-05 
7.345139e+01 5.048390e-05 
7.362071e+01 5.071693e-05 
7.379042e+01 5.095102e-05 
7.396053e+01 5.118620e-05 
7.413102e+01 5.142247e-05 
7.430191e+01 5.165983e-05 
7.447320e+01 5.189828e-05 
7.464488e+01 5.213783e-05 
7.481695e+01 5.237849e-05 
7.498942e+01 5.262026e-05 
7.516229e+01 5.286314e-05 
7.533556e+01 5.310715e-05 
7.550922e+01 5.335228e-05 
7.568329e+01 5.359854e-05 
7.585776e+01 5.384594e-05 
7.603263e+01 5.409449e-05 
7.620790e+01 5.434418e-05 
7.638358e+01 5.459502e-05 
7.655966e+01 5.484702e-05 
7.673615e+01 5.510018e-05 
7.691304e+01 5.535451e-05 
7.709035e+01 5.561002e-05 
7.726806e+01 5.586670e-05 
7.744618e+01 5.612457e-05 
7.762471e+01 5.638363e-05 
7.780366e+01 5.664389e-05 
7.798301e+01 5.690535e-05 
7.816278e+01 5.716801e-05 
7.834296e+01 5.743189e-05 
7.852356e+01 5.769698e-05 
7.870458e+01 5.796330e-05 
7.888601e+01 5.823085e-05 
7.906786e+01 5.849963e-05 
7.925013e+01 5.876965e-05 
7.943282e+01 5.904092e-05 
7.961594e+01 5.931344e-05 
7.979947e+01 5.958722e-05 
7.998343e+01 5.986226e-05 
8.016781e+01 6.013858e-05 
8.035261e+01 6.041616e-05 
8.053784e+01 6.069503e-05 
8.072350e+01 6.097519e-05 
8.090959e+01 6.125664e-05 
8.109611e+01 6.153939e-05 
8.128305e+01 6.182344e-05 
8.147043e+01 6.210881e-05 
8.165824e+01 6.239549e-05 
8.184648e+01 6.268349e-05 
8.203515e+01 6.297283e-05 
8.222426e+01 6.326350e-05 
8.241381e+01 6.355551e-05 
8.260379e+01 6.384887e-05 
8.279422e+01 6.414359e-05 
8.298508e+01 6.443966e-05 
8.317638e+01 6.473710e-05 
8.336812e+01 6.503592e-05 
8.356030e+01 6.533611e-05 
8.375293e+01 6.563769e-05 
8.394600e+01 6.594066e-05 
8.413951e+01 6.624503e-05 
8.433348e+01 6.655080e-05 
8.452788e+01 6.685799e-05 
8.472274e+01 6.716659e-05 
8.491805e+01 6.747662e-05 
8.511380e+01 6.778808e-05 
8.531001e+01 6.810097e-05 
8.550667e+01 6.841532e-05 
8.570378e+01 6.873111e-05 
8.590135e+01 6.904836e-05 
8.609938e+01 6.936707e-05 
8.629785e+01 6.968726e-05 
8.649679e+01 7.000892e-05 
8.669619e+01 7.033207e-05 
8.689604e+01 7.065671e-05 
8.709636e+01 7.098284e-05 
8.729714e+01 7.131049e-05 
8.749838e+01 7.163964e-05 
8.770008e+01 7.197032e-05 
8.790225e+01 7.230252e-05 
8.810489e+01 7.263625e-05 
8.830799e+01 7.297153e-05 
8.851156e+01 7.330835e-05 
8.871560e+01 7.364673e-05 
8.892011e+01 7.398667e-05 
8.912509e+01 7.432818e-05 
8.933055e+01 7.467126e-05 
8.953648e+01 7.501593e-05 
8.974288e+01 7.536219e-05 
8.994976e+01 7.571005e-05 
9.015711e+01 7.605951e-05 
9.036495e+01 7.641058e-05 
9.057326e+01 7.676328e-05 
9.078205e+01 7.711761e-05 
9.099133e+01 7.747357e-05 
9.120108e+01 7.783117e-05 
9.141132e+01 7.819042e-05 
9.162205e+01 7.855134e-05 
9.183326e+01 7.891391e-05 
9.204496e+01 7.927817e-05 
9.225714e+01 7.964410e-05 
9.246982e+01 8.001172e-05 
9.268298e+01 8.038104e-05 
9.289664e+01 8.075206e-05 
9.311079e+01 8.112480e-05 
9.332543e+01 8.149926e-05 
9.354057e+01 8.187544e-05 
9.375620e+01 8.225336e-05 
9.397233e+01 8.263303e-05 
9.418896e+01 8.301445e-05 
9.440609e+01 8.339763e-05 
9.462372e+01 8.378257e-05 
9.484185e+01 8.416930e-05 
9.506048e+01 8.455781e-05 
9.527962e+01 8.494811e-05 
9.549926e+01 8.534022e-05 
9.571941e+01 8.573413e-05 
9.594006e+01 8.612986e-05 
9.616123e+01 8.652742e-05 
9.638290e+01 8.692682e-05 
9.660509e+01 8.732805e-05 
9.682779e+01 8.773114e-05 
9.705100e+01 8.813609e-05 
9.727472e+01 8.854291e-05 
9.749896e+01 8.895161e-05 
9.772372e+01 8.936220e-05 
9.794900e+01 8.977467e-05 
9.817479e+01 9.018906e-05 
9.840111e+01 9.060535e-05 
9.862795e+01 9.102357e-05 
9.885531e+01 9.144372e-05 
9.908319e+01 9.186581e-05 
9.931160e+01 9.228984e-05 
9.954054e+01 9.271583e-05 
9.977001e+01 9.314379e-05 
1.000000e+02 9.357373e-05 
1.002305e+02 9.400565e-05 
1.004616e+02 9.443956e-05 
1.006932e+02 9.487547e-05 
1.009253e+02 9.531340e-05 
1.011579e+02 9.575335e-05 
1.013911e+02 9.619533e-05 
1.016249e+02 9.663935e-05 
1.018591e+02 9.708542e-05 
1.020939e+02 9.753355e-05 
1.023293e+02 9.798374e-05 
1.025652e+02 9.843602e-05 
1.028016e+02 9.889038e-05 
1.030386e+02 9.934684e-05 
1.032761e+02 9.980541e-05 
1.035142e+02 1.002661e-04 
1.037528e+02 1.007289e-04 
1.039920e+02 1.011938e-04 
1.042317e+02 1.016609e-04 
1.044720e+02 1.021302e-04 
1.047129e+02 1.026016e-04 
1.049542e+02 1.030752e-04 
1.051962e+02 1.035510e-04 
1.054387e+02 1.040289e-04 
1.056818e+02 1.045091e-04 
1.059254e+02 1.049915e-04 
1.061696e+02 1.054761e-04 
1.064143e+02 1.059630e-04 
1.066596e+02 1.064521e-04 
1.069055e+02 1.069435e-04 
1.071519e+02 1.074371e-04 
1.073989e+02 1.079330e-04 
1.076465e+02 1.084312e-04 
1.078947e+02 1.089317e-04 
1.081434e+02 1.094345e-04 
1.083927e+02 1.099396e-04 
1.086426e+02 1.104471e-04 
1.088930e+02 1.109569e-04 
1.091440e+02 1.114691e-04 
1.093956e+02 1.119836e-04 
1.096478e+02 1.125005e-04 
1.099006e+02 1.130198e-04 
1.101539e+02 1.135414e-04 
1.104079e+02 1.140655e-04 
1.106624e+02 1.145920e-04 
1.109175e+02 1.151210e-04 
1.111732e+02 1.156523e-04 
1.114295e+02 1.161862e-04 
1.116863e+02 1.167225e-04 
1.119438e+02 1.172612e-04 
1.122018e+02 1.178025e-04 
1.124605e+02 1.183463e-04 
1.127197e+02 1.188925e-04 
1.129796e+02 1.194413e-04 
1.132400e+02 1.199926e-04 
1.135011e+02 1.205465e-04 
1.137627e+02 1.211029e-04 
1.140250e+02 1.216619e-04 
1.142878e+02 1.222235e-04 
1.145513e+02 1.227876e-04 
1.148154e+02 1.233544e-04 
1.150800e+02 1.239238e-04 
1.153453e+02 1.244958e-04 
1.156112e+02 1.250704e-04 
1.158777e+02 1.256477e-04 
1.161449e+02 1.262277e-04 
1.164126e+02 1.268104e-04 
1.166810e+02 1.273957e-04 
1.169499e+02 1.279837e-04 
1.172195e+02 1.285745e-04 
1.174898e+02 1.291680e-04 
1.177606e+02 1.297642e-04 
1.180321e+02 1.303631e-04 
1.183042e+02 1.309649e-04 
1.185769e+02 1.315694e-04 
1.188502e+02 1.321767e-04 
1.191242e+02 1.327868e-04 
1.193988e+02 1.333997e-04 
1.196741e+02 1.340155e-04 
1.199499e+02 1.346340e-04 
1.202264e+02 1.352555e-04 
1.205036e+02 1.358798e-04 
1.207814e+02 1.365070e-04 
1.210598e+02 1.371371e-04 
1.213389e+02 1.377701e-04 
1.216186e+02 1.384060e-04 
1.218990e+02 1.390449e-04 
1.221800e+02 1.396867e-04 
1.224616e+02 1.403315e-04 
1.227439e+02 1.409792e-04 
1.230269e+02 1.416299e-04 
1.233105e+02 1.422837e-04 
1.235947e+02 1.429404e-04 
1.238797e+02 1.436002e-04 
1.241652e+02 1.442631e-04 
1.244515e+02 1.449289e-04 
1.247384e+02 1.455979e-04 
1.250259e+02 1.462700e-04 
1.253141e+02 1.469451e-04 
1.256030e+02 1.476234e-04 
1.258925e+02 1.483048e-04 
1.261828e+02 1.489894e-04 
1.264736e+02 1.496771e-04 
1.267652e+02 1.503679e-04 
1.270574e+02 1.510620e-04 
1.273503e+02 1.517593e-04 
1.276439e+02 1.524598e-04 
1.279381e+02 1.531635e-04 
1.282331e+02 1.538705e-04 
1.285287e+02 1.545807e-04 
1.288250e+02 1.552943e-04 
1.291219e+02 1.560111e-04 
1.294196e+02 1.567312e-04 
1.297179e+02 1.574546e-04 
1.300170e+02 1.581814e-04 
1.303167e+02 1.589116e-04 
1.306171e+02 1.596451e-04 
1.309182e+02 1.603820e-04 
1.312200e+02 1.611223e-04 
1.315225e+02 1.618660e-04 
1.318257e+02 1.626131e-04 
1.321296e+02 1.633637e-04 
1.324342e+02 1.641178e-04 
1.327394e+02 1.648753e-04 
1.330454e+02 1.656363e-04 
1.333521e+02 1.664009e-04 
1.336596e+02 1.671690e-04 
1.339677e+02 1.679406e-04 
1.342765e+02 1.687158e-04 
1.345860e+02 1.694945e-04 
1.348963e+02 1.702769e-04 
1.352073e+02 1.710629e-04 
1.355189e+02 1.718525e-04 
1.358313e+02 1.726457e-04 
1.361445e+02 1.734426e-04 
1.364583e+02 1.742432e-04 
1.367729e+02 1.750475e-04 
1.370882e+02 1.758555e-04 
1.374042e+02 1.766672e-04 
1.377209e+02 1.774827e-04 
1.380384e+02 1.783019e-04 
1.383566e+02 1.791249e-04 
1.386756e+02 1.799517e-04 
1.389953e+02 1.807823e-04 
1.393157e+02 1.816168e-04 
1.396368e+02 1.824551e-04 
1.399587e+02 1.832973e-04 
1.402814e+02 1.841434e-04 
1.406048e+02 1.849933e-04 
1.409289e+02 1.858472e-04 
1.412538e+02 1.867051e-04 
1.415794e+02 1.875669e-04 
1.419058e+02 1.884327e-04 
1.422329e+02 1.893024e-04 
1.425608e+02 1.901762e-04 
1.428894e+02 1.910540e-04 
1.432188e+02 1.919359e-04 
1.435489e+02 1.928219e-04 
1.438799e+02 1.937119e-04 
1.442115e+02 1.946060e-04 
1.445440e+02 1.955043e-04 
1.448772e+02 1.964067e-04 
1.452112e+02 1.973133e-04 
1.455459e+02 1.982241e-04 
1.458814e+02 1.991390e-04 
1.462177e+02 2.000582e-04 
1.465548e+02 2.009817e-04 
1.468926e+02 2.019094e-04 
1.472313e+02 2.028414e-04 
1.475707e+02 2.037776e-04 
1.479108e+02 2.047182e-04 
1.482518e+02 2.056632e-04 
1.485936e+02 2.066125e-04 
1.489361e+02 2.075662e-04 
1.492794e+02 2.085243e-04 
1.496236e+02 2.094868e-04 
1.499685e+02 2.104538e-04 
1.503142e+02 2.114252e-04 
1.506607e+02 2.124011e-04 
1.510080e+02 2.133815e-04 
1.513561e+02 2.143664e-04 
1.517050e+02 2.153559e-04 
1.520548e+02 2.163500e-04 
1.524053e+02 2.173486e-04 
1.527566e+02 2.183518e-04 
1.531087e+02 2.193597e-04 
1.534617e+02 2.203723e-04 
1.538155e+02 2.213895e-04 
1.541700e+02 2.224114e-04 
1.545254e+02 2.234380e-04 
1.548817e+02 2.244693e-04 
1.552387e+02 2.255054e-04 
1.555966e+02 2.265463e-04 
1.559553e+02 2.275921e-04 
1.563148e+02 2.286426e-04 
1.566751e+02 2.296980e-04 
1.570363e+02 2.307582e-04 
1.573983e+02 2.318234e-04 
1.577611e+02 2.328934e-04 
1.581248e+02 2.339684e-04 
1.584893e+02 2.350484e-04 
1.588547e+02 2.361333e-04 
1.592209e+02 2.372233e-04 
1.595879e+02 2.383183e-04 
1.599558e+02 2.394183e-04 
1.603245e+02 2.405234e-04 
1.606941e+02 2.416337e-04 
1.610646e+02 2.427490e-04 
1.614359e+02 2.438695e-04 
1.618080e+02 2.449952e-04 
1.621810e+02 2.461260e-04 
1.625549e+02 2.472621e-04 
1.629296e+02 2.484034e-04 
1.633052e+02 2.495500e-04 
1.636817e+02 2.507019e-04 
1.640590e+02 2.518591e-04 
1.644372e+02 2.530217e-04 
1.648162e+02 2.541896e-04 
1.651962e+02 2.553629e-04 
1.655770e+02 2.565416e-04 
1.659587e+02 2.577257e-04 
1.663413e+02 2.589154e-04 
1.667247e+02 2.601105e-04 
1.671091e+02 2.613111e-04 
1.674943e+02 2.625173e-04 
1.678804e+02 2.637290e-04 
1.682674e+02 2.649464e-04 
1.686553e+02 2.661693e-04 
1.690441e+02 2.673979e-04 
1.694338e+02 2.686322e-04 
1.698244e+02 2.698722e-04 
1.702159e+02 2.711179e-04 
1.706082e+02 2.723693e-04 
1.710015e+02 2.736265e-04 
1.713957e+02 2.748895e-04 
1.717908e+02 2.761584e-04 
1.721869e+02 2.774331e-04 
1.725838e+02 2.787137e-04 
1.729816e+02 2.800002e-04 
1.733804e+02 2.812926e-04 
1.737801e+02 2.825910e-04 
1.741807e+02 2.838954e-04 
1.745822e+02 2.852059e-04 
1.749847e+02 2.865223e-04 
1.753881e+02 2.878449e-04 
1.757924e+02 2.891735e-04 
1.761976e+02 2.905083e-04 
1.766038e+02 2.918493e-04 
1.770109e+02 2.931964e-04 
1.774189e+02 2.945498e-04 
1.778279e+02 2.959094e-04 
1.782379e+02 2.972752e-04 
1.786488e+02 2.986474e-04 
1.790606e+02 3.000259e-04 
1.794734e+02 3.014108e-04 
1.798871e+02 3.028021e-04 
1.803018e+02 3.041998e-04 
1.807174e+02 3.056039e-04 
1.811340e+02 3.070146e-04 
1.815516e+02 3.084317e-04 
1.819701e+02 3.098554e-04 
1.823896e+02 3.112856e-04 
1.828100e+02 3.127225e-04 
1.832314e+02 3.141660e-04 
1.836538e+02 3.156161e-04 
1.840772e+02 3.170730e-04 
1.845015e+02 3.185365e-04 
1.849269e+02 3.200068e-04 
1.853532e+02 3.214840e-04 
1.857804e+02 3.229679e-04 
1.862087e+02 3.244587e-04 
1.866380e+02 3.259563e-04 
1.870682e+02 3.274609e-04 
1.874995e+02 3.289724e-04 
1.879317e+02 3.304909e-04 
1.883649e+02 3.320164e-04 
1.887991e+02 3.335490e-04 
1.892344e+02 3.350886e-04 
1.896706e+02 3.366353e-04 
1.901078e+02 3.381892e-04 
1.905461e+02 3.397502e-04 
1.909853e+02 3.413185e-04 
1.914256e+02 3.428939e-04 
1.918669e+02 3.444767e-04 
1.923092e+02 3.460668e-04 
1.927525e+02 3.476642e-04 
1.931968e+02 3.492689e-04 
1.936422e+02 3.508811e-04 
1.940886e+02 3.525007e-04 
1.945360e+02 3.541278e-04 
1.949845e+02 3.557625e-04 
1.954339e+02 3.574046e-04 
1.958845e+02 3.590543e-04 
1.963360e+02 3.607117e-04 
1.967886e+02 3.623767e-04 
1.972423e+02 3.640494e-04 
1.976970e+02 3.657298e-04 
1.981527e+02 3.674180e-04 
1.986095e+02 3.691139e-04 
1.990673e+02 3.708177e-04 
1.995262e+02 3.725294e-04 
1.999862e+02 3.742489e-04 
2.004472e+02 3.759764e-04 
2.009093e+02 3.777119e-04 
2.013724e+02 3.794553e-04 
2.018366e+02 3.812069e-04 
2.023019e+02 3.829665e-04 
2.027683e+02 3.847342e-04 
2.032357e+02 3.865101e-04 
2.037042e+02 3.882942e-04 
2.041738e+02 3.900865e-04 
2.046445e+02 3.918871e-04 
2.051162e+02 3.936960e-04 
2.055891e+02 3.955133e-04 
2.060630e+02 3.973389e-04 
2.065380e+02 3.991730e-04 
2.070141e+02 4.010155e-04 
2.074914e+02 4.028666e-04 
2.079697e+02 4.047262e-04 
2.084491e+02 4.065943e-04 
2.089296e+02 4.084711e-04 
2.094112e+02 4.103566e-04 
2.098940e+02 4.122507e-04 
2.103778e+02 4.141536e-04 
2.108628e+02 4.160653e-04 
2.113489e+02 4.179858e-04 
2.118361e+02 4.199152e-04 
2.123244e+02 4.218535e-04 
2.128139e+02 4.238007e-04 
2.133045e+02 4.257570e-04 
2.137962e+02 4.277222e-04 
2.142891e+02 4.296965e-04 
2.147830e+02 4.316800e-04 
2.152782e+02 4.336726e-04 
2.157744e+02 4.356744e-04 
2.162719e+02 4.376854e-04 
2.167704e+02 4.397057e-04 
2.172701e+02 4.417353e-04 
2.177710e+02 4.437743e-04 
2.182730e+02 4.458228e-04 
2.187762e+02 4.478806e-04 
2.192805e+02 4.499480e-04 
2.197860e+02 4.520249e-04 
2.202926e+02 4.541114e-04 
2.208005e+02 4.562076e-04 
2.213095e+02 4.583134e-04 
2.218196e+02 4.604289e-04 
2.223310e+02 4.625542e-04 
2.228435e+02 4.646893e-04 
2.233572e+02 4.668343e-04 
2.238721e+02 4.689891e-04 
2.243882e+02 4.711539e-04 
2.249055e+02 4.733288e-04 
2.254239e+02 4.755136e-04 
2.259436e+02 4.777085e-04 
2.264644e+02 4.799136e-04 
2.269865e+02 4.821288e-04 
2.275097e+02 4.843543e-04 
2.280342e+02 4.865900e-04 
2.285599e+02 4.888361e-04 
2.290868e+02 4.910925e-04 
2.296149e+02 4.933593e-04 
2.301442e+02 4.956366e-04 
2.306747e+02 4.979245e-04 
2.312065e+02 5.002228e-04 
2.317395e+02 5.025318e-04 
2.322737e+02 5.048515e-04 
2.328091e+02 5.071818e-04 
2.333458e+02 5.095229e-04 
2.338837e+02 5.118749e-04 
2.344229e+02 5.142376e-04 
2.349633e+02 5.166113e-04 
2.355049e+02 5.189959e-04 
2.360478e+02 5.213916e-04 
2.365920e+02 5.237983e-04 
2.371374e+02 5.262161e-04 
2.376840e+02 5.286451e-04 
2.382319e+02 5.310853e-04 
2.387811e+02 5.335367e-04 
2.393316e+02 5.359995e-04 
2.398833e+02 5.384736e-04 
2.404363e+02 5.409592e-04 
2.409905e+02 5.434562e-04 
2.415461e+02 5.459647e-04 
2.421029e+02 5.484849e-04 
2.426610e+02 5.510166e-04 
2.432204e+02 5.535601e-04 
2.437811e+02 5.561153e-04 
2.443431e+02 5.586823e-04 
2.449063e+02 5.612611e-04 
2.454709e+02 5.638519e-04 
2.460368e+02 5.664546e-04 
2.466039e+02 5.690693e-04 
2.471724e+02 5.716961e-04 
2.477422e+02 5.743350e-04 
2.483133e+02 5.769861e-04 
2.488857e+02 5.796494e-04 
2.494595e+02 5.823250e-04 
2.500345e+02 5.850130e-04 
2.506109e+02 5.877134e-04 
2.511886e+02 5.904262e-04 
2.517677e+02 5.931516e-04 
2.523481e+02 5.958896e-04 
2.529298e+02 5.986401e-04 
2.535129e+02 6.014034e-04 
2.540973e+02 6.041795e-04 
2.546830e+02 6.069683e-04 
2.552701e+02 6.097701e-04 
2.558586e+02 6.125847e-04 
2.564484e+02 6.154124e-04 
2.570396e+02 6.182531e-04 
2.576321e+02 6.211069e-04 
2.582260e+02 6.239739e-04 
2.588213e+02 6.268541e-04 
2.594179e+02 6.297477e-04 
2.600160e+02 6.326546e-04 
2.606154e+02 6.355749e-04 
2.612161e+02 6.385086e-04 
2.618183e+02 6.414560e-04 
2.624219e+02 6.444169e-04 
2.630268e+02 6.473915e-04 
2.636331e+02 6.503798e-04 
2.642409e+02 6.533819e-04 
2.648500e+02 6.563979e-04 
2.654606e+02 6.594278e-04 
2.660725e+02 6.624717e-04 
2.666859e+02 6.655297e-04 
2.673006e+02 6.686017e-04 
2.679168e+02 6.716880e-04 
2.685344e+02 6.747884e-04 
2.691535e+02 6.779032e-04 
2.697739e+02 6.810324e-04 
2.703958e+02 6.841760e-04 
2.710192e+02 6.873342e-04 
2.716439e+02 6.905069e-04 
2.722701e+02 6.936942e-04 
2.728978e+02 6.968963e-04 
2.735269e+02 7.001131e-04 
2.741574e+02 7.033448e-04 
2.747894e+02 7.065915e-04 
2.754229e+02 7.098531e-04 
2.760578e+02 7.131297e-04 
2.766942e+02 7.164215e-04 
2.773320e+02 7.197285e-04 
2.779713e+02 7.230507e-04 
2.786121e+02 7.263883e-04 
2.792544e+02 7.297413e-04 
2.798981e+02 7.331098e-04 
2.805434e+02 7.364938e-04 
2.811901e+02 7.398934e-04 
2.818383e+02 7.433088e-04 
2.824880e+02 7.467399e-04 
2.831392e+02 7.501868e-04 
2.837919e+02 7.536496e-04 
2.844461e+02 7.571285e-04 
2.851018e+02 7.606234e-04 
2.857591e+02 7.641344e-04 
2.864178e+02 7.676616e-04 
2.870781e+02 7.712051e-04 
2.877398e+02 7.747650e-04 
2.884032e+02 7.783413e-04 
2.890680e+02 7.819341e-04 
2.897344e+02 7.855435e-04 
2.904023e+02 7.891696e-04 
2.910717e+02 7.928124e-04 
2.917427e+02 7.964720e-04 
2.924152e+02 8.001485e-04 
2.930893e+02 8.038420e-04 
2.937650e+02 8.075525e-04 
2.944422e+02 8.112802e-04 
2.951209e+02 8.150250e-04 
2.958012e+02 8.187872e-04 
2.964831e+02 8.225667e-04 
2.971666e+02 8.263637e-04 
2.978516e+02 8.301782e-04 
2.985383e+02 8.340103e-04 
2.992265e+02 8.378600e-04 
2.999163e+02 8.417276e-04 
3.006076e+02 8.456130e-04 
3.013006e+02 8.495164e-04 
3.019952e+02 8.534378e-04 
3.026913e+02 8.573772e-04 
3.033891e+02 8.613349e-04 
3.040885e+02 8.653108e-04 
3.047895e+02 8.693051e-04 
3.054921e+02 8.733178e-04 
3.061963e+02 8.773491e-04 
3.069022e+02 8.813989e-04 
3.076097e+02 8.854675e-04 
3.083188e+02 8.895548e-04 
3.090295e+02 8.936610e-04 
3.097419e+02 8.977861e-04 
3.104560e+02 9.019303e-04 
3.111716e+02 9.060937e-04 
3.118890e+02 9.102762e-04 
3.126079e+02 9.144781e-04 
3.133286e+02 9.186993e-04 
3.140509e+02 9.229400e-04 
3.147748e+02 9.272004e-04 
3.155005e+02 9.314803e-04 
3.162278e+02 9.357801e-04 
3.169567e+02 9.400997e-04 
3.176874e+02 9.444392e-04 
3.184198e+02 9.487987e-04 
3.191538e+02 9.531784e-04 
3.198895e+02 9.575783e-04 
3.206269e+02 9.619985e-04 
3.213661e+02 9.664391e-04 
3.221069e+02 9.709003e-04 
3.228494e+02 9.753820e-04 
3.235937e+02 9.798844e-04 
3.243396e+02 9.844076e-04 
3.250873e+02 9.889516e-04 
3.258367e+02 9.935167e-04 
3.265878e+02 9.981028e-04 
3.273407e+02 1.002710e-03 
3.280953e+02 1.007339e-03 
3.288516e+02 1.011989e-03 
3.296097e+02 1.016660e-03 
3.303695e+02 1.021353e-03 
3.311311e+02 1.026067e-03 
3.318945e+02 1.030804e-03 
3.326596e+02 1.035562e-03 
3.334264e+02 1.040342e-03 
3.341950e+02 1.045145e-03 
3.349654e+02 1.049969e-03 
3.357376e+02 1.054816e-03 
3.365116e+02 1.059685e-03 
3.372873e+02 1.064576e-03 
3.380648e+02 1.069491e-03 
3.388442e+02 1.074427e-03 
3.396253e+02 1.079387e-03 
3.404082e+02 1.084370e-03 
3.411929e+02 1.089375e-03 
3.419794e+02 1.094404e-03 
3.427678e+02 1.099455e-03 
3.435579e+02 1.104531e-03 
3.443499e+02 1.109629e-03 
3.451437e+02 1.114751e-03 
3.459394e+02 1.119897e-03 
3.467369e+02 1.125067e-03 
3.475362e+02 1.130260e-03 
3.483373e+02 1.135477e-03 
3.491403e+02 1.140719e-03 
3.499452e+02 1.145985e-03 
3.507519e+02 1.151274e-03 
3.515604e+02 1.156589e-03 
3.523709e+02 1.161928e-03 
3.531832e+02 1.167291e-03 
3.539973e+02 1.172680e-03 
3.548134e+02 1.178093e-03 
3.556313e+02 1.183531e-03 
3.564511e+02 1.188994e-03 
3.572728e+02 1.194483e-03 
3.580964e+02 1.199997e-03 
3.589219e+02 1.205536e-03 
3.597493e+02 1.211101e-03 
3.605786e+02 1.216691e-03 
3.614099e+02 1.222308e-03 
3.622430e+02 1.227950e-03 
3.630781e+02 1.233618e-03 
3.639150e+02 1.239313e-03 
3.647539e+02 1.245034e-03 
3.655948e+02 1.250781e-03 
3.664376e+02 1.256555e-03 
3.672823e+02 1.262355e-03 
3.681290e+02 1.268182e-03 
3.689776e+02 1.274036e-03 
3.698282e+02 1.279917e-03 
3.706807e+02 1.285826e-03 
3.715352e+02 1.291761e-03 
3.723917e+02 1.297724e-03 
3.732502e+02 1.303714e-03 
3.741106e+02 1.309733e-03 
3.749730e+02 1.315778e-03 
3.758374e+02 1.321852e-03 
3.767038e+02 1.327954e-03 
3.775722e+02 1.334084e-03 
3.784426e+02 1.340242e-03 
3.793150e+02 1.346429e-03 
3.801894e+02 1.352644e-03 
3.810658e+02 1.358888e-03 
3.819443e+02 1.365161e-03 
3.828247e+02 1.371463e-03 
3.837072e+02 1.377794e-03 
3.845918e+02 1.384154e-03 
3.854784e+02 1.390543e-03 
3.863670e+02 1.396962e-03 
3.872576e+02 1.403411e-03 
3.881504e+02 1.409889e-03 
3.890451e+02 1.416397e-03 
3.899420e+02 1.422936e-03 
3.908409e+02 1.429504e-03 
3.917419e+02 1.436103e-03 
3.926449e+02 1.442732e-03 
3.935501e+02 1.449392e-03 
3.944573e+02 1.456083e-03 
3.953666e+02 1.462804e-03 
3.962780e+02 1.469557e-03 
3.971915e+02 1.476341e-03 
3.981072e+02 1.483156e-03 
3.990249e+02 1.490002e-03 
3.999447e+02 1.496880e-03 
4.008667e+02 1.503790e-03 
4.017908e+02 1.510732e-03 
4.027170e+02 1.517706e-03 
4.036454e+02 1.524712e-03 
4.045759e+02 1.531750e-03 
4.055085e+02 1.538821e-03 
4.064433e+02 1.545924e-03 
4.073803e+02 1.553060e-03 
4.083194e+02 1.560230e-03 
4.092607e+02 1.567432e-03 
4.102041e+02 1.574667e-03 
4.111497e+02 1.581936e-03 
4.120975e+02 1.589239e-03 
4.130475e+02 1.596575e-03 
4.139997e+02 1.603945e-03 
4.149540e+02 1.611349e-03 
4.159106e+02 1.618788e-03 
4.168694e+02 1.626260e-03 
4.178304e+02 1.633768e-03 
4.187936e+02 1.641309e-03 
4.197590e+02 1.648886e-03 
4.207266e+02 1.656498e-03 
4.216965e+02 1.664144e-03 
4.226686e+02 1.671826e-03 
4.236430e+02 1.679544e-03 
4.246196e+02 1.687297e-03 
4.255984e+02 1.695086e-03 
4.265795e+02 1.702911e-03 
4.275629e+02 1.710772e-03 
4.285485e+02 1.718669e-03 
4.295364e+02 1.726603e-03 
4.305266e+02 1.734573e-03 
4.315191e+02 1.742580e-03 
4.325138e+02 1.750625e-03 
4.335109e+02 1.758706e-03 
4.345102e+02 1.766824e-03 
4.355119e+02 1.774980e-03 
4.365158e+02 1.783174e-03 
4.375221e+02 1.791406e-03 
4.385307e+02 1.799675e-03 
4.395416e+02 1.807983e-03 
4.405549e+02 1.816329e-03 
4.415704e+02 1.824714e-03 
4.425884e+02 1.833137e-03 
4.436086e+02 1.841599e-03 
4.446313e+02 1.850101e-03 
4.456562e+02 1.858641e-03 
4.466836e+02 1.867221e-03 
4.477133e+02 1.875841e-03 
4.487454e+02 1.884500e-03 
4.497799e+02 1.893199e-03 
4.508167e+02 1.901939e-03 
4.518559e+02 1.910719e-03 
4.528976e+02 1.919539e-03 
4.539416e+02 1.928400e-03 
4.549881e+02 1.937302e-03 
4.560369e+02 1.946246e-03 
4.570882e+02 1.955230e-03 
4.581419e+02 1.964256e-03 
4.591980e+02 1.973323e-03 
4.602566e+02 1.982433e-03 
4.613176e+02 1.991584e-03 
4.623810e+02 2.000778e-03 
4.634469e+02 2.010014e-03 
4.645153e+02 2.019293e-03 
4.655861e+02 2.028615e-03 
4.666594e+02 2.037979e-03 
4.677351e+02 2.047387e-03 
4.688134e+02 2.056839e-03 
4.698941e+02 2.066334e-03 
4.709773e+02 2.075873e-03 
4.720630e+02 2.085455e-03 
4.731513e+02 2.095083e-03 
4.742420e+02 2.104754e-03 
4.753352e+02 2.114470e-03 
4.764310e+02 2.124231e-03 
4.775293e+02 2.134038e-03 
4.786301e+02 2.143889e-03 
4.797334e+02 2.153786e-03 
4.808393e+02 2.163728e-03 
4.819478e+02 2.173717e-03 
4.830588e+02 2.183752e-03 
4.841724e+02 2.193832e-03 
4.852885e+02 2.203960e-03 
4.864072e+02 2.214134e-03 
4.875285e+02 2.224355e-03 
4.886524e+02 2.234624e-03 
4.897788e+02 2.244940e-03 
4.909079e+02 2.255303e-03 
4.920395e+02 2.265714e-03 
4.931738e+02 2.276174e-03 
4.943107e+02 2.286681e-03 
4.954502e+02 2.297238e-03 
4.965923e+02 2.307842e-03 
4.977371e+02 2.318496e-03 
4.988845e+02 2.329199e-03 
5.000345e+02 2.339952e-03 
5.011872e+02 2.350754e-03 
5.023426e+02 2.361606e-03 
5.035006e+02 2.372508e-03 
5.046613e+02 2.383460e-03 
5.058247e+02 2.394463e-03 
5.069907e+02 2.405517e-03 
5.081594e+02 2.416622e-03 
5.093309e+02 2.427778e-03 
5.105050e+02 2.438986e-03 
5.116818e+02 2.450245e-03 
5.128614e+02 2.461556e-03 
5.140437e+02 2.472920e-03 
5.152286e+02 2.484336e-03 
5.164164e+02 2.495805e-03 
5.176068e+02 2.507326e-03 
5.188000e+02 2.518901e-03 
5.199960e+02 2.530529e-03 
5.211947e+02 2.542211e-03 
5.223962e+02 2.553947e-03 
5.236004e+02 2.565738e-03 
5.248075e+02 2.577582e-03 
5.260173e+02 2.589481e-03 
5.272299e+02 2.601436e-03 
5.284453e+02 2.613445e-03 
5.296634e+02 2.625510e-03 
5.308844e+02 2.637630e-03 
5.321083e+02 2.649807e-03 
5.333349e+02 2.662040e-03 
5.345644e+02 2.674329e-03 
5.357967e+02 2.686675e-03 
5.370318e+02 2.699078e-03 
5.382698e+02 2.711538e-03 
5.395106e+02 2.724056e-03 
5.407543e+02 2.736631e-03 
5.420009e+02 2.749265e-03 
5.432503e+02 2.761957e-03 
5.445027e+02 2.774707e-03 
5.457579e+02 2.787517e-03 
5.470160e+02 2.800385e-03 
5.482770e+02 2.813313e-03 
5.495409e+02 2.826301e-03 
5.508077e+02 2.839348e-03 
5.520774e+02 2.852456e-03 
5.533501e+02 2.865625e-03 
5.546257e+02 2.878854e-03 
5.559043e+02 2.892144e-03 
5.571857e+02 2.905496e-03 
5.584702e+02 2.918909e-03 
5.597576e+02 2.932384e-03 
5.610480e+02 2.945922e-03 
5.623413e+02 2.959522e-03 
5.636377e+02 2.973184e-03 
5.649370e+02 2.986910e-03 
5.662393e+02 3.000699e-03 
5.675446e+02 3.014552e-03 
5.688529e+02 3.028469e-03 
5.701643e+02 3.042450e-03 
5.714786e+02 3.056496e-03 
5.727960e+02 3.070606e-03 
5.741165e+02 3.084782e-03 
5.754399e+02 3.099023e-03 
5.767665e+02 3.113330e-03 
5.780960e+02 3.127703e-03 
5.794287e+02 3.142142e-03 
5.807644e+02 3.156648e-03 
5.821032e+02 3.171221e-03 
5.834451e+02 3.185861e-03 
5.847901e+02 3.200569e-03 
5.861382e+02 3.215345e-03 
5.874894e+02 3.230189e-03 
5.888437e+02 3.245101e-03 
5.902011e+02 3.260083e-03 
5.915616e+02 3.275133e-03 
5.929253e+02 3.290253e-03 
5.942922e+02 3.305443e-03 
5.956621e+02 3.320703e-03 
5.970353e+02 3.336033e-03 
5.984116e+02 3.351435e-03 
5.997911e+02 3.366907e-03 
6.011737e+02 3.382451e-03 
6.025596e+02 3.398066e-03 
6.039486e+02 3.413754e-03 
6.053409e+02 3.429514e-03 
6.067363e+02 3.445347e-03 
6.081350e+02 3.461253e-03 
6.095369e+02 3.477232e-03 
6.109420e+02 3.493286e-03 
6.123504e+02 3.509413e-03 
6.137620e+02 3.525615e-03 
6.151769e+02 3.541891e-03 
6.165950e+02 3.558243e-03 
6.180164e+02 3.574671e-03 
6.194411e+02 3.591174e-03 
6.208690e+02 3.607753e-03 
6.223003e+02 3.624409e-03 
6.237348e+02 3.641142e-03 
6.251727e+02 3.657952e-03 
6.266139e+02 3.674840e-03 
6.280584e+02 3.691805e-03 
6.295062e+02 3.708849e-03 
6.309573e+02 3.725972e-03 
6.324119e+02 3.743174e-03 
6.338697e+02 3.760455e-03 
6.353309e+02 3.777816e-03 
6.367955e+02 3.795257e-03 
6.382635e+02 3.812779e-03 
6.397348e+02 3.830382e-03 
6.412096e+02 3.848066e-03 
6.426877e+02 3.865831e-03 
6.441693e+02 3.883679e-03 
6.456542e+02 3.901609e-03 
6.471426e+02 3.919622e-03 
6.486344e+02 3.937718e-03 
6.501297e+02 3.955897e-03 
6.516284e+02 3.974161e-03 
6.531306e+02 3.992509e-03 
6.546362e+02 4.010941e-03 
6.561453e+02 4.029459e-03 
6.576578e+02 4.048062e-03 
6.591739e+02 4.066751e-03 
6.606934e+02 4.085527e-03 
6.622165e+02 4.104389e-03 
6.637431e+02 4.123338e-03 
6.652732e+02 4.142375e-03 
6.668068e+02 4.161500e-03 
6.683439e+02 4.180713e-03 
6.698846e+02 4.200014e-03 
6.714289e+02 4.219405e-03 
6.729767e+02 4.238886e-03 
6.745280e+02 4.258456e-03 
6.760830e+02 4.278117e-03 
6.776415e+02 4.297868e-03 
6.792036e+02 4.317711e-03 
6.807694e+02 4.337645e-03 
6.823387e+02 4.357672e-03 
6.839116e+02 4.377790e-03 
6.854882e+02 4.398002e-03 
6.870684e+02 4.418307e-03 
6.886523e+02 4.438706e-03 
6.902398e+02 4.459199e-03 
6.918310e+02 4.479787e-03 
6.934258e+02 4.500470e-03 
6.950243e+02 4.521248e-03 
6.966265e+02 4.542122e-03 
6.982324e+02 4.563093e-03 
6.998420e+02 4.584161e-03 
7.014553e+02 4.605325e-03 
7.030723e+02 4.626588e-03 
7.046931e+02 4.647949e-03 
7.063176e+02 4.669408e-03 
7.079458e+02 4.690967e-03 
7.095778e+02 4.712625e-03 
7.112135e+02 4.734383e-03 
7.128530e+02 4.756241e-03 
7.144963e+02 4.778201e-03 
7.161434e+02 4.800262e-03 
7.177943e+02 4.822425e-03 
7.194490e+02 4.844690e-03 
7.211075e+02 4.867058e-03 
7.227698e+02 4.889529e-03 
7.244360e+02 4.912104e-03 
7.261060e+02 4.934783e-03 
7.277798e+02 4.957568e-03 
7.294575e+02 4.980457e-03 
7.311391e+02 5.003452e-03 
7.328245e+02 5.026553e-03 
7.345139e+02 5.049761e-03 
7.362071e+02 5.073076e-03 
7.379042e+02 5.096499e-03 
7.396053e+02 5.120030e-03 
7.413102e+02 5.143669e-03 
7.430191e+02 5.167418e-03 
7.447320e+02 5.191276e-03 
7.464488e+02 5.215245e-03 
7.481695e+02 5.239324e-03 
7.498942e+02 5.263515e-03 
7.516229e+02 5.287817e-03 
7.533556e+02 5.312232e-03 
7.550922e+02 5.336759e-03 
7.568329e+02 5.361399e-03 
7.585776e+02 5.386154e-03 
7.603263e+02 5.411022e-03 
7.620790e+02 5.436006e-03 
7.638358e+02 5.461105e-03 
7.655966e+02 5.486320e-03 
7.673615e+02 5.511651e-03 
7.691304e+02 5.537099e-03 
7.709035e+02 5.562665e-03 
7.726806e+02 5.588349e-03 
7.744618e+02 5.614151e-03 
7.762471e+02 5.640073e-03 
7.780366e+02 5.666114e-03 
7.798301e+02 5.692276e-03 
7.816278e+02 5.718559e-03 
7.834296e+02 5.744963e-03 
7.852356e+02 5.771488e-03 
7.870458e+02 5.798137e-03 
7.888601e+02 5.824908e-03 
7.906786e+02 5.851803e-03 
7.925013e+02 5.878823e-03 
7.943282e+02 5.905967e-03 
7.961594e+02 5.933236e-03 
7.979947e+02 5.960632e-03 
7.998343e+02 5.988154e-03 
8.016781e+02 6.015803e-03 
8.035261e+02 6.043580e-03 
8.053784e+02 6.071485e-03 
8.072350e+02 6.099519e-03 
8.090959e+02 6.127682e-03 
8.109611e+02 6.155976e-03 
8.128305e+02 6.184400e-03 
8.147043e+02 6.212955e-03 
8.165824e+02 6.241643e-03 
8.184648e+02 6.270463e-03 
8.203515e+02 6.299416e-03 
8.222426e+02 6.328503e-03 
8.241381e+02 6.357724e-03 
8.260379e+02 6.387080e-03 
8.279422e+02 6.416572e-03 
8.298508e+02 6.446199e-03 
8.317638e+02 6.475964e-03 
8.336812e+02 6.505867e-03 
8.356030e+02 6.535907e-03 
8.375293e+02 6.566086e-03 
8.394600e+02 6.596405e-03 
8.413951e+02 6.626863e-03 
8.433348e+02 6.657462e-03 
8.452788e+02 6.688203e-03 
8.472274e+02 6.719086e-03 
8.491805e+02 6.750111e-03 
8.511380e+02 6.781279e-03 
8.531001e+02 6.812592e-03 
8.550667e+02 6.844049e-03 
8.570378e+02 6.875652e-03 
8.590135e+02 6.907400e-03 
8.609938e+02 6.939295e-03 
8.629785e+02 6.971338e-03 
8.649679e+02 7.003528e-03 
8.669619e+02 7.035867e-03 
8.689604e+02 7.068356e-03 
8.709636e+02 7.100995e-03 
8.729714e+02 7.133784e-03 
8.749838e+02 7.166725e-03 
8.770008e+02 7.199818e-03 
8.790225e+02 7.233064e-03 
8.810489e+02 7.266463e-03 
8.830799e+02 7.300017e-03 
8.851156e+02 7.333726e-03 
8.871560e+02 7.367590e-03 
8.892011e+02 7.401611e-03 
8.912509e+02 7.435789e-03 
8.933055e+02 7.470125e-03 
8.953648e+02 7.504620e-03 
8.974288e+02 7.539274e-03 
8.994976e+02 7.574088e-03 
9.015711e+02 7.609063e-03 
9.036495e+02 7.644199e-03 
9.057326e+02 7.679498e-03 
9.078205e+02 7.714960e-03 
9.099133e+02 7.750585e-03 
9.120108e+02 7.786375e-03 
9.141132e+02 7.822331e-03 
9.162205e+02 7.858453e-03 
9.183326e+02 7.894741e-03 
9.204496e+02 7.931197e-03 
9.225714e+02 7.967822e-03 
9.246982e+02 8.004616e-03 
9.268298e+02 8.041580e-03 
9.289664e+02 8.078714e-03 
9.311079e+02 8.116020e-03 
9.332543e+02 8.153499e-03 
9.354057e+02 8.191150e-03 
9.375620e+02 8.228976e-03 
9.397233e+02 8.266976e-03 
9.418896e+02 8.305152e-03 
9.440609e+02 8.343504e-03 
9.462372e+02 8.382033e-03 
9.484185e+02 8.420741e-03 
9.506048e+02 8.459627e-03 
9.527962e+02 8.498693e-03 
9.549926e+02 8.537939e-03 
9.571941e+02 8.577367e-03 
9.594006e+02 8.616977e-03 
9.616123e+02 8.656770e-03 
9.638290e+02 8.696746e-03 
9.660509e+02 8.736908e-03 
9.682779e+02 8.777255e-03 
9.705100e+02 8.817788e-03 
9.727472e+02 8.858509e-03 
9.749896e+02 8.899418e-03 
9.772372e+02 8.940515e-03 
9.794900e+02 8.981803e-03 
9.817479e+02 9.023282e-03 
9.840111e+02 9.064952e-03 
9.862795e+02 9.106814e-03 
9.885531e+02 9.148870e-03 
9.908319e+02 9.191121e-03 
9.931160e+02 9.233566e-03 
9.954054e+02 9.276208e-03 
9.977001e+02 9.319047e-03 
1.000000e+03 9.362083e-03 
1.002305e+03 9.405319e-03 
1.004616e+03 9.448754e-03 
1.006932e+03 9.492390e-03 
1.009253e+03 9.536228e-03 
1.011579e+03 9.580268e-03 
1.013911e+03 9.624511e-03 
1.016249e+03 9.668959e-03 
1.018591e+03 9.713613e-03 
1.020939e+03 9.758473e-03 
1.023293e+03 9.803540e-03 
1.025652e+03 9.848815e-03 
1.028016e+03 9.894299e-03 
1.030386e+03 9.939994e-03 
1.032761e+03 9.985900e-03 
1.035142e+03 1.003202e-02 
1.037528e+03 1.007835e-02 
1.039920e+03 1.012489e-02 
1.042317e+03 1.017165e-02 
1.044720e+03 1.021863e-02 
1.047129e+03 1.026582e-02 
1.049542e+03 1.031324e-02 
1.051962e+03 1.036087e-02 
1.054387e+03 1.040872e-02 
1.056818e+03 1.045679e-02 
1.059254e+03 1.050508e-02 
1.061696e+03 1.055360e-02 
1.064143e+03 1.060234e-02 
1.066596e+03 1.065131e-02 
1.069055e+03 1.070050e-02 
1.071519e+03 1.074992e-02 
1.073989e+03 1.079957e-02 
1.076465e+03 1.084945e-02 
1.078947e+03 1.089955e-02 
1.081434e+03 1.094989e-02 
1.083927e+03 1.100047e-02 
1.086426e+03 1.105127e-02 
1.088930e+03 1.110231e-02 
1.091440e+03 1.115359e-02 
1.093956e+03 1.120511e-02 
1.096478e+03 1.125686e-02 
1.099006e+03 1.130885e-02 
1.101539e+03 1.136108e-02 
1.104079e+03 1.141355e-02 
1.106624e+03 1.146627e-02 
1.109175e+03 1.151923e-02 
1.111732e+03 1.157243e-02 
1.114295e+03 1.162588e-02 
1.116863e+03 1.167958e-02 
1.119438e+03 1.173352e-02 
1.122018e+03 1.178772e-02 
1.124605e+03 1.184216e-02 
1.127197e+03 1.189686e-02 
1.129796e+03 1.195181e-02 
1.132400e+03 1.200701e-02 
1.135011e+03 1.206247e-02 
1.137627e+03 1.211818e-02 
1.140250e+03 1.217415e-02 
1.142878e+03 1.223038e-02 
1.145513e+03 1.228688e-02 
1.148154e+03 1.234363e-02 
1.150800e+03 1.240064e-02 
1.153453e+03 1.245792e-02 
1.156112e+03 1.251546e-02 
1.158777e+03 1.257327e-02 
1.161449e+03 1.263134e-02 
1.164126e+03 1.268969e-02 
1.166810e+03 1.274830e-02 
1.169499e+03 1.280719e-02 
1.172195e+03 1.286634e-02 
1.174898e+03 1.292577e-02 
1.177606e+03 1.298548e-02 
1.180321e+03 1.304546e-02 
1.183042e+03 1.310572e-02 
1.185769e+03 1.316625e-02 
1.188502e+03 1.322707e-02 
1.191242e+03 1.328817e-02 
1.193988e+03 1.334955e-02 
1.196741e+03 1.341121e-02 
1.199499e+03 1.347316e-02 
1.202264e+03 1.353539e-02 
1.205036e+03 1.359792e-02 
1.207814e+03 1.366073e-02 
1.210598e+03 1.372383e-02 
1.213389e+03 1.378722e-02 
1.216186e+03 1.385091e-02 
1.218990e+03 1.391489e-02 
1.221800e+03 1.397917e-02 
1.224616e+03 1.404374e-02 
1.227439e+03 1.410862e-02 
1.230269e+03 1.417379e-02 
1.233105e+03 1.423926e-02 
1.235947e+03 1.430504e-02 
1.238797e+03 1.437112e-02 
1.241652e+03 1.443751e-02 
1.244515e+03 1.450420e-02 
1.247384e+03 1.457120e-02 
1.250259e+03 1.463851e-02 
1.253141e+03 1.470613e-02 
1.256030e+03 1.477407e-02 
1.258925e+03 1.484232e-02 
1.261828e+03 1.491088e-02 
1.264736e+03 1.497976e-02 
1.267652e+03 1.504896e-02 
1.270574e+03 1.511848e-02 
1.273503e+03 1.518832e-02 
1.276439e+03 1.525849e-02 
1.279381e+03 1.532898e-02 
1.282331e+03 1.539979e-02 
1.285287e+03 1.547093e-02 
1.288250e+03 1.554240e-02 
1.291219e+03 1.561421e-02 
1.294196e+03 1.568634e-02 
1.297179e+03 1.575881e-02 
1.300170e+03 1.583161e-02 
1.303167e+03 1.590475e-02 
1.306171e+03 1.597822e-02 
1.309182e+03 1.605204e-02 
1.312200e+03 1.612620e-02 
1.315225e+03 1.620070e-02 
1.318257e+03 1.627554e-02 
1.321296e+03 1.635073e-02 
1.324342e+03 1.642627e-02 
1.327394e+03 1.650216e-02 
1.330454e+03 1.657840e-02 
1.333521e+03 1.665499e-02 
1.336596e+03 1.673194e-02 
1.339677e+03 1.680924e-02 
1.342765e+03 1.688690e-02 
1.345860e+03 1.696492e-02 
1.348963e+03 1.704330e-02 
1.352073e+03 1.712204e-02 
1.355189e+03 1.720114e-02 
1.358313e+03 1.728061e-02 
1.361445e+03 1.736045e-02 
1.364583e+03 1.744066e-02 
1.367729e+03 1.752124e-02 
1.370882e+03 1.760219e-02 
1.374042e+03 1.768352e-02 
1.377209e+03 1.776522e-02 
1.380384e+03 1.784730e-02 
1.383566e+03 1.792976e-02 
1.386756e+03 1.801260e-02 
1.389953e+03 1.809583e-02 
1.393157e+03 1.817943e-02 
1.396368e+03 1.826343e-02 
1.399587e+03 1.834781e-02 
1.402814e+03 1.843259e-02 
1.406048e+03 1.851776e-02 
1.409289e+03 1.860332e-02 
1.412538e+03 1.868927e-02 
1.415794e+03 1.877563e-02 
1.419058e+03 1.886238e-02 
1.422329e+03 1.894953e-02 
1.425608e+03 1.903709e-02 
1.428894e+03 1.912505e-02 
1.432188e+03 1.921342e-02 
1.435489e+03 1.930220e-02 
1.438799e+03 1.939139e-02 
1.442115e+03 1.948099e-02 
1.445440e+03 1.957101e-02 
1.448772e+03 1.966144e-02 
1.452112e+03 1.975229e-02 
1.455459e+03 1.984356e-02 
1.458814e+03 1.993525e-02 
1.462177e+03 2.002737e-02 
1.465548e+03 2.011991e-02 
1.468926e+03 2.021289e-02 
1.472313e+03 2.030629e-02 
1.475707e+03 2.040012e-02 
1.479108e+03 2.049439e-02 
1.482518e+03 2.058909e-02 
1.485936e+03 2.068423e-02 
1.489361e+03 2.077981e-02 
1.492794e+03 2.087584e-02 
1.496236e+03 2.097231e-02 
1.499685e+03 2.106922e-02 
1.503142e+03 2.116658e-02 
1.506607e+03 2.126440e-02 
1.510080e+03 2.136266e-02 
1.513561e+03 2.146138e-02 
1.517050e+03 2.156056e-02 
1.520548e+03 2.166020e-02 
1.524053e+03 2.176030e-02 
1.527566e+03 2.186086e-02 
1.531087e+03 2.196188e-02 
1.534617e+03 2.206337e-02 
1.538155e+03 2.216534e-02 
1.541700e+03 2.226777e-02 
1.545254e+03 2.237068e-02 
1.548817e+03 2.247406e-02 
1.552387e+03 2.257793e-02 
1.555966e+03 2.268227e-02 
1.559553e+03 2.278710e-02 
1.563148e+03 2.289241e-02 
1.566751e+03 2.299821e-02 
1.570363e+03 2.310449e-02 
1.573983e+03 2.321127e-02 
1.577611e+03 2.331855e-02 
1.581248e+03 2.342632e-02 
1.584893e+03 2.353459e-02 
1.588547e+03 2.364336e-02 
1.592209e+03 2.375263e-02 
1.595879e+03 2.386241e-02 
1.599558e+03 2.397270e-02 
1.603245e+03 2.408350e-02 
1.606941e+03 2.419481e-02 
1.610646e+03 2.430663e-02 
1.614359e+03 2.441898e-02 
1.618080e+03 2.453184e-02 
1.621810e+03 2.464522e-02 
1.625549e+03 2.475913e-02 
1.629296e+03 2.487357e-02 
1.633052e+03 2.498854e-02 
1.636817e+03 2.510404e-02 
1.640590e+03 2.522007e-02 
1.644372e+03 2.533664e-02 
1.648162e+03 2.545375e-02 
1.651962e+03 2.557141e-02 
1.655770e+03 2.568960e-02 
1.659587e+03 2.580835e-02 
1.663413e+03 2.592764e-02 
1.667247e+03 2.604749e-02 
1.671091e+03 2.616789e-02 
1.674943e+03 2.628885e-02 
1.678804e+03 2.641036e-02 
1.682674e+03 2.653244e-02 
1.686553e+03 2.665509e-02 
1.690441e+03 2.677830e-02 
1.694338e+03 2.690209e-02 
1.698244e+03 2.702644e-02 
1.702159e+03 2.715138e-02 
1.706082e+03 2.727689e-02 
1.710015e+03 2.740298e-02 
1.713957e+03 2.752965e-02 
1.717908e+03 2.765692e-02 
1.721869e+03 2.778477e-02 
1.725838e+03 2.791321e-02 
1.729816e+03 2.804225e-02 
1.733804e+03 2.817188e-02 
1.737801e+03 2.830212e-02 
1.741807e+03 2.843296e-02 
1.745822e+03 2.856440e-02 
1.749847e+03 2.869646e-02 
1.753881e+03 2.882912e-02 
1.757924e+03 2.896240e-02 
1.761976e+03 2.909629e-02 
1.766038e+03 2.923081e-02 
1.770109e+03 2.936595e-02 
1.774189e+03 2.950171e-02 
1.778279e+03 2.963811e-02 
1.782379e+03 2.977513e-02 
1.786488e+03 2.991279e-02 
1.790606e+03 3.005109e-02 
1.794734e+03 3.019002e-02 
1.798871e+03 3.032960e-02 
1.803018e+03 3.046983e-02 
1.807174e+03 3.061071e-02 
1.811340e+03 3.075224e-02 
1.815516e+03 3.089442e-02 
1.819701e+03 3.103726e-02 
1.823896e+03 3.118077e-02 
1.828100e+03 3.132494e-02 
1.832314e+03 3.146977e-02 
1.836538e+03 3.161528e-02 
1.840772e+03 3.176146e-02 
1.845015e+03 3.190832e-02 
1.849269e+03 3.205586e-02 
1.853532e+03 3.220408e-02 
1.857804e+03 3.235299e-02 
1.862087e+03 3.250259e-02 
1.866380e+03 3.265288e-02 
1.870682e+03 3.280387e-02 
1.874995e+03 3.295555e-02 
1.879317e+03 3.310794e-02 
1.883649e+03 3.326104e-02 
1.887991e+03 3.341484e-02 
1.892344e+03 3.356936e-02 
1.896706e+03 3.372459e-02 
1.901078e+03 3.388055e-02 
1.905461e+03 3.403722e-02 
1.909853e+03 3.419462e-02 
1.914256e+03 3.435275e-02 
1.918669e+03 3.451162e-02 
1.923092e+03 3.467121e-02 
1.927525e+03 3.483155e-02 
1.931968e+03 3.499263e-02 
1.936422e+03 3.515446e-02 
1.940886e+03 3.531704e-02 
1.945360e+03 3.548037e-02 
1.949845e+03 3.564446e-02 
1.954339e+03 3.580930e-02 
1.958845e+03 3.597491e-02 
1.963360e+03 3.614129e-02 
1.967886e+03 3.630844e-02 
1.972423e+03 3.647637e-02 
1.976970e+03 3.664507e-02 
1.981527e+03 3.681455e-02 
1.986095e+03 3.698482e-02 
1.990673e+03 3.715588e-02 
1.995262e+03 3.732774e-02 
1.999862e+03 3.750038e-02 
2.004472e+03 3.767383e-02 
2.009093e+03 3.784808e-02 
2.013724e+03 3.802314e-02 
2.018366e+03 3.819902e-02 
2.023019e+03 3.837570e-02 
2.027683e+03 3.855321e-02 
2.032357e+03 3.873154e-02 
2.037042e+03 3.891069e-02 
2.041738e+03 3.909068e-02 
2.046445e+03 3.927149e-02 
2.051162e+03 3.945315e-02 
2.055891e+03 3.963565e-02 
2.060630e+03 3.981900e-02 
2.065380e+03 4.000319e-02 
2.070141e+03 4.018824e-02 
2.074914e+03 4.037415e-02 
2.079697e+03 4.056092e-02 
2.084491e+03 4.074856e-02 
2.089296e+03 4.093706e-02 
2.094112e+03 4.112644e-02 
2.098940e+03 4.131670e-02 
2.103778e+03 4.150784e-02 
2.108628e+03 4.169986e-02 
2.113489e+03 4.189278e-02 
2.118361e+03 4.208659e-02 
2.123244e+03 4.228130e-02 
2.128139e+03 4.247691e-02 
2.133045e+03 4.267343e-02 
2.137962e+03 4.287086e-02 
2.142891e+03 4.306921e-02 
2.147830e+03 4.326848e-02 
2.152782e+03 4.346867e-02 
2.157744e+03 4.366978e-02 
2.162719e+03 4.387184e-02 
2.167704e+03 4.407482e-02 
2.172701e+03 4.427875e-02 
2.177710e+03 4.448363e-02 
2.182730e+03 4.468946e-02 
2.187762e+03 4.489624e-02 
2.192805e+03 4.510398e-02 
2.197860e+03 4.531268e-02 
2.202926e+03 4.552235e-02 
2.208005e+03 4.573300e-02 
2.213095e+03 4.594462e-02 
2.218196e+03 4.615722e-02 
2.223310e+03 4.637081e-02 
2.228435e+03 4.658539e-02 
2.233572e+03 4.680096e-02 
2.238721e+03 4.701754e-02 
2.243882e+03 4.723512e-02 
2.249055e+03 4.745371e-02 
2.254239e+03 4.767331e-02 
2.259436e+03 4.789394e-02 
2.264644e+03 4.811558e-02 
2.269865e+03 4.833826e-02 
2.275097e+03 4.856197e-02 
2.280342e+03 4.878671e-02 
2.285599e+03 4.901250e-02 
2.290868e+03 4.923934e-02 
2.296149e+03 4.946723e-02 
2.301442e+03 4.969618e-02 
2.306747e+03 4.992619e-02 
2.312065e+03 5.015727e-02 
2.317395e+03 5.038942e-02 
2.322737e+03 5.062264e-02 
2.328091e+03 5.085695e-02 
2.333458e+03 5.109235e-02 
2.338837e+03 5.132884e-02 
2.344229e+03 5.156643e-02 
2.349633e+03 5.180512e-02 
2.355049e+03 5.204492e-02 
2.360478e+03 5.228583e-02 
2.365920e+03 5.252786e-02 
2.371374e+03 5.277101e-02 
2.376840e+03 5.301529e-02 
2.382319e+03 5.326071e-02 
2.387811e+03 5.350726e-02 
2.393316e+03 5.375497e-02 
2.398833e+03 5.400382e-02 
2.404363e+03 5.425382e-02 
2.409905e+03 5.450499e-02 
2.415461e+03 5.475732e-02 
2.421029e+03 5.501083e-02 
2.426610e+03 5.526551e-02 
2.432204e+03 5.552137e-02 
2.437811e+03 5.577842e-02 
2.443431e+03 5.603667e-02 
2.449063e+03 5.629611e-02 
2.454709e+03 5.655677e-02 
2.460368e+03 5.681863e-02 
2.466039e+03 5.708170e-02 
2.471724e+03 5.734600e-02 
2.477422e+03 5.761153e-02 
2.483133e+03 5.787829e-02 
2.488857e+03 5.814629e-02 
2.494595e+03 5.841553e-02 
2.500345e+03 5.868603e-02 
2.506109e+03 5.895778e-02 
2.511886e+03 5.923079e-02 
2.517677e+03 5.950507e-02 
2.523481e+03 5.978063e-02 
2.529298e+03 6.005746e-02 
2.535129e+03 6.033559e-02 
2.540973e+03 6.061500e-02 
2.546830e+03 6.089571e-02 
2.552701e+03 6.117773e-02 
2.558586e+03 6.146106e-02 
2.564484e+03 6.174570e-02 
2.570396e+03 6.203167e-02 
2.576321e+03 6.231897e-02 
2.582260e+03 6.260760e-02 
2.588213e+03 6.289757e-02 
2.594179e+03 6.318889e-02 
2.600160e+03 6.348156e-02 
2.606154e+03 6.377560e-02 
2.612161e+03 6.407100e-02 
2.618183e+03 6.436777e-02 
2.624219e+03 6.466592e-02 
2.630268e+03 6.496546e-02 
2.636331e+03 6.526640e-02 
2.642409e+03 6.556873e-02 
2.648500e+03 6.587246e-02 
2.654606e+03 6.617761e-02 
2.660725e+03 6.648418e-02 
2.666859e+03 6.679217e-02 
2.673006e+03 6.710159e-02 
2.679168e+03 6.741246e-02 
2.685344e+03 6.772476e-02 
2.691535e+03 6.803852e-02 
2.697739e+03 6.835374e-02 
2.703958e+03 6.867043e-02 
2.710192e+03 6.898859e-02 
2.716439e+03 6.930823e-02 
2.722701e+03 6.962935e-02 
2.728978e+03 6.995197e-02 
2.735269e+03 7.027609e-02 
2.741574e+03 7.060171e-02 
2.747894e+03 7.092885e-02 
2.754229e+03 7.125751e-02 
2.760578e+03 7.158770e-02 
2.766942e+03 7.191943e-02 
2.773320e+03 7.225270e-02 
2.779713e+03 7.258752e-02 
2.786121e+03 7.292390e-02 
2.792544e+03 7.326184e-02 
2.798981e+03 7.360136e-02 
2.805434e+03 7.394245e-02 
2.811901e+03 7.428514e-02 
2.818383e+03 7.462941e-02 
2.824880e+03 7.497529e-02 
2.831392e+03 7.532278e-02 
2.837919e+03 7.567189e-02 
2.844461e+03 7.602262e-02 
2.851018e+03 7.637498e-02 
2.857591e+03 7.672898e-02 
2.864178e+03 7.708463e-02 
2.870781e+03 7.744194e-02 
2.877398e+03 7.780091e-02 
2.884032e+03 7.816155e-02 
2.890680e+03 7.852387e-02 
2.897344e+03 7.888787e-02 
2.904023e+03 7.925357e-02 
2.910717e+03 7.962098e-02 
2.917427e+03 7.999009e-02 
2.924152e+03 8.036092e-02 
2.930893e+03 8.073348e-02 
2.937650e+03 8.110777e-02 
2.944422e+03 8.148381e-02 
2.951209e+03 8.186160e-02 
2.958012e+03 8.224115e-02 
2.964831e+03 8.262246e-02 
2.971666e+03 8.300555e-02 
2.978516e+03 8.339043e-02 
2.985383e+03 8.377710e-02 
2.992265e+03 8.416556e-02 
2.999163e+03 8.455584e-02 
3.006076e+03 8.494794e-02 
3.013006e+03 8.534186e-02 
3.019952e+03 8.573762e-02 
3.026913e+03 8.613522e-02 
3.033891e+03 8.653468e-02 
3.040885e+03 8.693599e-02 
3.047895e+03 8.733918e-02 
3.054921e+03 8.774424e-02 
3.061963e+03 8.815120e-02 
3.069022e+03 8.856005e-02 
3.076097e+03 8.897080e-02 
3.083188e+03 8.938347e-02 
3.090295e+03 8.979806e-02 
3.097419e+03 9.021459e-02 
3.104560e+03 9.063305e-02 
3.111716e+03 9.105347e-02 
3.118890e+03 9.147585e-02 
3.126079e+03 9.190019e-02 
3.133286e+03 9.232651e-02 
3.140509e+03 9.275483e-02 
3.147748e+03 9.318514e-02 
3.155005e+03 9.361745e-02 
3.162278e+03 9.405178e-02 
3.169567e+03 9.448814e-02 
3.176874e+03 9.492653e-02 
3.184198e+03 9.536697e-02 
3.191538e+03 9.580946e-02 
3.198895e+03 9.625401e-02 
3.206269e+03 9.670064e-02 
3.213661e+03 9.714935e-02 
3.221069e+03 9.760015e-02 
3.228494e+03 9.805306e-02 
3.235937e+03 9.850808e-02 
3.243396e+03 9.896522e-02 
3.250873e+03 9.942450e-02 
3.258367e+03 9.988592e-02 
3.265878e+03 1.003495e-01 
3.273407e+03 1.008152e-01 
3.280953e+03 1.012831e-01 
3.288516e+03 1.017532e-01 
3.296097e+03 1.022255e-01 
3.303695e+03 1.027000e-01 
3.311311e+03 1.031767e-01 
3.318945e+03 1.036556e-01 
3.326596e+03 1.041368e-01 
3.334264e+03 1.046202e-01 
3.341950e+03 1.051059e-01 
3.349654e+03 1.055938e-01 
3.357376e+03 1.060840e-01 
3.365116e+03 1.065765e-01 
3.372873e+03 1.070713e-01 
3.380648e+03 1.075685e-01 
3.388442e+03 1.080679e-01 
3.396253e+03 1.085697e-01 
3.404082e+03 1.090738e-01 
3.411929e+03 1.095802e-01 
3.419794e+03 1.100891e-01 
3.427678e+03 1.106003e-01 
3.435579e+03 1.111139e-01 
3.443499e+03 1.116299e-01 
3.451437e+03 1.121483e-01 
3.459394e+03 1.126691e-01 
3.467369e+03 1.131924e-01 
3.475362e+03 1.137181e-01 
3.483373e+03 1.142462e-01 
3.491403e+03 1.147769e-01 
3.499452e+03 1.153100e-01 
3.507519e+03 1.158456e-01 
3.515604e+03 1.163837e-01 
3.523709e+03 1.169243e-01 
3.531832e+03 1.174675e-01 
3.539973e+03 1.180132e-01 
3.548134e+03 1.185614e-01 
3.556313e+03 1.191122e-01 
3.564511e+03 1.196656e-01 
3.572728e+03 1.202216e-01 
3.580964e+03 1.207801e-01 
3.589219e+03 1.213413e-01 
3.597493e+03 1.219051e-01 
3.605786e+03 1.224716e-01 
3.614099e+03 1.230407e-01 
3.622430e+03 1.236124e-01 
3.630781e+03 1.241868e-01 
3.639150e+03 1.247640e-01 
3.647539e+03 1.253438e-01 
3.655948e+03 1.259263e-01 
3.664376e+03 1.265116e-01 
3.672823e+03 1.270996e-01 
3.681290e+03 1.276903e-01 
3.689776e+03 1.282838e-01 
3.698282e+03 1.288801e-01 
3.706807e+03 1.294792e-01 
3.715352e+03 1.300811e-01 
3.723917e+03 1.306858e-01 
3.732502e+03 1.312933e-01 
3.741106e+03 1.319037e-01 
3.749730e+03 1.325169e-01 
3.758374e+03 1.331330e-01 
3.767038e+03 1.337520e-01 
3.775722e+03 1.343739e-01 
3.784426e+03 1.349987e-01 
3.793150e+03 1.356265e-01 
3.801894e+03 1.362571e-01 
3.810658e+03 1.368908e-01 
3.819443e+03 1.375274e-01 
3.828247e+03 1.381669e-01 
3.837072e+03 1.388095e-01 
3.845918e+03 1.394551e-01 
3.854784e+03 1.401037e-01 
3.863670e+03 1.407554e-01 
3.872576e+03 1.414101e-01 
3.881504e+03 1.420678e-01 
3.890451e+03 1.427287e-01 
3.899420e+03 1.433926e-01 
3.908409e+03 1.440597e-01 
3.917419e+03 1.447299e-01 
3.926449e+03 1.454032e-01 
3.935501e+03 1.460797e-01 
3.944573e+03 1.467594e-01 
3.953666e+03 1.474423e-01 
3.962780e+03 1.481283e-01 
3.971915e+03 1.488176e-01 
3.981072e+03 1.495101e-01 
3.990249e+03 1.502059e-01 
3.999447e+03 1.509049e-01 
4.008667e+03 1.516072e-01 
4.017908e+03 1.523128e-01 
4.027170e+03 1.530217e-01 
4.036454e+03 1.537339e-01 
4.045759e+03 1.544495e-01 
4.055085e+03 1.551685e-01 
4.064433e+03 1.558908e-01 
4.073803e+03 1.566165e-01 
4.083194e+03 1.573456e-01 
4.092607e+03 1.580781e-01 
4.102041e+03 1.588141e-01 
4.111497e+03 1.595535e-01 
4.120975e+03 1.602964e-01 
4.130475e+03 1.610428e-01 
4.139997e+03 1.617927e-01 
4.149540e+03 1.625461e-01 
4.159106e+03 1.633031e-01 
4.168694e+03 1.640636e-01 
4.178304e+03 1.648277e-01 
4.187936e+03 1.655954e-01 
4.197590e+03 1.663667e-01 
4.207266e+03 1.671416e-01 
4.216965e+03 1.679202e-01 
4.226686e+03 1.687024e-01 
4.236430e+03 1.694883e-01 
4.246196e+03 1.702779e-01 
4.255984e+03 1.710712e-01 
4.265795e+03 1.718682e-01 
4.275629e+03 1.726690e-01 
4.285485e+03 1.734735e-01 
4.295364e+03 1.742819e-01 
4.305266e+03 1.750940e-01 
4.315191e+03 1.759099e-01 
4.325138e+03 1.767297e-01 
4.335109e+03 1.775534e-01 
4.345102e+03 1.783809e-01 
4.355119e+03 1.792123e-01 
4.365158e+03 1.800477e-01 
4.375221e+03 1.808869e-01 
4.385307e+03 1.817301e-01 
4.395416e+03 1.825773e-01 
4.405549e+03 1.834285e-01 
4.415704e+03 1.842837e-01 
4.425884e+03 1.851429e-01 
4.436086e+03 1.860061e-01 
4.446313e+03 1.868735e-01 
4.456562e+03 1.877449e-01 
4.466836e+03 1.886204e-01 
4.477133e+03 1.895000e-01 
4.487454e+03 1.903838e-01 
4.497799e+03 1.912717e-01 
4.508167e+03 1.921639e-01 
4.518559e+03 1.930602e-01 
4.528976e+03 1.939608e-01 
4.539416e+03 1.948656e-01 
4.549881e+03 1.957747e-01 
4.560369e+03 1.966880e-01 
4.570882e+03 1.976057e-01 
4.581419e+03 1.985277e-01 
4.591980e+03 1.994540e-01 
4.602566e+03 2.003847e-01 
4.613176e+03 2.013198e-01 
4.623810e+03 2.022593e-01 
4.634469e+03 2.032033e-01 
4.645153e+03 2.041517e-01 
4.655861e+03 2.051045e-01 
4.666594e+03 2.060619e-01 
4.677351e+03 2.070238e-01 
4.688134e+03 2.079902e-01 
4.698941e+03 2.089612e-01 
4.709773e+03 2.099368e-01 
4.720630e+03 2.109170e-01 
4.731513e+03 2.119018e-01 
4.742420e+03 2.128913e-01 
4.753352e+03 2.138854e-01 
4.764310e+03 2.148842e-01 
4.775293e+03 2.158878e-01 
4.786301e+03 2.168961e-01 
4.797334e+03 2.179092e-01 
4.808393e+03 2.189270e-01 
4.819478e+03 2.199497e-01 
4.830588e+03 2.209772e-01 
4.841724e+03 2.220095e-01 
4.852885e+03 2.230468e-01 
4.864072e+03 2.240889e-01 
4.875285e+03 2.251360e-01 
4.886524e+03 2.261880e-01 
4.897788e+03 2.272450e-01 
4.909079e+03 2.283070e-01 
4.920395e+03 2.293740e-01 
4.931738e+03 2.304461e-01 
4.943107e+03 2.315232e-01 
4.954502e+03 2.326055e-01 
4.965923e+03 2.336928e-01 
4.977371e+03 2.347853e-01 
4.988845e+03 2.358830e-01 
5.000345e+03 2.369859e-01 
5.011872e+03 2.380940e-01 
5.023426e+03 2.392074e-01 
5.035006e+03 2.403260e-01 
5.046613e+03 2.414500e-01 
5.058247e+03 2.425792e-01 
5.069907e+03 2.437138e-01 
5.081594e+03 2.448538e-01 
5.093309e+03 2.459992e-01 
5.105050e+03 2.471500e-01 
5.116818e+03 2.483063e-01 
5.128614e+03 2.494681e-01 
5.140437e+03 2.506353e-01 
5.152286e+03 2.518081e-01 
5.164164e+03 2.529865e-01 
5.176068e+03 2.541705e-01 
5.188000e+03 2.553600e-01 
5.199960e+03 2.565552e-01 
5.211947e+03 2.577561e-01 
5.223962e+03 2.589627e-01 
5.236004e+03 2.601751e-01 
5.248075e+03 2.613931e-01 
5.260173e+03 2.626170e-01 
5.272299e+03 2.638467e-01 
5.284453e+03 2.650822e-01 
5.296634e+03 2.663236e-01 
5.308844e+03 2.675709e-01 
5.321083e+03 2.688241e-01 
5.333349e+03 2.700832e-01 
5.345644e+03 2.713484e-01 
5.357967e+03 2.726195e-01 
5.370318e+03 2.738967e-01 
5.382698e+03 2.751800e-01 
5.395106e+03 2.764694e-01 
5.407543e+03 2.777649e-01 
5.420009e+03 2.790666e-01 
5.432503e+03 2.803745e-01 
5.445027e+03 2.816886e-01 
5.457579e+03 2.830089e-01 
5.470160e+03 2.843355e-01 
5.482770e+03 2.856685e-01 
5.495409e+03 2.870078e-01 
5.508077e+03 2.883534e-01 
5.520774e+03 2.897055e-01 
5.533501e+03 2.910640e-01 
5.546257e+03 2.924290e-01 
5.559043e+03 2.938005e-01 
5.571857e+03 2.951786e-01 
5.584702e+03 2.965632e-01 
5.597576e+03 2.979543e-01 
5.610480e+03 2.993522e-01 
5.623413e+03 3.007567e-01 
5.636377e+03 3.021679e-01 
5.649370e+03 3.035858e-01 
5.662393e+03 3.050105e-01 
5.675446e+03 3.064419e-01 
5.688529e+03 3.078803e-01 
5.701643e+03 3.093254e-01 
5.714786e+03 3.107775e-01 
5.727960e+03 3.122365e-01 
5.741165e+03 3.137025e-01 
5.754399e+03 3.151755e-01 
5.767665e+03 3.166555e-01 
5.780960e+03 3.181426e-01 
5.794287e+03 3.196367e-01 
5.807644e+03 3.211381e-01 
5.821032e+03 3.226466e-01 
5.834451e+03 3.241623e-01 
5.847901e+03 3.256852e-01 
5.861382e+03 3.272155e-01 
5.874894e+03 3.287530e-01 
5.888437e+03 3.302979e-01 
5.902011e+03 3.318502e-01 
5.915616e+03 3.334099e-01 
5.929253e+03 3.349771e-01 
5.942922e+03 3.365518e-01 
5.956621e+03 3.381341e-01 
5.970353e+03 3.397239e-01 
5.984116e+03 3.413213e-01 
5.997911e+03 3.429264e-01 
6.011737e+03 3.445391e-01 
6.025596e+03 3.461596e-01 
6.039486e+03 3.477879e-01 
6.053409e+03 3.494239e-01 
6.067363e+03 3.510678e-01 
6.081350e+03 3.527196e-01 
6.095369e+03 3.543793e-01 
6.109420e+03 3.560470e-01 
6.123504e+03 3.577226e-01 
6.137620e+03 3.594063e-01 
6.151769e+03 3.610981e-01 
6.165950e+03 3.627980e-01 
6.180164e+03 3.645061e-01 
6.194411e+03 3.662224e-01 
6.208690e+03 3.679469e-01 
6.223003e+03 3.696797e-01 
6.237348e+03 3.714208e-01 
6.251727e+03 3.731703e-01 
6.266139e+03 3.749281e-01 
6.280584e+03 3.766945e-01 
6.295062e+03 3.784693e-01 
6.309573e+03 3.802527e-01 
6.324119e+03 3.820446e-01 
6.338697e+03 3.838452e-01 
6.353309e+03 3.856544e-01 
6.367955e+03 3.874724e-01 
6.382635e+03 3.892991e-01 
6.397348e+03 3.911345e-01 
6.412096e+03 3.929789e-01 
6.426877e+03 3.948321e-01 
6.441693e+03 3.966942e-01 
6.456542e+03 3.985653e-01 
6.471426e+03 4.004454e-01 
6.486344e+03 4.023346e-01 
6.501297e+03 4.042329e-01 
6.516284e+03 4.061403e-01 
6.531306e+03 4.080570e-01 
6.546362e+03 4.099829e-01 
6.561453e+03 4.119180e-01 
6.576578e+03 4.138626e-01 
6.591739e+03 4.158165e-01 
6.606934e+03 4.177798e-01 
6.622165e+03 4.197526e-01 
6.637431e+03 4.217350e-01 
6.652732e+03 4.237269e-01 
6.668068e+03 4.257285e-01 
6.683439e+03 4.277397e-01 
6.698846e+03 4.297607e-01 
6.714289e+03 4.317914e-01 
6.729767e+03 4.338319e-01 
6.745280e+03 4.358824e-01 
6.760830e+03 4.379427e-01 
6.776415e+03 4.400130e-01 
6.792036e+03 4.420933e-01 
6.807694e+03 4.441837e-01 
6.823387e+03 4.462843e-01 
6.839116e+03 4.483950e-01 
6.854882e+03 4.505159e-01 
6.870684e+03 4.526471e-01 
6.886523e+03 4.547887e-01 
6.902398e+03 4.569406e-01 
6.918310e+03 4.591029e-01 
6.934258e+03 4.612758e-01 
6.950243e+03 4.634592e-01 
6.966265e+03 4.656532e-01 
6.982324e+03 4.678578e-01 
6.998420e+03 4.700731e-01 
7.014553e+03 4.722992e-01 
7.030723e+03 4.745361e-01 
7.046931e+03 4.767839e-01 
7.063176e+03 4.790426e-01 
7.079458e+03 4.813123e-01 
7.095778e+03 4.835930e-01 
7.112135e+03 4.858848e-01 
7.128530e+03 4.881878e-01 
7.144963e+03 4.905020e-01 
7.161434e+03 4.928274e-01 
7.177943e+03 4.951641e-01 
7.194490e+03 4.975123e-01 
7.211075e+03 4.998718e-01 
7.227698e+03 5.022429e-01 
7.244360e+03 5.046255e-01 
7.261060e+03 5.070197e-01 
7.277798e+03 5.094256e-01 
7.294575e+03 5.118433e-01 
7.311391e+03 5.142727e-01 
7.328245e+03 5.167140e-01 
7.345139e+03 5.191672e-01 
7.362071e+03 5.216323e-01 
7.379042e+03 5.241095e-01 
7.396053e+03 5.265989e-01 
7.413102e+03 5.291003e-01 
7.430191e+03 5.316140e-01 
7.447320e+03 5.341400e-01 
7.464488e+03 5.366784e-01 
7.481695e+03 5.392291e-01 
7.498942e+03 5.417923e-01 
7.516229e+03 5.443681e-01 
7.533556e+03 5.469565e-01 
7.550922e+03 5.495576e-01 
7.568329e+03 5.521714e-01 
7.585776e+03 5.547980e-01 
7.603263e+03 5.574375e-01 
7.620790e+03 5.600899e-01 
7.638358e+03 5.627553e-01 
7.655966e+03 5.654338e-01 
7.673615e+03 5.681254e-01 
7.691304e+03 5.708303e-01 
7.709035e+03 5.735484e-01 
7.726806e+03 5.762799e-01 
7.744618e+03 5.790248e-01 
7.762471e+03 5.817831e-01 
7.780366e+03 5.845551e-01 
7.798301e+03 5.873406e-01 
7.816278e+03 5.901399e-01 
7.834296e+03 5.929529e-01 
7.852356e+03 5.957798e-01 
7.870458e+03 5.986206e-01 
7.888601e+03 6.014754e-01 
7.906786e+03 6.043442e-01 
7.925013e+03 6.072272e-01 
7.943282e+03 6.101243e-01 
7.961594e+03 6.130358e-01 
7.979947e+03 6.159616e-01 
7.998343e+03 6.189018e-01 
8.016781e+03 6.218566e-01 
8.035261e+03 6.248259e-01 
8.053784e+03 6.278099e-01 
8.072350e+03 6.308087e-01 
8.090959e+03 6.338222e-01 
8.109611e+03 6.368507e-01 
8.128305e+03 6.398941e-01 
8.147043e+03 6.429526e-01 
8.165824e+03 6.460262e-01 
8.184648e+03 6.491150e-01 
8.203515e+03 6.522191e-01 
8.222426e+03 6.553385e-01 
8.241381e+03 6.584735e-01 
8.260379e+03 6.616239e-01 
8.279422e+03 6.647900e-01 
8.298508e+03 6.679718e-01 
8.317638e+03 6.711693e-01 
8.336812e+03 6.743827e-01 
8.356030e+03 6.776121e-01 
8.375293e+03 6.808575e-01 
8.394600e+03 6.841190e-01 
8.413951e+03 6.873968e-01 
8.433348e+03 6.906908e-01 
8.452788e+03 6.940012e-01 
8.472274e+03 6.973280e-01 
8.491805e+03 7.006715e-01 
8.511380e+03 7.040315e-01 
8.531001e+03 7.074083e-01 
8.550667e+03 7.108019e-01 
8.570378e+03 7.142124e-01 
8.590135e+03 7.176400e-01 
8.609938e+03 7.210846e-01 
8.629785e+03 7.245464e-01 
8.649679e+03 7.280254e-01 
8.669619e+03 7.315219e-01 
8.689604e+03 7.350358e-01 
8.709636e+03 7.385672e-01 
8.729714e+03 7.421163e-01 
8.749838e+03 7.456832e-01 
8.770008e+03 7.492679e-01 
8.790225e+03 7.528705e-01 
8.810489e+03 7.564911e-01 
8.830799e+03 7.601299e-01 
8.851156e+03 7.637869e-01 
8.871560e+03 7.674623e-01 
8.892011e+03 7.711560e-01 
8.912509e+03 7.748683e-01 
8.933055e+03 7.785992e-01 
8.953648e+03 7.823488e-01 
8.974288e+03 7.861173e-01 
8.994976e+03 7.899047e-01 
9.015711e+03 7.937111e-01 
9.036495e+03 7.975366e-01 
9.057326e+03 8.013814e-01 
9.078205e+03 8.052455e-01 
9.099133e+03 8.091291e-01 
9.120108e+03 8.130323e-01 
9.141132e+03 8.169551e-01 
9.162205e+03 8.208976e-01 
9.183326e+03 8.248601e-01 
9.204496e+03 8.288425e-01 
9.225714e+03 8.328450e-01 
9.246982e+03 8.368677e-01 
9.268298e+03 8.409108e-01 
9.289664e+03 8.449742e-01 
9.311079e+03 8.490582e-01 
9.332543e+03 8.531629e-01 
9.354057e+03 8.572883e-01 
9.375620e+03 8.614346e-01 
9.397233e+03 8.656018e-01 
9.418896e+03 8.697902e-01 
9.440609e+03 8.739999e-01 
9.462372e+03 8.782308e-01 
9.484185e+03 8.824832e-01 
9.506048e+03 8.867572e-01 
9.527962e+03 8.910529e-01 
9.549926e+03 8.953704e-01 
9.571941e+03 8.997099e-01 
9.594006e+03 9.040714e-01 
9.616123e+03 9.084551e-01 
9.638290e+03 9.128611e-01 
9.660509e+03 9.172895e-01 
9.682779e+03 9.217405e-01 
9.705100e+03 9.262142e-01 
9.727472e+03 9.307106e-01 
9.749896e+03 9.352300e-01 
9.772372e+03 9.397725e-01 
9.794900e+03 9.443381e-01 
9.817479e+03 9.489271e-01 
9.840111e+03 9.535395e-01 
9.862795e+03 9.581755e-01 
9.885531e+03 9.628353e-01 
9.908319e+03 9.675188e-01 
9.931160e+03 9.722264e-01 
9.954054e+03 9.769580e-01 
9.977001e+03 9.817139e-01 
1.000000e+04 9.864942e-01 
1.002305e+04 9.912990e-01 
1.004616e+04 9.961285e-01 
1.006932e+04 1.000983e+00 
1.009253e+04 1.005862e+00 
1.011579e+04 1.010766e+00 
1.013911e+04 1.015696e+00 
1.016249e+04 1.020651e+00 
1.018591e+04 1.025631e+00 
1.020939e+04 1.030637e+00 
1.023293e+04 1.035669e+00 
1.025652e+04 1.040727e+00 
1.028016e+04 1.045811e+00 
1.030386e+04 1.050921e+00 
1.032761e+04 1.056058e+00 
1.035142e+04 1.061221e+00 
1.037528e+04 1.066410e+00 
1.039920e+04 1.071627e+00 
1.042317e+04 1.076871e+00 
1.044720e+04 1.082142e+00 
1.047129e+04 1.087440e+00 
1.049542e+04 1.092765e+00 
1.051962e+04 1.098118e+00 
1.054387e+04 1.103499e+00 
1.056818e+04 1.108908e+00 
1.059254e+04 1.114345e+00 
1.061696e+04 1.119811e+00 
1.064143e+04 1.125305e+00 
1.066596e+04 1.130827e+00 
1.069055e+04 1.136378e+00 
1.071519e+04 1.141958e+00 
1.073989e+04 1.147567e+00 
1.076465e+04 1.153206e+00 
1.078947e+04 1.158874e+00 
1.081434e+04 1.164571e+00 
1.083927e+04 1.170298e+00 
1.086426e+04 1.176055e+00 
1.088930e+04 1.181843e+00 
1.091440e+04 1.187660e+00 
1.093956e+04 1.193508e+00 
1.096478e+04 1.199387e+00 
1.099006e+04 1.205297e+00 
1.101539e+04 1.211237e+00 
1.104079e+04 1.217209e+00 
1.106624e+04 1.223213e+00 
1.109175e+04 1.229247e+00 
1.111732e+04 1.235314e+00 
1.114295e+04 1.241412e+00 
1.116863e+04 1.247543e+00 
1.119438e+04 1.253706e+00 
1.122018e+04 1.259901e+00 
1.124605e+04 1.266130e+00 
1.127197e+04 1.272391e+00 
1.129796e+04 1.278685e+00 
1.132400e+04 1.285012e+00 
1.135011e+04 1.291373e+00 
1.137627e+04 1.297768e+00 
1.140250e+04 1.304196e+00 
1.142878e+04 1.310659e+00 
1.145513e+04 1.317156e+00 
1.148154e+04 1.323687e+00 
1.150800e+04 1.330253e+00 
1.153453e+04 1.336854e+00 
1.156112e+04 1.343491e+00 
1.158777e+04 1.350162e+00 
1.161449e+04 1.356869e+00 
1.164126e+04 1.363612e+00 
1.166810e+04 1.370391e+00 
1.169499e+04 1.377206e+00 
1.172195e+04 1.384057e+00 
1.174898e+04 1.390945e+00 
1.177606e+04 1.397870e+00 
1.180321e+04 1.404832e+00 
1.183042e+04 1.411831e+00 
1.185769e+04 1.418868e+00 
1.188502e+04 1.425943e+00 
1.191242e+04 1.433056e+00 
1.193988e+04 1.440206e+00 
1.196741e+04 1.447396e+00 
1.199499e+04 1.454624e+00 
1.202264e+04 1.461891e+00 
1.205036e+04 1.469197e+00 
1.207814e+04 1.476542e+00 
1.210598e+04 1.483927e+00 
1.213389e+04 1.491352e+00 
1.216186e+04 1.498818e+00 
1.218990e+04 1.506323e+00 
1.221800e+04 1.513869e+00 
1.224616e+04 1.521457e+00 
1.227439e+04 1.529085e+00 
1.230269e+04 1.536755e+00 
1.233105e+04 1.544466e+00 
1.235947e+04 1.552219e+00 
1.238797e+04 1.560015e+00 
1.241652e+04 1.567853e+00 
1.244515e+04 1.575733e+00 
1.247384e+04 1.583657e+00 
1.250259e+04 1.591624e+00 
1.253141e+04 1.599634e+00 
1.256030e+04 1.607688e+00 
1.258925e+04 1.615786e+00 
1.261828e+04 1.623929e+00 
1.264736e+04 1.632116e+00 
1.267652e+04 1.640348e+00 
1.270574e+04 1.648626e+00 
1.273503e+04 1.656948e+00 
1.276439e+04 1.665317e+00 
1.279381e+04 1.673732e+00 
1.282331e+04 1.682193e+00 
1.285287e+04 1.690700e+00 
1.288250e+04 1.699255e+00 
1.291219e+04 1.707857e+00 
1.294196e+04 1.716506e+00 
1.297179e+04 1.725203e+00 
1.300170e+04 1.733949e+00 
1.303167e+04 1.742742e+00 
1.306171e+04 1.751585e+00 
1.309182e+04 1.760477e+00 
1.312200e+04 1.769418e+00 
1.315225e+04 1.778409e+00 
1.318257e+04 1.787450e+00 
1.321296e+04 1.796541e+00 
1.324342e+04 1.805683e+00 
1.327394e+04 1.814876e+00 
1.330454e+04 1.824121e+00 
1.333521e+04 1.833417e+00 
1.336596e+04 1.842765e+00 
1.339677e+04 1.852166e+00 
1.342765e+04 1.861619e+00 
1.345860e+04 1.871125e+00 
1.348963e+04 1.880685e+00 
1.352073e+04 1.890299e+00 
1.355189e+04 1.899967e+00 
1.358313e+04 1.909689e+00 
1.361445e+04 1.919466e+00 
1.364583e+04 1.929298e+00 
1.367729e+04 1.939186e+00 
1.370882e+04 1.949130e+00 
1.374042e+04 1.959130e+00 
1.377209e+04 1.969187e+00 
1.380384e+04 1.979301e+00 
1.383566e+04 1.989472e+00 
1.386756e+04 1.999701e+00 
1.389953e+04 2.009989e+00 
1.393157e+04 2.020335e+00 
1.396368e+04 2.030740e+00 
1.399587e+04 2.041204e+00 
1.402814e+04 2.051729e+00 
1.406048e+04 2.062313e+00 
1.409289e+04 2.072958e+00 
1.412538e+04 2.083665e+00 
1.415794e+04 2.094432e+00 
1.419058e+04 2.105262e+00 
1.422329e+04 2.116154e+00 
1.425608e+04 2.127108e+00 
1.428894e+04 2.138126e+00 
1.432188e+04 2.149207e+00 
1.435489e+04 2.160353e+00 
1.438799e+04 2.171562e+00 
1.442115e+04 2.182837e+00 
1.445440e+04 2.194177e+00 
1.448772e+04 2.205583e+00 
1.452112e+04 2.217055e+00 
1.455459e+04 2.228594e+00 
1.458814e+04 2.240201e+00 
1.462177e+04 2.251874e+00 
1.465548e+04 2.263616e+00 
1.468926e+04 2.275427e+00 
1.472313e+04 2.287306e+00 
1.475707e+04 2.299256e+00 
1.479108e+04 2.311275e+00 
1.482518e+04 2.323365e+00 
1.485936e+04 2.335526e+00 
1.489361e+04 2.347758e+00 
1.492794e+04 2.360063e+00 
1.496236e+04 2.372440e+00 
1.499685e+04 2.384890e+00 
1.503142e+04 2.397414e+00 
1.506607e+04 2.410012e+00 
1.510080e+04 2.422685e+00 
1.513561e+04 2.435433e+00 
1.517050e+04 2.448256e+00 
1.520548e+04 2.461156e+00 
1.524053e+04 2.474133e+00 
1.527566e+04 2.487187e+00 
1.531087e+04 2.500319e+00 
1.534617e+04 2.513530e+00 
1.538155e+04 2.526820e+00 
1.541700e+04 2.540189e+00 
1.545254e+04 2.553639e+00 
1.548817e+04 2.567169e+00 
1.552387e+04 2.580781e+00 
1.555966e+04 2.594475e+00 
1.559553e+04 2.608252e+00 
1.563148e+04 2.622112e+00 
1.566751e+04 2.636056e+00 
1.570363e+04 2.650084e+00 
1.573983e+04 2.664197e+00 
1.577611e+04 2.678396e+00 
1.581248e+04 2.692681e+00 
1.584893e+04 2.707054e+00 
1.588547e+04 2.721514e+00 
1.592209e+04 2.736062e+00 
1.595879e+04 2.750700e+00 
1.599558e+04 2.765427e+00 
1.603245e+04 2.780244e+00 
1.606941e+04 2.795152e+00 
1.610646e+04 2.810152e+00 
1.614359e+04 2.825245e+00 
1.618080e+04 2.840430e+00 
1.621810e+04 2.855709e+00 
1.625549e+04 2.871083e+00 
1.629296e+04 2.886552e+00 
1.633052e+04 2.902117e+00 
1.636817e+04 2.917779e+00 
1.640590e+04 2.933538e+00 
1.644372e+04 2.949395e+00 
1.648162e+04 2.965351e+00 
1.651962e+04 2.981407e+00 
1.655770e+04 2.997564e+00 
1.659587e+04 3.013821e+00 
1.663413e+04 3.030181e+00 
1.667247e+04 3.046644e+00 
1.671091e+04 3.063210e+00 
1.674943e+04 3.079880e+00 
1.678804e+04 3.096656e+00 
1.682674e+04 3.113538e+00 
1.686553e+04 3.130527e+00 
1.690441e+04 3.147624e+00 
1.694338e+04 3.164830e+00 
1.698244e+04 3.182144e+00 
1.702159e+04 3.199570e+00 
1.706082e+04 3.217106e+00 
1.710015e+04 3.234755e+00 
1.713957e+04 3.252517e+00 
1.717908e+04 3.270392e+00 
1.721869e+04 3.288383e+00 
1.725838e+04 3.306489e+00 
1.729816e+04 3.324712e+00 
1.733804e+04 3.343053e+00 
1.737801e+04 3.361512e+00 
1.741807e+04 3.380091e+00 
1.745822e+04 3.398790e+00 
1.749847e+04 3.417611e+00 
1.753881e+04 3.436555e+00 
1.757924e+04 3.455622e+00 
1.761976e+04 3.474813e+00 
1.766038e+04 3.494130e+00 
1.770109e+04 3.513574e+00 
1.774189e+04 3.533145e+00 
1.778279e+04 3.552846e+00 
1.782379e+04 3.572675e+00 
1.786488e+04 3.592636e+00 
1.790606e+04 3.612729e+00 
1.794734e+04 3.632955e+00 
1.798871e+04 3.653315e+00 
1.803018e+04 3.673810e+00 
1.807174e+04 3.694441e+00 
1.811340e+04 3.715211e+00 
1.815516e+04 3.736119e+00 
1.819701e+04 3.757167e+00 
1.823896e+04 3.778356e+00 
1.828100e+04 3.799687e+00 
1.832314e+04 3.821162e+00 
1.836538e+04 3.842782e+00 
1.840772e+04 3.864547e+00 
1.845015e+04 3.886460e+00 
1.849269e+04 3.908522e+00 
1.853532e+04 3.930733e+00 
1.857804e+04 3.953095e+00 
1.862087e+04 3.975610e+00 
1.866380e+04 3.998278e+00 
1.870682e+04 4.021102e+00 
1.874995e+04 4.044081e+00 
1.879317e+04 4.067219e+00 
1.883649e+04 4.090516e+00 
1.887991e+04 4.113973e+00 
1.892344e+04 4.137593e+00 
1.896706e+04 4.161375e+00 
1.901078e+04 4.185323e+00 
1.905461e+04 4.209437e+00 
1.909853e+04 4.233718e+00 
1.914256e+04 4.258169e+00 
1.918669e+04 4.282791e+00 
1.923092e+04 4.307584e+00 
1.927525e+04 4.332552e+00 
1.931968e+04 4.357695e+00 
1.936422e+04 4.383015e+00 
1.940886e+04 4.408514e+00 
1.945360e+04 4.434192e+00 
1.949845e+04 4.460053e+00 
1.954339e+04 4.486097e+00 
1.958845e+04 4.512326e+00 
1.963360e+04 4.538741e+00 
1.967886e+04 4.565346e+00 
1.972423e+04 4.592140e+00 
1.976970e+04 4.619126e+00 
1.981527e+04 4.646306e+00 
1.986095e+04 4.673681e+00 
1.990673e+04 4.701254e+00 
1.995262e+04 4.729025e+00 
1.999862e+04 4.756998e+00 
2.004472e+04 4.785173e+00 
2.009093e+04 4.813553e+00 
2.013724e+04 4.842139e+00 
2.018366e+04 4.870933e+00 
2.023019e+04 4.899938e+00 
2.027683e+04 4.929156e+00 
2.032357e+04 4.958587e+00 
2.037042e+04 4.988235e+00 
2.041738e+04 5.018101e+00 
2.046445e+04 5.048187e+00 
2.051162e+04 5.078495e+00 
2.055891e+04 5.109028e+00 
2.060630e+04 5.139788e+00 
2.065380e+04 5.170776e+00 
2.070141e+04 5.201995e+00 
2.074914e+04 5.233447e+00 
2.079697e+04 5.265134e+00 
2.084491e+04 5.297058e+00 
2.089296e+04 5.329222e+00 
2.094112e+04 5.361628e+00 
2.098940e+04 5.394278e+00 
2.103778e+04 5.427175e+00 
2.108628e+04 5.460320e+00 
2.113489e+04 5.493716e+00 
2.118361e+04 5.527366e+00 
2.123244e+04 5.561271e+00 
2.128139e+04 5.595435e+00 
2.133045e+04 5.629860e+00 
2.137962e+04 5.664547e+00 
2.142891e+04 5.699500e+00 
2.147830e+04 5.734722e+00 
2.152782e+04 5.770213e+00 
2.157744e+04 5.805979e+00 
2.162719e+04 5.842019e+00 
2.167704e+04 5.878338e+00 
2.172701e+04 5.914938e+00 
2.177710e+04 5.951822e+00 
2.182730e+04 5.988992e+00 
2.187762e+04 6.026450e+00 
2.192805e+04 6.064200e+00 
2.197860e+04 6.102244e+00 
2.202926e+04 6.140586e+00 
2.208005e+04 6.179226e+00 
2.213095e+04 6.218169e+00 
2.218196e+04 6.257418e+00 
2.223310e+04 6.296974e+00 
2.228435e+04 6.336841e+00 
2.233572e+04 6.377021e+00 
2.238721e+04 6.417518e+00 
2.243882e+04 6.458334e+00 
2.249055e+04 6.499472e+00 
2.254239e+04 6.540934e+00 
2.259436e+04 6.582725e+00 
2.264644e+04 6.624845e+00 
2.269865e+04 6.667300e+00 
2.275097e+04 6.710090e+00 
2.280342e+04 6.753219e+00 
2.285599e+04 6.796691e+00 
2.290868e+04 6.840507e+00 
2.296149e+04 6.884670e+00 
2.301442e+04 6.929184e+00 
2.306747e+04 6.974052e+00 
2.312065e+04 7.019275e+00 
2.317395e+04 7.064857e+00 
2.322737e+04 7.110800e+00 
2.328091e+04 7.157108e+00 
2.333458e+04 7.203783e+00 
2.338837e+04 7.250827e+00 
2.344229e+04 7.298244e+00 
2.349633e+04 7.346035e+00 
2.355049e+04 7.394204e+00 
2.360478e+04 7.442752e+00 
2.365920e+04 7.491683e+00 
2.371374e+04 7.540999e+00 
2.376840e+04 7.590701e+00 
2.382319e+04 7.640792e+00 
2.387811e+04 7.691275e+00 
2.393316e+04 7.742150e+00 
2.398833e+04 7.793421e+00 
2.404363e+04 7.845089e+00 
2.409905e+04 7.897156e+00 
2.415461e+04 7.949622e+00 
2.421029e+04 8.002491e+00 
2.426610e+04 8.055762e+00 
2.432204e+04 8.109437e+00 
2.437811e+04 8.163518e+00 
2.443431e+04 8.218004e+00 
2.449063e+04 8.272897e+00 
2.454709e+04 8.328196e+00 
2.460368e+04 8.383902e+00 
2.466039e+04 8.440014e+00 
2.471724e+04 8.496533e+00 
2.477422e+04 8.553458e+00 
2.483133e+04 8.610787e+00 
2.488857e+04 8.668520e+00 
2.494595e+04 8.726654e+00 
2.500345e+04 8.785188e+00 
2.506109e+04 8.844119e+00 
2.511886e+04 8.903445e+00 
2.517677e+04 8.963162e+00 
2.523481e+04 9.023266e+00 
2.529298e+04 9.083754e+00 
2.535129e+04 9.144620e+00 
2.540973e+04 9.205860e+00 
2.546830e+04 9.267466e+00 
2.552701e+04 9.329434e+00 
2.558586e+04 9.391755e+00 
2.564484e+04 9.454421e+00 
2.570396e+04 9.517424e+00 
2.576321e+04 9.580755e+00 
2.582260e+04 9.644402e+00 
2.588213e+04 9.708355e+00 
2.594179e+04 9.772602e+00 
2.600160e+04 9.837128e+00 
2.606154e+04 9.901921e+00 
2.612161e+04 9.966964e+00 
2.618183e+04 1.003224e+01 
2.624219e+04 1.009774e+01 
2.630268e+04 1.016343e+01 
2.636331e+04 1.022929e+01 
2.642409e+04 1.029531e+01 
2.648500e+04 1.036147e+01 
2.654606e+04 1.042773e+01 
2.660725e+04 1.049407e+01 
2.666859e+04 1.056046e+01 
2.673006e+04 1.062687e+01 
2.679168e+04 1.069327e+01 
2.685344e+04 1.075962e+01 
2.691535e+04 1.082590e+01 
2.697739e+04 1.089205e+01 
2.703958e+04 1.095805e+01 
2.710192e+04 1.102384e+01 
2.716439e+04 1.108939e+01 
2.722701e+04 1.115464e+01 
2.728978e+04 1.121954e+01 
2.735269e+04 1.128405e+01 
2.741574e+04 1.134811e+01 
2.747894e+04 1.141166e+01 
2.754229e+04 1.147464e+01 
2.760578e+04 1.153699e+01 
2.766942e+04 1.159864e+01 
2.773320e+04 1.165952e+01 
2.779713e+04 1.171956e+01 
2.786121e+04 1.177869e+01 
2.792544e+04 1.183684e+01 
2.798981e+04 1.189392e+01 
2.805434e+04 1.194984e+01 
2.811901e+04 1.200454e+01 
2.818383e+04 1.205792e+01 
2.824880e+04 1.210989e+01 
2.831392e+04 1.216036e+01 
2.837919e+04 1.220924e+01 
2.844461e+04 1.225644e+01 
2.851018e+04 1.230186e+01 
2.857591e+04 1.234540e+01 
2.864178e+04 1.238697e+01 
2.870781e+04 1.242648e+01 
2.877398e+04 1.246382e+01 
2.884032e+04 1.249889e+01 
2.890680e+04 1.253161e+01 
2.897344e+04 1.256188e+01 
2.904023e+04 1.258961e+01 
2.910717e+04 1.261470e+01 
2.917427e+04 1.263707e+01 
2.924152e+04 1.265663e+01 
2.930893e+04 1.267331e+01 
2.937650e+04 1.268703e+01 
2.944422e+04 1.269772e+01 
2.951209e+04 1.270531e+01 
2.958012e+04 1.270974e+01 
2.964831e+04 1.271096e+01 
2.971666e+04 1.270892e+01 
2.978516e+04 1.270358e+01 
2.985383e+04 1.269490e+01 
2.992265e+04 1.268287e+01 
2.999163e+04 1.266746e+01 
3.006076e+04 1.264866e+01 
3.013006e+04 1.262646e+01 
3.019952e+04 1.260089e+01 
3.026913e+04 1.257193e+01 
3.033891e+04 1.253963e+01 
3.040885e+04 1.250400e+01 
3.047895e+04 1.246508e+01 
3.054921e+04 1.242292e+01 
3.061963e+04 1.237756e+01 
3.069022e+04 1.232906e+01 
3.076097e+04 1.227748e+01 
3.083188e+04 1.222288e+01 
3.090295e+04 1.216535e+01 
3.097419e+04 1.210496e+01 
3.104560e+04 1.204178e+01 
3.111716e+04 1.197591e+01 
3.118890e+04 1.190743e+01 
3.126079e+04 1.183644e+01 
3.133286e+04 1.176302e+01 
3.140509e+04 1.168727e+01 
3.147748e+04 1.160929e+01 
3.155005e+04 1.152917e+01 
3.162278e+04 1.144701e+01 
3.169567e+04 1.136290e+01 
3.176874e+04 1.127696e+01 
3.184198e+04 1.118926e+01 
3.191538e+04 1.109990e+01 
3.198895e+04 1.100898e+01 
3.206269e+04 1.091659e+01 
3.213661e+04 1.082282e+01 
3.221069e+04 1.072775e+01 
3.228494e+04 1.063148e+01 
3.235937e+04 1.053408e+01 
3.243396e+04 1.043564e+01 
3.250873e+04 1.033623e+01 
3.258367e+04 1.023593e+01 
3.265878e+04 1.013482e+01 
3.273407e+04 1.003296e+01 
3.280953e+04 9.930422e+00 
3.288516e+04 9.827270e+00 
3.296097e+04 9.723566e+00 
3.303695e+04 9.619370e+00 
3.311311e+04 9.514738e+00 
3.318945e+04 9.409725e+00 
3.326596e+04 9.304383e+00 
3.334264e+04 9.198760e+00 
3.341950e+04 9.092903e+00 
3.349654e+04 8.986857e+00 
3.357376e+04 8.880663e+00 
3.365116e+04 8.774361e+00 
3.372873e+04 8.667989e+00 
3.380648e+04 8.561583e+00 
3.388442e+04 8.455174e+00 
3.396253e+04 8.348796e+00 
3.404082e+04 8.242478e+00 
3.411929e+04 8.136247e+00 
3.419794e+04 8.030130e+00 
3.427678e+04 7.924151e+00 
3.435579e+04 7.818333e+00 
3.443499e+04 7.712698e+00 
3.451437e+04 7.607266e+00 
3.459394e+04 7.502056e+00 
3.467369e+04 7.397084e+00 
3.475362e+04 7.292368e+00 
3.483373e+04 7.187921e+00 
3.491403e+04 7.083759e+00 
3.499452e+04 6.979895e+00 
3.507519e+04 6.876339e+00 
3.515604e+04 6.773103e+00 
3.523709e+04 6.670197e+00 
3.531832e+04 6.567631e+00 
3.539973e+04 6.465413e+00 
3.548134e+04 6.363550e+00 
3.556313e+04 6.262050e+00 
3.564511e+04 6.160920e+00 
3.572728e+04 6.060164e+00 
3.580964e+04 5.959788e+00 
3.589219e+04 5.859796e+00 
3.597493e+04 5.760193e+00 
3.605786e+04 5.660983e+00 
3.614099e+04 5.562167e+00 
3.622430e+04 5.463750e+00 
3.630781e+04 5.365733e+00 
3.639150e+04 5.268119e+00 
3.647539e+04 5.170908e+00 
3.655948e+04 5.074102e+00 
3.664376e+04 4.977702e+00 
3.672823e+04 4.881708e+00 
3.681290e+04 4.786121e+00 
3.689776e+04 4.690941e+00 
3.698282e+04 4.596167e+00 
3.706807e+04 4.501800e+00 
3.715352e+04 4.407838e+00 
3.723917e+04 4.314281e+00 
3.732502e+04 4.221128e+00 
3.741106e+04 4.128377e+00 
3.749730e+04 4.036027e+00 
3.758374e+04 3.944078e+00 
3.767038e+04 3.852526e+00 
3.775722e+04 3.761371e+00 
3.784426e+04 3.670611e+00 
3.793150e+04 3.580243e+00 
3.801894e+04 3.490266e+00 
3.810658e+04 3.400677e+00 
3.819443e+04 3.311474e+00 
3.828247e+04 3.222656e+00 
3.837072e+04 3.134218e+00 
3.845918e+04 3.046160e+00 
3.854784e+04 2.958479e+00 
3.863670e+04 2.871171e+00 
3.872576e+04 2.784236e+00 
3.881504e+04 2.697668e+00 
3.890451e+04 2.611467e+00 
3.899420e+04 2.525630e+00 
3.908409e+04 2.440153e+00 
3.917419e+04 2.355035e+00 
3.926449e+04 2.270271e+00 
3.935501e+04 2.185860e+00 
3.944573e+04 2.101798e+00 
3.953666e+04 2.018083e+00 
3.962780e+04 1.934712e+00 
3.971915e+04 1.851682e+00 
3.981072e+04 1.768991e+00 
3.990249e+04 1.686634e+00 
3.999447e+04 1.604611e+00 
4.008667e+04 1.522916e+00 
4.017908e+04 1.441549e+00 
4.027170e+04 1.360506e+00 
4.036454e+04 1.279784e+00 
4.045759e+04 1.199380e+00 
4.055085e+04 1.119291e+00 
4.064433e+04 1.039516e+00 
4.073803e+04 9.600498e-01 
4.083194e+04 8.808910e-01 
4.092607e+04 8.020367e-01 
4.102041e+04 7.234839e-01 
4.111497e+04 6.452299e-01 
4.120975e+04 5.672721e-01 
4.130475e+04 4.896076e-01 
4.139997e+04 4.122339e-01 
4.149540e+04 3.351482e-01 
4.159106e+04 2.583479e-01 
4.168694e+04 1.818304e-01 
4.178304e+04 1.055930e-01 
4.187936e+04 2.963315e-02 
4.197590e+04 -4.605173e-02 
4.207266e+04 -1.214642e-01 
4.216965e+04 -1.966068e-01 
4.226686e+04 -2.714820e-01 
4.236430e+04 -3.460923e-01 
4.246196e+04 -4.204402e-01 
4.255984e+04 -4.945282e-01 
4.265795e+04 -5.683586e-01 
4.275629e+04 -6.419339e-01 
4.285485e+04 -7.152564e-01 
4.295364e+04 -7.883285e-01 
4.305266e+04 -8.611526e-01 
4.315191e+04 -9.337309e-01 
4.325138e+04 -1.006066e+00 
4.335109e+04 -1.078159e+00 
4.345102e+04 -1.150014e+00 
4.355119e+04 -1.221632e+00 
4.365158e+04 -1.293016e+00 
4.375221e+04 -1.364167e+00 
4.385307e+04 -1.435088e+00 
4.395416e+04 -1.505781e+00 
4.405549e+04 -1.576248e+00 
4.415704e+04 -1.646491e+00 
4.425884e+04 -1.716513e+00 
4.436086e+04 -1.786315e+00 
4.446313e+04 -1.855899e+00 
4.456562e+04 -1.925268e+00 
4.466836e+04 -1.994422e+00 
4.477133e+04 -2.063366e+00 
4.487454e+04 -2.132099e+00 
4.497799e+04 -2.200625e+00 
4.508167e+04 -2.268944e+00 
4.518559e+04 -2.337060e+00 
4.528976e+04 -2.404973e+00 
4.539416e+04 -2.472687e+00 
4.549881e+04 -2.540201e+00 
4.560369e+04 -2.607519e+00 
4.570882e+04 -2.674642e+00 
4.581419e+04 -2.741572e+00 
4.591980e+04 -2.808311e+00 
4.602566e+04 -2.874859e+00 
4.613176e+04 -2.941220e+00 
4.623810e+04 -3.007395e+00 
4.634469e+04 -3.073385e+00 
4.645153e+04 -3.139192e+00 
4.655861e+04 -3.204818e+00 
4.666594e+04 -3.270264e+00 
4.677351e+04 -3.335532e+00 
4.688134e+04 -3.400624e+00 
4.698941e+04 -3.465540e+00 
4.709773e+04 -3.530284e+00 
4.720630e+04 -3.594855e+00 
4.731513e+04 -3.659256e+00 
4.742420e+04 -3.723489e+00 
4.753352e+04 -3.787554e+00 
4.764310e+04 -3.851453e+00 
4.775293e+04 -3.915187e+00 
4.786301e+04 -3.978759e+00 
4.797334e+04 -4.042169e+00 
4.808393e+04 -4.105420e+00 
4.819478e+04 -4.168511e+00 
4.830588e+04 -4.231445e+00 
4.841724e+04 -4.294223e+00 
4.852885e+04 -4.356846e+00 
4.864072e+04 -4.419316e+00 
4.875285e+04 -4.481634e+00 
4.886524e+04 -4.543801e+00 
4.897788e+04 -4.605819e+00 
4.909079e+04 -4.667689e+00 
4.920395e+04 -4.729411e+00 
4.931738e+04 -4.790989e+00 
4.943107e+04 -4.852421e+00 
4.954502e+04 -4.913711e+00 
4.965923e+04 -4.974859e+00 
4.977371e+04 -5.035865e+00 
4.988845e+04 -5.096733e+00 
5.000345e+04 -5.157462e+00 
5.011872e+04 -5.218053e+00 
5.023426e+04 -5.278509e+00 
5.035006e+04 -5.338829e+00 
5.046613e+04 -5.399016e+00 
5.058247e+04 -5.459070e+00 
5.069907e+04 -5.518992e+00 
5.081594e+04 -5.578784e+00 
5.093309e+04 -5.638446e+00 
5.105050e+04 -5.697980e+00 
5.116818e+04 -5.757387e+00 
5.128614e+04 -5.816667e+00 
5.140437e+04 -5.875822e+00 
5.152286e+04 -5.934853e+00 
5.164164e+04 -5.993761e+00 
5.176068e+04 -6.052546e+00 
5.188000e+04 -6.111210e+00 
5.199960e+04 -6.169754e+00 
5.211947e+04 -6.228178e+00 
5.223962e+04 -6.286484e+00 
5.236004e+04 -6.344673e+00 
5.248075e+04 -6.402745e+00 
5.260173e+04 -6.460702e+00 
5.272299e+04 -6.518544e+00 
5.284453e+04 -6.576273e+00 
5.296634e+04 -6.633889e+00 
5.308844e+04 -6.691392e+00 
5.321083e+04 -6.748785e+00 
5.333349e+04 -6.806068e+00 
5.345644e+04 -6.863242e+00 
5.357967e+04 -6.920307e+00 
5.370318e+04 -6.977264e+00 
5.382698e+04 -7.034115e+00 
5.395106e+04 -7.090860e+00 
5.407543e+04 -7.147500e+00 
5.420009e+04 -7.204036e+00 
5.432503e+04 -7.260469e+00 
5.445027e+04 -7.316798e+00 
5.457579e+04 -7.373026e+00 
5.470160e+04 -7.429153e+00 
5.482770e+04 -7.485180e+00 
5.495409e+04 -7.541107e+00 
5.508077e+04 -7.596935e+00 
5.520774e+04 -7.652666e+00 
5.533501e+04 -7.708299e+00 
5.546257e+04 -7.763836e+00 
5.559043e+04 -7.819277e+00 
5.571857e+04 -7.874623e+00 
5.584702e+04 -7.929875e+00 
5.597576e+04 -7.985033e+00 
5.610480e+04 -8.040098e+00 
5.623413e+04 -8.095071e+00 
5.636377e+04 -8.149953e+00 
5.649370e+04 -8.204744e+00 
5.662393e+04 -8.259445e+00 
5.675446e+04 -8.314056e+00 
5.688529e+04 -8.368578e+00 
5.701643e+04 -8.423013e+00 
5.714786e+04 -8.477360e+00 
5.727960e+04 -8.531620e+00 
5.741165e+04 -8.585793e+00 
5.754399e+04 -8.639882e+00 
5.767665e+04 -8.693885e+00 
5.780960e+04 -8.747804e+00 
5.794287e+04 -8.801640e+00 
5.807644e+04 -8.855392e+00 
5.821032e+04 -8.909062e+00 
5.834451e+04 -8.962650e+00 
5.847901e+04 -9.016157e+00 
5.861382e+04 -9.069583e+00 
5.874894e+04 -9.122929e+00 
5.888437e+04 -9.176196e+00 
5.902011e+04 -9.229383e+00 
5.915616e+04 -9.282493e+00 
5.929253e+04 -9.335524e+00 
5.942922e+04 -9.388478e+00 
5.956621e+04 -9.441356e+00 
5.970353e+04 -9.494157e+00 
5.984116e+04 -9.546883e+00 
5.997911e+04 -9.599534e+00 
6.011737e+04 -9.652110e+00 
6.025596e+04 -9.704613e+00 
6.039486e+04 -9.757041e+00 
6.053409e+04 -9.809397e+00 
6.067363e+04 -9.861681e+00 
6.081350e+04 -9.913892e+00 
6.095369e+04 -9.966032e+00 
6.109420e+04 -1.001810e+01 
6.123504e+04 -1.007010e+01 
6.137620e+04 -1.012203e+01 
6.151769e+04 -1.017389e+01 
6.165950e+04 -1.022568e+01 
6.180164e+04 -1.027740e+01 
6.194411e+04 -1.032905e+01 
6.208690e+04 -1.038064e+01 
6.223003e+04 -1.043216e+01 
6.237348e+04 -1.048361e+01 
6.251727e+04 -1.053500e+01 
6.266139e+04 -1.058632e+01 
6.280584e+04 -1.063758e+01 
6.295062e+04 -1.068877e+01 
6.309573e+04 -1.073989e+01 
6.324119e+04 -1.079096e+01 
6.338697e+04 -1.084196e+01 
6.353309e+04 -1.089289e+01 
6.367955e+04 -1.094377e+01 
6.382635e+04 -1.099458e+01 
6.397348e+04 -1.104533e+01 
6.412096e+04 -1.109601e+01 
6.426877e+04 -1.114664e+01 
6.441693e+04 -1.119721e+01 
6.456542e+04 -1.124772e+01 
6.471426e+04 -1.129816e+01 
6.486344e+04 -1.134855e+01 
6.501297e+04 -1.139888e+01 
6.516284e+04 -1.144915e+01 
6.531306e+04 -1.149936e+01 
6.546362e+04 -1.154952e+01 
6.561453e+04 -1.159961e+01 
6.576578e+04 -1.164965e+01 
6.591739e+04 -1.169964e+01 
6.606934e+04 -1.174957e+01 
6.622165e+04 -1.179944e+01 
6.637431e+04 -1.184925e+01 
6.652732e+04 -1.189901e+01 
6.668068e+04 -1.194872e+01 
6.683439e+04 -1.199837e+01 
6.698846e+04 -1.204797e+01 
6.714289e+04 -1.209751e+01 
6.729767e+04 -1.214700e+01 
6.745280e+04 -1.219644e+01 
6.760830e+04 -1.224583e+01 
6.776415e+04 -1.229516e+01 
6.792036e+04 -1.234444e+01 
6.807694e+04 -1.239367e+01 
6.823387e+04 -1.244285e+01 
6.839116e+04 -1.249198e+01 
6.854882e+04 -1.254105e+01 
6.870684e+04 -1.259008e+01 
6.886523e+04 -1.263906e+01 
6.902398e+04 -1.268798e+01 
6.918310e+04 -1.273686e+01 
6.934258e+04 -1.278569e+01 
6.950243e+04 -1.283447e+01 
6.966265e+04 -1.288320e+01 
6.982324e+04 -1.293188e+01 
6.998420e+04 -1.298052e+01 
7.014553e+04 -1.302911e+01 
7.030723e+04 -1.307765e+01 
7.046931e+04 -1.312614e+01 
7.063176e+04 -1.317459e+01 
7.079458e+04 -1.322299e+01 
7.095778e+04 -1.327134e+01 
7.112135e+04 -1.331965e+01 
7.128530e+04 -1.336792e+01 
7.144963e+04 -1.341614e+01 
7.161434e+04 -1.346431e+01 
7.177943e+04 -1.351244e+01 
7.194490e+04 -1.356053e+01 
7.211075e+04 -1.360857e+01 
7.227698e+04 -1.365656e+01 
7.244360e+04 -1.370452e+01 
7.261060e+04 -1.375243e+01 
7.277798e+04 -1.380030e+01 
7.294575e+04 -1.384812e+01 
7.311391e+04 -1.389591e+01 
7.328245e+04 -1.394365e+01 
7.345139e+04 -1.399135e+01 
7.362071e+04 -1.403900e+01 
7.379042e+04 -1.408662e+01 
7.396053e+04 -1.413419e+01 
7.413102e+04 -1.418173e+01 
7.430191e+04 -1.422922e+01 
7.447320e+04 -1.427668e+01 
7.464488e+04 -1.432409e+01 
7.481695e+04 -1.437146e+01 
7.498942e+04 -1.441880e+01 
7.516229e+04 -1.446609e+01 
7.533556e+04 -1.451335e+01 
7.550922e+04 -1.456056e+01 
7.568329e+04 -1.460774e+01 
7.585776e+04 -1.465488e+01 
7.603263e+04 -1.470198e+01 
7.620790e+04 -1.474905e+01 
7.638358e+04 -1.479607e+01 
7.655966e+04 -1.484306e+01 
7.673615e+04 -1.489001e+01 
7.691304e+04 -1.493693e+01 
7.709035e+04 -1.498380e+01 
7.726806e+04 -1.503064e+01 
7.744618e+04 -1.507745e+01 
7.762471e+04 -1.512422e+01 
7.780366e+04 -1.517095e+01 
7.798301e+04 -1.521765e+01 
7.816278e+04 -1.526431e+01 
7.834296e+04 -1.531093e+01 
7.852356e+04 -1.535752e+01 
7.870458e+04 -1.540408e+01 
7.888601e+04 -1.545060e+01 
7.906786e+04 -1.549709e+01 
7.925013e+04 -1.554354e+01 
7.943282e+04 -1.558996e+01 
7.961594e+04 -1.563634e+01 
7.979947e+04 -1.568269e+01 
7.998343e+04 -1.572901e+01 
8.016781e+04 -1.577530e+01 
8.035261e+04 -1.582155e+01 
8.053784e+04 -1.586777e+01 
8.072350e+04 -1.591395e+01 
8.090959e+04 -1.596011e+01 
8.109611e+04 -1.600623e+01 
8.128305e+04 -1.605232e+01 
8.147043e+04 -1.609837e+01 
8.165824e+04 -1.614440e+01 
8.184648e+04 -1.619039e+01 
8.203515e+04 -1.623636e+01 
8.222426e+04 -1.628229e+01 
8.241381e+04 -1.632819e+01 
8.260379e+04 -1.637406e+01 
8.279422e+04 -1.641990e+01 
8.298508e+04 -1.646571e+01 
8.317638e+04 -1.651148e+01 
8.336812e+04 -1.655723e+01 
8.356030e+04 -1.660295e+01 
8.375293e+04 -1.664864e+01 
8.394600e+04 -1.669430e+01 
8.413951e+04 -1.673993e+01 
8.433348e+04 -1.678553e+01 
8.452788e+04 -1.683110e+01 
8.472274e+04 -1.687664e+01 
8.491805e+04 -1.692216e+01 
8.511380e+04 -1.696764e+01 
8.531001e+04 -1.701310e+01 
8.550667e+04 -1.705853e+01 
8.570378e+04 -1.710393e+01 
8.590135e+04 -1.714930e+01 
8.609938e+04 -1.719465e+01 
8.629785e+04 -1.723997e+01 
8.649679e+04 -1.728526e+01 
8.669619e+04 -1.733052e+01 
8.689604e+04 -1.737575e+01 
8.709636e+04 -1.742096e+01 
8.729714e+04 -1.746614e+01 
8.749838e+04 -1.751130e+01 
8.770008e+04 -1.755643e+01 
8.790225e+04 -1.760153e+01 
8.810489e+04 -1.764661e+01 
8.830799e+04 -1.769166e+01 
8.851156e+04 -1.773668e+01 
8.871560e+04 -1.778168e+01 
8.892011e+04 -1.782665e+01 
8.912509e+04 -1.787160e+01 
8.933055e+04 -1.791652e+01 
8.953648e+04 -1.796142e+01 
8.974288e+04 -1.800629e+01 
8.994976e+04 -1.805114e+01 
9.015711e+04 -1.809596e+01 
9.036495e+04 -1.814076e+01 
9.057326e+04 -1.818553e+01 
9.078205e+04 -1.823028e+01 
9.099133e+04 -1.827501e+01 
9.120108e+04 -1.831971e+01 
9.141132e+04 -1.836438e+01 
9.162205e+04 -1.840904e+01 
9.183326e+04 -1.845366e+01 
9.204496e+04 -1.849827e+01 
9.225714e+04 -1.854285e+01 
9.246982e+04 -1.858741e+01 
9.268298e+04 -1.863195e+01 
9.289664e+04 -1.867646e+01 
9.311079e+04 -1.872095e+01 
9.332543e+04 -1.876542e+01 
9.354057e+04 -1.880986e+01 
9.375620e+04 -1.885428e+01 
9.397233e+04 -1.889868e+01 
9.418896e+04 -1.894306e+01 
9.440609e+04 -1.898741e+01 
9.462372e+04 -1.903175e+01 
9.484185e+04 -1.907606e+01 
9.506048e+04 -1.912035e+01 
9.527962e+04 -1.916462e+01 
9.549926e+04 -1.920886e+01 
9.571941e+04 -1.925309e+01 
9.594006e+04 -1.929729e+01 
9.616123e+04 -1.934147e+01 
9.638290e+04 -1.938563e+01 
9.660509e+04 -1.942977e+01 
9.682779e+04 -1.947389e+01 
9.705100e+04 -1.951799e+01 
9.727472e+04 -1.956207e+01 
9.749896e+04 -1.960613e+01 
9.772372e+04 -1.965016e+01 
9.794900e+04 -1.969418e+01 
9.817479e+04 -1.973818e+01 
9.840111e+04 -1.978215e+01 
9.862795e+04 -1.982611e+01 
9.885531e+04 -1.987005e+01 
9.908319e+04 -1.991396e+01 
9.931160e+04 -1.995786e+01 
9.954054e+04 -2.000174e+01 
9.977001e+04 -2.004560e+01 
1.000000e+05 -2.008944e+01 
